schema_version,row_scope,experiment_id,machine_id,architecture,source_commit,source_dirty,dataset_manifest_sha256,randomization_seed,measurement_method,measurement_tool_sha256,split,raw_jsonl_sha256,run_metadata_sha256,ablation_catalog_sha256,profile,threads,dataset_id,input_path,input_sha256,original_bytes,baseline_codec,baseline_codec_config,baseline_config_sha256,baseline_runtime_profile_sha256,baseline_executable_sha256,ablated_codec,ablated_codec_config,ablated_config_sha256,ablated_runtime_profile_sha256,ablated_executable_sha256,ablation_id,disabled_algorithms,delta_direction,expected_repetitions,expected_trial_pairs,baseline_rows,ablated_rows,baseline_successes,ablated_successes,paired_repetitions,paired_successes,missing_baseline_repetitions,missing_ablated_repetitions,failed_pairs,timeout_pairs,unavailable_pairs,schedule_mismatch_pairs,baseline_status,ablated_status,pairing_status,roundtrip_status,determinism_status,protocol_status,confidence_status,ci_method,bootstrap_replicates,bootstrap_seed,baseline_archive_bytes_mean,baseline_archive_bytes_median,ablated_archive_bytes_mean,ablated_archive_bytes_median,paired_archive_bytes_delta_mean,paired_archive_bytes_delta_median,paired_archive_bytes_delta_ci95_low,paired_archive_bytes_delta_ci95_high,paired_archive_bytes_delta_percent_mean,paired_archive_bytes_delta_percent_ci95_low,paired_archive_bytes_delta_percent_ci95_high,bootstrap_archive_bytes_delta_ci95_low,bootstrap_archive_bytes_delta_ci95_high,bootstrap_archive_bytes_delta_percent_ci95_low,bootstrap_archive_bytes_delta_percent_ci95_high,baseline_compression_wall_ns_mean,baseline_compression_wall_ns_median,ablated_compression_wall_ns_mean,ablated_compression_wall_ns_median,paired_compression_wall_ns_delta_mean,paired_compression_wall_ns_delta_median,paired_compression_wall_ns_delta_ci95_low,paired_compression_wall_ns_delta_ci95_high,paired_compression_wall_ns_delta_percent_mean,paired_compression_wall_ns_delta_percent_ci95_low,paired_compression_wall_ns_delta_percent_ci95_high,bootstrap_compression_wall_ns_delta_ci95_low,bootstrap_compression_wall_ns_delta_ci95_high,bootstrap_compression_wall_ns_delta_percent_ci95_low,bootstrap_compression_wall_ns_delta_percent_ci95_high,baseline_decompression_wall_ns_mean,baseline_decompression_wall_ns_median,ablated_decompression_wall_ns_mean,ablated_decompression_wall_ns_median,paired_decompression_wall_ns_delta_mean,paired_decompression_wall_ns_delta_median,paired_decompression_wall_ns_delta_ci95_low,paired_decompression_wall_ns_delta_ci95_high,paired_decompression_wall_ns_delta_percent_mean,paired_decompression_wall_ns_delta_percent_ci95_low,paired_decompression_wall_ns_delta_percent_ci95_high,bootstrap_decompression_wall_ns_delta_ci95_low,bootstrap_decompression_wall_ns_delta_ci95_high,bootstrap_decompression_wall_ns_delta_percent_ci95_low,bootstrap_decompression_wall_ns_delta_percent_ci95_high,baseline_peak_rss_bytes_mean,baseline_peak_rss_bytes_median,ablated_peak_rss_bytes_mean,ablated_peak_rss_bytes_median,paired_peak_rss_bytes_delta_mean,paired_peak_rss_bytes_delta_median,paired_peak_rss_bytes_delta_ci95_low,paired_peak_rss_bytes_delta_ci95_high,paired_peak_rss_bytes_delta_percent_mean,paired_peak_rss_bytes_delta_percent_ci95_low,paired_peak_rss_bytes_delta_percent_ci95_high,bootstrap_peak_rss_bytes_delta_ci95_low,bootstrap_peak_rss_bytes_delta_ci95_high,bootstrap_peak_rss_bytes_delta_percent_ci95_low,bootstrap_peak_rss_bytes_delta_percent_ci95_high,decision_status,decision_evidence,failure_reasons
1,file,development-pilot-v2-retry,local-x86-64,x86_64,36f84685dc00064dae9a239face7e8eff797ed28,true,b1d7dba75560d44d8e234e4205e09487f93678fb8688cac6a0905486c969c2ca,1297748005,gnu-time-v1-monotonic-wall,3b11dec50514a8473e9f6efa7a34d584d0657538c09988f61b72d38ad4991a10,development,158c6bafe466a94d0f90df39b2b3038ade08238b91d61c7acf380d4fac516594,2a5428b45f9141d72b19a597f37239f8f149806b4ec11f52bee488ddf0d58164,0d41232c5473b8547fa86a26819eba1bc47444258e67e79fd612a6c85ddbfb0f,balanced,1,dev-canterbury-alice29-txt,datasets/data/canterbury/alice29.txt,7467306ee0feed4971260f3c87421154a05be571d944e9cb021a5713700c38f0,152089,mathsvg,balanced-v1,b8b432a44db4d5e59ca81df6eaa329ee2a47590fff0448de7f7401ea9595e925,5126142db830f089d3116f9760bacc01c6c95aba6cc72fe2b1637d85e06e5b20,81128211b782e3a4331d1c5fcd6db21eecf78dc823faab718e7ebe3f2ceeeee8,mathsvg,balanced-ablation-no-coordinate-v1,fb91a9679f353dac71a4fd88cd05cce5491385745b3990bfa054c63ba3a8477f,d2662fb2a8c010ea44822817432921c862ef542f6bc5fb5a4c27168b7c66c607,81128211b782e3a4331d1c5fcd6db21eecf78dc823faab718e7ebe3f2ceeeee8,no-coordinate,coordinates,ablated_minus_enabled,10,10,10,10,10,10,10,10,0,0,0,0,0,0,ok,ok,complete,pass,pass,complete,confirmed,paired-repetition-student-t,,,80481,80481,80481,80481,0,0,0,0,0,0,0,,,,,1304970962.3,1300647564,1949189285,1934188383.5,644218322.70000005,648876642.5,614267893.41722083,674168751.98277926,49.45330305675872,46.398837045294869,52.507769068222572,,,,,66378933.299999997,66088585,66683864.200000003,66414881.5,304930.90000000002,-19365.5,-1135800.4281448685,1745662.2281448687,0.48689644320891706,-1.6885014836815968,2.6622943700994308,,,,,5783961.5999999996,5775360,11591270.4,11606016,5807308.7999999998,5812224,5760393.8174657309,5854223.7825342687,100.4079729908465,99.401416725042836,101.41452925665017,,,,,size-effect-inconclusive,"delta=ablated-minus-enabled; size_delta_bytes=0.0; compression_wall_ns_delta_percent=49.45330305675872; decompression_wall_ns_delta_percent=0.48689644320891706; peak_rss_bytes_delta_percent=100.4079729908465; conservative_size_ci95=[0.0,0.0]",
1,file,development-pilot-v2-retry,local-x86-64,x86_64,36f84685dc00064dae9a239face7e8eff797ed28,true,b1d7dba75560d44d8e234e4205e09487f93678fb8688cac6a0905486c969c2ca,1297748005,gnu-time-v1-monotonic-wall,3b11dec50514a8473e9f6efa7a34d584d0657538c09988f61b72d38ad4991a10,development,158c6bafe466a94d0f90df39b2b3038ade08238b91d61c7acf380d4fac516594,2a5428b45f9141d72b19a597f37239f8f149806b4ec11f52bee488ddf0d58164,0d41232c5473b8547fa86a26819eba1bc47444258e67e79fd612a6c85ddbfb0f,balanced,1,dev-canterbury-kennedy-xls,datasets/data/canterbury/kennedy.xls,9af47239ca29dfe20e633f80bbbb9a4cc9783d0803d7b2b5626f42e4c3790420,1029744,mathsvg,balanced-v1,b8b432a44db4d5e59ca81df6eaa329ee2a47590fff0448de7f7401ea9595e925,5126142db830f089d3116f9760bacc01c6c95aba6cc72fe2b1637d85e06e5b20,81128211b782e3a4331d1c5fcd6db21eecf78dc823faab718e7ebe3f2ceeeee8,mathsvg,balanced-ablation-no-coordinate-v1,fb91a9679f353dac71a4fd88cd05cce5491385745b3990bfa054c63ba3a8477f,d2662fb2a8c010ea44822817432921c862ef542f6bc5fb5a4c27168b7c66c607,81128211b782e3a4331d1c5fcd6db21eecf78dc823faab718e7ebe3f2ceeeee8,no-coordinate,coordinates,ablated_minus_enabled,10,10,10,10,10,10,10,10,0,0,0,0,0,0,ok,ok,complete,pass,pass,complete,confirmed,paired-repetition-student-t,,,261046,261046,261046,261046,0,0,0,0,0,0,0,,,,,1616444440.5999999,1601607190.5,1529398917.9000001,1522201773.5,-87045522.700000003,-99499826.5,-122154358.40837076,-51936686.991629243,-5.3443816449365755,-7.4469970983318676,-3.2417661915412834,,,,,167387245.69999999,166280275,166975430.5,166384700,-411815.20000000001,333772,-2814908.1129515041,1991277.7129515039,-0.22527896785683127,-1.6492311374642723,1.1986732017506099,,,,,18042880,18061312,18015436.800000001,17997824,-27443.200000000001,-43008,-95919.714767773359,41033.314767773365,-0.1517473795274,-0.53119329723819464,0.22769853818339461,,,,,size-effect-inconclusive,"delta=ablated-minus-enabled; size_delta_bytes=0.0; compression_wall_ns_delta_percent=-5.3443816449365755; decompression_wall_ns_delta_percent=-0.22527896785683127; peak_rss_bytes_delta_percent=-0.1517473795274; conservative_size_ci95=[0.0,0.0]",
1,file,development-pilot-v2-retry,local-x86-64,x86_64,36f84685dc00064dae9a239face7e8eff797ed28,true,b1d7dba75560d44d8e234e4205e09487f93678fb8688cac6a0905486c969c2ca,1297748005,gnu-time-v1-monotonic-wall,3b11dec50514a8473e9f6efa7a34d584d0657538c09988f61b72d38ad4991a10,development,158c6bafe466a94d0f90df39b2b3038ade08238b91d61c7acf380d4fac516594,2a5428b45f9141d72b19a597f37239f8f149806b4ec11f52bee488ddf0d58164,0d41232c5473b8547fa86a26819eba1bc47444258e67e79fd612a6c85ddbfb0f,balanced,1,dev-silesia-x-ray,datasets/data/silesia/x-ray,7de9fce1405dc44ae5e6813ed21cd5751e761bd4265655a005d39b9685d1c9ad,8474240,mathsvg,balanced-v1,b8b432a44db4d5e59ca81df6eaa329ee2a47590fff0448de7f7401ea9595e925,5126142db830f089d3116f9760bacc01c6c95aba6cc72fe2b1637d85e06e5b20,81128211b782e3a4331d1c5fcd6db21eecf78dc823faab718e7ebe3f2ceeeee8,mathsvg,balanced-ablation-no-coordinate-v1,fb91a9679f353dac71a4fd88cd05cce5491385745b3990bfa054c63ba3a8477f,d2662fb2a8c010ea44822817432921c862ef542f6bc5fb5a4c27168b7c66c607,81128211b782e3a4331d1c5fcd6db21eecf78dc823faab718e7ebe3f2ceeeee8,no-coordinate,coordinates,ablated_minus_enabled,10,10,10,10,10,10,10,10,0,0,0,0,0,0,ok,ok,complete,pass,pass,complete,confirmed,paired-repetition-student-t,,,6832574,6832574,6832574,6832574,0,0,0,0,0,0,0,,,,,17634302018.900002,17628043274,19298158922.799999,19292192163,1663856903.9000001,1676396433,1599134910.4083064,1728578897.3916938,9.4374616175479353,9.0434966900102527,9.831426545085618,,,,,1908853801.3,1903882167,1901439994.3,1877456809,-7413807,-8481719.5,-50532568.770108804,35704954.770108804,-0.34537525586051687,-2.5965551880179087,1.9058046762968748,,,,,22518579.199999999,22534144,23971430.399999999,23977984,1452851.2,1439744,1392551.7381617022,1513150.6618382977,6.4521730862285605,6.1789506806215559,6.725395491835565,,,,,size-effect-inconclusive,"delta=ablated-minus-enabled; size_delta_bytes=0.0; compression_wall_ns_delta_percent=9.437461617547935; decompression_wall_ns_delta_percent=-0.34537525586051687; peak_rss_bytes_delta_percent=6.4521730862285605; conservative_size_ci95=[0.0,0.0]",
1,file,development-pilot-v2-retry,local-x86-64,x86_64,36f84685dc00064dae9a239face7e8eff797ed28,true,b1d7dba75560d44d8e234e4205e09487f93678fb8688cac6a0905486c969c2ca,1297748005,gnu-time-v1-monotonic-wall,3b11dec50514a8473e9f6efa7a34d584d0657538c09988f61b72d38ad4991a10,development,158c6bafe466a94d0f90df39b2b3038ade08238b91d61c7acf380d4fac516594,2a5428b45f9141d72b19a597f37239f8f149806b4ec11f52bee488ddf0d58164,0d41232c5473b8547fa86a26819eba1bc47444258e67e79fd612a6c85ddbfb0f,balanced,1,dev-synthetic-constant-00,datasets/synthetic/constant_00/s0000065536_n000p000_seed1297748005.bin,de2f256064a0af797747c2b97505dc0b9f3df0de4f489eac731c23ae9ca9cc31,65536,mathsvg,balanced-v1,b8b432a44db4d5e59ca81df6eaa329ee2a47590fff0448de7f7401ea9595e925,5126142db830f089d3116f9760bacc01c6c95aba6cc72fe2b1637d85e06e5b20,81128211b782e3a4331d1c5fcd6db21eecf78dc823faab718e7ebe3f2ceeeee8,mathsvg,balanced-ablation-no-coordinate-v1,fb91a9679f353dac71a4fd88cd05cce5491385745b3990bfa054c63ba3a8477f,d2662fb2a8c010ea44822817432921c862ef542f6bc5fb5a4c27168b7c66c607,81128211b782e3a4331d1c5fcd6db21eecf78dc823faab718e7ebe3f2ceeeee8,no-coordinate,coordinates,ablated_minus_enabled,10,10,10,10,10,10,10,10,0,0,0,0,0,0,ok,ok,complete,pass,pass,complete,confirmed,paired-repetition-student-t,,,485,485,485,485,0,0,0,0,0,0,0,,,,,258013192.90000001,266991829.5,418287897.69999999,418569330,160274704.80000001,151719044.5,145202433.85819632,175346975.74180371,63.182330937029008,52.552986524945787,73.811675349112221,,,,,12031184,9361575,11754033.800000001,10105385,-277150.20000000001,-389295.5,-4273524.3451999882,3719223.9451999883,7.9755415245781576,-26.896133777877626,42.84721682703394,,,,,4471603.2000000002,4470784,10301030.4,10305536,5829427.2000000002,5816320,5772232.8631189754,5886621.5368810249,130.40931828995605,127.86912723893246,132.94950934097963,,,,,size-effect-inconclusive,"delta=ablated-minus-enabled; size_delta_bytes=0.0; compression_wall_ns_delta_percent=63.18233093702901; decompression_wall_ns_delta_percent=7.975541524578158; peak_rss_bytes_delta_percent=130.40931828995605; conservative_size_ci95=[0.0,0.0]",
1,file,development-pilot-v2-retry,local-x86-64,x86_64,36f84685dc00064dae9a239face7e8eff797ed28,true,b1d7dba75560d44d8e234e4205e09487f93678fb8688cac6a0905486c969c2ca,1297748005,gnu-time-v1-monotonic-wall,3b11dec50514a8473e9f6efa7a34d584d0657538c09988f61b72d38ad4991a10,development,158c6bafe466a94d0f90df39b2b3038ade08238b91d61c7acf380d4fac516594,2a5428b45f9141d72b19a597f37239f8f149806b4ec11f52bee488ddf0d58164,0d41232c5473b8547fa86a26819eba1bc47444258e67e79fd612a6c85ddbfb0f,balanced,1,dev-synthetic-lfsr8,datasets/synthetic/lfsr8/s0000065536_n000p000_seed1297748005.bin,c22f599374ecb687cb2737130592553d274b26414a1c37bb1d36a02a3e7cdb64,65536,mathsvg,balanced-v1,b8b432a44db4d5e59ca81df6eaa329ee2a47590fff0448de7f7401ea9595e925,5126142db830f089d3116f9760bacc01c6c95aba6cc72fe2b1637d85e06e5b20,81128211b782e3a4331d1c5fcd6db21eecf78dc823faab718e7ebe3f2ceeeee8,mathsvg,balanced-ablation-no-coordinate-v1,fb91a9679f353dac71a4fd88cd05cce5491385745b3990bfa054c63ba3a8477f,d2662fb2a8c010ea44822817432921c862ef542f6bc5fb5a4c27168b7c66c607,81128211b782e3a4331d1c5fcd6db21eecf78dc823faab718e7ebe3f2ceeeee8,no-coordinate,coordinates,ablated_minus_enabled,10,10,10,10,10,10,10,10,0,0,0,0,0,0,ok,ok,complete,pass,pass,complete,confirmed,paired-repetition-student-t,,,753,753,753,753,0,0,0,0,0,0,0,,,,,282510682.80000001,268182213.5,273091167.60000002,267481264.5,-9419515.1999999993,-748313.5,-32760171.274280842,13921140.874280844,-2.651108510358315,-10.540553438544112,5.2383364178274832,,,,,10330201.699999999,9043913,9476059.8000000007,9010276.5,-854141.90000000002,-71509,-2913239.8227162878,1204956.022716288,-4.3025108061227488,-18.726969693405152,10.121948081159656,,,,,4615372.7999999998,4620288,8389427.1999999993,8398848,3774054.3999999999,3788800,3700706.7429333255,3847402.0570666743,81.798557500493729,79.638145496175824,83.958969504811634,,,,,size-effect-inconclusive,"delta=ablated-minus-enabled; size_delta_bytes=0.0; compression_wall_ns_delta_percent=-2.651108510358315; decompression_wall_ns_delta_percent=-4.302510806122749; peak_rss_bytes_delta_percent=81.79855750049373; conservative_size_ci95=[0.0,0.0]",
1,file,development-pilot-v2-retry,local-x86-64,x86_64,36f84685dc00064dae9a239face7e8eff797ed28,true,b1d7dba75560d44d8e234e4205e09487f93678fb8688cac6a0905486c969c2ca,1297748005,gnu-time-v1-monotonic-wall,3b11dec50514a8473e9f6efa7a34d584d0657538c09988f61b72d38ad4991a10,development,158c6bafe466a94d0f90df39b2b3038ade08238b91d61c7acf380d4fac516594,2a5428b45f9141d72b19a597f37239f8f149806b4ec11f52bee488ddf0d58164,0d41232c5473b8547fa86a26819eba1bc47444258e67e79fd612a6c85ddbfb0f,balanced,1,dev-synthetic-linear,datasets/synthetic/linear/s0000065536_n000p000_seed1297748005.bin,35171a3b38d84c658143e78203683076d07beca32140221055c899b2dcf1cbc5,65536,mathsvg,balanced-v1,b8b432a44db4d5e59ca81df6eaa329ee2a47590fff0448de7f7401ea9595e925,5126142db830f089d3116f9760bacc01c6c95aba6cc72fe2b1637d85e06e5b20,81128211b782e3a4331d1c5fcd6db21eecf78dc823faab718e7ebe3f2ceeeee8,mathsvg,balanced-ablation-no-coordinate-v1,fb91a9679f353dac71a4fd88cd05cce5491385745b3990bfa054c63ba3a8477f,d2662fb2a8c010ea44822817432921c862ef542f6bc5fb5a4c27168b7c66c607,81128211b782e3a4331d1c5fcd6db21eecf78dc823faab718e7ebe3f2ceeeee8,no-coordinate,coordinates,ablated_minus_enabled,10,10,10,10,10,10,10,10,0,0,0,0,0,0,ok,ok,complete,pass,pass,complete,confirmed,paired-repetition-student-t,,,489,489,489,489,0,0,0,0,0,0,0,,,,,268016374.90000001,268000066.5,367428976.10000002,367167196,99412601.200000003,99094517.5,97786311.499623209,101038890.9003768,37.096169388865604,36.370140212533947,37.822198565197262,,,,,16754805.300000001,17129231,15540128.6,17092675,-1214676.7,117479.5,-3676216.6107695764,1246863.2107695763,-5.9310583335285205,-20.026429068970334,8.1643124019132927,,,,,4469555.2000000002,4487168,9458073.5999999996,9465856,4988518.4000000004,4980736,4918208.3011346431,5058828.4988653576,111.65450629191609,109.05302645298686,114.25598613084533,,,,,size-effect-inconclusive,"delta=ablated-minus-enabled; size_delta_bytes=0.0; compression_wall_ns_delta_percent=37.096169388865604; decompression_wall_ns_delta_percent=-5.9310583335285205; peak_rss_bytes_delta_percent=111.65450629191609; conservative_size_ci95=[0.0,0.0]",
1,file,development-pilot-v2-retry,local-x86-64,x86_64,36f84685dc00064dae9a239face7e8eff797ed28,true,b1d7dba75560d44d8e234e4205e09487f93678fb8688cac6a0905486c969c2ca,1297748005,gnu-time-v1-monotonic-wall,3b11dec50514a8473e9f6efa7a34d584d0657538c09988f61b72d38ad4991a10,development,158c6bafe466a94d0f90df39b2b3038ade08238b91d61c7acf380d4fac516594,2a5428b45f9141d72b19a597f37239f8f149806b4ec11f52bee488ddf0d58164,0d41232c5473b8547fa86a26819eba1bc47444258e67e79fd612a6c85ddbfb0f,balanced,1,dev-synthetic-periodic,datasets/synthetic/periodic/s0000065536_n000p000_seed1297748005.bin,742efc49d53b0f51b7a9cdc8afdf6fb69b22e359571f016274fae0b527f1d1c8,65536,mathsvg,balanced-v1,b8b432a44db4d5e59ca81df6eaa329ee2a47590fff0448de7f7401ea9595e925,5126142db830f089d3116f9760bacc01c6c95aba6cc72fe2b1637d85e06e5b20,81128211b782e3a4331d1c5fcd6db21eecf78dc823faab718e7ebe3f2ceeeee8,mathsvg,balanced-ablation-no-coordinate-v1,fb91a9679f353dac71a4fd88cd05cce5491385745b3990bfa054c63ba3a8477f,d2662fb2a8c010ea44822817432921c862ef542f6bc5fb5a4c27168b7c66c607,81128211b782e3a4331d1c5fcd6db21eecf78dc823faab718e7ebe3f2ceeeee8,no-coordinate,coordinates,ablated_minus_enabled,10,10,10,10,10,10,10,10,0,0,0,0,0,0,ok,ok,complete,pass,pass,complete,confirmed,paired-repetition-student-t,,,500,500,500,500,0,0,0,0,0,0,0,,,,,267393868.5,266674175.5,267580734.80000001,266965613.5,186866.29999999999,191467.5,-1227693.8964624065,1601426.4964624066,0.073113022304769099,-0.45262351988071736,0.59884956449025561,,,,,11868211.300000001,10577975,12725162.6,10396297.5,856951.30000000005,155281,-1361474.059877306,3075376.6598773059,8.8002782349524633,-13.997368854350436,31.597925324255364,,,,,4554342.4000000004,4534272,9164390.4000000004,9179136,4610048,4628480,4547554.9484962951,4672541.0515037049,101.26425565934832,98.956850271607877,103.57166104708877,,,,,size-effect-inconclusive,"delta=ablated-minus-enabled; size_delta_bytes=0.0; compression_wall_ns_delta_percent=0.0731130223047691; decompression_wall_ns_delta_percent=8.800278234952463; peak_rss_bytes_delta_percent=101.26425565934832; conservative_size_ci95=[0.0,0.0]",
1,file,development-pilot-v2-retry,local-x86-64,x86_64,36f84685dc00064dae9a239face7e8eff797ed28,true,b1d7dba75560d44d8e234e4205e09487f93678fb8688cac6a0905486c969c2ca,1297748005,gnu-time-v1-monotonic-wall,3b11dec50514a8473e9f6efa7a34d584d0657538c09988f61b72d38ad4991a10,development,158c6bafe466a94d0f90df39b2b3038ade08238b91d61c7acf380d4fac516594,2a5428b45f9141d72b19a597f37239f8f149806b4ec11f52bee488ddf0d58164,0d41232c5473b8547fa86a26819eba1bc47444258e67e79fd612a6c85ddbfb0f,balanced,1,dev-synthetic-piecewise-mixed,datasets/synthetic/piecewise_mixed/s0000065536_n000p000_seed1297748005.bin,38b3dc136b580000e98f02e075e2afc2aaa55e824df172b419522b9d70abe9ea,65536,mathsvg,balanced-v1,b8b432a44db4d5e59ca81df6eaa329ee2a47590fff0448de7f7401ea9595e925,5126142db830f089d3116f9760bacc01c6c95aba6cc72fe2b1637d85e06e5b20,81128211b782e3a4331d1c5fcd6db21eecf78dc823faab718e7ebe3f2ceeeee8,mathsvg,balanced-ablation-no-coordinate-v1,fb91a9679f353dac71a4fd88cd05cce5491385745b3990bfa054c63ba3a8477f,d2662fb2a8c010ea44822817432921c862ef542f6bc5fb5a4c27168b7c66c607,81128211b782e3a4331d1c5fcd6db21eecf78dc823faab718e7ebe3f2ceeeee8,no-coordinate,coordinates,ablated_minus_enabled,10,10,10,10,10,10,10,10,0,0,0,0,0,0,ok,ok,complete,pass,pass,complete,confirmed,paired-repetition-student-t,,,13203,13203,13203,13203,0,0,0,0,0,0,0,,,,,302817531,316845838,339405372.80000001,320973230.5,36587841.799999997,49170246.5,12426213.321476761,60749470.278523237,12.750236500959563,3.9444940275958924,21.555978974323232,,,,,10621950.5,9468387,11464622.199999999,10082219.5,842671.69999999995,-2989,-2439658.8341295384,4125002.2341295378,12.002860777581748,-17.283952960952767,41.289674516116264,,,,,4589977.5999999996,4610048,9851699.1999999993,9848832,5261721.5999999996,5234688,5186613.5234155711,5336829.6765844282,114.68718265548998,111.87553527602095,117.498830034959,,,,,size-effect-inconclusive,"delta=ablated-minus-enabled; size_delta_bytes=0.0; compression_wall_ns_delta_percent=12.750236500959563; decompression_wall_ns_delta_percent=12.002860777581748; peak_rss_bytes_delta_percent=114.68718265548998; conservative_size_ci95=[0.0,0.0]",
1,file,development-pilot-v2-retry,local-x86-64,x86_64,36f84685dc00064dae9a239face7e8eff797ed28,true,b1d7dba75560d44d8e234e4205e09487f93678fb8688cac6a0905486c969c2ca,1297748005,gnu-time-v1-monotonic-wall,3b11dec50514a8473e9f6efa7a34d584d0657538c09988f61b72d38ad4991a10,development,158c6bafe466a94d0f90df39b2b3038ade08238b91d61c7acf380d4fac516594,2a5428b45f9141d72b19a597f37239f8f149806b4ec11f52bee488ddf0d58164,0d41232c5473b8547fa86a26819eba1bc47444258e67e79fd612a6c85ddbfb0f,balanced,1,dev-synthetic-polynomial-d2,datasets/synthetic/polynomial_d2/s0000065536_n000p000_seed1297748005.bin,84d3c13eee3f79467573fc92d68af063eeeb786852df80299fe4c5e51659f4e3,65536,mathsvg,balanced-v1,b8b432a44db4d5e59ca81df6eaa329ee2a47590fff0448de7f7401ea9595e925,5126142db830f089d3116f9760bacc01c6c95aba6cc72fe2b1637d85e06e5b20,81128211b782e3a4331d1c5fcd6db21eecf78dc823faab718e7ebe3f2ceeeee8,mathsvg,balanced-ablation-no-coordinate-v1,fb91a9679f353dac71a4fd88cd05cce5491385745b3990bfa054c63ba3a8477f,d2662fb2a8c010ea44822817432921c862ef542f6bc5fb5a4c27168b7c66c607,81128211b782e3a4331d1c5fcd6db21eecf78dc823faab718e7ebe3f2ceeeee8,no-coordinate,coordinates,ablated_minus_enabled,10,10,10,10,10,10,10,10,0,0,0,0,0,0,ok,ok,complete,pass,pass,complete,confirmed,paired-repetition-student-t,,,754,754,754,754,0,0,0,0,0,0,0,,,,,217228641.80000001,216728931.5,272456769.5,267603674.5,55228127.700000003,50917435.5,44608288.452479832,65847966.947520174,25.40481647854083,20.629113747736028,30.180519209345633,,,,,11406146.9,9547195,11351921,9055251,-54225.900000000001,-76556,-4042962.303554439,3934510.5035544392,5.3039026182611959,-26.322606432000711,36.930411668523107,,,,,4572774.4000000004,4585472,8359116.7999999998,8349696,3786342.3999999999,3799040,3735478.6750970781,3837206.1249029217,82.824939130060699,81.117604567063978,84.532273693057419,,,,,size-effect-inconclusive,"delta=ablated-minus-enabled; size_delta_bytes=0.0; compression_wall_ns_delta_percent=25.40481647854083; decompression_wall_ns_delta_percent=5.303902618261196; peak_rss_bytes_delta_percent=82.8249391300607; conservative_size_ci95=[0.0,0.0]",
1,file,development-pilot-v2-retry,local-x86-64,x86_64,36f84685dc00064dae9a239face7e8eff797ed28,true,b1d7dba75560d44d8e234e4205e09487f93678fb8688cac6a0905486c969c2ca,1297748005,gnu-time-v1-monotonic-wall,3b11dec50514a8473e9f6efa7a34d584d0657538c09988f61b72d38ad4991a10,development,158c6bafe466a94d0f90df39b2b3038ade08238b91d61c7acf380d4fac516594,2a5428b45f9141d72b19a597f37239f8f149806b4ec11f52bee488ddf0d58164,0d41232c5473b8547fa86a26819eba1bc47444258e67e79fd612a6c85ddbfb0f,balanced,1,dev-synthetic-random,datasets/synthetic/random/s0000065536_n000p000_seed1297748005.bin,9e4d8d3305ce218314fdc3746942be9b9f0df4e3f1673227fcd510319189dbdc,65536,mathsvg,balanced-v1,b8b432a44db4d5e59ca81df6eaa329ee2a47590fff0448de7f7401ea9595e925,5126142db830f089d3116f9760bacc01c6c95aba6cc72fe2b1637d85e06e5b20,81128211b782e3a4331d1c5fcd6db21eecf78dc823faab718e7ebe3f2ceeeee8,mathsvg,balanced-ablation-no-coordinate-v1,fb91a9679f353dac71a4fd88cd05cce5491385745b3990bfa054c63ba3a8477f,d2662fb2a8c010ea44822817432921c862ef542f6bc5fb5a4c27168b7c66c607,81128211b782e3a4331d1c5fcd6db21eecf78dc823faab718e7ebe3f2ceeeee8,no-coordinate,coordinates,ablated_minus_enabled,10,10,10,10,10,10,10,10,0,0,0,0,0,0,ok,ok,complete,pass,pass,complete,confirmed,paired-repetition-student-t,,,66024,66024,66024,66024,0,0,0,0,0,0,0,,,,,272544056.10000002,267290775.5,268987659,268400455.5,-3556397.1000000001,1327962.5,-15966589.992777415,8853795.7927774154,-1.0172009732816956,-4.9491744393547883,2.9147724927913972,,,,,16762128,17082892,17564886.199999999,17050217,802758.19999999995,-29278,-767003.41581293591,2372519.8158129361,6.3610129056670299,-5.459284580360821,18.181310391694879,,,,,4611276.7999999998,4599808,7263436.7999999998,7262208,2652160,2635776,2603382.105732087,2700937.894267913,57.532649370340593,56.094580121002132,58.970718619679054,,,,,size-effect-inconclusive,"delta=ablated-minus-enabled; size_delta_bytes=0.0; compression_wall_ns_delta_percent=-1.0172009732816956; decompression_wall_ns_delta_percent=6.36101290566703; peak_rss_bytes_delta_percent=57.53264937034059; conservative_size_ci95=[0.0,0.0]",
1,file,development-pilot-v2-retry,local-x86-64,x86_64,36f84685dc00064dae9a239face7e8eff797ed28,true,b1d7dba75560d44d8e234e4205e09487f93678fb8688cac6a0905486c969c2ca,1297748005,gnu-time-v1-monotonic-wall,3b11dec50514a8473e9f6efa7a34d584d0657538c09988f61b72d38ad4991a10,development,158c6bafe466a94d0f90df39b2b3038ade08238b91d61c7acf380d4fac516594,2a5428b45f9141d72b19a597f37239f8f149806b4ec11f52bee488ddf0d58164,0d41232c5473b8547fa86a26819eba1bc47444258e67e79fd612a6c85ddbfb0f,balanced,1,dev-synthetic-recurrence,datasets/synthetic/recurrence/s0000065536_n000p000_seed1297748005.bin,8d5944aabf5526f28b79d4b3841ec21dbd86daac0caa96729fec8838039fdd69,65536,mathsvg,balanced-v1,b8b432a44db4d5e59ca81df6eaa329ee2a47590fff0448de7f7401ea9595e925,5126142db830f089d3116f9760bacc01c6c95aba6cc72fe2b1637d85e06e5b20,81128211b782e3a4331d1c5fcd6db21eecf78dc823faab718e7ebe3f2ceeeee8,mathsvg,balanced-ablation-no-coordinate-v1,fb91a9679f353dac71a4fd88cd05cce5491385745b3990bfa054c63ba3a8477f,d2662fb2a8c010ea44822817432921c862ef542f6bc5fb5a4c27168b7c66c607,81128211b782e3a4331d1c5fcd6db21eecf78dc823faab718e7ebe3f2ceeeee8,no-coordinate,coordinates,ablated_minus_enabled,10,10,10,10,10,10,10,10,0,0,0,0,0,0,ok,ok,complete,pass,pass,complete,confirmed,paired-repetition-student-t,,,882,882,882,882,0,0,0,0,0,0,0,,,,,216824886.5,216704290.5,292415529.39999998,292171241,75590642.900000006,75553991.5,56366496.511782862,94814789.288217157,34.887658507965305,25.965145763398095,43.810171252532513,,,,,11032413.5,9653599,12973115.5,11222525.5,1940702,819005,-1096170.1408836958,4977574.1408836953,22.577757661658914,-7.4180424130013627,52.573557736319188,,,,,4475699.2000000002,4472832,9827942.4000000004,9838592,5352243.2000000002,5380096,5299739.7636596225,5404746.6363403779,119.60573685063275,117.72289495771324,121.48857874355227,,,,,size-effect-inconclusive,"delta=ablated-minus-enabled; size_delta_bytes=0.0; compression_wall_ns_delta_percent=34.887658507965305; decompression_wall_ns_delta_percent=22.577757661658914; peak_rss_bytes_delta_percent=119.60573685063275; conservative_size_ci95=[0.0,0.0]",
1,corpus,development-pilot-v2-retry,local-x86-64,x86_64,36f84685dc00064dae9a239face7e8eff797ed28,true,b1d7dba75560d44d8e234e4205e09487f93678fb8688cac6a0905486c969c2ca,1297748005,gnu-time-v1-monotonic-wall,3b11dec50514a8473e9f6efa7a34d584d0657538c09988f61b72d38ad4991a10,development,158c6bafe466a94d0f90df39b2b3038ade08238b91d61c7acf380d4fac516594,2a5428b45f9141d72b19a597f37239f8f149806b4ec11f52bee488ddf0d58164,0d41232c5473b8547fa86a26819eba1bc47444258e67e79fd612a6c85ddbfb0f,balanced,1,__aggregate__,,,10180361,mathsvg,balanced-v1,b8b432a44db4d5e59ca81df6eaa329ee2a47590fff0448de7f7401ea9595e925,5126142db830f089d3116f9760bacc01c6c95aba6cc72fe2b1637d85e06e5b20,81128211b782e3a4331d1c5fcd6db21eecf78dc823faab718e7ebe3f2ceeeee8,mathsvg,balanced-ablation-no-coordinate-v1,fb91a9679f353dac71a4fd88cd05cce5491385745b3990bfa054c63ba3a8477f,d2662fb2a8c010ea44822817432921c862ef542f6bc5fb5a4c27168b7c66c607,81128211b782e3a4331d1c5fcd6db21eecf78dc823faab718e7ebe3f2ceeeee8,no-coordinate,coordinates,ablated_minus_enabled,10,110,110,110,110,110,10,10,0,0,0,0,0,0,ok,ok,complete,pass,pass,complete,confirmed,paired-repetition-student-t+deterministic-paired-file-bootstrap,10000,1297748005,7257191,7257191,7257191,7257191,0,0,0,0,0,0,0,0,0,0,0,22641066656.299999,22641215069,25276401232.599998,25264226867.5,2635334576.3000002,2617784955,2537078961.3254123,2733590191.2745881,11.640684033348943,11.190753245018524,12.090614821679363,229235859.61750004,6180757086.6249971,4.5542157720234728,36.591316544527047,2243427021.5,2235459731,2237949218.6999998,2230141116.5,-5477802.7999999998,-9041830,-42784288.235137597,31828682.635137599,-0.21631980012570184,-1.8759975604737247,1.443357960222321,-23172133.892500002,6663832.8074999973,-0.50282999216306723,3.3169413110652983,22518579.199999999,22534144,23971430.399999999,23977984,1452851.2,1439744,1392551.7381617022,1513150.6618382977,6.4521730862285605,6.1789506806215559,6.725395491835565,-27443.200000000001,5807308.7999999998,-0.1517473795274,120.78766582118851,size-effect-inconclusive,"delta=ablated-minus-enabled; size_delta_bytes=0.0; compression_wall_ns_delta_percent=11.640684033348943; decompression_wall_ns_delta_percent=-0.21631980012570184; peak_rss_bytes_delta_percent=6.4521730862285605; conservative_size_ci95=[0.0,0.0]",
1,file,development-pilot-v2-retry,local-x86-64,x86_64,36f84685dc00064dae9a239face7e8eff797ed28,true,b1d7dba75560d44d8e234e4205e09487f93678fb8688cac6a0905486c969c2ca,1297748005,gnu-time-v1-monotonic-wall,3b11dec50514a8473e9f6efa7a34d584d0657538c09988f61b72d38ad4991a10,development,158c6bafe466a94d0f90df39b2b3038ade08238b91d61c7acf380d4fac516594,2a5428b45f9141d72b19a597f37239f8f149806b4ec11f52bee488ddf0d58164,0d41232c5473b8547fa86a26819eba1bc47444258e67e79fd612a6c85ddbfb0f,balanced,1,dev-canterbury-alice29-txt,datasets/data/canterbury/alice29.txt,7467306ee0feed4971260f3c87421154a05be571d944e9cb021a5713700c38f0,152089,mathsvg,balanced-v1,b8b432a44db4d5e59ca81df6eaa329ee2a47590fff0448de7f7401ea9595e925,5126142db830f089d3116f9760bacc01c6c95aba6cc72fe2b1637d85e06e5b20,81128211b782e3a4331d1c5fcd6db21eecf78dc823faab718e7ebe3f2ceeeee8,mathsvg,balanced-ablation-no-whole-block-entropy-v1,55f2cfb2e4425a7153decbe4e16c321721a5b66dc23940f14275abf99abeb42a,2828282e483fc7f062bd1f08c6de1ff787c03d59446439bc447046a6d446377c,81128211b782e3a4331d1c5fcd6db21eecf78dc823faab718e7ebe3f2ceeeee8,no-whole-block-entropy,whole-block-entropy,ablated_minus_enabled,10,10,10,10,10,10,10,10,0,0,0,0,0,0,ok,ok,complete,pass,pass,complete,confirmed,paired-repetition-student-t,,,80481,80481,152577,152577,72096,72096,72096,72096,89.581391881313607,89.581391881313607,89.581391881313607,,,,,1304970962.3,1300647564,1207880137,1221946777.5,-97090825.299999997,-78259600,-136850604.06278062,-57331046.537219383,-7.3503589093087287,-10.22530793566203,-4.475409882955427,,,,,66378933.299999997,66088585,18304621.399999999,18272293.5,-48074311.899999999,-47794195.5,-49440427.342994601,-46708196.457005396,-72.409956803177153,-73.920577648267596,-70.899335958086709,,,,,5783961.5999999996,5775360,5918310.4000000004,5916672,134348.79999999999,137216,92233.387127495022,176464.21287250496,2.3266369875862329,1.5921293216523629,3.061144653520103,,,,,enabled-algorithm-size-benefit,"delta=ablated-minus-enabled; size_delta_bytes=72096.0; compression_wall_ns_delta_percent=-7.350358909308729; decompression_wall_ns_delta_percent=-72.40995680317715; peak_rss_bytes_delta_percent=2.326636987586233; conservative_size_ci95=[72096.0,72096.0]",
1,file,development-pilot-v2-retry,local-x86-64,x86_64,36f84685dc00064dae9a239face7e8eff797ed28,true,b1d7dba75560d44d8e234e4205e09487f93678fb8688cac6a0905486c969c2ca,1297748005,gnu-time-v1-monotonic-wall,3b11dec50514a8473e9f6efa7a34d584d0657538c09988f61b72d38ad4991a10,development,158c6bafe466a94d0f90df39b2b3038ade08238b91d61c7acf380d4fac516594,2a5428b45f9141d72b19a597f37239f8f149806b4ec11f52bee488ddf0d58164,0d41232c5473b8547fa86a26819eba1bc47444258e67e79fd612a6c85ddbfb0f,balanced,1,dev-canterbury-kennedy-xls,datasets/data/canterbury/kennedy.xls,9af47239ca29dfe20e633f80bbbb9a4cc9783d0803d7b2b5626f42e4c3790420,1029744,mathsvg,balanced-v1,b8b432a44db4d5e59ca81df6eaa329ee2a47590fff0448de7f7401ea9595e925,5126142db830f089d3116f9760bacc01c6c95aba6cc72fe2b1637d85e06e5b20,81128211b782e3a4331d1c5fcd6db21eecf78dc823faab718e7ebe3f2ceeeee8,mathsvg,balanced-ablation-no-whole-block-entropy-v1,55f2cfb2e4425a7153decbe4e16c321721a5b66dc23940f14275abf99abeb42a,2828282e483fc7f062bd1f08c6de1ff787c03d59446439bc447046a6d446377c,81128211b782e3a4331d1c5fcd6db21eecf78dc823faab718e7ebe3f2ceeeee8,no-whole-block-entropy,whole-block-entropy,ablated_minus_enabled,10,10,10,10,10,10,10,10,0,0,0,0,0,0,ok,ok,complete,pass,pass,complete,confirmed,paired-repetition-student-t,,,261046,261046,1030232,1030232,769186,769186,769186,769186,294.65534809956864,294.65534809956864,294.65534809956864,,,,,1616444440.5999999,1601607190.5,1502209469.0999999,1486911504,-114234971.5,-103893104,-162036545.82115406,-66433397.178845957,-6.9777241008717423,-9.7992573106266896,-4.1561908911167951,,,,,167387245.69999999,166280275,66455591.899999999,65588952,-100931653.8,-100704480,-103176088.45363663,-98687219.146363363,-60.289258615047615,-61.209520998949465,-59.368996231145765,,,,,18042880,18061312,19703398.399999999,19701760,1660518.3999999999,1648640,1606033.1438268078,1715003.656173192,9.2038066668884735,8.8914294947580501,9.5161838390188969,,,,,enabled-algorithm-size-benefit,"delta=ablated-minus-enabled; size_delta_bytes=769186.0; compression_wall_ns_delta_percent=-6.977724100871742; decompression_wall_ns_delta_percent=-60.289258615047615; peak_rss_bytes_delta_percent=9.203806666888473; conservative_size_ci95=[769186.0,769186.0]",
1,file,development-pilot-v2-retry,local-x86-64,x86_64,36f84685dc00064dae9a239face7e8eff797ed28,true,b1d7dba75560d44d8e234e4205e09487f93678fb8688cac6a0905486c969c2ca,1297748005,gnu-time-v1-monotonic-wall,3b11dec50514a8473e9f6efa7a34d584d0657538c09988f61b72d38ad4991a10,development,158c6bafe466a94d0f90df39b2b3038ade08238b91d61c7acf380d4fac516594,2a5428b45f9141d72b19a597f37239f8f149806b4ec11f52bee488ddf0d58164,0d41232c5473b8547fa86a26819eba1bc47444258e67e79fd612a6c85ddbfb0f,balanced,1,dev-silesia-x-ray,datasets/data/silesia/x-ray,7de9fce1405dc44ae5e6813ed21cd5751e761bd4265655a005d39b9685d1c9ad,8474240,mathsvg,balanced-v1,b8b432a44db4d5e59ca81df6eaa329ee2a47590fff0448de7f7401ea9595e925,5126142db830f089d3116f9760bacc01c6c95aba6cc72fe2b1637d85e06e5b20,81128211b782e3a4331d1c5fcd6db21eecf78dc823faab718e7ebe3f2ceeeee8,mathsvg,balanced-ablation-no-whole-block-entropy-v1,55f2cfb2e4425a7153decbe4e16c321721a5b66dc23940f14275abf99abeb42a,2828282e483fc7f062bd1f08c6de1ff787c03d59446439bc447046a6d446377c,81128211b782e3a4331d1c5fcd6db21eecf78dc823faab718e7ebe3f2ceeeee8,no-whole-block-entropy,whole-block-entropy,ablated_minus_enabled,10,10,10,10,10,10,10,10,0,0,0,0,0,0,ok,ok,complete,pass,pass,complete,confirmed,paired-repetition-student-t,,,6832574,6832574,8476584,8476584,1644010,1644010,1644010,1644010,24.06135667173162,24.06135667173162,24.06135667173162,,,,,17634302018.900002,17628043274,12522798968,12512441756,-5111503050.8999996,-5097852219,-5191100817.7492599,-5031905284.0507393,-28.984925788197181,-29.375537839900357,-28.594313736494005,,,,,1908853801.3,1903882167,418641810.5,418770582.5,-1490211990.8,-1484906406.5,-1514985220.1030416,-1465438761.4969583,-78.062170897906199,-78.340035139927366,-77.784306655885032,,,,,22518579.199999999,22534144,22095462.399999999,22099968,-423116.79999999999,-434176,-457647.3639628042,-388586.23603719578,-1.8786558005594554,-2.0300388311022406,-1.7272727700166703,,,,,enabled-algorithm-size-benefit,"delta=ablated-minus-enabled; size_delta_bytes=1644010.0; compression_wall_ns_delta_percent=-28.98492578819718; decompression_wall_ns_delta_percent=-78.0621708979062; peak_rss_bytes_delta_percent=-1.8786558005594554; conservative_size_ci95=[1644010.0,1644010.0]",
1,file,development-pilot-v2-retry,local-x86-64,x86_64,36f84685dc00064dae9a239face7e8eff797ed28,true,b1d7dba75560d44d8e234e4205e09487f93678fb8688cac6a0905486c969c2ca,1297748005,gnu-time-v1-monotonic-wall,3b11dec50514a8473e9f6efa7a34d584d0657538c09988f61b72d38ad4991a10,development,158c6bafe466a94d0f90df39b2b3038ade08238b91d61c7acf380d4fac516594,2a5428b45f9141d72b19a597f37239f8f149806b4ec11f52bee488ddf0d58164,0d41232c5473b8547fa86a26819eba1bc47444258e67e79fd612a6c85ddbfb0f,balanced,1,dev-synthetic-constant-00,datasets/synthetic/constant_00/s0000065536_n000p000_seed1297748005.bin,de2f256064a0af797747c2b97505dc0b9f3df0de4f489eac731c23ae9ca9cc31,65536,mathsvg,balanced-v1,b8b432a44db4d5e59ca81df6eaa329ee2a47590fff0448de7f7401ea9595e925,5126142db830f089d3116f9760bacc01c6c95aba6cc72fe2b1637d85e06e5b20,81128211b782e3a4331d1c5fcd6db21eecf78dc823faab718e7ebe3f2ceeeee8,mathsvg,balanced-ablation-no-whole-block-entropy-v1,55f2cfb2e4425a7153decbe4e16c321721a5b66dc23940f14275abf99abeb42a,2828282e483fc7f062bd1f08c6de1ff787c03d59446439bc447046a6d446377c,81128211b782e3a4331d1c5fcd6db21eecf78dc823faab718e7ebe3f2ceeeee8,no-whole-block-entropy,whole-block-entropy,ablated_minus_enabled,10,10,10,10,10,10,10,10,0,0,0,0,0,0,ok,ok,complete,pass,pass,complete,confirmed,paired-repetition-student-t,,,485,485,485,485,0,0,0,0,0,0,0,,,,,258013192.90000001,266991829.5,267759558.40000001,266716230,9746365.5,1301627,-4305160.9666797929,23797891.966679793,4.4155131530881082,-2.0020102373814206,10.833036543557636,,,,,12031184,9361575,12000999.800000001,9637605.5,-30184.200000000001,278307,-4262340.6428335672,4201972.2428335669,9.7941697390014788,-22.630946970919116,42.219286448922077,,,,,4471603.2000000002,4470784,4442112,4442112,-29491.200000000001,-12288,-80347.423431765055,21365.02343176505,-0.64540823641119327,-1.7744202755152354,0.48360380269284886,,,,,size-effect-inconclusive,"delta=ablated-minus-enabled; size_delta_bytes=0.0; compression_wall_ns_delta_percent=4.415513153088108; decompression_wall_ns_delta_percent=9.794169739001479; peak_rss_bytes_delta_percent=-0.6454082364111933; conservative_size_ci95=[0.0,0.0]",
1,file,development-pilot-v2-retry,local-x86-64,x86_64,36f84685dc00064dae9a239face7e8eff797ed28,true,b1d7dba75560d44d8e234e4205e09487f93678fb8688cac6a0905486c969c2ca,1297748005,gnu-time-v1-monotonic-wall,3b11dec50514a8473e9f6efa7a34d584d0657538c09988f61b72d38ad4991a10,development,158c6bafe466a94d0f90df39b2b3038ade08238b91d61c7acf380d4fac516594,2a5428b45f9141d72b19a597f37239f8f149806b4ec11f52bee488ddf0d58164,0d41232c5473b8547fa86a26819eba1bc47444258e67e79fd612a6c85ddbfb0f,balanced,1,dev-synthetic-lfsr8,datasets/synthetic/lfsr8/s0000065536_n000p000_seed1297748005.bin,c22f599374ecb687cb2737130592553d274b26414a1c37bb1d36a02a3e7cdb64,65536,mathsvg,balanced-v1,b8b432a44db4d5e59ca81df6eaa329ee2a47590fff0448de7f7401ea9595e925,5126142db830f089d3116f9760bacc01c6c95aba6cc72fe2b1637d85e06e5b20,81128211b782e3a4331d1c5fcd6db21eecf78dc823faab718e7ebe3f2ceeeee8,mathsvg,balanced-ablation-no-whole-block-entropy-v1,55f2cfb2e4425a7153decbe4e16c321721a5b66dc23940f14275abf99abeb42a,2828282e483fc7f062bd1f08c6de1ff787c03d59446439bc447046a6d446377c,81128211b782e3a4331d1c5fcd6db21eecf78dc823faab718e7ebe3f2ceeeee8,no-whole-block-entropy,whole-block-entropy,ablated_minus_enabled,10,10,10,10,10,10,10,10,0,0,0,0,0,0,ok,ok,complete,pass,pass,complete,confirmed,paired-repetition-student-t,,,753,753,66024,66024,65271,65271,65271,65271,8668.1274900398403,8668.1274900398403,8668.1274900398403,,,,,282510682.80000001,268182213.5,317265499.30000001,316815750.5,34754816.5,48327351,17115255.574663583,52394377.425336421,13.001759700138459,6.4278254616919268,19.57569393858499,,,,,10330201.699999999,9043913,16775991.4,17346254,6445789.7000000002,7849140,4157005.7508185622,8734573.6491814386,68.043011550669661,41.740147422180641,94.345875679158681,,,,,4615372.7999999998,4620288,4846796.7999999998,4829184,231424,241664,173757.16334519349,289090.83665480651,5.0221406847517196,3.7546810638020727,6.2896003057013665,,,,,enabled-algorithm-size-benefit,"delta=ablated-minus-enabled; size_delta_bytes=65271.0; compression_wall_ns_delta_percent=13.001759700138459; decompression_wall_ns_delta_percent=68.04301155066966; peak_rss_bytes_delta_percent=5.02214068475172; conservative_size_ci95=[65271.0,65271.0]",
1,file,development-pilot-v2-retry,local-x86-64,x86_64,36f84685dc00064dae9a239face7e8eff797ed28,true,b1d7dba75560d44d8e234e4205e09487f93678fb8688cac6a0905486c969c2ca,1297748005,gnu-time-v1-monotonic-wall,3b11dec50514a8473e9f6efa7a34d584d0657538c09988f61b72d38ad4991a10,development,158c6bafe466a94d0f90df39b2b3038ade08238b91d61c7acf380d4fac516594,2a5428b45f9141d72b19a597f37239f8f149806b4ec11f52bee488ddf0d58164,0d41232c5473b8547fa86a26819eba1bc47444258e67e79fd612a6c85ddbfb0f,balanced,1,dev-synthetic-linear,datasets/synthetic/linear/s0000065536_n000p000_seed1297748005.bin,35171a3b38d84c658143e78203683076d07beca32140221055c899b2dcf1cbc5,65536,mathsvg,balanced-v1,b8b432a44db4d5e59ca81df6eaa329ee2a47590fff0448de7f7401ea9595e925,5126142db830f089d3116f9760bacc01c6c95aba6cc72fe2b1637d85e06e5b20,81128211b782e3a4331d1c5fcd6db21eecf78dc823faab718e7ebe3f2ceeeee8,mathsvg,balanced-ablation-no-whole-block-entropy-v1,55f2cfb2e4425a7153decbe4e16c321721a5b66dc23940f14275abf99abeb42a,2828282e483fc7f062bd1f08c6de1ff787c03d59446439bc447046a6d446377c,81128211b782e3a4331d1c5fcd6db21eecf78dc823faab718e7ebe3f2ceeeee8,no-whole-block-entropy,whole-block-entropy,ablated_minus_enabled,10,10,10,10,10,10,10,10,0,0,0,0,0,0,ok,ok,complete,pass,pass,complete,confirmed,paired-repetition-student-t,,,489,489,489,489,0,0,0,0,0,0,0,,,,,268016374.90000001,268000066.5,267172029.90000001,267076573.5,-844345,-680103,-2082094.954926796,393404.95492679602,-0.31249098705887607,-0.77281885544694717,0.14783688132919504,,,,,16754805.300000001,17129231,14713839,16989104,-2040966.3,-1172280.5,-5640067.541531791,1558134.9415317911,-8.9186567028124095,-35.397438482492731,17.560125076867912,,,,,4469555.2000000002,4487168,4541235.2000000002,4534272,71680,71680,17386.771446095816,125973.22855390419,1.6177932981527392,0.39309423369761132,2.8424923626078673,,,,,size-effect-inconclusive,"delta=ablated-minus-enabled; size_delta_bytes=0.0; compression_wall_ns_delta_percent=-0.31249098705887607; decompression_wall_ns_delta_percent=-8.91865670281241; peak_rss_bytes_delta_percent=1.6177932981527392; conservative_size_ci95=[0.0,0.0]",
1,file,development-pilot-v2-retry,local-x86-64,x86_64,36f84685dc00064dae9a239face7e8eff797ed28,true,b1d7dba75560d44d8e234e4205e09487f93678fb8688cac6a0905486c969c2ca,1297748005,gnu-time-v1-monotonic-wall,3b11dec50514a8473e9f6efa7a34d584d0657538c09988f61b72d38ad4991a10,development,158c6bafe466a94d0f90df39b2b3038ade08238b91d61c7acf380d4fac516594,2a5428b45f9141d72b19a597f37239f8f149806b4ec11f52bee488ddf0d58164,0d41232c5473b8547fa86a26819eba1bc47444258e67e79fd612a6c85ddbfb0f,balanced,1,dev-synthetic-periodic,datasets/synthetic/periodic/s0000065536_n000p000_seed1297748005.bin,742efc49d53b0f51b7a9cdc8afdf6fb69b22e359571f016274fae0b527f1d1c8,65536,mathsvg,balanced-v1,b8b432a44db4d5e59ca81df6eaa329ee2a47590fff0448de7f7401ea9595e925,5126142db830f089d3116f9760bacc01c6c95aba6cc72fe2b1637d85e06e5b20,81128211b782e3a4331d1c5fcd6db21eecf78dc823faab718e7ebe3f2ceeeee8,mathsvg,balanced-ablation-no-whole-block-entropy-v1,55f2cfb2e4425a7153decbe4e16c321721a5b66dc23940f14275abf99abeb42a,2828282e483fc7f062bd1f08c6de1ff787c03d59446439bc447046a6d446377c,81128211b782e3a4331d1c5fcd6db21eecf78dc823faab718e7ebe3f2ceeeee8,no-whole-block-entropy,whole-block-entropy,ablated_minus_enabled,10,10,10,10,10,10,10,10,0,0,0,0,0,0,ok,ok,complete,pass,pass,complete,confirmed,paired-repetition-student-t,,,500,500,66024,66024,65524,65524,65524,65524,13104.799999999999,13104.799999999999,13104.799999999999,,,,,267393868.5,266674175.5,271933194.10000002,266423095.5,4539325.5999999996,-521162,-7484477.5748371873,16563128.774837187,1.7101647266571021,-2.8003304782657121,6.2206599315799167,,,,,11868211.300000001,10577975,15407404.1,17076011,3539192.7999999998,3626787,100659.00753330486,6977726.5924666952,39.344142623319485,6.3520093914315581,72.336275855207418,,,,,4554342.4000000004,4534272,4697702.4000000004,4700160,143360,161792,73957.20146575298,212762.79853424703,3.1711582417938482,1.6300874492212416,4.7122290343664552,,,,,enabled-algorithm-size-benefit,"delta=ablated-minus-enabled; size_delta_bytes=65524.0; compression_wall_ns_delta_percent=1.710164726657102; decompression_wall_ns_delta_percent=39.344142623319485; peak_rss_bytes_delta_percent=3.171158241793848; conservative_size_ci95=[65524.0,65524.0]",
1,file,development-pilot-v2-retry,local-x86-64,x86_64,36f84685dc00064dae9a239face7e8eff797ed28,true,b1d7dba75560d44d8e234e4205e09487f93678fb8688cac6a0905486c969c2ca,1297748005,gnu-time-v1-monotonic-wall,3b11dec50514a8473e9f6efa7a34d584d0657538c09988f61b72d38ad4991a10,development,158c6bafe466a94d0f90df39b2b3038ade08238b91d61c7acf380d4fac516594,2a5428b45f9141d72b19a597f37239f8f149806b4ec11f52bee488ddf0d58164,0d41232c5473b8547fa86a26819eba1bc47444258e67e79fd612a6c85ddbfb0f,balanced,1,dev-synthetic-piecewise-mixed,datasets/synthetic/piecewise_mixed/s0000065536_n000p000_seed1297748005.bin,38b3dc136b580000e98f02e075e2afc2aaa55e824df172b419522b9d70abe9ea,65536,mathsvg,balanced-v1,b8b432a44db4d5e59ca81df6eaa329ee2a47590fff0448de7f7401ea9595e925,5126142db830f089d3116f9760bacc01c6c95aba6cc72fe2b1637d85e06e5b20,81128211b782e3a4331d1c5fcd6db21eecf78dc823faab718e7ebe3f2ceeeee8,mathsvg,balanced-ablation-no-whole-block-entropy-v1,55f2cfb2e4425a7153decbe4e16c321721a5b66dc23940f14275abf99abeb42a,2828282e483fc7f062bd1f08c6de1ff787c03d59446439bc447046a6d446377c,81128211b782e3a4331d1c5fcd6db21eecf78dc823faab718e7ebe3f2ceeeee8,no-whole-block-entropy,whole-block-entropy,ablated_minus_enabled,10,10,10,10,10,10,10,10,0,0,0,0,0,0,ok,ok,complete,pass,pass,complete,confirmed,paired-repetition-student-t,,,13203,13203,66024,66024,52821,52821,52821,52821,400.06816632583502,400.06816632583502,400.06816632583502,,,,,302817531,316845838,308471108.10000002,316911476,5653577.0999999996,-131520.5,-21573995.015863381,32881149.215863384,2.770180616427846,-6.8120821836638061,12.352443416519497,,,,,10621950.5,9468387,16973733.399999999,17205787.5,6351782.9000000004,7737400.5,3871657.970555556,8831907.8294444457,65.755448747489481,40.157507885233784,91.353389609745179,,,,,4589977.5999999996,4610048,4753817.5999999996,4767744,163840,184320,104901.20335978792,222778.79664021207,3.5923139652129086,2.2805802998221134,4.9040476306037037,,,,,enabled-algorithm-size-benefit,"delta=ablated-minus-enabled; size_delta_bytes=52821.0; compression_wall_ns_delta_percent=2.770180616427846; decompression_wall_ns_delta_percent=65.75544874748948; peak_rss_bytes_delta_percent=3.5923139652129086; conservative_size_ci95=[52821.0,52821.0]",
1,file,development-pilot-v2-retry,local-x86-64,x86_64,36f84685dc00064dae9a239face7e8eff797ed28,true,b1d7dba75560d44d8e234e4205e09487f93678fb8688cac6a0905486c969c2ca,1297748005,gnu-time-v1-monotonic-wall,3b11dec50514a8473e9f6efa7a34d584d0657538c09988f61b72d38ad4991a10,development,158c6bafe466a94d0f90df39b2b3038ade08238b91d61c7acf380d4fac516594,2a5428b45f9141d72b19a597f37239f8f149806b4ec11f52bee488ddf0d58164,0d41232c5473b8547fa86a26819eba1bc47444258e67e79fd612a6c85ddbfb0f,balanced,1,dev-synthetic-polynomial-d2,datasets/synthetic/polynomial_d2/s0000065536_n000p000_seed1297748005.bin,84d3c13eee3f79467573fc92d68af063eeeb786852df80299fe4c5e51659f4e3,65536,mathsvg,balanced-v1,b8b432a44db4d5e59ca81df6eaa329ee2a47590fff0448de7f7401ea9595e925,5126142db830f089d3116f9760bacc01c6c95aba6cc72fe2b1637d85e06e5b20,81128211b782e3a4331d1c5fcd6db21eecf78dc823faab718e7ebe3f2ceeeee8,mathsvg,balanced-ablation-no-whole-block-entropy-v1,55f2cfb2e4425a7153decbe4e16c321721a5b66dc23940f14275abf99abeb42a,2828282e483fc7f062bd1f08c6de1ff787c03d59446439bc447046a6d446377c,81128211b782e3a4331d1c5fcd6db21eecf78dc823faab718e7ebe3f2ceeeee8,no-whole-block-entropy,whole-block-entropy,ablated_minus_enabled,10,10,10,10,10,10,10,10,0,0,0,0,0,0,ok,ok,complete,pass,pass,complete,confirmed,paired-repetition-student-t,,,754,754,66024,66024,65270,65270,65270,65270,8656.4986737400523,8656.4986737400523,8656.4986737400523,,,,,217228641.80000001,216728931.5,218369827.5,218238997.5,1141185.7,980449.5,-1053221.8487843594,3335593.2487843595,0.5302541550296157,-0.47680059995788604,1.5373089100171176,,,,,11406146.9,9547195,18293921.699999999,17815732,6887774.7999999998,8226976.5,3615812.5620760163,10159737.037923984,74.929361731863409,40.014593623684753,109.84412984004206,,,,,4572774.4000000004,4585472,4683366.4000000004,4681728,110592,77824,53177.952966271463,168006.04703372854,2.4365555693486103,1.1505216054831413,3.7225895332140793,,,,,enabled-algorithm-size-benefit,"delta=ablated-minus-enabled; size_delta_bytes=65270.0; compression_wall_ns_delta_percent=0.5302541550296157; decompression_wall_ns_delta_percent=74.92936173186341; peak_rss_bytes_delta_percent=2.4365555693486103; conservative_size_ci95=[65270.0,65270.0]",
1,file,development-pilot-v2-retry,local-x86-64,x86_64,36f84685dc00064dae9a239face7e8eff797ed28,true,b1d7dba75560d44d8e234e4205e09487f93678fb8688cac6a0905486c969c2ca,1297748005,gnu-time-v1-monotonic-wall,3b11dec50514a8473e9f6efa7a34d584d0657538c09988f61b72d38ad4991a10,development,158c6bafe466a94d0f90df39b2b3038ade08238b91d61c7acf380d4fac516594,2a5428b45f9141d72b19a597f37239f8f149806b4ec11f52bee488ddf0d58164,0d41232c5473b8547fa86a26819eba1bc47444258e67e79fd612a6c85ddbfb0f,balanced,1,dev-synthetic-random,datasets/synthetic/random/s0000065536_n000p000_seed1297748005.bin,9e4d8d3305ce218314fdc3746942be9b9f0df4e3f1673227fcd510319189dbdc,65536,mathsvg,balanced-v1,b8b432a44db4d5e59ca81df6eaa329ee2a47590fff0448de7f7401ea9595e925,5126142db830f089d3116f9760bacc01c6c95aba6cc72fe2b1637d85e06e5b20,81128211b782e3a4331d1c5fcd6db21eecf78dc823faab718e7ebe3f2ceeeee8,mathsvg,balanced-ablation-no-whole-block-entropy-v1,55f2cfb2e4425a7153decbe4e16c321721a5b66dc23940f14275abf99abeb42a,2828282e483fc7f062bd1f08c6de1ff787c03d59446439bc447046a6d446377c,81128211b782e3a4331d1c5fcd6db21eecf78dc823faab718e7ebe3f2ceeeee8,no-whole-block-entropy,whole-block-entropy,ablated_minus_enabled,10,10,10,10,10,10,10,10,0,0,0,0,0,0,ok,ok,complete,pass,pass,complete,confirmed,paired-repetition-student-t,,,66024,66024,66024,66024,0,0,0,0,0,0,0,,,,,272544056.10000002,267290775.5,273272708.60000002,268550397.5,728652.5,838711,-16966275.351341743,18423580.351341743,0.59726797398234166,-5.5337443060536664,6.7282802540183493,,,,,16762128,17082892,15623144.9,17149734,-1138983.1000000001,14910.5,-3118812.5125153922,840846.31251539174,-6.2260117894867113,-17.957673931578469,5.5056503526050475,,,,,4611276.7999999998,4599808,4436377.5999999996,4438016,-174899.20000000001,-180224,-212976.60763679465,-136821.79236320537,-3.7845423588608424,-4.5823712039310633,-2.9867135137906216,,,,,size-effect-inconclusive,"delta=ablated-minus-enabled; size_delta_bytes=0.0; compression_wall_ns_delta_percent=0.5972679739823417; decompression_wall_ns_delta_percent=-6.226011789486711; peak_rss_bytes_delta_percent=-3.7845423588608424; conservative_size_ci95=[0.0,0.0]",
1,file,development-pilot-v2-retry,local-x86-64,x86_64,36f84685dc00064dae9a239face7e8eff797ed28,true,b1d7dba75560d44d8e234e4205e09487f93678fb8688cac6a0905486c969c2ca,1297748005,gnu-time-v1-monotonic-wall,3b11dec50514a8473e9f6efa7a34d584d0657538c09988f61b72d38ad4991a10,development,158c6bafe466a94d0f90df39b2b3038ade08238b91d61c7acf380d4fac516594,2a5428b45f9141d72b19a597f37239f8f149806b4ec11f52bee488ddf0d58164,0d41232c5473b8547fa86a26819eba1bc47444258e67e79fd612a6c85ddbfb0f,balanced,1,dev-synthetic-recurrence,datasets/synthetic/recurrence/s0000065536_n000p000_seed1297748005.bin,8d5944aabf5526f28b79d4b3841ec21dbd86daac0caa96729fec8838039fdd69,65536,mathsvg,balanced-v1,b8b432a44db4d5e59ca81df6eaa329ee2a47590fff0448de7f7401ea9595e925,5126142db830f089d3116f9760bacc01c6c95aba6cc72fe2b1637d85e06e5b20,81128211b782e3a4331d1c5fcd6db21eecf78dc823faab718e7ebe3f2ceeeee8,mathsvg,balanced-ablation-no-whole-block-entropy-v1,55f2cfb2e4425a7153decbe4e16c321721a5b66dc23940f14275abf99abeb42a,2828282e483fc7f062bd1f08c6de1ff787c03d59446439bc447046a6d446377c,81128211b782e3a4331d1c5fcd6db21eecf78dc823faab718e7ebe3f2ceeeee8,no-whole-block-entropy,whole-block-entropy,ablated_minus_enabled,10,10,10,10,10,10,10,10,0,0,0,0,0,0,ok,ok,complete,pass,pass,complete,confirmed,paired-repetition-student-t,,,882,882,66024,66024,65142,65142,65142,65142,7385.7142857142853,7385.7142857142853,7385.7142857142853,,,,,216824886.5,216704290.5,218740829.30000001,218141882.5,1915942.8,839286.5,-431140.80582874944,4263026.4058287498,0.8885524982014209,-0.19807753180661136,1.9751825282094533,,,,,11032413.5,9653599,16832014.899999999,17294441,5799601.4000000004,7573017,1595395.9177311696,10003806.882268831,65.436426260500696,33.913781654676598,96.959070866324794,,,,,4475699.2000000002,4472832,4707942.4000000004,4714496,232243.20000000001,231424,176360.5150999703,288125.88490002975,5.1993028824056289,3.9238303972720723,6.4747753675391859,,,,,enabled-algorithm-size-benefit,"delta=ablated-minus-enabled; size_delta_bytes=65142.0; compression_wall_ns_delta_percent=0.8885524982014209; decompression_wall_ns_delta_percent=65.4364262605007; peak_rss_bytes_delta_percent=5.199302882405629; conservative_size_ci95=[65142.0,65142.0]",
1,corpus,development-pilot-v2-retry,local-x86-64,x86_64,36f84685dc00064dae9a239face7e8eff797ed28,true,b1d7dba75560d44d8e234e4205e09487f93678fb8688cac6a0905486c969c2ca,1297748005,gnu-time-v1-monotonic-wall,3b11dec50514a8473e9f6efa7a34d584d0657538c09988f61b72d38ad4991a10,development,158c6bafe466a94d0f90df39b2b3038ade08238b91d61c7acf380d4fac516594,2a5428b45f9141d72b19a597f37239f8f149806b4ec11f52bee488ddf0d58164,0d41232c5473b8547fa86a26819eba1bc47444258e67e79fd612a6c85ddbfb0f,balanced,1,__aggregate__,,,10180361,mathsvg,balanced-v1,b8b432a44db4d5e59ca81df6eaa329ee2a47590fff0448de7f7401ea9595e925,5126142db830f089d3116f9760bacc01c6c95aba6cc72fe2b1637d85e06e5b20,81128211b782e3a4331d1c5fcd6db21eecf78dc823faab718e7ebe3f2ceeeee8,mathsvg,balanced-ablation-no-whole-block-entropy-v1,55f2cfb2e4425a7153decbe4e16c321721a5b66dc23940f14275abf99abeb42a,2828282e483fc7f062bd1f08c6de1ff787c03d59446439bc447046a6d446377c,81128211b782e3a4331d1c5fcd6db21eecf78dc823faab718e7ebe3f2ceeeee8,no-whole-block-entropy,whole-block-entropy,ablated_minus_enabled,10,110,110,110,110,110,10,10,0,0,0,0,0,0,ok,ok,complete,pass,pass,complete,confirmed,paired-repetition-student-t+deterministic-paired-file-bootstrap,10000,1297748005,7257191,7257191,10056511,10056511,2799320,2799320,2799320,2799320,38.573051198459567,38.573051198459567,38.573051198459567,392696.97499999998,6527503.9499999974,25.571469086189545,444.46591761839665,22641066656.299999,22641215069,17375873329.299999,17349001423.5,-5265193327,-5282916137,-5362910022.5076399,-5167476631.4923601,-23.254890097267786,-23.679967719491479,-22.829812475044093,-15533425937.050001,50266620.299999923,-27.424298418467217,1.4237685811365295,2243427021.5,2235459731,630023073,631369081,-1613403948.5,-1615775034.5,-1638265878.5473785,-1588542018.4526215,-71.912948775012552,-72.273549660523258,-71.552347889501846,-4652457444.1099997,21547146.497499987,-76.445691175612296,21.513986598862235,22518579.199999999,22534144,22095462.399999999,22099968,-423116.79999999999,-434176,-457647.3639628042,-388586.23603719578,-1.8786558005594554,-2.0300388311022406,-1.7272727700166703,-423116.79999999999,1660518.3999999999,-1.8786558005594554,9.2038066668884735,enabled-algorithm-size-benefit,"delta=ablated-minus-enabled; size_delta_bytes=2799320.0; compression_wall_ns_delta_percent=-23.254890097267786; decompression_wall_ns_delta_percent=-71.91294877501255; peak_rss_bytes_delta_percent=-1.8786558005594554; conservative_size_ci95=[392696.975,6527503.949999997]",
1,file,development-pilot-v2-retry,local-x86-64,x86_64,36f84685dc00064dae9a239face7e8eff797ed28,true,b1d7dba75560d44d8e234e4205e09487f93678fb8688cac6a0905486c969c2ca,1297748005,gnu-time-v1-monotonic-wall,3b11dec50514a8473e9f6efa7a34d584d0657538c09988f61b72d38ad4991a10,development,158c6bafe466a94d0f90df39b2b3038ade08238b91d61c7acf380d4fac516594,2a5428b45f9141d72b19a597f37239f8f149806b4ec11f52bee488ddf0d58164,0d41232c5473b8547fa86a26819eba1bc47444258e67e79fd612a6c85ddbfb0f,balanced,1,dev-canterbury-alice29-txt,datasets/data/canterbury/alice29.txt,7467306ee0feed4971260f3c87421154a05be571d944e9cb021a5713700c38f0,152089,mathsvg,balanced-v1,b8b432a44db4d5e59ca81df6eaa329ee2a47590fff0448de7f7401ea9595e925,5126142db830f089d3116f9760bacc01c6c95aba6cc72fe2b1637d85e06e5b20,81128211b782e3a4331d1c5fcd6db21eecf78dc823faab718e7ebe3f2ceeeee8,mathsvg,balanced-ablation-no-whole-block-functions-v1,710840e9131cf094172098c985e2b371da66d184263016d59a71a97c9294a733,e35155bd46f9efac0098fd666fcdee724900c293a28038a1215920233ac1f018,81128211b782e3a4331d1c5fcd6db21eecf78dc823faab718e7ebe3f2ceeeee8,no-whole-block-functions,whole-block-functions,ablated_minus_enabled,10,10,10,10,10,10,10,10,0,0,0,0,0,0,ok,ok,complete,pass,pass,complete,confirmed,paired-repetition-student-t,,,80481,80481,80481,80481,0,0,0,0,0,0,0,,,,,1304970962.3,1300647564,1294030633.9000001,1275385586.5,-10940328.4,-2753630.5,-44469791.763247967,22589134.963247962,-0.78414147055563421,-3.292514210229875,1.7242312691186068,,,,,66378933.299999997,66088585,66566420.100000001,65762614.5,187486.79999999999,-57547.5,-947222.80404174724,1322196.4040417473,0.29623430568357179,-1.4065949754121929,1.9990635867793363,,,,,5783961.5999999996,5775360,5620531.2000000002,5605376,-163430.39999999999,-161792,-213997.91374594206,-112862.88625405793,-2.8235538184459092,-3.6908478946153247,-1.9562597422764938,,,,,size-effect-inconclusive,"delta=ablated-minus-enabled; size_delta_bytes=0.0; compression_wall_ns_delta_percent=-0.7841414705556342; decompression_wall_ns_delta_percent=0.2962343056835718; peak_rss_bytes_delta_percent=-2.8235538184459092; conservative_size_ci95=[0.0,0.0]",
1,file,development-pilot-v2-retry,local-x86-64,x86_64,36f84685dc00064dae9a239face7e8eff797ed28,true,b1d7dba75560d44d8e234e4205e09487f93678fb8688cac6a0905486c969c2ca,1297748005,gnu-time-v1-monotonic-wall,3b11dec50514a8473e9f6efa7a34d584d0657538c09988f61b72d38ad4991a10,development,158c6bafe466a94d0f90df39b2b3038ade08238b91d61c7acf380d4fac516594,2a5428b45f9141d72b19a597f37239f8f149806b4ec11f52bee488ddf0d58164,0d41232c5473b8547fa86a26819eba1bc47444258e67e79fd612a6c85ddbfb0f,balanced,1,dev-canterbury-kennedy-xls,datasets/data/canterbury/kennedy.xls,9af47239ca29dfe20e633f80bbbb9a4cc9783d0803d7b2b5626f42e4c3790420,1029744,mathsvg,balanced-v1,b8b432a44db4d5e59ca81df6eaa329ee2a47590fff0448de7f7401ea9595e925,5126142db830f089d3116f9760bacc01c6c95aba6cc72fe2b1637d85e06e5b20,81128211b782e3a4331d1c5fcd6db21eecf78dc823faab718e7ebe3f2ceeeee8,mathsvg,balanced-ablation-no-whole-block-functions-v1,710840e9131cf094172098c985e2b371da66d184263016d59a71a97c9294a733,e35155bd46f9efac0098fd666fcdee724900c293a28038a1215920233ac1f018,81128211b782e3a4331d1c5fcd6db21eecf78dc823faab718e7ebe3f2ceeeee8,no-whole-block-functions,whole-block-functions,ablated_minus_enabled,10,10,10,10,10,10,10,10,0,0,0,0,0,0,ok,ok,complete,pass,pass,complete,confirmed,paired-repetition-student-t,,,261046,261046,261046,261046,0,0,0,0,0,0,0,,,,,1616444440.5999999,1601607190.5,1590968863.0999999,1578502728,-25475577.5,-4478626,-55133051.671468958,4181896.671468962,-1.5212550527894235,-3.2920818516973909,0.24957174611854382,,,,,167387245.69999999,166280275,166790825.40000001,166351921.5,-596420.30000000005,-61163,-1840148.4156471333,647307.81564713316,-0.34723130383494982,-1.0717742949491538,0.37731168727925413,,,,,18042880,18061312,15566848,15591424,-2476032,-2465792,-2533979.3350833245,-2418084.6649166755,-13.722730844360882,-14.035577228285463,-13.409884460436301,,,,,size-effect-inconclusive,"delta=ablated-minus-enabled; size_delta_bytes=0.0; compression_wall_ns_delta_percent=-1.5212550527894235; decompression_wall_ns_delta_percent=-0.3472313038349498; peak_rss_bytes_delta_percent=-13.722730844360882; conservative_size_ci95=[0.0,0.0]",
1,file,development-pilot-v2-retry,local-x86-64,x86_64,36f84685dc00064dae9a239face7e8eff797ed28,true,b1d7dba75560d44d8e234e4205e09487f93678fb8688cac6a0905486c969c2ca,1297748005,gnu-time-v1-monotonic-wall,3b11dec50514a8473e9f6efa7a34d584d0657538c09988f61b72d38ad4991a10,development,158c6bafe466a94d0f90df39b2b3038ade08238b91d61c7acf380d4fac516594,2a5428b45f9141d72b19a597f37239f8f149806b4ec11f52bee488ddf0d58164,0d41232c5473b8547fa86a26819eba1bc47444258e67e79fd612a6c85ddbfb0f,balanced,1,dev-silesia-x-ray,datasets/data/silesia/x-ray,7de9fce1405dc44ae5e6813ed21cd5751e761bd4265655a005d39b9685d1c9ad,8474240,mathsvg,balanced-v1,b8b432a44db4d5e59ca81df6eaa329ee2a47590fff0448de7f7401ea9595e925,5126142db830f089d3116f9760bacc01c6c95aba6cc72fe2b1637d85e06e5b20,81128211b782e3a4331d1c5fcd6db21eecf78dc823faab718e7ebe3f2ceeeee8,mathsvg,balanced-ablation-no-whole-block-functions-v1,710840e9131cf094172098c985e2b371da66d184263016d59a71a97c9294a733,e35155bd46f9efac0098fd666fcdee724900c293a28038a1215920233ac1f018,81128211b782e3a4331d1c5fcd6db21eecf78dc823faab718e7ebe3f2ceeeee8,no-whole-block-functions,whole-block-functions,ablated_minus_enabled,10,10,10,10,10,10,10,10,0,0,0,0,0,0,ok,ok,complete,pass,pass,complete,confirmed,paired-repetition-student-t,,,6832574,6832574,6832574,6832574,0,0,0,0,0,0,0,,,,,17634302018.900002,17628043274,17629507018.900002,17593047381.5,-4795000,-4989309.5,-107365950.3365716,97775950.336571604,-0.024882726510058704,-0.60502880263821968,0.5552633496181022,,,,,1908853801.3,1903882167,1932122010.4000001,1924516785.5,23268209.100000001,1665757,-35478709.584470548,82015127.784470558,1.2579439772732934,-1.8419527563984666,4.3578407109450534,,,,,22518579.199999999,22534144,21191475.199999999,21188608,-1327104,-1306624,-1368905.7081230269,-1285302.2918769731,-5.8933574605838048,-6.0785224980813579,-5.7081924230862517,,,,,size-effect-inconclusive,"delta=ablated-minus-enabled; size_delta_bytes=0.0; compression_wall_ns_delta_percent=-0.024882726510058704; decompression_wall_ns_delta_percent=1.2579439772732934; peak_rss_bytes_delta_percent=-5.893357460583805; conservative_size_ci95=[0.0,0.0]",
1,file,development-pilot-v2-retry,local-x86-64,x86_64,36f84685dc00064dae9a239face7e8eff797ed28,true,b1d7dba75560d44d8e234e4205e09487f93678fb8688cac6a0905486c969c2ca,1297748005,gnu-time-v1-monotonic-wall,3b11dec50514a8473e9f6efa7a34d584d0657538c09988f61b72d38ad4991a10,development,158c6bafe466a94d0f90df39b2b3038ade08238b91d61c7acf380d4fac516594,2a5428b45f9141d72b19a597f37239f8f149806b4ec11f52bee488ddf0d58164,0d41232c5473b8547fa86a26819eba1bc47444258e67e79fd612a6c85ddbfb0f,balanced,1,dev-synthetic-constant-00,datasets/synthetic/constant_00/s0000065536_n000p000_seed1297748005.bin,de2f256064a0af797747c2b97505dc0b9f3df0de4f489eac731c23ae9ca9cc31,65536,mathsvg,balanced-v1,b8b432a44db4d5e59ca81df6eaa329ee2a47590fff0448de7f7401ea9595e925,5126142db830f089d3116f9760bacc01c6c95aba6cc72fe2b1637d85e06e5b20,81128211b782e3a4331d1c5fcd6db21eecf78dc823faab718e7ebe3f2ceeeee8,mathsvg,balanced-ablation-no-whole-block-functions-v1,710840e9131cf094172098c985e2b371da66d184263016d59a71a97c9294a733,e35155bd46f9efac0098fd666fcdee724900c293a28038a1215920233ac1f018,81128211b782e3a4331d1c5fcd6db21eecf78dc823faab718e7ebe3f2ceeeee8,no-whole-block-functions,whole-block-functions,ablated_minus_enabled,10,10,10,10,10,10,10,10,0,0,0,0,0,0,ok,ok,complete,pass,pass,complete,confirmed,paired-repetition-student-t,,,485,485,489,489,4,4,4,4,0.82474226804123707,0.82474226804123707,0.82474226804123707,,,,,258013192.90000001,266991829.5,267162718.40000001,266474188,9149525.5,18380,-5284208.8683634568,23583259.868363455,4.2028244966291712,-2.3693866999957853,10.775035693254129,,,,,12031184,9361575,10363183.4,9052277.5,-1668000.6000000001,-151585,-6072834.9502721485,2736833.7502721478,-2.4019511972049812,-36.507894258884946,31.703991864474986,,,,,4471603.2000000002,4470784,4474880,4487168,3276.8000000000002,-12288,-32334.825456504925,38888.425456504927,0.072333678878991642,-0.72643026053661708,0.87109761829460042,,,,,enabled-algorithm-size-benefit,"delta=ablated-minus-enabled; size_delta_bytes=4.0; compression_wall_ns_delta_percent=4.202824496629171; decompression_wall_ns_delta_percent=-2.401951197204981; peak_rss_bytes_delta_percent=0.07233367887899164; conservative_size_ci95=[4.0,4.0]",
1,file,development-pilot-v2-retry,local-x86-64,x86_64,36f84685dc00064dae9a239face7e8eff797ed28,true,b1d7dba75560d44d8e234e4205e09487f93678fb8688cac6a0905486c969c2ca,1297748005,gnu-time-v1-monotonic-wall,3b11dec50514a8473e9f6efa7a34d584d0657538c09988f61b72d38ad4991a10,development,158c6bafe466a94d0f90df39b2b3038ade08238b91d61c7acf380d4fac516594,2a5428b45f9141d72b19a597f37239f8f149806b4ec11f52bee488ddf0d58164,0d41232c5473b8547fa86a26819eba1bc47444258e67e79fd612a6c85ddbfb0f,balanced,1,dev-synthetic-lfsr8,datasets/synthetic/lfsr8/s0000065536_n000p000_seed1297748005.bin,c22f599374ecb687cb2737130592553d274b26414a1c37bb1d36a02a3e7cdb64,65536,mathsvg,balanced-v1,b8b432a44db4d5e59ca81df6eaa329ee2a47590fff0448de7f7401ea9595e925,5126142db830f089d3116f9760bacc01c6c95aba6cc72fe2b1637d85e06e5b20,81128211b782e3a4331d1c5fcd6db21eecf78dc823faab718e7ebe3f2ceeeee8,mathsvg,balanced-ablation-no-whole-block-functions-v1,710840e9131cf094172098c985e2b371da66d184263016d59a71a97c9294a733,e35155bd46f9efac0098fd666fcdee724900c293a28038a1215920233ac1f018,81128211b782e3a4331d1c5fcd6db21eecf78dc823faab718e7ebe3f2ceeeee8,no-whole-block-functions,whole-block-functions,ablated_minus_enabled,10,10,10,10,10,10,10,10,0,0,0,0,0,0,ok,ok,complete,pass,pass,complete,confirmed,paired-repetition-student-t,,,753,753,753,753,0,0,0,0,0,0,0,,,,,282510682.80000001,268182213.5,298503693.39999998,316008437,15993010.6,26247444,-13597620.836317422,45583642.036317423,6.5557877861627771,-3.8016393104655686,16.913214882791124,,,,,10330201.699999999,9043913,11884281.800000001,10235197,1554080.1000000001,1029647.5,-1760645.3990127039,4868805.5990127046,19.693954648011267,-10.177158060997911,49.565067357020446,,,,,4615372.7999999998,4620288,4607590.4000000004,4603904,-7782.3999999999996,-12288,-58179.868568663427,42615.068568663424,-0.15841193858308822,-1.2551157082517557,0.93829183108557923,,,,,size-effect-inconclusive,"delta=ablated-minus-enabled; size_delta_bytes=0.0; compression_wall_ns_delta_percent=6.555787786162777; decompression_wall_ns_delta_percent=19.693954648011267; peak_rss_bytes_delta_percent=-0.15841193858308822; conservative_size_ci95=[0.0,0.0]",
1,file,development-pilot-v2-retry,local-x86-64,x86_64,36f84685dc00064dae9a239face7e8eff797ed28,true,b1d7dba75560d44d8e234e4205e09487f93678fb8688cac6a0905486c969c2ca,1297748005,gnu-time-v1-monotonic-wall,3b11dec50514a8473e9f6efa7a34d584d0657538c09988f61b72d38ad4991a10,development,158c6bafe466a94d0f90df39b2b3038ade08238b91d61c7acf380d4fac516594,2a5428b45f9141d72b19a597f37239f8f149806b4ec11f52bee488ddf0d58164,0d41232c5473b8547fa86a26819eba1bc47444258e67e79fd612a6c85ddbfb0f,balanced,1,dev-synthetic-linear,datasets/synthetic/linear/s0000065536_n000p000_seed1297748005.bin,35171a3b38d84c658143e78203683076d07beca32140221055c899b2dcf1cbc5,65536,mathsvg,balanced-v1,b8b432a44db4d5e59ca81df6eaa329ee2a47590fff0448de7f7401ea9595e925,5126142db830f089d3116f9760bacc01c6c95aba6cc72fe2b1637d85e06e5b20,81128211b782e3a4331d1c5fcd6db21eecf78dc823faab718e7ebe3f2ceeeee8,mathsvg,balanced-ablation-no-whole-block-functions-v1,710840e9131cf094172098c985e2b371da66d184263016d59a71a97c9294a733,e35155bd46f9efac0098fd666fcdee724900c293a28038a1215920233ac1f018,81128211b782e3a4331d1c5fcd6db21eecf78dc823faab718e7ebe3f2ceeeee8,no-whole-block-functions,whole-block-functions,ablated_minus_enabled,10,10,10,10,10,10,10,10,0,0,0,0,0,0,ok,ok,complete,pass,pass,complete,confirmed,paired-repetition-student-t,,,489,489,754,754,265,265,265,265,54.192229038854805,54.192229038854805,54.192229038854805,,,,,268016374.90000001,268000066.5,268288903.69999999,266804748.5,272528.79999999999,-626867,-2839408.9418879347,3384466.5418879343,0.10656295834175478,-1.0599371530938195,1.2730630697773293,,,,,16754805.300000001,17129231,11323229,9743673.5,-5431576.2999999998,-6961164,-7954060.313359471,-2909092.2866405291,-31.783493288960511,-45.917683402316584,-17.649303175604434,,,,,4469555.2000000002,4487168,4518707.2000000002,4542464,49152,73728,-23369.148738315213,121673.14873831521,1.1210125747630777,-0.48980634445511573,2.7318314939812711,,,,,enabled-algorithm-size-benefit,"delta=ablated-minus-enabled; size_delta_bytes=265.0; compression_wall_ns_delta_percent=0.10656295834175478; decompression_wall_ns_delta_percent=-31.78349328896051; peak_rss_bytes_delta_percent=1.1210125747630777; conservative_size_ci95=[265.0,265.0]",
1,file,development-pilot-v2-retry,local-x86-64,x86_64,36f84685dc00064dae9a239face7e8eff797ed28,true,b1d7dba75560d44d8e234e4205e09487f93678fb8688cac6a0905486c969c2ca,1297748005,gnu-time-v1-monotonic-wall,3b11dec50514a8473e9f6efa7a34d584d0657538c09988f61b72d38ad4991a10,development,158c6bafe466a94d0f90df39b2b3038ade08238b91d61c7acf380d4fac516594,2a5428b45f9141d72b19a597f37239f8f149806b4ec11f52bee488ddf0d58164,0d41232c5473b8547fa86a26819eba1bc47444258e67e79fd612a6c85ddbfb0f,balanced,1,dev-synthetic-periodic,datasets/synthetic/periodic/s0000065536_n000p000_seed1297748005.bin,742efc49d53b0f51b7a9cdc8afdf6fb69b22e359571f016274fae0b527f1d1c8,65536,mathsvg,balanced-v1,b8b432a44db4d5e59ca81df6eaa329ee2a47590fff0448de7f7401ea9595e925,5126142db830f089d3116f9760bacc01c6c95aba6cc72fe2b1637d85e06e5b20,81128211b782e3a4331d1c5fcd6db21eecf78dc823faab718e7ebe3f2ceeeee8,mathsvg,balanced-ablation-no-whole-block-functions-v1,710840e9131cf094172098c985e2b371da66d184263016d59a71a97c9294a733,e35155bd46f9efac0098fd666fcdee724900c293a28038a1215920233ac1f018,81128211b782e3a4331d1c5fcd6db21eecf78dc823faab718e7ebe3f2ceeeee8,no-whole-block-functions,whole-block-functions,ablated_minus_enabled,10,10,10,10,10,10,10,10,0,0,0,0,0,0,ok,ok,complete,pass,pass,complete,confirmed,paired-repetition-student-t,,,500,500,500,500,0,0,0,0,0,0,0,,,,,267393868.5,266674175.5,267241271.19999999,267205670.5,-152597.29999999999,185013.5,-2016959.027311695,1711764.4273116949,-0.05147310553725306,-0.74140815204178556,0.63846194096727948,,,,,11868211.300000001,10577975,12447965.699999999,10902582,579754.40000000002,-98867.5,-1448335.1516354866,2607843.9516354864,6.2862628662908397,-12.600247786606435,25.172773519188116,,,,,4554342.4000000004,4534272,4400332.7999999998,4405248,-154009.60000000001,-159744,-193589.14178277378,-114430.05821722625,-3.3707701741635461,-4.2164885446429281,-2.5250518036841636,,,,,size-effect-inconclusive,"delta=ablated-minus-enabled; size_delta_bytes=0.0; compression_wall_ns_delta_percent=-0.05147310553725306; decompression_wall_ns_delta_percent=6.28626286629084; peak_rss_bytes_delta_percent=-3.370770174163546; conservative_size_ci95=[0.0,0.0]",
1,file,development-pilot-v2-retry,local-x86-64,x86_64,36f84685dc00064dae9a239face7e8eff797ed28,true,b1d7dba75560d44d8e234e4205e09487f93678fb8688cac6a0905486c969c2ca,1297748005,gnu-time-v1-monotonic-wall,3b11dec50514a8473e9f6efa7a34d584d0657538c09988f61b72d38ad4991a10,development,158c6bafe466a94d0f90df39b2b3038ade08238b91d61c7acf380d4fac516594,2a5428b45f9141d72b19a597f37239f8f149806b4ec11f52bee488ddf0d58164,0d41232c5473b8547fa86a26819eba1bc47444258e67e79fd612a6c85ddbfb0f,balanced,1,dev-synthetic-piecewise-mixed,datasets/synthetic/piecewise_mixed/s0000065536_n000p000_seed1297748005.bin,38b3dc136b580000e98f02e075e2afc2aaa55e824df172b419522b9d70abe9ea,65536,mathsvg,balanced-v1,b8b432a44db4d5e59ca81df6eaa329ee2a47590fff0448de7f7401ea9595e925,5126142db830f089d3116f9760bacc01c6c95aba6cc72fe2b1637d85e06e5b20,81128211b782e3a4331d1c5fcd6db21eecf78dc823faab718e7ebe3f2ceeeee8,mathsvg,balanced-ablation-no-whole-block-functions-v1,710840e9131cf094172098c985e2b371da66d184263016d59a71a97c9294a733,e35155bd46f9efac0098fd666fcdee724900c293a28038a1215920233ac1f018,81128211b782e3a4331d1c5fcd6db21eecf78dc823faab718e7ebe3f2ceeeee8,no-whole-block-functions,whole-block-functions,ablated_minus_enabled,10,10,10,10,10,10,10,10,0,0,0,0,0,0,ok,ok,complete,pass,pass,complete,confirmed,paired-repetition-student-t,,,13203,13203,13203,13203,0,0,0,0,0,0,0,,,,,302817531,316845838,298499847.19999999,317036962,-4317683.7999999998,938346,-31763603.323896702,23128235.723896701,-0.6929890557170969,-10.031248619029878,8.6452705075956828,,,,,10621950.5,9468387,9894036.3000000007,9143347.5,-727914.19999999995,-54846,-3059055.0398607766,1603226.639860777,-2.6327058435241875,-17.639834954119156,12.374423267070782,,,,,4589977.5999999996,4610048,4684595.2000000002,4677632,94617.600000000006,71680,25829.782523225775,163405.41747677425,2.0890767682309823,0.56097523241032254,3.6171783040516421,,,,,size-effect-inconclusive,"delta=ablated-minus-enabled; size_delta_bytes=0.0; compression_wall_ns_delta_percent=-0.6929890557170969; decompression_wall_ns_delta_percent=-2.6327058435241875; peak_rss_bytes_delta_percent=2.0890767682309823; conservative_size_ci95=[0.0,0.0]",
1,file,development-pilot-v2-retry,local-x86-64,x86_64,36f84685dc00064dae9a239face7e8eff797ed28,true,b1d7dba75560d44d8e234e4205e09487f93678fb8688cac6a0905486c969c2ca,1297748005,gnu-time-v1-monotonic-wall,3b11dec50514a8473e9f6efa7a34d584d0657538c09988f61b72d38ad4991a10,development,158c6bafe466a94d0f90df39b2b3038ade08238b91d61c7acf380d4fac516594,2a5428b45f9141d72b19a597f37239f8f149806b4ec11f52bee488ddf0d58164,0d41232c5473b8547fa86a26819eba1bc47444258e67e79fd612a6c85ddbfb0f,balanced,1,dev-synthetic-polynomial-d2,datasets/synthetic/polynomial_d2/s0000065536_n000p000_seed1297748005.bin,84d3c13eee3f79467573fc92d68af063eeeb786852df80299fe4c5e51659f4e3,65536,mathsvg,balanced-v1,b8b432a44db4d5e59ca81df6eaa329ee2a47590fff0448de7f7401ea9595e925,5126142db830f089d3116f9760bacc01c6c95aba6cc72fe2b1637d85e06e5b20,81128211b782e3a4331d1c5fcd6db21eecf78dc823faab718e7ebe3f2ceeeee8,mathsvg,balanced-ablation-no-whole-block-functions-v1,710840e9131cf094172098c985e2b371da66d184263016d59a71a97c9294a733,e35155bd46f9efac0098fd666fcdee724900c293a28038a1215920233ac1f018,81128211b782e3a4331d1c5fcd6db21eecf78dc823faab718e7ebe3f2ceeeee8,no-whole-block-functions,whole-block-functions,ablated_minus_enabled,10,10,10,10,10,10,10,10,0,0,0,0,0,0,ok,ok,complete,pass,pass,complete,confirmed,paired-repetition-student-t,,,754,754,754,754,0,0,0,0,0,0,0,,,,,217228641.80000001,216728931.5,216778623,216230331.5,-450018.79999999999,202544,-2022910.5437717724,1122872.9437717723,-0.20110185965748478,-0.92046955281217047,0.51826583349720079,,,,,11406146.9,9547195,12553175.9,11563434.5,1147029,743521.5,-2490766.3498082212,4784824.3498082217,18.952415186594123,-12.87307251844647,50.777902891634717,,,,,4572774.4000000004,4585472,4383129.5999999996,4397056,-189644.79999999999,-161792,-259786.48144151035,-119503.11855848963,-4.1331625430250503,-5.6390028130462211,-2.6273222730038794,,,,,size-effect-inconclusive,"delta=ablated-minus-enabled; size_delta_bytes=0.0; compression_wall_ns_delta_percent=-0.20110185965748478; decompression_wall_ns_delta_percent=18.952415186594123; peak_rss_bytes_delta_percent=-4.13316254302505; conservative_size_ci95=[0.0,0.0]",
1,file,development-pilot-v2-retry,local-x86-64,x86_64,36f84685dc00064dae9a239face7e8eff797ed28,true,b1d7dba75560d44d8e234e4205e09487f93678fb8688cac6a0905486c969c2ca,1297748005,gnu-time-v1-monotonic-wall,3b11dec50514a8473e9f6efa7a34d584d0657538c09988f61b72d38ad4991a10,development,158c6bafe466a94d0f90df39b2b3038ade08238b91d61c7acf380d4fac516594,2a5428b45f9141d72b19a597f37239f8f149806b4ec11f52bee488ddf0d58164,0d41232c5473b8547fa86a26819eba1bc47444258e67e79fd612a6c85ddbfb0f,balanced,1,dev-synthetic-random,datasets/synthetic/random/s0000065536_n000p000_seed1297748005.bin,9e4d8d3305ce218314fdc3746942be9b9f0df4e3f1673227fcd510319189dbdc,65536,mathsvg,balanced-v1,b8b432a44db4d5e59ca81df6eaa329ee2a47590fff0448de7f7401ea9595e925,5126142db830f089d3116f9760bacc01c6c95aba6cc72fe2b1637d85e06e5b20,81128211b782e3a4331d1c5fcd6db21eecf78dc823faab718e7ebe3f2ceeeee8,mathsvg,balanced-ablation-no-whole-block-functions-v1,710840e9131cf094172098c985e2b371da66d184263016d59a71a97c9294a733,e35155bd46f9efac0098fd666fcdee724900c293a28038a1215920233ac1f018,81128211b782e3a4331d1c5fcd6db21eecf78dc823faab718e7ebe3f2ceeeee8,no-whole-block-functions,whole-block-functions,ablated_minus_enabled,10,10,10,10,10,10,10,10,0,0,0,0,0,0,ok,ok,complete,pass,pass,complete,confirmed,paired-repetition-student-t,,,66024,66024,66024,66024,0,0,0,0,0,0,0,,,,,272544056.10000002,267290775.5,267526086.90000001,267542830.5,-5017969.2000000002,-341523,-16426538.093898747,6390599.6938987458,-1.5730214074660949,-5.1599886259596666,2.0139458110274764,,,,,16762128,17082892,16757348.5,17030903.5,-4779.5,-78085.5,-707059.9838956364,697500.9838956364,0.71977841155655031,-4.4736557660716176,5.9132125891847185,,,,,4611276.7999999998,4599808,4433920,4446208,-177356.79999999999,-182272,-231523.39284238929,-123190.20715761068,-3.8359669671867005,-4.985729370592078,-2.686204563781323,,,,,size-effect-inconclusive,"delta=ablated-minus-enabled; size_delta_bytes=0.0; compression_wall_ns_delta_percent=-1.5730214074660949; decompression_wall_ns_delta_percent=0.7197784115565503; peak_rss_bytes_delta_percent=-3.8359669671867005; conservative_size_ci95=[0.0,0.0]",
1,file,development-pilot-v2-retry,local-x86-64,x86_64,36f84685dc00064dae9a239face7e8eff797ed28,true,b1d7dba75560d44d8e234e4205e09487f93678fb8688cac6a0905486c969c2ca,1297748005,gnu-time-v1-monotonic-wall,3b11dec50514a8473e9f6efa7a34d584d0657538c09988f61b72d38ad4991a10,development,158c6bafe466a94d0f90df39b2b3038ade08238b91d61c7acf380d4fac516594,2a5428b45f9141d72b19a597f37239f8f149806b4ec11f52bee488ddf0d58164,0d41232c5473b8547fa86a26819eba1bc47444258e67e79fd612a6c85ddbfb0f,balanced,1,dev-synthetic-recurrence,datasets/synthetic/recurrence/s0000065536_n000p000_seed1297748005.bin,8d5944aabf5526f28b79d4b3841ec21dbd86daac0caa96729fec8838039fdd69,65536,mathsvg,balanced-v1,b8b432a44db4d5e59ca81df6eaa329ee2a47590fff0448de7f7401ea9595e925,5126142db830f089d3116f9760bacc01c6c95aba6cc72fe2b1637d85e06e5b20,81128211b782e3a4331d1c5fcd6db21eecf78dc823faab718e7ebe3f2ceeeee8,mathsvg,balanced-ablation-no-whole-block-functions-v1,710840e9131cf094172098c985e2b371da66d184263016d59a71a97c9294a733,e35155bd46f9efac0098fd666fcdee724900c293a28038a1215920233ac1f018,81128211b782e3a4331d1c5fcd6db21eecf78dc823faab718e7ebe3f2ceeeee8,no-whole-block-functions,whole-block-functions,ablated_minus_enabled,10,10,10,10,10,10,10,10,0,0,0,0,0,0,ok,ok,complete,pass,pass,complete,confirmed,paired-repetition-student-t,,,882,882,882,882,0,0,0,0,0,0,0,,,,,216824886.5,216704290.5,217003462.5,216105264.5,178576,-414868,-1623436.7976499347,1980588.7976499347,0.086772927485494825,-0.74487482987339193,0.91842068484438155,,,,,11032413.5,9653599,11918031,10174313,885617.5,382136.5,-3506038.8544651391,5277273.8544651391,17.445110168192407,-18.436176897474859,53.326397233859673,,,,,4475699.2000000002,4472832,4419993.5999999996,4431872,-55705.599999999999,-69632,-115082.94499769584,3671.7449976958451,-1.2305177363944797,-2.5528686270772027,0.091833154288243568,,,,,size-effect-inconclusive,"delta=ablated-minus-enabled; size_delta_bytes=0.0; compression_wall_ns_delta_percent=0.08677292748549482; decompression_wall_ns_delta_percent=17.445110168192407; peak_rss_bytes_delta_percent=-1.2305177363944797; conservative_size_ci95=[0.0,0.0]",
1,corpus,development-pilot-v2-retry,local-x86-64,x86_64,36f84685dc00064dae9a239face7e8eff797ed28,true,b1d7dba75560d44d8e234e4205e09487f93678fb8688cac6a0905486c969c2ca,1297748005,gnu-time-v1-monotonic-wall,3b11dec50514a8473e9f6efa7a34d584d0657538c09988f61b72d38ad4991a10,development,158c6bafe466a94d0f90df39b2b3038ade08238b91d61c7acf380d4fac516594,2a5428b45f9141d72b19a597f37239f8f149806b4ec11f52bee488ddf0d58164,0d41232c5473b8547fa86a26819eba1bc47444258e67e79fd612a6c85ddbfb0f,balanced,1,__aggregate__,,,10180361,mathsvg,balanced-v1,b8b432a44db4d5e59ca81df6eaa329ee2a47590fff0448de7f7401ea9595e925,5126142db830f089d3116f9760bacc01c6c95aba6cc72fe2b1637d85e06e5b20,81128211b782e3a4331d1c5fcd6db21eecf78dc823faab718e7ebe3f2ceeeee8,mathsvg,balanced-ablation-no-whole-block-functions-v1,710840e9131cf094172098c985e2b371da66d184263016d59a71a97c9294a733,e35155bd46f9efac0098fd666fcdee724900c293a28038a1215920233ac1f018,81128211b782e3a4331d1c5fcd6db21eecf78dc823faab718e7ebe3f2ceeeee8,no-whole-block-functions,whole-block-functions,ablated_minus_enabled,10,110,110,110,110,110,10,10,0,0,0,0,0,0,ok,ok,complete,pass,pass,complete,confirmed,paired-repetition-student-t+deterministic-paired-file-bootstrap,10000,1297748005,7257191,7257191,7257460,7257460,269,269,269,269,0.0037066683238735207,0.0037066683238735207,0.0037066683238735207,0,799,0,0.32773810533956282,22641066656.299999,22641215069,22615511122.200001,22586044609,-25555534.100000001,-54439357.5,-98594275.650282711,47483207.4502827,-0.11272991911627024,-0.43515991789411529,0.20970007966157483,-92526213.25,38791947.899999999,-1.0207956888214811,0.80538974837155319,2243427021.5,2235459731,2262620507.5,2245377949,19193486,4240136.5,-40612321.127601407,78999293.127601415,0.88805965682898935,-1.7897340287160082,3.5658533423739867,-14657517.615,71090174.334999993,-4.7418225636278448,1.6045779072677688,22518579.199999999,22534144,21191475.199999999,21188608,-1327104,-1306624,-1368905.7081230269,-1285302.2918769731,-5.8933574605838048,-6.0785224980813579,-5.7081924230862517,-2476032,-28610.560000000893,-13.722730844360882,-0.83963956629696346,size-effect-inconclusive,"delta=ablated-minus-enabled; size_delta_bytes=269.0; compression_wall_ns_delta_percent=-0.11272991911627024; decompression_wall_ns_delta_percent=0.8880596568289894; peak_rss_bytes_delta_percent=-5.893357460583805; conservative_size_ci95=[0.0,799.0]",
1,file,development-pilot-v2-retry,local-x86-64,x86_64,36f84685dc00064dae9a239face7e8eff797ed28,true,b1d7dba75560d44d8e234e4205e09487f93678fb8688cac6a0905486c969c2ca,1297748005,gnu-time-v1-monotonic-wall,3b11dec50514a8473e9f6efa7a34d584d0657538c09988f61b72d38ad4991a10,development,158c6bafe466a94d0f90df39b2b3038ade08238b91d61c7acf380d4fac516594,2a5428b45f9141d72b19a597f37239f8f149806b4ec11f52bee488ddf0d58164,0d41232c5473b8547fa86a26819eba1bc47444258e67e79fd612a6c85ddbfb0f,fast,1,dev-canterbury-alice29-txt,datasets/data/canterbury/alice29.txt,7467306ee0feed4971260f3c87421154a05be571d944e9cb021a5713700c38f0,152089,mathsvg,fast-v1,dbdf165176991179ee1260cc32982768b62a646f6143c7cf178d1c08ffab9184,a6a85257cb16f7c5abc9017a6b88ad7be0851205384505e6cfce4f9ac5009437,81128211b782e3a4331d1c5fcd6db21eecf78dc823faab718e7ebe3f2ceeeee8,mathsvg,fast-ablation-no-coordinate-v1,d7ca26461dd4e013ff9ba35010b5f6f5433079b6b0745758edbcdcc2eebf07cb,63d89ec3cf695662715b7257592cfd07fc6406c3e68510da2ee05f89063b7dc9,81128211b782e3a4331d1c5fcd6db21eecf78dc823faab718e7ebe3f2ceeeee8,no-coordinate,coordinates,ablated_minus_enabled,10,10,10,10,10,10,10,10,0,0,0,0,0,0,ok,ok,complete,pass,pass,complete,confirmed,paired-repetition-student-t,,,80481,80481,80481,80481,0,0,0,0,0,0,0,,,,,530509521.80000001,520502989,762018905.20000005,769746842.5,231509383.40000001,248267727.5,208074752.11600563,254944014.68399438,43.892323604677422,38.584045764082795,49.200601445272049,,,,,66416064.399999999,65735490,66341015.100000001,65489170,-75049.300000000003,-13699,-2064712.126646695,1914613.5266466949,-0.036025300718808606,-2.9436432092888865,2.8715926078512695,,,,,5705318.4000000004,5687296,5980569.5999999996,5988352,275251.20000000001,290816,225169.83707182412,325332.5629281759,4.8367907704130122,3.9223687616420202,5.7512127791840042,,,,,size-effect-inconclusive,"delta=ablated-minus-enabled; size_delta_bytes=0.0; compression_wall_ns_delta_percent=43.89232360467742; decompression_wall_ns_delta_percent=-0.036025300718808606; peak_rss_bytes_delta_percent=4.836790770413012; conservative_size_ci95=[0.0,0.0]",
1,file,development-pilot-v2-retry,local-x86-64,x86_64,36f84685dc00064dae9a239face7e8eff797ed28,true,b1d7dba75560d44d8e234e4205e09487f93678fb8688cac6a0905486c969c2ca,1297748005,gnu-time-v1-monotonic-wall,3b11dec50514a8473e9f6efa7a34d584d0657538c09988f61b72d38ad4991a10,development,158c6bafe466a94d0f90df39b2b3038ade08238b91d61c7acf380d4fac516594,2a5428b45f9141d72b19a597f37239f8f149806b4ec11f52bee488ddf0d58164,0d41232c5473b8547fa86a26819eba1bc47444258e67e79fd612a6c85ddbfb0f,fast,1,dev-canterbury-kennedy-xls,datasets/data/canterbury/kennedy.xls,9af47239ca29dfe20e633f80bbbb9a4cc9783d0803d7b2b5626f42e4c3790420,1029744,mathsvg,fast-v1,dbdf165176991179ee1260cc32982768b62a646f6143c7cf178d1c08ffab9184,a6a85257cb16f7c5abc9017a6b88ad7be0851205384505e6cfce4f9ac5009437,81128211b782e3a4331d1c5fcd6db21eecf78dc823faab718e7ebe3f2ceeeee8,mathsvg,fast-ablation-no-coordinate-v1,d7ca26461dd4e013ff9ba35010b5f6f5433079b6b0745758edbcdcc2eebf07cb,63d89ec3cf695662715b7257592cfd07fc6406c3e68510da2ee05f89063b7dc9,81128211b782e3a4331d1c5fcd6db21eecf78dc823faab718e7ebe3f2ceeeee8,no-coordinate,coordinates,ablated_minus_enabled,10,10,10,10,10,10,10,10,0,0,0,0,0,0,ok,ok,complete,pass,pass,complete,confirmed,paired-repetition-student-t,,,261046,261046,261046,261046,0,0,0,0,0,0,0,,,,,987543173,972189357,927498160.5,921998074,-60045012.5,-51369196.5,-90065863.422725752,-30024161.577274252,-5.9716807357279684,-8.7520959866193628,-3.191265484836574,,,,,172101990,167348113.5,167296416,166683007.5,-4805574,-411694,-16241524.446220154,6630376.4462201539,-2.1890973274753929,-7.5135903536588442,3.1353956987080585,,,,,18049433.600000001,18067456,18050662.399999999,18071552,1228.8,-18432,-63347.972751120644,65805.57275112065,0.00773108849482264,-0.35084292117138499,0.36630509816103024,,,,,size-effect-inconclusive,"delta=ablated-minus-enabled; size_delta_bytes=0.0; compression_wall_ns_delta_percent=-5.971680735727968; decompression_wall_ns_delta_percent=-2.189097327475393; peak_rss_bytes_delta_percent=0.00773108849482264; conservative_size_ci95=[0.0,0.0]",
1,file,development-pilot-v2-retry,local-x86-64,x86_64,36f84685dc00064dae9a239face7e8eff797ed28,true,b1d7dba75560d44d8e234e4205e09487f93678fb8688cac6a0905486c969c2ca,1297748005,gnu-time-v1-monotonic-wall,3b11dec50514a8473e9f6efa7a34d584d0657538c09988f61b72d38ad4991a10,development,158c6bafe466a94d0f90df39b2b3038ade08238b91d61c7acf380d4fac516594,2a5428b45f9141d72b19a597f37239f8f149806b4ec11f52bee488ddf0d58164,0d41232c5473b8547fa86a26819eba1bc47444258e67e79fd612a6c85ddbfb0f,fast,1,dev-silesia-x-ray,datasets/data/silesia/x-ray,7de9fce1405dc44ae5e6813ed21cd5751e761bd4265655a005d39b9685d1c9ad,8474240,mathsvg,fast-v1,dbdf165176991179ee1260cc32982768b62a646f6143c7cf178d1c08ffab9184,a6a85257cb16f7c5abc9017a6b88ad7be0851205384505e6cfce4f9ac5009437,81128211b782e3a4331d1c5fcd6db21eecf78dc823faab718e7ebe3f2ceeeee8,mathsvg,fast-ablation-no-coordinate-v1,d7ca26461dd4e013ff9ba35010b5f6f5433079b6b0745758edbcdcc2eebf07cb,63d89ec3cf695662715b7257592cfd07fc6406c3e68510da2ee05f89063b7dc9,81128211b782e3a4331d1c5fcd6db21eecf78dc823faab718e7ebe3f2ceeeee8,no-coordinate,coordinates,ablated_minus_enabled,10,10,10,10,10,10,10,10,0,0,0,0,0,0,ok,ok,complete,pass,pass,complete,confirmed,paired-repetition-student-t,,,6832574,6832574,6832574,6832574,0,0,0,0,0,0,0,,,,,12277673127.700001,12287105600.5,12497166956.5,12470650652.5,219493828.80000001,222844464,126346197.99445046,312641459.60554957,1.7937837524474891,1.0269587344719975,2.5606087704229807,,,,,1907388863.5999999,1905479352.5,1951439266.5999999,1928509025.5,44050403,23029673,-9035757.1830424964,97136563.183042496,2.3540157552121577,-0.46137567727740425,5.1694071877017196,,,,,22515712,22530048,21527756.800000001,21524480,-987955.19999999995,-980992,-1071453.5896555202,-904456.81034447975,-4.3871154866560849,-4.7529423336881766,-4.0212886396239931,,,,,size-effect-inconclusive,"delta=ablated-minus-enabled; size_delta_bytes=0.0; compression_wall_ns_delta_percent=1.793783752447489; decompression_wall_ns_delta_percent=2.3540157552121577; peak_rss_bytes_delta_percent=-4.387115486656085; conservative_size_ci95=[0.0,0.0]",
1,file,development-pilot-v2-retry,local-x86-64,x86_64,36f84685dc00064dae9a239face7e8eff797ed28,true,b1d7dba75560d44d8e234e4205e09487f93678fb8688cac6a0905486c969c2ca,1297748005,gnu-time-v1-monotonic-wall,3b11dec50514a8473e9f6efa7a34d584d0657538c09988f61b72d38ad4991a10,development,158c6bafe466a94d0f90df39b2b3038ade08238b91d61c7acf380d4fac516594,2a5428b45f9141d72b19a597f37239f8f149806b4ec11f52bee488ddf0d58164,0d41232c5473b8547fa86a26819eba1bc47444258e67e79fd612a6c85ddbfb0f,fast,1,dev-synthetic-constant-00,datasets/synthetic/constant_00/s0000065536_n000p000_seed1297748005.bin,de2f256064a0af797747c2b97505dc0b9f3df0de4f489eac731c23ae9ca9cc31,65536,mathsvg,fast-v1,dbdf165176991179ee1260cc32982768b62a646f6143c7cf178d1c08ffab9184,a6a85257cb16f7c5abc9017a6b88ad7be0851205384505e6cfce4f9ac5009437,81128211b782e3a4331d1c5fcd6db21eecf78dc823faab718e7ebe3f2ceeeee8,mathsvg,fast-ablation-no-coordinate-v1,d7ca26461dd4e013ff9ba35010b5f6f5433079b6b0745758edbcdcc2eebf07cb,63d89ec3cf695662715b7257592cfd07fc6406c3e68510da2ee05f89063b7dc9,81128211b782e3a4331d1c5fcd6db21eecf78dc823faab718e7ebe3f2ceeeee8,no-coordinate,coordinates,ablated_minus_enabled,10,10,10,10,10,10,10,10,0,0,0,0,0,0,ok,ok,complete,pass,pass,complete,confirmed,paired-repetition-student-t,,,485,485,485,485,0,0,0,0,0,0,0,,,,,178111324,169394382,216599982.09999999,215738447.5,38488658.100000001,47547094,23455683.144230898,53521633.055769101,22.893166010626693,14.001564291222993,31.784767730030396,,,,,10294832.199999999,9056323,10419661.199999999,9098796,124829,265580.5,-923814.53822586383,1173472.5382258638,1.7883465569523058,-7.8759728291451125,11.452665943049723,,,,,5289164.7999999998,5300224,5217075.2000000002,5197824,-72089.600000000006,-106496,-132042.44423813335,-12136.755761866661,-1.3509484711698536,-2.4852572851635939,-0.21663965717611333,,,,,size-effect-inconclusive,"delta=ablated-minus-enabled; size_delta_bytes=0.0; compression_wall_ns_delta_percent=22.893166010626693; decompression_wall_ns_delta_percent=1.7883465569523058; peak_rss_bytes_delta_percent=-1.3509484711698536; conservative_size_ci95=[0.0,0.0]",
1,file,development-pilot-v2-retry,local-x86-64,x86_64,36f84685dc00064dae9a239face7e8eff797ed28,true,b1d7dba75560d44d8e234e4205e09487f93678fb8688cac6a0905486c969c2ca,1297748005,gnu-time-v1-monotonic-wall,3b11dec50514a8473e9f6efa7a34d584d0657538c09988f61b72d38ad4991a10,development,158c6bafe466a94d0f90df39b2b3038ade08238b91d61c7acf380d4fac516594,2a5428b45f9141d72b19a597f37239f8f149806b4ec11f52bee488ddf0d58164,0d41232c5473b8547fa86a26819eba1bc47444258e67e79fd612a6c85ddbfb0f,fast,1,dev-synthetic-lfsr8,datasets/synthetic/lfsr8/s0000065536_n000p000_seed1297748005.bin,c22f599374ecb687cb2737130592553d274b26414a1c37bb1d36a02a3e7cdb64,65536,mathsvg,fast-v1,dbdf165176991179ee1260cc32982768b62a646f6143c7cf178d1c08ffab9184,a6a85257cb16f7c5abc9017a6b88ad7be0851205384505e6cfce4f9ac5009437,81128211b782e3a4331d1c5fcd6db21eecf78dc823faab718e7ebe3f2ceeeee8,mathsvg,fast-ablation-no-coordinate-v1,d7ca26461dd4e013ff9ba35010b5f6f5433079b6b0745758edbcdcc2eebf07cb,63d89ec3cf695662715b7257592cfd07fc6406c3e68510da2ee05f89063b7dc9,81128211b782e3a4331d1c5fcd6db21eecf78dc823faab718e7ebe3f2ceeeee8,no-coordinate,coordinates,ablated_minus_enabled,10,10,10,10,10,10,10,10,0,0,0,0,0,0,ok,ok,complete,pass,pass,complete,confirmed,paired-repetition-student-t,,,753,753,753,753,0,0,0,0,0,0,0,,,,,117001094.90000001,117037322,167109965.80000001,167080216,50108870.899999999,50080120.5,49099971.823692024,51117769.976307973,42.845290785245808,41.650822675699679,44.039758894791937,,,,,9219544.5999999996,8955180,10571569.300000001,9121982,1352024.7,221560,-1136524.651912201,3840574.0519122006,15.573787180350223,-12.263428506087276,43.411002866787726,,,,,4695244.7999999998,4716544,5187584,5187584,492339.20000000001,460800,417528.87459909613,567149.52540090389,10.514340979078913,8.8073580605760622,12.221323897581764,,,,,size-effect-inconclusive,"delta=ablated-minus-enabled; size_delta_bytes=0.0; compression_wall_ns_delta_percent=42.84529078524581; decompression_wall_ns_delta_percent=15.573787180350223; peak_rss_bytes_delta_percent=10.514340979078913; conservative_size_ci95=[0.0,0.0]",
1,file,development-pilot-v2-retry,local-x86-64,x86_64,36f84685dc00064dae9a239face7e8eff797ed28,true,b1d7dba75560d44d8e234e4205e09487f93678fb8688cac6a0905486c969c2ca,1297748005,gnu-time-v1-monotonic-wall,3b11dec50514a8473e9f6efa7a34d584d0657538c09988f61b72d38ad4991a10,development,158c6bafe466a94d0f90df39b2b3038ade08238b91d61c7acf380d4fac516594,2a5428b45f9141d72b19a597f37239f8f149806b4ec11f52bee488ddf0d58164,0d41232c5473b8547fa86a26819eba1bc47444258e67e79fd612a6c85ddbfb0f,fast,1,dev-synthetic-linear,datasets/synthetic/linear/s0000065536_n000p000_seed1297748005.bin,35171a3b38d84c658143e78203683076d07beca32140221055c899b2dcf1cbc5,65536,mathsvg,fast-v1,dbdf165176991179ee1260cc32982768b62a646f6143c7cf178d1c08ffab9184,a6a85257cb16f7c5abc9017a6b88ad7be0851205384505e6cfce4f9ac5009437,81128211b782e3a4331d1c5fcd6db21eecf78dc823faab718e7ebe3f2ceeeee8,mathsvg,fast-ablation-no-coordinate-v1,d7ca26461dd4e013ff9ba35010b5f6f5433079b6b0745758edbcdcc2eebf07cb,63d89ec3cf695662715b7257592cfd07fc6406c3e68510da2ee05f89063b7dc9,81128211b782e3a4331d1c5fcd6db21eecf78dc823faab718e7ebe3f2ceeeee8,no-coordinate,coordinates,ablated_minus_enabled,10,10,10,10,10,10,10,10,0,0,0,0,0,0,ok,ok,complete,pass,pass,complete,confirmed,paired-repetition-student-t,,,489,489,489,489,0,0,0,0,0,0,0,,,,,167062387.80000001,166096537.5,166933836.30000001,166671636.5,-128551.5,777017.5,-2171030.814475623,1913927.814475623,-0.06161125676701671,-1.2733042851092937,1.1500817715752605,,,,,17767971.600000001,17688865,15709441.300000001,17060525,-2058530.3,-1218687,-4147499.7006933345,30439.100693334593,-11.054562225109164,-21.805937060680222,-0.30318738953810787,,,,,4723916.7999999998,4737024,5203148.7999999998,5197824,479232,491520,429663.67732893251,528800.32267106755,10.161286080825965,9.030789879341981,11.291782282309949,,,,,size-effect-inconclusive,"delta=ablated-minus-enabled; size_delta_bytes=0.0; compression_wall_ns_delta_percent=-0.06161125676701671; decompression_wall_ns_delta_percent=-11.054562225109164; peak_rss_bytes_delta_percent=10.161286080825965; conservative_size_ci95=[0.0,0.0]",
1,file,development-pilot-v2-retry,local-x86-64,x86_64,36f84685dc00064dae9a239face7e8eff797ed28,true,b1d7dba75560d44d8e234e4205e09487f93678fb8688cac6a0905486c969c2ca,1297748005,gnu-time-v1-monotonic-wall,3b11dec50514a8473e9f6efa7a34d584d0657538c09988f61b72d38ad4991a10,development,158c6bafe466a94d0f90df39b2b3038ade08238b91d61c7acf380d4fac516594,2a5428b45f9141d72b19a597f37239f8f149806b4ec11f52bee488ddf0d58164,0d41232c5473b8547fa86a26819eba1bc47444258e67e79fd612a6c85ddbfb0f,fast,1,dev-synthetic-periodic,datasets/synthetic/periodic/s0000065536_n000p000_seed1297748005.bin,742efc49d53b0f51b7a9cdc8afdf6fb69b22e359571f016274fae0b527f1d1c8,65536,mathsvg,fast-v1,dbdf165176991179ee1260cc32982768b62a646f6143c7cf178d1c08ffab9184,a6a85257cb16f7c5abc9017a6b88ad7be0851205384505e6cfce4f9ac5009437,81128211b782e3a4331d1c5fcd6db21eecf78dc823faab718e7ebe3f2ceeeee8,mathsvg,fast-ablation-no-coordinate-v1,d7ca26461dd4e013ff9ba35010b5f6f5433079b6b0745758edbcdcc2eebf07cb,63d89ec3cf695662715b7257592cfd07fc6406c3e68510da2ee05f89063b7dc9,81128211b782e3a4331d1c5fcd6db21eecf78dc823faab718e7ebe3f2ceeeee8,no-coordinate,coordinates,ablated_minus_enabled,10,10,10,10,10,10,10,10,0,0,0,0,0,0,ok,ok,complete,pass,pass,complete,confirmed,paired-repetition-student-t,,,500,500,500,500,0,0,0,0,0,0,0,,,,,116482231.3,115852873,166943908.69999999,166197611.5,50461677.399999999,50469265,49768642.039977878,51154712.760022119,43.328751643515595,42.579015424916228,44.078487862114962,,,,,11279751.9,9026034.5,10834817,9596292,-444934.90000000002,127739,-4206284.7039233688,3316414.903923369,4.7626898458665794,-27.061049495163864,36.586429186897021,,,,,4739481.5999999996,4741120,5179801.5999999996,5183488,440320,448512,404509.39179385162,476130.60820614838,9.299680115083909,8.4885833284252818,10.110776901742536,,,,,size-effect-inconclusive,"delta=ablated-minus-enabled; size_delta_bytes=0.0; compression_wall_ns_delta_percent=43.328751643515595; decompression_wall_ns_delta_percent=4.762689845866579; peak_rss_bytes_delta_percent=9.299680115083909; conservative_size_ci95=[0.0,0.0]",
1,file,development-pilot-v2-retry,local-x86-64,x86_64,36f84685dc00064dae9a239face7e8eff797ed28,true,b1d7dba75560d44d8e234e4205e09487f93678fb8688cac6a0905486c969c2ca,1297748005,gnu-time-v1-monotonic-wall,3b11dec50514a8473e9f6efa7a34d584d0657538c09988f61b72d38ad4991a10,development,158c6bafe466a94d0f90df39b2b3038ade08238b91d61c7acf380d4fac516594,2a5428b45f9141d72b19a597f37239f8f149806b4ec11f52bee488ddf0d58164,0d41232c5473b8547fa86a26819eba1bc47444258e67e79fd612a6c85ddbfb0f,fast,1,dev-synthetic-piecewise-mixed,datasets/synthetic/piecewise_mixed/s0000065536_n000p000_seed1297748005.bin,38b3dc136b580000e98f02e075e2afc2aaa55e824df172b419522b9d70abe9ea,65536,mathsvg,fast-v1,dbdf165176991179ee1260cc32982768b62a646f6143c7cf178d1c08ffab9184,a6a85257cb16f7c5abc9017a6b88ad7be0851205384505e6cfce4f9ac5009437,81128211b782e3a4331d1c5fcd6db21eecf78dc823faab718e7ebe3f2ceeeee8,mathsvg,fast-ablation-no-coordinate-v1,d7ca26461dd4e013ff9ba35010b5f6f5433079b6b0745758edbcdcc2eebf07cb,63d89ec3cf695662715b7257592cfd07fc6406c3e68510da2ee05f89063b7dc9,81128211b782e3a4331d1c5fcd6db21eecf78dc823faab718e7ebe3f2ceeeee8,no-coordinate,coordinates,ablated_minus_enabled,10,10,10,10,10,10,10,10,0,0,0,0,0,0,ok,ok,complete,pass,pass,complete,confirmed,paired-repetition-student-t,,,13203,13203,13203,13203,0,0,0,0,0,0,0,,,,,146537381.09999999,165764987,171749040.90000001,166345205,25211659.800000001,24959053,6647126.3315613121,43776193.268438689,20.208610066733957,5.0382763694213928,35.378943764046525,,,,,12069805.800000001,10387259.5,9922238.5,8991033.5,-2147567.2999999998,-519768.5,-5045880.5928845108,750745.99288451159,-11.804303295848781,-30.219199324152171,6.6105927324546077,,,,,4614553.5999999996,4620288,5267865.5999999996,5283840,653312,667648,592364.32431326411,714259.67568673589,14.167546642803092,12.784288550930153,15.550804734676031,,,,,size-effect-inconclusive,"delta=ablated-minus-enabled; size_delta_bytes=0.0; compression_wall_ns_delta_percent=20.208610066733957; decompression_wall_ns_delta_percent=-11.804303295848781; peak_rss_bytes_delta_percent=14.167546642803092; conservative_size_ci95=[0.0,0.0]",
1,file,development-pilot-v2-retry,local-x86-64,x86_64,36f84685dc00064dae9a239face7e8eff797ed28,true,b1d7dba75560d44d8e234e4205e09487f93678fb8688cac6a0905486c969c2ca,1297748005,gnu-time-v1-monotonic-wall,3b11dec50514a8473e9f6efa7a34d584d0657538c09988f61b72d38ad4991a10,development,158c6bafe466a94d0f90df39b2b3038ade08238b91d61c7acf380d4fac516594,2a5428b45f9141d72b19a597f37239f8f149806b4ec11f52bee488ddf0d58164,0d41232c5473b8547fa86a26819eba1bc47444258e67e79fd612a6c85ddbfb0f,fast,1,dev-synthetic-polynomial-d2,datasets/synthetic/polynomial_d2/s0000065536_n000p000_seed1297748005.bin,84d3c13eee3f79467573fc92d68af063eeeb786852df80299fe4c5e51659f4e3,65536,mathsvg,fast-v1,dbdf165176991179ee1260cc32982768b62a646f6143c7cf178d1c08ffab9184,a6a85257cb16f7c5abc9017a6b88ad7be0851205384505e6cfce4f9ac5009437,81128211b782e3a4331d1c5fcd6db21eecf78dc823faab718e7ebe3f2ceeeee8,mathsvg,fast-ablation-no-coordinate-v1,d7ca26461dd4e013ff9ba35010b5f6f5433079b6b0745758edbcdcc2eebf07cb,63d89ec3cf695662715b7257592cfd07fc6406c3e68510da2ee05f89063b7dc9,81128211b782e3a4331d1c5fcd6db21eecf78dc823faab718e7ebe3f2ceeeee8,no-coordinate,coordinates,ablated_minus_enabled,10,10,10,10,10,10,10,10,0,0,0,0,0,0,ok,ok,complete,pass,pass,complete,confirmed,paired-repetition-student-t,,,754,754,754,754,0,0,0,0,0,0,0,,,,,117311946.2,117603447,161589931,166199423,44277984.799999997,48910331,33017771.802389979,55538197.797610015,37.772471993707818,28.155333092553168,47.389610894862471,,,,,11199347.800000001,9181962.5,10919958.5,10095896,-279389.29999999999,355715,-2913683.2306765337,2354904.630676534,2.4856916863212044,-15.568386125192855,20.539769497835263,,,,,4744806.4000000004,4743168,5216665.5999999996,5224448,471859.20000000001,458752,430891.81243248482,512826.58756751521,9.9515993748687421,9.0449094335325864,10.858289316204898,,,,,size-effect-inconclusive,"delta=ablated-minus-enabled; size_delta_bytes=0.0; compression_wall_ns_delta_percent=37.77247199370782; decompression_wall_ns_delta_percent=2.4856916863212044; peak_rss_bytes_delta_percent=9.951599374868742; conservative_size_ci95=[0.0,0.0]",
1,file,development-pilot-v2-retry,local-x86-64,x86_64,36f84685dc00064dae9a239face7e8eff797ed28,true,b1d7dba75560d44d8e234e4205e09487f93678fb8688cac6a0905486c969c2ca,1297748005,gnu-time-v1-monotonic-wall,3b11dec50514a8473e9f6efa7a34d584d0657538c09988f61b72d38ad4991a10,development,158c6bafe466a94d0f90df39b2b3038ade08238b91d61c7acf380d4fac516594,2a5428b45f9141d72b19a597f37239f8f149806b4ec11f52bee488ddf0d58164,0d41232c5473b8547fa86a26819eba1bc47444258e67e79fd612a6c85ddbfb0f,fast,1,dev-synthetic-random,datasets/synthetic/random/s0000065536_n000p000_seed1297748005.bin,9e4d8d3305ce218314fdc3746942be9b9f0df4e3f1673227fcd510319189dbdc,65536,mathsvg,fast-v1,dbdf165176991179ee1260cc32982768b62a646f6143c7cf178d1c08ffab9184,a6a85257cb16f7c5abc9017a6b88ad7be0851205384505e6cfce4f9ac5009437,81128211b782e3a4331d1c5fcd6db21eecf78dc823faab718e7ebe3f2ceeeee8,mathsvg,fast-ablation-no-coordinate-v1,d7ca26461dd4e013ff9ba35010b5f6f5433079b6b0745758edbcdcc2eebf07cb,63d89ec3cf695662715b7257592cfd07fc6406c3e68510da2ee05f89063b7dc9,81128211b782e3a4331d1c5fcd6db21eecf78dc823faab718e7ebe3f2ceeeee8,no-coordinate,coordinates,ablated_minus_enabled,10,10,10,10,10,10,10,10,0,0,0,0,0,0,ok,ok,complete,pass,pass,complete,confirmed,paired-repetition-student-t,,,66024,66024,66024,66024,0,0,0,0,0,0,0,,,,,167498445.5,166957745.5,167577158.30000001,167531912,78712.800000000003,143174,-1907513.5157442535,2064939.1157442536,0.057010983971468067,-1.1292451544160951,1.2432671223590313,,,,,17156698.5,17201290.5,16024446.9,17037428.5,-1132251.6000000001,-296857,-2682986.3154920507,418483.11549205054,-6.098056934545375,-14.954004603059218,2.7578907339684671,,,,,4921753.5999999996,4923392,5480448,5480448,558694.40000000002,546816,490048.85610989365,627339.9438901064,11.368746394112447,9.8886707952176529,12.848821993007242,,,,,size-effect-inconclusive,"delta=ablated-minus-enabled; size_delta_bytes=0.0; compression_wall_ns_delta_percent=0.05701098397146807; decompression_wall_ns_delta_percent=-6.098056934545375; peak_rss_bytes_delta_percent=11.368746394112447; conservative_size_ci95=[0.0,0.0]",
1,file,development-pilot-v2-retry,local-x86-64,x86_64,36f84685dc00064dae9a239face7e8eff797ed28,true,b1d7dba75560d44d8e234e4205e09487f93678fb8688cac6a0905486c969c2ca,1297748005,gnu-time-v1-monotonic-wall,3b11dec50514a8473e9f6efa7a34d584d0657538c09988f61b72d38ad4991a10,development,158c6bafe466a94d0f90df39b2b3038ade08238b91d61c7acf380d4fac516594,2a5428b45f9141d72b19a597f37239f8f149806b4ec11f52bee488ddf0d58164,0d41232c5473b8547fa86a26819eba1bc47444258e67e79fd612a6c85ddbfb0f,fast,1,dev-synthetic-recurrence,datasets/synthetic/recurrence/s0000065536_n000p000_seed1297748005.bin,8d5944aabf5526f28b79d4b3841ec21dbd86daac0caa96729fec8838039fdd69,65536,mathsvg,fast-v1,dbdf165176991179ee1260cc32982768b62a646f6143c7cf178d1c08ffab9184,a6a85257cb16f7c5abc9017a6b88ad7be0851205384505e6cfce4f9ac5009437,81128211b782e3a4331d1c5fcd6db21eecf78dc823faab718e7ebe3f2ceeeee8,mathsvg,fast-ablation-no-coordinate-v1,d7ca26461dd4e013ff9ba35010b5f6f5433079b6b0745758edbcdcc2eebf07cb,63d89ec3cf695662715b7257592cfd07fc6406c3e68510da2ee05f89063b7dc9,81128211b782e3a4331d1c5fcd6db21eecf78dc823faab718e7ebe3f2ceeeee8,no-coordinate,coordinates,ablated_minus_enabled,10,10,10,10,10,10,10,10,0,0,0,0,0,0,ok,ok,complete,pass,pass,complete,confirmed,paired-repetition-student-t,,,882,882,882,882,0,0,0,0,0,0,0,,,,,117132210.5,116930302.5,167751723.40000001,167017362.5,50619512.899999999,49777178,48261434.92888578,52977590.871114217,43.252139264622841,40.902644223679893,45.601634305565788,,,,,12389973.199999999,10440480,10249030.5,9024266,-2140942.7000000002,127407,-5682849.5731616672,1400964.1731616664,-10.084300138759165,-30.877484592083768,10.708884314565438,,,,,4723916.7999999998,4726784,5177344,5187584,453427.20000000001,464896,405105.09209670441,501749.30790329562,9.6078858390937434,8.5379443555047096,10.677827322682777,,,,,size-effect-inconclusive,"delta=ablated-minus-enabled; size_delta_bytes=0.0; compression_wall_ns_delta_percent=43.25213926462284; decompression_wall_ns_delta_percent=-10.084300138759165; peak_rss_bytes_delta_percent=9.607885839093743; conservative_size_ci95=[0.0,0.0]",
1,corpus,development-pilot-v2-retry,local-x86-64,x86_64,36f84685dc00064dae9a239face7e8eff797ed28,true,b1d7dba75560d44d8e234e4205e09487f93678fb8688cac6a0905486c969c2ca,1297748005,gnu-time-v1-monotonic-wall,3b11dec50514a8473e9f6efa7a34d584d0657538c09988f61b72d38ad4991a10,development,158c6bafe466a94d0f90df39b2b3038ade08238b91d61c7acf380d4fac516594,2a5428b45f9141d72b19a597f37239f8f149806b4ec11f52bee488ddf0d58164,0d41232c5473b8547fa86a26819eba1bc47444258e67e79fd612a6c85ddbfb0f,fast,1,__aggregate__,,,10180361,mathsvg,fast-v1,dbdf165176991179ee1260cc32982768b62a646f6143c7cf178d1c08ffab9184,a6a85257cb16f7c5abc9017a6b88ad7be0851205384505e6cfce4f9ac5009437,81128211b782e3a4331d1c5fcd6db21eecf78dc823faab718e7ebe3f2ceeeee8,mathsvg,fast-ablation-no-coordinate-v1,d7ca26461dd4e013ff9ba35010b5f6f5433079b6b0745758edbcdcc2eebf07cb,63d89ec3cf695662715b7257592cfd07fc6406c3e68510da2ee05f89063b7dc9,81128211b782e3a4331d1c5fcd6db21eecf78dc823faab718e7ebe3f2ceeeee8,no-coordinate,coordinates,ablated_minus_enabled,10,110,110,110,110,110,10,10,0,0,0,0,0,0,ok,ok,complete,pass,pass,complete,confirmed,paired-repetition-student-t+deterministic-paired-file-bootstrap,10000,1297748005,7257191,7257191,7257191,7257191,0,0,0,0,0,0,0,0,0,0,0,14922862843.799999,14938594127.5,15572939568.700001,15561921003,650076724.89999998,704839109,547838051.58533978,752315398.21466017,4.3618281024311267,3.658850616947749,5.0648055879145044,152175255.95500001,1258149255.1049998,1.7124141033985414,33.693846899994753,2247284843.5999999,2254000939.5,2279727860.9000001,2256872916.5,32443017.300000001,5157572,-18159877.545177136,83045912.145177141,1.4623998968930949,-0.80631694234122087,3.7311167361274107,-20942885.5425,126747084.5475,-5.6168130925582789,2.2059070478511789,22515712,22530048,21527756.800000001,21524480,-987955.19999999995,-980992,-1071453.5896555202,-904456.81034447975,-4.3871154866560849,-4.7529423336881766,-4.0212886396239931,-987955.19999999995,275251.20000000001,-4.3871154866560849,4.8367907704130122,size-effect-inconclusive,"delta=ablated-minus-enabled; size_delta_bytes=0.0; compression_wall_ns_delta_percent=4.361828102431127; decompression_wall_ns_delta_percent=1.462399896893095; peak_rss_bytes_delta_percent=-4.387115486656085; conservative_size_ci95=[0.0,0.0]",
1,file,development-pilot-v2-retry,local-x86-64,x86_64,36f84685dc00064dae9a239face7e8eff797ed28,true,b1d7dba75560d44d8e234e4205e09487f93678fb8688cac6a0905486c969c2ca,1297748005,gnu-time-v1-monotonic-wall,3b11dec50514a8473e9f6efa7a34d584d0657538c09988f61b72d38ad4991a10,development,158c6bafe466a94d0f90df39b2b3038ade08238b91d61c7acf380d4fac516594,2a5428b45f9141d72b19a597f37239f8f149806b4ec11f52bee488ddf0d58164,0d41232c5473b8547fa86a26819eba1bc47444258e67e79fd612a6c85ddbfb0f,fast,1,dev-canterbury-alice29-txt,datasets/data/canterbury/alice29.txt,7467306ee0feed4971260f3c87421154a05be571d944e9cb021a5713700c38f0,152089,mathsvg,fast-v1,dbdf165176991179ee1260cc32982768b62a646f6143c7cf178d1c08ffab9184,a6a85257cb16f7c5abc9017a6b88ad7be0851205384505e6cfce4f9ac5009437,81128211b782e3a4331d1c5fcd6db21eecf78dc823faab718e7ebe3f2ceeeee8,mathsvg,fast-ablation-no-whole-block-entropy-v1,036664ca0567442e358e36e2564fb5b50a5e75619d748ddd5a2fd387db06179b,374ded8ad69114922aa74ea6455a514872b83470f541977652b1379ab14aed5e,81128211b782e3a4331d1c5fcd6db21eecf78dc823faab718e7ebe3f2ceeeee8,no-whole-block-entropy,whole-block-entropy,ablated_minus_enabled,10,10,10,10,10,10,10,10,0,0,0,0,0,0,ok,ok,complete,pass,pass,complete,confirmed,paired-repetition-student-t,,,80481,80481,152577,152577,72096,72096,72096,72096,89.581391881313607,89.581391881313607,89.581391881313607,,,,,530509521.80000001,520502989,419328486.30000001,419275913.5,-111181035.5,-100711326,-126795629.3391483,-95566441.660851702,-20.844028170285071,-23.055821126756516,-18.632235213813626,,,,,66416064.399999999,65735490,17448457.800000001,17142683.5,-48967606.600000001,-48345468,-50447880.136708193,-47487333.06329181,-73.707367635571103,-74.704110264663996,-72.71062500647821,,,,,5705318.4000000004,5687296,5932236.7999999998,5939200,226918.39999999999,249856,146987.10799518821,306849.69200481178,3.9981366592509473,2.5645568762267876,5.431716442275107,,,,,enabled-algorithm-size-benefit,"delta=ablated-minus-enabled; size_delta_bytes=72096.0; compression_wall_ns_delta_percent=-20.84402817028507; decompression_wall_ns_delta_percent=-73.7073676355711; peak_rss_bytes_delta_percent=3.9981366592509473; conservative_size_ci95=[72096.0,72096.0]",
1,file,development-pilot-v2-retry,local-x86-64,x86_64,36f84685dc00064dae9a239face7e8eff797ed28,true,b1d7dba75560d44d8e234e4205e09487f93678fb8688cac6a0905486c969c2ca,1297748005,gnu-time-v1-monotonic-wall,3b11dec50514a8473e9f6efa7a34d584d0657538c09988f61b72d38ad4991a10,development,158c6bafe466a94d0f90df39b2b3038ade08238b91d61c7acf380d4fac516594,2a5428b45f9141d72b19a597f37239f8f149806b4ec11f52bee488ddf0d58164,0d41232c5473b8547fa86a26819eba1bc47444258e67e79fd612a6c85ddbfb0f,fast,1,dev-canterbury-kennedy-xls,datasets/data/canterbury/kennedy.xls,9af47239ca29dfe20e633f80bbbb9a4cc9783d0803d7b2b5626f42e4c3790420,1029744,mathsvg,fast-v1,dbdf165176991179ee1260cc32982768b62a646f6143c7cf178d1c08ffab9184,a6a85257cb16f7c5abc9017a6b88ad7be0851205384505e6cfce4f9ac5009437,81128211b782e3a4331d1c5fcd6db21eecf78dc823faab718e7ebe3f2ceeeee8,mathsvg,fast-ablation-no-whole-block-entropy-v1,036664ca0567442e358e36e2564fb5b50a5e75619d748ddd5a2fd387db06179b,374ded8ad69114922aa74ea6455a514872b83470f541977652b1379ab14aed5e,81128211b782e3a4331d1c5fcd6db21eecf78dc823faab718e7ebe3f2ceeeee8,no-whole-block-entropy,whole-block-entropy,ablated_minus_enabled,10,10,10,10,10,10,10,10,0,0,0,0,0,0,ok,ok,complete,pass,pass,complete,confirmed,paired-repetition-student-t,,,261046,261046,1030232,1030232,769186,769186,769186,769186,294.65534809956864,294.65534809956864,294.65534809956864,,,,,987543173,972189357,660224104.10000002,670283873,-327319068.89999998,-306660381,-353749937.8260693,-300888199.97393066,-33.088908292246415,-35.116329579702011,-31.061487004790823,,,,,172101990,167348113.5,72588383.900000006,67919407.5,-99513606.099999994,-100154703,-117009591.75494441,-82017620.445055574,-57.471940321465738,-65.097558974229941,-49.846321668701528,,,,,18049433.600000001,18067456,19703398.399999999,19709952,1653964.8,1648640,1594867.6219266781,1713061.978073322,9.1645767724389522,8.821340682587044,9.5078128622908604,,,,,enabled-algorithm-size-benefit,"delta=ablated-minus-enabled; size_delta_bytes=769186.0; compression_wall_ns_delta_percent=-33.088908292246415; decompression_wall_ns_delta_percent=-57.47194032146574; peak_rss_bytes_delta_percent=9.164576772438952; conservative_size_ci95=[769186.0,769186.0]",
1,file,development-pilot-v2-retry,local-x86-64,x86_64,36f84685dc00064dae9a239face7e8eff797ed28,true,b1d7dba75560d44d8e234e4205e09487f93678fb8688cac6a0905486c969c2ca,1297748005,gnu-time-v1-monotonic-wall,3b11dec50514a8473e9f6efa7a34d584d0657538c09988f61b72d38ad4991a10,development,158c6bafe466a94d0f90df39b2b3038ade08238b91d61c7acf380d4fac516594,2a5428b45f9141d72b19a597f37239f8f149806b4ec11f52bee488ddf0d58164,0d41232c5473b8547fa86a26819eba1bc47444258e67e79fd612a6c85ddbfb0f,fast,1,dev-silesia-x-ray,datasets/data/silesia/x-ray,7de9fce1405dc44ae5e6813ed21cd5751e761bd4265655a005d39b9685d1c9ad,8474240,mathsvg,fast-v1,dbdf165176991179ee1260cc32982768b62a646f6143c7cf178d1c08ffab9184,a6a85257cb16f7c5abc9017a6b88ad7be0851205384505e6cfce4f9ac5009437,81128211b782e3a4331d1c5fcd6db21eecf78dc823faab718e7ebe3f2ceeeee8,mathsvg,fast-ablation-no-whole-block-entropy-v1,036664ca0567442e358e36e2564fb5b50a5e75619d748ddd5a2fd387db06179b,374ded8ad69114922aa74ea6455a514872b83470f541977652b1379ab14aed5e,81128211b782e3a4331d1c5fcd6db21eecf78dc823faab718e7ebe3f2ceeeee8,no-whole-block-entropy,whole-block-entropy,ablated_minus_enabled,10,10,10,10,10,10,10,10,0,0,0,0,0,0,ok,ok,complete,pass,pass,complete,confirmed,paired-repetition-student-t,,,6832574,6832574,8476584,8476584,1644010,1644010,1644010,1644010,24.06135667173162,24.06135667173162,24.06135667173162,,,,,12277673127.700001,12287105600.5,5239810768.1000004,5244017753.5,-7037862359.6000004,-7039101356,-7110762307.8159971,-6964962411.3840036,-57.320432758615809,-57.644386687758534,-56.996478829473084,,,,,1907388863.5999999,1905479352.5,418237595.30000001,417883895.5,-1489151268.3,-1486904044,-1513198191.8874042,-1465104344.7125957,-78.066821931404363,-78.338810099208771,-77.794833763599954,,,,,22515712,22530048,23959142.399999999,23982080,1443430.3999999999,1431552,1390364.0897028344,1496496.7102971654,6.4111245074287098,6.1698441919012632,6.6524048229561563,,,,,enabled-algorithm-size-benefit,"delta=ablated-minus-enabled; size_delta_bytes=1644010.0; compression_wall_ns_delta_percent=-57.32043275861581; decompression_wall_ns_delta_percent=-78.06682193140436; peak_rss_bytes_delta_percent=6.41112450742871; conservative_size_ci95=[1644010.0,1644010.0]",
1,file,development-pilot-v2-retry,local-x86-64,x86_64,36f84685dc00064dae9a239face7e8eff797ed28,true,b1d7dba75560d44d8e234e4205e09487f93678fb8688cac6a0905486c969c2ca,1297748005,gnu-time-v1-monotonic-wall,3b11dec50514a8473e9f6efa7a34d584d0657538c09988f61b72d38ad4991a10,development,158c6bafe466a94d0f90df39b2b3038ade08238b91d61c7acf380d4fac516594,2a5428b45f9141d72b19a597f37239f8f149806b4ec11f52bee488ddf0d58164,0d41232c5473b8547fa86a26819eba1bc47444258e67e79fd612a6c85ddbfb0f,fast,1,dev-synthetic-constant-00,datasets/synthetic/constant_00/s0000065536_n000p000_seed1297748005.bin,de2f256064a0af797747c2b97505dc0b9f3df0de4f489eac731c23ae9ca9cc31,65536,mathsvg,fast-v1,dbdf165176991179ee1260cc32982768b62a646f6143c7cf178d1c08ffab9184,a6a85257cb16f7c5abc9017a6b88ad7be0851205384505e6cfce4f9ac5009437,81128211b782e3a4331d1c5fcd6db21eecf78dc823faab718e7ebe3f2ceeeee8,mathsvg,fast-ablation-no-whole-block-entropy-v1,036664ca0567442e358e36e2564fb5b50a5e75619d748ddd5a2fd387db06179b,374ded8ad69114922aa74ea6455a514872b83470f541977652b1379ab14aed5e,81128211b782e3a4331d1c5fcd6db21eecf78dc823faab718e7ebe3f2ceeeee8,no-whole-block-entropy,whole-block-entropy,ablated_minus_enabled,10,10,10,10,10,10,10,10,0,0,0,0,0,0,ok,ok,complete,pass,pass,complete,confirmed,paired-repetition-student-t,,,485,485,485,485,0,0,0,0,0,0,0,,,,,178111324,169394382,167619732.59999999,166842048,-10491591.4,-2429781.5,-24642837.930591404,3659655.1305914018,-4.9576117361357941,-11.473628479517856,1.5584050072462681,,,,,10294832.199999999,9056323,9830088.5999999996,9561188,-464743.59999999998,-125730.5,-2336534.9131551748,1407047.7131551746,-0.65184258265500394,-15.745428694080422,14.441743528770415,,,,,5289164.7999999998,5300224,4697292.7999999998,4708352,-591872,-602112,-647621.39471505443,-536122.60528494557,-11.177593872556663,-12.14683447300027,-10.208353272113056,,,,,size-effect-inconclusive,"delta=ablated-minus-enabled; size_delta_bytes=0.0; compression_wall_ns_delta_percent=-4.957611736135794; decompression_wall_ns_delta_percent=-0.6518425826550039; peak_rss_bytes_delta_percent=-11.177593872556663; conservative_size_ci95=[0.0,0.0]",
1,file,development-pilot-v2-retry,local-x86-64,x86_64,36f84685dc00064dae9a239face7e8eff797ed28,true,b1d7dba75560d44d8e234e4205e09487f93678fb8688cac6a0905486c969c2ca,1297748005,gnu-time-v1-monotonic-wall,3b11dec50514a8473e9f6efa7a34d584d0657538c09988f61b72d38ad4991a10,development,158c6bafe466a94d0f90df39b2b3038ade08238b91d61c7acf380d4fac516594,2a5428b45f9141d72b19a597f37239f8f149806b4ec11f52bee488ddf0d58164,0d41232c5473b8547fa86a26819eba1bc47444258e67e79fd612a6c85ddbfb0f,fast,1,dev-synthetic-lfsr8,datasets/synthetic/lfsr8/s0000065536_n000p000_seed1297748005.bin,c22f599374ecb687cb2737130592553d274b26414a1c37bb1d36a02a3e7cdb64,65536,mathsvg,fast-v1,dbdf165176991179ee1260cc32982768b62a646f6143c7cf178d1c08ffab9184,a6a85257cb16f7c5abc9017a6b88ad7be0851205384505e6cfce4f9ac5009437,81128211b782e3a4331d1c5fcd6db21eecf78dc823faab718e7ebe3f2ceeeee8,mathsvg,fast-ablation-no-whole-block-entropy-v1,036664ca0567442e358e36e2564fb5b50a5e75619d748ddd5a2fd387db06179b,374ded8ad69114922aa74ea6455a514872b83470f541977652b1379ab14aed5e,81128211b782e3a4331d1c5fcd6db21eecf78dc823faab718e7ebe3f2ceeeee8,no-whole-block-entropy,whole-block-entropy,ablated_minus_enabled,10,10,10,10,10,10,10,10,0,0,0,0,0,0,ok,ok,complete,pass,pass,complete,confirmed,paired-repetition-student-t,,,753,753,66024,66024,65271,65271,65271,65271,8668.1274900398403,8668.1274900398403,8668.1274900398403,,,,,117001094.90000001,117037322,166281814.69999999,165728269.5,49280719.799999997,50049834.5,47947061.708073474,50614377.89192652,42.143580295884604,40.649605218289707,43.637555373479501,,,,,9219544.5999999996,8955180,16872863.199999999,17158191,7653318.5999999996,8169146,6293127.5962355938,9013509.6037644055,83.332256539694271,67.862213397583517,98.802299681805025,,,,,4695244.7999999998,4716544,5343232,5341184,647987.19999999995,657408,597867.76106622641,698106.6389337735,13.81617822584902,12.651615476757808,14.980740974940232,,,,,enabled-algorithm-size-benefit,"delta=ablated-minus-enabled; size_delta_bytes=65271.0; compression_wall_ns_delta_percent=42.143580295884604; decompression_wall_ns_delta_percent=83.33225653969427; peak_rss_bytes_delta_percent=13.81617822584902; conservative_size_ci95=[65271.0,65271.0]",
1,file,development-pilot-v2-retry,local-x86-64,x86_64,36f84685dc00064dae9a239face7e8eff797ed28,true,b1d7dba75560d44d8e234e4205e09487f93678fb8688cac6a0905486c969c2ca,1297748005,gnu-time-v1-monotonic-wall,3b11dec50514a8473e9f6efa7a34d584d0657538c09988f61b72d38ad4991a10,development,158c6bafe466a94d0f90df39b2b3038ade08238b91d61c7acf380d4fac516594,2a5428b45f9141d72b19a597f37239f8f149806b4ec11f52bee488ddf0d58164,0d41232c5473b8547fa86a26819eba1bc47444258e67e79fd612a6c85ddbfb0f,fast,1,dev-synthetic-linear,datasets/synthetic/linear/s0000065536_n000p000_seed1297748005.bin,35171a3b38d84c658143e78203683076d07beca32140221055c899b2dcf1cbc5,65536,mathsvg,fast-v1,dbdf165176991179ee1260cc32982768b62a646f6143c7cf178d1c08ffab9184,a6a85257cb16f7c5abc9017a6b88ad7be0851205384505e6cfce4f9ac5009437,81128211b782e3a4331d1c5fcd6db21eecf78dc823faab718e7ebe3f2ceeeee8,mathsvg,fast-ablation-no-whole-block-entropy-v1,036664ca0567442e358e36e2564fb5b50a5e75619d748ddd5a2fd387db06179b,374ded8ad69114922aa74ea6455a514872b83470f541977652b1379ab14aed5e,81128211b782e3a4331d1c5fcd6db21eecf78dc823faab718e7ebe3f2ceeeee8,no-whole-block-entropy,whole-block-entropy,ablated_minus_enabled,10,10,10,10,10,10,10,10,0,0,0,0,0,0,ok,ok,complete,pass,pass,complete,confirmed,paired-repetition-student-t,,,489,489,489,489,0,0,0,0,0,0,0,,,,,167062387.80000001,166096537.5,166298214.59999999,165902136,-764173.19999999995,-284875,-2448769.2941837022,920422.89418370253,-0.44454512368585775,-1.4392513939704967,0.55016114659878124,,,,,17767971.600000001,17688865,15297969.300000001,17043044,-2470002.2999999998,-1586268,-6581419.7999502188,1641415.1999502191,-9.1416136312214338,-35.99617767384732,17.712950411404456,,,,,4723916.7999999998,4737024,5272371.2000000002,5273600,548454.40000000002,538624,477000.51298263,619908.28701737011,11.634015686944299,10.020939647178203,13.247091726710394,,,,,size-effect-inconclusive,"delta=ablated-minus-enabled; size_delta_bytes=0.0; compression_wall_ns_delta_percent=-0.44454512368585775; decompression_wall_ns_delta_percent=-9.141613631221434; peak_rss_bytes_delta_percent=11.634015686944299; conservative_size_ci95=[0.0,0.0]",
1,file,development-pilot-v2-retry,local-x86-64,x86_64,36f84685dc00064dae9a239face7e8eff797ed28,true,b1d7dba75560d44d8e234e4205e09487f93678fb8688cac6a0905486c969c2ca,1297748005,gnu-time-v1-monotonic-wall,3b11dec50514a8473e9f6efa7a34d584d0657538c09988f61b72d38ad4991a10,development,158c6bafe466a94d0f90df39b2b3038ade08238b91d61c7acf380d4fac516594,2a5428b45f9141d72b19a597f37239f8f149806b4ec11f52bee488ddf0d58164,0d41232c5473b8547fa86a26819eba1bc47444258e67e79fd612a6c85ddbfb0f,fast,1,dev-synthetic-periodic,datasets/synthetic/periodic/s0000065536_n000p000_seed1297748005.bin,742efc49d53b0f51b7a9cdc8afdf6fb69b22e359571f016274fae0b527f1d1c8,65536,mathsvg,fast-v1,dbdf165176991179ee1260cc32982768b62a646f6143c7cf178d1c08ffab9184,a6a85257cb16f7c5abc9017a6b88ad7be0851205384505e6cfce4f9ac5009437,81128211b782e3a4331d1c5fcd6db21eecf78dc823faab718e7ebe3f2ceeeee8,mathsvg,fast-ablation-no-whole-block-entropy-v1,036664ca0567442e358e36e2564fb5b50a5e75619d748ddd5a2fd387db06179b,374ded8ad69114922aa74ea6455a514872b83470f541977652b1379ab14aed5e,81128211b782e3a4331d1c5fcd6db21eecf78dc823faab718e7ebe3f2ceeeee8,no-whole-block-entropy,whole-block-entropy,ablated_minus_enabled,10,10,10,10,10,10,10,10,0,0,0,0,0,0,ok,ok,complete,pass,pass,complete,confirmed,paired-repetition-student-t,,,500,500,66024,66024,65524,65524,65524,65524,13104.799999999999,13104.799999999999,13104.799999999999,,,,,116482231.3,115852873,121668531.5,116370466.5,5186300.2000000002,559262,-6151924.272320346,16524524.672320347,4.4878905439261798,-5.297686334537663,14.273467422390024,,,,,11279751.9,9026034.5,16221045.699999999,16944687,4941293.7999999998,7924290,1527222.0217957026,8355365.5782042965,54.707608694190164,21.946478307229476,87.468739081150858,,,,,4739481.5999999996,4741120,4963123.2000000002,4976640,223641.60000000001,223232,152217.75371731981,295065.4462826802,4.7351739389244063,3.2011011659696109,6.2692467118792017,,,,,enabled-algorithm-size-benefit,"delta=ablated-minus-enabled; size_delta_bytes=65524.0; compression_wall_ns_delta_percent=4.48789054392618; decompression_wall_ns_delta_percent=54.707608694190164; peak_rss_bytes_delta_percent=4.735173938924406; conservative_size_ci95=[65524.0,65524.0]",
1,file,development-pilot-v2-retry,local-x86-64,x86_64,36f84685dc00064dae9a239face7e8eff797ed28,true,b1d7dba75560d44d8e234e4205e09487f93678fb8688cac6a0905486c969c2ca,1297748005,gnu-time-v1-monotonic-wall,3b11dec50514a8473e9f6efa7a34d584d0657538c09988f61b72d38ad4991a10,development,158c6bafe466a94d0f90df39b2b3038ade08238b91d61c7acf380d4fac516594,2a5428b45f9141d72b19a597f37239f8f149806b4ec11f52bee488ddf0d58164,0d41232c5473b8547fa86a26819eba1bc47444258e67e79fd612a6c85ddbfb0f,fast,1,dev-synthetic-piecewise-mixed,datasets/synthetic/piecewise_mixed/s0000065536_n000p000_seed1297748005.bin,38b3dc136b580000e98f02e075e2afc2aaa55e824df172b419522b9d70abe9ea,65536,mathsvg,fast-v1,dbdf165176991179ee1260cc32982768b62a646f6143c7cf178d1c08ffab9184,a6a85257cb16f7c5abc9017a6b88ad7be0851205384505e6cfce4f9ac5009437,81128211b782e3a4331d1c5fcd6db21eecf78dc823faab718e7ebe3f2ceeeee8,mathsvg,fast-ablation-no-whole-block-entropy-v1,036664ca0567442e358e36e2564fb5b50a5e75619d748ddd5a2fd387db06179b,374ded8ad69114922aa74ea6455a514872b83470f541977652b1379ab14aed5e,81128211b782e3a4331d1c5fcd6db21eecf78dc823faab718e7ebe3f2ceeeee8,no-whole-block-entropy,whole-block-entropy,ablated_minus_enabled,10,10,10,10,10,10,10,10,0,0,0,0,0,0,ok,ok,complete,pass,pass,complete,confirmed,paired-repetition-student-t,,,13203,13203,66024,66024,52821,52821,52821,52821,400.06816632583502,400.06816632583502,400.06816632583502,,,,,146537381.09999999,165764987,167129607.69999999,166678688,20592226.600000001,3066629.5,2681470.4602818936,38502982.739718109,17.469709444230233,1.9945491151717825,32.944869773288687,,,,,12069805.800000001,10387259.5,15666924.6,17176106.5,3597118.7999999998,4191012.5,147957.02099209325,7046280.5790079068,39.270623941170996,7.7296507191547867,70.811597163187201,,,,,4614553.5999999996,4620288,4959846.4000000004,4939776,345292.79999999999,354304,276844.14896545804,413741.45103454194,7.4879715636177666,5.9936349684234473,8.982308158812085,,,,,enabled-algorithm-size-benefit,"delta=ablated-minus-enabled; size_delta_bytes=52821.0; compression_wall_ns_delta_percent=17.469709444230233; decompression_wall_ns_delta_percent=39.270623941170996; peak_rss_bytes_delta_percent=7.487971563617767; conservative_size_ci95=[52821.0,52821.0]",
1,file,development-pilot-v2-retry,local-x86-64,x86_64,36f84685dc00064dae9a239face7e8eff797ed28,true,b1d7dba75560d44d8e234e4205e09487f93678fb8688cac6a0905486c969c2ca,1297748005,gnu-time-v1-monotonic-wall,3b11dec50514a8473e9f6efa7a34d584d0657538c09988f61b72d38ad4991a10,development,158c6bafe466a94d0f90df39b2b3038ade08238b91d61c7acf380d4fac516594,2a5428b45f9141d72b19a597f37239f8f149806b4ec11f52bee488ddf0d58164,0d41232c5473b8547fa86a26819eba1bc47444258e67e79fd612a6c85ddbfb0f,fast,1,dev-synthetic-polynomial-d2,datasets/synthetic/polynomial_d2/s0000065536_n000p000_seed1297748005.bin,84d3c13eee3f79467573fc92d68af063eeeb786852df80299fe4c5e51659f4e3,65536,mathsvg,fast-v1,dbdf165176991179ee1260cc32982768b62a646f6143c7cf178d1c08ffab9184,a6a85257cb16f7c5abc9017a6b88ad7be0851205384505e6cfce4f9ac5009437,81128211b782e3a4331d1c5fcd6db21eecf78dc823faab718e7ebe3f2ceeeee8,mathsvg,fast-ablation-no-whole-block-entropy-v1,036664ca0567442e358e36e2564fb5b50a5e75619d748ddd5a2fd387db06179b,374ded8ad69114922aa74ea6455a514872b83470f541977652b1379ab14aed5e,81128211b782e3a4331d1c5fcd6db21eecf78dc823faab718e7ebe3f2ceeeee8,no-whole-block-entropy,whole-block-entropy,ablated_minus_enabled,10,10,10,10,10,10,10,10,0,0,0,0,0,0,ok,ok,complete,pass,pass,complete,confirmed,paired-repetition-student-t,,,754,754,66024,66024,65270,65270,65270,65270,8656.4986737400523,8656.4986737400523,8656.4986737400523,,,,,117311946.2,117603447,162570804.59999999,165745794.5,45258858.399999999,48766915.5,34774745.374579445,55742971.425420552,38.569239773506062,29.636070638721737,47.502408908290391,,,,,11199347.800000001,9181962.5,17179247.100000001,17733859.5,5979899.2999999998,7995963.5,3558358.1233031619,8401440.4766968377,62.085515223092486,34.002790298764594,90.168240147420377,,,,,4744806.4000000004,4743168,5344460.7999999998,5353472,599654.40000000002,575488,549432.30004364392,649876.49995635613,12.645598549288227,11.530798032897376,13.760399065679078,,,,,enabled-algorithm-size-benefit,"delta=ablated-minus-enabled; size_delta_bytes=65270.0; compression_wall_ns_delta_percent=38.56923977350606; decompression_wall_ns_delta_percent=62.085515223092486; peak_rss_bytes_delta_percent=12.645598549288227; conservative_size_ci95=[65270.0,65270.0]",
1,file,development-pilot-v2-retry,local-x86-64,x86_64,36f84685dc00064dae9a239face7e8eff797ed28,true,b1d7dba75560d44d8e234e4205e09487f93678fb8688cac6a0905486c969c2ca,1297748005,gnu-time-v1-monotonic-wall,3b11dec50514a8473e9f6efa7a34d584d0657538c09988f61b72d38ad4991a10,development,158c6bafe466a94d0f90df39b2b3038ade08238b91d61c7acf380d4fac516594,2a5428b45f9141d72b19a597f37239f8f149806b4ec11f52bee488ddf0d58164,0d41232c5473b8547fa86a26819eba1bc47444258e67e79fd612a6c85ddbfb0f,fast,1,dev-synthetic-random,datasets/synthetic/random/s0000065536_n000p000_seed1297748005.bin,9e4d8d3305ce218314fdc3746942be9b9f0df4e3f1673227fcd510319189dbdc,65536,mathsvg,fast-v1,dbdf165176991179ee1260cc32982768b62a646f6143c7cf178d1c08ffab9184,a6a85257cb16f7c5abc9017a6b88ad7be0851205384505e6cfce4f9ac5009437,81128211b782e3a4331d1c5fcd6db21eecf78dc823faab718e7ebe3f2ceeeee8,mathsvg,fast-ablation-no-whole-block-entropy-v1,036664ca0567442e358e36e2564fb5b50a5e75619d748ddd5a2fd387db06179b,374ded8ad69114922aa74ea6455a514872b83470f541977652b1379ab14aed5e,81128211b782e3a4331d1c5fcd6db21eecf78dc823faab718e7ebe3f2ceeeee8,no-whole-block-entropy,whole-block-entropy,ablated_minus_enabled,10,10,10,10,10,10,10,10,0,0,0,0,0,0,ok,ok,complete,pass,pass,complete,confirmed,paired-repetition-student-t,,,66024,66024,66024,66024,0,0,0,0,0,0,0,,,,,167498445.5,166957745.5,167007559.59999999,167204913,-490885.90000000002,-1007873.5,-2013358.5026797424,1031586.7026797425,-0.28326861086436284,-1.1908661836415897,0.62432896191286391,,,,,17156698.5,17201290.5,16990485.699999999,17139915,-166212.79999999999,87543,-3059331.1987549905,2726905.5987549908,2.1847536886558236,-17.256092325399397,21.625599702711046,,,,,4921753.5999999996,4923392,5360844.7999999998,5345280,439091.20000000001,428032,367352.88580134884,510829.51419865119,8.940239567907339,7.4126678736037128,10.467811262210965,,,,,size-effect-inconclusive,"delta=ablated-minus-enabled; size_delta_bytes=0.0; compression_wall_ns_delta_percent=-0.28326861086436284; decompression_wall_ns_delta_percent=2.1847536886558236; peak_rss_bytes_delta_percent=8.940239567907339; conservative_size_ci95=[0.0,0.0]",
1,file,development-pilot-v2-retry,local-x86-64,x86_64,36f84685dc00064dae9a239face7e8eff797ed28,true,b1d7dba75560d44d8e234e4205e09487f93678fb8688cac6a0905486c969c2ca,1297748005,gnu-time-v1-monotonic-wall,3b11dec50514a8473e9f6efa7a34d584d0657538c09988f61b72d38ad4991a10,development,158c6bafe466a94d0f90df39b2b3038ade08238b91d61c7acf380d4fac516594,2a5428b45f9141d72b19a597f37239f8f149806b4ec11f52bee488ddf0d58164,0d41232c5473b8547fa86a26819eba1bc47444258e67e79fd612a6c85ddbfb0f,fast,1,dev-synthetic-recurrence,datasets/synthetic/recurrence/s0000065536_n000p000_seed1297748005.bin,8d5944aabf5526f28b79d4b3841ec21dbd86daac0caa96729fec8838039fdd69,65536,mathsvg,fast-v1,dbdf165176991179ee1260cc32982768b62a646f6143c7cf178d1c08ffab9184,a6a85257cb16f7c5abc9017a6b88ad7be0851205384505e6cfce4f9ac5009437,81128211b782e3a4331d1c5fcd6db21eecf78dc823faab718e7ebe3f2ceeeee8,mathsvg,fast-ablation-no-whole-block-entropy-v1,036664ca0567442e358e36e2564fb5b50a5e75619d748ddd5a2fd387db06179b,374ded8ad69114922aa74ea6455a514872b83470f541977652b1379ab14aed5e,81128211b782e3a4331d1c5fcd6db21eecf78dc823faab718e7ebe3f2ceeeee8,no-whole-block-entropy,whole-block-entropy,ablated_minus_enabled,10,10,10,10,10,10,10,10,0,0,0,0,0,0,ok,ok,complete,pass,pass,complete,confirmed,paired-repetition-student-t,,,882,882,66024,66024,65142,65142,65142,65142,7385.7142857142853,7385.7142857142853,7385.7142857142853,,,,,117132210.5,116930302.5,167407408.40000001,166606371,50275197.899999999,50156934.5,48313315.461464465,52237080.338535532,42.945544331084264,41.046439961472117,44.844648700696411,,,,,12389973.199999999,10440480,17438411.5,17216192,5048438.2999999998,6630597.5,2110142.6327932389,7986733.9672067612,54.247698874267826,22.00677079067254,86.488626957863119,,,,,4723916.7999999998,4726784,5335859.2000000002,5335040,611942.40000000002,620544,577936.50122814393,645948.29877185612,12.955943393791799,12.223129717893391,13.688757069690206,,,,,enabled-algorithm-size-benefit,"delta=ablated-minus-enabled; size_delta_bytes=65142.0; compression_wall_ns_delta_percent=42.945544331084264; decompression_wall_ns_delta_percent=54.247698874267826; peak_rss_bytes_delta_percent=12.955943393791799; conservative_size_ci95=[65142.0,65142.0]",
1,corpus,development-pilot-v2-retry,local-x86-64,x86_64,36f84685dc00064dae9a239face7e8eff797ed28,true,b1d7dba75560d44d8e234e4205e09487f93678fb8688cac6a0905486c969c2ca,1297748005,gnu-time-v1-monotonic-wall,3b11dec50514a8473e9f6efa7a34d584d0657538c09988f61b72d38ad4991a10,development,158c6bafe466a94d0f90df39b2b3038ade08238b91d61c7acf380d4fac516594,2a5428b45f9141d72b19a597f37239f8f149806b4ec11f52bee488ddf0d58164,0d41232c5473b8547fa86a26819eba1bc47444258e67e79fd612a6c85ddbfb0f,fast,1,__aggregate__,,,10180361,mathsvg,fast-v1,dbdf165176991179ee1260cc32982768b62a646f6143c7cf178d1c08ffab9184,a6a85257cb16f7c5abc9017a6b88ad7be0851205384505e6cfce4f9ac5009437,81128211b782e3a4331d1c5fcd6db21eecf78dc823faab718e7ebe3f2ceeeee8,mathsvg,fast-ablation-no-whole-block-entropy-v1,036664ca0567442e358e36e2564fb5b50a5e75619d748ddd5a2fd387db06179b,374ded8ad69114922aa74ea6455a514872b83470f541977652b1379ab14aed5e,81128211b782e3a4331d1c5fcd6db21eecf78dc823faab718e7ebe3f2ceeeee8,no-whole-block-entropy,whole-block-entropy,ablated_minus_enabled,10,110,110,110,110,110,10,10,0,0,0,0,0,0,ok,ok,complete,pass,pass,complete,confirmed,paired-repetition-student-t+deterministic-paired-file-bootstrap,10000,1297748005,7257191,7257191,10056511,10056511,2799320,2799320,2799320,2799320,38.573051198459567,38.573051198459567,38.573051198459567,398572.97499999998,6483047.7999999952,25.502950713034139,445.29038985893993,14922862843.799999,14938594127.5,7605347032.1999998,7613810827.5,-7317515811.6000004,-7281475421,-7412560686.009573,-7222470937.1904278,-49.032727660823447,-49.450486075418127,-48.614969246228767,-21714629013.407497,182942483.83499995,-55.0268628276093,10.540549805285908,2247284843.5999999,2254000939.5,633771472.70000005,630835359,-1613513370.9000001,-1617900021.5,-1628542567.4822457,-1598484174.3177545,-71.799731809877557,-72.242025207596143,-71.35743841215897,-4645908766.1325006,20724967.529999927,-76.401350212561027,14.156684111240804,22515712,22530048,23959142.399999999,23982080,1443430.3999999999,1431552,1390364.0897028344,1496496.7102971654,6.4111245074287098,6.1698441919012632,6.6524048229561563,226918.39999999999,1653964.8,3.9981366592509473,9.1645767724389522,enabled-algorithm-size-benefit,"delta=ablated-minus-enabled; size_delta_bytes=2799320.0; compression_wall_ns_delta_percent=-49.03272766082345; decompression_wall_ns_delta_percent=-71.79973180987756; peak_rss_bytes_delta_percent=6.41112450742871; conservative_size_ci95=[398572.975,6483047.799999995]",
1,file,development-pilot-v2-retry,local-x86-64,x86_64,36f84685dc00064dae9a239face7e8eff797ed28,true,b1d7dba75560d44d8e234e4205e09487f93678fb8688cac6a0905486c969c2ca,1297748005,gnu-time-v1-monotonic-wall,3b11dec50514a8473e9f6efa7a34d584d0657538c09988f61b72d38ad4991a10,development,158c6bafe466a94d0f90df39b2b3038ade08238b91d61c7acf380d4fac516594,2a5428b45f9141d72b19a597f37239f8f149806b4ec11f52bee488ddf0d58164,0d41232c5473b8547fa86a26819eba1bc47444258e67e79fd612a6c85ddbfb0f,fast,1,dev-canterbury-alice29-txt,datasets/data/canterbury/alice29.txt,7467306ee0feed4971260f3c87421154a05be571d944e9cb021a5713700c38f0,152089,mathsvg,fast-v1,dbdf165176991179ee1260cc32982768b62a646f6143c7cf178d1c08ffab9184,a6a85257cb16f7c5abc9017a6b88ad7be0851205384505e6cfce4f9ac5009437,81128211b782e3a4331d1c5fcd6db21eecf78dc823faab718e7ebe3f2ceeeee8,mathsvg,fast-ablation-no-whole-block-functions-v1,132b5a7df0265df37685fc601c1e0b6bd4ece5c907efc1a75f3a698f2ec4cbe7,aeca251ffde9675973d78aedb1d54ff2fe3655dab3f7b3ac48652c7b16db6f06,81128211b782e3a4331d1c5fcd6db21eecf78dc823faab718e7ebe3f2ceeeee8,no-whole-block-functions,whole-block-functions,ablated_minus_enabled,10,10,10,10,10,10,10,10,0,0,0,0,0,0,ok,ok,complete,pass,pass,complete,confirmed,paired-repetition-student-t,,,80481,80481,80481,80481,0,0,0,0,0,0,0,,,,,530509521.80000001,520502989,523144758.19999999,518518750,-7364763.5999999996,-1178427,-27243224.54034292,12513697.340342922,-1.2393456648333978,-4.8136063426517577,2.3349150129849625,,,,,66416064.399999999,65735490,66020241.799999997,65572289,-395822.59999999998,-79219,-2052592.3525050376,1260947.1525050378,-0.52067126340287317,-2.9095788235429527,1.8682362967372066,,,,,5705318.4000000004,5687296,5595136,5586944,-110182.39999999999,-118784,-168330.200006912,-52034.599993087977,-1.9180638213861811,-2.9227478125696917,-0.91337983020267033,,,,,size-effect-inconclusive,"delta=ablated-minus-enabled; size_delta_bytes=0.0; compression_wall_ns_delta_percent=-1.2393456648333978; decompression_wall_ns_delta_percent=-0.5206712634028732; peak_rss_bytes_delta_percent=-1.9180638213861811; conservative_size_ci95=[0.0,0.0]",
1,file,development-pilot-v2-retry,local-x86-64,x86_64,36f84685dc00064dae9a239face7e8eff797ed28,true,b1d7dba75560d44d8e234e4205e09487f93678fb8688cac6a0905486c969c2ca,1297748005,gnu-time-v1-monotonic-wall,3b11dec50514a8473e9f6efa7a34d584d0657538c09988f61b72d38ad4991a10,development,158c6bafe466a94d0f90df39b2b3038ade08238b91d61c7acf380d4fac516594,2a5428b45f9141d72b19a597f37239f8f149806b4ec11f52bee488ddf0d58164,0d41232c5473b8547fa86a26819eba1bc47444258e67e79fd612a6c85ddbfb0f,fast,1,dev-canterbury-kennedy-xls,datasets/data/canterbury/kennedy.xls,9af47239ca29dfe20e633f80bbbb9a4cc9783d0803d7b2b5626f42e4c3790420,1029744,mathsvg,fast-v1,dbdf165176991179ee1260cc32982768b62a646f6143c7cf178d1c08ffab9184,a6a85257cb16f7c5abc9017a6b88ad7be0851205384505e6cfce4f9ac5009437,81128211b782e3a4331d1c5fcd6db21eecf78dc823faab718e7ebe3f2ceeeee8,mathsvg,fast-ablation-no-whole-block-functions-v1,132b5a7df0265df37685fc601c1e0b6bd4ece5c907efc1a75f3a698f2ec4cbe7,aeca251ffde9675973d78aedb1d54ff2fe3655dab3f7b3ac48652c7b16db6f06,81128211b782e3a4331d1c5fcd6db21eecf78dc823faab718e7ebe3f2ceeeee8,no-whole-block-functions,whole-block-functions,ablated_minus_enabled,10,10,10,10,10,10,10,10,0,0,0,0,0,0,ok,ok,complete,pass,pass,complete,confirmed,paired-repetition-student-t,,,261046,261046,261046,261046,0,0,0,0,0,0,0,,,,,987543173,972189357,972124452.5,969790959,-15418720.5,-7293261,-52946979.417997882,22109538.417997882,-1.4601026176309564,-5.1723729534594067,2.2521677181974935,,,,,172101990,167348113.5,166482834.40000001,166645729.5,-5619155.5999999996,-494765,-17190200.740127407,5951889.5401274096,-2.649736749347162,-7.9778612701493667,2.6783877714550428,,,,,18049433.600000001,18067456,15571763.199999999,15581184,-2477670.3999999999,-2471936,-2519000.5481529702,-2436340.2518470297,-13.727257795747065,-13.958676387509456,-13.495839203984673,,,,,size-effect-inconclusive,"delta=ablated-minus-enabled; size_delta_bytes=0.0; compression_wall_ns_delta_percent=-1.4601026176309564; decompression_wall_ns_delta_percent=-2.649736749347162; peak_rss_bytes_delta_percent=-13.727257795747065; conservative_size_ci95=[0.0,0.0]",
1,file,development-pilot-v2-retry,local-x86-64,x86_64,36f84685dc00064dae9a239face7e8eff797ed28,true,b1d7dba75560d44d8e234e4205e09487f93678fb8688cac6a0905486c969c2ca,1297748005,gnu-time-v1-monotonic-wall,3b11dec50514a8473e9f6efa7a34d584d0657538c09988f61b72d38ad4991a10,development,158c6bafe466a94d0f90df39b2b3038ade08238b91d61c7acf380d4fac516594,2a5428b45f9141d72b19a597f37239f8f149806b4ec11f52bee488ddf0d58164,0d41232c5473b8547fa86a26819eba1bc47444258e67e79fd612a6c85ddbfb0f,fast,1,dev-silesia-x-ray,datasets/data/silesia/x-ray,7de9fce1405dc44ae5e6813ed21cd5751e761bd4265655a005d39b9685d1c9ad,8474240,mathsvg,fast-v1,dbdf165176991179ee1260cc32982768b62a646f6143c7cf178d1c08ffab9184,a6a85257cb16f7c5abc9017a6b88ad7be0851205384505e6cfce4f9ac5009437,81128211b782e3a4331d1c5fcd6db21eecf78dc823faab718e7ebe3f2ceeeee8,mathsvg,fast-ablation-no-whole-block-functions-v1,132b5a7df0265df37685fc601c1e0b6bd4ece5c907efc1a75f3a698f2ec4cbe7,aeca251ffde9675973d78aedb1d54ff2fe3655dab3f7b3ac48652c7b16db6f06,81128211b782e3a4331d1c5fcd6db21eecf78dc823faab718e7ebe3f2ceeeee8,no-whole-block-functions,whole-block-functions,ablated_minus_enabled,10,10,10,10,10,10,10,10,0,0,0,0,0,0,ok,ok,complete,pass,pass,complete,confirmed,paired-repetition-student-t,,,6832574,6832574,6832574,6832574,0,0,0,0,0,0,0,,,,,12277673127.700001,12287105600.5,12212818620.799999,12171379199,-64854506.899999999,-136539838,-204597372.60591868,74888358.805918664,-0.51886728077843969,-1.6569883197538893,0.61925375819701001,,,,,1907388863.5999999,1905479352.5,1907856928.0999999,1904025325,468064.5,-16998233.5,-38821300.335640535,39757429.335640535,0.06171233978359543,-2.0047270915665365,2.1281517711337274,,,,,22515712,22530048,21823488,21825536,-692224,-700416,-742041.84533001052,-642406.15466998948,-3.0742160163605945,-3.2941451036746972,-2.8542869290464918,,,,,size-effect-inconclusive,"delta=ablated-minus-enabled; size_delta_bytes=0.0; compression_wall_ns_delta_percent=-0.5188672807784397; decompression_wall_ns_delta_percent=0.06171233978359543; peak_rss_bytes_delta_percent=-3.0742160163605945; conservative_size_ci95=[0.0,0.0]",
1,file,development-pilot-v2-retry,local-x86-64,x86_64,36f84685dc00064dae9a239face7e8eff797ed28,true,b1d7dba75560d44d8e234e4205e09487f93678fb8688cac6a0905486c969c2ca,1297748005,gnu-time-v1-monotonic-wall,3b11dec50514a8473e9f6efa7a34d584d0657538c09988f61b72d38ad4991a10,development,158c6bafe466a94d0f90df39b2b3038ade08238b91d61c7acf380d4fac516594,2a5428b45f9141d72b19a597f37239f8f149806b4ec11f52bee488ddf0d58164,0d41232c5473b8547fa86a26819eba1bc47444258e67e79fd612a6c85ddbfb0f,fast,1,dev-synthetic-constant-00,datasets/synthetic/constant_00/s0000065536_n000p000_seed1297748005.bin,de2f256064a0af797747c2b97505dc0b9f3df0de4f489eac731c23ae9ca9cc31,65536,mathsvg,fast-v1,dbdf165176991179ee1260cc32982768b62a646f6143c7cf178d1c08ffab9184,a6a85257cb16f7c5abc9017a6b88ad7be0851205384505e6cfce4f9ac5009437,81128211b782e3a4331d1c5fcd6db21eecf78dc823faab718e7ebe3f2ceeeee8,mathsvg,fast-ablation-no-whole-block-functions-v1,132b5a7df0265df37685fc601c1e0b6bd4ece5c907efc1a75f3a698f2ec4cbe7,aeca251ffde9675973d78aedb1d54ff2fe3655dab3f7b3ac48652c7b16db6f06,81128211b782e3a4331d1c5fcd6db21eecf78dc823faab718e7ebe3f2ceeeee8,no-whole-block-functions,whole-block-functions,ablated_minus_enabled,10,10,10,10,10,10,10,10,0,0,0,0,0,0,ok,ok,complete,pass,pass,complete,confirmed,paired-repetition-student-t,,,485,485,489,489,4,4,4,4,0.82474226804123707,0.82474226804123707,0.82474226804123707,,,,,178111324,169394382,172890938.69999999,168142867.5,-5220385.2999999998,106535,-25667920.125094101,15227149.525094099,-1.7997677263951772,-12.339288973342295,8.7397535205519397,,,,,10294832.199999999,9056323,11209790,10183847.5,914957.80000000005,171898,-1940350.3804147027,3770265.9804147026,12.838563233679935,-13.058098616017595,38.735225083377465,,,,,5289164.7999999998,5300224,5344051.2000000002,5345280,54886.400000000001,57344,-4507.0063859085858,114279.8063859086,1.0537722543417865,-0.091079701891680465,2.1986242105752534,,,,,enabled-algorithm-size-benefit,"delta=ablated-minus-enabled; size_delta_bytes=4.0; compression_wall_ns_delta_percent=-1.7997677263951772; decompression_wall_ns_delta_percent=12.838563233679935; peak_rss_bytes_delta_percent=1.0537722543417865; conservative_size_ci95=[4.0,4.0]",
1,file,development-pilot-v2-retry,local-x86-64,x86_64,36f84685dc00064dae9a239face7e8eff797ed28,true,b1d7dba75560d44d8e234e4205e09487f93678fb8688cac6a0905486c969c2ca,1297748005,gnu-time-v1-monotonic-wall,3b11dec50514a8473e9f6efa7a34d584d0657538c09988f61b72d38ad4991a10,development,158c6bafe466a94d0f90df39b2b3038ade08238b91d61c7acf380d4fac516594,2a5428b45f9141d72b19a597f37239f8f149806b4ec11f52bee488ddf0d58164,0d41232c5473b8547fa86a26819eba1bc47444258e67e79fd612a6c85ddbfb0f,fast,1,dev-synthetic-lfsr8,datasets/synthetic/lfsr8/s0000065536_n000p000_seed1297748005.bin,c22f599374ecb687cb2737130592553d274b26414a1c37bb1d36a02a3e7cdb64,65536,mathsvg,fast-v1,dbdf165176991179ee1260cc32982768b62a646f6143c7cf178d1c08ffab9184,a6a85257cb16f7c5abc9017a6b88ad7be0851205384505e6cfce4f9ac5009437,81128211b782e3a4331d1c5fcd6db21eecf78dc823faab718e7ebe3f2ceeeee8,mathsvg,fast-ablation-no-whole-block-functions-v1,132b5a7df0265df37685fc601c1e0b6bd4ece5c907efc1a75f3a698f2ec4cbe7,aeca251ffde9675973d78aedb1d54ff2fe3655dab3f7b3ac48652c7b16db6f06,81128211b782e3a4331d1c5fcd6db21eecf78dc823faab718e7ebe3f2ceeeee8,no-whole-block-functions,whole-block-functions,ablated_minus_enabled,10,10,10,10,10,10,10,10,0,0,0,0,0,0,ok,ok,complete,pass,pass,complete,confirmed,paired-repetition-student-t,,,753,753,753,753,0,0,0,0,0,0,0,,,,,117001094.90000001,117037322,167226764,166854110.5,50225669.100000001,50480525,48241090.02156353,52210248.178436473,42.958158527306026,40.915972186440101,45.00034486817195,,,,,9219544.5999999996,8955180,9787332.4000000004,9280804.5,567787.80000000005,208064,-523234.44873452745,1658810.0487345275,6.7886981560722317,-5.1462920133496661,18.72368832549413,,,,,4695244.7999999998,4716544,5358387.2000000002,5355520,663142.40000000002,638976,602820.79714999988,723464.00285000016,14.146559831122326,12.723284443098574,15.569835219146078,,,,,size-effect-inconclusive,"delta=ablated-minus-enabled; size_delta_bytes=0.0; compression_wall_ns_delta_percent=42.958158527306026; decompression_wall_ns_delta_percent=6.788698156072232; peak_rss_bytes_delta_percent=14.146559831122326; conservative_size_ci95=[0.0,0.0]",
1,file,development-pilot-v2-retry,local-x86-64,x86_64,36f84685dc00064dae9a239face7e8eff797ed28,true,b1d7dba75560d44d8e234e4205e09487f93678fb8688cac6a0905486c969c2ca,1297748005,gnu-time-v1-monotonic-wall,3b11dec50514a8473e9f6efa7a34d584d0657538c09988f61b72d38ad4991a10,development,158c6bafe466a94d0f90df39b2b3038ade08238b91d61c7acf380d4fac516594,2a5428b45f9141d72b19a597f37239f8f149806b4ec11f52bee488ddf0d58164,0d41232c5473b8547fa86a26819eba1bc47444258e67e79fd612a6c85ddbfb0f,fast,1,dev-synthetic-linear,datasets/synthetic/linear/s0000065536_n000p000_seed1297748005.bin,35171a3b38d84c658143e78203683076d07beca32140221055c899b2dcf1cbc5,65536,mathsvg,fast-v1,dbdf165176991179ee1260cc32982768b62a646f6143c7cf178d1c08ffab9184,a6a85257cb16f7c5abc9017a6b88ad7be0851205384505e6cfce4f9ac5009437,81128211b782e3a4331d1c5fcd6db21eecf78dc823faab718e7ebe3f2ceeeee8,mathsvg,fast-ablation-no-whole-block-functions-v1,132b5a7df0265df37685fc601c1e0b6bd4ece5c907efc1a75f3a698f2ec4cbe7,aeca251ffde9675973d78aedb1d54ff2fe3655dab3f7b3ac48652c7b16db6f06,81128211b782e3a4331d1c5fcd6db21eecf78dc823faab718e7ebe3f2ceeeee8,no-whole-block-functions,whole-block-functions,ablated_minus_enabled,10,10,10,10,10,10,10,10,0,0,0,0,0,0,ok,ok,complete,pass,pass,complete,confirmed,paired-repetition-student-t,,,489,489,754,754,265,265,265,265,54.192229038854805,54.192229038854805,54.192229038854805,,,,,167062387.80000001,166096537.5,165803534.5,165669616,-1258853.3,-405016.5,-2571800.2358564674,54093.635856467299,-0.74330474399194124,-1.5117029001285889,0.025093412144706395,,,,,17767971.600000001,17688865,11386316.699999999,10268587.5,-6381654.9000000004,-7384654,-8621120.2529683933,-4142189.547031607,-35.27417645427419,-47.072733336854128,-23.475619571694253,,,,,4723916.7999999998,4737024,4663296,4661248,-60620.800000000003,-57344,-102736.21287250497,-18505.387127495036,-1.2710241659623114,-2.1502616612136323,-0.39178667071099038,,,,,enabled-algorithm-size-benefit,"delta=ablated-minus-enabled; size_delta_bytes=265.0; compression_wall_ns_delta_percent=-0.7433047439919412; decompression_wall_ns_delta_percent=-35.27417645427419; peak_rss_bytes_delta_percent=-1.2710241659623114; conservative_size_ci95=[265.0,265.0]",
1,file,development-pilot-v2-retry,local-x86-64,x86_64,36f84685dc00064dae9a239face7e8eff797ed28,true,b1d7dba75560d44d8e234e4205e09487f93678fb8688cac6a0905486c969c2ca,1297748005,gnu-time-v1-monotonic-wall,3b11dec50514a8473e9f6efa7a34d584d0657538c09988f61b72d38ad4991a10,development,158c6bafe466a94d0f90df39b2b3038ade08238b91d61c7acf380d4fac516594,2a5428b45f9141d72b19a597f37239f8f149806b4ec11f52bee488ddf0d58164,0d41232c5473b8547fa86a26819eba1bc47444258e67e79fd612a6c85ddbfb0f,fast,1,dev-synthetic-periodic,datasets/synthetic/periodic/s0000065536_n000p000_seed1297748005.bin,742efc49d53b0f51b7a9cdc8afdf6fb69b22e359571f016274fae0b527f1d1c8,65536,mathsvg,fast-v1,dbdf165176991179ee1260cc32982768b62a646f6143c7cf178d1c08ffab9184,a6a85257cb16f7c5abc9017a6b88ad7be0851205384505e6cfce4f9ac5009437,81128211b782e3a4331d1c5fcd6db21eecf78dc823faab718e7ebe3f2ceeeee8,mathsvg,fast-ablation-no-whole-block-functions-v1,132b5a7df0265df37685fc601c1e0b6bd4ece5c907efc1a75f3a698f2ec4cbe7,aeca251ffde9675973d78aedb1d54ff2fe3655dab3f7b3ac48652c7b16db6f06,81128211b782e3a4331d1c5fcd6db21eecf78dc823faab718e7ebe3f2ceeeee8,no-whole-block-functions,whole-block-functions,ablated_minus_enabled,10,10,10,10,10,10,10,10,0,0,0,0,0,0,ok,ok,complete,pass,pass,complete,confirmed,paired-repetition-student-t,,,500,500,500,500,0,0,0,0,0,0,0,,,,,116482231.3,115852873,116807489.3,116518052.5,325258,162378.5,-512075.400244119,1162591.4002441191,0.28648726253632967,-0.43365245706872896,1.0066269821413882,,,,,11279751.9,9026034.5,11341453.9,9626869,61702,45511,-4253895.1882268256,4377299.1882268256,10.777923346951347,-29.220683504544141,50.776530198446835,,,,,4739481.5999999996,4741120,4804608,4810752,65126.400000000001,69632,29337.10604807597,100915.69395192404,1.3823046310201621,0.61339695013755757,2.1512123119027668,,,,,size-effect-inconclusive,"delta=ablated-minus-enabled; size_delta_bytes=0.0; compression_wall_ns_delta_percent=0.28648726253632967; decompression_wall_ns_delta_percent=10.777923346951347; peak_rss_bytes_delta_percent=1.382304631020162; conservative_size_ci95=[0.0,0.0]",
1,file,development-pilot-v2-retry,local-x86-64,x86_64,36f84685dc00064dae9a239face7e8eff797ed28,true,b1d7dba75560d44d8e234e4205e09487f93678fb8688cac6a0905486c969c2ca,1297748005,gnu-time-v1-monotonic-wall,3b11dec50514a8473e9f6efa7a34d584d0657538c09988f61b72d38ad4991a10,development,158c6bafe466a94d0f90df39b2b3038ade08238b91d61c7acf380d4fac516594,2a5428b45f9141d72b19a597f37239f8f149806b4ec11f52bee488ddf0d58164,0d41232c5473b8547fa86a26819eba1bc47444258e67e79fd612a6c85ddbfb0f,fast,1,dev-synthetic-piecewise-mixed,datasets/synthetic/piecewise_mixed/s0000065536_n000p000_seed1297748005.bin,38b3dc136b580000e98f02e075e2afc2aaa55e824df172b419522b9d70abe9ea,65536,mathsvg,fast-v1,dbdf165176991179ee1260cc32982768b62a646f6143c7cf178d1c08ffab9184,a6a85257cb16f7c5abc9017a6b88ad7be0851205384505e6cfce4f9ac5009437,81128211b782e3a4331d1c5fcd6db21eecf78dc823faab718e7ebe3f2ceeeee8,mathsvg,fast-ablation-no-whole-block-functions-v1,132b5a7df0265df37685fc601c1e0b6bd4ece5c907efc1a75f3a698f2ec4cbe7,aeca251ffde9675973d78aedb1d54ff2fe3655dab3f7b3ac48652c7b16db6f06,81128211b782e3a4331d1c5fcd6db21eecf78dc823faab718e7ebe3f2ceeeee8,no-whole-block-functions,whole-block-functions,ablated_minus_enabled,10,10,10,10,10,10,10,10,0,0,0,0,0,0,ok,ok,complete,pass,pass,complete,confirmed,paired-repetition-student-t,,,13203,13203,13203,13203,0,0,0,0,0,0,0,,,,,146537381.09999999,165764987,167129741.19999999,167041079,20592360.100000001,2020215.5,1858083.3522686437,39326636.847731359,17.606648135739718,1.5142425694039154,33.699053702075517,,,,,12069805.800000001,10387259.5,9858184.6999999993,9128991,-2211621.1000000001,-1016800.5,-4582623.7716561658,159381.57165616564,-13.295801875386079,-28.350160919537899,1.7585571687657389,,,,,4614553.5999999996,4620288,4745216,4761600,130662.39999999999,137216,78424.870104222515,182899.92989577749,2.8391727935682725,1.6879935782835065,3.9903520088530384,,,,,size-effect-inconclusive,"delta=ablated-minus-enabled; size_delta_bytes=0.0; compression_wall_ns_delta_percent=17.606648135739718; decompression_wall_ns_delta_percent=-13.29580187538608; peak_rss_bytes_delta_percent=2.8391727935682725; conservative_size_ci95=[0.0,0.0]",
1,file,development-pilot-v2-retry,local-x86-64,x86_64,36f84685dc00064dae9a239face7e8eff797ed28,true,b1d7dba75560d44d8e234e4205e09487f93678fb8688cac6a0905486c969c2ca,1297748005,gnu-time-v1-monotonic-wall,3b11dec50514a8473e9f6efa7a34d584d0657538c09988f61b72d38ad4991a10,development,158c6bafe466a94d0f90df39b2b3038ade08238b91d61c7acf380d4fac516594,2a5428b45f9141d72b19a597f37239f8f149806b4ec11f52bee488ddf0d58164,0d41232c5473b8547fa86a26819eba1bc47444258e67e79fd612a6c85ddbfb0f,fast,1,dev-synthetic-polynomial-d2,datasets/synthetic/polynomial_d2/s0000065536_n000p000_seed1297748005.bin,84d3c13eee3f79467573fc92d68af063eeeb786852df80299fe4c5e51659f4e3,65536,mathsvg,fast-v1,dbdf165176991179ee1260cc32982768b62a646f6143c7cf178d1c08ffab9184,a6a85257cb16f7c5abc9017a6b88ad7be0851205384505e6cfce4f9ac5009437,81128211b782e3a4331d1c5fcd6db21eecf78dc823faab718e7ebe3f2ceeeee8,mathsvg,fast-ablation-no-whole-block-functions-v1,132b5a7df0265df37685fc601c1e0b6bd4ece5c907efc1a75f3a698f2ec4cbe7,aeca251ffde9675973d78aedb1d54ff2fe3655dab3f7b3ac48652c7b16db6f06,81128211b782e3a4331d1c5fcd6db21eecf78dc823faab718e7ebe3f2ceeeee8,no-whole-block-functions,whole-block-functions,ablated_minus_enabled,10,10,10,10,10,10,10,10,0,0,0,0,0,0,ok,ok,complete,pass,pass,complete,confirmed,paired-repetition-student-t,,,754,754,754,754,0,0,0,0,0,0,0,,,,,117311946.2,117603447,167495550.40000001,167703952,50183604.200000003,50126039,49160994.635109656,51206213.76489035,42.784282844445968,41.765615266043241,43.802950422848696,,,,,11199347.800000001,9181962.5,10860174.9,9791330,-339172.90000000002,62656,-1968203.76060289,1289857.9606028902,-0.20298743102211372,-12.92643839851371,12.520463536469482,,,,,4744806.4000000004,4743168,5335449.5999999996,5353472,590643.19999999995,585728,563904.14326215035,617382.25673784956,12.449408082910912,11.873479830013283,13.025336335808541,,,,,size-effect-inconclusive,"delta=ablated-minus-enabled; size_delta_bytes=0.0; compression_wall_ns_delta_percent=42.78428284444597; decompression_wall_ns_delta_percent=-0.20298743102211372; peak_rss_bytes_delta_percent=12.449408082910912; conservative_size_ci95=[0.0,0.0]",
1,file,development-pilot-v2-retry,local-x86-64,x86_64,36f84685dc00064dae9a239face7e8eff797ed28,true,b1d7dba75560d44d8e234e4205e09487f93678fb8688cac6a0905486c969c2ca,1297748005,gnu-time-v1-monotonic-wall,3b11dec50514a8473e9f6efa7a34d584d0657538c09988f61b72d38ad4991a10,development,158c6bafe466a94d0f90df39b2b3038ade08238b91d61c7acf380d4fac516594,2a5428b45f9141d72b19a597f37239f8f149806b4ec11f52bee488ddf0d58164,0d41232c5473b8547fa86a26819eba1bc47444258e67e79fd612a6c85ddbfb0f,fast,1,dev-synthetic-random,datasets/synthetic/random/s0000065536_n000p000_seed1297748005.bin,9e4d8d3305ce218314fdc3746942be9b9f0df4e3f1673227fcd510319189dbdc,65536,mathsvg,fast-v1,dbdf165176991179ee1260cc32982768b62a646f6143c7cf178d1c08ffab9184,a6a85257cb16f7c5abc9017a6b88ad7be0851205384505e6cfce4f9ac5009437,81128211b782e3a4331d1c5fcd6db21eecf78dc823faab718e7ebe3f2ceeeee8,mathsvg,fast-ablation-no-whole-block-functions-v1,132b5a7df0265df37685fc601c1e0b6bd4ece5c907efc1a75f3a698f2ec4cbe7,aeca251ffde9675973d78aedb1d54ff2fe3655dab3f7b3ac48652c7b16db6f06,81128211b782e3a4331d1c5fcd6db21eecf78dc823faab718e7ebe3f2ceeeee8,no-whole-block-functions,whole-block-functions,ablated_minus_enabled,10,10,10,10,10,10,10,10,0,0,0,0,0,0,ok,ok,complete,pass,pass,complete,confirmed,paired-repetition-student-t,,,66024,66024,66024,66024,0,0,0,0,0,0,0,,,,,167498445.5,166957745.5,171325996.09999999,166195010.5,3827550.6000000001,-284237.5,-7669251.8592716213,15324353.059271621,2.3149205585154258,-4.5967503430088135,9.2265914600396641,,,,,17156698.5,17201290.5,17451980.300000001,17240946.5,295281.79999999999,12682,-1435709.4600238993,2026273.0600238994,4.149140574906248,-9.9263676933164842,18.224648843128982,,,,,4921753.5999999996,4923392,4861132.7999999998,4861952,-60620.800000000003,-63488,-106756.75026258503,-14484.849737414967,-1.2209788101947896,-2.1488692219372112,-0.293088398452368,,,,,size-effect-inconclusive,"delta=ablated-minus-enabled; size_delta_bytes=0.0; compression_wall_ns_delta_percent=2.3149205585154258; decompression_wall_ns_delta_percent=4.149140574906248; peak_rss_bytes_delta_percent=-1.2209788101947896; conservative_size_ci95=[0.0,0.0]",
1,file,development-pilot-v2-retry,local-x86-64,x86_64,36f84685dc00064dae9a239face7e8eff797ed28,true,b1d7dba75560d44d8e234e4205e09487f93678fb8688cac6a0905486c969c2ca,1297748005,gnu-time-v1-monotonic-wall,3b11dec50514a8473e9f6efa7a34d584d0657538c09988f61b72d38ad4991a10,development,158c6bafe466a94d0f90df39b2b3038ade08238b91d61c7acf380d4fac516594,2a5428b45f9141d72b19a597f37239f8f149806b4ec11f52bee488ddf0d58164,0d41232c5473b8547fa86a26819eba1bc47444258e67e79fd612a6c85ddbfb0f,fast,1,dev-synthetic-recurrence,datasets/synthetic/recurrence/s0000065536_n000p000_seed1297748005.bin,8d5944aabf5526f28b79d4b3841ec21dbd86daac0caa96729fec8838039fdd69,65536,mathsvg,fast-v1,dbdf165176991179ee1260cc32982768b62a646f6143c7cf178d1c08ffab9184,a6a85257cb16f7c5abc9017a6b88ad7be0851205384505e6cfce4f9ac5009437,81128211b782e3a4331d1c5fcd6db21eecf78dc823faab718e7ebe3f2ceeeee8,mathsvg,fast-ablation-no-whole-block-functions-v1,132b5a7df0265df37685fc601c1e0b6bd4ece5c907efc1a75f3a698f2ec4cbe7,aeca251ffde9675973d78aedb1d54ff2fe3655dab3f7b3ac48652c7b16db6f06,81128211b782e3a4331d1c5fcd6db21eecf78dc823faab718e7ebe3f2ceeeee8,no-whole-block-functions,whole-block-functions,ablated_minus_enabled,10,10,10,10,10,10,10,10,0,0,0,0,0,0,ok,ok,complete,pass,pass,complete,confirmed,paired-repetition-student-t,,,882,882,882,882,0,0,0,0,0,0,0,,,,,117132210.5,116930302.5,166816134.90000001,166899379.5,49683924.399999999,49951864,48214659.418657981,51153189.381342016,42.448792195911345,40.770781710000442,44.126802681822248,,,,,12389973.199999999,10440480,11593233.4,10762243,-796739.80000000005,39950,-4710131.9595359759,3116652.3595359763,2.7531809297769221,-27.553097525604159,33.059459385158,,,,,4723916.7999999998,4726784,5321932.7999999998,5320704,598016,573440,559121.97533027828,636910.02466972172,12.664042506060856,11.802078424303053,13.526006587818658,,,,,size-effect-inconclusive,"delta=ablated-minus-enabled; size_delta_bytes=0.0; compression_wall_ns_delta_percent=42.448792195911345; decompression_wall_ns_delta_percent=2.753180929776922; peak_rss_bytes_delta_percent=12.664042506060856; conservative_size_ci95=[0.0,0.0]",
1,corpus,development-pilot-v2-retry,local-x86-64,x86_64,36f84685dc00064dae9a239face7e8eff797ed28,true,b1d7dba75560d44d8e234e4205e09487f93678fb8688cac6a0905486c969c2ca,1297748005,gnu-time-v1-monotonic-wall,3b11dec50514a8473e9f6efa7a34d584d0657538c09988f61b72d38ad4991a10,development,158c6bafe466a94d0f90df39b2b3038ade08238b91d61c7acf380d4fac516594,2a5428b45f9141d72b19a597f37239f8f149806b4ec11f52bee488ddf0d58164,0d41232c5473b8547fa86a26819eba1bc47444258e67e79fd612a6c85ddbfb0f,fast,1,__aggregate__,,,10180361,mathsvg,fast-v1,dbdf165176991179ee1260cc32982768b62a646f6143c7cf178d1c08ffab9184,a6a85257cb16f7c5abc9017a6b88ad7be0851205384505e6cfce4f9ac5009437,81128211b782e3a4331d1c5fcd6db21eecf78dc823faab718e7ebe3f2ceeeee8,mathsvg,fast-ablation-no-whole-block-functions-v1,132b5a7df0265df37685fc601c1e0b6bd4ece5c907efc1a75f3a698f2ec4cbe7,aeca251ffde9675973d78aedb1d54ff2fe3655dab3f7b3ac48652c7b16db6f06,81128211b782e3a4331d1c5fcd6db21eecf78dc823faab718e7ebe3f2ceeeee8,no-whole-block-functions,whole-block-functions,ablated_minus_enabled,10,110,110,110,110,110,10,10,0,0,0,0,0,0,ok,ok,complete,pass,pass,complete,confirmed,paired-repetition-student-t+deterministic-paired-file-bootstrap,10000,1297748005,7257191,7257191,7257460,7257460,269,269,269,269,0.0037066683238735207,0.0037066683238735207,0.0037066683238735207,0,799,0,0.32613795357703951,14922862843.799999,14938594127.5,15003583980.6,14947161795.5,80721136.799999997,-18146704,-87438207.257311478,248880480.85731149,0.54977044735260472,-0.58218333609378659,1.6817242307989959,-139832020.84499997,290957058.32249999,-0.44052220981245194,14.588459144108015,2247284843.5999999,2254000939.5,2233848470.5999999,2226581120.5,-13436373,-49091902.5,-56825533.372961365,29952787.372961365,-0.57386506890624045,-2.5161049986160546,1.368374860803574,-30550989.634999998,609070.81249999674,-7.9403542113512415,0.063213218672128049,22515712,22530048,21823488,21825536,-692224,-700416,-742041.84533001052,-642406.15466998948,-3.0742160163605945,-3.2941451036746972,-2.8542869290464918,-2477670.4000000004,82739.199999999997,-13.727257795747065,1.7878849849929623,size-effect-inconclusive,"delta=ablated-minus-enabled; size_delta_bytes=269.0; compression_wall_ns_delta_percent=0.5497704473526047; decompression_wall_ns_delta_percent=-0.5738650689062404; peak_rss_bytes_delta_percent=-3.0742160163605945; conservative_size_ci95=[0.0,799.0]",
