experiment_id,machine_id,architecture,source_commit,config_sha256,dataset_manifest_sha256,randomization_seed,codec_executable_sha256,measurement_method,measurement_tool_sha256,split,codec,codec_config,profile,threads,dataset_id,row_scope,original_bytes,scheduled_trials,successful_trials,failed_trials,timeout_trials,unavailable_trials,measured_repetitions,close_delta_below_2_percent,protocol_repetitions_ok,roundtrip_all,deterministic_archive_all,status,confidence_status,archive_bytes_count,archive_bytes_mean,archive_bytes_median,archive_bytes_standard_deviation,archive_bytes_ci95_low,archive_bytes_ci95_high,ratio_count,ratio_mean,ratio_median,ratio_standard_deviation,ratio_ci95_low,ratio_ci95_high,bits_per_byte_median,compression_wall_ns_count,compression_wall_ns_mean,compression_wall_ns_median,compression_wall_ns_standard_deviation,compression_wall_ns_ci95_low,compression_wall_ns_ci95_high,compression_cpu_ns_count,compression_cpu_ns_mean,compression_cpu_ns_median,compression_cpu_ns_standard_deviation,compression_cpu_ns_ci95_low,compression_cpu_ns_ci95_high,decompression_wall_ns_count,decompression_wall_ns_mean,decompression_wall_ns_median,decompression_wall_ns_standard_deviation,decompression_wall_ns_ci95_low,decompression_wall_ns_ci95_high,decompression_cpu_ns_count,decompression_cpu_ns_mean,decompression_cpu_ns_median,decompression_cpu_ns_standard_deviation,decompression_cpu_ns_ci95_low,decompression_cpu_ns_ci95_high,peak_rss_bytes_count,peak_rss_bytes_mean,peak_rss_bytes_median,peak_rss_bytes_standard_deviation,peak_rss_bytes_ci95_low,peak_rss_bytes_ci95_high,compression_peak_rss_bytes_count,compression_peak_rss_bytes_mean,compression_peak_rss_bytes_median,compression_peak_rss_bytes_standard_deviation,compression_peak_rss_bytes_ci95_low,compression_peak_rss_bytes_ci95_high,decompression_peak_rss_bytes_count,decompression_peak_rss_bytes_mean,decompression_peak_rss_bytes_median,decompression_peak_rss_bytes_standard_deviation,decompression_peak_rss_bytes_ci95_low,decompression_peak_rss_bytes_ci95_high,energy_uj_count,energy_uj_mean,energy_uj_median,energy_uj_standard_deviation,energy_uj_ci95_low,energy_uj_ci95_high,compression_mbps_count,compression_mbps_mean,compression_mbps_median,compression_mbps_standard_deviation,compression_mbps_ci95_low,compression_mbps_ci95_high,decompression_mbps_count,decompression_mbps_mean,decompression_mbps_median,decompression_mbps_standard_deviation,decompression_mbps_ci95_low,decompression_mbps_ci95_high,bootstrap_ratio_ci95_low,bootstrap_ratio_ci95_high,bootstrap_compression_mbps_ci95_low,bootstrap_compression_mbps_ci95_high,bootstrap_decompression_mbps_ci95_low,bootstrap_decompression_mbps_ci95_high,bootstrap_replicates,bootstrap_seed
development-pilot-v2-retry,local-x86-64,x86_64,36f84685dc00064dae9a239face7e8eff797ed28,036664ca0567442e358e36e2564fb5b50a5e75619d748ddd5a2fd387db06179b,b1d7dba75560d44d8e234e4205e09487f93678fb8688cac6a0905486c969c2ca,1297748005,81128211b782e3a4331d1c5fcd6db21eecf78dc823faab718e7ebe3f2ceeeee8,gnu-time-v1-monotonic-wall,3b11dec50514a8473e9f6efa7a34d584d0657538c09988f61b72d38ad4991a10,development,mathsvg,fast-ablation-no-whole-block-entropy-v1,fast,1,dev-canterbury-alice29-txt,file,152089,10,10,0,0,0,10,true,true,true,true,complete,confirmed,10,152577,152577,0,152577,152577,10,0.99680161492230146,0.99680161492230157,0,0.99680161492230146,0.99680161492230146,8.0256691805456022,10,419328486.30000001,419275913.5,2030771.1999922071,417875861.02542567,420781111.57457435,10,368000000,365000000,10327955.589886446,360612338.93576592,375387661.06423408,10,17448457.800000001,17142683.5,729840.09413962276,16926397.920901362,17970517.67909864,10,0,0,0,0,0,10,5932236.7999999998,5939200,50537.624753576747,5896086.8728027456,5968386.7271972541,10,5932236.7999999998,5939200,50537.624753576747,5896086.8728027456,5968386.7271972541,10,3584409.6000000001,3598336,63761.212847798168,3538800.7449401189,3630018.4550598813,,,,,,,10,0.3627042309526643,0.36274232990804356,0.0017596864004591436,0.36144551458883095,0.36396294731649764,10,8.7292236467960471,8.8719741740897433,0.33887114609924618,8.4868266738383724,8.9716206197537218,,,,,,,,
development-pilot-v2-retry,local-x86-64,x86_64,36f84685dc00064dae9a239face7e8eff797ed28,036664ca0567442e358e36e2564fb5b50a5e75619d748ddd5a2fd387db06179b,b1d7dba75560d44d8e234e4205e09487f93678fb8688cac6a0905486c969c2ca,1297748005,81128211b782e3a4331d1c5fcd6db21eecf78dc823faab718e7ebe3f2ceeeee8,gnu-time-v1-monotonic-wall,3b11dec50514a8473e9f6efa7a34d584d0657538c09988f61b72d38ad4991a10,development,mathsvg,fast-ablation-no-whole-block-entropy-v1,fast,1,dev-canterbury-kennedy-xls,file,1029744,10,10,0,0,0,10,true,true,true,true,complete,confirmed,10,1030232,1030232,0,1030232,1030232,10,0.99952632028513977,0.99952632028513966,0,0.99952632028513977,0.99952632028513977,8.0037912335493093,10,660224104.10000002,670283873,21888862.269709531,644566843.17135453,675881365.02864552,10,615000000,610000000,13540064.0077266,605314694.63568652,624685305.36431348,10,72588383.900000006,67919407.5,16577150.642279629,60730628.578527093,84446139.221472919,10,38000000,40000000,4216370.2135578394,34984000,41016000,10,19703398.399999999,19709952,49386.580964648463,19668071.822720226,19738724.977279771,10,19703398.399999999,19709952,49386.580964648463,19668071.822720226,19738724.977279771,10,7025868.7999999998,7012352,113018.76036678355,6945025.666213939,7106711.9337860607,,,,,,,10,1.5613088652739548,1.5362806202361077,0.054303073344833593,1.5224654855628028,1.6001522449851069,10,14.624659461809063,15.161377734283034,2.138738191646298,13.094804620015591,16.154514303602536,,,,,,,,
development-pilot-v2-retry,local-x86-64,x86_64,36f84685dc00064dae9a239face7e8eff797ed28,036664ca0567442e358e36e2564fb5b50a5e75619d748ddd5a2fd387db06179b,b1d7dba75560d44d8e234e4205e09487f93678fb8688cac6a0905486c969c2ca,1297748005,81128211b782e3a4331d1c5fcd6db21eecf78dc823faab718e7ebe3f2ceeeee8,gnu-time-v1-monotonic-wall,3b11dec50514a8473e9f6efa7a34d584d0657538c09988f61b72d38ad4991a10,development,mathsvg,fast-ablation-no-whole-block-entropy-v1,fast,1,dev-silesia-x-ray,file,8474240,10,10,0,0,0,10,true,true,true,true,complete,confirmed,10,8476584,8476584,0,8476584,8476584,10,0.99972347351244317,0.99972347351244317,0,0.99972347351244317,0.99972347351244317,8.0022128238048484,10,5239810768.1000004,5244017753.5,46295160.774348594,5206695505.961381,5272926030.2386198,10,5197000000,5190000000,35292429.153510466,5171755071.0834827,5222244928.9165173,10,418237595.30000001,417883895.5,1463354.8529250671,417190847.02769929,419284343.57230073,10,357000000,360000000,4830458.9153964799,353544737.92600328,360455262.07399672,10,23959142.399999999,23982080,63519.556315271038,23913706.403599389,24004578.396400608,10,23959142.399999999,23982080,63519.556315271038,23913706.403599389,24004578.396400608,10,8246886.4000000004,8241152,68381.258490255292,8197972.7929966478,8295800.007003353,,,,,,,10,1.6173921034573215,1.6159831784800105,0.014126581026279865,1.6072872582427671,1.627496948671876,10,20.262007242242426,20.278940767240449,0.070754761835039703,20.211395851191352,20.3126186332935,,,,,,,,
development-pilot-v2-retry,local-x86-64,x86_64,36f84685dc00064dae9a239face7e8eff797ed28,036664ca0567442e358e36e2564fb5b50a5e75619d748ddd5a2fd387db06179b,b1d7dba75560d44d8e234e4205e09487f93678fb8688cac6a0905486c969c2ca,1297748005,81128211b782e3a4331d1c5fcd6db21eecf78dc823faab718e7ebe3f2ceeeee8,gnu-time-v1-monotonic-wall,3b11dec50514a8473e9f6efa7a34d584d0657538c09988f61b72d38ad4991a10,development,mathsvg,fast-ablation-no-whole-block-entropy-v1,fast,1,dev-synthetic-constant-00,file,65536,10,10,0,0,0,10,true,true,true,true,complete,confirmed,10,485,485,0,485,485,10,135.12577319587629,135.12577319587629,0,135.12577319587629,135.12577319587629,0.0592041015625,10,167619732.59999999,166842048,2726143.1979297623,165669702.72394264,169569762.47605735,10,119000000,120000000,5676462.1219754666,114939585.73542058,123060414.26457942,10,9830088.5999999996,9561188,1072265.3660518308,9063089.4561360497,10597087.74386395,10,0,0,0,0,0,10,4697292.7999999998,4708352,54023.04998753361,4658649.7230143771,4735935.8769856226,10,4697292.7999999998,4708352,54023.04998753361,4658649.7230143771,4735935.8769856226,10,3129344,3119104,80889.518727706614,3071483.144305143,3187204.855694857,,,,,,,10,0.39107179084758115,0.39280275989039548,0.0062562750676947929,0.38659663220437329,0.395546949490789,10,6.7375271946612258,6.8822784915174076,0.72044277213918839,6.2221892877134621,7.2528651016089896,,,,,,,,
development-pilot-v2-retry,local-x86-64,x86_64,36f84685dc00064dae9a239face7e8eff797ed28,036664ca0567442e358e36e2564fb5b50a5e75619d748ddd5a2fd387db06179b,b1d7dba75560d44d8e234e4205e09487f93678fb8688cac6a0905486c969c2ca,1297748005,81128211b782e3a4331d1c5fcd6db21eecf78dc823faab718e7ebe3f2ceeeee8,gnu-time-v1-monotonic-wall,3b11dec50514a8473e9f6efa7a34d584d0657538c09988f61b72d38ad4991a10,development,mathsvg,fast-ablation-no-whole-block-entropy-v1,fast,1,dev-synthetic-lfsr8,file,65536,10,10,0,0,0,10,true,true,true,true,complete,confirmed,10,66024,66024,0,66024,66024,10,0.99260874833393919,0.99260874833393919,0,0.99260874833393919,0.99260874833393919,8.0595703125,10,166281814.69999999,165728269.5,962447.15571610013,165593369.3134194,166970260.08658057,10,115000000,115000000,5270462.7669472992,111230000,118770000,10,16872863.199999999,17158191,1954249.0738287175,15474974.75374472,18270751.646255281,10,0,0,0,0,0,10,5343232,5341184,64076.185765245282,5297397.8425423438,5389066.1574576562,10,5343232,5341184,64076.185765245282,5297397.8425423438,5389066.1574576562,10,3340697.6000000001,3338240,80640.243809155247,3283015.0524508399,3398380.1475491603,,,,,,,10,0.39413792895590272,0.39544258939747962,0.002274381530455909,0.39251104745631382,0.39576481045549161,10,3.9455661821061532,3.8195328448167016,0.5954710529120022,3.5196214465590447,4.3715109176532616,,,,,,,,
development-pilot-v2-retry,local-x86-64,x86_64,36f84685dc00064dae9a239face7e8eff797ed28,036664ca0567442e358e36e2564fb5b50a5e75619d748ddd5a2fd387db06179b,b1d7dba75560d44d8e234e4205e09487f93678fb8688cac6a0905486c969c2ca,1297748005,81128211b782e3a4331d1c5fcd6db21eecf78dc823faab718e7ebe3f2ceeeee8,gnu-time-v1-monotonic-wall,3b11dec50514a8473e9f6efa7a34d584d0657538c09988f61b72d38ad4991a10,development,mathsvg,fast-ablation-no-whole-block-entropy-v1,fast,1,dev-synthetic-linear,file,65536,10,10,0,0,0,10,true,true,true,true,complete,confirmed,10,489,489,0,489,489,10,134.02044989775052,134.02044989775052,0,134.02044989775052,134.02044989775052,0.0596923828125,10,166298214.59999999,165902136,957720.29416656343,165613150.37155098,166983278.82844901,10,133000000,130000000,4830458.9153964799,129544737.92600329,136455262.07399669,10,15297969.300000001,17043044,3702464.2313581747,12649569.952649124,17946368.647350878,10,0,0,0,0,0,10,5272371.2000000002,5273600,53048.075966365956,5234425.5289580934,5310316.871041907,10,5272371.2000000002,5273600,53048.075966365956,5234425.5289580934,5310316.871041907,10,3154329.6000000001,3166208,73739.376899998286,3101583.2922836454,3207075.9077163548,,,,,,,10,0.39409889032516338,0.39502830956001811,0.0022528540934583529,0.39248740755640121,0.39571037309392554,10,4.5767561312810781,3.8453227911569061,1.3514842371235181,3.6100297166845112,5.5434825458776444,,,,,,,,
development-pilot-v2-retry,local-x86-64,x86_64,36f84685dc00064dae9a239face7e8eff797ed28,036664ca0567442e358e36e2564fb5b50a5e75619d748ddd5a2fd387db06179b,b1d7dba75560d44d8e234e4205e09487f93678fb8688cac6a0905486c969c2ca,1297748005,81128211b782e3a4331d1c5fcd6db21eecf78dc823faab718e7ebe3f2ceeeee8,gnu-time-v1-monotonic-wall,3b11dec50514a8473e9f6efa7a34d584d0657538c09988f61b72d38ad4991a10,development,mathsvg,fast-ablation-no-whole-block-entropy-v1,fast,1,dev-synthetic-periodic,file,65536,10,10,0,0,0,10,true,true,true,true,complete,confirmed,10,66024,66024,0,66024,66024,10,0.99260874833393919,0.99260874833393919,0,0.99260874833393919,0.99260874833393919,8.0595703125,10,121668531.5,116370466.5,15580397.495612878,110523760.8876687,132813302.1123313,10,94000000,90000000,5163977.7949432228,90306169.467882961,97693830.532117039,10,16221045.699999999,16944687,2827014.4669221882,14198861.878280342,18243229.521719657,10,0,0,0,0,0,10,4963123.2000000002,4976640,72376.833833301484,4911351.5291587338,5014894.8708412666,10,4963123.2000000002,4976640,72376.833833301484,4911351.5291587338,5014894.8708412666,10,3368960,3358720,46791.309962427855,3335489.8387715342,3402430.1612284658,,,,,,,10,0.54475317403463808,0.56316827943650216,0.0530538006745091,0.50680340806774016,0.582702940001536,10,4.1825705021853095,3.8676536114728357,0.91649907759387184,3.5269921070209351,4.8381488973496838,,,,,,,,
development-pilot-v2-retry,local-x86-64,x86_64,36f84685dc00064dae9a239face7e8eff797ed28,036664ca0567442e358e36e2564fb5b50a5e75619d748ddd5a2fd387db06179b,b1d7dba75560d44d8e234e4205e09487f93678fb8688cac6a0905486c969c2ca,1297748005,81128211b782e3a4331d1c5fcd6db21eecf78dc823faab718e7ebe3f2ceeeee8,gnu-time-v1-monotonic-wall,3b11dec50514a8473e9f6efa7a34d584d0657538c09988f61b72d38ad4991a10,development,mathsvg,fast-ablation-no-whole-block-entropy-v1,fast,1,dev-synthetic-piecewise-mixed,file,65536,10,10,0,0,0,10,true,true,true,true,complete,confirmed,10,66024,66024,0,66024,66024,10,0.99260874833393919,0.99260874833393919,0,0.99260874833393919,0.99260874833393919,8.0595703125,10,167129607.69999999,166678688,1495928.8194764594,166059559.03467324,168199656.36532673,10,113000000,110000000,4830458.9153964799,109544737.92600329,116455262.07399671,10,15666924.6,17176106.5,3136742.9402309512,13423189.769193076,17910659.430806924,10,0,0,0,0,0,10,4959846.4000000004,4939776,90451.658852425448,4895145.6765621696,5024547.1234378312,10,4959846.4000000004,4939776,90451.658852425448,4895145.6765621696,5024547.1234378312,10,3301785.6000000001,3287040,65832.573395107553,3254695.0858128923,3348876.1141871079,,,,,,,10,0.39215494245562088,0.39318854976400913,0.003492276032446884,0.38965689224172084,0.39465299266952092,10,4.370787888910237,3.8155391474164562,1.045924344500863,3.6226306675943269,5.1189451102261465,,,,,,,,
development-pilot-v2-retry,local-x86-64,x86_64,36f84685dc00064dae9a239face7e8eff797ed28,036664ca0567442e358e36e2564fb5b50a5e75619d748ddd5a2fd387db06179b,b1d7dba75560d44d8e234e4205e09487f93678fb8688cac6a0905486c969c2ca,1297748005,81128211b782e3a4331d1c5fcd6db21eecf78dc823faab718e7ebe3f2ceeeee8,gnu-time-v1-monotonic-wall,3b11dec50514a8473e9f6efa7a34d584d0657538c09988f61b72d38ad4991a10,development,mathsvg,fast-ablation-no-whole-block-entropy-v1,fast,1,dev-synthetic-polynomial-d2,file,65536,10,10,0,0,0,10,true,true,true,true,complete,confirmed,10,66024,66024,0,66024,66024,10,0.99260874833393919,0.99260874833393919,0,0.99260874833393919,0.99260874833393919,8.0595703125,10,162570804.59999999,165745794.5,14805268.812926214,151980489.12053767,173161120.07946232,10,108000000,110000000,9189365.8347268142,101426780.39314066,114573219.60685934,10,17179247.100000001,17733859.5,2460209.0978667489,15419441.80223299,18939052.397767015,10,0,0,0,0,0,10,5344460.7999999998,5353472,52376.151343059857,5306995.7614835231,5381925.8385164766,10,5344460.7999999998,5353472,52376.151343059857,5306995.7614835231,5381925.8385164766,10,3339059.2000000002,3348480,61479.430310380143,3295082.5204333253,3383035.8795666751,,,,,,,10,0.40702732089029076,0.39540068954980834,0.047683490091870825,0.37291897678553282,0.44113566499504869,10,3.9186612867008166,3.6963117527159977,0.81361502166098787,3.3366765982028559,4.5006459751987773,,,,,,,,
development-pilot-v2-retry,local-x86-64,x86_64,36f84685dc00064dae9a239face7e8eff797ed28,036664ca0567442e358e36e2564fb5b50a5e75619d748ddd5a2fd387db06179b,b1d7dba75560d44d8e234e4205e09487f93678fb8688cac6a0905486c969c2ca,1297748005,81128211b782e3a4331d1c5fcd6db21eecf78dc823faab718e7ebe3f2ceeeee8,gnu-time-v1-monotonic-wall,3b11dec50514a8473e9f6efa7a34d584d0657538c09988f61b72d38ad4991a10,development,mathsvg,fast-ablation-no-whole-block-entropy-v1,fast,1,dev-synthetic-random,file,65536,10,10,0,0,0,10,true,true,true,true,complete,confirmed,10,66024,66024,0,66024,66024,10,0.99260874833393919,0.99260874833393919,0,0.99260874833393919,0.99260874833393919,8.0595703125,10,167007559.59999999,167204913,1152874.6243513983,166182900.0727452,167832219.12725478,10,129000000,130000000,3162277.6601683795,126738000,131262000,10,16990485.699999999,17139915,2478203.2217112933,15217809.075768191,18763162.324231807,10,0,0,0,0,0,10,5360844.7999999998,5345280,57011.45481158443,5320064.0955071067,5401625.5044928929,10,5360844.7999999998,5345280,57011.45481158443,5320064.0955071067,5401625.5044928929,10,3326771.2000000002,3330048,32066.445504434832,3303833.8404364605,3349708.5595635399,,,,,,,10,0.39243009917176586,0.39195021397031155,0.0026920957351226236,0.39050442369122529,0.39435577465230642,10,3.9552899446335963,3.8235951975856546,0.7654194507371993,3.4077798953498926,4.5027999939173,,,,,,,,
development-pilot-v2-retry,local-x86-64,x86_64,36f84685dc00064dae9a239face7e8eff797ed28,036664ca0567442e358e36e2564fb5b50a5e75619d748ddd5a2fd387db06179b,b1d7dba75560d44d8e234e4205e09487f93678fb8688cac6a0905486c969c2ca,1297748005,81128211b782e3a4331d1c5fcd6db21eecf78dc823faab718e7ebe3f2ceeeee8,gnu-time-v1-monotonic-wall,3b11dec50514a8473e9f6efa7a34d584d0657538c09988f61b72d38ad4991a10,development,mathsvg,fast-ablation-no-whole-block-entropy-v1,fast,1,dev-synthetic-recurrence,file,65536,10,10,0,0,0,10,true,true,true,true,complete,confirmed,10,66024,66024,0,66024,66024,10,0.99260874833393919,0.99260874833393919,0,0.99260874833393919,0.99260874833393919,8.0595703125,10,167407408.40000001,166606371,2570792.3026394974,165568502.13891575,169246314.66108426,10,115000000,115000000,5270462.7669472992,111230000,118770000,10,17438411.5,17216192,576372.55861508532,17026128.055061169,17850694.944938831,10,0,0,0,0,0,10,5335859.2000000002,5335040,57410.602591817093,5294792.9822233561,5376925.4177766442,10,5335859.2000000002,5335040,57410.602591817093,5294792.9822233561,5376925.4177766442,10,3316940.7999999998,3340288,76453.79032068979,3262252.8528017793,3371628.7471982203,,,,,,,10,0.39155694275199376,0.39335939522514873,0.0058496538174697688,0.38737264321948145,0.39574124228450608,10,3.7616581475017989,3.8066494943163147,0.11827812889566215,3.6770529495041817,3.8462633454994162,,,,,,,,
development-pilot-v2-retry,local-x86-64,x86_64,36f84685dc00064dae9a239face7e8eff797ed28,036664ca0567442e358e36e2564fb5b50a5e75619d748ddd5a2fd387db06179b,b1d7dba75560d44d8e234e4205e09487f93678fb8688cac6a0905486c969c2ca,1297748005,81128211b782e3a4331d1c5fcd6db21eecf78dc823faab718e7ebe3f2ceeeee8,gnu-time-v1-monotonic-wall,3b11dec50514a8473e9f6efa7a34d584d0657538c09988f61b72d38ad4991a10,development,mathsvg,fast-ablation-no-whole-block-entropy-v1,fast,1,__aggregate__,corpus,10180361,110,110,0,0,0,10,true,true,true,true,complete,confirmed,10,10056511,10056511,0,10056511,10056511,10,1.0123154044180929,1.0123154044180929,0,1.0123154044180929,1.0123154044180929,7.9026753569937256,10,7605347032.1999998,7613810827.5,60676221.550900422,7561944893.6474895,7648749170.7525101,10,7106000000,7100000000,47422451.316743307,7072078378.8123264,7139921621.1876736,10,633771472.70000005,630835359,17318773.905105349,621383228.91394925,646159716.48605084,10,395000000,400000000,7071067.811865475,389942014.23489547,400057985.76510453,10,23959142.399999999,23982080,63519.556315271038,23913706.403599389,24004578.396400608,10,23959142.399999999,23982080,63519.556315271038,23913706.403599389,24004578.396400608,10,8246886.4000000004,8241152,68381.258490255292,8197972.7929966478,8295800.007003353,,,,,,,10,1.3386556174552395,1.3370920615015747,0.010612993005131072,1.3310640670736933,1.3462471678367858,10,16.073476443375451,16.137913878174118,0.42045334688778835,15.77272313425283,16.374229752498071,0.99850770645637155,1.3610773886955749,0.38752028511843878,1.5342510283030981,4.2179813160393529,18.874036023102782,10000,1297748005
development-pilot-v2-retry,local-x86-64,x86_64,36f84685dc00064dae9a239face7e8eff797ed28,132b5a7df0265df37685fc601c1e0b6bd4ece5c907efc1a75f3a698f2ec4cbe7,b1d7dba75560d44d8e234e4205e09487f93678fb8688cac6a0905486c969c2ca,1297748005,81128211b782e3a4331d1c5fcd6db21eecf78dc823faab718e7ebe3f2ceeeee8,gnu-time-v1-monotonic-wall,3b11dec50514a8473e9f6efa7a34d584d0657538c09988f61b72d38ad4991a10,development,mathsvg,fast-ablation-no-whole-block-functions-v1,fast,1,dev-canterbury-alice29-txt,file,152089,10,10,0,0,0,10,true,true,true,true,complete,confirmed,10,80481,80481,0,80481,80481,10,1.8897503758651113,1.8897503758651111,0,1.8897503758651113,1.8897503758651113,4.2333633596118059,10,523144758.19999999,518518750,15698040.02037577,511915837.04188788,534373679.3581121,10,501000000,500000000,11005049.346146118,493128008.89228147,508871991.10771853,10,66020241.799999997,65572289,933612.30999308394,65352422.186370023,66688061.413629971,10,31000000,30000000,3162277.6601683795,28738000,33262000,10,5595136,5586944,40640.17357793203,5566065.7909569433,5624206.2090430567,10,5595136,5586944,40640.17357793203,5566065.7909569433,5624206.2090430567,10,3557785.6000000001,3559424,67309.68707433161,3509638.4957529837,3605932.7042470165,,,,,,,10,0.29093996177508241,0.29331439437193074,0.0081197970965195317,0.28513181239475593,0.29674811115540889,10,2.3040832908036997,2.3194334965822754,0.032295752447745081,2.2809819063310566,2.3271846752763428,,,,,,,,
development-pilot-v2-retry,local-x86-64,x86_64,36f84685dc00064dae9a239face7e8eff797ed28,132b5a7df0265df37685fc601c1e0b6bd4ece5c907efc1a75f3a698f2ec4cbe7,b1d7dba75560d44d8e234e4205e09487f93678fb8688cac6a0905486c969c2ca,1297748005,81128211b782e3a4331d1c5fcd6db21eecf78dc823faab718e7ebe3f2ceeeee8,gnu-time-v1-monotonic-wall,3b11dec50514a8473e9f6efa7a34d584d0657538c09988f61b72d38ad4991a10,development,mathsvg,fast-ablation-no-whole-block-functions-v1,fast,1,dev-canterbury-kennedy-xls,file,1029744,10,10,0,0,0,10,true,true,true,true,complete,confirmed,10,261046,261046,0,261046,261046,10,3.9446840786681276,3.9446840786681276,0,3.9446840786681276,3.9446840786681276,2.0280458055594401,10,972124452.5,969790959,39568694.670047715,943820680.04161251,1000428224.9583875,10,929000000,920000000,32472210.341220144,905772393.92446995,952227606.07553005,10,166482834.40000001,166645729.5,888835.21147050778,165847044.1676397,167118624.63236031,10,115000000,110000000,7071067.811865475,109942014.23489548,120057985.76510452,10,15571763.199999999,15581184,78647.22952639703,15515506.269930413,15628020.130069586,10,15571763.199999999,15581184,78647.22952639703,15515506.269930413,15628020.130069586,10,4764876.7999999998,4745216,58184.669589926256,4723256.8865211168,4806496.7134788828,,,,,,,10,1.0607697291741993,1.0618205837031545,0.040955223097242574,1.0314741629395032,1.0900652954088954,10,6.1854446035633917,6.1792452325822831,0.03293956464070763,6.161882695589342,6.2090065115374413,,,,,,,,
development-pilot-v2-retry,local-x86-64,x86_64,36f84685dc00064dae9a239face7e8eff797ed28,132b5a7df0265df37685fc601c1e0b6bd4ece5c907efc1a75f3a698f2ec4cbe7,b1d7dba75560d44d8e234e4205e09487f93678fb8688cac6a0905486c969c2ca,1297748005,81128211b782e3a4331d1c5fcd6db21eecf78dc823faab718e7ebe3f2ceeeee8,gnu-time-v1-monotonic-wall,3b11dec50514a8473e9f6efa7a34d584d0657538c09988f61b72d38ad4991a10,development,mathsvg,fast-ablation-no-whole-block-functions-v1,fast,1,dev-silesia-x-ray,file,8474240,10,10,0,0,0,10,true,true,true,true,complete,confirmed,10,6832574,6832574,0,6832574,6832574,10,1.2402705042052966,1.2402705042052966,0,1.2402705042052966,1.2402705042052966,6.4502058001661506,10,12212818620.799999,12171379199,131086857.85197905,12119051246.670876,12306585994.929123,10,12150000000,12100000000,119070473.99661168,12064828031.841455,12235171968.158545,10,1907856928.0999999,1904025325,33890043.249535501,1883615135.9272127,1932098720.2727871,10,1868000000,1860000000,19888578.520235065,1853773556.4528587,1882226443.5471413,10,21823488,21825536,69484.602163197123,21773785.163315892,21873190.836684108,10,21823488,21825536,69484.602163197123,21773785.163315892,21873190.836684108,10,7271219.2000000002,7264256,65044.915621267261,7224692.1030949568,7317746.2969050435,,,,,,,10,0.69395200952361624,0.69624548189160929,0.0073747753791286721,0.68867677954690987,0.69922723950032262,10,4.4430043284222158,4.4510405586885264,0.077930580856866216,4.3872600223106373,4.4987486345337944,,,,,,,,
development-pilot-v2-retry,local-x86-64,x86_64,36f84685dc00064dae9a239face7e8eff797ed28,132b5a7df0265df37685fc601c1e0b6bd4ece5c907efc1a75f3a698f2ec4cbe7,b1d7dba75560d44d8e234e4205e09487f93678fb8688cac6a0905486c969c2ca,1297748005,81128211b782e3a4331d1c5fcd6db21eecf78dc823faab718e7ebe3f2ceeeee8,gnu-time-v1-monotonic-wall,3b11dec50514a8473e9f6efa7a34d584d0657538c09988f61b72d38ad4991a10,development,mathsvg,fast-ablation-no-whole-block-functions-v1,fast,1,dev-synthetic-constant-00,file,65536,10,10,0,0,0,10,true,true,true,true,complete,confirmed,10,489,489,0,489,489,10,134.02044989775052,134.02044989775052,0,134.02044989775052,134.02044989775052,0.0596923828125,10,172890938.69999999,168142867.5,17104119.223463971,160656238.95468557,185125638.44531441,10,143000000,140000000,6749485.5771055287,138172044.32497564,147827955.67502436,10,11209790,10183847.5,3195345.3811369995,8924136.4208810069,13495443.579118993,10,0,0,0,0,0,10,5344051.2000000002,5345280,56724.629706053514,5303475.6635721643,5384626.7364278361,10,5344051.2000000002,5345280,56724.629706053514,5303475.6635721643,5384626.7364278361,10,3159244.7999999998,3166208,23254.797262787164,3142610.4759268812,3175879.1240731184,,,,,,,10,0.38176010181203018,0.38976378307517717,0.030341673022175632,0.36005648443502009,0.40346371918904028,10,6.1937361210875883,6.4353385565730319,1.373416343942006,5.2113215124249832,7.1761507297501934,,,,,,,,
development-pilot-v2-retry,local-x86-64,x86_64,36f84685dc00064dae9a239face7e8eff797ed28,132b5a7df0265df37685fc601c1e0b6bd4ece5c907efc1a75f3a698f2ec4cbe7,b1d7dba75560d44d8e234e4205e09487f93678fb8688cac6a0905486c969c2ca,1297748005,81128211b782e3a4331d1c5fcd6db21eecf78dc823faab718e7ebe3f2ceeeee8,gnu-time-v1-monotonic-wall,3b11dec50514a8473e9f6efa7a34d584d0657538c09988f61b72d38ad4991a10,development,mathsvg,fast-ablation-no-whole-block-functions-v1,fast,1,dev-synthetic-lfsr8,file,65536,10,10,0,0,0,10,true,true,true,true,complete,confirmed,10,753,753,0,753,753,10,87.033200531208493,87.033200531208493,0,87.033200531208493,87.033200531208493,0.0919189453125,10,167226764,166854110.5,1754978.7609486587,165971415.04463518,168482112.95536482,10,121000000,120000000,3162277.6601683795,118738000,123262000,10,9787332.4000000004,9280804.5,1195362.6722993783,8932280.8658481203,10642383.93415188,10,0,0,0,0,0,10,5358387.2000000002,5355520,51731.541302295554,5321383.2556912126,5395391.1443087878,10,5358387.2000000002,5355520,51731.541302295554,5321383.2556912126,5395391.1443087878,10,3144908.7999999998,3158016,72447.628110549238,3093086.4895020225,3196731.1104979771,,,,,,,10,0.39193743336526837,0.39277505471485546,0.0040702857483790444,0.38902592863600205,0.3948489380945347,10,6.7789414526179854,7.061604068931338,0.7570575090609758,6.2374127604775413,7.3204701447584295,,,,,,,,
development-pilot-v2-retry,local-x86-64,x86_64,36f84685dc00064dae9a239face7e8eff797ed28,132b5a7df0265df37685fc601c1e0b6bd4ece5c907efc1a75f3a698f2ec4cbe7,b1d7dba75560d44d8e234e4205e09487f93678fb8688cac6a0905486c969c2ca,1297748005,81128211b782e3a4331d1c5fcd6db21eecf78dc823faab718e7ebe3f2ceeeee8,gnu-time-v1-monotonic-wall,3b11dec50514a8473e9f6efa7a34d584d0657538c09988f61b72d38ad4991a10,development,mathsvg,fast-ablation-no-whole-block-functions-v1,fast,1,dev-synthetic-linear,file,65536,10,10,0,0,0,10,true,true,true,true,complete,confirmed,10,754,754,0,754,754,10,86.91777188328912,86.91777188328912,0,86.91777188328912,86.91777188328912,0.092041015625,10,165803534.5,165669616,616515.69032682909,165362536.38364705,166244532.61635295,10,106000000,110000000,5163977.7949432228,102306169.46788296,109693830.53211704,10,11386316.699999999,10268587.5,3273082.057657585,9045057.5159385856,13727575.884061413,10,1000000,0,3162277.6601683795,-1262000,3262000,10,4663296,4661248,32381.723240124204,4640133.1200000001,4686458.8799999999,10,4663296,4661248,32381.723240124204,4640133.1200000001,4686458.8799999999,10,3175628.7999999998,3184640,46463.478907393255,3142393.1386877899,3208864.4613122097,,,,,,,10,0.39526786438099365,0.39558258682874825,0.0014580007197248651,0.39422494595875679,0.39631078280323051,10,6.1026167601386492,6.4034878075975348,1.3604480036273323,5.1294784987624586,7.0757550215148397,,,,,,,,
development-pilot-v2-retry,local-x86-64,x86_64,36f84685dc00064dae9a239face7e8eff797ed28,132b5a7df0265df37685fc601c1e0b6bd4ece5c907efc1a75f3a698f2ec4cbe7,b1d7dba75560d44d8e234e4205e09487f93678fb8688cac6a0905486c969c2ca,1297748005,81128211b782e3a4331d1c5fcd6db21eecf78dc823faab718e7ebe3f2ceeeee8,gnu-time-v1-monotonic-wall,3b11dec50514a8473e9f6efa7a34d584d0657538c09988f61b72d38ad4991a10,development,mathsvg,fast-ablation-no-whole-block-functions-v1,fast,1,dev-synthetic-periodic,file,65536,10,10,0,0,0,10,true,true,true,true,complete,confirmed,10,500,500,0,500,500,10,131.072,131.072,0,131.072,131.072,0.06103515625,10,116807489.3,116518052.5,1173545.298961991,115968043.89022827,117646934.70977172,10,90000000,90000000,0,90000000,90000000,10,11341453.9,9626869,3935248.9582553012,8526541.959882915,14156365.840117086,10,0,0,0,0,0,10,4804608,4810752,41096.306533150477,4775211.5157668488,4834004.4842331512,10,4804608,4810752,41096.306533150477,4775211.5157668488,4834004.4842331512,10,3161702.3999999999,3194880,65520.353687825722,3114835.218819594,3208569.5811804058,,,,,,,10,0.56111083908024573,0.56246022823910824,0.0056319538351591227,0.55708226191398524,0.56513941624650621,10,6.2485223577287252,6.8333573995168528,1.5225664748852668,5.1594195855176697,7.3376251299397808,,,,,,,,
development-pilot-v2-retry,local-x86-64,x86_64,36f84685dc00064dae9a239face7e8eff797ed28,132b5a7df0265df37685fc601c1e0b6bd4ece5c907efc1a75f3a698f2ec4cbe7,b1d7dba75560d44d8e234e4205e09487f93678fb8688cac6a0905486c969c2ca,1297748005,81128211b782e3a4331d1c5fcd6db21eecf78dc823faab718e7ebe3f2ceeeee8,gnu-time-v1-monotonic-wall,3b11dec50514a8473e9f6efa7a34d584d0657538c09988f61b72d38ad4991a10,development,mathsvg,fast-ablation-no-whole-block-functions-v1,fast,1,dev-synthetic-piecewise-mixed,file,65536,10,10,0,0,0,10,true,true,true,true,complete,confirmed,10,13203,13203,0,13203,13203,10,4.9637203665833525,4.9637203665833525,0,4.9637203665833525,4.9637203665833525,1.6116943359375,10,167129741.19999999,167041079,1314669.1347975309,166189348.89341369,168070133.50658628,10,104000000,100000000,5163977.7949432228,100306169.46788296,107693830.53211704,10,9858184.6999999993,9128991,1257296.3236719982,8958831.5786821749,10757537.821317824,10,0,0,0,0,0,10,4745216,4761600,56070.169117712576,4705108.6039475258,4785323.3960524742,10,4745216,4761600,56070.169117712576,4705108.6039475258,4785323.3960524742,10,3159244.7999999998,3145728,52278.183656282476,3121849.8384759021,3196639.7615240975,,,,,,,10,0.39214831723153903,0.39233495672652197,0.003082184240436612,0.38994360863188482,0.39435302583119325,10,6.7381767040843314,7.1789779133419067,0.78813719339496835,6.1744164897568856,7.3019369184117773,,,,,,,,
development-pilot-v2-retry,local-x86-64,x86_64,36f84685dc00064dae9a239face7e8eff797ed28,132b5a7df0265df37685fc601c1e0b6bd4ece5c907efc1a75f3a698f2ec4cbe7,b1d7dba75560d44d8e234e4205e09487f93678fb8688cac6a0905486c969c2ca,1297748005,81128211b782e3a4331d1c5fcd6db21eecf78dc823faab718e7ebe3f2ceeeee8,gnu-time-v1-monotonic-wall,3b11dec50514a8473e9f6efa7a34d584d0657538c09988f61b72d38ad4991a10,development,mathsvg,fast-ablation-no-whole-block-functions-v1,fast,1,dev-synthetic-polynomial-d2,file,65536,10,10,0,0,0,10,true,true,true,true,complete,confirmed,10,754,754,0,754,754,10,86.91777188328912,86.91777188328912,0,86.91777188328912,86.91777188328912,0.092041015625,10,167495550.40000001,167703952,1109240.5152893479,166702102.66541654,168288998.13458347,10,106000000,105000000,6992058.9878010107,100998529.81614405,111001470.18385595,10,10860174.9,9791330,2754924.6235447554,8889557.4627802633,12830792.337219737,10,0,0,0,0,0,10,5335449.5999999996,5353472,48008.506031512559,5301108.7696513142,5369790.430348685,10,5335449.5999999996,5353472,48008.506031512559,5301108.7696513142,5369790.430348685,10,3171123.2000000002,3186688,54092.018546177402,3132430.7893073419,3209815.6106926585,,,,,,,10,0.39128550709537629,0.39078405523383508,0.0025857860893671596,0.38943587567058957,0.39313513852016302,10,6.3092812795955719,6.7067108118795495,1.2273826607144316,5.4313256169709891,7.1872369422201547,,,,,,,,
development-pilot-v2-retry,local-x86-64,x86_64,36f84685dc00064dae9a239face7e8eff797ed28,132b5a7df0265df37685fc601c1e0b6bd4ece5c907efc1a75f3a698f2ec4cbe7,b1d7dba75560d44d8e234e4205e09487f93678fb8688cac6a0905486c969c2ca,1297748005,81128211b782e3a4331d1c5fcd6db21eecf78dc823faab718e7ebe3f2ceeeee8,gnu-time-v1-monotonic-wall,3b11dec50514a8473e9f6efa7a34d584d0657538c09988f61b72d38ad4991a10,development,mathsvg,fast-ablation-no-whole-block-functions-v1,fast,1,dev-synthetic-random,file,65536,10,10,0,0,0,10,true,true,true,true,complete,confirmed,10,66024,66024,0,66024,66024,10,0.99260874833393919,0.99260874833393919,0,0.99260874833393919,0.99260874833393919,8.0595703125,10,171325996.09999999,166195010.5,15580404.543036019,160181220.44659615,182470771.75340384,10,120000000,110000000,18856180.831641268,106512037.95972127,133487962.04027873,10,17451980.300000001,17240946.5,608345.19855699071,17016826.595292538,17887134.004707463,10,0,0,0,0,0,10,4861132.7999999998,4861952,33152.587553780941,4837418.5152010303,4884847.0847989693,10,4861132.7999999998,4861952,33152.587553780941,4837418.5152010303,4884847.0847989693,10,3324313.6000000001,3328000,58604.458266509988,3282393.408655453,3366233.7913445472,,,,,,,10,0.38485624659252116,0.39433202643189785,0.028523574076189922,0.36445312849412304,0.40525936469091928,10,3.7591679307238932,3.8011840649248061,0.12593794267111638,3.6690836127304829,3.8492522487173035,,,,,,,,
development-pilot-v2-retry,local-x86-64,x86_64,36f84685dc00064dae9a239face7e8eff797ed28,132b5a7df0265df37685fc601c1e0b6bd4ece5c907efc1a75f3a698f2ec4cbe7,b1d7dba75560d44d8e234e4205e09487f93678fb8688cac6a0905486c969c2ca,1297748005,81128211b782e3a4331d1c5fcd6db21eecf78dc823faab718e7ebe3f2ceeeee8,gnu-time-v1-monotonic-wall,3b11dec50514a8473e9f6efa7a34d584d0657538c09988f61b72d38ad4991a10,development,mathsvg,fast-ablation-no-whole-block-functions-v1,fast,1,dev-synthetic-recurrence,file,65536,10,10,0,0,0,10,true,true,true,true,complete,confirmed,10,882,882,0,882,882,10,74.303854875283449,74.303854875283449,0,74.303854875283449,74.303854875283449,0.107666015625,10,166816134.90000001,166899379.5,924060.22592186416,166155147.96094546,167477121.83905455,10,113000000,110000000,4830458.9153964799,109544737.92600329,116455262.07399671,10,11593233.4,10762243,3238557.769512095,9276669.6880562808,13909797.11194372,10,0,0,0,0,0,10,5321932.7999999998,5320704,50463.798660910266,5285835.681138875,5358029.9188611247,10,5321932.7999999998,5320704,50463.798660910266,5285835.681138875,5358029.9188611247,10,3180134.3999999999,3186688,60390.346342588382,3136936.7500442206,3223332.0499557792,,,,,,,10,0.39287451291448849,0.392667880141856,0.0021737055693695317,0.39131964565540917,0.39442938017356782,10,5.9853391227720145,6.1122707291658864,1.3463210451701277,5.0223059765894389,6.9483722689545901,,,,,,,,
development-pilot-v2-retry,local-x86-64,x86_64,36f84685dc00064dae9a239face7e8eff797ed28,132b5a7df0265df37685fc601c1e0b6bd4ece5c907efc1a75f3a698f2ec4cbe7,b1d7dba75560d44d8e234e4205e09487f93678fb8688cac6a0905486c969c2ca,1297748005,81128211b782e3a4331d1c5fcd6db21eecf78dc823faab718e7ebe3f2ceeeee8,gnu-time-v1-monotonic-wall,3b11dec50514a8473e9f6efa7a34d584d0657538c09988f61b72d38ad4991a10,development,mathsvg,fast-ablation-no-whole-block-functions-v1,fast,1,__aggregate__,corpus,10180361,110,110,0,0,0,10,true,true,true,true,complete,confirmed,10,7257460,7257460,0,7257460,7257460,10,1.4027443485737434,1.4027443485737434,0,1.4027443485737434,1.4027443485737434,5.7031062061551649,10,15003583980.6,14947161795.5,155995270.60493013,14891999439.320484,15115168521.879517,10,14483000000,14435000000,143065641.49989954,14380664115.599659,14585335884.400341,10,2233848470.5999999,2226581120.5,41098855.175080486,2204450163.3049088,2263246777.8950911,10,2015000000,2010000000,20682789.40998476,2000205451.6797571,2029794548.3202429,10,21823488,21825536,69484.602163197123,21773785.163315892,21873190.836684108,10,21823488,21825536,69484.602163197123,21773785.163315892,21873190.836684108,10,7271219.2000000002,7264256,65044.915621267261,7224692.1030949568,7317746.2969050435,,,,,,,10,0.67859374116955629,0.68109099931252248,0.0069604381448850365,0.67361488960252103,0.68357259273659154,10,4.5586904597548559,4.5724907996176558,0.082814480525942119,4.4994526650130409,4.6179282544966709,1.2615399550196096,7.1595084055826383,0.35929431243791432,0.80524281633090022,3.9220285250591811,6.2638182099741524,10000,1297748005
development-pilot-v2-retry,local-x86-64,x86_64,36f84685dc00064dae9a239face7e8eff797ed28,1bd3a8a1a914bf55087f30b641adcacaac8d04f2cc5a9c21f3668bf2f6727da6,b1d7dba75560d44d8e234e4205e09487f93678fb8688cac6a0905486c969c2ca,1297748005,b5b163eb273291934556377ab883b4b2a5d4da50bd0dc0a91774ecc234ccd8d0,gnu-time-v1-monotonic-wall,3b11dec50514a8473e9f6efa7a34d584d0657538c09988f61b72d38ad4991a10,development,xz-9e,xz-9e,,1,dev-canterbury-alice29-txt,file,152089,10,10,0,0,0,10,true,true,true,true,complete,confirmed,10,48528,48528,0,48528,48528,10,3.1340463237718432,3.1340463237718432,0,3.1340463237718432,3.1340463237718432,2.5526106424527746,10,166560119.69999999,166040413,1488934.0516800042,165495074.44248745,167625164.95751253,10,136000000,140000000,5163977.7949432228,132306169.46788296,139693830.53211704,10,15218183.1,16928521,2860056.0817891299,13172364.37304402,17264001.826955982,10,0,0,0,0,0,10,30426726.399999999,30451712,82672.032582837695,30367590.499298472,30485862.300701525,10,30426726.399999999,30451712,82672.032582837695,30367590.499298472,30485862.300701525,10,2014003.2,2015232,2764.5892923824244,2012025.66935551,2015980.7306444899,,,,,,,10,0.91318227442777078,0.91597647517718861,0.0080215932573303225,0.90744437096134489,0.91892017789419667,10,10.382625482862823,8.9842501599011442,2.3066055879036096,8.7326938827514802,12.032557082974165,,,,,,,,
development-pilot-v2-retry,local-x86-64,x86_64,36f84685dc00064dae9a239face7e8eff797ed28,1bd3a8a1a914bf55087f30b641adcacaac8d04f2cc5a9c21f3668bf2f6727da6,b1d7dba75560d44d8e234e4205e09487f93678fb8688cac6a0905486c969c2ca,1297748005,b5b163eb273291934556377ab883b4b2a5d4da50bd0dc0a91774ecc234ccd8d0,gnu-time-v1-monotonic-wall,3b11dec50514a8473e9f6efa7a34d584d0657538c09988f61b72d38ad4991a10,development,xz-9e,xz-9e,,1,dev-canterbury-kennedy-xls,file,1029744,10,10,0,0,0,10,false,true,true,true,complete,confirmed,10,51868,51868,0,51868,51868,10,19.853165728387445,19.853165728387445,0,19.853165728387445,19.853165728387445,0.40295840519585452,10,2014296925.9000001,2003866416,94779851.960462362,1946500214.7398705,2082093637.0601296,10,1975000000,1965000000,80725873.588748902,1917256200.852386,2032743799.147614,10,31975888,33336016,4525204.2261189595,28738976.805131659,35212799.194868341,10,6000000,10000000,5163977.7949432228,2306169.4678829676,9693830.5321170315,10,35185868.799999997,35299328,158072.9370981777,35072798.088904679,35298939.511095315,10,35185868.799999997,35299328,158072.9370981777,35072798.088904679,35298939.511095315,10,2929868.7999999998,2930688,3372.1245792197205,2927456.6949864924,2932280.9050135072,,,,,,,10,0.51225897749874216,0.51394034923724541,0.024622695893877729,0.49464618567672808,0.52987176932075619,10,33.131510694789753,30.89007329373937,7.2864086595936817,27.919490069401878,38.343531320177632,,,,,,,,
development-pilot-v2-retry,local-x86-64,x86_64,36f84685dc00064dae9a239face7e8eff797ed28,1bd3a8a1a914bf55087f30b641adcacaac8d04f2cc5a9c21f3668bf2f6727da6,b1d7dba75560d44d8e234e4205e09487f93678fb8688cac6a0905486c969c2ca,1297748005,b5b163eb273291934556377ab883b4b2a5d4da50bd0dc0a91774ecc234ccd8d0,gnu-time-v1-monotonic-wall,3b11dec50514a8473e9f6efa7a34d584d0657538c09988f61b72d38ad4991a10,development,xz-9e,xz-9e,,1,dev-silesia-x-ray,file,8474240,10,10,0,0,0,10,false,true,true,true,complete,confirmed,10,4491264,4491264,0,4491264,4491264,10,1.8868274053807572,1.886827405380757,0,1.8868274053807572,1.8868274053807572,4.2399214560833771,10,6570557169.6000004,6581260753.5,123380015.90787075,6482302555.0546274,6658811784.1453733,10,6523000000,6530000000,115185840.17915474,6440606738.4065905,6605393261.5934095,10,519961232.89999998,519131182.5,2961551.2065237947,517842813.97887331,522079651.82112664,10,483000000,480000000,4830458.9153964799,479544737.92600328,486455262.07399672,10,145942528,145993728,132504.17557194189,145847746.80829155,146037309.19170845,10,145942528,145993728,132504.17557194189,145847746.80829155,146037309.19170845,10,10269900.800000001,10270720,29665.774656252539,10248680.657595152,10291120.942404849,,,,,,,10,1.2901368545021037,1.287646945452749,0.024121858182612001,1.2728823155043603,1.3073913934998471,10,16.298303284876685,16.323891657394082,0.092246690399664225,16.232318562436806,16.364288007316564,,,,,,,,
development-pilot-v2-retry,local-x86-64,x86_64,36f84685dc00064dae9a239face7e8eff797ed28,1bd3a8a1a914bf55087f30b641adcacaac8d04f2cc5a9c21f3668bf2f6727da6,b1d7dba75560d44d8e234e4205e09487f93678fb8688cac6a0905486c969c2ca,1297748005,b5b163eb273291934556377ab883b4b2a5d4da50bd0dc0a91774ecc234ccd8d0,gnu-time-v1-monotonic-wall,3b11dec50514a8473e9f6efa7a34d584d0657538c09988f61b72d38ad4991a10,development,xz-9e,xz-9e,,1,dev-synthetic-constant-00,file,65536,10,10,0,0,0,10,true,true,true,true,complete,confirmed,10,140,140,0,140,140,10,468.1142857142857,468.1142857142857,0,468.1142857142857,468.1142857142857,0.01708984375,10,16308728.5,17275983.5,2411696.3373573222,14583624.729443751,18033832.270556249,10,0,0,0,0,0,10,9364553.5,9240411,637231.13889445341,8908737.4739959762,9820369.5260040238,10,0,0,0,0,0,10,2799616,2801664,3980.596493547725,2796768.6506410809,2802463.3493589191,10,2799616,2801664,3980.596493547725,2796768.6506410809,2802463.3493589191,10,1881292.8,1884160,3885.8067888149044,1878513.2544,1884072.3456000001,,,,,,,10,4.1208545940808934,3.7934761961747645,0.76986974801667252,3.5701612150810913,4.6715479730806955,10,7.0253930376325542,7.0926160441664372,0.44339181623933005,6.7082316760714189,7.3425543991936895,,,,,,,,
development-pilot-v2-retry,local-x86-64,x86_64,36f84685dc00064dae9a239face7e8eff797ed28,1bd3a8a1a914bf55087f30b641adcacaac8d04f2cc5a9c21f3668bf2f6727da6,b1d7dba75560d44d8e234e4205e09487f93678fb8688cac6a0905486c969c2ca,1297748005,b5b163eb273291934556377ab883b4b2a5d4da50bd0dc0a91774ecc234ccd8d0,gnu-time-v1-monotonic-wall,3b11dec50514a8473e9f6efa7a34d584d0657538c09988f61b72d38ad4991a10,development,xz-9e,xz-9e,,1,dev-synthetic-lfsr8,file,65536,10,10,0,0,0,10,true,true,true,true,complete,confirmed,10,412,412,0,412,412,10,159.06796116504853,159.06796116504853,0,159.06796116504853,159.06796116504853,0.05029296875,10,18006251.399999999,17273622,1267191.9948660941,17099819.833761606,18912682.966238391,10,0,0,0,0,0,10,9439914,9013931.5,1070997.2626920098,8673821.9396082088,10206006.060391791,10,0,0,0,0,0,10,3977216,3979264,5108.6095520753543,3973561.7747710305,3980870.2252289695,10,3977216,3979264,5108.6095520753543,3973561.7747710305,3980870.2252289695,10,1882931.2,1884160,2764.5892923824244,1880953.66935551,1884908.7306444899,,,,,,,10,3.6549888335256782,3.7940365186342442,0.24274419882655796,3.4813521587131202,3.8286255083382361,10,7.0110796903477439,7.2705240415053591,0.67402220105391841,6.5289467524378004,7.4932126282576874,,,,,,,,
development-pilot-v2-retry,local-x86-64,x86_64,36f84685dc00064dae9a239face7e8eff797ed28,1bd3a8a1a914bf55087f30b641adcacaac8d04f2cc5a9c21f3668bf2f6727da6,b1d7dba75560d44d8e234e4205e09487f93678fb8688cac6a0905486c969c2ca,1297748005,b5b163eb273291934556377ab883b4b2a5d4da50bd0dc0a91774ecc234ccd8d0,gnu-time-v1-monotonic-wall,3b11dec50514a8473e9f6efa7a34d584d0657538c09988f61b72d38ad4991a10,development,xz-9e,xz-9e,,1,dev-synthetic-linear,file,65536,10,10,0,0,0,10,true,true,true,true,complete,confirmed,10,384,384,0,384,384,10,170.66666666666666,170.66666666666666,0,170.66666666666666,170.66666666666666,0.046875,10,17231610.399999999,17009119.5,702847.27163907303,16728858.681365991,17734362.118634008,10,0,0,0,0,0,10,9052445.9000000004,8990469,681682.10130520351,8564833.7802374791,9540058.0197625216,10,0,0,0,0,0,10,3847372.7999999998,3850240,4339.0972128107733,3844269.0124929738,3850476.5875070258,10,3847372.7999999998,3850240,4339.0972128107733,3844269.0124929738,3850476.5875070258,10,1882931.2,1884160,2764.5892923824244,1880953.66935551,1884908.7306444899,,,,,,,10,3.808435055001735,3.8529956442474989,0.14146541770359719,3.7072438222152697,3.9096262877882002,10,7.2766556447693658,7.2897543968103538,0.55121398171501945,6.8823683111982259,7.6709429783405056,,,,,,,,
development-pilot-v2-retry,local-x86-64,x86_64,36f84685dc00064dae9a239face7e8eff797ed28,1bd3a8a1a914bf55087f30b641adcacaac8d04f2cc5a9c21f3668bf2f6727da6,b1d7dba75560d44d8e234e4205e09487f93678fb8688cac6a0905486c969c2ca,1297748005,b5b163eb273291934556377ab883b4b2a5d4da50bd0dc0a91774ecc234ccd8d0,gnu-time-v1-monotonic-wall,3b11dec50514a8473e9f6efa7a34d584d0657538c09988f61b72d38ad4991a10,development,xz-9e,xz-9e,,1,dev-synthetic-periodic,file,65536,10,10,0,0,0,10,true,true,true,true,complete,confirmed,10,148,148,0,148,148,10,442.81081081081084,442.81081081081084,0,442.81081081081084,442.81081081081084,0.01806640625,10,16679375.4,17011819.5,1627006.7638258778,15515565.736436753,17843185.063563246,10,0,0,0,0,0,10,9598379.3000000007,9017882,1889750.7544807801,8246626.9663962787,10950131.633603722,10,0,0,0,0,0,10,2769305.6000000001,2795520,86641.131565402204,2707330.5741920182,2831280.6258079819,10,2769305.6000000001,2795520,86641.131565402204,2707330.5741920182,2831280.6258079819,10,1888665.6000000001,1884160,18665.659706173439,1875313.9190938028,1902017.2809061974,,,,,,,10,3.9733636200606797,3.8523951555958353,0.5044758015693378,3.6125084435771946,4.3342187965441648,10,7.0786081363962792,7.2684189539309187,1.4385582074841394,6.0495970832821584,8.1076191895103999,,,,,,,,
development-pilot-v2-retry,local-x86-64,x86_64,36f84685dc00064dae9a239face7e8eff797ed28,1bd3a8a1a914bf55087f30b641adcacaac8d04f2cc5a9c21f3668bf2f6727da6,b1d7dba75560d44d8e234e4205e09487f93678fb8688cac6a0905486c969c2ca,1297748005,b5b163eb273291934556377ab883b4b2a5d4da50bd0dc0a91774ecc234ccd8d0,gnu-time-v1-monotonic-wall,3b11dec50514a8473e9f6efa7a34d584d0657538c09988f61b72d38ad4991a10,development,xz-9e,xz-9e,,1,dev-synthetic-piecewise-mixed,file,65536,10,10,0,0,0,10,true,true,true,true,complete,confirmed,10,12424,12424,0,12424,12424,10,5.2749517063747584,5.2749517063747584,0,5.2749517063747584,5.2749517063747584,1.5166015625,10,121399877.09999999,116917195.5,15536925.78653983,110286202.11445752,132513552.08554247,10,98000000,100000000,6324555.3203367591,93476000,102524000,10,9191926.5,9052735,335992.34027653071,8951588.75759409,9432264.24240591,10,0,0,0,0,0,10,38453248,38453248,0,38453248,38453248,10,38453248,38453248,0,38453248,38453248,10,1883340.8,1884160,1727.0252394732909,1882105.4464,1884576.1536000001,,,,,,,10,0.54592597427725753,0.56053447695977698,0.05288794755488424,0.50809484424208595,0.58375710431242911,10,7.1381639743724179,7.2394730121775144,0.25630883417317751,6.9548244181397569,7.3215035306050789,,,,,,,,
development-pilot-v2-retry,local-x86-64,x86_64,36f84685dc00064dae9a239face7e8eff797ed28,1bd3a8a1a914bf55087f30b641adcacaac8d04f2cc5a9c21f3668bf2f6727da6,b1d7dba75560d44d8e234e4205e09487f93678fb8688cac6a0905486c969c2ca,1297748005,b5b163eb273291934556377ab883b4b2a5d4da50bd0dc0a91774ecc234ccd8d0,gnu-time-v1-monotonic-wall,3b11dec50514a8473e9f6efa7a34d584d0657538c09988f61b72d38ad4991a10,development,xz-9e,xz-9e,,1,dev-synthetic-polynomial-d2,file,65536,10,10,0,0,0,10,true,true,true,true,complete,confirmed,10,412,412,0,412,412,10,159.06796116504853,159.06796116504853,0,159.06796116504853,159.06796116504853,0.05029296875,10,17746795.5,17132445.5,984825.11594803247,17042342.997193579,18451248.002806421,10,0,0,0,0,0,10,9902638.1999999993,8981886.5,1783143.8292093857,8627142.5683302414,11178133.831669757,10,0,0,0,0,0,10,3953459.2000000002,3981312,57726.319167449277,3912167.1478815228,3994751.2521184776,10,3953459.2000000002,3981312,57726.319167449277,3912167.1478815228,3994751.2521184776,10,1881702.3999999999,1884160,3454.0504789465817,1879231.6927999998,1884173.1072,,,,,,,10,3.7027045286616209,3.8252856759077751,0.19769794171645388,3.5612897661961367,3.8441192911271052,10,6.7797635185618166,7.296858942696538,1.0044499299936667,6.0612732448378148,7.4982537922858183,,,,,,,,
development-pilot-v2-retry,local-x86-64,x86_64,36f84685dc00064dae9a239face7e8eff797ed28,1bd3a8a1a914bf55087f30b641adcacaac8d04f2cc5a9c21f3668bf2f6727da6,b1d7dba75560d44d8e234e4205e09487f93678fb8688cac6a0905486c969c2ca,1297748005,b5b163eb273291934556377ab883b4b2a5d4da50bd0dc0a91774ecc234ccd8d0,gnu-time-v1-monotonic-wall,3b11dec50514a8473e9f6efa7a34d584d0657538c09988f61b72d38ad4991a10,development,xz-9e,xz-9e,,1,dev-synthetic-random,file,65536,10,10,0,0,0,10,true,true,true,true,complete,confirmed,10,65600,65600,0,65600,65600,10,0.99902439024390244,0.99902439024390244,0,0.99902439024390244,0.99902439024390244,8.0078125,10,216366662.69999999,215927407,857175.49870918761,215753518.88834086,216979806.51165912,10,183000000,180000000,4830458.9153964799,179544737.92600331,186455262.07399669,10,9362142.5999999996,8971676.5,1174697.8974997217,8521872.7281877678,10202412.471812231,10,0,0,0,0,0,10,68858265.599999994,68857856,3586.4372665176602,68855700.195576772,68860831.004423216,10,68858265.599999994,68857856,3586.4372665176602,68855700.195576772,68860831.004423216,10,1881292.8,1884160,3885.8067888149044,1878513.2544,1884072.3456000001,,,,,,,10,0.30289750287303346,0.30350944541596964,0.0011949313997890369,0.30204275983121631,0.30375224591485062,10,7.0929543423128525,7.304793836884687,0.83067575780878489,6.4987659862962524,7.6871426983294526,,,,,,,,
development-pilot-v2-retry,local-x86-64,x86_64,36f84685dc00064dae9a239face7e8eff797ed28,1bd3a8a1a914bf55087f30b641adcacaac8d04f2cc5a9c21f3668bf2f6727da6,b1d7dba75560d44d8e234e4205e09487f93678fb8688cac6a0905486c969c2ca,1297748005,b5b163eb273291934556377ab883b4b2a5d4da50bd0dc0a91774ecc234ccd8d0,gnu-time-v1-monotonic-wall,3b11dec50514a8473e9f6efa7a34d584d0657538c09988f61b72d38ad4991a10,development,xz-9e,xz-9e,,1,dev-synthetic-recurrence,file,65536,10,10,0,0,0,10,true,true,true,true,complete,confirmed,10,544,544,0,544,544,10,120.47058823529412,120.47058823529412,0,120.47058823529412,120.47058823529412,0.06640625,10,17762187.199999999,17087613,1248338.3977749338,16869241.747633699,18655132.652366299,10,0,0,0,0,0,10,8758937.3000000007,8880020.5,661588.33145511767,8285698.3986216215,9232176.2013783809,10,0,0,0,0,0,10,4503142.4000000004,4503552,2863.9473614032936,4501093.7978126928,4505191.0021873079,10,4503142.4000000004,4503552,2863.9473614032936,4501093.7978126928,4505191.0021873079,10,1882521.6000000001,1884160,2863.9473614032936,1880472.9978126928,1884570.2021873074,,,,,,,10,3.7050830251565685,3.8352931370675005,0.2443162073118777,3.5303218813454205,3.8798441689677166,10,7.5288002200298987,7.3802890344637788,0.68688399003243061,7.0374671517721836,8.0201332882876137,,,,,,,,
development-pilot-v2-retry,local-x86-64,x86_64,36f84685dc00064dae9a239face7e8eff797ed28,1bd3a8a1a914bf55087f30b641adcacaac8d04f2cc5a9c21f3668bf2f6727da6,b1d7dba75560d44d8e234e4205e09487f93678fb8688cac6a0905486c969c2ca,1297748005,b5b163eb273291934556377ab883b4b2a5d4da50bd0dc0a91774ecc234ccd8d0,gnu-time-v1-monotonic-wall,3b11dec50514a8473e9f6efa7a34d584d0657538c09988f61b72d38ad4991a10,development,xz-9e,xz-9e,,1,__aggregate__,corpus,10180361,110,110,0,0,0,10,true,true,true,true,complete,confirmed,10,4671724,4671724,0,4671724,4671724,10,2.1791443586992725,2.1791443586992725,0,2.1791443586992725,2.1791443586992725,3.6711656885251909,10,9192915703.3999996,9215523408,145669938.43286768,9088716946.6350403,9297114460.164959,10,8915000000,8920000000,128689980.61663973,8822947129.4309616,9007052870.5690384,10,641826241.29999995,643362761,5935900.2320298487,637580249.08559823,646072233.51440167,10,489000000,490000000,7378647.873726218,483722000,494278000,10,145942528,145993728,132504.17557194189,145847746.80829155,146037309.19170845,10,145942528,145993728,132504.17557194189,145847746.80829155,146037309.19170845,10,10269900.800000001,10270720,29665.774656252539,10248680.657595152,10291120.942404849,,,,,,,10,1.1076696823159082,1.1047024777564967,0.01795092165263075,1.0948292586903343,1.1205101059414821,10,15.862782164387315,15.82367932120016,0.14766566951495302,15.757155846796646,15.968408481977985,1.9152483289496758,18.509589885068859,0.5604796522483122,1.5042677535010212,7.2991685118806791,20.174782634110983,10000,1297748005
development-pilot-v2-retry,local-x86-64,x86_64,36f84685dc00064dae9a239face7e8eff797ed28,55f2cfb2e4425a7153decbe4e16c321721a5b66dc23940f14275abf99abeb42a,b1d7dba75560d44d8e234e4205e09487f93678fb8688cac6a0905486c969c2ca,1297748005,81128211b782e3a4331d1c5fcd6db21eecf78dc823faab718e7ebe3f2ceeeee8,gnu-time-v1-monotonic-wall,3b11dec50514a8473e9f6efa7a34d584d0657538c09988f61b72d38ad4991a10,development,mathsvg,balanced-ablation-no-whole-block-entropy-v1,balanced,1,dev-canterbury-alice29-txt,file,152089,10,10,0,0,0,10,true,true,true,true,complete,confirmed,10,152577,152577,0,152577,152577,10,0.99680161492230146,0.99680161492230157,0,0.99680161492230146,0.99680161492230146,8.0256691805456022,10,1207880137,1221946777.5,25171775.924864765,1189874584.2747493,1225885689.7252507,10,1158000000,1155000000,10327955.589886446,1150612338.935766,1165387661.064234,10,18304621.399999999,18272293.5,1292642.7325707767,17379984.737664849,19229258.062335148,10,0,0,0,0,0,10,5918310.4000000004,5916672,39686.367374424401,5889922.4554081364,5946698.3445918644,10,5918310.4000000004,5916672,39686.367374424401,5889922.4554081364,5946698.3445918644,10,3597107.2000000002,3581952,56320.620602641327,3556820.65419542,3637393.7458045804,,,,,,,10,0.1259640671617405,0.12446450781487643,0.002670328519027214,0.12405396192774344,0.12787417239573753,10,8.3449244597467835,8.3257162864236349,0.56984694115533407,7.9373088360052773,8.7525400834882898,,,,,,,,
development-pilot-v2-retry,local-x86-64,x86_64,36f84685dc00064dae9a239face7e8eff797ed28,55f2cfb2e4425a7153decbe4e16c321721a5b66dc23940f14275abf99abeb42a,b1d7dba75560d44d8e234e4205e09487f93678fb8688cac6a0905486c969c2ca,1297748005,81128211b782e3a4331d1c5fcd6db21eecf78dc823faab718e7ebe3f2ceeeee8,gnu-time-v1-monotonic-wall,3b11dec50514a8473e9f6efa7a34d584d0657538c09988f61b72d38ad4991a10,development,mathsvg,balanced-ablation-no-whole-block-entropy-v1,balanced,1,dev-canterbury-kennedy-xls,file,1029744,10,10,0,0,0,10,true,true,true,true,complete,confirmed,10,1030232,1030232,0,1030232,1030232,10,0.99952632028513977,0.99952632028513966,0,0.99952632028513977,0.99952632028513977,8.0037912335493093,10,1502209469.0999999,1486911504,32837901.315570582,1478720281.6350808,1525698656.564919,10,1444000000,1435000000,24129281.427805144,1426740151.1014726,1461259848.8985274,10,66455591.899999999,65588952,1772995.6509268871,65187355.333390892,67723828.466609105,10,38000000,40000000,6324555.3203367591,33476000,42524000,10,19703398.399999999,19701760,57706.940332068283,19662120.209702127,19744676.59029787,10,19703398.399999999,19701760,57706.940332068283,19662120.209702127,19744676.59029787,10,7052492.7999999998,7043072,102895.78114318714,6978890.7062061559,7126094.8937938437,,,,,,,10,0.68577440758255503,0.69254600901298402,0.014647931982068449,0.67529663627208936,0.69625217889302071,10,15.504835375352126,15.700012787251218,0.40054259004979953,15.218324374087169,15.791346376617083,,,,,,,,
development-pilot-v2-retry,local-x86-64,x86_64,36f84685dc00064dae9a239face7e8eff797ed28,55f2cfb2e4425a7153decbe4e16c321721a5b66dc23940f14275abf99abeb42a,b1d7dba75560d44d8e234e4205e09487f93678fb8688cac6a0905486c969c2ca,1297748005,81128211b782e3a4331d1c5fcd6db21eecf78dc823faab718e7ebe3f2ceeeee8,gnu-time-v1-monotonic-wall,3b11dec50514a8473e9f6efa7a34d584d0657538c09988f61b72d38ad4991a10,development,mathsvg,balanced-ablation-no-whole-block-entropy-v1,balanced,1,dev-silesia-x-ray,file,8474240,10,10,0,0,0,10,true,true,true,true,complete,confirmed,10,8476584,8476584,0,8476584,8476584,10,0.99972347351244317,0.99972347351244317,0,0.99972347351244317,0.99972347351244317,8.0022128238048484,10,12522798968,12512441756,83203768.277558655,12463282712.923962,12582315223.076038,10,12459000000,12455000000,64713041.79049056,12412710294.837837,12505289705.162163,10,418641810.5,418770582.5,1633257.830687097,417473529.40326118,419810091.59673882,10,366000000,365000000,9660917.8307929598,359089475.85200661,372910524.14799339,10,22095462.399999999,22099968,18938.31025666698,22081915.690190114,22109009.109809883,10,22095462.399999999,22099968,18938.31025666698,22081915.690190114,22109009.109809883,10,8258764.7999999998,8267776,35762.873202992698,8233183.359064525,8284346.2409354746,,,,,,,10,0.67673170961719253,0.67726534667961014,0.0044758216415088196,0.67353012214098273,0.67993329709340233,10,20.242498223146193,20.235996708467496,0.078987514873336939,20.185997884515594,20.298998561776791,,,,,,,,
development-pilot-v2-retry,local-x86-64,x86_64,36f84685dc00064dae9a239face7e8eff797ed28,55f2cfb2e4425a7153decbe4e16c321721a5b66dc23940f14275abf99abeb42a,b1d7dba75560d44d8e234e4205e09487f93678fb8688cac6a0905486c969c2ca,1297748005,81128211b782e3a4331d1c5fcd6db21eecf78dc823faab718e7ebe3f2ceeeee8,gnu-time-v1-monotonic-wall,3b11dec50514a8473e9f6efa7a34d584d0657538c09988f61b72d38ad4991a10,development,mathsvg,balanced-ablation-no-whole-block-entropy-v1,balanced,1,dev-synthetic-constant-00,file,65536,10,10,0,0,0,10,true,true,true,true,complete,confirmed,10,485,485,0,485,485,10,135.12577319587629,135.12577319587629,0,135.12577319587629,135.12577319587629,0.0592041015625,10,267759558.40000001,266716230,2884382.3499268992,265696338.91813222,269822777.88186777,10,207000000,205000000,8232726.0234856457,201111071.74436638,212888928.25563362,10,12000999.800000001,9637605.5,3900903.8869742542,9210655.1368859075,14791344.463114094,10,0,0,0,0,0,10,4442112,4442112,51240.943629094108,4405458.9837424587,4478765.0162575413,10,4442112,4442112,51240.943629094108,4405458.9837424587,4478765.0162575413,10,3139584,3127296,63344.698489034316,3094273.0806626491,3184894.9193373509,,,,,,,10,0.24478201246330564,0.24571459856652211,0.0025901407726180896,0.24292926610220647,0.2466347588244048,10,5.9402499027472988,6.8284097964890389,1.6526913235184681,4.758067888534252,7.1224319169603456,,,,,,,,
development-pilot-v2-retry,local-x86-64,x86_64,36f84685dc00064dae9a239face7e8eff797ed28,55f2cfb2e4425a7153decbe4e16c321721a5b66dc23940f14275abf99abeb42a,b1d7dba75560d44d8e234e4205e09487f93678fb8688cac6a0905486c969c2ca,1297748005,81128211b782e3a4331d1c5fcd6db21eecf78dc823faab718e7ebe3f2ceeeee8,gnu-time-v1-monotonic-wall,3b11dec50514a8473e9f6efa7a34d584d0657538c09988f61b72d38ad4991a10,development,mathsvg,balanced-ablation-no-whole-block-entropy-v1,balanced,1,dev-synthetic-lfsr8,file,65536,10,10,0,0,0,10,true,true,true,true,complete,confirmed,10,66024,66024,0,66024,66024,10,0.99260874833393919,0.99260874833393919,0,0.99260874833393919,0.99260874833393919,8.0595703125,10,317265499.30000001,316815750.5,1476084.2228885368,316209645.61762726,318321352.98237276,10,260000000,260000000,6666666.666666667,255231285.2884661,264768714.7115339,10,16775991.4,17346254,2419980.0475568757,15044962.231839547,18507020.568160452,10,0,0,0,0,0,10,4846796.7999999998,4829184,74383.730904606346,4793589.5812204629,4900004.0187795367,10,4846796.7999999998,4829184,74383.730904606346,4793589.5812204629,4900004.0187795367,10,3343564.7999999998,3350528,49115.957155377611,3308431.8018813119,3378697.7981186877,,,,,,,10,0.20656917754977488,0.20685841783444764,0.00095843780483611651,0.20588360008077305,0.20725475501877672,10,4.0208174335727929,3.7781131354232258,0.88449460530485835,3.3881320680843436,4.6535027990612425,,,,,,,,
development-pilot-v2-retry,local-x86-64,x86_64,36f84685dc00064dae9a239face7e8eff797ed28,55f2cfb2e4425a7153decbe4e16c321721a5b66dc23940f14275abf99abeb42a,b1d7dba75560d44d8e234e4205e09487f93678fb8688cac6a0905486c969c2ca,1297748005,81128211b782e3a4331d1c5fcd6db21eecf78dc823faab718e7ebe3f2ceeeee8,gnu-time-v1-monotonic-wall,3b11dec50514a8473e9f6efa7a34d584d0657538c09988f61b72d38ad4991a10,development,mathsvg,balanced-ablation-no-whole-block-entropy-v1,balanced,1,dev-synthetic-linear,file,65536,10,10,0,0,0,10,true,true,true,true,complete,confirmed,10,489,489,0,489,489,10,134.02044989775052,134.02044989775052,0,134.02044989775052,134.02044989775052,0.0596923828125,10,267172029.90000001,267076573.5,912762.61447535071,266519124.22383198,267824935.57616803,10,224000000,220000000,5163977.7949432228,220306169.46788296,227693830.53211704,10,14713839,16989104,3937676.9753524023,11897190.281755295,17530487.718244705,10,0,0,0,0,0,10,4541235.2000000002,4534272,58216.699026233968,4499592.3756344989,4582878.0243655015,10,4541235.2000000002,4534272,58216.699026233968,4499592.3756344989,4582878.0243655015,10,3124838.3999999999,3133440,81565.38357688539,3066494.0933077498,3183182.70669225,,,,,,,10,0.24529770885056884,0.2453828096918817,0.00083605552948431072,0.24469967230510217,0.24589574539603551,10,4.8028775604570937,3.8575315546342934,1.4654828313904273,3.7546071298243078,5.8511479910898796,,,,,,,,
development-pilot-v2-retry,local-x86-64,x86_64,36f84685dc00064dae9a239face7e8eff797ed28,55f2cfb2e4425a7153decbe4e16c321721a5b66dc23940f14275abf99abeb42a,b1d7dba75560d44d8e234e4205e09487f93678fb8688cac6a0905486c969c2ca,1297748005,81128211b782e3a4331d1c5fcd6db21eecf78dc823faab718e7ebe3f2ceeeee8,gnu-time-v1-monotonic-wall,3b11dec50514a8473e9f6efa7a34d584d0657538c09988f61b72d38ad4991a10,development,mathsvg,balanced-ablation-no-whole-block-entropy-v1,balanced,1,dev-synthetic-periodic,file,65536,10,10,0,0,0,10,true,true,true,true,complete,confirmed,10,66024,66024,0,66024,66024,10,0.99260874833393919,0.99260874833393919,0,0.99260874833393919,0.99260874833393919,8.0595703125,10,271933194.10000002,266423095.5,16312148.404747797,260264996.78883323,283601391.41116685,10,239000000,240000000,9944289.2601175327,231886778.22642931,246113221.77357069,10,15407404.1,17076011,2956277.200628838,13292757.713298343,17522050.486701656,10,0,0,0,0,0,10,4697702.4000000004,4700160,62640.386296524208,4652895.28024974,4742509.5197502607,10,4697702.4000000004,4700160,62640.386296524208,4652895.28024974,4742509.5197502607,10,3359948.7999999998,3362816,47377.263400167903,3326059.5020547099,3393838.0979452897,,,,,,,10,0.24168053047509352,0.24598471211625939,0.012599299544606127,0.23266816071108565,0.2506929002391014,10,4.4297743475659761,3.8379414182048435,1.022452374144057,3.6984067958024447,5.1611418993295075,,,,,,,,
development-pilot-v2-retry,local-x86-64,x86_64,36f84685dc00064dae9a239face7e8eff797ed28,55f2cfb2e4425a7153decbe4e16c321721a5b66dc23940f14275abf99abeb42a,b1d7dba75560d44d8e234e4205e09487f93678fb8688cac6a0905486c969c2ca,1297748005,81128211b782e3a4331d1c5fcd6db21eecf78dc823faab718e7ebe3f2ceeeee8,gnu-time-v1-monotonic-wall,3b11dec50514a8473e9f6efa7a34d584d0657538c09988f61b72d38ad4991a10,development,mathsvg,balanced-ablation-no-whole-block-entropy-v1,balanced,1,dev-synthetic-piecewise-mixed,file,65536,10,10,0,0,0,10,true,true,true,true,complete,confirmed,10,66024,66024,0,66024,66024,10,0.99260874833393919,0.99260874833393919,0,0.99260874833393919,0.99260874833393919,8.0595703125,10,308471108.10000002,316911476,20296852.260352712,293952623.40423387,322989592.79576617,10,259000000,260000000,7378647.873726218,253722000,264278000,10,16973733.399999999,17205787.5,2719696.1759422156,15028315.125232272,18919151.674767725,10,0,0,0,0,0,10,4753817.5999999996,4767744,41195.978021592782,4724349.8200328602,4783285.3799671391,10,4753817.5999999996,4767744,41195.978021592782,4724349.8200328602,4783285.3799671391,10,3285811.2000000002,3276800,71593.476668695948,3234599.8701840197,3337022.5298159807,,,,,,,10,0.21336981763056145,0.20679603165819352,0.015462405968655769,0.20230944720779567,0.22443018805332723,10,3.9854427256531451,3.8090285412455334,0.88753747396218585,3.3505807742849765,4.6203046770213136,,,,,,,,
development-pilot-v2-retry,local-x86-64,x86_64,36f84685dc00064dae9a239face7e8eff797ed28,55f2cfb2e4425a7153decbe4e16c321721a5b66dc23940f14275abf99abeb42a,b1d7dba75560d44d8e234e4205e09487f93678fb8688cac6a0905486c969c2ca,1297748005,81128211b782e3a4331d1c5fcd6db21eecf78dc823faab718e7ebe3f2ceeeee8,gnu-time-v1-monotonic-wall,3b11dec50514a8473e9f6efa7a34d584d0657538c09988f61b72d38ad4991a10,development,mathsvg,balanced-ablation-no-whole-block-entropy-v1,balanced,1,dev-synthetic-polynomial-d2,file,65536,10,10,0,0,0,10,true,true,true,true,complete,confirmed,10,66024,66024,0,66024,66024,10,0.99260874833393919,0.99260874833393919,0,0.99260874833393919,0.99260874833393919,8.0595703125,10,218369827.5,218238997.5,2665486.7024290431,216463185.6523093,220276469.3476907,10,169000000,170000000,5676462.1219754666,164939585.73542058,173060414.26457942,10,18293921.699999999,17815732,1578696.3525003118,17164668.821818024,19423174.578181975,10,0,0,0,0,0,10,4683366.4000000004,4681728,36441.86950686745,4657299.2681150204,4709433.5318849804,10,4683366.4000000004,4681728,36441.86950686745,4657299.2681150204,4709433.5318849804,10,3338649.6000000001,3348480,49131.136312706811,3303505.7441206826,3373793.4558793176,,,,,,,10,0.30015467951672736,0.30029465855033211,0.0036375333683893946,0.29755272568359725,0.30275663334985747,10,3.6039499623403932,3.6813660505946091,0.27867731267304274,3.4046100722331918,3.8032898524475947,,,,,,,,
development-pilot-v2-retry,local-x86-64,x86_64,36f84685dc00064dae9a239face7e8eff797ed28,55f2cfb2e4425a7153decbe4e16c321721a5b66dc23940f14275abf99abeb42a,b1d7dba75560d44d8e234e4205e09487f93678fb8688cac6a0905486c969c2ca,1297748005,81128211b782e3a4331d1c5fcd6db21eecf78dc823faab718e7ebe3f2ceeeee8,gnu-time-v1-monotonic-wall,3b11dec50514a8473e9f6efa7a34d584d0657538c09988f61b72d38ad4991a10,development,mathsvg,balanced-ablation-no-whole-block-entropy-v1,balanced,1,dev-synthetic-random,file,65536,10,10,0,0,0,10,true,true,true,true,complete,confirmed,10,66024,66024,0,66024,66024,10,0.99260874833393919,0.99260874833393919,0,0.99260874833393919,0.99260874833393919,8.0595703125,10,273272708.60000002,268550397.5,16028383.046613052,261807490.69452736,284737926.50547272,10,229000000,230000000,9944289.2601175327,221886778.22642931,236113221.77357069,10,15623144.9,17149734,2864319.8582661995,13574276.263002086,17672013.536997914,10,0,0,0,0,0,10,4436377.5999999996,4438016,39686.367374424401,4407989.6554081356,4464765.5445918636,10,4436377.5999999996,4438016,39686.367374424401,4407989.6554081356,4464765.5445918636,10,3337830.3999999999,3325952,49584.35033399595,3302362.3568650633,3373298.4431349365,,,,,,,10,0.24046952763123816,0.24403617832850191,0.012325043992650381,0.23165333484002998,0.24928572042244634,10,4.3554078717699234,3.8214934548189747,0.97982061980183255,3.6545351211229318,5.0562806224169154,,,,,,,,
development-pilot-v2-retry,local-x86-64,x86_64,36f84685dc00064dae9a239face7e8eff797ed28,55f2cfb2e4425a7153decbe4e16c321721a5b66dc23940f14275abf99abeb42a,b1d7dba75560d44d8e234e4205e09487f93678fb8688cac6a0905486c969c2ca,1297748005,81128211b782e3a4331d1c5fcd6db21eecf78dc823faab718e7ebe3f2ceeeee8,gnu-time-v1-monotonic-wall,3b11dec50514a8473e9f6efa7a34d584d0657538c09988f61b72d38ad4991a10,development,mathsvg,balanced-ablation-no-whole-block-entropy-v1,balanced,1,dev-synthetic-recurrence,file,65536,10,10,0,0,0,10,true,true,true,true,complete,confirmed,10,66024,66024,0,66024,66024,10,0.99260874833393919,0.99260874833393919,0,0.99260874833393919,0.99260874833393919,8.0595703125,10,218740829.30000001,218141882.5,2594289.1507841283,216885115.57410246,220596543.02589756,10,193000000,190000000,4830458.9153964799,189544737.92600331,196455262.07399669,10,16832014.899999999,17294441,2397176.0216540187,15117297.61591032,18546732.184089679,10,0,0,0,0,0,10,4707942.4000000004,4714496,60912.843679765567,4664371.0039334409,4751513.7960665599,10,4707942.4000000004,4714496,60912.843679765567,4664371.0039334409,4751513.7960665599,10,3347251.2000000002,3364864,59003.88744405839,3305045.2940861741,3389457.1059138263,,,,,,,10,0.29964324457844965,0.30042855136389923,0.0035173198758916549,0.29712728032284935,0.30215920883404995,10,4.00423115918663,3.7896618231586254,0.86695716116586541,3.3840904538784287,4.6243718644948313,,,,,,,,
development-pilot-v2-retry,local-x86-64,x86_64,36f84685dc00064dae9a239face7e8eff797ed28,55f2cfb2e4425a7153decbe4e16c321721a5b66dc23940f14275abf99abeb42a,b1d7dba75560d44d8e234e4205e09487f93678fb8688cac6a0905486c969c2ca,1297748005,81128211b782e3a4331d1c5fcd6db21eecf78dc823faab718e7ebe3f2ceeeee8,gnu-time-v1-monotonic-wall,3b11dec50514a8473e9f6efa7a34d584d0657538c09988f61b72d38ad4991a10,development,mathsvg,balanced-ablation-no-whole-block-entropy-v1,balanced,1,__aggregate__,corpus,10180361,110,110,0,0,0,10,true,true,true,true,complete,confirmed,10,10056511,10056511,0,10056511,10056511,10,1.0123154044180929,1.0123154044180929,0,1.0123154044180929,1.0123154044180929,7.9026753569937256,10,17375873329.299999,17349001423.5,133949383.22626317,17280058370.141201,17471688288.458797,10,16841000000,16835000000,81028115.833675638,16783040004.796412,16898959995.203588,10,630023073,631369081,10857608.753443141,622256547.21080649,637789598.78919351,10,404000000,405000000,13498971.154211057,394344088.64995128,413655911.35004872,10,22095462.399999999,22099968,18938.31025666698,22081915.690190114,22109009.109809883,10,22095462.399999999,22099968,18938.31025666698,22081915.690190114,22109009.109809883,10,8258764.7999999998,8267776,35762.873202992698,8233183.359064525,8284346.2409354746,,,,,,,10,0.58592163044418899,0.58679969286543787,0.0044714434280673006,0.58272317473560653,0.58912008615277145,10,16.163048709098813,16.12433104647225,0.27971592675506207,15.962965890853733,16.363131527343896,0.99855131953254683,1.3610773886955749,0.1842844840412034,0.6564747646838639,4.1431253136322281,18.816921886297184,10000,1297748005
development-pilot-v2-retry,local-x86-64,x86_64,36f84685dc00064dae9a239face7e8eff797ed28,56c1b7390551d55bb056da7122b41ac3f7e4459570e4627ac278f7c91d669491,b1d7dba75560d44d8e234e4205e09487f93678fb8688cac6a0905486c969c2ca,1297748005,87c0d5d060fd36c685b98a38611b7bd6c4614d40b36d29be84edcd6c173f8160,gnu-time-v1-monotonic-wall,3b11dec50514a8473e9f6efa7a34d584d0657538c09988f61b72d38ad4991a10,development,lz4,lz4,,1,dev-canterbury-alice29-txt,file,152089,10,10,0,0,0,10,true,true,true,true,complete,confirmed,10,88718,88718,0,88718,88718,10,1.7142969859554995,1.7142969859554995,0,1.7142969859554995,1.7142969859554995,4.6666359828784465,10,9547200.5,9042110.5,2437538.7077673362,7803611.4956504796,11290789.50434952,10,0,0,0,0,0,10,8878682.6999999993,8921450,1329246.2330142891,7927863.2900060574,9829502.1099939421,10,0,0,0,0,0,10,1867776,1871872,6688.7399909599317,1862991.4960805227,1872560.5039194773,10,1732198.3999999999,1736704,14887.768963518714,1721549.0715682625,1742847.7284317373,10,1867776,1871872,6688.7399909599317,1862991.4960805227,1872560.5039194773,,,,,,,10,16.58771217650466,16.820123780555765,2.9754845885893637,14.459326606772379,18.71609774623694,10,17.5900754367281,17.047765866141702,3.5037157944999255,15.08384227858827,20.096308594867931,,,,,,,,
development-pilot-v2-retry,local-x86-64,x86_64,36f84685dc00064dae9a239face7e8eff797ed28,56c1b7390551d55bb056da7122b41ac3f7e4459570e4627ac278f7c91d669491,b1d7dba75560d44d8e234e4205e09487f93678fb8688cac6a0905486c969c2ca,1297748005,87c0d5d060fd36c685b98a38611b7bd6c4614d40b36d29be84edcd6c173f8160,gnu-time-v1-monotonic-wall,3b11dec50514a8473e9f6efa7a34d584d0657538c09988f61b72d38ad4991a10,development,lz4,lz4,,1,dev-canterbury-kennedy-xls,file,1029744,10,10,0,0,0,10,true,true,true,true,complete,confirmed,10,374723,374723,0,374723,374723,10,2.7480138662425313,2.7480138662425313,0,2.7480138662425313,2.7480138662425313,2.9111934616759116,10,16950402.199999999,17183338.5,2110800.4848988135,15440531.401182516,18460272.998817485,10,0,0,0,0,0,10,16527707.699999999,17005564,2671496.9734427528,14616766.662138781,18438648.737861216,10,0,0,0,0,0,10,3031859.2000000002,3041280,21828.259994786575,3016245.2883153511,3047473.1116846493,10,2903244.7999999998,2902016,38121.906203942926,2875975.9257580312,2930513.6742419684,10,3031859.2000000002,3041280,21828.259994786575,3016245.2883153511,3047473.1116846493,,,,,,,10,61.911977695996654,59.9300901902268,10.458395487263104,54.431012033123935,69.392943358869374,10,64.736797301916809,60.553401676403851,16.855608822523546,52.679858837342479,76.793735766491139,,,,,,,,
development-pilot-v2-retry,local-x86-64,x86_64,36f84685dc00064dae9a239face7e8eff797ed28,56c1b7390551d55bb056da7122b41ac3f7e4459570e4627ac278f7c91d669491,b1d7dba75560d44d8e234e4205e09487f93678fb8688cac6a0905486c969c2ca,1297748005,87c0d5d060fd36c685b98a38611b7bd6c4614d40b36d29be84edcd6c173f8160,gnu-time-v1-monotonic-wall,3b11dec50514a8473e9f6efa7a34d584d0657538c09988f61b72d38ad4991a10,development,lz4,lz4,,1,dev-silesia-x-ray,file,8474240,10,10,0,0,0,10,true,true,true,true,complete,confirmed,10,8406634,8406634,0,8406634,8406634,10,1.0080419820822459,1.0080419820822459,0,1.0080419820822459,1.0080419820822459,7.9361774035193715,10,63530198.399999999,65980578.5,9006603.7881863993,57087709.802147761,69972686.997852236,10,30000000,30000000,0,30000000,30000000,10,65176339.5,67334401,7288696.1415150585,59962682.6223085,70389996.377691507,10,26000000,30000000,5163977.7949432228,22306169.467882968,29693830.532117032,10,9984409.5999999996,9998336,19328.028256049987,9970584.1220965646,9998235.0779034346,10,9833676.8000000007,9828352,18997.277634206199,9820087.9104000013,9847265.6896000002,10,9984409.5999999996,9998336,19328.028256049987,9970584.1220965646,9998235.0779034346,,,,,,,10,137.22750001498693,128.437864459385,30.113743333081405,115.68692238721368,158.76807764276018,10,132.03120080020906,125.85385151103731,20.038834266631106,117.69727823481801,146.36512336560011,,,,,,,,
development-pilot-v2-retry,local-x86-64,x86_64,36f84685dc00064dae9a239face7e8eff797ed28,56c1b7390551d55bb056da7122b41ac3f7e4459570e4627ac278f7c91d669491,b1d7dba75560d44d8e234e4205e09487f93678fb8688cac6a0905486c969c2ca,1297748005,87c0d5d060fd36c685b98a38611b7bd6c4614d40b36d29be84edcd6c173f8160,gnu-time-v1-monotonic-wall,3b11dec50514a8473e9f6efa7a34d584d0657538c09988f61b72d38ad4991a10,development,lz4,lz4,,1,dev-synthetic-constant-00,file,65536,10,10,0,0,0,10,true,true,true,true,complete,confirmed,10,286,286,0,286,286,10,229.14685314685318,229.14685314685315,0,229.14685314685318,229.14685314685318,0.034912109375,10,8943248.5999999996,8912711.5,186815.19395571417,8809618.3454367984,9076878.8545632008,10,0,0,0,0,0,10,8045147.2999999998,8714546.5,1456978.6435626182,7002959.9762078319,9087334.6237921678,10,0,0,0,0,0,10,1740390.3999999999,1740800,1295.2689296049682,1739463.8847999999,1741316.9151999999,10,1739980.8,1740800,1727.0252394732909,1738745.4464,1741216.1536000001,10,1739980.8,1740800,1727.0252394732909,1738745.4464,1741216.1536000001,,,,,,,10,7.330836640659653,7.353357626279541,0.15166117192138939,7.222352311403152,7.439320969916154,10,8.4422742944467597,7.5203101530180154,1.8295701495580949,7.1335695812496107,9.7509790076439096,,,,,,,,
development-pilot-v2-retry,local-x86-64,x86_64,36f84685dc00064dae9a239face7e8eff797ed28,56c1b7390551d55bb056da7122b41ac3f7e4459570e4627ac278f7c91d669491,b1d7dba75560d44d8e234e4205e09487f93678fb8688cac6a0905486c969c2ca,1297748005,87c0d5d060fd36c685b98a38611b7bd6c4614d40b36d29be84edcd6c173f8160,gnu-time-v1-monotonic-wall,3b11dec50514a8473e9f6efa7a34d584d0657538c09988f61b72d38ad4991a10,development,lz4,lz4,,1,dev-synthetic-lfsr8,file,65536,10,10,0,0,0,10,true,true,true,true,complete,confirmed,10,540,540,0,540,540,10,121.36296296296295,121.36296296296297,0,121.36296296296295,121.36296296296295,0.06591796875,10,8526789.5,8814436,716202.84429533104,8014484.4439949635,9039094.5560050365,10,0,0,0,0,0,10,8690834.0999999996,8894873.5,1511846.2922231839,7609399.5517045949,9772268.6482954044,10,0,0,0,0,0,10,1740800,1740800,0,1740800,1740800,10,1740390.3999999999,1740800,1295.2689296049682,1739463.8847999999,1741316.9151999999,10,1728102.3999999999,1740800,40153.336817754011,1699380.4287999999,1756824.3711999999,,,,,,,10,7.7414121998472201,7.4350897487468357,0.73495378712646098,7.2156944593020924,8.2671299403923477,10,7.8671815065525168,7.3678748835021937,2.1326199412400051,6.3417030933672454,9.3926599197377882,,,,,,,,
development-pilot-v2-retry,local-x86-64,x86_64,36f84685dc00064dae9a239face7e8eff797ed28,56c1b7390551d55bb056da7122b41ac3f7e4459570e4627ac278f7c91d669491,b1d7dba75560d44d8e234e4205e09487f93678fb8688cac6a0905486c969c2ca,1297748005,87c0d5d060fd36c685b98a38611b7bd6c4614d40b36d29be84edcd6c173f8160,gnu-time-v1-monotonic-wall,3b11dec50514a8473e9f6efa7a34d584d0657538c09988f61b72d38ad4991a10,development,lz4,lz4,,1,dev-synthetic-linear,file,65536,10,10,0,0,0,10,true,true,true,true,complete,confirmed,10,541,541,0,541,541,10,121.13863216266172,121.13863216266174,0,121.13863216266172,121.13863216266172,0.0660400390625,10,9402544.1999999993,9067248,668117.21671787836,8924635.1399412528,9880453.2600587457,10,0,0,0,0,0,10,9630342.0999999996,8924339,1451643.8247136283,8591970.8105771132,10668713.389422886,10,0,0,0,0,0,10,1740800,1740800,0,1740800,1740800,10,1739571.2,1740800,1978.555971746398,1738155.924654491,1740986.4753455089,10,1740390.3999999999,1740800,1295.2689296049682,1739463.8847999999,1741316.9151999999,,,,,,,10,7.0003147107851316,7.2280769199520387,0.47392078056615911,6.6613157610270095,7.3393136605432536,10,6.9192204516157618,7.3435283801733835,0.84634943476046343,6.3138206015196667,7.5246203017118569,,,,,,,,
development-pilot-v2-retry,local-x86-64,x86_64,36f84685dc00064dae9a239face7e8eff797ed28,56c1b7390551d55bb056da7122b41ac3f7e4459570e4627ac278f7c91d669491,b1d7dba75560d44d8e234e4205e09487f93678fb8688cac6a0905486c969c2ca,1297748005,87c0d5d060fd36c685b98a38611b7bd6c4614d40b36d29be84edcd6c173f8160,gnu-time-v1-monotonic-wall,3b11dec50514a8473e9f6efa7a34d584d0657538c09988f61b72d38ad4991a10,development,lz4,lz4,,1,dev-synthetic-periodic,file,65536,10,10,0,0,0,10,true,true,true,true,complete,confirmed,10,292,292,0,292,292,10,224.43835616438355,224.43835616438355,0,224.43835616438355,224.43835616438355,0.03564453125,10,9442280.5,9693866,1607229.1170863151,8292617.9296817239,10591943.070318276,10,0,0,0,0,0,10,8611766.5999999996,8912050,1080878.3884938932,7838606.4991115145,9384926.7008884847,10,0,0,0,0,0,10,1740800,1740800,0,1740800,1740800,10,1734246.3999999999,1740800,20724.302873679491,1719422.1568,1749070.6431999998,10,1739980.8,1740800,1727.0252394732909,1738745.4464,1741216.1536000001,,,,,,,10,7.1812619940137044,6.7642701888111603,1.6148688553305584,6.0261346638717885,8.3363893241556202,10,7.7683656641961374,7.353684034906248,1.4043867423095258,6.7637977063859438,8.772933622006331,,,,,,,,
development-pilot-v2-retry,local-x86-64,x86_64,36f84685dc00064dae9a239face7e8eff797ed28,56c1b7390551d55bb056da7122b41ac3f7e4459570e4627ac278f7c91d669491,b1d7dba75560d44d8e234e4205e09487f93678fb8688cac6a0905486c969c2ca,1297748005,87c0d5d060fd36c685b98a38611b7bd6c4614d40b36d29be84edcd6c173f8160,gnu-time-v1-monotonic-wall,3b11dec50514a8473e9f6efa7a34d584d0657538c09988f61b72d38ad4991a10,development,lz4,lz4,,1,dev-synthetic-piecewise-mixed,file,65536,10,10,0,0,0,10,true,true,true,true,complete,confirmed,10,13134,13134,0,13134,13134,10,4.9897974722095322,4.9897974722095322,0,4.9897974722095322,4.9897974722095322,1.603271484375,10,9247078.9000000004,8941155.5,651153.47429319611,8781304.1271507423,9712853.6728492584,10,0,0,0,0,0,10,8839752.9000000004,8849658,1573680.0834872131,7714088.1951939911,9965417.6048060097,10,0,0,0,0,0,10,1740800,1740800,0,1740800,1740800,10,1740800,1740800,0,1740800,1740800,10,1733836.8,1740800,20620.601806068717,1719086.7349210076,1748586.8650789924,,,,,,,10,7.1167381649998944,7.3297324476855774,0.46648957715593237,6.7830548085957849,7.4504215214040039,10,7.6471896906150194,7.4054849022129794,1.4944193863881778,6.5782207336544012,8.7161586475756376,,,,,,,,
development-pilot-v2-retry,local-x86-64,x86_64,36f84685dc00064dae9a239face7e8eff797ed28,56c1b7390551d55bb056da7122b41ac3f7e4459570e4627ac278f7c91d669491,b1d7dba75560d44d8e234e4205e09487f93678fb8688cac6a0905486c969c2ca,1297748005,87c0d5d060fd36c685b98a38611b7bd6c4614d40b36d29be84edcd6c173f8160,gnu-time-v1-monotonic-wall,3b11dec50514a8473e9f6efa7a34d584d0657538c09988f61b72d38ad4991a10,development,lz4,lz4,,1,dev-synthetic-polynomial-d2,file,65536,10,10,0,0,0,10,true,true,true,true,complete,confirmed,10,541,541,0,541,541,10,121.13863216266172,121.13863216266174,0,121.13863216266172,121.13863216266172,0.0660400390625,10,8731752.4000000004,8945499.5,630414.02612519474,8280812.7038889192,9182692.0961110815,10,0,0,0,0,0,10,8261847.7000000002,8805003.5,1755115.0347673036,7006401.2669906197,9517294.1330093797,10,0,0,0,0,0,10,1740800,1740800,0,1740800,1740800,10,1740390.3999999999,1740800,1295.2689296049682,1739463.8847999999,1741316.9151999999,10,1740390.3999999999,1740800,1295.2689296049682,1739463.8847999999,1741316.9151999999,,,,,,,10,7.5478255248838551,7.3261483466268231,0.65260603776970438,7.0810117229116178,8.0146393268560914,10,8.2893224051373586,7.44306554539396,1.9074060722857697,6.9249410954706176,9.6537037148040987,,,,,,,,
development-pilot-v2-retry,local-x86-64,x86_64,36f84685dc00064dae9a239face7e8eff797ed28,56c1b7390551d55bb056da7122b41ac3f7e4459570e4627ac278f7c91d669491,b1d7dba75560d44d8e234e4205e09487f93678fb8688cac6a0905486c969c2ca,1297748005,87c0d5d060fd36c685b98a38611b7bd6c4614d40b36d29be84edcd6c173f8160,gnu-time-v1-monotonic-wall,3b11dec50514a8473e9f6efa7a34d584d0657538c09988f61b72d38ad4991a10,development,lz4,lz4,,1,dev-synthetic-random,file,65536,10,10,0,0,0,10,true,true,true,true,complete,confirmed,10,65555,65555,0,65555,65555,10,0.9997101670353139,0.9997101670353139,0,0.9997101670353139,0.9997101670353139,8.0023193359375,10,9061401.5,8862983.5,1441506.988007901,8030281.1629261672,10092521.837073833,10,0,0,0,0,0,10,8948000.8000000007,8929111,841258.76122640038,8346242.3453699304,9549759.2546300702,10,0,0,0,0,0,10,1739980.8,1740800,2590.5378592099364,1738127.7696,1741833.8304000001,10,1736704,1736704,3344.3699954799658,1734311.7480402612,1739096.2519597388,10,1733836.8,1740800,20620.601806068717,1719086.7349210076,1748586.8650789924,,,,,,,10,7.4252623157120237,7.3943524814321595,1.3906433984064812,6.4305250708402477,8.4199995605838005,10,7.3909404160117971,7.3396261808066212,0.79708015704670787,6.8207832353347371,7.9610975966888571,,,,,,,,
development-pilot-v2-retry,local-x86-64,x86_64,36f84685dc00064dae9a239face7e8eff797ed28,56c1b7390551d55bb056da7122b41ac3f7e4459570e4627ac278f7c91d669491,b1d7dba75560d44d8e234e4205e09487f93678fb8688cac6a0905486c969c2ca,1297748005,87c0d5d060fd36c685b98a38611b7bd6c4614d40b36d29be84edcd6c173f8160,gnu-time-v1-monotonic-wall,3b11dec50514a8473e9f6efa7a34d584d0657538c09988f61b72d38ad4991a10,development,lz4,lz4,,1,dev-synthetic-recurrence,file,65536,10,10,0,0,0,10,true,true,true,true,complete,confirmed,10,670,670,0,670,670,10,97.814925373134329,97.814925373134329,0,97.814925373134329,97.814925373134329,0.081787109375,10,7835368.7999999998,8857262,1761769.3944991021,6575162.4555182895,9095575.1444817092,10,0,0,0,0,0,10,9159481,8912396.5,710117.80566325749,8651528.6159817167,9667433.3840182833,10,0,0,0,0,0,10,1740800,1740800,0,1740800,1740800,10,1740390.3999999999,1740800,1295.2689296049682,1739463.8847999999,1741316.9151999999,10,1740390.3999999999,1740800,1295.2689296049682,1739463.8847999999,1741316.9151999999,,,,,,,10,8.8782019884256673,7.3991264401062349,2.5630013923514765,7.0448686216174083,10.711535355233927,10,7.1888919975704102,7.3533578661199552,0.48691544901411804,6.8405978678223951,7.5371861273184253,,,,,,,,
development-pilot-v2-retry,local-x86-64,x86_64,36f84685dc00064dae9a239face7e8eff797ed28,56c1b7390551d55bb056da7122b41ac3f7e4459570e4627ac278f7c91d669491,b1d7dba75560d44d8e234e4205e09487f93678fb8688cac6a0905486c969c2ca,1297748005,87c0d5d060fd36c685b98a38611b7bd6c4614d40b36d29be84edcd6c173f8160,gnu-time-v1-monotonic-wall,3b11dec50514a8473e9f6efa7a34d584d0657538c09988f61b72d38ad4991a10,development,lz4,lz4,,1,__aggregate__,corpus,10180361,110,110,0,0,0,10,false,true,true,true,complete,confirmed,10,8951634,8951634,0,8951634,8951634,10,1.1372628729011933,1.1372628729011933,0,1.1372628729011933,1.1372628729011933,7.0344334547664857,10,161218265.5,163009602.5,8540624.8158763889,155109095.01922581,167327435.98077419,10,30000000,30000000,0,30000000,30000000,10,160769902.40000001,159279254,8425210.8061861601,154743288.39211485,166796516.40788516,10,26000000,30000000,5163977.7949432228,22306169.467882968,29693830.532117032,10,9984409.5999999996,9998336,19328.028256049987,9970584.1220965646,9998235.0779034346,10,9833676.8000000007,9828352,18997.277634206199,9820087.9104000013,9847265.6896000002,10,9984409.5999999996,9998336,19328.028256049987,9970584.1220965646,9998235.0779034346,,,,,,,10,63.325788649879577,62.453788073321647,3.7667578155296129,60.631399638424362,66.020177661334785,10,63.47883745191367,63.915420567382284,3.3203049175445254,61.10379941585272,65.853875487974619,1.0278285624289545,6.677569662331174,7.3073141598001001,97.479244372477339,7.4081677799721062,96.302187192062803,10000,1297748005
development-pilot-v2-retry,local-x86-64,x86_64,36f84685dc00064dae9a239face7e8eff797ed28,710840e9131cf094172098c985e2b371da66d184263016d59a71a97c9294a733,b1d7dba75560d44d8e234e4205e09487f93678fb8688cac6a0905486c969c2ca,1297748005,81128211b782e3a4331d1c5fcd6db21eecf78dc823faab718e7ebe3f2ceeeee8,gnu-time-v1-monotonic-wall,3b11dec50514a8473e9f6efa7a34d584d0657538c09988f61b72d38ad4991a10,development,mathsvg,balanced-ablation-no-whole-block-functions-v1,balanced,1,dev-canterbury-alice29-txt,file,152089,10,10,0,0,0,10,true,true,true,true,complete,confirmed,10,80481,80481,0,80481,80481,10,1.8897503758651113,1.8897503758651111,0,1.8897503758651113,1.8897503758651113,4.2333633596118059,10,1294030633.9000001,1275385586.5,35173622.739173234,1268870688.0678642,1319190579.732136,10,1251000000,1245000000,18529256.14624973,1237745889.5432398,1264254110.4567602,10,66566420.100000001,65762614.5,1564122.6127671173,65447591.922878191,67685248.277121812,10,31000000,30000000,3162277.6601683795,28738000,33262000,10,5620531.2000000002,5605376,66012.137033528415,5573312.2426482635,5667750.1573517369,10,5620531.2000000002,5605376,66012.137033528415,5573312.2426482635,5667750.1573517369,10,3576217.6000000001,3612672,75290.427408653864,3522361.8146768017,3630073.3853231985,,,,,,,10,0.11760677553538654,0.11924946492436263,0.0030891995944753912,0.11539704880243062,0.11981650226834245,10,2.285889296705427,2.312748634626371,0.052904940576909483,2.2480460114391367,2.3237325819717172,,,,,,,,
development-pilot-v2-retry,local-x86-64,x86_64,36f84685dc00064dae9a239face7e8eff797ed28,710840e9131cf094172098c985e2b371da66d184263016d59a71a97c9294a733,b1d7dba75560d44d8e234e4205e09487f93678fb8688cac6a0905486c969c2ca,1297748005,81128211b782e3a4331d1c5fcd6db21eecf78dc823faab718e7ebe3f2ceeeee8,gnu-time-v1-monotonic-wall,3b11dec50514a8473e9f6efa7a34d584d0657538c09988f61b72d38ad4991a10,development,mathsvg,balanced-ablation-no-whole-block-functions-v1,balanced,1,dev-canterbury-kennedy-xls,file,1029744,10,10,0,0,0,10,true,true,true,true,complete,confirmed,10,261046,261046,0,261046,261046,10,3.9446840786681276,3.9446840786681276,0,3.9446840786681276,3.9446840786681276,2.0280458055594401,10,1590968863.0999999,1578502728,23993619.864649661,1573806053.8952739,1608131672.3047259,10,1548000000,1535000000,31902629.637347732,1525179819.1067643,1570820180.8932357,10,166790825.40000001,166351921.5,1446876.8650931641,165755863.95114782,167825786.84885219,10,111000000,110000000,3162277.6601683795,108738000,113262000,10,15566848,15591424,74713.804549241249,15513404.677163705,15620291.322836295,10,15566848,15591424,74713.804549241249,15513404.677163705,15620291.322836295,10,4791910.4000000004,4784128,39780.199796157664,4763455.3364006458,4820365.463599355,,,,,,,10,0.64737423625496127,0.6523558877100456,0.0096440113938297267,0.64047580540316784,0.65427266710675469,10,6.1742790132926064,6.1901622870482349,0.053059831105840637,6.1363249337147172,6.2122330928704956,,,,,,,,
development-pilot-v2-retry,local-x86-64,x86_64,36f84685dc00064dae9a239face7e8eff797ed28,710840e9131cf094172098c985e2b371da66d184263016d59a71a97c9294a733,b1d7dba75560d44d8e234e4205e09487f93678fb8688cac6a0905486c969c2ca,1297748005,81128211b782e3a4331d1c5fcd6db21eecf78dc823faab718e7ebe3f2ceeeee8,gnu-time-v1-monotonic-wall,3b11dec50514a8473e9f6efa7a34d584d0657538c09988f61b72d38ad4991a10,development,mathsvg,balanced-ablation-no-whole-block-functions-v1,balanced,1,dev-silesia-x-ray,file,8474240,10,10,0,0,0,10,true,true,true,true,complete,confirmed,10,6832574,6832574,0,6832574,6832574,10,1.2402705042052966,1.2402705042052966,0,1.2402705042052966,1.2402705042052966,6.4502058001661506,10,17629507018.900002,17593047381.5,107970409.39573099,17552275006.945637,17706739030.854366,10,17566000000,17525000000,118434229.28641309,17481283142.267906,17650716857.732094,10,1932122010.4000001,1924516785.5,69392828.052178741,1882484820.3988948,1981759200.4011054,10,1886000000,1865000000,46951511.631090693,1852415245.3634093,1919584754.6365907,10,21191475.199999999,21188608,68131.364584732757,21142740.343908183,21240210.056091815,10,21191475.199999999,21188608,68131.364584732757,21142740.343908183,21240210.056091815,10,7269580.7999999998,7272448,46292.653021114842,7236467.3316753414,7302694.2683246583,,,,,,,10,0.48070111003341387,0.48168189153144636,0.0029184938811169501,0.47861349032745326,0.48278872973937448,10,4.3908788818158708,4.4033096404682537,0.15175751046012007,4.2823256409083301,4.4994321227234115,,,,,,,,
development-pilot-v2-retry,local-x86-64,x86_64,36f84685dc00064dae9a239face7e8eff797ed28,710840e9131cf094172098c985e2b371da66d184263016d59a71a97c9294a733,b1d7dba75560d44d8e234e4205e09487f93678fb8688cac6a0905486c969c2ca,1297748005,81128211b782e3a4331d1c5fcd6db21eecf78dc823faab718e7ebe3f2ceeeee8,gnu-time-v1-monotonic-wall,3b11dec50514a8473e9f6efa7a34d584d0657538c09988f61b72d38ad4991a10,development,mathsvg,balanced-ablation-no-whole-block-functions-v1,balanced,1,dev-synthetic-constant-00,file,65536,10,10,0,0,0,10,true,true,true,true,complete,confirmed,10,489,489,0,489,489,10,134.02044989775052,134.02044989775052,0,134.02044989775052,134.02044989775052,0.0596923828125,10,267162718.40000001,266474188,1596132.7492831054,266020993.1415399,268304443.65846011,10,213000000,210000000,4830458.9153964799,209544737.92600331,216455262.07399669,10,10363183.4,9052277.5,3097667.1006626259,8147399.7988453293,12578967.001154672,10,0,0,0,0,0,10,4474880,4487168,82515.171291910519,4415856.3033103291,4533903.6966896709,10,4474880,4487168,82515.171291910519,4415856.3033103291,4533903.6966896709,10,3130572.7999999998,3137536,86740.046817808179,3068527.0193991163,3192618.5806008833,,,,,,,10,0.24531153817055543,0.24593803474997508,0.0014600568846991791,0.24426714895869422,0.24635592738241663,10,6.6485512852293054,7.2397670162762395,1.2262360088395763,5.7714158309544175,7.5256867395041933,,,,,,,,
development-pilot-v2-retry,local-x86-64,x86_64,36f84685dc00064dae9a239face7e8eff797ed28,710840e9131cf094172098c985e2b371da66d184263016d59a71a97c9294a733,b1d7dba75560d44d8e234e4205e09487f93678fb8688cac6a0905486c969c2ca,1297748005,81128211b782e3a4331d1c5fcd6db21eecf78dc823faab718e7ebe3f2ceeeee8,gnu-time-v1-monotonic-wall,3b11dec50514a8473e9f6efa7a34d584d0657538c09988f61b72d38ad4991a10,development,mathsvg,balanced-ablation-no-whole-block-functions-v1,balanced,1,dev-synthetic-lfsr8,file,65536,10,10,0,0,0,10,true,true,true,true,complete,confirmed,10,753,753,0,753,753,10,87.033200531208493,87.033200531208493,0,87.033200531208493,87.033200531208493,0.0919189453125,10,298503693.39999998,316008437,25755592.336820886,280080532.58786976,316926854.21213019,10,255000000,250000000,8498365.8559879754,248921057.65778288,261078942.34221712,10,11884281.800000001,10235197,3633603.1705692415,9285139.265694527,14483424.334305475,10,0,0,0,0,0,10,4607590.4000000004,4603904,51646.790127643835,4570647.0788172204,4644533.7211827803,10,4607590.4000000004,4603904,51646.790127643835,4570647.0788172204,4644533.7211827803,10,3179724.7999999998,3176448,39004.110862545989,3151824.8784079212,3207624.7215920785,,,,,,,10,0.22108024854787528,0.20738692893382965,0.019729427649894049,0.2069676467652462,0.23519285033050435,10,5.9300153895053889,6.4188857442239122,1.5344022781542694,4.8324463819185759,7.0275843970922018,,,,,,,,
development-pilot-v2-retry,local-x86-64,x86_64,36f84685dc00064dae9a239face7e8eff797ed28,710840e9131cf094172098c985e2b371da66d184263016d59a71a97c9294a733,b1d7dba75560d44d8e234e4205e09487f93678fb8688cac6a0905486c969c2ca,1297748005,81128211b782e3a4331d1c5fcd6db21eecf78dc823faab718e7ebe3f2ceeeee8,gnu-time-v1-monotonic-wall,3b11dec50514a8473e9f6efa7a34d584d0657538c09988f61b72d38ad4991a10,development,mathsvg,balanced-ablation-no-whole-block-functions-v1,balanced,1,dev-synthetic-linear,file,65536,10,10,0,0,0,10,true,true,true,true,complete,confirmed,10,754,754,0,754,754,10,86.91777188328912,86.91777188328912,0,86.91777188328912,86.91777188328912,0.092041015625,10,268288903.69999999,266804748.5,3615685.1466713455,265702578.05731905,270875229.34268093,10,223000000,220000000,6749485.5771055287,218172044.32497564,227827955.67502436,10,11323229,9743673.5,3415598.4009190998,8880026.8485268056,13766431.151473194,10,0,0,0,0,0,10,4518707.2000000002,4542464,67877.804477032274,4470153.717280563,4567260.6827194374,10,4518707.2000000002,4542464,67877.804477032274,4470153.717280563,4567260.6827194374,10,3183001.6000000001,3194880,48173.247760787548,3148542.9287051149,3217460.2712948853,,,,,,,10,0.24431296676844197,0.24563282519228852,0.0032140032916669441,0.24201396705145839,0.24661196648542555,10,6.1690312385721811,6.7266967481866402,1.4244471654967596,5.1501139154861031,7.187948561658259,,,,,,,,
development-pilot-v2-retry,local-x86-64,x86_64,36f84685dc00064dae9a239face7e8eff797ed28,710840e9131cf094172098c985e2b371da66d184263016d59a71a97c9294a733,b1d7dba75560d44d8e234e4205e09487f93678fb8688cac6a0905486c969c2ca,1297748005,81128211b782e3a4331d1c5fcd6db21eecf78dc823faab718e7ebe3f2ceeeee8,gnu-time-v1-monotonic-wall,3b11dec50514a8473e9f6efa7a34d584d0657538c09988f61b72d38ad4991a10,development,mathsvg,balanced-ablation-no-whole-block-functions-v1,balanced,1,dev-synthetic-periodic,file,65536,10,10,0,0,0,10,true,true,true,true,complete,confirmed,10,500,500,0,500,500,10,131.072,131.072,0,131.072,131.072,0.06103515625,10,267241271.19999999,267205670.5,1150332.8620952189,266418429.81360483,268064112.58639514,10,221000000,220000000,3162277.6601683795,218738000,223262000,10,12447965.699999999,10902582,3835826.3078091373,9704171.4982592613,15191759.901740737,10,0,0,0,0,0,10,4400332.7999999998,4405248,52810.34500676296,4362557.1796267601,4438108.4203732396,10,4400332.7999999998,4405248,52810.34500676296,4362557.1796267601,4438108.4203732396,10,3153920,3149824,50351.005462762223,3117903.56292638,3189936.43707362,,,,,,,10,0.24523565930663321,0.24526427575644316,0.0010522088800505949,0.24448300671174764,0.24598831190151879,10,5.7186130422530983,6.0694993460659781,1.6488149978140461,4.5392037917520582,6.8980222927541384,,,,,,,,
development-pilot-v2-retry,local-x86-64,x86_64,36f84685dc00064dae9a239face7e8eff797ed28,710840e9131cf094172098c985e2b371da66d184263016d59a71a97c9294a733,b1d7dba75560d44d8e234e4205e09487f93678fb8688cac6a0905486c969c2ca,1297748005,81128211b782e3a4331d1c5fcd6db21eecf78dc823faab718e7ebe3f2ceeeee8,gnu-time-v1-monotonic-wall,3b11dec50514a8473e9f6efa7a34d584d0657538c09988f61b72d38ad4991a10,development,mathsvg,balanced-ablation-no-whole-block-functions-v1,balanced,1,dev-synthetic-piecewise-mixed,file,65536,10,10,0,0,0,10,true,true,true,true,complete,confirmed,10,13203,13203,0,13203,13203,10,4.9637203665833525,4.9637203665833525,0,4.9637203665833525,4.9637203665833525,1.6116943359375,10,298499847.19999999,317036962,26489885.768659748,279551441.0042209,317448253.39577907,10,257000000,250000000,13374935.098492587,247432812.53450108,266567187.46549892,10,9894036.3000000007,9143347.5,1331499.6140257337,8941605.0303290635,10846467.569670938,10,0,0,0,0,0,10,4684595.2000000002,4677632,42437.494398755975,4654239.3544210019,4714951.0455789985,10,4684595.2000000002,4677632,42437.494398755975,4654239.3544210019,4714951.0455789985,10,3188326.3999999999,3207168,47774.962376169846,3154152.6251110667,3222500.1748889331,,,,,,,10,0.22117421293236772,0.20671608609050107,0.020322208915221497,0.20663759043863536,0.23571083542610008,10,6.721666221073062,7.1676165230762949,0.81133612539182065,6.1413116434998267,7.3020207986462973,,,,,,,,
development-pilot-v2-retry,local-x86-64,x86_64,36f84685dc00064dae9a239face7e8eff797ed28,710840e9131cf094172098c985e2b371da66d184263016d59a71a97c9294a733,b1d7dba75560d44d8e234e4205e09487f93678fb8688cac6a0905486c969c2ca,1297748005,81128211b782e3a4331d1c5fcd6db21eecf78dc823faab718e7ebe3f2ceeeee8,gnu-time-v1-monotonic-wall,3b11dec50514a8473e9f6efa7a34d584d0657538c09988f61b72d38ad4991a10,development,mathsvg,balanced-ablation-no-whole-block-functions-v1,balanced,1,dev-synthetic-polynomial-d2,file,65536,10,10,0,0,0,10,true,true,true,true,complete,confirmed,10,754,754,0,754,754,10,86.91777188328912,86.91777188328912,0,86.91777188328912,86.91777188328912,0.092041015625,10,216778623,216230331.5,1137817.5667301756,215964733.89457381,217592512.10542619,10,166000000,160000000,12649110.640673518,156952000,175048000,10,12553175.9,11563434.5,3470200.0440423363,10070916.79970145,15035435.00029855,10,0,0,0,0,0,10,4383129.5999999996,4397056,76834.429023568446,4328169.3791944496,4438089.8208055496,10,4383129.5999999996,4397056,76834.429023568446,4328169.3791944496,4438089.8208055496,10,3184640,3217408,56829.693646895546,3143989.3105781125,3225290.6894218875,,,,,,,10,0.30232509614617198,0.30308422617017139,0.0015800719765958089,0.30119485927416073,0.30345533301818323,10,5.570256081812218,5.6677445748054129,1.4314620276347265,4.5463209772846351,6.5941911863398008,,,,,,,,
development-pilot-v2-retry,local-x86-64,x86_64,36f84685dc00064dae9a239face7e8eff797ed28,710840e9131cf094172098c985e2b371da66d184263016d59a71a97c9294a733,b1d7dba75560d44d8e234e4205e09487f93678fb8688cac6a0905486c969c2ca,1297748005,81128211b782e3a4331d1c5fcd6db21eecf78dc823faab718e7ebe3f2ceeeee8,gnu-time-v1-monotonic-wall,3b11dec50514a8473e9f6efa7a34d584d0657538c09988f61b72d38ad4991a10,development,mathsvg,balanced-ablation-no-whole-block-functions-v1,balanced,1,dev-synthetic-random,file,65536,10,10,0,0,0,10,true,true,true,true,complete,confirmed,10,66024,66024,0,66024,66024,10,0.99260874833393919,0.99260874833393919,0,0.99260874833393919,0.99260874833393919,8.0595703125,10,267526086.90000001,267542830.5,1212115.8699914836,266659051.68280318,268393122.11719683,10,235000000,230000000,7071067.811865475,229942014.23489547,240057985.76510453,10,16757348.5,17030903.5,1025332.1533982428,16023921.021382157,17490775.978617843,10,0,0,0,0,0,10,4433920,4446208,59895.976670669072,4391075.9762333333,4476764.0237666667,10,4433920,4446208,59895.976670669072,4391075.9762333333,4476764.0237666667,10,3336192,3340288,51458.759461663409,3299383.1785076819,3373000.8214923181,,,,,,,10,0.24497503049065647,0.24495542822275848,0.0011103679616352761,0.24418077628557655,0.24576928469573639,10,3.9264612257510763,3.8480692964095558,0.28300109250427619,3.7240285047702795,4.128893946731873,,,,,,,,
development-pilot-v2-retry,local-x86-64,x86_64,36f84685dc00064dae9a239face7e8eff797ed28,710840e9131cf094172098c985e2b371da66d184263016d59a71a97c9294a733,b1d7dba75560d44d8e234e4205e09487f93678fb8688cac6a0905486c969c2ca,1297748005,81128211b782e3a4331d1c5fcd6db21eecf78dc823faab718e7ebe3f2ceeeee8,gnu-time-v1-monotonic-wall,3b11dec50514a8473e9f6efa7a34d584d0657538c09988f61b72d38ad4991a10,development,mathsvg,balanced-ablation-no-whole-block-functions-v1,balanced,1,dev-synthetic-recurrence,file,65536,10,10,0,0,0,10,true,true,true,true,complete,confirmed,10,882,882,0,882,882,10,74.303854875283449,74.303854875283449,0,74.303854875283449,74.303854875283449,0.107666015625,10,217003462.5,216105264.5,1678138.1641713169,215803078.17727947,218203846.82272053,10,185000000,185000000,5270462.7669472992,181230000,188770000,10,11918031,10174313,3806065.0407811538,9195525.2470457964,14640536.752954204,10,0,0,0,0,0,10,4419993.5999999996,4431872,50515.488254593758,4383859.5071999999,4456127.6927999994,10,4419993.5999999996,4431872,50515.488254593758,4383859.5071999999,4456127.6927999994,10,3167436.7999999998,3180544,60478.256435772942,3124176.2673210213,3210697.3326789783,,,,,,,10,0.30202056160134266,0.30325964442671649,0.0023224527353848811,0.30035929442243187,0.30368182878025346,10,5.954917200136995,6.4969884705102876,1.6017981370954992,4.8091394489457562,7.1006949513282338,,,,,,,,
development-pilot-v2-retry,local-x86-64,x86_64,36f84685dc00064dae9a239face7e8eff797ed28,710840e9131cf094172098c985e2b371da66d184263016d59a71a97c9294a733,b1d7dba75560d44d8e234e4205e09487f93678fb8688cac6a0905486c969c2ca,1297748005,81128211b782e3a4331d1c5fcd6db21eecf78dc823faab718e7ebe3f2ceeeee8,gnu-time-v1-monotonic-wall,3b11dec50514a8473e9f6efa7a34d584d0657538c09988f61b72d38ad4991a10,development,mathsvg,balanced-ablation-no-whole-block-functions-v1,balanced,1,__aggregate__,corpus,10180361,110,110,0,0,0,10,true,true,true,true,complete,confirmed,10,7257460,7257460,0,7257460,7257460,10,1.4027443485737434,1.4027443485737434,0,1.4027443485737434,1.4027443485737434,5.7031062061551649,10,22615511122.200001,22586044609,105237979.78302735,22540233636.839485,22690788607.560516,10,22120000000,22080000000,127714960.40445344,22028644568.415447,22211355431.584553,10,2262620507.5,2245377949,69499372.763957694,2212907105.2987204,2312333909.7012796,10,2028000000,2010000000,46380072.349136233,1994824000,2061176000,10,21191475.199999999,21188608,68131.364584732757,21142740.343908183,21240210.056091815,10,21191475.199999999,21188608,68131.364584732757,21142740.343908183,21240210.056091815,10,7269580.7999999998,7272448,46292.653021114842,7236467.3316753414,7302694.2683246583,,,,,,,10,0.45015820464161288,0.45073692229391832,0.0020787466315729578,0.44867126219508285,0.45164514708814291,10,4.5030615508588623,4.5339224216373299,0.13366593433829999,4.4074493447323659,4.5986737569853586,1.2627170224843995,7.1667526879789509,0.18057027924011015,0.49587942239789079,3.8804956846708856,6.2387327181990964,10000,1297748005
development-pilot-v2-retry,local-x86-64,x86_64,36f84685dc00064dae9a239face7e8eff797ed28,8afdee0e1fe04f0a9c92a00ebbd438b50004de9dcdf47ce697a89ac0bdae40a5,b1d7dba75560d44d8e234e4205e09487f93678fb8688cac6a0905486c969c2ca,1297748005,7c5468b370f7c47eda07281e3437fafc568f95d10420051e3aa522709f9342c5,gnu-time-v1-monotonic-wall,3b11dec50514a8473e9f6efa7a34d584d0657538c09988f61b72d38ad4991a10,development,zstd-default,zstd-default,,1,dev-canterbury-alice29-txt,file,152089,10,10,0,0,0,10,false,true,true,true,complete,confirmed,10,56999,56999,0,56999,56999,10,2.6682748820154738,2.6682748820154738,0,2.6682748820154738,2.6682748820154738,2.9981918481941494,10,17653111.199999999,17083520.5,1129243.8840766959,16845354.911564063,18460867.488435935,10,0,0,0,0,0,10,11430891,10784895,3055845.8230441972,9245022.4601204507,13616759.539879549,10,0,0,0,0,0,10,3560652.7999999998,3571712,49191.806103591414,3525465.546582032,3595840.0534179676,10,3560652.7999999998,3571712,49191.806103591414,3525465.546582032,3595840.0534179676,10,2857369.6000000001,2828288,68272.127781564137,2808534.0549790501,2906205.1450209501,,,,,,,10,8.6444398075342583,8.9026774402572695,0.50470084186761133,8.2834236581036134,9.0054559569649033,10,14.027621102801271,14.105167546388625,3.0551883132960724,11.842222884383052,16.213019321219491,,,,,,,,
development-pilot-v2-retry,local-x86-64,x86_64,36f84685dc00064dae9a239face7e8eff797ed28,8afdee0e1fe04f0a9c92a00ebbd438b50004de9dcdf47ce697a89ac0bdae40a5,b1d7dba75560d44d8e234e4205e09487f93678fb8688cac6a0905486c969c2ca,1297748005,7c5468b370f7c47eda07281e3437fafc568f95d10420051e3aa522709f9342c5,gnu-time-v1-monotonic-wall,3b11dec50514a8473e9f6efa7a34d584d0657538c09988f61b72d38ad4991a10,development,zstd-default,zstd-default,,1,dev-canterbury-kennedy-xls,file,1029744,10,10,0,0,0,10,true,true,true,true,complete,confirmed,10,111746,111746,0,111746,111746,10,9.2150412542730837,9.2150412542730837,0,9.2150412542730837,9.2150412542730837,0.86814586926459392,10,33883324.600000001,33212509.5,1226012.0176912532,33006349.368207753,34760299.83179225,10,1000000,0,3162277.6601683795,-1262000,3262000,10,16432003,17126725.5,2587402.2900641314,14581215.495207194,18282790.504792806,10,0,0,0,0,0,10,5312512,5347328,79752.297766967895,5255464.6066540042,5369559.3933459958,10,5312512,5347328,79752.297766967895,5255464.6066540042,5369559.3933459958,10,3654451.2000000002,3661824,69613.257608335247,3604656.3351487997,3704246.0648512007,,,,,,,10,30.4251872176789,31.004705067207041,1.0538513166401977,29.671359776064175,31.179014659293625,10,64.397699484859999,60.125086342090128,12.324127027986883,55.58216260508393,73.213236364636074,,,,,,,,
development-pilot-v2-retry,local-x86-64,x86_64,36f84685dc00064dae9a239face7e8eff797ed28,8afdee0e1fe04f0a9c92a00ebbd438b50004de9dcdf47ce697a89ac0bdae40a5,b1d7dba75560d44d8e234e4205e09487f93678fb8688cac6a0905486c969c2ca,1297748005,7c5468b370f7c47eda07281e3437fafc568f95d10420051e3aa522709f9342c5,gnu-time-v1-monotonic-wall,3b11dec50514a8473e9f6efa7a34d584d0657538c09988f61b72d38ad4991a10,development,zstd-default,zstd-default,,1,dev-silesia-x-ray,file,8474240,10,10,0,0,0,10,true,true,true,true,complete,confirmed,10,6086279,6086279,0,6086279,6086279,10,1.3923515501014658,1.3923515501014658,0,1.3923515501014658,1.3923515501014658,5.7456753643984593,10,217746369.80000001,217634568,1363675.4680701711,216770922.9100484,218721816.68995163,10,207000000,210000000,4830458.9153964799,203544737.92600331,210455262.07399669,10,66475546.899999999,65804226,1623879.4294711149,65313974.241238564,67637119.558761433,10,37000000,40000000,4830458.9153964799,33544737.926003296,40455262.0739967,10,19334348.800000001,19361792,86330.751112991784,19272595.791566458,19396101.808433544,10,19334348.800000001,19361792,86330.751112991784,19272595.791566458,19396101.808433544,10,6334873.5999999996,6244352,378220.49892951187,6064329.7513826704,6605417.4486173289,,,,,,,10,38.919308109803737,38.937932184787897,0.24285638412941529,38.745591188035554,39.093025031571919,10,127.54587097092244,128.78050111020727,3.0393064615472145,125.3718331555164,129.71990878632849,,,,,,,,
development-pilot-v2-retry,local-x86-64,x86_64,36f84685dc00064dae9a239face7e8eff797ed28,8afdee0e1fe04f0a9c92a00ebbd438b50004de9dcdf47ce697a89ac0bdae40a5,b1d7dba75560d44d8e234e4205e09487f93678fb8688cac6a0905486c969c2ca,1297748005,7c5468b370f7c47eda07281e3437fafc568f95d10420051e3aa522709f9342c5,gnu-time-v1-monotonic-wall,3b11dec50514a8473e9f6efa7a34d584d0657538c09988f61b72d38ad4991a10,development,zstd-default,zstd-default,,1,dev-synthetic-constant-00,file,65536,10,10,0,0,0,10,true,true,true,true,complete,confirmed,10,24,24,0,24,24,10,2730.6666666666665,2730.6666666666665,0,2730.6666666666665,2730.6666666666665,0.0029296875,10,11763506.4,10678208,3453165.6835790612,9293432.1005028691,14233580.699497132,10,0,0,0,0,0,10,10754585.199999999,9003930.5,3449341.0139083988,8287246.7142816549,13221923.685718343,10,0,0,0,0,0,10,2924953.6000000001,2926592,51718.927588778686,2887958.678371395,2961948.5216286052,10,2924953.6000000001,2926592,51718.927588778686,2887958.678371395,2961948.5216286052,10,2675507.2000000002,2695168,80237.005301377823,2618113.0918614846,2732901.3081385158,,,,,,,10,5.9287591828547308,6.1402968554930268,1.3834298010408768,4.939181876165021,6.9183364895444406,10,6.4894932975764501,7.2786857753157603,1.4092884075795951,5.4814191432735972,7.497567451879303,,,,,,,,
development-pilot-v2-retry,local-x86-64,x86_64,36f84685dc00064dae9a239face7e8eff797ed28,8afdee0e1fe04f0a9c92a00ebbd438b50004de9dcdf47ce697a89ac0bdae40a5,b1d7dba75560d44d8e234e4205e09487f93678fb8688cac6a0905486c969c2ca,1297748005,7c5468b370f7c47eda07281e3437fafc568f95d10420051e3aa522709f9342c5,gnu-time-v1-monotonic-wall,3b11dec50514a8473e9f6efa7a34d584d0657538c09988f61b72d38ad4991a10,development,zstd-default,zstd-default,,1,dev-synthetic-lfsr8,file,65536,10,10,0,0,0,10,true,true,true,true,complete,confirmed,10,279,279,0,279,279,10,234.89605734767025,234.89605734767025,0,234.89605734767025,234.89605734767025,0.0340576171875,10,9186196.6999999993,8938527.5,603375.84560022689,8754597.6092752963,9617795.7907247022,10,0,0,0,0,0,10,10414984,9230274,2727820.4651352861,8463754.3626229111,12366213.637377089,10,0,0,0,0,0,10,2927820.7999999998,2949120,56353.709507794505,2887510.5854631006,2968131.014536899,10,2927820.7999999998,2949120,56353.709507794505,2887510.5854631006,2968131.014536899,10,2647654.3999999999,2672640,76072.472280933085,2593239.2123436737,2702069.5876563261,,,,,,,10,7.1593165784777835,7.3319075754357019,0.42563416903057116,6.8548573899396441,7.4637757670159228,10,6.5800264967456119,7.1020490946629717,1.2409843094923216,5.692341476726793,7.4677115167644308,,,,,,,,
development-pilot-v2-retry,local-x86-64,x86_64,36f84685dc00064dae9a239face7e8eff797ed28,8afdee0e1fe04f0a9c92a00ebbd438b50004de9dcdf47ce697a89ac0bdae40a5,b1d7dba75560d44d8e234e4205e09487f93678fb8688cac6a0905486c969c2ca,1297748005,7c5468b370f7c47eda07281e3437fafc568f95d10420051e3aa522709f9342c5,gnu-time-v1-monotonic-wall,3b11dec50514a8473e9f6efa7a34d584d0657538c09988f61b72d38ad4991a10,development,zstd-default,zstd-default,,1,dev-synthetic-linear,file,65536,10,10,0,0,0,10,true,true,true,true,complete,confirmed,10,281,281,0,281,281,10,233.22419928825622,233.22419928825622,0,233.22419928825622,233.22419928825622,0.0343017578125,10,11130032.300000001,9060725.5,3700181.0753517649,8483266.1105945986,13776798.489405403,10,0,0,0,0,0,10,9795474,8989598.5,2611167.7605679291,7927686.8828844968,11663261.117115503,10,0,0,0,0,0,10,2949529.6000000001,2971648,48673.702475886414,2914712.9498407627,2984346.2501592375,10,2949529.6000000001,2971648,48673.702475886414,2914712.9498407627,2984346.2501592375,10,2647654.3999999999,2666496,63812.355674360675,2602008.9621077063,2693299.8378922935,,,,,,,10,6.3499204266870244,7.2329749041506659,1.5559476878606673,5.2369398322652723,7.4629010211087765,10,6.9843727350416867,7.2911465749350208,1.2643282347279965,6.0799896370684214,7.8887558330149519,,,,,,,,
development-pilot-v2-retry,local-x86-64,x86_64,36f84685dc00064dae9a239face7e8eff797ed28,8afdee0e1fe04f0a9c92a00ebbd438b50004de9dcdf47ce697a89ac0bdae40a5,b1d7dba75560d44d8e234e4205e09487f93678fb8688cac6a0905486c969c2ca,1297748005,7c5468b370f7c47eda07281e3437fafc568f95d10420051e3aa522709f9342c5,gnu-time-v1-monotonic-wall,3b11dec50514a8473e9f6efa7a34d584d0657538c09988f61b72d38ad4991a10,development,zstd-default,zstd-default,,1,dev-synthetic-periodic,file,65536,10,10,0,0,0,10,true,true,true,true,complete,confirmed,10,29,29,0,29,29,10,2259.8620689655172,2259.8620689655172,0,2259.8620689655172,2259.8620689655172,0.0035400390625,10,11903133.699999999,9838793,4079802.7052303795,8984821.4229118023,14821445.977088196,10,0,0,0,0,0,10,9767456.6999999993,9257922,1339355.6650236337,8809405.9404338244,10725507.459566174,10,0,0,0,0,0,10,2933555.2000000002,2949120,57207.303738829243,2892634.4033580185,2974475.9966419819,10,2933555.2000000002,2949120,57207.303738829243,2892634.4033580185,2974475.9966419819,10,2718105.6000000001,2713600,87321.579569364694,2655643.8448309787,2780567.3551690215,,,,,,,10,6.0196371388252325,6.7033621757264763,1.679509618723694,4.8182718047796733,7.2210024728707918,10,6.8103765263049967,7.0851327400087207,0.82144075200907773,6.2227940364911207,7.3979590161188726,,,,,,,,
development-pilot-v2-retry,local-x86-64,x86_64,36f84685dc00064dae9a239face7e8eff797ed28,8afdee0e1fe04f0a9c92a00ebbd438b50004de9dcdf47ce697a89ac0bdae40a5,b1d7dba75560d44d8e234e4205e09487f93678fb8688cac6a0905486c969c2ca,1297748005,7c5468b370f7c47eda07281e3437fafc568f95d10420051e3aa522709f9342c5,gnu-time-v1-monotonic-wall,3b11dec50514a8473e9f6efa7a34d584d0657538c09988f61b72d38ad4991a10,development,zstd-default,zstd-default,,1,dev-synthetic-piecewise-mixed,file,65536,10,10,0,0,0,10,true,true,true,true,complete,confirmed,10,12951,12951,0,12951,12951,10,5.0603042236120759,5.0603042236120759,0,5.0603042236120759,5.0603042236120759,1.5809326171875,10,9211536,8821027.5,946668.10534538561,8534377.4818649273,9888694.5181350727,10,0,0,0,0,0,10,10126226.6,8872362.5,3157892.2846795982,7867363.4906913424,12385089.709308658,10,0,0,0,0,0,10,2965094.3999999999,2975744,48057.018105117131,2930718.8686154513,2999469.9313845485,10,2965094.3999999999,2975744,48057.018105117131,2930718.8686154513,2999469.9313845485,10,2695987.2000000002,2693120,92375.672580080427,2629910.2156769298,2762064.1843230706,,,,,,,10,7.1721558788753841,7.429560282577059,0.62429328547787555,6.7255943926598558,7.6187173650909124,10,6.897534685852297,7.3866161614569261,1.5359084180754177,5.7988883255255423,7.9961810461790517,,,,,,,,
development-pilot-v2-retry,local-x86-64,x86_64,36f84685dc00064dae9a239face7e8eff797ed28,8afdee0e1fe04f0a9c92a00ebbd438b50004de9dcdf47ce697a89ac0bdae40a5,b1d7dba75560d44d8e234e4205e09487f93678fb8688cac6a0905486c969c2ca,1297748005,7c5468b370f7c47eda07281e3437fafc568f95d10420051e3aa522709f9342c5,gnu-time-v1-monotonic-wall,3b11dec50514a8473e9f6efa7a34d584d0657538c09988f61b72d38ad4991a10,development,zstd-default,zstd-default,,1,dev-synthetic-polynomial-d2,file,65536,10,10,0,0,0,10,true,true,true,true,complete,confirmed,10,281,281,0,281,281,10,233.22419928825622,233.22419928825622,0,233.22419928825622,233.22419928825622,0.0343017578125,10,11772157.5,8848684.5,4497861.7890006416,8554804.5474519581,14989510.452548042,10,0,0,0,0,0,10,9742110.1999999993,8889833.5,2859310.6308917189,7696824.6994432006,11787395.700556798,10,0,0,0,0,0,10,2940518.3999999999,2928640,42013.682732070884,2910465.7099604784,2970571.0900395215,10,2940518.3999999999,2928640,42013.682732070884,2910465.7099604784,2970571.0900395215,10,2731212.7999999998,2719744,82256.092779130282,2672374.4240376293,2790051.1759623704,,,,,,,10,6.1851468572732866,7.4063763307073955,1.8149676924641223,4.8868873868714227,7.4834063276751506,10,7.0796170706422625,7.3721983885440903,1.3790444227409902,6.0931766566546992,8.0660574846298267,,,,,,,,
development-pilot-v2-retry,local-x86-64,x86_64,36f84685dc00064dae9a239face7e8eff797ed28,8afdee0e1fe04f0a9c92a00ebbd438b50004de9dcdf47ce697a89ac0bdae40a5,b1d7dba75560d44d8e234e4205e09487f93678fb8688cac6a0905486c969c2ca,1297748005,7c5468b370f7c47eda07281e3437fafc568f95d10420051e3aa522709f9342c5,gnu-time-v1-monotonic-wall,3b11dec50514a8473e9f6efa7a34d584d0657538c09988f61b72d38ad4991a10,development,zstd-default,zstd-default,,1,dev-synthetic-random,file,65536,10,10,0,0,0,10,true,true,true,true,complete,confirmed,10,65550,65550,0,65550,65550,10,0.99978642257818462,0.99978642257818462,0,0.99978642257818462,0.99978642257818462,8.001708984375,10,9584716.5,9090490,837855.24569280131,8985392.6045593321,10184040.395440668,10,0,0,0,0,0,10,10868940.699999999,9461990,3246103.7366509628,8546979.3033801001,13190902.096619898,10,0,0,0,0,0,10,3075276.7999999998,3106816,69559.680091271264,3025520.259532874,3125033.3404671256,10,3075276.7999999998,3106816,69559.680091271264,3025520.259532874,3125033.3404671256,10,2661990.3999999999,2676736,135923.7163732331,2564763.1861126898,2759217.61388731,,,,,,,10,6.8824893460782821,7.2096437532567155,0.57187539307188895,6.4734227560623587,7.2915559360942055,10,6.4012429282496175,6.9268504011699656,1.3923201578480664,5.4053062852653229,7.3971795712339121,,,,,,,,
development-pilot-v2-retry,local-x86-64,x86_64,36f84685dc00064dae9a239face7e8eff797ed28,8afdee0e1fe04f0a9c92a00ebbd438b50004de9dcdf47ce697a89ac0bdae40a5,b1d7dba75560d44d8e234e4205e09487f93678fb8688cac6a0905486c969c2ca,1297748005,7c5468b370f7c47eda07281e3437fafc568f95d10420051e3aa522709f9342c5,gnu-time-v1-monotonic-wall,3b11dec50514a8473e9f6efa7a34d584d0657538c09988f61b72d38ad4991a10,development,zstd-default,zstd-default,,1,dev-synthetic-recurrence,file,65536,10,10,0,0,0,10,true,true,true,true,complete,confirmed,10,409,409,0,409,409,10,160.23471882640587,160.23471882640587,0,160.23471882640587,160.23471882640587,0.0499267578125,10,9803456.5999999996,8916208,1566681.9036161317,8682797.743689768,10924115.456310231,10,0,0,0,0,0,10,9807522.1999999993,8851851.5,2759220.9369252846,7833831.5788567998,11781212.821143199,10,0,0,0,0,0,10,2921267.2000000002,2951168,63478.456630401604,2875860.6025001705,2966673.7974998299,10,2921267.2000000002,2951168,63478.456630401604,2875860.6025001705,2966673.7974998299,10,2664038.3999999999,2678784,65228.076605093913,2617380.2867232342,2710696.5132767656,,,,,,,10,6.8174699857312051,7.3503464636471243,0.92470171259380352,6.1560241866372039,7.4789157848252064,10,7.0191416115645229,7.4038144528338297,1.3883650076411682,6.0260341160269224,8.0122491071021233,,,,,,,,
development-pilot-v2-retry,local-x86-64,x86_64,36f84685dc00064dae9a239face7e8eff797ed28,8afdee0e1fe04f0a9c92a00ebbd438b50004de9dcdf47ce697a89ac0bdae40a5,b1d7dba75560d44d8e234e4205e09487f93678fb8688cac6a0905486c969c2ca,1297748005,7c5468b370f7c47eda07281e3437fafc568f95d10420051e3aa522709f9342c5,gnu-time-v1-monotonic-wall,3b11dec50514a8473e9f6efa7a34d584d0657538c09988f61b72d38ad4991a10,development,zstd-default,zstd-default,,1,__aggregate__,corpus,10180361,110,110,0,0,0,10,true,true,true,true,complete,confirmed,10,6334828,6334828,0,6334828,6334828,10,1.6070461581593061,1.6070461581593061,0,1.6070461581593061,1.6070461581593061,4.9780773000093026,10,353637541.30000001,351931077.5,8567784.3628455997,347508943.39954722,359766139.2004528,10,208000000,210000000,6324555.3203367591,203476000,212524000,10,175615740.5,175077641,6195134.0608809935,171184316.45959279,180047164.54040721,10,37000000,40000000,4830458.9153964799,33544737.926003296,40455262.0739967,10,19334348.800000001,19361792,86330.751112991784,19272595.791566458,19396101.808433544,10,19334348.800000001,19361792,86330.751112991784,19272595.791566458,19396101.808433544,10,6334873.5999999996,6244352,378220.49892951187,6064329.7513826704,6605417.4486173289,,,,,,,10,28.802587028534031,28.927149730153246,0.68944731773161039,28.309420393499881,29.295753663568181,10,58.034263334143802,58.151537885890903,2.0397572058180264,56.575210304842543,59.493316363445061,1.4172381060535766,11.123386401485773,7.18603311784792,35.794491688845355,7.272247992721578,96.853006793683647,10000,1297748005
development-pilot-v2-retry,local-x86-64,x86_64,36f84685dc00064dae9a239face7e8eff797ed28,b8b432a44db4d5e59ca81df6eaa329ee2a47590fff0448de7f7401ea9595e925,b1d7dba75560d44d8e234e4205e09487f93678fb8688cac6a0905486c969c2ca,1297748005,81128211b782e3a4331d1c5fcd6db21eecf78dc823faab718e7ebe3f2ceeeee8,gnu-time-v1-monotonic-wall,3b11dec50514a8473e9f6efa7a34d584d0657538c09988f61b72d38ad4991a10,development,mathsvg,balanced-v1,balanced,1,dev-canterbury-alice29-txt,file,152089,10,10,0,0,0,10,true,true,true,true,complete,confirmed,10,80481,80481,0,80481,80481,10,1.8897503758651113,1.8897503758651111,0,1.8897503758651113,1.8897503758651113,4.2333633596118059,10,1304970962.3,1300647564,33997396.865870491,1280652379.31178,1329289545.2882199,10,1272000000,1260000000,28982753.492378876,1251268427.5560198,1292731572.4439802,10,66378933.299999997,66088585,1129659.4305495645,65570879.768177286,67186986.831822708,10,32000000,30000000,4216370.2135578394,28984000,35016000,10,5783961.5999999996,5775360,30618.189812230536,5762060.1881702812,5805863.011829718,10,5783961.5999999996,5775360,30618.189812230536,5762060.1881702812,5805863.011829718,10,3547545.6000000001,3549184,48095.792533004147,3513142.3329877472,3581948.867012253,,,,,,,10,0.11661620827675193,0.11695791865771495,0.0029998373341590832,0.11447040301260997,0.11876201354089388,10,2.2918150836848716,2.3013911565105887,0.038599490949743777,2.2642045896324072,2.319425577737336,,,,,,,,
development-pilot-v2-retry,local-x86-64,x86_64,36f84685dc00064dae9a239face7e8eff797ed28,b8b432a44db4d5e59ca81df6eaa329ee2a47590fff0448de7f7401ea9595e925,b1d7dba75560d44d8e234e4205e09487f93678fb8688cac6a0905486c969c2ca,1297748005,81128211b782e3a4331d1c5fcd6db21eecf78dc823faab718e7ebe3f2ceeeee8,gnu-time-v1-monotonic-wall,3b11dec50514a8473e9f6efa7a34d584d0657538c09988f61b72d38ad4991a10,development,mathsvg,balanced-v1,balanced,1,dev-canterbury-kennedy-xls,file,1029744,10,10,0,0,0,10,true,true,true,true,complete,confirmed,10,261046,261046,0,261046,261046,10,3.9446840786681276,3.9446840786681276,0,3.9446840786681276,3.9446840786681276,2.0280458055594401,10,1616444440.5999999,1601607190.5,46374349.477221683,1583272534.2115235,1649616346.9884763,10,1564000000,1545000000,36270588.023294516,1538055386.9945993,1589944613.0054007,10,167387245.69999999,166280275,2207844.2773122508,165807958.77710074,168966532.62289923,10,113000000,110000000,6749485.5771055287,108172044.32497564,117827955.67502436,10,18042880,18061312,41771.167855352091,18013000.782599535,18072759.217400465,10,18042880,18061312,41771.167855352091,18013000.782599535,18072759.217400465,10,4806246.4000000004,4818944,49045.692444676301,4771163.6627352564,4841329.1372647444,,,,,,,10,0.63751036383247528,0.64308417974492627,0.018117248475065871,0.62455096543214095,0.65046976223280961,10,6.152817214941015,6.1928559814103536,0.080084948707528122,6.0955318739799109,6.210102555902119,,,,,,,,
development-pilot-v2-retry,local-x86-64,x86_64,36f84685dc00064dae9a239face7e8eff797ed28,b8b432a44db4d5e59ca81df6eaa329ee2a47590fff0448de7f7401ea9595e925,b1d7dba75560d44d8e234e4205e09487f93678fb8688cac6a0905486c969c2ca,1297748005,81128211b782e3a4331d1c5fcd6db21eecf78dc823faab718e7ebe3f2ceeeee8,gnu-time-v1-monotonic-wall,3b11dec50514a8473e9f6efa7a34d584d0657538c09988f61b72d38ad4991a10,development,mathsvg,balanced-v1,balanced,1,dev-silesia-x-ray,file,8474240,10,10,0,0,0,10,true,true,true,true,complete,confirmed,10,6832574,6832574,0,6832574,6832574,10,1.2402705042052966,1.2402705042052966,0,1.2402705042052966,1.2402705042052966,6.4502058001661506,10,17634302018.900002,17628043274,84288466.132503375,17574009871.631195,17694594166.168808,10,17585000000,17590000000,77208232.146003127,17529772395.127075,17640227604.872925,10,1908853801.3,1903882167,34946001.50439167,1883856674.5775082,1933850928.0224917,10,1871000000,1860000000,26853512.081497107,1851791489.2820916,1890208510.7179084,10,22518579.199999999,22534144,39948.542759683012,22490003.719465632,22547154.680534367,10,22518579.199999999,22534144,39948.542759683012,22490003.719465632,22547154.680534367,10,7254016,7258112,58343.043397554167,7212282.8005951634,7295749.1994048366,,,,,,,10,0.48056417723623379,0.48072493897300195,0.0022916688520172161,0.47892492999094699,0.48220342448152059,10,4.4407639768389515,4.4515019152190076,0.080427338341556395,4.3832337221051167,4.4982942315727863,,,,,,,,
development-pilot-v2-retry,local-x86-64,x86_64,36f84685dc00064dae9a239face7e8eff797ed28,b8b432a44db4d5e59ca81df6eaa329ee2a47590fff0448de7f7401ea9595e925,b1d7dba75560d44d8e234e4205e09487f93678fb8688cac6a0905486c969c2ca,1297748005,81128211b782e3a4331d1c5fcd6db21eecf78dc823faab718e7ebe3f2ceeeee8,gnu-time-v1-monotonic-wall,3b11dec50514a8473e9f6efa7a34d584d0657538c09988f61b72d38ad4991a10,development,mathsvg,balanced-v1,balanced,1,dev-synthetic-constant-00,file,65536,10,10,0,0,0,10,true,true,true,true,complete,confirmed,10,485,485,0,485,485,10,135.12577319587629,135.12577319587629,0,135.12577319587629,135.12577319587629,0.0592041015625,10,258013192.90000001,266991829.5,20535423.627603363,243324056.38592002,272702329.41408002,10,204000000,200000000,5163977.7949432228,200306169.46788296,207693830.53211704,10,12031184,9361575,4413027.2471789699,8874513.8065966442,15187854.193403356,10,0,0,0,0,0,10,4471603.2000000002,4470784,62687.983120637509,4426762.0338984337,4516444.3661015667,10,4471603.2000000002,4470784,62687.983120637509,4426762.0338984337,4516444.3661015667,10,3137126.3999999999,3155968,85515.002352673633,3075956.9025335922,3198295.8974664076,,,,,,,10,0.25564529614905807,0.24546110020280182,0.022936349991964658,0.23923875970372216,0.27205183259439397,10,6.0150359844808188,7.0058027510624097,1.7298141718364044,4.7776874410624011,7.2523845278992365,,,,,,,,
development-pilot-v2-retry,local-x86-64,x86_64,36f84685dc00064dae9a239face7e8eff797ed28,b8b432a44db4d5e59ca81df6eaa329ee2a47590fff0448de7f7401ea9595e925,b1d7dba75560d44d8e234e4205e09487f93678fb8688cac6a0905486c969c2ca,1297748005,81128211b782e3a4331d1c5fcd6db21eecf78dc823faab718e7ebe3f2ceeeee8,gnu-time-v1-monotonic-wall,3b11dec50514a8473e9f6efa7a34d584d0657538c09988f61b72d38ad4991a10,development,mathsvg,balanced-v1,balanced,1,dev-synthetic-lfsr8,file,65536,10,10,0,0,0,10,true,true,true,true,complete,confirmed,10,753,753,0,753,753,10,87.033200531208493,87.033200531208493,0,87.033200531208493,87.033200531208493,0.0919189453125,10,282510682.80000001,268182213.5,23930649.362098977,265392916.84955984,299628448.75044018,10,252000000,250000000,6324555.3203367591,247476000,256524000,10,10330201.699999999,9043913,2522503.3916522097,8525836.8449500855,12134566.555049913,10,0,0,0,0,0,10,4615372.7999999998,4620288,50083.731944725434,4579547.5455999998,4651198.0543999998,10,4615372.7999999998,4620288,50083.731944725434,4579547.5455999998,4651198.0543999998,10,3167846.3999999999,3196928,68897.268791537252,3118563.6871093935,3217129.1128906063,,,,,,,10,0.23338581652285745,0.24437187819248773,0.018479156847396223,0.22016754245561929,0.24660409059009561,10,6.5924258535664304,7.2464236682705465,1.1483824241748981,5.7709796294719578,7.4138720776609031,,,,,,,,
development-pilot-v2-retry,local-x86-64,x86_64,36f84685dc00064dae9a239face7e8eff797ed28,b8b432a44db4d5e59ca81df6eaa329ee2a47590fff0448de7f7401ea9595e925,b1d7dba75560d44d8e234e4205e09487f93678fb8688cac6a0905486c969c2ca,1297748005,81128211b782e3a4331d1c5fcd6db21eecf78dc823faab718e7ebe3f2ceeeee8,gnu-time-v1-monotonic-wall,3b11dec50514a8473e9f6efa7a34d584d0657538c09988f61b72d38ad4991a10,development,mathsvg,balanced-v1,balanced,1,dev-synthetic-linear,file,65536,10,10,0,0,0,10,true,true,true,true,complete,confirmed,10,489,489,0,489,489,10,134.02044989775052,134.02044989775052,0,134.02044989775052,134.02044989775052,0.0596923828125,10,268016374.90000001,268000066.5,1383805.3817585325,267026528.93771625,269006220.86228377,10,229000000,230000000,8755950.3577091321,222736805.60735977,235263194.39264023,10,16754805.300000001,17129231,2118772.4236707888,15239232.115927313,18270378.484072689,10,0,0,0,0,0,10,4469555.2000000002,4487168,61388.399071992601,4425643.6357341809,4513466.7642658195,10,4469555.2000000002,4487168,61388.399071992601,4425643.6357341809,4513466.7642658195,10,3141632,3139584,86652.96433218864,3079648.5101286601,3203615.4898713399,,,,,,,10,0.24452823963793741,0.24453725308699292,0.0012625278862572282,0.2436251443421999,0.24543133493367492,10,3.9927775853898444,3.8259886834473242,0.71751012479834375,3.479537422219785,4.5060177485599038,,,,,,,,
development-pilot-v2-retry,local-x86-64,x86_64,36f84685dc00064dae9a239face7e8eff797ed28,b8b432a44db4d5e59ca81df6eaa329ee2a47590fff0448de7f7401ea9595e925,b1d7dba75560d44d8e234e4205e09487f93678fb8688cac6a0905486c969c2ca,1297748005,81128211b782e3a4331d1c5fcd6db21eecf78dc823faab718e7ebe3f2ceeeee8,gnu-time-v1-monotonic-wall,3b11dec50514a8473e9f6efa7a34d584d0657538c09988f61b72d38ad4991a10,development,mathsvg,balanced-v1,balanced,1,dev-synthetic-periodic,file,65536,10,10,0,0,0,10,true,true,true,true,complete,confirmed,10,500,500,0,500,500,10,131.072,131.072,0,131.072,131.072,0.06103515625,10,267393868.5,266674175.5,1880023.623670266,266049074.05316585,268738662.94683415,10,211000000,210000000,3162277.6601683795,208738000,213262000,10,11868211.300000001,10577975,3312502.8844024693,9498754.1144727133,14237668.485527288,10,0,0,0,0,0,10,4554342.4000000004,4534272,71271.184670009985,4503361.6079733511,4605323.1920266496,10,4554342.4000000004,4534272,71271.184670009985,4503361.6079733511,4605323.1920266496,10,3192012.7999999998,3215360,48312.354244253322,3157454.6248349883,3226570.9751650114,,,,,,,10,0.24510240835163893,0.24575332063973354,0.0017028279297009162,0.2438843632617026,0.24632045344157527,10,5.885617104260179,6.2229749852717813,1.4665677355854416,4.8365706338380878,6.9346635746822702,,,,,,,,
development-pilot-v2-retry,local-x86-64,x86_64,36f84685dc00064dae9a239face7e8eff797ed28,b8b432a44db4d5e59ca81df6eaa329ee2a47590fff0448de7f7401ea9595e925,b1d7dba75560d44d8e234e4205e09487f93678fb8688cac6a0905486c969c2ca,1297748005,81128211b782e3a4331d1c5fcd6db21eecf78dc823faab718e7ebe3f2ceeeee8,gnu-time-v1-monotonic-wall,3b11dec50514a8473e9f6efa7a34d584d0657538c09988f61b72d38ad4991a10,development,mathsvg,balanced-v1,balanced,1,dev-synthetic-piecewise-mixed,file,65536,10,10,0,0,0,10,true,true,true,true,complete,confirmed,10,13203,13203,0,13203,13203,10,4.9637203665833525,4.9637203665833525,0,4.9637203665833525,4.9637203665833525,1.6116943359375,10,302817531,316845838,25300144.021226279,284720155.65030771,320914906.34969229,10,260000000,260000000,10540925.533894598,252460000,267540000,10,10621950.5,9468387,2871774.3945051446,8567749.5795075372,12676151.420492463,10,0,0,0,0,0,10,4589977.5999999996,4610048,72303.392075337659,4538258.4625774799,4641696.7374225194,10,4589977.5999999996,4610048,72303.392075337659,4538258.4625774799,4641696.7374225194,10,3207577.6000000001,3223552,41612.439302582483,3177811.9222772447,3237343.2777227554,,,,,,,10,0.21788918865614554,0.2068387594791721,0.019530173103045497,0.20391911508685098,0.23185926222544009,10,6.4548447575096137,6.9296890771066906,1.1997386177734701,5.5966630780238571,7.3130264369953704,,,,,,,,
development-pilot-v2-retry,local-x86-64,x86_64,36f84685dc00064dae9a239face7e8eff797ed28,b8b432a44db4d5e59ca81df6eaa329ee2a47590fff0448de7f7401ea9595e925,b1d7dba75560d44d8e234e4205e09487f93678fb8688cac6a0905486c969c2ca,1297748005,81128211b782e3a4331d1c5fcd6db21eecf78dc823faab718e7ebe3f2ceeeee8,gnu-time-v1-monotonic-wall,3b11dec50514a8473e9f6efa7a34d584d0657538c09988f61b72d38ad4991a10,development,mathsvg,balanced-v1,balanced,1,dev-synthetic-polynomial-d2,file,65536,10,10,0,0,0,10,true,true,true,true,complete,confirmed,10,754,754,0,754,754,10,86.91777188328912,86.91777188328912,0,86.91777188328912,86.91777188328912,0.092041015625,10,217228641.80000001,216728931.5,1693963.1251823374,216016937.76862207,218440345.83137795,10,162000000,160000000,6324555.3203367591,157476000,166524000,10,11406146.9,9547195,4165586.1331201894,8426473.1187242121,14385820.681275789,10,0,0,0,0,0,10,4572774.4000000004,4585472,55231.066401276577,4533267.2201677794,4612281.5798322214,10,4572774.4000000004,4585472,55231.066401276577,4533267.2201677794,4612281.5798322214,10,3143270.3999999999,3147776,72045.109503544911,3091736.013962456,3194804.7860375438,,,,,,,10,0.30170775996210258,0.30238749828554956,0.0023396637741285348,0.3000341816031431,0.30338133832106207,10,6.2474998608295085,6.8731017227192739,1.5442329236993004,5.142898921637526,7.3521008000214909,,,,,,,,
development-pilot-v2-retry,local-x86-64,x86_64,36f84685dc00064dae9a239face7e8eff797ed28,b8b432a44db4d5e59ca81df6eaa329ee2a47590fff0448de7f7401ea9595e925,b1d7dba75560d44d8e234e4205e09487f93678fb8688cac6a0905486c969c2ca,1297748005,81128211b782e3a4331d1c5fcd6db21eecf78dc823faab718e7ebe3f2ceeeee8,gnu-time-v1-monotonic-wall,3b11dec50514a8473e9f6efa7a34d584d0657538c09988f61b72d38ad4991a10,development,mathsvg,balanced-v1,balanced,1,dev-synthetic-random,file,65536,10,10,0,0,0,10,true,true,true,true,complete,confirmed,10,66024,66024,0,66024,66024,10,0.99260874833393919,0.99260874833393919,0,0.99260874833393919,0.99260874833393919,8.0595703125,10,272544056.10000002,267290775.5,16244449.885471027,260924284.02755687,284163828.17244321,10,233000000,230000000,6749485.5771055287,228172044.32497564,237827955.67502436,10,16762128,17082892,1929569.804794956,15381892.812741401,18142363.187258601,10,0,0,0,0,0,10,4611276.7999999998,4599808,54160.89928024132,4572535.118421861,4650018.4815781387,10,4611276.7999999998,4599808,54160.89928024132,4572535.118421861,4650018.4815781387,10,3303014.3999999999,3313664,79429.080757896503,3246198.2061099303,3359830.5938900695,,,,,,,10,0.24113169743276516,0.24518630251175449,0.012519618964839725,0.23217632376170064,0.25008707110382972,10,3.971915166570362,3.836382418481481,0.60468502016733716,3.5393796138429376,4.4044507192977864,,,,,,,,
development-pilot-v2-retry,local-x86-64,x86_64,36f84685dc00064dae9a239face7e8eff797ed28,b8b432a44db4d5e59ca81df6eaa329ee2a47590fff0448de7f7401ea9595e925,b1d7dba75560d44d8e234e4205e09487f93678fb8688cac6a0905486c969c2ca,1297748005,81128211b782e3a4331d1c5fcd6db21eecf78dc823faab718e7ebe3f2ceeeee8,gnu-time-v1-monotonic-wall,3b11dec50514a8473e9f6efa7a34d584d0657538c09988f61b72d38ad4991a10,development,mathsvg,balanced-v1,balanced,1,dev-synthetic-recurrence,file,65536,10,10,0,0,0,10,true,true,true,true,complete,confirmed,10,882,882,0,882,882,10,74.303854875283449,74.303854875283449,0,74.303854875283449,74.303854875283449,0.107666015625,10,216824886.5,216704290.5,1041157.8909969259,216080138.75722599,217569634.24277401,10,182000000,180000000,4216370.2135578394,178984000,185016000,10,11032413.5,9653599,3609132.9617295512,8450774.6824277472,13614052.317572253,10,0,0,0,0,0,10,4475699.2000000002,4472832,44370.182452232992,4443960.888727989,4507437.5112720113,10,4475699.2000000002,4472832,44370.182452232992,4443960.888727989,4507437.5112720113,10,3158835.2000000002,3145728,65273.786545255331,3112144.3900736175,3205526.0099263829,,,,,,,10,0.30225938603239105,0.30242133513604408,0.0014482587638314079,0.30122343610141245,0.30329533596336966,10,6.3091658409263554,6.8018545454879114,1.2894777549029164,5.3867931099261659,7.2315385719265448,,,,,,,,
development-pilot-v2-retry,local-x86-64,x86_64,36f84685dc00064dae9a239face7e8eff797ed28,b8b432a44db4d5e59ca81df6eaa329ee2a47590fff0448de7f7401ea9595e925,b1d7dba75560d44d8e234e4205e09487f93678fb8688cac6a0905486c969c2ca,1297748005,81128211b782e3a4331d1c5fcd6db21eecf78dc823faab718e7ebe3f2ceeeee8,gnu-time-v1-monotonic-wall,3b11dec50514a8473e9f6efa7a34d584d0657538c09988f61b72d38ad4991a10,development,mathsvg,balanced-v1,balanced,1,__aggregate__,corpus,10180361,110,110,0,0,0,10,true,true,true,true,complete,confirmed,10,7257191,7257191,0,7257191,7257191,10,1.402796343654177,1.402796343654177,0,1.402796343654177,1.402796343654177,5.7028948187593738,10,22641066656.299999,22641215069,47575776.733623795,22607035360.336655,22675097952.263344,10,22154000000,22145000000,53582750.126426987,22115671872.67815,22192328127.32185,10,2243427021.5,2235459731,38397492.595003426,2215961018.3264289,2270893024.6735711,10,2016000000,2010000000,25473297.566057067,1997778766.6718194,2034221233.3281806,10,22518579.199999999,22534144,39948.542759683012,22490003.719465632,22547154.680534367,10,22518579.199999999,22534144,39948.542759683012,22490003.719465632,22547154.680534367,10,7254016,7258112,58343.043397554167,7212282.8005951634,7295749.1994048366,,,,,,,10,0.44964319317482609,0.44963864031237,0.00094605415550816211,0.44896647381943416,0.45031991253021803,10,4.5390537322045326,4.5544614710297502,0.077404219481847378,4.4836859361778494,4.5944215282312157,1.2635483111433743,6.4887863501499856,0.18037001520901783,0.49466888124334141,3.8264652405250645,6.1907262193874342,10000,1297748005
development-pilot-v2-retry,local-x86-64,x86_64,36f84685dc00064dae9a239face7e8eff797ed28,bf920ab8461c6c60c8cc32db3d853f55655e60793cf7f64068847ad56c2b2e67,b1d7dba75560d44d8e234e4205e09487f93678fb8688cac6a0905486c969c2ca,1297748005,afea077ce127d4fa9ad410d3066ba2b54dea19c0b44f04adf56c72d5f7b7a9bb,gnu-time-v1-monotonic-wall,3b11dec50514a8473e9f6efa7a34d584d0657538c09988f61b72d38ad4991a10,development,gzip-6,gzip-6,,1,dev-canterbury-alice29-txt,file,152089,10,10,0,0,0,10,true,true,true,true,complete,confirmed,10,54423,54423,0,54423,54423,10,2.7945721478051557,2.7945721478051557,0,2.7945721478051557,2.7945721478051557,2.8626922394124494,10,28791421.899999999,33109718.5,7724758.9346126299,23265846.163818952,34316997.636181042,10,10000000,10000000,0,10000000,10000000,10,9513640.8000000007,8997482.5,1223234.1198617523,8638652.6185447536,10388628.981455248,10,0,0,0,0,0,10,1822720,1822720,0,1822720,1822720,10,1822720,1822720,0,1822720,1822720,10,1559756.8,1560576,2590.5378592099364,1557903.7696,1561609.8304000001,,,,,,,10,5.7595759701643114,4.5934894900770811,1.9792284149702828,4.3438196211711002,7.1753323191575227,10,16.179434303738415,16.903507344651384,1.674693333921718,14.981514092921373,17.377354514555456,,,,,,,,
development-pilot-v2-retry,local-x86-64,x86_64,36f84685dc00064dae9a239face7e8eff797ed28,bf920ab8461c6c60c8cc32db3d853f55655e60793cf7f64068847ad56c2b2e67,b1d7dba75560d44d8e234e4205e09487f93678fb8688cac6a0905486c969c2ca,1297748005,afea077ce127d4fa9ad410d3066ba2b54dea19c0b44f04adf56c72d5f7b7a9bb,gnu-time-v1-monotonic-wall,3b11dec50514a8473e9f6efa7a34d584d0657538c09988f61b72d38ad4991a10,development,gzip-6,gzip-6,,1,dev-canterbury-kennedy-xls,file,1029744,10,10,0,0,0,10,true,true,true,true,complete,confirmed,10,206767,206767,0,206767,206767,10,4.9802144442778591,4.9802144442778591,0,4.9802144442778591,4.9802144442778591,1.6063565313320591,10,66596432,66150098,1374005.6565811106,65613595.851759627,67579268.148240373,10,47000000,50000000,6749485.5771055287,42172044.324975632,51827955.675024368,10,18082841.399999999,17375924,1359168.5653037382,17110618.330077242,19055064.469922755,10,0,0,0,0,0,10,1952972.8,1953792,1727.0252394732909,1951737.4464,1954208.1536000001,10,1952972.8,1953792,1727.0252394732909,1951737.4464,1954208.1536000001,10,1698201.6000000001,1691648,20724.302873679491,1683377.3568000002,1713025.8432,,,,,,,10,15.468343357484532,15.566955577370688,0.3173957525604863,15.241307888292496,15.695378826676567,10,57.217016483285214,59.265523184859717,4.0119453402832734,54.347243068373395,60.086789898197033,,,,,,,,
development-pilot-v2-retry,local-x86-64,x86_64,36f84685dc00064dae9a239face7e8eff797ed28,bf920ab8461c6c60c8cc32db3d853f55655e60793cf7f64068847ad56c2b2e67,b1d7dba75560d44d8e234e4205e09487f93678fb8688cac6a0905486c969c2ca,1297748005,afea077ce127d4fa9ad410d3066ba2b54dea19c0b44f04adf56c72d5f7b7a9bb,gnu-time-v1-monotonic-wall,3b11dec50514a8473e9f6efa7a34d584d0657538c09988f61b72d38ad4991a10,development,gzip-6,gzip-6,,1,dev-silesia-x-ray,file,8474240,10,10,0,0,0,10,true,true,true,true,complete,confirmed,10,6037788,6037788,0,6037788,6037788,10,1.4035338769761376,1.4035338769761376,0,1.4035338769761376,1.4035338769761376,5.6998980439543843,10,574214564.70000005,568626709,16148340.865539297,562663540.10214579,585765589.2978543,10,541000000,540000000,12866839.377079189,531796257.06573677,550203742.93426323,10,166803527.5,166572210.5,1182333.9162028683,165957795.52897868,167649259.47102132,10,117000000,120000000,4830458.9153964799,113544737.92600329,120455262.07399671,10,2032435.2,2084864,67685.289753879813,1984019.4244494357,2080850.9755505642,10,2032435.2,2084864,67685.289753879813,1984019.4244494357,2080850.9755505642,10,1821900.8,1822720,1727.0252394732909,1820665.4464,1823136.1536000001,,,,,,,10,14.767807359228112,14.902997128040626,0.38878938714764522,14.489703508701227,15.045911209754996,10,50.806014485191326,50.874564819293894,0.35940011738373018,50.548932991127103,51.06309597925555,,,,,,,,
development-pilot-v2-retry,local-x86-64,x86_64,36f84685dc00064dae9a239face7e8eff797ed28,bf920ab8461c6c60c8cc32db3d853f55655e60793cf7f64068847ad56c2b2e67,b1d7dba75560d44d8e234e4205e09487f93678fb8688cac6a0905486c969c2ca,1297748005,afea077ce127d4fa9ad410d3066ba2b54dea19c0b44f04adf56c72d5f7b7a9bb,gnu-time-v1-monotonic-wall,3b11dec50514a8473e9f6efa7a34d584d0657538c09988f61b72d38ad4991a10,development,gzip-6,gzip-6,,1,dev-synthetic-constant-00,file,65536,10,10,0,0,0,10,true,true,true,true,complete,confirmed,10,96,96,0,96,96,10,682.66666666666663,682.66666666666663,0,682.66666666666663,682.66666666666663,0.01171875,10,8919457.6999999993,8881718,138331.2492349433,8820508.3605062682,9018407.0394937303,10,0,0,0,0,0,10,8717935.3000000007,8785810,1430431.9805023198,7694736.9956094995,9741133.604390502,10,0,0,0,0,0,10,1691238.3999999999,1691648,1295.2689296049682,1690311.8847999999,1692164.9151999999,10,1691238.3999999999,1691648,1295.2689296049682,1690311.8847999999,1692164.9151999999,10,1559756.8,1560576,1727.0252394732909,1558521.4464,1560992.1536000001,,,,,,,10,7.3491022670351267,7.3787619014979704,0.11251772690554616,7.2686175260947019,7.4295870079755515,10,7.7356358581103608,7.4597321092666533,1.4969329845045332,6.6648689063022903,8.8064028099184313,,,,,,,,
development-pilot-v2-retry,local-x86-64,x86_64,36f84685dc00064dae9a239face7e8eff797ed28,bf920ab8461c6c60c8cc32db3d853f55655e60793cf7f64068847ad56c2b2e67,b1d7dba75560d44d8e234e4205e09487f93678fb8688cac6a0905486c969c2ca,1297748005,afea077ce127d4fa9ad410d3066ba2b54dea19c0b44f04adf56c72d5f7b7a9bb,gnu-time-v1-monotonic-wall,3b11dec50514a8473e9f6efa7a34d584d0657538c09988f61b72d38ad4991a10,development,gzip-6,gzip-6,,1,dev-synthetic-lfsr8,file,65536,10,10,0,0,0,10,true,true,true,true,complete,confirmed,10,598,598,0,598,598,10,109.59197324414716,109.59197324414716,0,109.59197324414716,109.59197324414716,0.072998046875,10,8719194.5999999996,8897521.5,867707.86794944864,8098516.9087193599,9339872.2912806384,10,0,0,0,0,0,10,8576208.1999999993,8715674.5,731764.75495321129,8052771.5971508911,9099644.8028491084,10,0,0,0,0,0,10,1691648,1691648,0,1691648,1691648,10,1691648,1691648,0,1691648,1691648,10,1559756.8,1560576,1727.0252394732909,1558521.4464,1560992.1536000001,,,,,,,10,7.6042286893337732,7.365654920308609,0.98454253349929988,6.8999783197894251,8.3084790588781203,10,7.7048394065614021,7.5193349930373934,0.82460779181968036,7.1149915103470009,8.2946873027758024,,,,,,,,
development-pilot-v2-retry,local-x86-64,x86_64,36f84685dc00064dae9a239face7e8eff797ed28,bf920ab8461c6c60c8cc32db3d853f55655e60793cf7f64068847ad56c2b2e67,b1d7dba75560d44d8e234e4205e09487f93678fb8688cac6a0905486c969c2ca,1297748005,afea077ce127d4fa9ad410d3066ba2b54dea19c0b44f04adf56c72d5f7b7a9bb,gnu-time-v1-monotonic-wall,3b11dec50514a8473e9f6efa7a34d584d0657538c09988f61b72d38ad4991a10,development,gzip-6,gzip-6,,1,dev-synthetic-linear,file,65536,10,10,0,0,0,10,true,true,true,true,complete,confirmed,10,597,597,0,597,597,10,109.7755443886097,109.77554438860972,0,109.7755443886097,109.7755443886097,0.0728759765625,10,9088300.9000000004,8855250.5,914306.8109869964,8434290.6489385981,9742311.1510614026,10,0,0,0,0,0,10,9049937,8908608,1348800.8280354484,8085130.0472627347,10014743.952737266,10,0,0,0,0,0,10,1690828.8,1691648,1727.0252394732909,1689593.4464,1692064.1536000001,10,1690828.8,1691648,1727.0252394732909,1689593.4464,1692064.1536000001,10,1560166.3999999999,1560576,1295.2689296049682,1559239.8847999999,1561092.9151999999,,,,,,,10,7.2680285371181643,7.4008105551831109,0.63392091396504302,6.8145803388620454,7.7214767353742833,10,7.4064191713451661,7.3565148901030373,1.2638887745314491,6.5023504224175621,8.3104879202727702,,,,,,,,
development-pilot-v2-retry,local-x86-64,x86_64,36f84685dc00064dae9a239face7e8eff797ed28,bf920ab8461c6c60c8cc32db3d853f55655e60793cf7f64068847ad56c2b2e67,b1d7dba75560d44d8e234e4205e09487f93678fb8688cac6a0905486c969c2ca,1297748005,afea077ce127d4fa9ad410d3066ba2b54dea19c0b44f04adf56c72d5f7b7a9bb,gnu-time-v1-monotonic-wall,3b11dec50514a8473e9f6efa7a34d584d0657538c09988f61b72d38ad4991a10,development,gzip-6,gzip-6,,1,dev-synthetic-periodic,file,65536,10,10,0,0,0,10,false,true,true,true,complete,confirmed,10,139,139,0,139,139,10,471.48201438848918,471.48201438848923,0,471.48201438848918,471.48201438848918,0.0169677734375,10,8578747.8000000007,8800296,847720.35277125565,7972367.3223709492,9185128.2776290514,10,0,0,0,0,0,10,8353129.0999999996,8671953,1627726.8507648907,7188804.3530598041,9517453.8469401952,10,0,0,0,0,0,10,1691238.3999999999,1691648,1295.2689296049682,1690311.8847999999,1692164.9151999999,10,1691238.3999999999,1691648,1295.2689296049682,1690311.8847999999,1692164.9151999999,10,1560166.3999999999,1560576,1295.2689296049682,1559239.8847999999,1561092.9151999999,,,,,,,10,7.7225255787926503,7.4470236032174597,0.93909873240518271,7.0507814876721335,8.394269669913168,10,8.1046078307911138,7.5573019471386562,1.5192129694010852,7.0179038452207019,9.1913118163615266,,,,,,,,
development-pilot-v2-retry,local-x86-64,x86_64,36f84685dc00064dae9a239face7e8eff797ed28,bf920ab8461c6c60c8cc32db3d853f55655e60793cf7f64068847ad56c2b2e67,b1d7dba75560d44d8e234e4205e09487f93678fb8688cac6a0905486c969c2ca,1297748005,afea077ce127d4fa9ad410d3066ba2b54dea19c0b44f04adf56c72d5f7b7a9bb,gnu-time-v1-monotonic-wall,3b11dec50514a8473e9f6efa7a34d584d0657538c09988f61b72d38ad4991a10,development,gzip-6,gzip-6,,1,dev-synthetic-piecewise-mixed,file,65536,10,10,0,0,0,10,true,true,true,true,complete,confirmed,10,12684,12684,0,12684,12684,10,5.1668243456322926,5.1668243456322926,0,5.1668243456322926,5.1668243456322926,1.54833984375,10,9644587.5,9107417.5,1133042.6175275187,8834113.9501502439,10455061.049849756,10,0,0,0,0,0,10,9031603.5,8940739.5,711517.1137650169,8522650.1808120925,9540556.8191879075,10,0,0,0,0,0,10,1691648,1691648,0,1691648,1691648,10,1691648,1691648,0,1691648,1691648,10,1560576,1560576,0,1560576,1560576,,,,,,,10,6.8778921194518983,7.1958962904905075,0.78565807761631234,6.3159052345072437,7.4398790043965528,10,7.2967055032824906,7.331149180856638,0.57324838020777136,6.8866568056735229,7.7067542008914582,,,,,,,,
development-pilot-v2-retry,local-x86-64,x86_64,36f84685dc00064dae9a239face7e8eff797ed28,bf920ab8461c6c60c8cc32db3d853f55655e60793cf7f64068847ad56c2b2e67,b1d7dba75560d44d8e234e4205e09487f93678fb8688cac6a0905486c969c2ca,1297748005,afea077ce127d4fa9ad410d3066ba2b54dea19c0b44f04adf56c72d5f7b7a9bb,gnu-time-v1-monotonic-wall,3b11dec50514a8473e9f6efa7a34d584d0657538c09988f61b72d38ad4991a10,development,gzip-6,gzip-6,,1,dev-synthetic-polynomial-d2,file,65536,10,10,0,0,0,10,true,true,true,true,complete,confirmed,10,594,594,0,594,594,10,110.32996632996633,110.32996632996633,0,110.32996632996633,110.32996632996633,0.072509765625,10,9162064.3000000007,8929618,530094.15221261512,8782884.1326768417,9541244.4673231598,10,0,0,0,0,0,10,8936538,8994255,865784.07943410205,8317236.4085086128,9555839.5914913882,10,0,0,0,0,0,10,1691238.3999999999,1691648,1295.2689296049682,1690311.8847999999,1692164.9151999999,10,1691238.3999999999,1691648,1295.2689296049682,1690311.8847999999,1692164.9151999999,10,1560576,1560576,0,1560576,1560576,,,,,,,10,7.1733676226929131,7.339189118004013,0.39198792684584877,6.8929758336688911,7.453759411716935,10,7.3966192819247123,7.2864289651437115,0.73509658829351099,6.8707993946756636,7.922439169173761,,,,,,,,
development-pilot-v2-retry,local-x86-64,x86_64,36f84685dc00064dae9a239face7e8eff797ed28,bf920ab8461c6c60c8cc32db3d853f55655e60793cf7f64068847ad56c2b2e67,b1d7dba75560d44d8e234e4205e09487f93678fb8688cac6a0905486c969c2ca,1297748005,afea077ce127d4fa9ad410d3066ba2b54dea19c0b44f04adf56c72d5f7b7a9bb,gnu-time-v1-monotonic-wall,3b11dec50514a8473e9f6efa7a34d584d0657538c09988f61b72d38ad4991a10,development,gzip-6,gzip-6,,1,dev-synthetic-random,file,65536,10,10,0,0,0,10,true,true,true,true,complete,confirmed,10,65564,65564,0,65564,65564,10,0.99957293636751887,0.99957293636751876,0,0.99957293636751887,0.99957293636751887,8.00341796875,10,9273574.3000000007,8995587,687407.59932291997,8781866.690243287,9765281.9097567145,10,0,0,0,0,0,10,7758887.7000000002,8752235,1451219.7794719716,6720819.7331944508,8796955.6668055505,10,0,0,0,0,0,10,1822720,1822720,0,1822720,1822720,10,1822720,1822720,0,1822720,1822720,10,1560576,1560576,0,1560576,1560576,,,,,,,10,7.0986519135523904,7.2853597449041594,0.47517167951135247,6.7587581867638802,7.4385456403409007,10,8.7630531481320926,7.4880425824602952,1.8914359121538837,7.4100954091003235,10.116010887163862,,,,,,,,
development-pilot-v2-retry,local-x86-64,x86_64,36f84685dc00064dae9a239face7e8eff797ed28,bf920ab8461c6c60c8cc32db3d853f55655e60793cf7f64068847ad56c2b2e67,b1d7dba75560d44d8e234e4205e09487f93678fb8688cac6a0905486c969c2ca,1297748005,afea077ce127d4fa9ad410d3066ba2b54dea19c0b44f04adf56c72d5f7b7a9bb,gnu-time-v1-monotonic-wall,3b11dec50514a8473e9f6efa7a34d584d0657538c09988f61b72d38ad4991a10,development,gzip-6,gzip-6,,1,dev-synthetic-recurrence,file,65536,10,10,0,0,0,10,true,true,true,true,complete,confirmed,10,785,785,0,785,785,10,83.485350318471333,83.485350318471333,0,83.485350318471333,83.485350318471333,0.0958251953125,10,9452206.0999999996,9312410.5,1284545.1322435287,8533361.7095361501,10371050.490463849,10,0,0,0,0,0,10,9188733.9000000004,8919297,821547.3252805681,8601075.1775569823,9776392.6224430185,10,0,0,0,0,0,10,1690828.8,1691648,1727.0252394732909,1689593.4464,1692064.1536000001,10,1690828.8,1691648,1727.0252394732909,1689593.4464,1692064.1536000001,10,1560576,1560576,0,1560576,1560576,,,,,,,10,7.0625006779640218,7.0380210014179125,1.073087372709246,6.2949135468140431,7.8300878091140005,10,7.1757639084947069,7.3485914481891212,0.54260591122580204,6.7876339897805451,7.5638938272088687,,,,,,,,
development-pilot-v2-retry,local-x86-64,x86_64,36f84685dc00064dae9a239face7e8eff797ed28,bf920ab8461c6c60c8cc32db3d853f55655e60793cf7f64068847ad56c2b2e67,b1d7dba75560d44d8e234e4205e09487f93678fb8688cac6a0905486c969c2ca,1297748005,afea077ce127d4fa9ad410d3066ba2b54dea19c0b44f04adf56c72d5f7b7a9bb,gnu-time-v1-monotonic-wall,3b11dec50514a8473e9f6efa7a34d584d0657538c09988f61b72d38ad4991a10,development,gzip-6,gzip-6,,1,__aggregate__,corpus,10180361,110,110,0,0,0,10,true,true,true,true,complete,confirmed,10,6380035,6380035,0,6380035,6380035,10,1.5956591147227248,1.5956591147227248,0,1.5956591147227248,1.5956591147227248,5.0136021699034048,10,742440551.79999995,741294974.5,15798780.177208344,731139570.48169839,753741533.11830151,10,598000000,590000000,16193277.068654826,586416832.21221411,609583167.78778589,10,264012982.40000001,264732582.5,4202010.0906076208,261007254.29943582,267018710.50056419,10,117000000,120000000,4830458.9153964799,113544737.92600329,120455262.07399671,10,2032435.2,2084864,67685.289753879813,1984019.4244494357,2080850.9755505642,10,2032435.2,2084864,67685.289753879813,1984019.4244494357,2080850.9755505642,10,1821900.8,1822720,1727.0252394732909,1820665.4464,1823136.1536000001,,,,,,,10,13.717490403694232,13.733212570499141,0.28567546830357798,13.51314468243069,13.921836124957773,10,38.568860092809736,38.455571290623745,0.61319331993568993,38.130238491940986,39.007481693678486,1.428742462487169,7.9789425736952371,6.0829448830517183,14.66665114699833,7.4442161470557391,46.892403546046253,10000,1297748005
development-pilot-v2-retry,local-x86-64,x86_64,36f84685dc00064dae9a239face7e8eff797ed28,d7ca26461dd4e013ff9ba35010b5f6f5433079b6b0745758edbcdcc2eebf07cb,b1d7dba75560d44d8e234e4205e09487f93678fb8688cac6a0905486c969c2ca,1297748005,81128211b782e3a4331d1c5fcd6db21eecf78dc823faab718e7ebe3f2ceeeee8,gnu-time-v1-monotonic-wall,3b11dec50514a8473e9f6efa7a34d584d0657538c09988f61b72d38ad4991a10,development,mathsvg,fast-ablation-no-coordinate-v1,fast,1,dev-canterbury-alice29-txt,file,152089,10,10,0,0,0,10,true,true,true,true,complete,confirmed,10,80481,80481,0,80481,80481,10,1.8897503758651113,1.8897503758651111,0,1.8897503758651113,1.8897503758651113,4.2333633596118059,10,762018905.20000005,769746842.5,17004967.527611166,749855129.3772887,774182681.0227114,10,717000000,715000000,8232726.0234856457,711111071.74436641,722888928.25563359,10,66341015.100000001,65489170,1757852.6654979079,65083610.419999652,67598419.780000344,10,31000000,30000000,3162277.6601683795,28738000,33262000,10,5980569.5999999996,5988352,34726.200531843067,5955729.6984972181,6005409.5015027812,10,5980569.5999999996,5988352,34726.200531843067,5955729.6984972181,6005409.5015027812,10,3572121.6000000001,3579904,44260.813235487061,3540461.5213169218,3603781.6786830784,,,,,,,10,0.19967934434329712,0.19758316254456085,0.0046023329151988262,0.19638726244128432,0.20297142624530992,10,2.2939120935644635,2.3223536492225101,0.057824276081567011,2.2525499721593683,2.3352742149695587,,,,,,,,
development-pilot-v2-retry,local-x86-64,x86_64,36f84685dc00064dae9a239face7e8eff797ed28,d7ca26461dd4e013ff9ba35010b5f6f5433079b6b0745758edbcdcc2eebf07cb,b1d7dba75560d44d8e234e4205e09487f93678fb8688cac6a0905486c969c2ca,1297748005,81128211b782e3a4331d1c5fcd6db21eecf78dc823faab718e7ebe3f2ceeeee8,gnu-time-v1-monotonic-wall,3b11dec50514a8473e9f6efa7a34d584d0657538c09988f61b72d38ad4991a10,development,mathsvg,fast-ablation-no-coordinate-v1,fast,1,dev-canterbury-kennedy-xls,file,1029744,10,10,0,0,0,10,true,true,true,true,complete,confirmed,10,261046,261046,0,261046,261046,10,3.9446840786681276,3.9446840786681276,0,3.9446840786681276,3.9446840786681276,2.0280458055594401,10,927498160.5,921998074,17513690.754725099,914970491.28670299,940025829.71329701,10,889000000,880000000,22335820.757001273,873023026.44428551,904976973.55571449,10,167296416,166683007.5,2578994.0854024203,165451642.94459736,169141189.05540264,10,116000000,110000000,10749676.997731399,108310678.57350208,123689321.42649792,10,18050662.399999999,18071552,64776.397874534516,18004327.375774328,18096997.424225669,10,18050662.399999999,18071552,64776.397874534516,18004327.375774328,18096997.424225669,10,4765286.4000000004,4769792,53062.130298568132,4727330.6757929837,4803242.124207017,,,,,,,10,1.1105792256502975,1.1168614676011783,0.020060582163977745,1.0962297466572033,1.1249287046433918,10,6.1564863526556408,6.17794645217257,0.092252344619597734,6.0904975857114954,6.2224751195997863,,,,,,,,
development-pilot-v2-retry,local-x86-64,x86_64,36f84685dc00064dae9a239face7e8eff797ed28,d7ca26461dd4e013ff9ba35010b5f6f5433079b6b0745758edbcdcc2eebf07cb,b1d7dba75560d44d8e234e4205e09487f93678fb8688cac6a0905486c969c2ca,1297748005,81128211b782e3a4331d1c5fcd6db21eecf78dc823faab718e7ebe3f2ceeeee8,gnu-time-v1-monotonic-wall,3b11dec50514a8473e9f6efa7a34d584d0657538c09988f61b72d38ad4991a10,development,mathsvg,fast-ablation-no-coordinate-v1,fast,1,dev-silesia-x-ray,file,8474240,10,10,0,0,0,10,true,true,true,true,complete,confirmed,10,6832574,6832574,0,6832574,6832574,10,1.2402705042052966,1.2402705042052966,0,1.2402705042052966,1.2402705042052966,6.4502058001661506,10,12497166956.5,12470650652.5,87291924.587655619,12434726413.753111,12559607499.246889,10,12421000000,12415000000,68223488.949513897,12372199246.686142,12469800753.313858,10,1951439266.5999999,1928509025.5,55461825.684501313,1911767022.9894683,1991111510.2105315,10,1900000000,1890000000,46427960.923947066,1866789744.9573178,1933210255.0426822,10,21527756.800000001,21524480,86130.78478788973,21466146.828919906,21589366.771080095,10,21527756.800000001,21524480,86130.78478788973,21466146.828919906,21589366.771080095,10,7292518.4000000004,7299072,51384.44289255044,7255762.7376851486,7329274.0623148521,,,,,,,10,0.67812247596300579,0.67953603396789675,0.0047071843184530197,0.67475539309660948,0.6814895588294021,10,4.3456306513360561,4.3941925585975117,0.12016243448085158,4.2596775959736712,4.4315837066984409,,,,,,,,
development-pilot-v2-retry,local-x86-64,x86_64,36f84685dc00064dae9a239face7e8eff797ed28,d7ca26461dd4e013ff9ba35010b5f6f5433079b6b0745758edbcdcc2eebf07cb,b1d7dba75560d44d8e234e4205e09487f93678fb8688cac6a0905486c969c2ca,1297748005,81128211b782e3a4331d1c5fcd6db21eecf78dc823faab718e7ebe3f2ceeeee8,gnu-time-v1-monotonic-wall,3b11dec50514a8473e9f6efa7a34d584d0657538c09988f61b72d38ad4991a10,development,mathsvg,fast-ablation-no-coordinate-v1,fast,1,dev-synthetic-constant-00,file,65536,10,10,0,0,0,10,true,true,true,true,complete,confirmed,10,485,485,0,485,485,10,135.12577319587629,135.12577319587629,0,135.12577319587629,135.12577319587629,0.0592041015625,10,216599982.09999999,215738447.5,2006716.398582102,215164563.39823076,218035400.80176923,10,164000000,160000000,6992058.9878010107,158998529.81614405,169001470.18385595,10,10419661.199999999,9098796,2874334.7527736183,8363628.836786286,12475693.563213712,10,0,0,0,0,0,10,5217075.2000000002,5197824,74308.509691839616,5163921.7874960545,5270228.6125039458,10,5217075.2000000002,5197824,74308.509691839616,5163921.7874960545,5270228.6125039458,10,3149414.3999999999,3143680,58675.984326733807,3107443.0455491054,3191385.7544508944,,,,,,,10,0.30258992872734825,0.30377524688068114,0.002753670589595835,0.30062020830964964,0.30455964914504685,10,6.5851381642402895,7.2032834056308204,1.2143418762332794,5.7165106687364888,7.4537656597440902,,,,,,,,
development-pilot-v2-retry,local-x86-64,x86_64,36f84685dc00064dae9a239face7e8eff797ed28,d7ca26461dd4e013ff9ba35010b5f6f5433079b6b0745758edbcdcc2eebf07cb,b1d7dba75560d44d8e234e4205e09487f93678fb8688cac6a0905486c969c2ca,1297748005,81128211b782e3a4331d1c5fcd6db21eecf78dc823faab718e7ebe3f2ceeeee8,gnu-time-v1-monotonic-wall,3b11dec50514a8473e9f6efa7a34d584d0657538c09988f61b72d38ad4991a10,development,mathsvg,fast-ablation-no-coordinate-v1,fast,1,dev-synthetic-lfsr8,file,65536,10,10,0,0,0,10,true,true,true,true,complete,confirmed,10,753,753,0,753,753,10,87.033200531208493,87.033200531208493,0,87.033200531208493,87.033200531208493,0.0919189453125,10,167109965.80000001,167080216,1172035.3593048481,166271600.46094677,167948331.13905326,10,116000000,115000000,6992058.9878010107,110998529.81614405,121001470.18385595,10,10571569.300000001,9121982,3269521.0485034874,8232857.3314497452,12910281.268550256,10,0,0,0,0,0,10,5187584,5187584,58669.629985765772,5145617.1908549946,5229550.8091450054,10,5187584,5187584,58669.629985765772,5145617.1908549946,5229550.8091450054,10,3166208,3158016,57473.884651108187,3125096.5161102884,3207319.4838897116,,,,,,,10,0.39219025070593899,0.39224285686210847,0.002748725570141363,0.39022406749629363,0.39415643391558436,10,6.5516616209905365,7.1849227981654291,1.2901297422334537,5.6288225187541174,7.4745007232269556,,,,,,,,
development-pilot-v2-retry,local-x86-64,x86_64,36f84685dc00064dae9a239face7e8eff797ed28,d7ca26461dd4e013ff9ba35010b5f6f5433079b6b0745758edbcdcc2eebf07cb,b1d7dba75560d44d8e234e4205e09487f93678fb8688cac6a0905486c969c2ca,1297748005,81128211b782e3a4331d1c5fcd6db21eecf78dc823faab718e7ebe3f2ceeeee8,gnu-time-v1-monotonic-wall,3b11dec50514a8473e9f6efa7a34d584d0657538c09988f61b72d38ad4991a10,development,mathsvg,fast-ablation-no-coordinate-v1,fast,1,dev-synthetic-linear,file,65536,10,10,0,0,0,10,true,true,true,true,complete,confirmed,10,489,489,0,489,489,10,134.02044989775052,134.02044989775052,0,134.02044989775052,134.02044989775052,0.0596923828125,10,166933836.30000001,166671636.5,1418371.6279448415,165919264.85270959,167948407.74729043,10,143000000,140000000,4830458.9153964799,139544737.92600331,146455262.07399669,10,15709441.300000001,17060525,3301653.4853268107,13347744.767820222,18071137.832179777,10,0,0,0,0,0,10,5203148.7999999998,5197824,33999.267380342186,5178828.8790192977,5227468.720980702,10,5203148.7999999998,5197824,33999.267380342186,5178828.8790192977,5227468.720980702,10,3170713.6000000001,3186688,71948.014496888267,3119248.666720455,3222178.5332795451,,,,,,,10,0.3926121617457824,0.39321058308655932,0.0033327540032937653,0.3902282187889678,0.394996104702597,10,4.4212698819952809,3.8413934489254826,1.3202940397830047,3.4768540403357169,5.3656857236548454,,,,,,,,
development-pilot-v2-retry,local-x86-64,x86_64,36f84685dc00064dae9a239face7e8eff797ed28,d7ca26461dd4e013ff9ba35010b5f6f5433079b6b0745758edbcdcc2eebf07cb,b1d7dba75560d44d8e234e4205e09487f93678fb8688cac6a0905486c969c2ca,1297748005,81128211b782e3a4331d1c5fcd6db21eecf78dc823faab718e7ebe3f2ceeeee8,gnu-time-v1-monotonic-wall,3b11dec50514a8473e9f6efa7a34d584d0657538c09988f61b72d38ad4991a10,development,mathsvg,fast-ablation-no-coordinate-v1,fast,1,dev-synthetic-periodic,file,65536,10,10,0,0,0,10,true,true,true,true,complete,confirmed,10,500,500,0,500,500,10,131.072,131.072,0,131.072,131.072,0.06103515625,10,166943908.69999999,166197611.5,1679305.9285117402,165742689.06703097,168145128.33296901,10,112000000,110000000,4216370.2135578394,108984000,115016000,10,10834817,9596292,3042439.7917650454,8658537.8909080774,13011096.109091923,10,0,0,0,0,0,10,5179801.5999999996,5183488,40511.536033853641,5150823.4063192783,5208779.793680721,10,5179801.5999999996,5183488,40511.536033853641,5150823.4063192783,5208779.793680721,10,3132620.7999999998,3129344,70755.362018719112,3082008.979633214,3183232.6203667857,,,,,,,10,0.39259817106147893,0.39432576322617718,0.0038861514199760088,0.38981837894432575,0.39537796317863211,10,6.3638268120328449,6.8394728167502894,1.2786377360282672,5.4492080246547827,7.2784455994109072,,,,,,,,
development-pilot-v2-retry,local-x86-64,x86_64,36f84685dc00064dae9a239face7e8eff797ed28,d7ca26461dd4e013ff9ba35010b5f6f5433079b6b0745758edbcdcc2eebf07cb,b1d7dba75560d44d8e234e4205e09487f93678fb8688cac6a0905486c969c2ca,1297748005,81128211b782e3a4331d1c5fcd6db21eecf78dc823faab718e7ebe3f2ceeeee8,gnu-time-v1-monotonic-wall,3b11dec50514a8473e9f6efa7a34d584d0657538c09988f61b72d38ad4991a10,development,mathsvg,fast-ablation-no-coordinate-v1,fast,1,dev-synthetic-piecewise-mixed,file,65536,10,10,0,0,0,10,true,true,true,true,complete,confirmed,10,13203,13203,0,13203,13203,10,4.9637203665833525,4.9637203665833525,0,4.9637203665833525,4.9637203665833525,1.6116943359375,10,171749040.90000001,166345205,16436351.74649024,159992000.04338488,183506081.75661513,10,144000000,140000000,6992058.9878010107,138998529.81614405,149001470.18385595,10,9922238.5,8991033.5,1670744.2273637785,8727143.1135639977,11117333.886436002,10,0,0,0,0,0,10,5267865.5999999996,5283840,65577.231474210785,5220957.7337290896,5314773.4662709096,10,5267865.5999999996,5283840,65577.231474210785,5220957.7337290896,5314773.4662709096,10,3178905.6000000001,3205120,58133.385785909057,3137322.3701957189,3220488.8298042812,,,,,,,10,0.38413393668484752,0.39397646132151054,0.029658064615649505,0.36291930932760685,0.40534856404208819,10,6.7512249670589624,7.2890418416975704,0.96854801226769704,6.0584155938197775,7.4440343402981473,,,,,,,,
development-pilot-v2-retry,local-x86-64,x86_64,36f84685dc00064dae9a239face7e8eff797ed28,d7ca26461dd4e013ff9ba35010b5f6f5433079b6b0745758edbcdcc2eebf07cb,b1d7dba75560d44d8e234e4205e09487f93678fb8688cac6a0905486c969c2ca,1297748005,81128211b782e3a4331d1c5fcd6db21eecf78dc823faab718e7ebe3f2ceeeee8,gnu-time-v1-monotonic-wall,3b11dec50514a8473e9f6efa7a34d584d0657538c09988f61b72d38ad4991a10,development,mathsvg,fast-ablation-no-coordinate-v1,fast,1,dev-synthetic-polynomial-d2,file,65536,10,10,0,0,0,10,true,true,true,true,complete,confirmed,10,754,754,0,754,754,10,86.91777188328912,86.91777188328912,0,86.91777188328912,86.91777188328912,0.092041015625,10,161589931,166199423,15495722.814315876,150505728.79742801,172674133.20257199,10,109000000,110000000,8755950.3577091321,102736805.60735977,115263194.39264023,10,10919958.5,10095896,2644141.8344596438,9028584.790194504,12811332.209805496,10,0,0,0,0,0,10,5216665.5999999996,5224448,36339.4181669315,5190671.7522968156,5242659.4477031836,10,5216665.5999999996,5224448,36339.4181669315,5190671.7522968156,5242659.4477031836,10,3115827.2000000002,3092480,83543.451386156594,3056067.9671483776,3175586.4328516228,,,,,,,10,0.41004324370869433,0.39432402179625181,0.051839752360047578,0.37296189525044926,0.44712459216693939,10,6.2442577978379976,6.4914250617351605,1.1420281629534876,5.4273568225886457,7.0611587730873495,,,,,,,,
development-pilot-v2-retry,local-x86-64,x86_64,36f84685dc00064dae9a239face7e8eff797ed28,d7ca26461dd4e013ff9ba35010b5f6f5433079b6b0745758edbcdcc2eebf07cb,b1d7dba75560d44d8e234e4205e09487f93678fb8688cac6a0905486c969c2ca,1297748005,81128211b782e3a4331d1c5fcd6db21eecf78dc823faab718e7ebe3f2ceeeee8,gnu-time-v1-monotonic-wall,3b11dec50514a8473e9f6efa7a34d584d0657538c09988f61b72d38ad4991a10,development,mathsvg,fast-ablation-no-coordinate-v1,fast,1,dev-synthetic-random,file,65536,10,10,0,0,0,10,true,true,true,true,complete,confirmed,10,66024,66024,0,66024,66024,10,0.99260874833393919,0.99260874833393919,0,0.99260874833393919,0.99260874833393919,8.0595703125,10,167577158.30000001,167531912,2096703.4352878304,166077371.22236291,169076945.37763712,10,117000000,120000000,4830458.9153964799,113544737.92600329,120455262.07399671,10,16024446.9,17037428.5,2649933.9524736358,14128930.046436863,17919963.753563136,10,0,0,0,0,0,10,5480448,5480448,58343.043397554167,5438714.8005951634,5522181.1994048366,10,5480448,5480448,58343.043397554167,5438714.8005951634,5522181.1994048366,10,3306700.7999999998,3315712,86460.211710743955,3244855.1874678954,3368546.4125321042,,,,,,,10,0.39113439055075372,0.39118829468919231,0.0048701430777021342,0.38765074210946676,0.39461803899204068,10,4.2229641281846177,3.8465919780900686,0.89737388823355013,3.5810661187997592,4.8648621375694763,,,,,,,,
development-pilot-v2-retry,local-x86-64,x86_64,36f84685dc00064dae9a239face7e8eff797ed28,d7ca26461dd4e013ff9ba35010b5f6f5433079b6b0745758edbcdcc2eebf07cb,b1d7dba75560d44d8e234e4205e09487f93678fb8688cac6a0905486c969c2ca,1297748005,81128211b782e3a4331d1c5fcd6db21eecf78dc823faab718e7ebe3f2ceeeee8,gnu-time-v1-monotonic-wall,3b11dec50514a8473e9f6efa7a34d584d0657538c09988f61b72d38ad4991a10,development,mathsvg,fast-ablation-no-coordinate-v1,fast,1,dev-synthetic-recurrence,file,65536,10,10,0,0,0,10,true,true,true,true,complete,confirmed,10,882,882,0,882,882,10,74.303854875283449,74.303854875283449,0,74.303854875283449,74.303854875283449,0.107666015625,10,167751723.40000001,167017362.5,2472431.1862969659,165983175.55429757,169520271.24570245,10,111000000,110000000,8755950.3577091321,104736805.60735977,117263194.39264023,10,10249030.5,9024266,2666750.1871802378,8341484.8725611661,12156576.127438834,10,0,0,0,0,0,10,5177344,5187584,42038.078991948874,5147273.8591399705,5207414.1408600295,10,5177344,5187584,42038.078991948874,5147273.8591399705,5207414.1408600295,10,3152281.6000000001,3166208,73174.733980763849,3099939.1854330027,3204624.0145669975,,,,,,,10,0.39074709069703378,0.39239125136390801,0.005617160875353939,0.3867290950415308,0.39476508635253676,10,6.6686707114969836,7.262599248723185,1.1880548154197328,5.8188465400368647,7.5184948829571026,,,,,,,,
development-pilot-v2-retry,local-x86-64,x86_64,36f84685dc00064dae9a239face7e8eff797ed28,d7ca26461dd4e013ff9ba35010b5f6f5433079b6b0745758edbcdcc2eebf07cb,b1d7dba75560d44d8e234e4205e09487f93678fb8688cac6a0905486c969c2ca,1297748005,81128211b782e3a4331d1c5fcd6db21eecf78dc823faab718e7ebe3f2ceeeee8,gnu-time-v1-monotonic-wall,3b11dec50514a8473e9f6efa7a34d584d0657538c09988f61b72d38ad4991a10,development,mathsvg,fast-ablation-no-coordinate-v1,fast,1,__aggregate__,corpus,10180361,110,110,0,0,0,10,true,true,true,true,complete,confirmed,10,7257191,7257191,0,7257191,7257191,10,1.402796343654177,1.402796343654177,0,1.402796343654177,1.402796343654177,5.7028948187593738,10,15572939568.700001,15561921003,81093536.927871689,15514932777.316261,15630946360.08374,10,15043000000,15045000000,67995097.862517506,14994362616.476624,15091637383.523376,10,2279727860.9000001,2256872916.5,60117508.509108536,2236725373.8127775,2322730347.9872227,10,2047000000,2035000000,49676732.760697715,2011465875.0494683,2082534124.9505317,10,21527756.800000001,21524480,86130.78478788973,21466146.828919906,21589366.771080095,10,21527756.800000001,21524480,86130.78478788973,21466146.828919906,21589366.771080095,10,7292518.4000000004,7299072,51384.44289255044,7255762.7376851486,7329274.0623148521,,,,,,,10,0.6537371364991994,0.65418415313708367,0.0033969488384516249,0.65130727451416159,0.65616699848423721,10,4.4683278033776359,4.5108259989165731,0.11483883771528319,4.3861827551473871,4.5504728516078847,1.2626036944084,7.1943720561931226,0.28943134067655452,0.78690706395380572,3.8646667004826099,6.2134454089995792,10000,1297748005
development-pilot-v2-retry,local-x86-64,x86_64,36f84685dc00064dae9a239face7e8eff797ed28,dbdf165176991179ee1260cc32982768b62a646f6143c7cf178d1c08ffab9184,b1d7dba75560d44d8e234e4205e09487f93678fb8688cac6a0905486c969c2ca,1297748005,81128211b782e3a4331d1c5fcd6db21eecf78dc823faab718e7ebe3f2ceeeee8,gnu-time-v1-monotonic-wall,3b11dec50514a8473e9f6efa7a34d584d0657538c09988f61b72d38ad4991a10,development,mathsvg,fast-v1,fast,1,dev-canterbury-alice29-txt,file,152089,10,10,0,0,0,10,true,true,true,true,complete,confirmed,10,80481,80481,0,80481,80481,10,1.8897503758651113,1.8897503758651111,0,1.8897503758651113,1.8897503758651113,4.2333633596118059,10,530509521.80000001,520502989,21798190.744117968,514917118.86705536,546101924.73294473,10,498000000,490000000,15491933.384829668,486918508.40364891,509081491.59635109,10,66416064.399999999,65735490,1816714.35215961,65116555.53133025,67715573.268669754,10,31000000,30000000,3162277.6601683795,28738000,33262000,10,5705318.4000000004,5687296,68985.147134405357,5655972.8270974252,5754663.9729025755,10,5705318.4000000004,5687296,68985.147134405357,5655972.8270974252,5754663.9729025755,10,3574169.6000000001,3577856,45496.545224640715,3541625.5933194933,3606713.6066805068,,,,,,,10,0.28709730160032593,0.29219621138355695,0.011155796478169999,0.27911747998267677,0.29507712321797508,10,2.2914092919873363,2.3136638136786942,0.059578429880978508,2.2487924117278091,2.3340261722468636,,,,,,,,
development-pilot-v2-retry,local-x86-64,x86_64,36f84685dc00064dae9a239face7e8eff797ed28,dbdf165176991179ee1260cc32982768b62a646f6143c7cf178d1c08ffab9184,b1d7dba75560d44d8e234e4205e09487f93678fb8688cac6a0905486c969c2ca,1297748005,81128211b782e3a4331d1c5fcd6db21eecf78dc823faab718e7ebe3f2ceeeee8,gnu-time-v1-monotonic-wall,3b11dec50514a8473e9f6efa7a34d584d0657538c09988f61b72d38ad4991a10,development,mathsvg,fast-v1,fast,1,dev-canterbury-kennedy-xls,file,1029744,10,10,0,0,0,10,true,true,true,true,complete,confirmed,10,261046,261046,0,261046,261046,10,3.9446840786681276,3.9446840786681276,0,3.9446840786681276,3.9446840786681276,2.0280458055594401,10,987543173,972189357,34436719.219662391,962910339.56603503,1012176006.433965,10,939000000,920000000,36040101.122068025,913220255.93610358,964779744.06389642,10,172101990,167348113.5,15835555.764661757,160774702.83896127,183429277.16103873,10,118000000,110000000,18737959.096740261,104596602.81868809,131403397.18131191,10,18049433.600000001,18067456,52069.166553729279,18012188.149915691,18086679.050084312,10,18049433.600000001,18067456,52069.166553729279,18012188.149915691,18086679.050084312,10,4812390.4000000004,4808704,48558.670719496062,4777656.0328851119,4847124.7671148889,,,,,,,10,1.0438069455765426,1.0592011601087179,0.034224351602673841,1.0193260202294856,1.0682878709235997,10,6.0206103977384,6.1533183420128994,0.45019150989857032,5.698585166299253,6.342635629177547,,,,,,,,
development-pilot-v2-retry,local-x86-64,x86_64,36f84685dc00064dae9a239face7e8eff797ed28,dbdf165176991179ee1260cc32982768b62a646f6143c7cf178d1c08ffab9184,b1d7dba75560d44d8e234e4205e09487f93678fb8688cac6a0905486c969c2ca,1297748005,81128211b782e3a4331d1c5fcd6db21eecf78dc823faab718e7ebe3f2ceeeee8,gnu-time-v1-monotonic-wall,3b11dec50514a8473e9f6efa7a34d584d0657538c09988f61b72d38ad4991a10,development,mathsvg,fast-v1,fast,1,dev-silesia-x-ray,file,8474240,10,10,0,0,0,10,true,true,true,true,complete,confirmed,10,6832574,6832574,0,6832574,6832574,10,1.2402705042052966,1.2402705042052966,0,1.2402705042052966,1.2402705042052966,6.4502058001661506,10,12277673127.700001,12287105600.5,102211309.74549507,12204560641.229727,12350785614.170275,10,12205000000,12205000000,81274568.93491073,12146863715.116978,12263136284.883022,10,1907388863.5999999,1905479352.5,33834449.817386925,1883186837.8098755,1931590889.3901243,10,1869000000,1860000000,20789954.839350235,1854128795.4758198,1883871204.5241802,10,22515712,22530048,47257.103837530194,22481908.653055824,22549515.346944176,10,22515712,22530048,47257.103837530194,22481908.653055824,22549515.346944176,10,7269990.4000000004,7286784,45914.598954532485,7237147.356473702,7302833.4435262987,,,,,,,10,0.69025861656466281,0.68968592465500345,0.0057579709990213113,0.68613989841292,0.69437733471640561,10,4.4440944320315108,4.4476637394747591,0.078044905601383302,4.3882683486062719,4.4999205154567496,,,,,,,,
development-pilot-v2-retry,local-x86-64,x86_64,36f84685dc00064dae9a239face7e8eff797ed28,dbdf165176991179ee1260cc32982768b62a646f6143c7cf178d1c08ffab9184,b1d7dba75560d44d8e234e4205e09487f93678fb8688cac6a0905486c969c2ca,1297748005,81128211b782e3a4331d1c5fcd6db21eecf78dc823faab718e7ebe3f2ceeeee8,gnu-time-v1-monotonic-wall,3b11dec50514a8473e9f6efa7a34d584d0657538c09988f61b72d38ad4991a10,development,mathsvg,fast-v1,fast,1,dev-synthetic-constant-00,file,65536,10,10,0,0,0,10,true,true,true,true,complete,confirmed,10,485,485,0,485,485,10,135.12577319587629,135.12577319587629,0,135.12577319587629,135.12577319587629,0.0592041015625,10,178111324,169394382,20512614.810606647,163438502.79709473,192784145.20290527,10,142000000,140000000,4216370.2135578394,138984000,145016000,10,10294832.199999999,9056323,2639567.1863056473,8406730.7689873111,12182933.631012687,10,0,0,0,0,0,10,5289164.7999999998,5300224,77404.887834181514,5233796.5258960761,5344533.0741039235,10,5289164.7999999998,5300224,77404.887834181514,5233796.5258960761,5344533.0741039235,10,3117056,3143680,88525.838076299013,3053732.8300422025,3180379.1699577975,,,,,,,10,0.37177460677189644,0.38688535117911066,0.036915270310359724,0.34536884788050692,0.39818036566328596,10,6.6339474983545657,7.2370144750330763,1.1798231940500779,5.7900114649832348,7.4778835317258965,,,,,,,,
development-pilot-v2-retry,local-x86-64,x86_64,36f84685dc00064dae9a239face7e8eff797ed28,dbdf165176991179ee1260cc32982768b62a646f6143c7cf178d1c08ffab9184,b1d7dba75560d44d8e234e4205e09487f93678fb8688cac6a0905486c969c2ca,1297748005,81128211b782e3a4331d1c5fcd6db21eecf78dc823faab718e7ebe3f2ceeeee8,gnu-time-v1-monotonic-wall,3b11dec50514a8473e9f6efa7a34d584d0657538c09988f61b72d38ad4991a10,development,mathsvg,fast-v1,fast,1,dev-synthetic-lfsr8,file,65536,10,10,0,0,0,10,true,true,true,true,complete,confirmed,10,753,753,0,753,753,10,87.033200531208493,87.033200531208493,0,87.033200531208493,87.033200531208493,0.0919189453125,10,117001094.90000001,117037322,1601166.386406516,115855769.04462945,118146420.75537056,10,93000000,90000000,4830458.9153964799,89544737.926003292,96455262.073996708,10,9219544.5999999996,8955180,575188.46971853974,8808108.1423822772,9630981.0576177221,10,0,0,0,0,0,10,4695244.7999999998,4716544,71833.922356131065,4643861.4776509693,4746628.1223490303,10,4695244.7999999998,4716544,71833.922356131065,4643861.4776509693,4746628.1223490303,10,3158016,3143680,36939.77397512515,3131592.7134606126,3184439.2865393874,,,,,,,10,0.56022534729160622,0.55996450843235357,0.0076193955497508292,0.55477513874394235,0.56567555583927009,10,7.1312397600944006,7.3182239275037722,0.40771501460706616,6.8395982718539035,7.4228812483348978,,,,,,,,
development-pilot-v2-retry,local-x86-64,x86_64,36f84685dc00064dae9a239face7e8eff797ed28,dbdf165176991179ee1260cc32982768b62a646f6143c7cf178d1c08ffab9184,b1d7dba75560d44d8e234e4205e09487f93678fb8688cac6a0905486c969c2ca,1297748005,81128211b782e3a4331d1c5fcd6db21eecf78dc823faab718e7ebe3f2ceeeee8,gnu-time-v1-monotonic-wall,3b11dec50514a8473e9f6efa7a34d584d0657538c09988f61b72d38ad4991a10,development,mathsvg,fast-v1,fast,1,dev-synthetic-linear,file,65536,10,10,0,0,0,10,true,true,true,true,complete,confirmed,10,489,489,0,489,489,10,134.02044989775052,134.02044989775052,0,134.02044989775052,134.02044989775052,0.0596923828125,10,167062387.80000001,166096537.5,1869091.4245939448,165725413.23395056,168399362.36604947,10,104000000,100000000,5163977.7949432228,100306169.46788296,107693830.53211704,10,17767971.600000001,17688865,3061807.7396650715,15577838.458195617,19958104.741804387,10,0,0,0,0,0,10,4723916.7999999998,4737024,61426.345149292414,4679978.0926316213,4767855.5073683783,10,4723916.7999999998,4737024,61426.345149292414,4679978.0926316213,4767855.5073683783,10,3136716.7999999998,3149824,87099.278115135821,3074414.0586632551,3199019.5413367446,,,,,,,10,0.39232819640702138,0.39456582892567393,0.0043310421774143707,0.38923017072486493,0.39542622208917783,10,3.8139004527606302,3.7067582726665806,0.84166221602861757,3.2118534040029445,4.4159475015183158,,,,,,,,
development-pilot-v2-retry,local-x86-64,x86_64,36f84685dc00064dae9a239face7e8eff797ed28,dbdf165176991179ee1260cc32982768b62a646f6143c7cf178d1c08ffab9184,b1d7dba75560d44d8e234e4205e09487f93678fb8688cac6a0905486c969c2ca,1297748005,81128211b782e3a4331d1c5fcd6db21eecf78dc823faab718e7ebe3f2ceeeee8,gnu-time-v1-monotonic-wall,3b11dec50514a8473e9f6efa7a34d584d0657538c09988f61b72d38ad4991a10,development,mathsvg,fast-v1,fast,1,dev-synthetic-periodic,file,65536,10,10,0,0,0,10,true,true,true,true,complete,confirmed,10,500,500,0,500,500,10,131.072,131.072,0,131.072,131.072,0.06103515625,10,116482231.3,115852873,1485940.5043729823,115419327.34844986,117545135.25155014,10,82000000,80000000,4216370.2135578394,78984000,85016000,10,11279751.9,9026034.5,3429597.3035372356,8826536.2325977404,13732967.56740226,10,0,0,0,0,0,10,4739481.5999999996,4741120,56110.05069642653,4699345.6763668554,4779617.5236331439,10,4739481.5999999996,4741120,56110.05069642653,4699345.6763668554,4779617.5236331439,10,3160064,3158016,72792.884633962225,3107994.725022655,3212133.274977345,,,,,,,10,0.5627078987792884,0.56568308753399521,0.0070826217571852337,0.55764164839383046,0.56777414916474633,10,6.2260312645264406,7.2607867533991275,1.5334727847622387,5.1291271302615549,7.3229353987913264,,,,,,,,
development-pilot-v2-retry,local-x86-64,x86_64,36f84685dc00064dae9a239face7e8eff797ed28,dbdf165176991179ee1260cc32982768b62a646f6143c7cf178d1c08ffab9184,b1d7dba75560d44d8e234e4205e09487f93678fb8688cac6a0905486c969c2ca,1297748005,81128211b782e3a4331d1c5fcd6db21eecf78dc823faab718e7ebe3f2ceeeee8,gnu-time-v1-monotonic-wall,3b11dec50514a8473e9f6efa7a34d584d0657538c09988f61b72d38ad4991a10,development,mathsvg,fast-v1,fast,1,dev-synthetic-piecewise-mixed,file,65536,10,10,0,0,0,10,true,true,true,true,complete,confirmed,10,13203,13203,0,13203,13203,10,4.9637203665833525,4.9637203665833525,0,4.9637203665833525,4.9637203665833525,1.6116943359375,10,146537381.09999999,165764987,25742232.810701542,128123776.45318148,164950985.74681851,10,101000000,100000000,3162277.6601683795,98738000,103262000,10,12069805.800000001,10387259.5,3703245.8489279016,9420847.3559685927,14718764.244031409,10,0,0,0,0,0,10,4614553.5999999996,4620288,36288.084028905258,4588596.4719756963,4640510.728024303,10,4614553.5999999996,4620288,36288.084028905258,4588596.4719756963,4640510.728024303,10,3155558.3999999999,3155968,54994.297925027342,3116220.5823651664,3194896.2176348334,,,,,,,10,0.46097331522831031,0.39535516330267145,0.086930955419413897,0.39879097632887162,0.523155654127749,10,5.8418340607154624,6.3437768714559528,1.5055942915353637,4.7648716135685367,6.9187965078623881,,,,,,,,
development-pilot-v2-retry,local-x86-64,x86_64,36f84685dc00064dae9a239face7e8eff797ed28,dbdf165176991179ee1260cc32982768b62a646f6143c7cf178d1c08ffab9184,b1d7dba75560d44d8e234e4205e09487f93678fb8688cac6a0905486c969c2ca,1297748005,81128211b782e3a4331d1c5fcd6db21eecf78dc823faab718e7ebe3f2ceeeee8,gnu-time-v1-monotonic-wall,3b11dec50514a8473e9f6efa7a34d584d0657538c09988f61b72d38ad4991a10,development,mathsvg,fast-v1,fast,1,dev-synthetic-polynomial-d2,file,65536,10,10,0,0,0,10,true,true,true,true,complete,confirmed,10,754,754,0,754,754,10,86.91777188328912,86.91777188328912,0,86.91777188328912,86.91777188328912,0.092041015625,10,117311946.2,117603447,775062.06175302144,116757538.72156499,117866353.67843501,10,80000000,80000000,4714045.207910317,76628009.489930317,83371990.510069683,10,11199347.800000001,9181962.5,3517434.5751070655,8683301.499224335,13715394.100775667,10,0,0,0,0,0,10,4744806.4000000004,4743168,34820.015454716078,4719899.3920067893,4769713.4079932114,10,4744806.4000000004,4743168,34820.015454716078,4719899.3920067893,4769713.4079932114,10,3178086.3999999999,3168256,59276.540645801295,3135685.4632860292,3220487.3367139706,,,,,,,10,0.55866943780895439,0.55726257752374075,0.0037260060724731703,0.55600419881299423,0.56133467680491456,10,6.2672500868424184,7.137506566960556,1.4957251937774054,5.1973470764456842,7.3371530972391525,,,,,,,,
development-pilot-v2-retry,local-x86-64,x86_64,36f84685dc00064dae9a239face7e8eff797ed28,dbdf165176991179ee1260cc32982768b62a646f6143c7cf178d1c08ffab9184,b1d7dba75560d44d8e234e4205e09487f93678fb8688cac6a0905486c969c2ca,1297748005,81128211b782e3a4331d1c5fcd6db21eecf78dc823faab718e7ebe3f2ceeeee8,gnu-time-v1-monotonic-wall,3b11dec50514a8473e9f6efa7a34d584d0657538c09988f61b72d38ad4991a10,development,mathsvg,fast-v1,fast,1,dev-synthetic-random,file,65536,10,10,0,0,0,10,true,true,true,true,complete,confirmed,10,66024,66024,0,66024,66024,10,0.99260874833393919,0.99260874833393919,0,0.99260874833393919,0.99260874833393919,8.0595703125,10,167498445.5,166957745.5,1715800.5940935011,166271120.96973315,168725770.03026685,10,113000000,110000000,8232726.0234856457,107111071.74436638,118888928.25563362,10,17156698.5,17201290.5,2436178.3953095814,15414082.536954917,18899314.463045083,10,0,0,0,0,0,10,4921753.5999999996,4923392,52603.442462764098,4884125.9785075728,4959381.2214924265,10,4921753.5999999996,4923392,52603.442462764098,4884125.9785075728,4959381.2214924265,10,3359948.7999999998,3356672,49981.27111628915,3324196.8365689879,3395700.7634310117,,,,,,,10,0.39130012711398227,0.39253212582688723,0.0039911141000253591,0.38844525443535205,0.39415499979261248,10,3.9142948611604895,3.8100678711891467,0.75197475859047846,3.3764018970616023,4.4521878252593767,,,,,,,,
development-pilot-v2-retry,local-x86-64,x86_64,36f84685dc00064dae9a239face7e8eff797ed28,dbdf165176991179ee1260cc32982768b62a646f6143c7cf178d1c08ffab9184,b1d7dba75560d44d8e234e4205e09487f93678fb8688cac6a0905486c969c2ca,1297748005,81128211b782e3a4331d1c5fcd6db21eecf78dc823faab718e7ebe3f2ceeeee8,gnu-time-v1-monotonic-wall,3b11dec50514a8473e9f6efa7a34d584d0657538c09988f61b72d38ad4991a10,development,mathsvg,fast-v1,fast,1,dev-synthetic-recurrence,file,65536,10,10,0,0,0,10,true,true,true,true,complete,confirmed,10,882,882,0,882,882,10,74.303854875283449,74.303854875283449,0,74.303854875283449,74.303854875283449,0.107666015625,10,117132210.5,116930302.5,1875812.1993957267,115790428.51530002,118473992.48469998,10,87000000,90000000,4830458.9153964799,83544737.926003292,90455262.073996708,10,12389973.199999999,10440480,4213284.2988146115,9376180.5770551842,15403765.822944814,10,0,0,0,0,0,10,4723916.7999999998,4726784,39194.817834334513,4695880.4643366272,4751953.1356633725,10,4723916.7999999998,4726784,39194.817834334513,4695880.4643366272,4751953.1356633725,10,3169484.7999999998,3147776,46050.408276148868,3136544.6110872077,3202424.9889127919,,,,,,,10,0.55963148312269007,0.56047242362399075,0.0088109672065871999,0.55332893478155576,0.56593403146382437,10,5.8092593933040231,6.352253832145843,1.7233690629468748,4.5765210827224454,7.0419977038856008,,,,,,,,
development-pilot-v2-retry,local-x86-64,x86_64,36f84685dc00064dae9a239face7e8eff797ed28,dbdf165176991179ee1260cc32982768b62a646f6143c7cf178d1c08ffab9184,b1d7dba75560d44d8e234e4205e09487f93678fb8688cac6a0905486c969c2ca,1297748005,81128211b782e3a4331d1c5fcd6db21eecf78dc823faab718e7ebe3f2ceeeee8,gnu-time-v1-monotonic-wall,3b11dec50514a8473e9f6efa7a34d584d0657538c09988f61b72d38ad4991a10,development,mathsvg,fast-v1,fast,1,__aggregate__,corpus,10180361,110,110,0,0,0,10,true,true,true,true,complete,confirmed,10,7257191,7257191,0,7257191,7257191,10,1.402796343654177,1.402796343654177,0,1.402796343654177,1.402796343654177,5.7028948187593738,10,14922862843.799999,14938594127.5,112589488.36527851,14842326771.370262,15003398916.229736,10,14444000000,14440000000,104902070.73477837,14368962792.802504,14519037207.197496,10,2247284843.5999999,2254000939.5,26454775.767574217,2228361551.8410254,2266208135.3589745,10,2018000000,2010000000,23944379.994757295,2000872412.4290664,2035127587.5709336,10,22515712,22530048,47257.103837530194,22481908.653055824,22549515.346944176,10,22515712,22530048,47257.103837530194,22481908.653055824,22549515.346944176,10,7269990.4000000004,7286784,45914.598954532485,7237147.356473702,7302833.4435262987,,,,,,,10,0.68223391189509808,0.68148424703137866,0.0051524430708328921,0.67854833223426481,0.68591949155593135,10,4.5306351569438572,4.5165748370217189,0.053207640290022354,4.492575348391302,4.5686949654964124,1.2625524940381845,7.1757936084746365,0.38582311850586165,0.83853828275813147,3.8195924844721536,6.154829021189288,10000,1297748005
development-pilot-v2-retry,local-x86-64,x86_64,36f84685dc00064dae9a239face7e8eff797ed28,deb7b660ce7575981cd7bc749fbec6d9d6b62e2c9a725ba1c8e9c79e304a087a,b1d7dba75560d44d8e234e4205e09487f93678fb8688cac6a0905486c969c2ca,1297748005,6187dab32cd7b6291d96c54425a22915a6eeb39add6d95ee9008e1dbba427131,gnu-time-v1-monotonic-wall,3b11dec50514a8473e9f6efa7a34d584d0657538c09988f61b72d38ad4991a10,development,raw,raw,,1,dev-canterbury-alice29-txt,file,152089,10,10,0,0,0,10,true,true,true,true,complete,confirmed,10,152089,152089,0,152089,152089,10,1,1,0,1,1,8,10,12129267.300000001,9034439.5,7777119.170275786,6566237.9099030131,17692296.690096989,10,0,0,0,0,0,10,9008402,8863142,653026.88870401378,8541287.1603214927,9475516.8396785073,10,0,0,0,0,0,10,2077900.8,2078720,14195.527658777291,2067746.6367623403,2088054.9632376598,10,2064384,2070528,25175.502731381112,2046375.78146319,2082392.21853681,10,2065203.2,2066432,22666.178253561455,2048989.9193461987,2081416.4806538012,,,,,,,10,14.935357167319136,16.834974760798424,4.442630517774095,11.757511541116306,18.113202793521964,10,16.958496354497932,17.160044699652559,1.1614609812354557,16.127694944284411,17.789297764711453,,,,,,,,
development-pilot-v2-retry,local-x86-64,x86_64,36f84685dc00064dae9a239face7e8eff797ed28,deb7b660ce7575981cd7bc749fbec6d9d6b62e2c9a725ba1c8e9c79e304a087a,b1d7dba75560d44d8e234e4205e09487f93678fb8688cac6a0905486c969c2ca,1297748005,6187dab32cd7b6291d96c54425a22915a6eeb39add6d95ee9008e1dbba427131,gnu-time-v1-monotonic-wall,3b11dec50514a8473e9f6efa7a34d584d0657538c09988f61b72d38ad4991a10,development,raw,raw,,1,dev-canterbury-kennedy-xls,file,1029744,10,10,0,0,0,10,true,true,true,true,complete,confirmed,10,1029744,1029744,0,1029744,1029744,10,1,1,0,1,1,8,10,9428274.4000000004,9153913,567330.336769838,9022458.9215119276,9834089.8784880731,10,0,0,0,0,0,10,8770472.9000000004,8971599.5,1255676.8905162443,7872278.170889304,9668667.6291106977,10,0,0,0,0,0,10,2086502.3999999999,2088960,19615.236091705177,2072471.4802618911,2100533.3197381087,10,2081177.6000000001,2086912,26009.510411044306,2062572.8097594588,2099782.3902405412,10,2066432,2068480,23190.579543330856,2049843.6113244081,2083020.3886755919,,,,,,,10,109.56605001348717,112.5179251149759,6.4167089439455811,104.97613186239349,114.15596816458086,10,119.77097596625863,114.77923849607025,18.640349739490201,106.43739946163198,133.10455247088527,,,,,,,,
development-pilot-v2-retry,local-x86-64,x86_64,36f84685dc00064dae9a239face7e8eff797ed28,deb7b660ce7575981cd7bc749fbec6d9d6b62e2c9a725ba1c8e9c79e304a087a,b1d7dba75560d44d8e234e4205e09487f93678fb8688cac6a0905486c969c2ca,1297748005,6187dab32cd7b6291d96c54425a22915a6eeb39add6d95ee9008e1dbba427131,gnu-time-v1-monotonic-wall,3b11dec50514a8473e9f6efa7a34d584d0657538c09988f61b72d38ad4991a10,development,raw,raw,,1,dev-silesia-x-ray,file,8474240,10,10,0,0,0,10,true,true,true,true,complete,confirmed,10,8474240,8474240,0,8474240,8474240,10,1,1,0,1,1,8,10,18989802.600000001,17119819,5346455.3319380414,15165444.57060422,22814160.629395783,10,10000000,10000000,0,10000000,10000000,10,19666148.899999999,18185605.5,4907676.2817715686,16155652.687350478,23176645.112649519,10,9000000,10000000,3162277.6601683795,6738000,11262000,10,2079948.8,2080768,23394.658976403614,2063214.4318351857,2096683.1681648144,10,2066022.3999999999,2066432,16744.130933288568,2054045.2024729864,2077999.5975270134,10,2073804.8,2072576,26337.134901967685,2054965.6576,2092643.9424000001,,,,,,,10,466.01182367322428,494.99818041939977,78.362113623501116,409.95883906373194,522.06480828271663,10,447.01113148424639,466.67660066037831,72.604528563583514,395.07658896147461,498.94567400701817,,,,,,,,
development-pilot-v2-retry,local-x86-64,x86_64,36f84685dc00064dae9a239face7e8eff797ed28,deb7b660ce7575981cd7bc749fbec6d9d6b62e2c9a725ba1c8e9c79e304a087a,b1d7dba75560d44d8e234e4205e09487f93678fb8688cac6a0905486c969c2ca,1297748005,6187dab32cd7b6291d96c54425a22915a6eeb39add6d95ee9008e1dbba427131,gnu-time-v1-monotonic-wall,3b11dec50514a8473e9f6efa7a34d584d0657538c09988f61b72d38ad4991a10,development,raw,raw,,1,dev-synthetic-constant-00,file,65536,10,10,0,0,0,10,true,true,true,true,complete,confirmed,10,65536,65536,0,65536,65536,10,1,1,0,1,1,8,10,9329774.0999999996,8998826.5,795285.15404566261,8760900.8979056887,9898647.3020943105,10,0,0,0,0,0,10,9957000.0999999996,8804672.5,2551275.2598498855,8132054.5202772003,11781945.679722799,10,0,0,0,0,0,10,2078720,2080768,22620.899363199511,2062539.1076627874,2094900.8923372126,10,2075443.2,2080768,26052.477693216733,2056807.6749528672,2094078.7250471327,10,2059878.3999999999,2060288,23126.183502207576,2043336.0742767083,2076420.7257232915,,,,,,,10,7.0652070536289404,7.2827472250135674,0.53313862238171328,6.6838491548531502,7.4465649524047306,10,6.8550498093704864,7.44388891286013,1.2045838624919774,5.9934022914192102,7.7166973273217625,,,,,,,,
development-pilot-v2-retry,local-x86-64,x86_64,36f84685dc00064dae9a239face7e8eff797ed28,deb7b660ce7575981cd7bc749fbec6d9d6b62e2c9a725ba1c8e9c79e304a087a,b1d7dba75560d44d8e234e4205e09487f93678fb8688cac6a0905486c969c2ca,1297748005,6187dab32cd7b6291d96c54425a22915a6eeb39add6d95ee9008e1dbba427131,gnu-time-v1-monotonic-wall,3b11dec50514a8473e9f6efa7a34d584d0657538c09988f61b72d38ad4991a10,development,raw,raw,,1,dev-synthetic-lfsr8,file,65536,10,10,0,0,0,10,true,true,true,true,complete,confirmed,10,65536,65536,0,65536,65536,10,1,1,0,1,1,8,10,8793293.6999999993,8839001.5,1042628.3317212269,8047494.1403788375,9539093.259621162,10,0,0,0,0,0,10,9230110.1999999993,9041963,1293170.9785990578,8305095.6794738937,10155124.720526105,10,0,0,0,0,0,10,2093465.6000000001,2093056,13440.040634859206,2083851.84207514,2103079.35792486,10,2073395.2,2080768,29460.843635804682,2052321.6462309607,2094468.7537690392,10,2057420.8,2082816,80173.089479090311,2000072.4113097906,2114769.1886902093,,,,,,,10,7.5758694680169798,7.4145088465758686,1.1637080939787514,6.7434606818638452,8.4082782541701135,10,7.2464550890265045,7.248012132868678,1.1805359608642894,6.4020092084162501,8.0909009696367598,,,,,,,,
development-pilot-v2-retry,local-x86-64,x86_64,36f84685dc00064dae9a239face7e8eff797ed28,deb7b660ce7575981cd7bc749fbec6d9d6b62e2c9a725ba1c8e9c79e304a087a,b1d7dba75560d44d8e234e4205e09487f93678fb8688cac6a0905486c969c2ca,1297748005,6187dab32cd7b6291d96c54425a22915a6eeb39add6d95ee9008e1dbba427131,gnu-time-v1-monotonic-wall,3b11dec50514a8473e9f6efa7a34d584d0657538c09988f61b72d38ad4991a10,development,raw,raw,,1,dev-synthetic-linear,file,65536,10,10,0,0,0,10,true,true,true,true,complete,confirmed,10,65536,65536,0,65536,65536,10,1,1,0,1,1,8,10,9592651.8000000007,8875653,1466619.5894203484,8543568.2381561045,10641735.361843897,10,0,0,0,0,0,10,8984642.8000000007,8883603.5,1474255.2391308034,7930097.4028901486,10039188.197109852,10,0,0,0,0,0,10,2077900.8,2078720,17807.003745717582,2065163.3218904187,2090638.2781095814,10,2061516.8,2070528,36125.904712392861,2035675.6800095809,2087357.9199904192,10,2070937.6000000001,2064384,19710.042038401531,2056838.8648849784,2085036.3351150218,,,,,,,10,6.9510748000650366,7.3839826118151493,0.86889858088004113,6.3295453832439978,7.5726042168860754,10,7.5046191711846051,7.3771865255944835,1.4778209517690888,6.4475231941274593,8.5617151482417508,,,,,,,,
development-pilot-v2-retry,local-x86-64,x86_64,36f84685dc00064dae9a239face7e8eff797ed28,deb7b660ce7575981cd7bc749fbec6d9d6b62e2c9a725ba1c8e9c79e304a087a,b1d7dba75560d44d8e234e4205e09487f93678fb8688cac6a0905486c969c2ca,1297748005,6187dab32cd7b6291d96c54425a22915a6eeb39add6d95ee9008e1dbba427131,gnu-time-v1-monotonic-wall,3b11dec50514a8473e9f6efa7a34d584d0657538c09988f61b72d38ad4991a10,development,raw,raw,,1,dev-synthetic-periodic,file,65536,10,10,0,0,0,10,true,true,true,true,complete,confirmed,10,65536,65536,0,65536,65536,10,1,1,0,1,1,8,10,8736047.5999999996,9074178,1020304.8537059021,8006216.1850824803,9465879.0149175189,10,0,0,0,0,0,10,9224655.8000000007,8909379,740638.50471825246,8694871.7399932388,9754439.8600067627,10,0,0,0,0,0,10,2095104,2099200,11300.144030547182,2087020.9255378617,2103187.0744621386,10,2079539.2,2080768,26966.629504712753,2060249.7755740588,2098828.6244259411,10,2067251.2,2074624,30349.121212977487,2045542.2548784323,2088960.1451215676,,,,,,,10,7.6312613411465859,7.2222630799994665,1.2350211997079554,6.7478417765310468,8.5146809057621251,10,7.1414080392279047,7.3559175267868628,0.51250510653241521,6.7748094430392971,7.5080066354165123,,,,,,,,
development-pilot-v2-retry,local-x86-64,x86_64,36f84685dc00064dae9a239face7e8eff797ed28,deb7b660ce7575981cd7bc749fbec6d9d6b62e2c9a725ba1c8e9c79e304a087a,b1d7dba75560d44d8e234e4205e09487f93678fb8688cac6a0905486c969c2ca,1297748005,6187dab32cd7b6291d96c54425a22915a6eeb39add6d95ee9008e1dbba427131,gnu-time-v1-monotonic-wall,3b11dec50514a8473e9f6efa7a34d584d0657538c09988f61b72d38ad4991a10,development,raw,raw,,1,dev-synthetic-piecewise-mixed,file,65536,10,10,0,0,0,10,true,true,true,true,complete,confirmed,10,65536,65536,0,65536,65536,10,1,1,0,1,1,8,10,8835767.0999999996,8914662.5,967020.77384677273,8144050.1714096973,9527484.0285903029,10,0,0,0,0,0,10,9056379.5999999996,8885075.5,575987.80937547237,8644371.3689650483,9468387.8310349509,10,0,0,0,0,0,10,2080358.3999999999,2078720,14762.025419599064,2069799.016831428,2090917.7831685718,10,2067660.8,2070528,21913.493665370253,2051985.9200565265,2083335.6799434735,10,2072166.3999999999,2074624,24836.310278837045,2054400.8082689631,2089931.9917310367,,,,,,,10,7.503411859083533,7.3516903520275028,0.88310995597745767,6.8717169432377672,8.135106774929298,10,7.2601528469065686,7.3761487561391501,0.41484818991432881,6.9634089469619171,7.55689674685122,,,,,,,,
development-pilot-v2-retry,local-x86-64,x86_64,36f84685dc00064dae9a239face7e8eff797ed28,deb7b660ce7575981cd7bc749fbec6d9d6b62e2c9a725ba1c8e9c79e304a087a,b1d7dba75560d44d8e234e4205e09487f93678fb8688cac6a0905486c969c2ca,1297748005,6187dab32cd7b6291d96c54425a22915a6eeb39add6d95ee9008e1dbba427131,gnu-time-v1-monotonic-wall,3b11dec50514a8473e9f6efa7a34d584d0657538c09988f61b72d38ad4991a10,development,raw,raw,,1,dev-synthetic-polynomial-d2,file,65536,10,10,0,0,0,10,true,true,true,true,complete,confirmed,10,65536,65536,0,65536,65536,10,1,1,0,1,1,8,10,9916101.5999999996,9110815.5,1494819.519623036,8846846.424852835,10985356.775147164,10,0,0,0,0,0,10,9252253.9000000004,8940169.5,715044.34889024741,8740777.5241071843,9763730.2758928165,10,0,0,0,0,0,10,2086092.8,2088960,12959.883236785396,2076822.502122347,2095363.0978776531,10,2070528,2076672,25779.14209416425,2052087.9938767254,2088968.0061232746,10,2063974.3999999999,2062336,22137.775875437692,2048139.0893753238,2079809.710624676,,,,,,,10,6.7249722065917208,7.1933030887980571,0.86034321375260947,6.1095625055331553,7.3403819076502863,10,7.1166517663953925,7.3305118253230379,0.48124753958105188,6.7724119331119432,7.4608915996788419,,,,,,,,
development-pilot-v2-retry,local-x86-64,x86_64,36f84685dc00064dae9a239face7e8eff797ed28,deb7b660ce7575981cd7bc749fbec6d9d6b62e2c9a725ba1c8e9c79e304a087a,b1d7dba75560d44d8e234e4205e09487f93678fb8688cac6a0905486c969c2ca,1297748005,6187dab32cd7b6291d96c54425a22915a6eeb39add6d95ee9008e1dbba427131,gnu-time-v1-monotonic-wall,3b11dec50514a8473e9f6efa7a34d584d0657538c09988f61b72d38ad4991a10,development,raw,raw,,1,dev-synthetic-random,file,65536,10,10,0,0,0,10,true,true,true,true,complete,confirmed,10,65536,65536,0,65536,65536,10,1,1,0,1,1,8,10,9148549.3000000007,8981545,589471.43971547368,8726896.1310099624,9570202.4689900391,10,0,0,0,0,0,10,8994616.3000000007,8910284,1666405.2872957173,7802624.5886642523,10186608.011335749,10,0,0,0,0,0,10,2076672,2070528,21845.333333333332,2061045.8756332456,2092298.1243667544,10,2065612.8,2070528,26052.477693216733,2046977.2749528673,2084248.3250471328,10,2063564.8,2056192,30333.761567673148,2041866.8417434113,2085262.7582565888,,,,,,,10,7.1880723290808337,7.2967429996603297,0.42418399720668143,6.8846504588993191,7.4914941992623483,10,7.5589263999853173,7.3554027881797177,1.7103505620266948,6.3355003169327677,8.782352483037867,,,,,,,,
development-pilot-v2-retry,local-x86-64,x86_64,36f84685dc00064dae9a239face7e8eff797ed28,deb7b660ce7575981cd7bc749fbec6d9d6b62e2c9a725ba1c8e9c79e304a087a,b1d7dba75560d44d8e234e4205e09487f93678fb8688cac6a0905486c969c2ca,1297748005,6187dab32cd7b6291d96c54425a22915a6eeb39add6d95ee9008e1dbba427131,gnu-time-v1-monotonic-wall,3b11dec50514a8473e9f6efa7a34d584d0657538c09988f61b72d38ad4991a10,development,raw,raw,,1,dev-synthetic-recurrence,file,65536,10,10,0,0,0,10,true,true,true,true,complete,confirmed,10,65536,65536,0,65536,65536,10,1,1,0,1,1,8,10,9511951.3000000007,8867465,1615499.0155409533,8356373.211718196,10667529.388281805,10,0,0,0,0,0,10,9122066,8914807.5,583255.67381228472,8704859.013155859,9539272.986844141,10,0,0,0,0,0,10,2087731.2,2086912,14584.163197721622,2077299.042960542,2098163.3570394581,10,2068889.6000000001,2072576,27337.369406079371,2049334.982650789,2088444.2173492112,10,2064384,2072576,39144.847187507752,2036383.4087004277,2092384.5912995723,,,,,,,10,7.0906038555945852,7.3906251732427375,1.3443234680443545,6.1289995907260737,8.0522081204630958,10,7.2087814200944278,7.3513782483562178,0.42504751382679312,6.9047418702514163,7.5128209699374393,,,,,,,,
development-pilot-v2-retry,local-x86-64,x86_64,36f84685dc00064dae9a239face7e8eff797ed28,deb7b660ce7575981cd7bc749fbec6d9d6b62e2c9a725ba1c8e9c79e304a087a,b1d7dba75560d44d8e234e4205e09487f93678fb8688cac6a0905486c969c2ca,1297748005,6187dab32cd7b6291d96c54425a22915a6eeb39add6d95ee9008e1dbba427131,gnu-time-v1-monotonic-wall,3b11dec50514a8473e9f6efa7a34d584d0657538c09988f61b72d38ad4991a10,development,raw,raw,,1,__aggregate__,corpus,10180361,110,110,0,0,0,10,true,true,true,true,complete,confirmed,10,10180361,10180361,0,10180361,10180361,10,1,1,0,1,1,8,10,114411480.8,111296619.5,10295141.231788903,107047292.08259733,121775669.51740266,10,10000000,10000000,0,10000000,10000000,10,111266748.5,110237181.5,4781657.5099517358,107846394.42301647,114687102.57698353,10,9000000,10000000,3162277.6601683795,6738000,11262000,10,2107801.6000000001,2105344,5181.0757184198728,2104095.5392,2111507.6608000002,10,2103705.6000000001,2105344,9097.669972764088,2097197.97110403,2110213.2288959702,10,2102476.7999999998,2105344,10759.311799552981,2094780.5867303235,2110173.0132696759,,,,,,,10,89.578597680079582,91.487841463449342,7.4043916640825991,84.282182961309118,94.875012398850046,10,91.641569284701959,92.349613993646841,3.791508332286142,88.92947605024051,94.353662519163407,1,1,7.3355068776627954,219.38452644482661,7.3739252186931452,215.31545254217221,10000,1297748005
development-pilot-v2-retry,local-x86-64,x86_64,36f84685dc00064dae9a239face7e8eff797ed28,fb91a9679f353dac71a4fd88cd05cce5491385745b3990bfa054c63ba3a8477f,b1d7dba75560d44d8e234e4205e09487f93678fb8688cac6a0905486c969c2ca,1297748005,81128211b782e3a4331d1c5fcd6db21eecf78dc823faab718e7ebe3f2ceeeee8,gnu-time-v1-monotonic-wall,3b11dec50514a8473e9f6efa7a34d584d0657538c09988f61b72d38ad4991a10,development,mathsvg,balanced-ablation-no-coordinate-v1,balanced,1,dev-canterbury-alice29-txt,file,152089,10,10,0,0,0,10,true,true,true,true,complete,confirmed,10,80481,80481,0,80481,80481,10,1.8897503758651113,1.8897503758651111,0,1.8897503758651113,1.8897503758651113,4.2333633596118059,10,1949189285,1934188383.5,27226345.590257794,1929714083.7863646,1968664486.2136354,10,1907000000,1910000000,21108186.931983419,1891901161.7665465,1922098838.2334535,10,66683864.200000003,66414881.5,1618863.0595486725,65525879.78679572,67841848.613204286,10,30000000,30000000,0,30000000,30000000,10,11591270.4,11606016,62580.839359450372,11546505.874602968,11636034.925397033,10,11591270.4,11606016,62580.839359450372,11546505.874602968,11636034.925397033,10,3581132.7999999998,3581952,40041.760813763758,3552490.6399197523,3609774.9600802474,,,,,,,10,0.078040419055745949,0.078632388605260492,0.0010834758168643333,0.077265400995625122,0.078815437115866777,10,2.2819249648434079,2.290295526970711,0.053948252367258288,2.2433353911346146,2.3205145385522012,,,,,,,,
development-pilot-v2-retry,local-x86-64,x86_64,36f84685dc00064dae9a239face7e8eff797ed28,fb91a9679f353dac71a4fd88cd05cce5491385745b3990bfa054c63ba3a8477f,b1d7dba75560d44d8e234e4205e09487f93678fb8688cac6a0905486c969c2ca,1297748005,81128211b782e3a4331d1c5fcd6db21eecf78dc823faab718e7ebe3f2ceeeee8,gnu-time-v1-monotonic-wall,3b11dec50514a8473e9f6efa7a34d584d0657538c09988f61b72d38ad4991a10,development,mathsvg,balanced-ablation-no-coordinate-v1,balanced,1,dev-canterbury-kennedy-xls,file,1029744,10,10,0,0,0,10,true,true,true,true,complete,confirmed,10,261046,261046,0,261046,261046,10,3.9446840786681276,3.9446840786681276,0,3.9446840786681276,3.9446840786681276,2.0280458055594401,10,1529398917.9000001,1522201773.5,44209686.463229105,1497775410.5655746,1561022425.2344255,10,1487000000,1465000000,51650535.116083533,1450054000,1523946000,10,166975430.5,166384700,1750090.0305192715,165723578.4887431,168227282.5112569,10,110000000,110000000,0,110000000,110000000,10,18015436.800000001,17997824,91407.001818849254,17950052.712853387,18080820.887146614,10,18015436.800000001,17997824,91407.001818849254,17950052.712853387,18080820.887146614,10,4764057.5999999996,4777984,49017.178057402605,4728995.2592819678,4799119.9407180315,,,,,,,10,0.67379567530676998,0.67648325191147995,0.019071411425858033,0.66015375727133918,0.68743759334220078,10,6.1676400183369617,6.1889690000380462,0.063712786541995706,6.1220658029626165,6.213214233711307,,,,,,,,
development-pilot-v2-retry,local-x86-64,x86_64,36f84685dc00064dae9a239face7e8eff797ed28,fb91a9679f353dac71a4fd88cd05cce5491385745b3990bfa054c63ba3a8477f,b1d7dba75560d44d8e234e4205e09487f93678fb8688cac6a0905486c969c2ca,1297748005,81128211b782e3a4331d1c5fcd6db21eecf78dc823faab718e7ebe3f2ceeeee8,gnu-time-v1-monotonic-wall,3b11dec50514a8473e9f6efa7a34d584d0657538c09988f61b72d38ad4991a10,development,mathsvg,balanced-ablation-no-coordinate-v1,balanced,1,dev-silesia-x-ray,file,8474240,10,10,0,0,0,10,true,true,true,true,complete,confirmed,10,6832574,6832574,0,6832574,6832574,10,1.2402705042052966,1.2402705042052966,0,1.2402705042052966,1.2402705042052966,6.4502058001661506,10,19298158922.799999,19292192163,44027357.566426583,19266665836.63945,19329652008.960548,10,19247000000,19250000000,48773854.562551118,19212111710.331402,19281888289.668598,10,1901439994.3,1877456809,36503557.871215954,1875328736.2834303,1927551252.3165696,10,1870000000,1860000000,21602468.994692866,1854547598.2449329,1885452401.7550671,10,23971430.399999999,23977984,67723.836478582467,23922987.05169946,24019873.748300537,10,23971430.399999999,23977984,67723.836478582467,23922987.05169946,24019873.748300537,10,7289651.2000000002,7301120,59138.007084746736,7247349.3573406255,7331953.0426593749,,,,,,,10,0.43912373810068672,0.43925761569168609,0.0010015175600205943,0.43840734537233728,0.43984013082903617,10,4.458204051464298,4.5136816005546185,0.084247128687354567,4.3979414731679158,4.5184666297606801,,,,,,,,
development-pilot-v2-retry,local-x86-64,x86_64,36f84685dc00064dae9a239face7e8eff797ed28,fb91a9679f353dac71a4fd88cd05cce5491385745b3990bfa054c63ba3a8477f,b1d7dba75560d44d8e234e4205e09487f93678fb8688cac6a0905486c969c2ca,1297748005,81128211b782e3a4331d1c5fcd6db21eecf78dc823faab718e7ebe3f2ceeeee8,gnu-time-v1-monotonic-wall,3b11dec50514a8473e9f6efa7a34d584d0657538c09988f61b72d38ad4991a10,development,mathsvg,balanced-ablation-no-coordinate-v1,balanced,1,dev-synthetic-constant-00,file,65536,10,10,0,0,0,10,true,true,true,true,complete,confirmed,10,485,485,0,485,485,10,135.12577319587629,135.12577319587629,0,135.12577319587629,135.12577319587629,0.0592041015625,10,418287897.69999999,418569330,1627423.3303971342,417123790.06336623,419452005.33663374,10,375000000,370000000,8498365.8559879754,368921057.65778291,381078942.34221709,10,11754033.800000001,10105385,3490823.8860031883,9257022.3169163913,14251045.28308361,10,0,0,0,0,0,10,10301030.4,10305536,33189.116245473539,10277289.985964611,10324770.81403539,10,10301030.4,10305536,33189.116245473539,10277289.985964611,10324770.81403539,10,3108454.3999999999,3094528,88934.463864878242,3044838.9370707758,3172069.862929224,,,,,,,10,0.15667891227809685,0.15657144698247444,0.00060957792790544598,0.15624287679320251,0.1571149477629912,10,5.9800235668792627,6.5099073408855403,1.5343196901764957,4.8825136350681406,7.0775334986903848,,,,,,,,
development-pilot-v2-retry,local-x86-64,x86_64,36f84685dc00064dae9a239face7e8eff797ed28,fb91a9679f353dac71a4fd88cd05cce5491385745b3990bfa054c63ba3a8477f,b1d7dba75560d44d8e234e4205e09487f93678fb8688cac6a0905486c969c2ca,1297748005,81128211b782e3a4331d1c5fcd6db21eecf78dc823faab718e7ebe3f2ceeeee8,gnu-time-v1-monotonic-wall,3b11dec50514a8473e9f6efa7a34d584d0657538c09988f61b72d38ad4991a10,development,mathsvg,balanced-ablation-no-coordinate-v1,balanced,1,dev-synthetic-lfsr8,file,65536,10,10,0,0,0,10,true,true,true,true,complete,confirmed,10,753,753,0,753,753,10,87.033200531208493,87.033200531208493,0,87.033200531208493,87.033200531208493,0.0919189453125,10,273091167.60000002,267481264.5,17629132.046758551,260480922.39855731,285701412.80144274,10,233000000,230000000,14181364.924121765,222855967.46850643,243144032.53149357,10,9476059.8000000007,9010276.5,819064.21812616265,8890177.2619996127,10061942.338000389,10,0,0,0,0,0,10,8389427.1999999993,8398848,65444.914479957028,8342613.9810286518,8436240.4189713467,10,8389427.1999999993,8398848,65444.914479957028,8342613.9810286518,8436240.4189713467,10,3188736,3207168,56236.155771887541,3148509.872497573,3228962.127502427,,,,,,,10,0.24075540478411478,0.24501279814437915,0.013373636931319649,0.23118914590695019,0.25032166366127939,10,6.9598000486569802,7.2735843784585938,0.56403691015413471,6.5563403819619568,7.3632597153520036,,,,,,,,
development-pilot-v2-retry,local-x86-64,x86_64,36f84685dc00064dae9a239face7e8eff797ed28,fb91a9679f353dac71a4fd88cd05cce5491385745b3990bfa054c63ba3a8477f,b1d7dba75560d44d8e234e4205e09487f93678fb8688cac6a0905486c969c2ca,1297748005,81128211b782e3a4331d1c5fcd6db21eecf78dc823faab718e7ebe3f2ceeeee8,gnu-time-v1-monotonic-wall,3b11dec50514a8473e9f6efa7a34d584d0657538c09988f61b72d38ad4991a10,development,mathsvg,balanced-ablation-no-coordinate-v1,balanced,1,dev-synthetic-linear,file,65536,10,10,0,0,0,10,true,true,true,true,complete,confirmed,10,489,489,0,489,489,10,134.02044989775052,134.02044989775052,0,134.02044989775052,134.02044989775052,0.0596923828125,10,367428976.10000002,367167196,1353181.5145098646,366461035.61065716,368396916.58934289,10,315000000,310000000,8498365.8559879754,308921057.65778291,321078942.34221709,10,15540128.6,17092675,3001813.5688352431,13392909.720951987,17687347.479048014,10,0,0,0,0,0,10,9458073.5999999996,9465856,50626.073956674409,9421860.4044503402,9494286.7955496591,10,9458073.5999999996,9465856,50626.073956674409,9421860.4044503402,9494286.7955496591,10,3105177.6000000001,3110912,99086.897300859666,3034300.028268171,3176055.1717318292,,,,,,,10,0.17836589323743235,0.17849089851991884,0.00065485825461730415,0.17789746840851792,0.17883431806634678,10,4.4005554104257198,3.8341574337819448,1.062761001273459,3.6403548071831313,5.1607560136683084,,,,,,,,
development-pilot-v2-retry,local-x86-64,x86_64,36f84685dc00064dae9a239face7e8eff797ed28,fb91a9679f353dac71a4fd88cd05cce5491385745b3990bfa054c63ba3a8477f,b1d7dba75560d44d8e234e4205e09487f93678fb8688cac6a0905486c969c2ca,1297748005,81128211b782e3a4331d1c5fcd6db21eecf78dc823faab718e7ebe3f2ceeeee8,gnu-time-v1-monotonic-wall,3b11dec50514a8473e9f6efa7a34d584d0657538c09988f61b72d38ad4991a10,development,mathsvg,balanced-ablation-no-coordinate-v1,balanced,1,dev-synthetic-periodic,file,65536,10,10,0,0,0,10,true,true,true,true,complete,confirmed,10,500,500,0,500,500,10,131.072,131.072,0,131.072,131.072,0.06103515625,10,267580734.80000001,266965613.5,1501815.6914112552,266506475.21275321,268654994.38724679,10,235000000,235000000,5270462.7669472992,231230000,238770000,10,12725162.6,10396297.5,4250339.6186711742,9684864.039714098,15765461.160285901,10,0,0,0,0,0,10,9164390.4000000004,9179136,62632.946025412391,9119588.6023292858,9209192.1976707149,10,9164390.4000000004,9179136,62632.946025412391,9119588.6023292858,9209192.1976707149,10,3171532.7999999998,3143680,72351.073285135935,3119779.5558644854,3223286.0441355142,,,,,,,10,0.24492736981213806,0.24548480472029802,0.0013654641907052559,0.24395064343599471,0.24590409618828141,10,5.6651840149255692,6.3390441547156868,1.723012007141757,4.432701108934598,6.8976669209165404,,,,,,,,
development-pilot-v2-retry,local-x86-64,x86_64,36f84685dc00064dae9a239face7e8eff797ed28,fb91a9679f353dac71a4fd88cd05cce5491385745b3990bfa054c63ba3a8477f,b1d7dba75560d44d8e234e4205e09487f93678fb8688cac6a0905486c969c2ca,1297748005,81128211b782e3a4331d1c5fcd6db21eecf78dc823faab718e7ebe3f2ceeeee8,gnu-time-v1-monotonic-wall,3b11dec50514a8473e9f6efa7a34d584d0657538c09988f61b72d38ad4991a10,development,mathsvg,balanced-ablation-no-coordinate-v1,balanced,1,dev-synthetic-piecewise-mixed,file,65536,10,10,0,0,0,10,true,true,true,true,complete,confirmed,10,13203,13203,0,13203,13203,10,4.9637203665833525,4.9637203665833525,0,4.9637203665833525,4.9637203665833525,1.6116943359375,10,339405372.80000001,320973230.5,26038590.240832273,320779781.54764098,358030964.05235904,10,305000000,300000000,7071067.811865475,299942014.23489547,310057985.76510453,10,11464622.199999999,10082219.5,3828082.4535279861,8726367.2330344357,14202877.166965563,10,0,0,0,0,0,10,9851699.1999999993,9848832,63243.088906219629,9806460.9627295081,9896937.4372704905,10,9851699.1999999993,9848832,63243.088906219629,9806460.9627295081,9896937.4372704905,10,3148595.2000000002,3162112,81396.084662592955,3090371.9940412352,3206818.4059587652,,,,,,,10,0.19408826567974591,0.20418116570416789,0.014449891984830054,0.18375215380652565,0.20442437755296616,10,6.1552926475613239,6.5026262067480971,1.4794705662178151,5.0970166894006779,7.2135686057219699,,,,,,,,
development-pilot-v2-retry,local-x86-64,x86_64,36f84685dc00064dae9a239face7e8eff797ed28,fb91a9679f353dac71a4fd88cd05cce5491385745b3990bfa054c63ba3a8477f,b1d7dba75560d44d8e234e4205e09487f93678fb8688cac6a0905486c969c2ca,1297748005,81128211b782e3a4331d1c5fcd6db21eecf78dc823faab718e7ebe3f2ceeeee8,gnu-time-v1-monotonic-wall,3b11dec50514a8473e9f6efa7a34d584d0657538c09988f61b72d38ad4991a10,development,mathsvg,balanced-ablation-no-coordinate-v1,balanced,1,dev-synthetic-polynomial-d2,file,65536,10,10,0,0,0,10,true,true,true,true,complete,confirmed,10,754,754,0,754,754,10,86.91777188328912,86.91777188328912,0,86.91777188328912,86.91777188328912,0.092041015625,10,272456769.5,267603674.5,15652792.861961296,261260213.96038583,283653325.0396142,10,216000000,210000000,19550504.398153573,202015383.30879247,229984616.69120753,10,11351921,9055251,4666388.8821861669,8014019.4031670783,14689822.596832922,10,0,0,0,0,0,10,8359116.7999999998,8349696,50380.614995143609,8323079.1830144795,8395154.4169855192,10,8359116.7999999998,8349696,50380.614995143609,8323079.1830144795,8395154.4169855192,10,3151462.3999999999,3147776,49650.098398022674,3115947.3268010365,3186977.4731989633,,,,,,,10,0.24116407360254383,0.24490013431472785,0.012124702735294472,0.23249118635652768,0.24983696084855997,10,6.3759707114828243,7.2376868019494278,1.6588816226841698,5.1893607316647365,7.5625806913009122,,,,,,,,
development-pilot-v2-retry,local-x86-64,x86_64,36f84685dc00064dae9a239face7e8eff797ed28,fb91a9679f353dac71a4fd88cd05cce5491385745b3990bfa054c63ba3a8477f,b1d7dba75560d44d8e234e4205e09487f93678fb8688cac6a0905486c969c2ca,1297748005,81128211b782e3a4331d1c5fcd6db21eecf78dc823faab718e7ebe3f2ceeeee8,gnu-time-v1-monotonic-wall,3b11dec50514a8473e9f6efa7a34d584d0657538c09988f61b72d38ad4991a10,development,mathsvg,balanced-ablation-no-coordinate-v1,balanced,1,dev-synthetic-random,file,65536,10,10,0,0,0,10,true,true,true,true,complete,confirmed,10,66024,66024,0,66024,66024,10,0.99260874833393919,0.99260874833393919,0,0.99260874833393919,0.99260874833393919,8.0595703125,10,268987659,268400455.5,3549886.8439762038,266448399.35742751,271526918.64257252,10,234000000,230000000,5163977.7949432228,230306169.46788296,237693830.53211704,10,17564886.199999999,17050217,1167951.53382976,16729442.050740112,18400330.349259887,10,0,0,0,0,0,10,7263436.7999999998,7262208,49380.918772785553,7228114.2729268735,7298759.3270731261,10,7263436.7999999998,7262208,49380.918772785553,7228114.2729268735,7298759.3270731261,10,3336192,3338240,78485.887105050075,3280050.4793271534,3392333.5206728466,,,,,,,10,0.24367697337396491,0.24417341389160346,0.0031612001713011281,0.24141574410951683,0.24593820263841298,10,3.7444897171953189,3.8437074201211892,0.22423336344251821,3.5840939763355588,3.9048854580550789,,,,,,,,
development-pilot-v2-retry,local-x86-64,x86_64,36f84685dc00064dae9a239face7e8eff797ed28,fb91a9679f353dac71a4fd88cd05cce5491385745b3990bfa054c63ba3a8477f,b1d7dba75560d44d8e234e4205e09487f93678fb8688cac6a0905486c969c2ca,1297748005,81128211b782e3a4331d1c5fcd6db21eecf78dc823faab718e7ebe3f2ceeeee8,gnu-time-v1-monotonic-wall,3b11dec50514a8473e9f6efa7a34d584d0657538c09988f61b72d38ad4991a10,development,mathsvg,balanced-ablation-no-coordinate-v1,balanced,1,dev-synthetic-recurrence,file,65536,10,10,0,0,0,10,true,true,true,true,complete,confirmed,10,882,882,0,882,882,10,74.303854875283449,74.303854875283449,0,74.303854875283449,74.303854875283449,0.107666015625,10,292415529.39999998,292171241,26416373.838393398,273519706.81772101,311311351.98227894,10,252000000,250000000,7888106.3774661543,246357580.66074491,257642419.33925509,10,12973115.5,11222525.5,3927972.2034614827,10163408.67502854,15782822.32497146,10,0,0,0,0,0,10,9827942.4000000004,9838592,51384.44289255044,9791186.7376851477,9864698.0623148531,10,9827942.4000000004,9838592,51384.44289255044,9791186.7376851477,9864698.0623148531,10,3168256,3176448,57676.243859823066,3126999.7671099468,3209512.2328900532,,,,,,,10,0.22577755782277831,0.22579355640493637,0.02039475451101062,0.21118904294156146,0.24036607270399515,10,5.4739089562390069,5.8823778724219835,1.5621281376279548,4.3565074415578806,6.5913104709201331,,,,,,,,
development-pilot-v2-retry,local-x86-64,x86_64,36f84685dc00064dae9a239face7e8eff797ed28,fb91a9679f353dac71a4fd88cd05cce5491385745b3990bfa054c63ba3a8477f,b1d7dba75560d44d8e234e4205e09487f93678fb8688cac6a0905486c969c2ca,1297748005,81128211b782e3a4331d1c5fcd6db21eecf78dc823faab718e7ebe3f2ceeeee8,gnu-time-v1-monotonic-wall,3b11dec50514a8473e9f6efa7a34d584d0657538c09988f61b72d38ad4991a10,development,mathsvg,balanced-ablation-no-coordinate-v1,balanced,1,__aggregate__,corpus,10180361,110,110,0,0,0,10,true,true,true,true,complete,confirmed,10,7257191,7257191,0,7257191,7257191,10,1.402796343654177,1.402796343654177,0,1.402796343654177,1.402796343654177,5.7028948187593738,10,25276401232.599998,25264226867.5,97854546.573493287,25206405170.224674,25346397294.975323,10,24806000000,24785000000,88593955.148694485,24742628105.409416,24869371894.590584,10,2237949218.6999998,2230141116.5,32550380.154853366,2214665697.193429,2261232740.2065706,10,2010000000,2000000000,21602468.994692866,1994547598.2449329,2025452401.7550671,10,23971430.399999999,23977984,67723.836478582467,23922987.05169946,24019873.748300537,10,23971430.399999999,23977984,67723.836478582467,23922987.05169946,24019873.748300537,10,7289651.2000000002,7301120,59138.007084746736,7247349.3573406255,7331953.0426593749,,,,,,,10,0.40276691744174753,0.40295578916453567,0.0015579724678414549,0.40165248850761348,0.40388134637588158,10,4.5498311778770315,4.5649281887158928,0.065890057889770148,4.5026995446166165,4.5969628111374465,1.2625692127728863,7.2026047502867492,0.13430292529095017,0.46442915988328343,3.7513838840661888,6.1191144570080453,10000,1297748005
