schema_version,run_id,profile,corpus,input_path,input_name,input_license,input_provenance,input_manifest,input_manifest_sha256,input_manifest_verified,input_sha256,input_entropy_bits_per_byte,original_bytes,codec,codec_family,codec_level,variant,threads,status,error,successful_repeats,requested_repeats,compressed_bytes,ratio,savings,savings_percent,bits_per_byte,expansion_percent,compression_seconds,decompression_seconds,compression_mbps,decompression_mbps,compression_cpu_seconds,decompression_cpu_seconds,peak_rss_bytes,roundtrip_verified,deterministic_archive,archive_sha256,restored_sha256,transform,segment_count,mean_segment_size,median_segment_size,model_distribution_json,residual_distribution_json,model_parameter_bytes,partition_metadata_bytes,residual_bytes,container_overhead_bytes,raw_model_percent,raw_fallback_percent,estimated_residual_entropy,actual_residual_coded_bytes,math_segments_winning_raw,math_segments_winning_zstd,search_seconds,model_fitting_seconds,residual_coding_seconds,command_lines_json,tags_json
mathzip-benchmark-results-v1,20260724T032334Z-aca5bed4,ablation,synthetic_ablation,datasets/synthetic/constant_00/s0000065536_n000p000_seed1297748005.bin,s0000065536_n000p000_seed1297748005.bin,CC0-1.0,python/mathzip_bench/synthetic.py and datasets/synthetic/manifest.json,datasets/synthetic/manifest.json,788cc7e3e85003e88d7c4f21698a72edc5348641fc93c7e57ec681c85e2f147e,true,de2f256064a0af797747c2b97505dc0b9f3df0de4f489eac731c23ae9ca9cc31,-0.0,65536,ablation-01-raw-only,mathzip,balanced,01 raw only,1,ok,,3,3,65692,0.9976252816172441,-0.00238037109375,-0.238037109375,8.01904296875,0.238037109375,0.008995638003398199,0.005008268999517895,7.285308721320608,13.085559103616161,0.008342000000000002,0.004375000000000004,430080.0,true,true,870829ee00b2a7f7bfb6903157c16f6e6c2f75076917466ab6bd3a628bed436a,de2f256064a0af797747c2b97505dc0b9f3df0de4f489eac731c23ae9ca9cc31,"[{""type"":""identity""}]",1,65536.0,65536.0,"{""raw"":1}","{""raw"":1}",0,36,65536,120,100.0,100.0,0.0,65536,0,0,0.002449997,0.0001664,1.9228e-05,"[""'<repo>/target/release/mathzip' compress --mode balanced --max-input-bytes 8589934592 --no-sync --force --models raw --residual-coders raw --transforms identity --segmentation fixed '<repo>/datasets/synthetic/constant_00/s0000065536_n000p000_seed1297748005.bin' '<work>/archive.mz'"",""'<repo>/target/release/mathzip' compress --mode balanced --max-input-bytes 8589934592 --no-sync --force --models raw --residual-coders raw --transforms identity --segmentation fixed --metrics-output '<work>/metrics-probe.mz.metrics.json' '<repo>/datasets/synthetic/constant_00/s0000065536_n000p000_seed1297748005.bin' '<work>/metrics-probe.mz'"",""'<repo>/target/release/mathzip' decompress --max-archive-bytes 17179869184 --max-output-bytes 8589934592 --max-segments 8388608 --no-sync --force '<work>/archive.mz' '<work>/restored.bin'""]","{""family"":""constant_00"",""noise_density"":0.0,""seed"":1297748005,""size_requested"":65536}"
mathzip-benchmark-results-v1,20260724T032334Z-aca5bed4,ablation,synthetic_ablation,datasets/synthetic/constant_00/s0000065536_n000p000_seed1297748005.bin,s0000065536_n000p000_seed1297748005.bin,CC0-1.0,python/mathzip_bench/synthetic.py and datasets/synthetic/manifest.json,datasets/synthetic/manifest.json,788cc7e3e85003e88d7c4f21698a72edc5348641fc93c7e57ec681c85e2f147e,true,de2f256064a0af797747c2b97505dc0b9f3df0de4f489eac731c23ae9ca9cc31,-0.0,65536,ablation-02-residual-only,mathzip,balanced,02 residual coder only,1,ok,,3,3,712,92.04494382022472,0.9891357421875,98.91357421875,0.0869140625,0.0,0.006272847997024655,0.00463505600055214,10.44756704308555,14.139203494454689,0.00541999999999998,0.0039889999999999926,524288.0,true,true,7090753e5e0932ea6759b91873be5d151e042e797251f9c3154bf75f02c36b90,de2f256064a0af797747c2b97505dc0b9f3df0de4f489eac731c23ae9ca9cc31,"[{""type"":""identity""}]",16,4096.0,4096.0,"{""raw"":16}","{""sparse"":16}",0,576,16,120,100.0,0.0,0.0,16,0,0,0.001709326,0.000167398,0.000284205,"[""'<repo>/target/release/mathzip' compress --mode balanced --max-input-bytes 8589934592 --no-sync --force --models raw --residual-coders raw,rle,zero-run,sparse,bit-pack --transforms identity --segmentation fixed '<repo>/datasets/synthetic/constant_00/s0000065536_n000p000_seed1297748005.bin' '<work>/archive.mz'"",""'<repo>/target/release/mathzip' compress --mode balanced --max-input-bytes 8589934592 --no-sync --force --models raw --residual-coders raw,rle,zero-run,sparse,bit-pack --transforms identity --segmentation fixed --metrics-output '<work>/metrics-probe.mz.metrics.json' '<repo>/datasets/synthetic/constant_00/s0000065536_n000p000_seed1297748005.bin' '<work>/metrics-probe.mz'"",""'<repo>/target/release/mathzip' decompress --max-archive-bytes 17179869184 --max-output-bytes 8589934592 --max-segments 8388608 --no-sync --force '<work>/archive.mz' '<work>/restored.bin'""]","{""family"":""constant_00"",""noise_density"":0.0,""seed"":1297748005,""size_requested"":65536}"
mathzip-benchmark-results-v1,20260724T032334Z-aca5bed4,ablation,synthetic_ablation,datasets/synthetic/constant_00/s0000065536_n000p000_seed1297748005.bin,s0000065536_n000p000_seed1297748005.bin,CC0-1.0,python/mathzip_bench/synthetic.py and datasets/synthetic/manifest.json,datasets/synthetic/manifest.json,788cc7e3e85003e88d7c4f21698a72edc5348641fc93c7e57ec681c85e2f147e,true,de2f256064a0af797747c2b97505dc0b9f3df0de4f489eac731c23ae9ca9cc31,-0.0,65536,ablation-03-fixed-constant,mathzip,balanced,03 fixed segmentation + constant,1,ok,,3,3,712,92.04494382022472,0.9891357421875,98.91357421875,0.0869140625,0.0,0.0069190359936328605,0.004968584005837329,9.471839727428579,13.190075869303042,0.006368999999999986,0.00436499999999998,425984.0,true,true,7090753e5e0932ea6759b91873be5d151e042e797251f9c3154bf75f02c36b90,de2f256064a0af797747c2b97505dc0b9f3df0de4f489eac731c23ae9ca9cc31,"[{""type"":""identity""}]",16,4096.0,4096.0,"{""raw"":16}","{""sparse"":16}",0,576,16,120,100.0,0.0,0.0,16,0,0,0.001734846,0.000165629,0.000876768,"[""'<repo>/target/release/mathzip' compress --mode balanced --max-input-bytes 8589934592 --no-sync --force --models raw,constant --transforms identity --segmentation fixed --segment-size 4096 '<repo>/datasets/synthetic/constant_00/s0000065536_n000p000_seed1297748005.bin' '<work>/archive.mz'"",""'<repo>/target/release/mathzip' compress --mode balanced --max-input-bytes 8589934592 --no-sync --force --models raw,constant --transforms identity --segmentation fixed --segment-size 4096 --metrics-output '<work>/metrics-probe.mz.metrics.json' '<repo>/datasets/synthetic/constant_00/s0000065536_n000p000_seed1297748005.bin' '<work>/metrics-probe.mz'"",""'<repo>/target/release/mathzip' decompress --max-archive-bytes 17179869184 --max-output-bytes 8589934592 --max-segments 8388608 --no-sync --force '<work>/archive.mz' '<work>/restored.bin'""]","{""family"":""constant_00"",""noise_density"":0.0,""seed"":1297748005,""size_requested"":65536}"
mathzip-benchmark-results-v1,20260724T032334Z-aca5bed4,ablation,synthetic_ablation,datasets/synthetic/constant_00/s0000065536_n000p000_seed1297748005.bin,s0000065536_n000p000_seed1297748005.bin,CC0-1.0,python/mathzip_bench/synthetic.py and datasets/synthetic/manifest.json,datasets/synthetic/manifest.json,788cc7e3e85003e88d7c4f21698a72edc5348641fc93c7e57ec681c85e2f147e,true,de2f256064a0af797747c2b97505dc0b9f3df0de4f489eac731c23ae9ca9cc31,-0.0,65536,ablation-04-fixed-all-models,mathzip,balanced,04 fixed segmentation + all models,1,ok,,3,3,712,92.04494382022472,0.9891357421875,98.91357421875,0.0869140625,0.0,0.028262111001822632,0.006105743996158708,2.31886429133951,10.733499478725362,0.02757599999999999,0.0037699999999999956,3592192.0,true,true,7090753e5e0932ea6759b91873be5d151e042e797251f9c3154bf75f02c36b90,de2f256064a0af797747c2b97505dc0b9f3df0de4f489eac731c23ae9ca9cc31,"[{""type"":""identity""}]",16,4096.0,4096.0,"{""raw"":16}","{""sparse"":16}",0,576,16,120,100.0,0.0,0.0,16,0,0,0.001928019,0.003750372,0.018630097,"[""'<repo>/target/release/mathzip' compress --mode balanced --max-input-bytes 8589934592 --no-sync --force --models raw,constant,affine,polynomial,periodic,recurrence,piecewise-linear,run,sparse,copy --transforms identity --segmentation fixed --segment-size 4096 '<repo>/datasets/synthetic/constant_00/s0000065536_n000p000_seed1297748005.bin' '<work>/archive.mz'"",""'<repo>/target/release/mathzip' compress --mode balanced --max-input-bytes 8589934592 --no-sync --force --models raw,constant,affine,polynomial,periodic,recurrence,piecewise-linear,run,sparse,copy --transforms identity --segmentation fixed --segment-size 4096 --metrics-output '<work>/metrics-probe.mz.metrics.json' '<repo>/datasets/synthetic/constant_00/s0000065536_n000p000_seed1297748005.bin' '<work>/metrics-probe.mz'"",""'<repo>/target/release/mathzip' decompress --max-archive-bytes 17179869184 --max-output-bytes 8589934592 --max-segments 8388608 --no-sync --force '<work>/archive.mz' '<work>/restored.bin'""]","{""family"":""constant_00"",""noise_density"":0.0,""seed"":1297748005,""size_requested"":65536}"
mathzip-benchmark-results-v1,20260724T032334Z-aca5bed4,ablation,synthetic_ablation,datasets/synthetic/constant_00/s0000065536_n000p000_seed1297748005.bin,s0000065536_n000p000_seed1297748005.bin,CC0-1.0,python/mathzip_bench/synthetic.py and datasets/synthetic/manifest.json,datasets/synthetic/manifest.json,788cc7e3e85003e88d7c4f21698a72edc5348641fc93c7e57ec681c85e2f147e,true,de2f256064a0af797747c2b97505dc0b9f3df0de4f489eac731c23ae9ca9cc31,-0.0,65536,ablation-05-adaptive-constant,mathzip,balanced,05 adaptive segmentation + constant,1,ok,,3,3,194,337.8144329896907,0.997039794921875,99.7039794921875,0.023681640625,0.0,0.03331721699942136,0.004733585999929346,1.9670310398716133,13.844894758641376,0.03250999999999993,0.004099000000000075,3612672.0,true,true,ca46fdf9f778e30ef31cdd40665f2697f335b9eaa24658a13b03153f9c775193,de2f256064a0af797747c2b97505dc0b9f3df0de4f489eac731c23ae9ca9cc31,"[{""type"":""identity""}]",2,32768.0,32768.0,"{""raw"":2}","{""sparse"":2}",0,72,2,120,100.0,0.0,0.0,2,0,0,0.002660998,0.00417463,0.021963078,"[""'<repo>/target/release/mathzip' compress --mode balanced --max-input-bytes 8589934592 --no-sync --force --models raw,constant --transforms identity --segmentation adaptive '<repo>/datasets/synthetic/constant_00/s0000065536_n000p000_seed1297748005.bin' '<work>/archive.mz'"",""'<repo>/target/release/mathzip' compress --mode balanced --max-input-bytes 8589934592 --no-sync --force --models raw,constant --transforms identity --segmentation adaptive --metrics-output '<work>/metrics-probe.mz.metrics.json' '<repo>/datasets/synthetic/constant_00/s0000065536_n000p000_seed1297748005.bin' '<work>/metrics-probe.mz'"",""'<repo>/target/release/mathzip' decompress --max-archive-bytes 17179869184 --max-output-bytes 8589934592 --max-segments 8388608 --no-sync --force '<work>/archive.mz' '<work>/restored.bin'""]","{""family"":""constant_00"",""noise_density"":0.0,""seed"":1297748005,""size_requested"":65536}"
mathzip-benchmark-results-v1,20260724T032334Z-aca5bed4,ablation,synthetic_ablation,datasets/synthetic/constant_00/s0000065536_n000p000_seed1297748005.bin,s0000065536_n000p000_seed1297748005.bin,CC0-1.0,python/mathzip_bench/synthetic.py and datasets/synthetic/manifest.json,datasets/synthetic/manifest.json,788cc7e3e85003e88d7c4f21698a72edc5348641fc93c7e57ec681c85e2f147e,true,de2f256064a0af797747c2b97505dc0b9f3df0de4f489eac731c23ae9ca9cc31,-0.0,65536,ablation-06-adaptive-linear,mathzip,balanced,06 adaptive + constant/linear,1,ok,,3,3,194,337.8144329896907,0.997039794921875,99.7039794921875,0.023681640625,0.0,0.053211316000670195,0.004904194996925071,1.23161772580807,13.363253304791318,0.051392000000000104,0.004195000000000171,3657728.0,true,true,ca46fdf9f778e30ef31cdd40665f2697f335b9eaa24658a13b03153f9c775193,de2f256064a0af797747c2b97505dc0b9f3df0de4f489eac731c23ae9ca9cc31,"[{""type"":""identity""}]",2,32768.0,32768.0,"{""raw"":2}","{""sparse"":2}",0,72,2,120,100.0,0.0,0.0,2,0,0,0.002691625,0.008444168,0.036976368,"[""'<repo>/target/release/mathzip' compress --mode balanced --max-input-bytes 8589934592 --no-sync --force --models raw,constant,affine --transforms identity --segmentation adaptive '<repo>/datasets/synthetic/constant_00/s0000065536_n000p000_seed1297748005.bin' '<work>/archive.mz'"",""'<repo>/target/release/mathzip' compress --mode balanced --max-input-bytes 8589934592 --no-sync --force --models raw,constant,affine --transforms identity --segmentation adaptive --metrics-output '<work>/metrics-probe.mz.metrics.json' '<repo>/datasets/synthetic/constant_00/s0000065536_n000p000_seed1297748005.bin' '<work>/metrics-probe.mz'"",""'<repo>/target/release/mathzip' decompress --max-archive-bytes 17179869184 --max-output-bytes 8589934592 --max-segments 8388608 --no-sync --force '<work>/archive.mz' '<work>/restored.bin'""]","{""family"":""constant_00"",""noise_density"":0.0,""seed"":1297748005,""size_requested"":65536}"
mathzip-benchmark-results-v1,20260724T032334Z-aca5bed4,ablation,synthetic_ablation,datasets/synthetic/constant_00/s0000065536_n000p000_seed1297748005.bin,s0000065536_n000p000_seed1297748005.bin,CC0-1.0,python/mathzip_bench/synthetic.py and datasets/synthetic/manifest.json,datasets/synthetic/manifest.json,788cc7e3e85003e88d7c4f21698a72edc5348641fc93c7e57ec681c85e2f147e,true,de2f256064a0af797747c2b97505dc0b9f3df0de4f489eac731c23ae9ca9cc31,-0.0,65536,ablation-07-add-polynomial,mathzip,balanced,07 add polynomial,1,ok,,3,3,194,337.8144329896907,0.997039794921875,99.7039794921875,0.023681640625,0.0,0.11692398000013782,0.005377711997425649,0.5605009340250199,12.186595346008222,0.1155759999999999,0.004198000000000146,3645440.0,true,true,ca46fdf9f778e30ef31cdd40665f2697f335b9eaa24658a13b03153f9c775193,de2f256064a0af797747c2b97505dc0b9f3df0de4f489eac731c23ae9ca9cc31,"[{""type"":""identity""}]",2,32768.0,32768.0,"{""raw"":2}","{""sparse"":2}",0,72,2,120,100.0,0.0,0.0,2,0,0,0.002866665,0.00842601,0.102479898,"[""'<repo>/target/release/mathzip' compress --mode balanced --max-input-bytes 8589934592 --no-sync --force --models raw,constant,affine,polynomial --transforms identity --segmentation adaptive '<repo>/datasets/synthetic/constant_00/s0000065536_n000p000_seed1297748005.bin' '<work>/archive.mz'"",""'<repo>/target/release/mathzip' compress --mode balanced --max-input-bytes 8589934592 --no-sync --force --models raw,constant,affine,polynomial --transforms identity --segmentation adaptive --metrics-output '<work>/metrics-probe.mz.metrics.json' '<repo>/datasets/synthetic/constant_00/s0000065536_n000p000_seed1297748005.bin' '<work>/metrics-probe.mz'"",""'<repo>/target/release/mathzip' decompress --max-archive-bytes 17179869184 --max-output-bytes 8589934592 --max-segments 8388608 --no-sync --force '<work>/archive.mz' '<work>/restored.bin'""]","{""family"":""constant_00"",""noise_density"":0.0,""seed"":1297748005,""size_requested"":65536}"
mathzip-benchmark-results-v1,20260724T032334Z-aca5bed4,ablation,synthetic_ablation,datasets/synthetic/constant_00/s0000065536_n000p000_seed1297748005.bin,s0000065536_n000p000_seed1297748005.bin,CC0-1.0,python/mathzip_bench/synthetic.py and datasets/synthetic/manifest.json,datasets/synthetic/manifest.json,788cc7e3e85003e88d7c4f21698a72edc5348641fc93c7e57ec681c85e2f147e,true,de2f256064a0af797747c2b97505dc0b9f3df0de4f489eac731c23ae9ca9cc31,-0.0,65536,ablation-08-add-periodic,mathzip,balanced,08 add periodic,1,ok,,3,3,194,337.8144329896907,0.997039794921875,99.7039794921875,0.023681640625,0.0,0.23171923200425226,0.0051492970014805906,0.2828250354238933,12.727174210607052,0.22929600000000017,0.004365999999999648,3637248.0,true,true,ca46fdf9f778e30ef31cdd40665f2697f335b9eaa24658a13b03153f9c775193,de2f256064a0af797747c2b97505dc0b9f3df0de4f489eac731c23ae9ca9cc31,"[{""type"":""identity""}]",2,32768.0,32768.0,"{""raw"":2}","{""sparse"":2}",0,72,2,120,100.0,0.0,0.0,2,0,0,0.003166175,0.028413349,0.196635824,"[""'<repo>/target/release/mathzip' compress --mode balanced --max-input-bytes 8589934592 --no-sync --force --models raw,constant,affine,polynomial,periodic --transforms identity --segmentation adaptive '<repo>/datasets/synthetic/constant_00/s0000065536_n000p000_seed1297748005.bin' '<work>/archive.mz'"",""'<repo>/target/release/mathzip' compress --mode balanced --max-input-bytes 8589934592 --no-sync --force --models raw,constant,affine,polynomial,periodic --transforms identity --segmentation adaptive --metrics-output '<work>/metrics-probe.mz.metrics.json' '<repo>/datasets/synthetic/constant_00/s0000065536_n000p000_seed1297748005.bin' '<work>/metrics-probe.mz'"",""'<repo>/target/release/mathzip' decompress --max-archive-bytes 17179869184 --max-output-bytes 8589934592 --max-segments 8388608 --no-sync --force '<work>/archive.mz' '<work>/restored.bin'""]","{""family"":""constant_00"",""noise_density"":0.0,""seed"":1297748005,""size_requested"":65536}"
mathzip-benchmark-results-v1,20260724T032334Z-aca5bed4,ablation,synthetic_ablation,datasets/synthetic/constant_00/s0000065536_n000p000_seed1297748005.bin,s0000065536_n000p000_seed1297748005.bin,CC0-1.0,python/mathzip_bench/synthetic.py and datasets/synthetic/manifest.json,datasets/synthetic/manifest.json,788cc7e3e85003e88d7c4f21698a72edc5348641fc93c7e57ec681c85e2f147e,true,de2f256064a0af797747c2b97505dc0b9f3df0de4f489eac731c23ae9ca9cc31,-0.0,65536,ablation-09-add-recurrence,mathzip,balanced,09 add recurrence,1,ok,,3,3,194,337.8144329896907,0.997039794921875,99.7039794921875,0.023681640625,0.0,0.37653704499825835,0.0052047320059500635,0.1740492758164157,12.591618535801473,0.37558999999999987,0.004457000000000377,3653632.0,true,true,ca46fdf9f778e30ef31cdd40665f2697f335b9eaa24658a13b03153f9c775193,de2f256064a0af797747c2b97505dc0b9f3df0de4f489eac731c23ae9ca9cc31,"[{""type"":""identity""}]",2,32768.0,32768.0,"{""raw"":2}","{""sparse"":2}",0,72,2,120,100.0,0.0,0.0,2,0,0,0.003329624,0.028623032,0.340711439,"[""'<repo>/target/release/mathzip' compress --mode balanced --max-input-bytes 8589934592 --no-sync --force --models raw,constant,affine,polynomial,periodic,recurrence --transforms identity --segmentation adaptive '<repo>/datasets/synthetic/constant_00/s0000065536_n000p000_seed1297748005.bin' '<work>/archive.mz'"",""'<repo>/target/release/mathzip' compress --mode balanced --max-input-bytes 8589934592 --no-sync --force --models raw,constant,affine,polynomial,periodic,recurrence --transforms identity --segmentation adaptive --metrics-output '<work>/metrics-probe.mz.metrics.json' '<repo>/datasets/synthetic/constant_00/s0000065536_n000p000_seed1297748005.bin' '<work>/metrics-probe.mz'"",""'<repo>/target/release/mathzip' decompress --max-archive-bytes 17179869184 --max-output-bytes 8589934592 --max-segments 8388608 --no-sync --force '<work>/archive.mz' '<work>/restored.bin'""]","{""family"":""constant_00"",""noise_density"":0.0,""seed"":1297748005,""size_requested"":65536}"
mathzip-benchmark-results-v1,20260724T032334Z-aca5bed4,ablation,synthetic_ablation,datasets/synthetic/constant_00/s0000065536_n000p000_seed1297748005.bin,s0000065536_n000p000_seed1297748005.bin,CC0-1.0,python/mathzip_bench/synthetic.py and datasets/synthetic/manifest.json,datasets/synthetic/manifest.json,788cc7e3e85003e88d7c4f21698a72edc5348641fc93c7e57ec681c85e2f147e,true,de2f256064a0af797747c2b97505dc0b9f3df0de4f489eac731c23ae9ca9cc31,-0.0,65536,ablation-10-add-bit-plane,mathzip,balanced,10 add bit-plane,1,ok,,3,3,194,337.8144329896907,0.997039794921875,99.7039794921875,0.023681640625,0.0,0.7599991859970032,0.005043901997851208,0.08623167130636691,12.993115256386723,0.7534120000000009,0.004321000000000019,3653632.0,true,true,ca46fdf9f778e30ef31cdd40665f2697f335b9eaa24658a13b03153f9c775193,de2f256064a0af797747c2b97505dc0b9f3df0de4f489eac731c23ae9ca9cc31,"[{""type"":""identity""}]",2,32768.0,32768.0,"{""raw"":2}","{""sparse"":2}",0,72,2,120,100.0,0.0,0.0,2,0,0,0.006616597,0.057319591,0.682548709,"[""'<repo>/target/release/mathzip' compress --mode balanced --max-input-bytes 8589934592 --no-sync --force --models raw,constant,affine,polynomial,periodic,recurrence --transforms identity,bit-plane --segmentation adaptive '<repo>/datasets/synthetic/constant_00/s0000065536_n000p000_seed1297748005.bin' '<work>/archive.mz'"",""'<repo>/target/release/mathzip' compress --mode balanced --max-input-bytes 8589934592 --no-sync --force --models raw,constant,affine,polynomial,periodic,recurrence --transforms identity,bit-plane --segmentation adaptive --metrics-output '<work>/metrics-probe.mz.metrics.json' '<repo>/datasets/synthetic/constant_00/s0000065536_n000p000_seed1297748005.bin' '<work>/metrics-probe.mz'"",""'<repo>/target/release/mathzip' decompress --max-archive-bytes 17179869184 --max-output-bytes 8589934592 --max-segments 8388608 --no-sync --force '<work>/archive.mz' '<work>/restored.bin'""]","{""family"":""constant_00"",""noise_density"":0.0,""seed"":1297748005,""size_requested"":65536}"
mathzip-benchmark-results-v1,20260724T032334Z-aca5bed4,ablation,synthetic_ablation,datasets/synthetic/constant_00/s0000065536_n000p000_seed1297748005.bin,s0000065536_n000p000_seed1297748005.bin,CC0-1.0,python/mathzip_bench/synthetic.py and datasets/synthetic/manifest.json,datasets/synthetic/manifest.json,788cc7e3e85003e88d7c4f21698a72edc5348641fc93c7e57ec681c85e2f147e,true,de2f256064a0af797747c2b97505dc0b9f3df0de4f489eac731c23ae9ca9cc31,-0.0,65536,ablation-11-add-stride,mathzip,balanced,11 add stride transpose,1,ok,,3,3,194,337.8144329896907,0.997039794921875,99.7039794921875,0.023681640625,0.0,2.649179063999327,0.0049074400012614205,0.024738229623883456,13.354416963458435,2.648098000000001,0.004271999999996723,3690496.0,true,true,ca46fdf9f778e30ef31cdd40665f2697f335b9eaa24658a13b03153f9c775193,de2f256064a0af797747c2b97505dc0b9f3df0de4f489eac731c23ae9ca9cc31,"[{""type"":""identity""}]",2,32768.0,32768.0,"{""raw"":2}","{""sparse"":2}",0,72,2,120,100.0,0.0,0.0,2,0,0,0.016748879,0.200268415,2.382153404,"[""'<repo>/target/release/mathzip' compress --mode balanced --max-input-bytes 8589934592 --no-sync --force --models raw,constant,affine,polynomial,periodic,recurrence --transforms identity,bit-plane,stride --segmentation adaptive '<repo>/datasets/synthetic/constant_00/s0000065536_n000p000_seed1297748005.bin' '<work>/archive.mz'"",""'<repo>/target/release/mathzip' compress --mode balanced --max-input-bytes 8589934592 --no-sync --force --models raw,constant,affine,polynomial,periodic,recurrence --transforms identity,bit-plane,stride --segmentation adaptive --metrics-output '<work>/metrics-probe.mz.metrics.json' '<repo>/datasets/synthetic/constant_00/s0000065536_n000p000_seed1297748005.bin' '<work>/metrics-probe.mz'"",""'<repo>/target/release/mathzip' decompress --max-archive-bytes 17179869184 --max-output-bytes 8589934592 --max-segments 8388608 --no-sync --force '<work>/archive.mz' '<work>/restored.bin'""]","{""family"":""constant_00"",""noise_density"":0.0,""seed"":1297748005,""size_requested"":65536}"
mathzip-benchmark-results-v1,20260724T032334Z-aca5bed4,ablation,synthetic_ablation,datasets/synthetic/constant_00/s0000065536_n000p000_seed1297748005.bin,s0000065536_n000p000_seed1297748005.bin,CC0-1.0,python/mathzip_bench/synthetic.py and datasets/synthetic/manifest.json,datasets/synthetic/manifest.json,788cc7e3e85003e88d7c4f21698a72edc5348641fc93c7e57ec681c85e2f147e,true,de2f256064a0af797747c2b97505dc0b9f3df0de4f489eac731c23ae9ca9cc31,-0.0,65536,ablation-12-add-copy,mathzip,balanced,12 add copy/reference,1,ok,,3,3,194,337.8144329896907,0.997039794921875,99.7039794921875,0.023681640625,0.0,2.6742026669962797,0.005110092999530025,0.02450674393860036,12.824815518235646,2.6661810000000017,0.004337999999997066,3702784.0,true,true,ca46fdf9f778e30ef31cdd40665f2697f335b9eaa24658a13b03153f9c775193,de2f256064a0af797747c2b97505dc0b9f3df0de4f489eac731c23ae9ca9cc31,"[{""type"":""identity""}]",2,32768.0,32768.0,"{""raw"":2}","{""sparse"":2}",0,72,2,120,100.0,0.0,0.0,2,0,0,0.016926056,0.207910572,2.453228861,"[""'<repo>/target/release/mathzip' compress --mode balanced --max-input-bytes 8589934592 --no-sync --force --models raw,constant,affine,polynomial,periodic,recurrence,copy --transforms identity,bit-plane,stride --segmentation adaptive '<repo>/datasets/synthetic/constant_00/s0000065536_n000p000_seed1297748005.bin' '<work>/archive.mz'"",""'<repo>/target/release/mathzip' compress --mode balanced --max-input-bytes 8589934592 --no-sync --force --models raw,constant,affine,polynomial,periodic,recurrence,copy --transforms identity,bit-plane,stride --segmentation adaptive --metrics-output '<work>/metrics-probe.mz.metrics.json' '<repo>/datasets/synthetic/constant_00/s0000065536_n000p000_seed1297748005.bin' '<work>/metrics-probe.mz'"",""'<repo>/target/release/mathzip' decompress --max-archive-bytes 17179869184 --max-output-bytes 8589934592 --max-segments 8388608 --no-sync --force '<work>/archive.mz' '<work>/restored.bin'""]","{""family"":""constant_00"",""noise_density"":0.0,""seed"":1297748005,""size_requested"":65536}"
mathzip-benchmark-results-v1,20260724T032334Z-aca5bed4,ablation,synthetic_ablation,datasets/synthetic/constant_00/s0000065536_n000p000_seed1297748005.bin,s0000065536_n000p000_seed1297748005.bin,CC0-1.0,python/mathzip_bench/synthetic.py and datasets/synthetic/manifest.json,datasets/synthetic/manifest.json,788cc7e3e85003e88d7c4f21698a72edc5348641fc93c7e57ec681c85e2f147e,true,de2f256064a0af797747c2b97505dc0b9f3df0de4f489eac731c23ae9ca9cc31,-0.0,65536,ablation-13-custom-residual,mathzip,balanced,13 custom residual coders,1,ok,,3,3,194,337.8144329896907,0.997039794921875,99.7039794921875,0.023681640625,0.0,4.50013532799494,0.00623957999778213,0.014563117600554454,10.503271057233803,4.496994999999998,0.004334999999997535,3657728.0,true,true,ca46fdf9f778e30ef31cdd40665f2697f335b9eaa24658a13b03153f9c775193,de2f256064a0af797747c2b97505dc0b9f3df0de4f489eac731c23ae9ca9cc31,"[{""type"":""identity""}]",2,32768.0,32768.0,"{""raw"":2}","{""sparse"":2}",0,72,2,120,100.0,0.0,0.0,2,0,0,0.023343318,0.284268106,4.153746145,"[""'<repo>/target/release/mathzip' compress --mode balanced --max-input-bytes 8589934592 --no-sync --force --residual-coders raw,rle,zero-run,sparse,bit-pack '<repo>/datasets/synthetic/constant_00/s0000065536_n000p000_seed1297748005.bin' '<work>/archive.mz'"",""'<repo>/target/release/mathzip' compress --mode balanced --max-input-bytes 8589934592 --no-sync --force --residual-coders raw,rle,zero-run,sparse,bit-pack --metrics-output '<work>/metrics-probe.mz.metrics.json' '<repo>/datasets/synthetic/constant_00/s0000065536_n000p000_seed1297748005.bin' '<work>/metrics-probe.mz'"",""'<repo>/target/release/mathzip' decompress --max-archive-bytes 17179869184 --max-output-bytes 8589934592 --max-segments 8388608 --no-sync --force '<work>/archive.mz' '<work>/restored.bin'""]","{""family"":""constant_00"",""noise_density"":0.0,""seed"":1297748005,""size_requested"":65536}"
mathzip-benchmark-results-v1,20260724T032334Z-aca5bed4,ablation,synthetic_ablation,datasets/synthetic/constant_00/s0000065536_n000p000_seed1297748005.bin,s0000065536_n000p000_seed1297748005.bin,CC0-1.0,python/mathzip_bench/synthetic.py and datasets/synthetic/manifest.json,datasets/synthetic/manifest.json,788cc7e3e85003e88d7c4f21698a72edc5348641fc93c7e57ec681c85e2f147e,true,de2f256064a0af797747c2b97505dc0b9f3df0de4f489eac731c23ae9ca9cc31,-0.0,65536,ablation-14-zstd-residual,mathzip,balanced,14 mathematical models + Zstd residual,1,ok,,3,3,232,282.48275862068965,0.9964599609375,99.64599609375,0.0283203125,0.0,2.854620507998334,0.005211072995734867,0.022957867715297117,12.576296677025937,2.821491999999992,0.00451199999999119,4808704.0,true,true,14d2568586e9322b6572aa754bbb051322e0c1d5efc8575891d7595be4059dd9,de2f256064a0af797747c2b97505dc0b9f3df0de4f489eac731c23ae9ca9cc31,"[{""type"":""identity""}]",2,32768.0,32768.0,"{""constant"":2}","{""zstd"":2}",2,72,38,120,0.0,0.0,0.0,38,2,0,0.025219432,0.276776275,2.51775961,"[""'<repo>/target/release/mathzip' compress --mode balanced --max-input-bytes 8589934592 --no-sync --force --models constant,affine,polynomial,periodic,recurrence,piecewise-linear,run,sparse --residual-coders zstd --no-copy-model '<repo>/datasets/synthetic/constant_00/s0000065536_n000p000_seed1297748005.bin' '<work>/archive.mz'"",""'<repo>/target/release/mathzip' compress --mode balanced --max-input-bytes 8589934592 --no-sync --force --models constant,affine,polynomial,periodic,recurrence,piecewise-linear,run,sparse --residual-coders zstd --no-copy-model --metrics-output '<work>/metrics-probe.mz.metrics.json' '<repo>/datasets/synthetic/constant_00/s0000065536_n000p000_seed1297748005.bin' '<work>/metrics-probe.mz'"",""'<repo>/target/release/mathzip' decompress --max-archive-bytes 17179869184 --max-output-bytes 8589934592 --max-segments 8388608 --no-sync --force '<work>/archive.mz' '<work>/restored.bin'""]","{""family"":""constant_00"",""noise_density"":0.0,""seed"":1297748005,""size_requested"":65536}"
mathzip-benchmark-results-v1,20260724T032334Z-aca5bed4,ablation,synthetic_ablation,datasets/synthetic/constant_00/s0000065536_n000p000_seed1297748005.bin,s0000065536_n000p000_seed1297748005.bin,CC0-1.0,python/mathzip_bench/synthetic.py and datasets/synthetic/manifest.json,datasets/synthetic/manifest.json,788cc7e3e85003e88d7c4f21698a72edc5348641fc93c7e57ec681c85e2f147e,true,de2f256064a0af797747c2b97505dc0b9f3df0de4f489eac731c23ae9ca9cc31,-0.0,65536,ablation-15-no-transform,mathzip,balanced,15 identity transform only,1,ok,,3,3,194,337.8144329896907,0.997039794921875,99.7039794921875,0.023681640625,0.0,0.5085228399984771,0.006981987004110124,0.12887523400167483,9.386439699962283,0.5006450000000058,0.004476999999994291,3661824.0,true,true,ca46fdf9f778e30ef31cdd40665f2697f335b9eaa24658a13b03153f9c775193,de2f256064a0af797747c2b97505dc0b9f3df0de4f489eac731c23ae9ca9cc31,"[{""type"":""identity""}]",2,32768.0,32768.0,"{""raw"":2}","{""sparse"":2}",0,72,2,120,100.0,0.0,0.0,2,0,0,0.003584004,0.031804067,0.464554639,"[""'<repo>/target/release/mathzip' compress --mode balanced --max-input-bytes 8589934592 --no-sync --force --transforms identity '<repo>/datasets/synthetic/constant_00/s0000065536_n000p000_seed1297748005.bin' '<work>/archive.mz'"",""'<repo>/target/release/mathzip' compress --mode balanced --max-input-bytes 8589934592 --no-sync --force --transforms identity --metrics-output '<work>/metrics-probe.mz.metrics.json' '<repo>/datasets/synthetic/constant_00/s0000065536_n000p000_seed1297748005.bin' '<work>/metrics-probe.mz'"",""'<repo>/target/release/mathzip' decompress --max-archive-bytes 17179869184 --max-output-bytes 8589934592 --max-segments 8388608 --no-sync --force '<work>/archive.mz' '<work>/restored.bin'""]","{""family"":""constant_00"",""noise_density"":0.0,""seed"":1297748005,""size_requested"":65536}"
mathzip-benchmark-results-v1,20260724T032334Z-aca5bed4,ablation,synthetic_ablation,datasets/synthetic/constant_00/s0000065536_n000p000_seed1297748005.bin,s0000065536_n000p000_seed1297748005.bin,CC0-1.0,python/mathzip_bench/synthetic.py and datasets/synthetic/manifest.json,datasets/synthetic/manifest.json,788cc7e3e85003e88d7c4f21698a72edc5348641fc93c7e57ec681c85e2f147e,true,de2f256064a0af797747c2b97505dc0b9f3df0de4f489eac731c23ae9ca9cc31,-0.0,65536,ablation-16-no-adaptive-partition,mathzip,balanced,16 fixed partition,1,ok,,3,3,712,92.04494382022472,0.9891357421875,98.91357421875,0.0869140625,0.0,0.2140103980054846,0.005135140003403649,0.3062281113944775,12.76226158518789,0.2112809999999996,0.004328000000015209,3649536.0,true,true,7090753e5e0932ea6759b91873be5d151e042e797251f9c3154bf75f02c36b90,de2f256064a0af797747c2b97505dc0b9f3df0de4f489eac731c23ae9ca9cc31,"[{""type"":""identity""}]",16,4096.0,4096.0,"{""raw"":16}","{""sparse"":16}",0,576,16,120,100.0,0.0,0.0,16,0,0,0.008529021,0.033697355,0.165964881,"[""'<repo>/target/release/mathzip' compress --mode balanced --max-input-bytes 8589934592 --no-sync --force --segmentation fixed --segment-size 4096 '<repo>/datasets/synthetic/constant_00/s0000065536_n000p000_seed1297748005.bin' '<work>/archive.mz'"",""'<repo>/target/release/mathzip' compress --mode balanced --max-input-bytes 8589934592 --no-sync --force --segmentation fixed --segment-size 4096 --metrics-output '<work>/metrics-probe.mz.metrics.json' '<repo>/datasets/synthetic/constant_00/s0000065536_n000p000_seed1297748005.bin' '<work>/metrics-probe.mz'"",""'<repo>/target/release/mathzip' decompress --max-archive-bytes 17179869184 --max-output-bytes 8589934592 --max-segments 8388608 --no-sync --force '<work>/archive.mz' '<work>/restored.bin'""]","{""family"":""constant_00"",""noise_density"":0.0,""seed"":1297748005,""size_requested"":65536}"
mathzip-benchmark-results-v1,20260724T032334Z-aca5bed4,ablation,synthetic_ablation,datasets/synthetic/constant_00/s0000065536_n000p000_seed1297748005.bin,s0000065536_n000p000_seed1297748005.bin,CC0-1.0,python/mathzip_bench/synthetic.py and datasets/synthetic/manifest.json,datasets/synthetic/manifest.json,788cc7e3e85003e88d7c4f21698a72edc5348641fc93c7e57ec681c85e2f147e,true,de2f256064a0af797747c2b97505dc0b9f3df0de4f489eac731c23ae9ca9cc31,-0.0,65536,ablation-17-no-raw-fallback,mathzip,balanced,17 no raw fallback,1,ok,,3,3,196,334.3673469387755,0.99700927734375,99.700927734375,0.02392578125,0.0,4.387530425003206,0.0048318980043404736,0.014936876477603483,13.563200204377097,4.385368999999997,0.0041750000000035925,3551232.0,true,true,c0f91357812fb91578e0fa0d4568149602ca6df947ac7f3d64e7ef8e441dc995,de2f256064a0af797747c2b97505dc0b9f3df0de4f489eac731c23ae9ca9cc31,"[{""type"":""identity""}]",2,32768.0,32768.0,"{""constant"":2}","{""sparse"":2}",2,72,2,120,0.0,0.0,0.0,2,2,2,0.021566241,0.286885491,4.125586681,"[""'<repo>/target/release/mathzip' compress --mode balanced --max-input-bytes 8589934592 --no-sync --force --no-raw-fallback --models constant,affine,polynomial,periodic,recurrence,piecewise-linear,run,sparse,copy '<repo>/datasets/synthetic/constant_00/s0000065536_n000p000_seed1297748005.bin' '<work>/archive.mz'"",""'<repo>/target/release/mathzip' compress --mode balanced --max-input-bytes 8589934592 --no-sync --force --no-raw-fallback --models constant,affine,polynomial,periodic,recurrence,piecewise-linear,run,sparse,copy --metrics-output '<work>/metrics-probe.mz.metrics.json' '<repo>/datasets/synthetic/constant_00/s0000065536_n000p000_seed1297748005.bin' '<work>/metrics-probe.mz'"",""'<repo>/target/release/mathzip' decompress --max-archive-bytes 17179869184 --max-output-bytes 8589934592 --max-segments 8388608 --no-sync --force '<work>/archive.mz' '<work>/restored.bin'""]","{""family"":""constant_00"",""noise_density"":0.0,""seed"":1297748005,""size_requested"":65536}"
mathzip-benchmark-results-v1,20260724T032334Z-aca5bed4,ablation,synthetic_ablation,datasets/synthetic/constant_00/s0000065536_n000p000_seed1297748005.bin,s0000065536_n000p000_seed1297748005.bin,CC0-1.0,python/mathzip_bench/synthetic.py and datasets/synthetic/manifest.json,datasets/synthetic/manifest.json,788cc7e3e85003e88d7c4f21698a72edc5348641fc93c7e57ec681c85e2f147e,true,de2f256064a0af797747c2b97505dc0b9f3df0de4f489eac731c23ae9ca9cc31,-0.0,65536,ablation-18-fast,mathzip,fast,18 fast mode,1,ok,,3,3,268,244.53731343283582,0.99591064453125,99.591064453125,0.03271484375,0.0,0.026063527999212965,0.005017308001697529,2.514471563557281,13.061984629571654,0.025216999999997824,0.004231000000004315,3584000.0,true,true,7eb2ce390fa2153f1edc9d0dd73d27c22ae8e2b5a06c4b6f38fc8037777987ef,de2f256064a0af797747c2b97505dc0b9f3df0de4f489eac731c23ae9ca9cc31,"[{""type"":""identity""}]",4,16384.0,16384.0,"{""raw"":4}","{""sparse"":4}",0,144,4,120,100.0,0.0,0.0,4,0,0,0.002853755,0.001318516,0.017117321,"[""'<repo>/target/release/mathzip' compress --mode fast --max-input-bytes 8589934592 --no-sync --force '<repo>/datasets/synthetic/constant_00/s0000065536_n000p000_seed1297748005.bin' '<work>/archive.mz'"",""'<repo>/target/release/mathzip' compress --mode fast --max-input-bytes 8589934592 --no-sync --force --metrics-output '<work>/metrics-probe.mz.metrics.json' '<repo>/datasets/synthetic/constant_00/s0000065536_n000p000_seed1297748005.bin' '<work>/metrics-probe.mz'"",""'<repo>/target/release/mathzip' decompress --max-archive-bytes 17179869184 --max-output-bytes 8589934592 --max-segments 8388608 --no-sync --force '<work>/archive.mz' '<work>/restored.bin'""]","{""family"":""constant_00"",""noise_density"":0.0,""seed"":1297748005,""size_requested"":65536}"
mathzip-benchmark-results-v1,20260724T032334Z-aca5bed4,ablation,synthetic_ablation,datasets/synthetic/constant_00/s0000065536_n000p000_seed1297748005.bin,s0000065536_n000p000_seed1297748005.bin,CC0-1.0,python/mathzip_bench/synthetic.py and datasets/synthetic/manifest.json,datasets/synthetic/manifest.json,788cc7e3e85003e88d7c4f21698a72edc5348641fc93c7e57ec681c85e2f147e,true,de2f256064a0af797747c2b97505dc0b9f3df0de4f489eac731c23ae9ca9cc31,-0.0,65536,ablation-19-balanced,mathzip,balanced,19 balanced mode,1,ok,,3,3,194,337.8144329896907,0.997039794921875,99.7039794921875,0.023681640625,0.0,4.450714589002018,0.005183784000109881,0.014724826472122783,12.642502079293973,4.448824000000002,0.004354000000006408,3604480.0,true,true,ca46fdf9f778e30ef31cdd40665f2697f335b9eaa24658a13b03153f9c775193,de2f256064a0af797747c2b97505dc0b9f3df0de4f489eac731c23ae9ca9cc31,"[{""type"":""identity""}]",2,32768.0,32768.0,"{""raw"":2}","{""sparse"":2}",0,72,2,120,100.0,0.0,0.0,2,0,0,0.023250827,0.288077778,4.192805911,"[""'<repo>/target/release/mathzip' compress --mode balanced --max-input-bytes 8589934592 --no-sync --force '<repo>/datasets/synthetic/constant_00/s0000065536_n000p000_seed1297748005.bin' '<work>/archive.mz'"",""'<repo>/target/release/mathzip' compress --mode balanced --max-input-bytes 8589934592 --no-sync --force --metrics-output '<work>/metrics-probe.mz.metrics.json' '<repo>/datasets/synthetic/constant_00/s0000065536_n000p000_seed1297748005.bin' '<work>/metrics-probe.mz'"",""'<repo>/target/release/mathzip' decompress --max-archive-bytes 17179869184 --max-output-bytes 8589934592 --max-segments 8388608 --no-sync --force '<work>/archive.mz' '<work>/restored.bin'""]","{""family"":""constant_00"",""noise_density"":0.0,""seed"":1297748005,""size_requested"":65536}"
mathzip-benchmark-results-v1,20260724T032334Z-aca5bed4,ablation,synthetic_ablation,datasets/synthetic/constant_00/s0000065536_n000p000_seed1297748005.bin,s0000065536_n000p000_seed1297748005.bin,CC0-1.0,python/mathzip_bench/synthetic.py and datasets/synthetic/manifest.json,datasets/synthetic/manifest.json,788cc7e3e85003e88d7c4f21698a72edc5348641fc93c7e57ec681c85e2f147e,true,de2f256064a0af797747c2b97505dc0b9f3df0de4f489eac731c23ae9ca9cc31,-0.0,65536,ablation-20-max,mathzip,max,20 max mode,1,ok,,3,3,231,283.7056277056277,0.9964752197265625,99.64752197265625,0.0281982421875,0.0,114.15201401100057,0.005021207995014265,0.000574111640235138,13.05183933130693,113.8184359999999,0.0043180000000120344,3690496.0,true,true,d851c2507d18410ce44ffca2a66e205d6e981051b8c580adce18bbfa4ddfc440,de2f256064a0af797747c2b97505dc0b9f3df0de4f489eac731c23ae9ca9cc31,"[{""type"":""identity""}]",3,21845.333333333332,24576.0,"{""raw"":3}","{""sparse"":3}",0,108,3,120,100.0,0.0,0.0,3,0,0,0.214553509,41.951472402,72.3061274,"[""'<repo>/target/release/mathzip' compress --mode max --max-input-bytes 8589934592 --no-sync --force '<repo>/datasets/synthetic/constant_00/s0000065536_n000p000_seed1297748005.bin' '<work>/archive.mz'"",""'<repo>/target/release/mathzip' compress --mode max --max-input-bytes 8589934592 --no-sync --force --metrics-output '<work>/metrics-probe.mz.metrics.json' '<repo>/datasets/synthetic/constant_00/s0000065536_n000p000_seed1297748005.bin' '<work>/metrics-probe.mz'"",""'<repo>/target/release/mathzip' decompress --max-archive-bytes 17179869184 --max-output-bytes 8589934592 --max-segments 8388608 --no-sync --force '<work>/archive.mz' '<work>/restored.bin'""]","{""family"":""constant_00"",""noise_density"":0.0,""seed"":1297748005,""size_requested"":65536}"
mathzip-benchmark-results-v1,20260724T032334Z-aca5bed4,ablation,synthetic_ablation,datasets/synthetic/constant_00/s0000065536_n000p000_seed1297748005.bin,s0000065536_n000p000_seed1297748005.bin,CC0-1.0,python/mathzip_bench/synthetic.py and datasets/synthetic/manifest.json,datasets/synthetic/manifest.json,788cc7e3e85003e88d7c4f21698a72edc5348641fc93c7e57ec681c85e2f147e,true,de2f256064a0af797747c2b97505dc0b9f3df0de4f489eac731c23ae9ca9cc31,-0.0,65536,zstd-default,zstd,default,,1,ok,,3,3,24,2730.6666666666665,0.9996337890625,99.96337890625,0.0029296875,0.0,0.005134507002367172,0.004914044002362061,12.763834964055127,13.336469915307726,0.004596999999989748,0.0037989999999581414,364544.0,true,true,40eb9372c2afad4b3e9046218632fdd43b7c6a3c132b15acb74578752b42e505,de2f256064a0af797747c2b97505dc0b9f3df0de4f489eac731c23ae9ca9cc31,,,,,,,,,,,,,,,,,,,,"[""'<external>/zstd' -q -d -c '<work>/archive.zst'"",""'<external>/zstd' -q -f -T1 -3 -c '<repo>/datasets/synthetic/constant_00/s0000065536_n000p000_seed1297748005.bin'""]","{""family"":""constant_00"",""noise_density"":0.0,""seed"":1297748005,""size_requested"":65536}"
mathzip-benchmark-results-v1,20260724T032334Z-aca5bed4,ablation,synthetic_ablation,datasets/synthetic/linear/s0000065536_n000p000_seed1297748005.bin,s0000065536_n000p000_seed1297748005.bin,CC0-1.0,python/mathzip_bench/synthetic.py and datasets/synthetic/manifest.json,datasets/synthetic/manifest.json,788cc7e3e85003e88d7c4f21698a72edc5348641fc93c7e57ec681c85e2f147e,true,35171a3b38d84c658143e78203683076d07beca32140221055c899b2dcf1cbc5,8.0,65536,ablation-01-raw-only,mathzip,balanced,01 raw only,1,ok,,3,3,65692,0.9976252816172441,-0.00238037109375,-0.238037109375,8.01904296875,0.238037109375,0.007189499003288802,0.005030831998737995,9.115516946315852,13.026871105304247,0.0059870000000046275,0.0044400000000450746,430080.0,true,true,7ad6d659d847331a6fbaf0db7fc2ed752391cd3550c897d0970b66912863c5b4,35171a3b38d84c658143e78203683076d07beca32140221055c899b2dcf1cbc5,"[{""type"":""identity""}]",1,65536.0,65536.0,"{""raw"":1}","{""raw"":1}",0,36,65536,120,100.0,100.0,8.0,65536,0,0,0.002478078,5.2832e-05,2.1518e-05,"[""'<repo>/target/release/mathzip' compress --mode balanced --max-input-bytes 8589934592 --no-sync --force --models raw --residual-coders raw --transforms identity --segmentation fixed '<repo>/datasets/synthetic/linear/s0000065536_n000p000_seed1297748005.bin' '<work>/archive.mz'"",""'<repo>/target/release/mathzip' compress --mode balanced --max-input-bytes 8589934592 --no-sync --force --models raw --residual-coders raw --transforms identity --segmentation fixed --metrics-output '<work>/metrics-probe.mz.metrics.json' '<repo>/datasets/synthetic/linear/s0000065536_n000p000_seed1297748005.bin' '<work>/metrics-probe.mz'"",""'<repo>/target/release/mathzip' decompress --max-archive-bytes 17179869184 --max-output-bytes 8589934592 --max-segments 8388608 --no-sync --force '<work>/archive.mz' '<work>/restored.bin'""]","{""family"":""linear"",""noise_density"":0.0,""seed"":1297748005,""size_requested"":65536}"
mathzip-benchmark-results-v1,20260724T032334Z-aca5bed4,ablation,synthetic_ablation,datasets/synthetic/linear/s0000065536_n000p000_seed1297748005.bin,s0000065536_n000p000_seed1297748005.bin,CC0-1.0,python/mathzip_bench/synthetic.py and datasets/synthetic/manifest.json,datasets/synthetic/manifest.json,788cc7e3e85003e88d7c4f21698a72edc5348641fc93c7e57ec681c85e2f147e,true,35171a3b38d84c658143e78203683076d07beca32140221055c899b2dcf1cbc5,8.0,65536,ablation-02-residual-only,mathzip,balanced,02 residual coder only,1,ok,,3,3,65692,0.9976252816172441,-0.00238037109375,-0.238037109375,8.01904296875,0.238037109375,0.0074784570024348795,0.006862686001113616,8.76330504790793,9.549613662837757,0.006880000000023756,0.005032000000028347,446464.0,true,true,7ad6d659d847331a6fbaf0db7fc2ed752391cd3550c897d0970b66912863c5b4,35171a3b38d84c658143e78203683076d07beca32140221055c899b2dcf1cbc5,"[{""type"":""identity""}]",1,65536.0,65536.0,"{""raw"":1}","{""raw"":1}",0,36,65536,120,100.0,100.0,8.0,65536,0,0,0.002524315,5.2853e-05,0.000564845,"[""'<repo>/target/release/mathzip' compress --mode balanced --max-input-bytes 8589934592 --no-sync --force --models raw --residual-coders raw,rle,zero-run,sparse,bit-pack --transforms identity --segmentation fixed '<repo>/datasets/synthetic/linear/s0000065536_n000p000_seed1297748005.bin' '<work>/archive.mz'"",""'<repo>/target/release/mathzip' compress --mode balanced --max-input-bytes 8589934592 --no-sync --force --models raw --residual-coders raw,rle,zero-run,sparse,bit-pack --transforms identity --segmentation fixed --metrics-output '<work>/metrics-probe.mz.metrics.json' '<repo>/datasets/synthetic/linear/s0000065536_n000p000_seed1297748005.bin' '<work>/metrics-probe.mz'"",""'<repo>/target/release/mathzip' decompress --max-archive-bytes 17179869184 --max-output-bytes 8589934592 --max-segments 8388608 --no-sync --force '<work>/archive.mz' '<work>/restored.bin'""]","{""family"":""linear"",""noise_density"":0.0,""seed"":1297748005,""size_requested"":65536}"
mathzip-benchmark-results-v1,20260724T032334Z-aca5bed4,ablation,synthetic_ablation,datasets/synthetic/linear/s0000065536_n000p000_seed1297748005.bin,s0000065536_n000p000_seed1297748005.bin,CC0-1.0,python/mathzip_bench/synthetic.py and datasets/synthetic/manifest.json,datasets/synthetic/manifest.json,788cc7e3e85003e88d7c4f21698a72edc5348641fc93c7e57ec681c85e2f147e,true,35171a3b38d84c658143e78203683076d07beca32140221055c899b2dcf1cbc5,8.0,65536,ablation-03-fixed-constant,mathzip,balanced,03 fixed segmentation + constant,1,ok,,3,3,65692,0.9976252816172441,-0.00238037109375,-0.238037109375,8.01904296875,0.238037109375,0.008945713998400606,0.006582383000932168,7.325966380293077,9.95627267369873,0.008124999999949978,0.004736000000093554,425984.0,true,true,7ad6d659d847331a6fbaf0db7fc2ed752391cd3550c897d0970b66912863c5b4,35171a3b38d84c658143e78203683076d07beca32140221055c899b2dcf1cbc5,"[{""type"":""identity""}]",1,65536.0,65536.0,"{""raw"":1}","{""raw"":1}",0,36,65536,120,100.0,100.0,8.0,65536,0,0,0.002451156,5.1935e-05,0.001659118,"[""'<repo>/target/release/mathzip' compress --mode balanced --max-input-bytes 8589934592 --no-sync --force --models raw,constant --transforms identity --segmentation fixed --segment-size 4096 '<repo>/datasets/synthetic/linear/s0000065536_n000p000_seed1297748005.bin' '<work>/archive.mz'"",""'<repo>/target/release/mathzip' compress --mode balanced --max-input-bytes 8589934592 --no-sync --force --models raw,constant --transforms identity --segmentation fixed --segment-size 4096 --metrics-output '<work>/metrics-probe.mz.metrics.json' '<repo>/datasets/synthetic/linear/s0000065536_n000p000_seed1297748005.bin' '<work>/metrics-probe.mz'"",""'<repo>/target/release/mathzip' decompress --max-archive-bytes 17179869184 --max-output-bytes 8589934592 --max-segments 8388608 --no-sync --force '<work>/archive.mz' '<work>/restored.bin'""]","{""family"":""linear"",""noise_density"":0.0,""seed"":1297748005,""size_requested"":65536}"
mathzip-benchmark-results-v1,20260724T032334Z-aca5bed4,ablation,synthetic_ablation,datasets/synthetic/linear/s0000065536_n000p000_seed1297748005.bin,s0000065536_n000p000_seed1297748005.bin,CC0-1.0,python/mathzip_bench/synthetic.py and datasets/synthetic/manifest.json,datasets/synthetic/manifest.json,788cc7e3e85003e88d7c4f21698a72edc5348641fc93c7e57ec681c85e2f147e,true,35171a3b38d84c658143e78203683076d07beca32140221055c899b2dcf1cbc5,8.0,65536,ablation-04-fixed-all-models,mathzip,balanced,04 fixed segmentation + all models,1,ok,,3,3,744,88.08602150537635,0.9886474609375,98.86474609375,0.0908203125,0.0,0.035028256999794394,0.006380316001013853,1.8709466474562144,10.271591562171233,0.033995000000118125,0.004336999999964064,3600384.0,true,true,43d630bcc1531d8f50e8cdfe31539f2332d2e5a0b2e297dbbd169bbfc733abca,35171a3b38d84c658143e78203683076d07beca32140221055c899b2dcf1cbc5,"[{""type"":""identity""}]",16,4096.0,4096.0,"{""affine"":16}","{""sparse"":16}",32,576,16,120,0.0,0.0,0.0,16,16,16,0.00189982,0.004078762,0.025182604,"[""'<repo>/target/release/mathzip' compress --mode balanced --max-input-bytes 8589934592 --no-sync --force --models raw,constant,affine,polynomial,periodic,recurrence,piecewise-linear,run,sparse,copy --transforms identity --segmentation fixed --segment-size 4096 '<repo>/datasets/synthetic/linear/s0000065536_n000p000_seed1297748005.bin' '<work>/archive.mz'"",""'<repo>/target/release/mathzip' compress --mode balanced --max-input-bytes 8589934592 --no-sync --force --models raw,constant,affine,polynomial,periodic,recurrence,piecewise-linear,run,sparse,copy --transforms identity --segmentation fixed --segment-size 4096 --metrics-output '<work>/metrics-probe.mz.metrics.json' '<repo>/datasets/synthetic/linear/s0000065536_n000p000_seed1297748005.bin' '<work>/metrics-probe.mz'"",""'<repo>/target/release/mathzip' decompress --max-archive-bytes 17179869184 --max-output-bytes 8589934592 --max-segments 8388608 --no-sync --force '<work>/archive.mz' '<work>/restored.bin'""]","{""family"":""linear"",""noise_density"":0.0,""seed"":1297748005,""size_requested"":65536}"
mathzip-benchmark-results-v1,20260724T032334Z-aca5bed4,ablation,synthetic_ablation,datasets/synthetic/linear/s0000065536_n000p000_seed1297748005.bin,s0000065536_n000p000_seed1297748005.bin,CC0-1.0,python/mathzip_bench/synthetic.py and datasets/synthetic/manifest.json,datasets/synthetic/manifest.json,788cc7e3e85003e88d7c4f21698a72edc5348641fc93c7e57ec681c85e2f147e,true,35171a3b38d84c658143e78203683076d07beca32140221055c899b2dcf1cbc5,8.0,65536,ablation-05-adaptive-constant,mathzip,balanced,05 adaptive segmentation + constant,1,ok,,3,3,65692,0.9976252816172441,-0.00238037109375,-0.238037109375,8.01904296875,0.238037109375,0.050931090001540724,0.005347988000721671,1.2867582452686062,12.25432816811788,0.04951699999992343,0.004574000000161504,3895296.0,true,true,7ad6d659d847331a6fbaf0db7fc2ed752391cd3550c897d0970b66912863c5b4,35171a3b38d84c658143e78203683076d07beca32140221055c899b2dcf1cbc5,"[{""type"":""identity""}]",1,65536.0,65536.0,"{""raw"":1}","{""raw"":1}",0,36,65536,120,100.0,100.0,8.0,65536,0,0,0.003022198,0.001144306,0.04189734,"[""'<repo>/target/release/mathzip' compress --mode balanced --max-input-bytes 8589934592 --no-sync --force --models raw,constant --transforms identity --segmentation adaptive '<repo>/datasets/synthetic/linear/s0000065536_n000p000_seed1297748005.bin' '<work>/archive.mz'"",""'<repo>/target/release/mathzip' compress --mode balanced --max-input-bytes 8589934592 --no-sync --force --models raw,constant --transforms identity --segmentation adaptive --metrics-output '<work>/metrics-probe.mz.metrics.json' '<repo>/datasets/synthetic/linear/s0000065536_n000p000_seed1297748005.bin' '<work>/metrics-probe.mz'"",""'<repo>/target/release/mathzip' decompress --max-archive-bytes 17179869184 --max-output-bytes 8589934592 --max-segments 8388608 --no-sync --force '<work>/archive.mz' '<work>/restored.bin'""]","{""family"":""linear"",""noise_density"":0.0,""seed"":1297748005,""size_requested"":65536}"
mathzip-benchmark-results-v1,20260724T032334Z-aca5bed4,ablation,synthetic_ablation,datasets/synthetic/linear/s0000065536_n000p000_seed1297748005.bin,s0000065536_n000p000_seed1297748005.bin,CC0-1.0,python/mathzip_bench/synthetic.py and datasets/synthetic/manifest.json,datasets/synthetic/manifest.json,788cc7e3e85003e88d7c4f21698a72edc5348641fc93c7e57ec681c85e2f147e,true,35171a3b38d84c658143e78203683076d07beca32140221055c899b2dcf1cbc5,8.0,65536,ablation-06-adaptive-linear,mathzip,balanced,06 adaptive + constant/linear,1,ok,,3,3,198,330.989898989899,0.996978759765625,99.6978759765625,0.024169921875,0.0,0.07028799399995478,0.0050104749971069396,0.9323925221146895,13.079797831111948,0.06796999999994568,0.00423200000000179,3747840.0,true,true,41ef2d7c3539c76cb5f51c5ddcabf8cb089ccb33b0218327880ef441c95162bd,35171a3b38d84c658143e78203683076d07beca32140221055c899b2dcf1cbc5,"[{""type"":""identity""}]",2,32768.0,32768.0,"{""affine"":2}","{""sparse"":2}",4,72,2,120,0.0,0.0,0.0,2,2,2,0.002504212,0.005352086,0.056739791,"[""'<repo>/target/release/mathzip' compress --mode balanced --max-input-bytes 8589934592 --no-sync --force --models raw,constant,affine --transforms identity --segmentation adaptive '<repo>/datasets/synthetic/linear/s0000065536_n000p000_seed1297748005.bin' '<work>/archive.mz'"",""'<repo>/target/release/mathzip' compress --mode balanced --max-input-bytes 8589934592 --no-sync --force --models raw,constant,affine --transforms identity --segmentation adaptive --metrics-output '<work>/metrics-probe.mz.metrics.json' '<repo>/datasets/synthetic/linear/s0000065536_n000p000_seed1297748005.bin' '<work>/metrics-probe.mz'"",""'<repo>/target/release/mathzip' decompress --max-archive-bytes 17179869184 --max-output-bytes 8589934592 --max-segments 8388608 --no-sync --force '<work>/archive.mz' '<work>/restored.bin'""]","{""family"":""linear"",""noise_density"":0.0,""seed"":1297748005,""size_requested"":65536}"
mathzip-benchmark-results-v1,20260724T032334Z-aca5bed4,ablation,synthetic_ablation,datasets/synthetic/linear/s0000065536_n000p000_seed1297748005.bin,s0000065536_n000p000_seed1297748005.bin,CC0-1.0,python/mathzip_bench/synthetic.py and datasets/synthetic/manifest.json,datasets/synthetic/manifest.json,788cc7e3e85003e88d7c4f21698a72edc5348641fc93c7e57ec681c85e2f147e,true,35171a3b38d84c658143e78203683076d07beca32140221055c899b2dcf1cbc5,8.0,65536,ablation-07-add-polynomial,mathzip,balanced,07 add polynomial,1,ok,,3,3,198,330.989898989899,0.996978759765625,99.6978759765625,0.024169921875,0.0,0.13449668200337328,0.005009890999644995,0.4872685260619017,13.081322528702508,0.1322339999999258,0.004248999999958869,3723264.0,true,true,41ef2d7c3539c76cb5f51c5ddcabf8cb089ccb33b0218327880ef441c95162bd,35171a3b38d84c658143e78203683076d07beca32140221055c899b2dcf1cbc5,"[{""type"":""identity""}]",2,32768.0,32768.0,"{""affine"":2}","{""sparse"":2}",4,72,2,120,0.0,0.0,0.0,2,2,2,0.002701595,0.005361675,0.122408287,"[""'<repo>/target/release/mathzip' compress --mode balanced --max-input-bytes 8589934592 --no-sync --force --models raw,constant,affine,polynomial --transforms identity --segmentation adaptive '<repo>/datasets/synthetic/linear/s0000065536_n000p000_seed1297748005.bin' '<work>/archive.mz'"",""'<repo>/target/release/mathzip' compress --mode balanced --max-input-bytes 8589934592 --no-sync --force --models raw,constant,affine,polynomial --transforms identity --segmentation adaptive --metrics-output '<work>/metrics-probe.mz.metrics.json' '<repo>/datasets/synthetic/linear/s0000065536_n000p000_seed1297748005.bin' '<work>/metrics-probe.mz'"",""'<repo>/target/release/mathzip' decompress --max-archive-bytes 17179869184 --max-output-bytes 8589934592 --max-segments 8388608 --no-sync --force '<work>/archive.mz' '<work>/restored.bin'""]","{""family"":""linear"",""noise_density"":0.0,""seed"":1297748005,""size_requested"":65536}"
mathzip-benchmark-results-v1,20260724T032334Z-aca5bed4,ablation,synthetic_ablation,datasets/synthetic/linear/s0000065536_n000p000_seed1297748005.bin,s0000065536_n000p000_seed1297748005.bin,CC0-1.0,python/mathzip_bench/synthetic.py and datasets/synthetic/manifest.json,datasets/synthetic/manifest.json,788cc7e3e85003e88d7c4f21698a72edc5348641fc93c7e57ec681c85e2f147e,true,35171a3b38d84c658143e78203683076d07beca32140221055c899b2dcf1cbc5,8.0,65536,ablation-08-add-periodic,mathzip,balanced,08 add periodic,1,ok,,3,3,198,330.989898989899,0.996978759765625,99.6978759765625,0.024169921875,0.0,0.2769562390021747,0.005374061998736579,0.2366294409402541,12.19487233593644,0.2759290000000192,0.004295999999953892,3694592.0,true,true,41ef2d7c3539c76cb5f51c5ddcabf8cb089ccb33b0218327880ef441c95162bd,35171a3b38d84c658143e78203683076d07beca32140221055c899b2dcf1cbc5,"[{""type"":""identity""}]",2,32768.0,32768.0,"{""affine"":2}","{""sparse"":2}",4,72,2,120,0.0,0.0,0.0,2,2,2,0.00291076,0.026216657,0.246346567,"[""'<repo>/target/release/mathzip' compress --mode balanced --max-input-bytes 8589934592 --no-sync --force --models raw,constant,affine,polynomial,periodic --transforms identity --segmentation adaptive '<repo>/datasets/synthetic/linear/s0000065536_n000p000_seed1297748005.bin' '<work>/archive.mz'"",""'<repo>/target/release/mathzip' compress --mode balanced --max-input-bytes 8589934592 --no-sync --force --models raw,constant,affine,polynomial,periodic --transforms identity --segmentation adaptive --metrics-output '<work>/metrics-probe.mz.metrics.json' '<repo>/datasets/synthetic/linear/s0000065536_n000p000_seed1297748005.bin' '<work>/metrics-probe.mz'"",""'<repo>/target/release/mathzip' decompress --max-archive-bytes 17179869184 --max-output-bytes 8589934592 --max-segments 8388608 --no-sync --force '<work>/archive.mz' '<work>/restored.bin'""]","{""family"":""linear"",""noise_density"":0.0,""seed"":1297748005,""size_requested"":65536}"
mathzip-benchmark-results-v1,20260724T032334Z-aca5bed4,ablation,synthetic_ablation,datasets/synthetic/linear/s0000065536_n000p000_seed1297748005.bin,s0000065536_n000p000_seed1297748005.bin,CC0-1.0,python/mathzip_bench/synthetic.py and datasets/synthetic/manifest.json,datasets/synthetic/manifest.json,788cc7e3e85003e88d7c4f21698a72edc5348641fc93c7e57ec681c85e2f147e,true,35171a3b38d84c658143e78203683076d07beca32140221055c899b2dcf1cbc5,8.0,65536,ablation-09-add-recurrence,mathzip,balanced,09 add recurrence,1,ok,,3,3,198,330.989898989899,0.996978759765625,99.6978759765625,0.024169921875,0.0,0.47464470400154823,0.005347240003175102,0.13807380435827263,12.256042362244038,0.4732160000000931,0.004365999999890846,3690496.0,true,true,41ef2d7c3539c76cb5f51c5ddcabf8cb089ccb33b0218327880ef441c95162bd,35171a3b38d84c658143e78203683076d07beca32140221055c899b2dcf1cbc5,"[{""type"":""identity""}]",2,32768.0,32768.0,"{""affine"":2}","{""sparse"":2}",4,72,2,120,0.0,0.0,0.0,2,2,2,0.003302272,0.025863449,0.44064254,"[""'<repo>/target/release/mathzip' compress --mode balanced --max-input-bytes 8589934592 --no-sync --force --models raw,constant,affine,polynomial,periodic,recurrence --transforms identity --segmentation adaptive '<repo>/datasets/synthetic/linear/s0000065536_n000p000_seed1297748005.bin' '<work>/archive.mz'"",""'<repo>/target/release/mathzip' compress --mode balanced --max-input-bytes 8589934592 --no-sync --force --models raw,constant,affine,polynomial,periodic,recurrence --transforms identity --segmentation adaptive --metrics-output '<work>/metrics-probe.mz.metrics.json' '<repo>/datasets/synthetic/linear/s0000065536_n000p000_seed1297748005.bin' '<work>/metrics-probe.mz'"",""'<repo>/target/release/mathzip' decompress --max-archive-bytes 17179869184 --max-output-bytes 8589934592 --max-segments 8388608 --no-sync --force '<work>/archive.mz' '<work>/restored.bin'""]","{""family"":""linear"",""noise_density"":0.0,""seed"":1297748005,""size_requested"":65536}"
mathzip-benchmark-results-v1,20260724T032334Z-aca5bed4,ablation,synthetic_ablation,datasets/synthetic/linear/s0000065536_n000p000_seed1297748005.bin,s0000065536_n000p000_seed1297748005.bin,CC0-1.0,python/mathzip_bench/synthetic.py and datasets/synthetic/manifest.json,datasets/synthetic/manifest.json,788cc7e3e85003e88d7c4f21698a72edc5348641fc93c7e57ec681c85e2f147e,true,35171a3b38d84c658143e78203683076d07beca32140221055c899b2dcf1cbc5,8.0,65536,ablation-10-add-bit-plane,mathzip,balanced,10 add bit-plane,1,ok,,3,3,198,330.989898989899,0.996978759765625,99.6978759765625,0.024169921875,0.0,1.0519546450013877,0.005197756996494718,0.06229926386219203,12.608515566271452,1.0452430000000277,0.004509999999982028,3727360.0,true,true,41ef2d7c3539c76cb5f51c5ddcabf8cb089ccb33b0218327880ef441c95162bd,35171a3b38d84c658143e78203683076d07beca32140221055c899b2dcf1cbc5,"[{""type"":""identity""}]",2,32768.0,32768.0,"{""affine"":2}","{""sparse"":2}",4,72,2,120,0.0,0.0,0.0,2,2,2,0.007656799,0.076263836,0.962905758,"[""'<repo>/target/release/mathzip' compress --mode balanced --max-input-bytes 8589934592 --no-sync --force --models raw,constant,affine,polynomial,periodic,recurrence --transforms identity,bit-plane --segmentation adaptive '<repo>/datasets/synthetic/linear/s0000065536_n000p000_seed1297748005.bin' '<work>/archive.mz'"",""'<repo>/target/release/mathzip' compress --mode balanced --max-input-bytes 8589934592 --no-sync --force --models raw,constant,affine,polynomial,periodic,recurrence --transforms identity,bit-plane --segmentation adaptive --metrics-output '<work>/metrics-probe.mz.metrics.json' '<repo>/datasets/synthetic/linear/s0000065536_n000p000_seed1297748005.bin' '<work>/metrics-probe.mz'"",""'<repo>/target/release/mathzip' decompress --max-archive-bytes 17179869184 --max-output-bytes 8589934592 --max-segments 8388608 --no-sync --force '<work>/archive.mz' '<work>/restored.bin'""]","{""family"":""linear"",""noise_density"":0.0,""seed"":1297748005,""size_requested"":65536}"
mathzip-benchmark-results-v1,20260724T032334Z-aca5bed4,ablation,synthetic_ablation,datasets/synthetic/linear/s0000065536_n000p000_seed1297748005.bin,s0000065536_n000p000_seed1297748005.bin,CC0-1.0,python/mathzip_bench/synthetic.py and datasets/synthetic/manifest.json,datasets/synthetic/manifest.json,788cc7e3e85003e88d7c4f21698a72edc5348641fc93c7e57ec681c85e2f147e,true,35171a3b38d84c658143e78203683076d07beca32140221055c899b2dcf1cbc5,8.0,65536,ablation-11-add-stride,mathzip,balanced,11 add stride transpose,1,ok,,3,3,198,330.989898989899,0.996978759765625,99.6978759765625,0.024169921875,0.0,3.705135527001403,0.0053662480058846995,0.01768788200118521,12.212629742071618,3.6758760000000166,0.004374000000098022,3682304.0,true,true,41ef2d7c3539c76cb5f51c5ddcabf8cb089ccb33b0218327880ef441c95162bd,35171a3b38d84c658143e78203683076d07beca32140221055c899b2dcf1cbc5,"[{""type"":""identity""}]",2,32768.0,32768.0,"{""affine"":2}","{""sparse"":2}",4,72,2,120,0.0,0.0,0.0,2,2,2,0.019746347,0.290850293,3.358032772,"[""'<repo>/target/release/mathzip' compress --mode balanced --max-input-bytes 8589934592 --no-sync --force --models raw,constant,affine,polynomial,periodic,recurrence --transforms identity,bit-plane,stride --segmentation adaptive '<repo>/datasets/synthetic/linear/s0000065536_n000p000_seed1297748005.bin' '<work>/archive.mz'"",""'<repo>/target/release/mathzip' compress --mode balanced --max-input-bytes 8589934592 --no-sync --force --models raw,constant,affine,polynomial,periodic,recurrence --transforms identity,bit-plane,stride --segmentation adaptive --metrics-output '<work>/metrics-probe.mz.metrics.json' '<repo>/datasets/synthetic/linear/s0000065536_n000p000_seed1297748005.bin' '<work>/metrics-probe.mz'"",""'<repo>/target/release/mathzip' decompress --max-archive-bytes 17179869184 --max-output-bytes 8589934592 --max-segments 8388608 --no-sync --force '<work>/archive.mz' '<work>/restored.bin'""]","{""family"":""linear"",""noise_density"":0.0,""seed"":1297748005,""size_requested"":65536}"
mathzip-benchmark-results-v1,20260724T032334Z-aca5bed4,ablation,synthetic_ablation,datasets/synthetic/linear/s0000065536_n000p000_seed1297748005.bin,s0000065536_n000p000_seed1297748005.bin,CC0-1.0,python/mathzip_bench/synthetic.py and datasets/synthetic/manifest.json,datasets/synthetic/manifest.json,788cc7e3e85003e88d7c4f21698a72edc5348641fc93c7e57ec681c85e2f147e,true,35171a3b38d84c658143e78203683076d07beca32140221055c899b2dcf1cbc5,8.0,65536,ablation-12-add-copy,mathzip,balanced,12 add copy/reference,1,ok,,3,3,198,330.989898989899,0.996978759765625,99.6978759765625,0.024169921875,0.0,3.709702999003639,0.005207567002798896,0.01766610427239103,12.584763665023715,3.693678000000091,0.004332999999860476,3678208.0,true,true,41ef2d7c3539c76cb5f51c5ddcabf8cb089ccb33b0218327880ef441c95162bd,35171a3b38d84c658143e78203683076d07beca32140221055c899b2dcf1cbc5,"[{""type"":""identity""}]",2,32768.0,32768.0,"{""affine"":2}","{""sparse"":2}",4,72,2,120,0.0,0.0,0.0,2,2,2,0.020180597,0.299085728,3.442855292,"[""'<repo>/target/release/mathzip' compress --mode balanced --max-input-bytes 8589934592 --no-sync --force --models raw,constant,affine,polynomial,periodic,recurrence,copy --transforms identity,bit-plane,stride --segmentation adaptive '<repo>/datasets/synthetic/linear/s0000065536_n000p000_seed1297748005.bin' '<work>/archive.mz'"",""'<repo>/target/release/mathzip' compress --mode balanced --max-input-bytes 8589934592 --no-sync --force --models raw,constant,affine,polynomial,periodic,recurrence,copy --transforms identity,bit-plane,stride --segmentation adaptive --metrics-output '<work>/metrics-probe.mz.metrics.json' '<repo>/datasets/synthetic/linear/s0000065536_n000p000_seed1297748005.bin' '<work>/metrics-probe.mz'"",""'<repo>/target/release/mathzip' decompress --max-archive-bytes 17179869184 --max-output-bytes 8589934592 --max-segments 8388608 --no-sync --force '<work>/archive.mz' '<work>/restored.bin'""]","{""family"":""linear"",""noise_density"":0.0,""seed"":1297748005,""size_requested"":65536}"
mathzip-benchmark-results-v1,20260724T032334Z-aca5bed4,ablation,synthetic_ablation,datasets/synthetic/linear/s0000065536_n000p000_seed1297748005.bin,s0000065536_n000p000_seed1297748005.bin,CC0-1.0,python/mathzip_bench/synthetic.py and datasets/synthetic/manifest.json,datasets/synthetic/manifest.json,788cc7e3e85003e88d7c4f21698a72edc5348641fc93c7e57ec681c85e2f147e,true,35171a3b38d84c658143e78203683076d07beca32140221055c899b2dcf1cbc5,8.0,65536,ablation-13-custom-residual,mathzip,balanced,13 custom residual coders,1,ok,,3,3,198,330.989898989899,0.996978759765625,99.6978759765625,0.024169921875,0.0,6.007130739999411,0.005129810997459572,0.010909700959830687,12.775519416301163,6.002786000000015,0.004273000000011962,4206592.0,true,true,41ef2d7c3539c76cb5f51c5ddcabf8cb089ccb33b0218327880ef441c95162bd,35171a3b38d84c658143e78203683076d07beca32140221055c899b2dcf1cbc5,"[{""type"":""identity""}]",2,32768.0,32768.0,"{""affine"":2}","{""sparse"":2}",4,72,2,120,0.0,0.0,0.0,2,2,2,0.026624515,0.454472827,5.526838809,"[""'<repo>/target/release/mathzip' compress --mode balanced --max-input-bytes 8589934592 --no-sync --force --residual-coders raw,rle,zero-run,sparse,bit-pack '<repo>/datasets/synthetic/linear/s0000065536_n000p000_seed1297748005.bin' '<work>/archive.mz'"",""'<repo>/target/release/mathzip' compress --mode balanced --max-input-bytes 8589934592 --no-sync --force --residual-coders raw,rle,zero-run,sparse,bit-pack --metrics-output '<work>/metrics-probe.mz.metrics.json' '<repo>/datasets/synthetic/linear/s0000065536_n000p000_seed1297748005.bin' '<work>/metrics-probe.mz'"",""'<repo>/target/release/mathzip' decompress --max-archive-bytes 17179869184 --max-output-bytes 8589934592 --max-segments 8388608 --no-sync --force '<work>/archive.mz' '<work>/restored.bin'""]","{""family"":""linear"",""noise_density"":0.0,""seed"":1297748005,""size_requested"":65536}"
mathzip-benchmark-results-v1,20260724T032334Z-aca5bed4,ablation,synthetic_ablation,datasets/synthetic/linear/s0000065536_n000p000_seed1297748005.bin,s0000065536_n000p000_seed1297748005.bin,CC0-1.0,python/mathzip_bench/synthetic.py and datasets/synthetic/manifest.json,datasets/synthetic/manifest.json,788cc7e3e85003e88d7c4f21698a72edc5348641fc93c7e57ec681c85e2f147e,true,35171a3b38d84c658143e78203683076d07beca32140221055c899b2dcf1cbc5,8.0,65536,ablation-14-zstd-residual,mathzip,balanced,14 mathematical models + Zstd residual,1,ok,,3,3,232,282.48275862068965,0.9964599609375,99.64599609375,0.0283203125,0.0,3.5136949680018006,0.0057237250002799556,0.018651590589626395,11.449886218641625,3.512002000000166,0.004562000000078115,4907008.0,true,true,176c186057946555c17230583e94c75cbc5a62230b3f115d73d34975b6055708,35171a3b38d84c658143e78203683076d07beca32140221055c899b2dcf1cbc5,"[{""type"":""delta""}]",2,32768.0,32768.0,"{""constant"":2}","{""zstd"":2}",2,72,38,120,0.0,0.0,0.00026615423635777775,38,2,0,0.027184649,0.454020425,3.04923577,"[""'<repo>/target/release/mathzip' compress --mode balanced --max-input-bytes 8589934592 --no-sync --force --models constant,affine,polynomial,periodic,recurrence,piecewise-linear,run,sparse --residual-coders zstd --no-copy-model '<repo>/datasets/synthetic/linear/s0000065536_n000p000_seed1297748005.bin' '<work>/archive.mz'"",""'<repo>/target/release/mathzip' compress --mode balanced --max-input-bytes 8589934592 --no-sync --force --models constant,affine,polynomial,periodic,recurrence,piecewise-linear,run,sparse --residual-coders zstd --no-copy-model --metrics-output '<work>/metrics-probe.mz.metrics.json' '<repo>/datasets/synthetic/linear/s0000065536_n000p000_seed1297748005.bin' '<work>/metrics-probe.mz'"",""'<repo>/target/release/mathzip' decompress --max-archive-bytes 17179869184 --max-output-bytes 8589934592 --max-segments 8388608 --no-sync --force '<work>/archive.mz' '<work>/restored.bin'""]","{""family"":""linear"",""noise_density"":0.0,""seed"":1297748005,""size_requested"":65536}"
mathzip-benchmark-results-v1,20260724T032334Z-aca5bed4,ablation,synthetic_ablation,datasets/synthetic/linear/s0000065536_n000p000_seed1297748005.bin,s0000065536_n000p000_seed1297748005.bin,CC0-1.0,python/mathzip_bench/synthetic.py and datasets/synthetic/manifest.json,datasets/synthetic/manifest.json,788cc7e3e85003e88d7c4f21698a72edc5348641fc93c7e57ec681c85e2f147e,true,35171a3b38d84c658143e78203683076d07beca32140221055c899b2dcf1cbc5,8.0,65536,ablation-15-no-transform,mathzip,balanced,15 identity transform only,1,ok,,3,3,198,330.989898989899,0.996978759765625,99.6978759765625,0.024169921875,0.0,0.6487283620008384,0.005002769998100121,0.10102225189888538,13.099942636756898,0.64770099999987,0.004320000000006985,4157440.0,true,true,41ef2d7c3539c76cb5f51c5ddcabf8cb089ccb33b0218327880ef441c95162bd,35171a3b38d84c658143e78203683076d07beca32140221055c899b2dcf1cbc5,"[{""type"":""identity""}]",2,32768.0,32768.0,"{""affine"":2}","{""sparse"":2}",4,72,2,120,0.0,0.0,0.0,2,2,2,0.003451446,0.041068484,0.598500901,"[""'<repo>/target/release/mathzip' compress --mode balanced --max-input-bytes 8589934592 --no-sync --force --transforms identity '<repo>/datasets/synthetic/linear/s0000065536_n000p000_seed1297748005.bin' '<work>/archive.mz'"",""'<repo>/target/release/mathzip' compress --mode balanced --max-input-bytes 8589934592 --no-sync --force --transforms identity --metrics-output '<work>/metrics-probe.mz.metrics.json' '<repo>/datasets/synthetic/linear/s0000065536_n000p000_seed1297748005.bin' '<work>/metrics-probe.mz'"",""'<repo>/target/release/mathzip' decompress --max-archive-bytes 17179869184 --max-output-bytes 8589934592 --max-segments 8388608 --no-sync --force '<work>/archive.mz' '<work>/restored.bin'""]","{""family"":""linear"",""noise_density"":0.0,""seed"":1297748005,""size_requested"":65536}"
mathzip-benchmark-results-v1,20260724T032334Z-aca5bed4,ablation,synthetic_ablation,datasets/synthetic/linear/s0000065536_n000p000_seed1297748005.bin,s0000065536_n000p000_seed1297748005.bin,CC0-1.0,python/mathzip_bench/synthetic.py and datasets/synthetic/manifest.json,datasets/synthetic/manifest.json,788cc7e3e85003e88d7c4f21698a72edc5348641fc93c7e57ec681c85e2f147e,true,35171a3b38d84c658143e78203683076d07beca32140221055c899b2dcf1cbc5,8.0,65536,ablation-16-no-adaptive-partition,mathzip,balanced,16 fixed partition,1,ok,,3,3,730,89.77534246575343,0.988861083984375,98.8861083984375,0.089111328125,0.0,0.25406563100114,0.004953362004016526,0.25794909662419446,13.23060982558087,0.2508299999999508,0.00425800000016352,3633152.0,true,true,722407fd49534cda02010938dab56ded9d26518e9aac430ea4a7d81b45514dee,35171a3b38d84c658143e78203683076d07beca32140221055c899b2dcf1cbc5,"[{""type"":""delta""}]",16,4096.0,4096.0,"{""constant"":16}","{""sparse"":16}",16,576,18,120,0.0,0.0,0.00026615423635777775,18,16,16,0.008540996,0.035600388,0.206585358,"[""'<repo>/target/release/mathzip' compress --mode balanced --max-input-bytes 8589934592 --no-sync --force --segmentation fixed --segment-size 4096 '<repo>/datasets/synthetic/linear/s0000065536_n000p000_seed1297748005.bin' '<work>/archive.mz'"",""'<repo>/target/release/mathzip' compress --mode balanced --max-input-bytes 8589934592 --no-sync --force --segmentation fixed --segment-size 4096 --metrics-output '<work>/metrics-probe.mz.metrics.json' '<repo>/datasets/synthetic/linear/s0000065536_n000p000_seed1297748005.bin' '<work>/metrics-probe.mz'"",""'<repo>/target/release/mathzip' decompress --max-archive-bytes 17179869184 --max-output-bytes 8589934592 --max-segments 8388608 --no-sync --force '<work>/archive.mz' '<work>/restored.bin'""]","{""family"":""linear"",""noise_density"":0.0,""seed"":1297748005,""size_requested"":65536}"
mathzip-benchmark-results-v1,20260724T032334Z-aca5bed4,ablation,synthetic_ablation,datasets/synthetic/linear/s0000065536_n000p000_seed1297748005.bin,s0000065536_n000p000_seed1297748005.bin,CC0-1.0,python/mathzip_bench/synthetic.py and datasets/synthetic/manifest.json,datasets/synthetic/manifest.json,788cc7e3e85003e88d7c4f21698a72edc5348641fc93c7e57ec681c85e2f147e,true,35171a3b38d84c658143e78203683076d07beca32140221055c899b2dcf1cbc5,8.0,65536,ablation-17-no-raw-fallback,mathzip,balanced,17 no raw fallback,1,ok,,3,3,198,330.989898989899,0.996978759765625,99.6978759765625,0.024169921875,0.0,5.8516266779988655,0.005981007001537364,0.011199620824480202,10.957352162128311,5.849347999999964,0.004239999999981592,4100096.0,true,true,41ef2d7c3539c76cb5f51c5ddcabf8cb089ccb33b0218327880ef441c95162bd,35171a3b38d84c658143e78203683076d07beca32140221055c899b2dcf1cbc5,"[{""type"":""identity""}]",2,32768.0,32768.0,"{""affine"":2}","{""sparse"":2}",4,72,2,120,0.0,0.0,0.0,2,2,2,0.024452451,0.453329554,5.367457932,"[""'<repo>/target/release/mathzip' compress --mode balanced --max-input-bytes 8589934592 --no-sync --force --no-raw-fallback --models constant,affine,polynomial,periodic,recurrence,piecewise-linear,run,sparse,copy '<repo>/datasets/synthetic/linear/s0000065536_n000p000_seed1297748005.bin' '<work>/archive.mz'"",""'<repo>/target/release/mathzip' compress --mode balanced --max-input-bytes 8589934592 --no-sync --force --no-raw-fallback --models constant,affine,polynomial,periodic,recurrence,piecewise-linear,run,sparse,copy --metrics-output '<work>/metrics-probe.mz.metrics.json' '<repo>/datasets/synthetic/linear/s0000065536_n000p000_seed1297748005.bin' '<work>/metrics-probe.mz'"",""'<repo>/target/release/mathzip' decompress --max-archive-bytes 17179869184 --max-output-bytes 8589934592 --max-segments 8388608 --no-sync --force '<work>/archive.mz' '<work>/restored.bin'""]","{""family"":""linear"",""noise_density"":0.0,""seed"":1297748005,""size_requested"":65536}"
mathzip-benchmark-results-v1,20260724T032334Z-aca5bed4,ablation,synthetic_ablation,datasets/synthetic/linear/s0000065536_n000p000_seed1297748005.bin,s0000065536_n000p000_seed1297748005.bin,CC0-1.0,python/mathzip_bench/synthetic.py and datasets/synthetic/manifest.json,datasets/synthetic/manifest.json,788cc7e3e85003e88d7c4f21698a72edc5348641fc93c7e57ec681c85e2f147e,true,35171a3b38d84c658143e78203683076d07beca32140221055c899b2dcf1cbc5,8.0,65536,ablation-18-fast,mathzip,fast,18 fast mode,1,ok,,3,3,274,239.1824817518248,0.995819091796875,99.5819091796875,0.033447265625,0.0,0.03481692799687153,0.005108962002850603,1.8823027696725205,12.827654612313312,0.033417999999983294,0.004265999999915948,3649536.0,true,true,abea5a1912992bc7eff009759e2226367bb5e132e3214208c90dd99bea9ec0f2,35171a3b38d84c658143e78203683076d07beca32140221055c899b2dcf1cbc5,"[{""type"":""delta""}]",4,16384.0,16384.0,"{""constant"":4}","{""sparse"":4}",4,144,6,120,0.0,0.0,0.00026615423635777775,6,4,4,0.003606985,0.000981632,0.02505191,"[""'<repo>/target/release/mathzip' compress --mode fast --max-input-bytes 8589934592 --no-sync --force '<repo>/datasets/synthetic/linear/s0000065536_n000p000_seed1297748005.bin' '<work>/archive.mz'"",""'<repo>/target/release/mathzip' compress --mode fast --max-input-bytes 8589934592 --no-sync --force --metrics-output '<work>/metrics-probe.mz.metrics.json' '<repo>/datasets/synthetic/linear/s0000065536_n000p000_seed1297748005.bin' '<work>/metrics-probe.mz'"",""'<repo>/target/release/mathzip' decompress --max-archive-bytes 17179869184 --max-output-bytes 8589934592 --max-segments 8388608 --no-sync --force '<work>/archive.mz' '<work>/restored.bin'""]","{""family"":""linear"",""noise_density"":0.0,""seed"":1297748005,""size_requested"":65536}"
mathzip-benchmark-results-v1,20260724T032334Z-aca5bed4,ablation,synthetic_ablation,datasets/synthetic/linear/s0000065536_n000p000_seed1297748005.bin,s0000065536_n000p000_seed1297748005.bin,CC0-1.0,python/mathzip_bench/synthetic.py and datasets/synthetic/manifest.json,datasets/synthetic/manifest.json,788cc7e3e85003e88d7c4f21698a72edc5348641fc93c7e57ec681c85e2f147e,true,35171a3b38d84c658143e78203683076d07beca32140221055c899b2dcf1cbc5,8.0,65536,ablation-19-balanced,mathzip,balanced,19 balanced mode,1,ok,,3,3,198,330.989898989899,0.996978759765625,99.6978759765625,0.024169921875,0.0,5.950577566996799,0.0074518760011415,0.011013384711339105,8.794563944698087,5.947152999999844,0.0041639999999461,4173824.0,true,true,41ef2d7c3539c76cb5f51c5ddcabf8cb089ccb33b0218327880ef441c95162bd,35171a3b38d84c658143e78203683076d07beca32140221055c899b2dcf1cbc5,"[{""type"":""identity""}]",2,32768.0,32768.0,"{""affine"":2}","{""sparse"":2}",4,72,2,120,0.0,0.0,0.0,2,2,2,0.025872173,0.451744847,5.4850846109999996,"[""'<repo>/target/release/mathzip' compress --mode balanced --max-input-bytes 8589934592 --no-sync --force '<repo>/datasets/synthetic/linear/s0000065536_n000p000_seed1297748005.bin' '<work>/archive.mz'"",""'<repo>/target/release/mathzip' compress --mode balanced --max-input-bytes 8589934592 --no-sync --force --metrics-output '<work>/metrics-probe.mz.metrics.json' '<repo>/datasets/synthetic/linear/s0000065536_n000p000_seed1297748005.bin' '<work>/metrics-probe.mz'"",""'<repo>/target/release/mathzip' decompress --max-archive-bytes 17179869184 --max-output-bytes 8589934592 --max-segments 8388608 --no-sync --force '<work>/archive.mz' '<work>/restored.bin'""]","{""family"":""linear"",""noise_density"":0.0,""seed"":1297748005,""size_requested"":65536}"
mathzip-benchmark-results-v1,20260724T032334Z-aca5bed4,ablation,synthetic_ablation,datasets/synthetic/linear/s0000065536_n000p000_seed1297748005.bin,s0000065536_n000p000_seed1297748005.bin,CC0-1.0,python/mathzip_bench/synthetic.py and datasets/synthetic/manifest.json,datasets/synthetic/manifest.json,788cc7e3e85003e88d7c4f21698a72edc5348641fc93c7e57ec681c85e2f147e,true,35171a3b38d84c658143e78203683076d07beca32140221055c899b2dcf1cbc5,8.0,65536,ablation-20-max,mathzip,max,20 max mode,1,ok,,3,3,236,277.6949152542373,0.99639892578125,99.639892578125,0.02880859375,0.0,149.58102670800145,0.005287018000672106,0.00043813043299892204,12.395645331956278,149.48142800000005,0.004433000000062748,4206592.0,true,true,3570a68b13bbaff5d7b13b5843c051f0ab0ae90febe7a206908a014ccd4f6278,35171a3b38d84c658143e78203683076d07beca32140221055c899b2dcf1cbc5,"[{""type"":""delta""}]",3,21845.333333333332,24576.0,"{""constant"":3}","{""sparse"":3}",3,108,5,120,0.0,0.0,0.00026615423635777775,5,3,3,0.297076656,56.519564915,92.954972399,"[""'<repo>/target/release/mathzip' compress --mode max --max-input-bytes 8589934592 --no-sync --force '<repo>/datasets/synthetic/linear/s0000065536_n000p000_seed1297748005.bin' '<work>/archive.mz'"",""'<repo>/target/release/mathzip' compress --mode max --max-input-bytes 8589934592 --no-sync --force --metrics-output '<work>/metrics-probe.mz.metrics.json' '<repo>/datasets/synthetic/linear/s0000065536_n000p000_seed1297748005.bin' '<work>/metrics-probe.mz'"",""'<repo>/target/release/mathzip' decompress --max-archive-bytes 17179869184 --max-output-bytes 8589934592 --max-segments 8388608 --no-sync --force '<work>/archive.mz' '<work>/restored.bin'""]","{""family"":""linear"",""noise_density"":0.0,""seed"":1297748005,""size_requested"":65536}"
mathzip-benchmark-results-v1,20260724T032334Z-aca5bed4,ablation,synthetic_ablation,datasets/synthetic/linear/s0000065536_n000p000_seed1297748005.bin,s0000065536_n000p000_seed1297748005.bin,CC0-1.0,python/mathzip_bench/synthetic.py and datasets/synthetic/manifest.json,datasets/synthetic/manifest.json,788cc7e3e85003e88d7c4f21698a72edc5348641fc93c7e57ec681c85e2f147e,true,35171a3b38d84c658143e78203683076d07beca32140221055c899b2dcf1cbc5,8.0,65536,zstd-default,zstd,default,,1,ok,,3,3,281,233.22419928825622,0.9957122802734375,99.57122802734375,0.0343017578125,0.0,0.0053375549978227355,0.004468977000215091,12.278280978225622,14.664653677305962,0.004655000000184373,0.003989000000274245,368640.0,true,true,c2bc1fa3d957f726ea60e7ad05e39d5c195bc6ee4478879bcdc2b48c0c68c2af,35171a3b38d84c658143e78203683076d07beca32140221055c899b2dcf1cbc5,,,,,,,,,,,,,,,,,,,,"[""'<external>/zstd' -q -d -c '<work>/archive.zst'"",""'<external>/zstd' -q -f -T1 -3 -c '<repo>/datasets/synthetic/linear/s0000065536_n000p000_seed1297748005.bin'""]","{""family"":""linear"",""noise_density"":0.0,""seed"":1297748005,""size_requested"":65536}"
mathzip-benchmark-results-v1,20260724T032334Z-aca5bed4,ablation,synthetic_ablation,datasets/synthetic/linear/s0000065536_n005p000_seed1297748005.bin,s0000065536_n005p000_seed1297748005.bin,CC0-1.0,python/mathzip_bench/synthetic.py and datasets/synthetic/manifest.json,datasets/synthetic/manifest.json,788cc7e3e85003e88d7c4f21698a72edc5348641fc93c7e57ec681c85e2f147e,true,6d4dc987463f20cf02ac2d7b5a56d7f1ac84c5d7ed37c15f903ebb76c3362922,7.999728456073299,65536,ablation-01-raw-only,mathzip,balanced,01 raw only,1,ok,,3,3,65692,0.9976252816172441,-0.00238037109375,-0.238037109375,8.01904296875,0.238037109375,0.0069435680052265525,0.006602055000257678,9.438375191352605,9.926606185110867,0.0062800000000606815,0.004408000000239554,532480.0,true,true,d516e8c0a6061feefd96c1766cfa73bd33af137c612cd8b7c5a6f7153723b7e4,6d4dc987463f20cf02ac2d7b5a56d7f1ac84c5d7ed37c15f903ebb76c3362922,"[{""type"":""identity""}]",1,65536.0,65536.0,"{""raw"":1}","{""raw"":1}",0,36,65536,120,100.0,100.0,7.999728456073311,65536,0,0,0.002442102,5.1839e-05,1.9303e-05,"[""'<repo>/target/release/mathzip' compress --mode balanced --max-input-bytes 8589934592 --no-sync --force --models raw --residual-coders raw --transforms identity --segmentation fixed '<repo>/datasets/synthetic/linear/s0000065536_n005p000_seed1297748005.bin' '<work>/archive.mz'"",""'<repo>/target/release/mathzip' compress --mode balanced --max-input-bytes 8589934592 --no-sync --force --models raw --residual-coders raw --transforms identity --segmentation fixed --metrics-output '<work>/metrics-probe.mz.metrics.json' '<repo>/datasets/synthetic/linear/s0000065536_n005p000_seed1297748005.bin' '<work>/metrics-probe.mz'"",""'<repo>/target/release/mathzip' decompress --max-archive-bytes 17179869184 --max-output-bytes 8589934592 --max-segments 8388608 --no-sync --force '<work>/archive.mz' '<work>/restored.bin'""]","{""family"":""linear"",""noise_density"":0.05,""seed"":1297748005,""size_requested"":65536}"
mathzip-benchmark-results-v1,20260724T032334Z-aca5bed4,ablation,synthetic_ablation,datasets/synthetic/linear/s0000065536_n005p000_seed1297748005.bin,s0000065536_n005p000_seed1297748005.bin,CC0-1.0,python/mathzip_bench/synthetic.py and datasets/synthetic/manifest.json,datasets/synthetic/manifest.json,788cc7e3e85003e88d7c4f21698a72edc5348641fc93c7e57ec681c85e2f147e,true,6d4dc987463f20cf02ac2d7b5a56d7f1ac84c5d7ed37c15f903ebb76c3362922,7.999728456073299,65536,ablation-02-residual-only,mathzip,balanced,02 residual coder only,1,ok,,3,3,65692,0.9976252816172441,-0.00238037109375,-0.238037109375,8.01904296875,0.238037109375,0.0075341590054449625,0.005652977000863757,8.69851564755096,11.5931835544327,0.0068760000003749155,0.004579999999805295,544768.0,true,true,d516e8c0a6061feefd96c1766cfa73bd33af137c612cd8b7c5a6f7153723b7e4,6d4dc987463f20cf02ac2d7b5a56d7f1ac84c5d7ed37c15f903ebb76c3362922,"[{""type"":""identity""}]",1,65536.0,65536.0,"{""raw"":1}","{""raw"":1}",0,36,65536,120,100.0,100.0,7.999728456073311,65536,0,0,0.002408391,5.2127e-05,0.000553654,"[""'<repo>/target/release/mathzip' compress --mode balanced --max-input-bytes 8589934592 --no-sync --force --models raw --residual-coders raw,rle,zero-run,sparse,bit-pack --transforms identity --segmentation fixed '<repo>/datasets/synthetic/linear/s0000065536_n005p000_seed1297748005.bin' '<work>/archive.mz'"",""'<repo>/target/release/mathzip' compress --mode balanced --max-input-bytes 8589934592 --no-sync --force --models raw --residual-coders raw,rle,zero-run,sparse,bit-pack --transforms identity --segmentation fixed --metrics-output '<work>/metrics-probe.mz.metrics.json' '<repo>/datasets/synthetic/linear/s0000065536_n005p000_seed1297748005.bin' '<work>/metrics-probe.mz'"",""'<repo>/target/release/mathzip' decompress --max-archive-bytes 17179869184 --max-output-bytes 8589934592 --max-segments 8388608 --no-sync --force '<work>/archive.mz' '<work>/restored.bin'""]","{""family"":""linear"",""noise_density"":0.05,""seed"":1297748005,""size_requested"":65536}"
mathzip-benchmark-results-v1,20260724T032334Z-aca5bed4,ablation,synthetic_ablation,datasets/synthetic/linear/s0000065536_n005p000_seed1297748005.bin,s0000065536_n005p000_seed1297748005.bin,CC0-1.0,python/mathzip_bench/synthetic.py and datasets/synthetic/manifest.json,datasets/synthetic/manifest.json,788cc7e3e85003e88d7c4f21698a72edc5348641fc93c7e57ec681c85e2f147e,true,6d4dc987463f20cf02ac2d7b5a56d7f1ac84c5d7ed37c15f903ebb76c3362922,7.999728456073299,65536,ablation-03-fixed-constant,mathzip,balanced,03 fixed segmentation + constant,1,ok,,3,3,65692,0.9976252816172441,-0.00238037109375,-0.238037109375,8.01904296875,0.238037109375,0.008609640004578978,0.00559187800536165,7.611932666771796,11.719855107204097,0.007875000000240107,0.004954999999881693,610304.0,true,true,d516e8c0a6061feefd96c1766cfa73bd33af137c612cd8b7c5a6f7153723b7e4,6d4dc987463f20cf02ac2d7b5a56d7f1ac84c5d7ed37c15f903ebb76c3362922,"[{""type"":""identity""}]",1,65536.0,65536.0,"{""raw"":1}","{""raw"":1}",0,36,65536,120,100.0,100.0,7.999728456073311,65536,0,0,0.002446281,5.2469e-05,0.0016289,"[""'<repo>/target/release/mathzip' compress --mode balanced --max-input-bytes 8589934592 --no-sync --force --models raw,constant --transforms identity --segmentation fixed --segment-size 4096 '<repo>/datasets/synthetic/linear/s0000065536_n005p000_seed1297748005.bin' '<work>/archive.mz'"",""'<repo>/target/release/mathzip' compress --mode balanced --max-input-bytes 8589934592 --no-sync --force --models raw,constant --transforms identity --segmentation fixed --segment-size 4096 --metrics-output '<work>/metrics-probe.mz.metrics.json' '<repo>/datasets/synthetic/linear/s0000065536_n005p000_seed1297748005.bin' '<work>/metrics-probe.mz'"",""'<repo>/target/release/mathzip' decompress --max-archive-bytes 17179869184 --max-output-bytes 8589934592 --max-segments 8388608 --no-sync --force '<work>/archive.mz' '<work>/restored.bin'""]","{""family"":""linear"",""noise_density"":0.05,""seed"":1297748005,""size_requested"":65536}"
mathzip-benchmark-results-v1,20260724T032334Z-aca5bed4,ablation,synthetic_ablation,datasets/synthetic/linear/s0000065536_n005p000_seed1297748005.bin,s0000065536_n005p000_seed1297748005.bin,CC0-1.0,python/mathzip_bench/synthetic.py and datasets/synthetic/manifest.json,datasets/synthetic/manifest.json,788cc7e3e85003e88d7c4f21698a72edc5348641fc93c7e57ec681c85e2f147e,true,6d4dc987463f20cf02ac2d7b5a56d7f1ac84c5d7ed37c15f903ebb76c3362922,7.999728456073299,65536,ablation-04-fixed-all-models,mathzip,balanced,04 fixed segmentation + all models,1,ok,,3,3,8119,8.0719300406454,0.8761138916015625,87.61138916015625,0.9910888671875,0.0,0.038723254001524765,0.005117022999911569,1.692419753707151,12.807446830145686,0.03789999999980864,0.004363000000012107,3616768.0,true,true,c71999a49137b1222fad6e59df8d51c540079a26a4bbe2e6936329a59749f229,6d4dc987463f20cf02ac2d7b5a56d7f1ac84c5d7ed37c15f903ebb76c3362922,"[{""type"":""identity""}]",16,4096.0,4096.0,"{""affine"":16}","{""rle"":2,""sparse"":14}",32,576,7391,120,0.0,0.0,1.313745959004969,7391,16,16,0.001961124,0.004339455,0.027965257,"[""'<repo>/target/release/mathzip' compress --mode balanced --max-input-bytes 8589934592 --no-sync --force --models raw,constant,affine,polynomial,periodic,recurrence,piecewise-linear,run,sparse,copy --transforms identity --segmentation fixed --segment-size 4096 '<repo>/datasets/synthetic/linear/s0000065536_n005p000_seed1297748005.bin' '<work>/archive.mz'"",""'<repo>/target/release/mathzip' compress --mode balanced --max-input-bytes 8589934592 --no-sync --force --models raw,constant,affine,polynomial,periodic,recurrence,piecewise-linear,run,sparse,copy --transforms identity --segmentation fixed --segment-size 4096 --metrics-output '<work>/metrics-probe.mz.metrics.json' '<repo>/datasets/synthetic/linear/s0000065536_n005p000_seed1297748005.bin' '<work>/metrics-probe.mz'"",""'<repo>/target/release/mathzip' decompress --max-archive-bytes 17179869184 --max-output-bytes 8589934592 --max-segments 8388608 --no-sync --force '<work>/archive.mz' '<work>/restored.bin'""]","{""family"":""linear"",""noise_density"":0.05,""seed"":1297748005,""size_requested"":65536}"
mathzip-benchmark-results-v1,20260724T032334Z-aca5bed4,ablation,synthetic_ablation,datasets/synthetic/linear/s0000065536_n005p000_seed1297748005.bin,s0000065536_n005p000_seed1297748005.bin,CC0-1.0,python/mathzip_bench/synthetic.py and datasets/synthetic/manifest.json,datasets/synthetic/manifest.json,788cc7e3e85003e88d7c4f21698a72edc5348641fc93c7e57ec681c85e2f147e,true,6d4dc987463f20cf02ac2d7b5a56d7f1ac84c5d7ed37c15f903ebb76c3362922,7.999728456073299,65536,ablation-05-adaptive-constant,mathzip,balanced,05 adaptive segmentation + constant,1,ok,,3,3,65692,0.9976252816172441,-0.00238037109375,-0.238037109375,8.01904296875,0.238037109375,0.05089674299961189,0.006693010000162758,1.2876265972559333,9.791708065340753,0.05017700000007608,0.004656000000068161,3993600.0,true,true,d516e8c0a6061feefd96c1766cfa73bd33af137c612cd8b7c5a6f7153723b7e4,6d4dc987463f20cf02ac2d7b5a56d7f1ac84c5d7ed37c15f903ebb76c3362922,"[{""type"":""identity""}]",1,65536.0,65536.0,"{""raw"":1}","{""raw"":1}",0,36,65536,120,100.0,100.0,7.999728456073311,65536,0,0,0.002999652,0.001164249,0.042213991,"[""'<repo>/target/release/mathzip' compress --mode balanced --max-input-bytes 8589934592 --no-sync --force --models raw,constant --transforms identity --segmentation adaptive '<repo>/datasets/synthetic/linear/s0000065536_n005p000_seed1297748005.bin' '<work>/archive.mz'"",""'<repo>/target/release/mathzip' compress --mode balanced --max-input-bytes 8589934592 --no-sync --force --models raw,constant --transforms identity --segmentation adaptive --metrics-output '<work>/metrics-probe.mz.metrics.json' '<repo>/datasets/synthetic/linear/s0000065536_n005p000_seed1297748005.bin' '<work>/metrics-probe.mz'"",""'<repo>/target/release/mathzip' decompress --max-archive-bytes 17179869184 --max-output-bytes 8589934592 --max-segments 8388608 --no-sync --force '<work>/archive.mz' '<work>/restored.bin'""]","{""family"":""linear"",""noise_density"":0.05,""seed"":1297748005,""size_requested"":65536}"
mathzip-benchmark-results-v1,20260724T032334Z-aca5bed4,ablation,synthetic_ablation,datasets/synthetic/linear/s0000065536_n005p000_seed1297748005.bin,s0000065536_n005p000_seed1297748005.bin,CC0-1.0,python/mathzip_bench/synthetic.py and datasets/synthetic/manifest.json,datasets/synthetic/manifest.json,788cc7e3e85003e88d7c4f21698a72edc5348641fc93c7e57ec681c85e2f147e,true,6d4dc987463f20cf02ac2d7b5a56d7f1ac84c5d7ed37c15f903ebb76c3362922,7.999728456073299,65536,ablation-06-adaptive-linear,mathzip,balanced,06 adaptive + constant/linear,1,ok,,3,3,6757,9.698978836761876,0.8968963623046875,89.68963623046875,0.8248291015625,0.0,0.08439660599833587,0.005151359997398686,0.7765241175846839,12.72207728310468,0.0834700000000339,0.004411999999774707,3756032.0,true,true,d0ed14a5e2fe6677e2de6b3f35226bbdb04254b95587f25ec87bd2a53c2c9dfe,6d4dc987463f20cf02ac2d7b5a56d7f1ac84c5d7ed37c15f903ebb76c3362922,"[{""type"":""identity""}]",2,32768.0,32768.0,"{""affine"":2}","{""sparse"":2}",4,72,6561,120,0.0,0.0,0.6833443192921628,6561,2,2,0.002556252,0.004913498,0.072394885,"[""'<repo>/target/release/mathzip' compress --mode balanced --max-input-bytes 8589934592 --no-sync --force --models raw,constant,affine --transforms identity --segmentation adaptive '<repo>/datasets/synthetic/linear/s0000065536_n005p000_seed1297748005.bin' '<work>/archive.mz'"",""'<repo>/target/release/mathzip' compress --mode balanced --max-input-bytes 8589934592 --no-sync --force --models raw,constant,affine --transforms identity --segmentation adaptive --metrics-output '<work>/metrics-probe.mz.metrics.json' '<repo>/datasets/synthetic/linear/s0000065536_n005p000_seed1297748005.bin' '<work>/metrics-probe.mz'"",""'<repo>/target/release/mathzip' decompress --max-archive-bytes 17179869184 --max-output-bytes 8589934592 --max-segments 8388608 --no-sync --force '<work>/archive.mz' '<work>/restored.bin'""]","{""family"":""linear"",""noise_density"":0.05,""seed"":1297748005,""size_requested"":65536}"
mathzip-benchmark-results-v1,20260724T032334Z-aca5bed4,ablation,synthetic_ablation,datasets/synthetic/linear/s0000065536_n005p000_seed1297748005.bin,s0000065536_n005p000_seed1297748005.bin,CC0-1.0,python/mathzip_bench/synthetic.py and datasets/synthetic/manifest.json,datasets/synthetic/manifest.json,788cc7e3e85003e88d7c4f21698a72edc5348641fc93c7e57ec681c85e2f147e,true,6d4dc987463f20cf02ac2d7b5a56d7f1ac84c5d7ed37c15f903ebb76c3362922,7.999728456073299,65536,ablation-07-add-polynomial,mathzip,balanced,07 add polynomial,1,ok,,3,3,6757,9.698978836761876,0.8968963623046875,89.68963623046875,0.8248291015625,0.0,0.17217498199897818,0.004855478000536095,0.38063602062922786,13.497332289995782,0.1702440000003662,0.004175000000032014,3756032.0,true,true,d0ed14a5e2fe6677e2de6b3f35226bbdb04254b95587f25ec87bd2a53c2c9dfe,6d4dc987463f20cf02ac2d7b5a56d7f1ac84c5d7ed37c15f903ebb76c3362922,"[{""type"":""identity""}]",2,32768.0,32768.0,"{""affine"":2}","{""sparse"":2}",4,72,6561,120,0.0,0.0,0.6833443192921628,6561,2,2,0.002764449,0.005022042,0.158768332,"[""'<repo>/target/release/mathzip' compress --mode balanced --max-input-bytes 8589934592 --no-sync --force --models raw,constant,affine,polynomial --transforms identity --segmentation adaptive '<repo>/datasets/synthetic/linear/s0000065536_n005p000_seed1297748005.bin' '<work>/archive.mz'"",""'<repo>/target/release/mathzip' compress --mode balanced --max-input-bytes 8589934592 --no-sync --force --models raw,constant,affine,polynomial --transforms identity --segmentation adaptive --metrics-output '<work>/metrics-probe.mz.metrics.json' '<repo>/datasets/synthetic/linear/s0000065536_n005p000_seed1297748005.bin' '<work>/metrics-probe.mz'"",""'<repo>/target/release/mathzip' decompress --max-archive-bytes 17179869184 --max-output-bytes 8589934592 --max-segments 8388608 --no-sync --force '<work>/archive.mz' '<work>/restored.bin'""]","{""family"":""linear"",""noise_density"":0.05,""seed"":1297748005,""size_requested"":65536}"
mathzip-benchmark-results-v1,20260724T032334Z-aca5bed4,ablation,synthetic_ablation,datasets/synthetic/linear/s0000065536_n005p000_seed1297748005.bin,s0000065536_n005p000_seed1297748005.bin,CC0-1.0,python/mathzip_bench/synthetic.py and datasets/synthetic/manifest.json,datasets/synthetic/manifest.json,788cc7e3e85003e88d7c4f21698a72edc5348641fc93c7e57ec681c85e2f147e,true,6d4dc987463f20cf02ac2d7b5a56d7f1ac84c5d7ed37c15f903ebb76c3362922,7.999728456073299,65536,ablation-08-add-periodic,mathzip,balanced,08 add periodic,1,ok,,3,3,6757,9.698978836761876,0.8968963623046875,89.68963623046875,0.8248291015625,0.0,0.34337006600253517,0.006038130006345455,0.19086113347899153,10.853691446048428,0.3408190000000104,0.004243000000315078,3768320.0,true,true,d0ed14a5e2fe6677e2de6b3f35226bbdb04254b95587f25ec87bd2a53c2c9dfe,6d4dc987463f20cf02ac2d7b5a56d7f1ac84c5d7ed37c15f903ebb76c3362922,"[{""type"":""identity""}]",2,32768.0,32768.0,"{""affine"":2}","{""sparse"":2}",4,72,6561,120,0.0,0.0,0.6833443192921628,6561,2,2,0.002977765,0.025329628,0.308930872,"[""'<repo>/target/release/mathzip' compress --mode balanced --max-input-bytes 8589934592 --no-sync --force --models raw,constant,affine,polynomial,periodic --transforms identity --segmentation adaptive '<repo>/datasets/synthetic/linear/s0000065536_n005p000_seed1297748005.bin' '<work>/archive.mz'"",""'<repo>/target/release/mathzip' compress --mode balanced --max-input-bytes 8589934592 --no-sync --force --models raw,constant,affine,polynomial,periodic --transforms identity --segmentation adaptive --metrics-output '<work>/metrics-probe.mz.metrics.json' '<repo>/datasets/synthetic/linear/s0000065536_n005p000_seed1297748005.bin' '<work>/metrics-probe.mz'"",""'<repo>/target/release/mathzip' decompress --max-archive-bytes 17179869184 --max-output-bytes 8589934592 --max-segments 8388608 --no-sync --force '<work>/archive.mz' '<work>/restored.bin'""]","{""family"":""linear"",""noise_density"":0.05,""seed"":1297748005,""size_requested"":65536}"
mathzip-benchmark-results-v1,20260724T032334Z-aca5bed4,ablation,synthetic_ablation,datasets/synthetic/linear/s0000065536_n005p000_seed1297748005.bin,s0000065536_n005p000_seed1297748005.bin,CC0-1.0,python/mathzip_bench/synthetic.py and datasets/synthetic/manifest.json,datasets/synthetic/manifest.json,788cc7e3e85003e88d7c4f21698a72edc5348641fc93c7e57ec681c85e2f147e,true,6d4dc987463f20cf02ac2d7b5a56d7f1ac84c5d7ed37c15f903ebb76c3362922,7.999728456073299,65536,ablation-09-add-recurrence,mathzip,balanced,09 add recurrence,1,ok,,3,3,6757,9.698978836761876,0.8968963623046875,89.68963623046875,0.8248291015625,0.0,0.56158072600374,0.005382531002396718,0.1166991617863387,12.175684630672507,0.5605259999997543,0.004579000000376254,3751936.0,true,true,d0ed14a5e2fe6677e2de6b3f35226bbdb04254b95587f25ec87bd2a53c2c9dfe,6d4dc987463f20cf02ac2d7b5a56d7f1ac84c5d7ed37c15f903ebb76c3362922,"[{""type"":""identity""}]",2,32768.0,32768.0,"{""affine"":2}","{""sparse"":2}",4,72,6561,120,0.0,0.0,0.6833443192921628,6561,2,2,0.003354582,0.025723169,0.521864967,"[""'<repo>/target/release/mathzip' compress --mode balanced --max-input-bytes 8589934592 --no-sync --force --models raw,constant,affine,polynomial,periodic,recurrence --transforms identity --segmentation adaptive '<repo>/datasets/synthetic/linear/s0000065536_n005p000_seed1297748005.bin' '<work>/archive.mz'"",""'<repo>/target/release/mathzip' compress --mode balanced --max-input-bytes 8589934592 --no-sync --force --models raw,constant,affine,polynomial,periodic,recurrence --transforms identity --segmentation adaptive --metrics-output '<work>/metrics-probe.mz.metrics.json' '<repo>/datasets/synthetic/linear/s0000065536_n005p000_seed1297748005.bin' '<work>/metrics-probe.mz'"",""'<repo>/target/release/mathzip' decompress --max-archive-bytes 17179869184 --max-output-bytes 8589934592 --max-segments 8388608 --no-sync --force '<work>/archive.mz' '<work>/restored.bin'""]","{""family"":""linear"",""noise_density"":0.05,""seed"":1297748005,""size_requested"":65536}"
mathzip-benchmark-results-v1,20260724T032334Z-aca5bed4,ablation,synthetic_ablation,datasets/synthetic/linear/s0000065536_n005p000_seed1297748005.bin,s0000065536_n005p000_seed1297748005.bin,CC0-1.0,python/mathzip_bench/synthetic.py and datasets/synthetic/manifest.json,datasets/synthetic/manifest.json,788cc7e3e85003e88d7c4f21698a72edc5348641fc93c7e57ec681c85e2f147e,true,6d4dc987463f20cf02ac2d7b5a56d7f1ac84c5d7ed37c15f903ebb76c3362922,7.999728456073299,65536,ablation-10-add-bit-plane,mathzip,balanced,10 add bit-plane,1,ok,,3,3,6757,9.698978836761876,0.8968963623046875,89.68963623046875,0.8248291015625,0.0,1.3782284789995174,0.005982409005810041,0.04755089667540018,10.954784257704922,1.3732959999997547,0.004494000000249798,3735552.0,true,true,d0ed14a5e2fe6677e2de6b3f35226bbdb04254b95587f25ec87bd2a53c2c9dfe,6d4dc987463f20cf02ac2d7b5a56d7f1ac84c5d7ed37c15f903ebb76c3362922,"[{""type"":""identity""}]",2,32768.0,32768.0,"{""affine"":2}","{""sparse"":2}",4,72,6561,120,0.0,0.0,0.6833443192921628,6561,2,2,0.007940377,0.073722659,1.289768686,"[""'<repo>/target/release/mathzip' compress --mode balanced --max-input-bytes 8589934592 --no-sync --force --models raw,constant,affine,polynomial,periodic,recurrence --transforms identity,bit-plane --segmentation adaptive '<repo>/datasets/synthetic/linear/s0000065536_n005p000_seed1297748005.bin' '<work>/archive.mz'"",""'<repo>/target/release/mathzip' compress --mode balanced --max-input-bytes 8589934592 --no-sync --force --models raw,constant,affine,polynomial,periodic,recurrence --transforms identity,bit-plane --segmentation adaptive --metrics-output '<work>/metrics-probe.mz.metrics.json' '<repo>/datasets/synthetic/linear/s0000065536_n005p000_seed1297748005.bin' '<work>/metrics-probe.mz'"",""'<repo>/target/release/mathzip' decompress --max-archive-bytes 17179869184 --max-output-bytes 8589934592 --max-segments 8388608 --no-sync --force '<work>/archive.mz' '<work>/restored.bin'""]","{""family"":""linear"",""noise_density"":0.05,""seed"":1297748005,""size_requested"":65536}"
mathzip-benchmark-results-v1,20260724T032334Z-aca5bed4,ablation,synthetic_ablation,datasets/synthetic/linear/s0000065536_n005p000_seed1297748005.bin,s0000065536_n005p000_seed1297748005.bin,CC0-1.0,python/mathzip_bench/synthetic.py and datasets/synthetic/manifest.json,datasets/synthetic/manifest.json,788cc7e3e85003e88d7c4f21698a72edc5348641fc93c7e57ec681c85e2f147e,true,6d4dc987463f20cf02ac2d7b5a56d7f1ac84c5d7ed37c15f903ebb76c3362922,7.999728456073299,65536,ablation-11-add-stride,mathzip,balanced,11 add stride transpose,1,ok,,3,3,6757,9.698978836761876,0.8968963623046875,89.68963623046875,0.8248291015625,0.0,4.415690690999327,0.0053126549973967485,0.014841619258700471,12.335828325406649,4.4138700000003155,0.004449000000022352,3850240.0,true,true,d0ed14a5e2fe6677e2de6b3f35226bbdb04254b95587f25ec87bd2a53c2c9dfe,6d4dc987463f20cf02ac2d7b5a56d7f1ac84c5d7ed37c15f903ebb76c3362922,"[{""type"":""identity""}]",2,32768.0,32768.0,"{""affine"":2}","{""sparse"":2}",4,72,6561,120,0.0,0.0,0.6833443192921628,6561,2,2,0.02123532,0.287800528,4.107600131,"[""'<repo>/target/release/mathzip' compress --mode balanced --max-input-bytes 8589934592 --no-sync --force --models raw,constant,affine,polynomial,periodic,recurrence --transforms identity,bit-plane,stride --segmentation adaptive '<repo>/datasets/synthetic/linear/s0000065536_n005p000_seed1297748005.bin' '<work>/archive.mz'"",""'<repo>/target/release/mathzip' compress --mode balanced --max-input-bytes 8589934592 --no-sync --force --models raw,constant,affine,polynomial,periodic,recurrence --transforms identity,bit-plane,stride --segmentation adaptive --metrics-output '<work>/metrics-probe.mz.metrics.json' '<repo>/datasets/synthetic/linear/s0000065536_n005p000_seed1297748005.bin' '<work>/metrics-probe.mz'"",""'<repo>/target/release/mathzip' decompress --max-archive-bytes 17179869184 --max-output-bytes 8589934592 --max-segments 8388608 --no-sync --force '<work>/archive.mz' '<work>/restored.bin'""]","{""family"":""linear"",""noise_density"":0.05,""seed"":1297748005,""size_requested"":65536}"
mathzip-benchmark-results-v1,20260724T032334Z-aca5bed4,ablation,synthetic_ablation,datasets/synthetic/linear/s0000065536_n005p000_seed1297748005.bin,s0000065536_n005p000_seed1297748005.bin,CC0-1.0,python/mathzip_bench/synthetic.py and datasets/synthetic/manifest.json,datasets/synthetic/manifest.json,788cc7e3e85003e88d7c4f21698a72edc5348641fc93c7e57ec681c85e2f147e,true,6d4dc987463f20cf02ac2d7b5a56d7f1ac84c5d7ed37c15f903ebb76c3362922,7.999728456073299,65536,ablation-12-add-copy,mathzip,balanced,12 add copy/reference,1,ok,,3,3,6757,9.698978836761876,0.8968963623046875,89.68963623046875,0.8248291015625,0.0,4.46985386400047,0.005054905006545596,0.014661776871010723,12.964833150205086,4.454023000000234,0.004358000000593165,3784704.0,true,true,d0ed14a5e2fe6677e2de6b3f35226bbdb04254b95587f25ec87bd2a53c2c9dfe,6d4dc987463f20cf02ac2d7b5a56d7f1ac84c5d7ed37c15f903ebb76c3362922,"[{""type"":""identity""}]",2,32768.0,32768.0,"{""affine"":2}","{""sparse"":2}",4,72,6561,120,0.0,0.0,0.6833443192921628,6561,2,2,0.021480114,0.292708808,4.153455938,"[""'<repo>/target/release/mathzip' compress --mode balanced --max-input-bytes 8589934592 --no-sync --force --models raw,constant,affine,polynomial,periodic,recurrence,copy --transforms identity,bit-plane,stride --segmentation adaptive '<repo>/datasets/synthetic/linear/s0000065536_n005p000_seed1297748005.bin' '<work>/archive.mz'"",""'<repo>/target/release/mathzip' compress --mode balanced --max-input-bytes 8589934592 --no-sync --force --models raw,constant,affine,polynomial,periodic,recurrence,copy --transforms identity,bit-plane,stride --segmentation adaptive --metrics-output '<work>/metrics-probe.mz.metrics.json' '<repo>/datasets/synthetic/linear/s0000065536_n005p000_seed1297748005.bin' '<work>/metrics-probe.mz'"",""'<repo>/target/release/mathzip' decompress --max-archive-bytes 17179869184 --max-output-bytes 8589934592 --max-segments 8388608 --no-sync --force '<work>/archive.mz' '<work>/restored.bin'""]","{""family"":""linear"",""noise_density"":0.05,""seed"":1297748005,""size_requested"":65536}"
mathzip-benchmark-results-v1,20260724T032334Z-aca5bed4,ablation,synthetic_ablation,datasets/synthetic/linear/s0000065536_n005p000_seed1297748005.bin,s0000065536_n005p000_seed1297748005.bin,CC0-1.0,python/mathzip_bench/synthetic.py and datasets/synthetic/manifest.json,datasets/synthetic/manifest.json,788cc7e3e85003e88d7c4f21698a72edc5348641fc93c7e57ec681c85e2f147e,true,6d4dc987463f20cf02ac2d7b5a56d7f1ac84c5d7ed37c15f903ebb76c3362922,7.999728456073299,65536,ablation-13-custom-residual,mathzip,balanced,13 custom residual coders,1,ok,,3,3,6757,9.698978836761876,0.8968963623046875,89.68963623046875,0.8248291015625,0.0,7.058477860999119,0.006812618004914839,0.00928472133660889,9.619796670343215,7.055302000000211,0.00428299999975934,4255744.0,true,true,d0ed14a5e2fe6677e2de6b3f35226bbdb04254b95587f25ec87bd2a53c2c9dfe,6d4dc987463f20cf02ac2d7b5a56d7f1ac84c5d7ed37c15f903ebb76c3362922,"[{""type"":""identity""}]",2,32768.0,32768.0,"{""affine"":2}","{""sparse"":2}",4,72,6561,120,0.0,0.0,0.6833443192921628,6561,2,2,0.030908907,0.469527812,6.590004358,"[""'<repo>/target/release/mathzip' compress --mode balanced --max-input-bytes 8589934592 --no-sync --force --residual-coders raw,rle,zero-run,sparse,bit-pack '<repo>/datasets/synthetic/linear/s0000065536_n005p000_seed1297748005.bin' '<work>/archive.mz'"",""'<repo>/target/release/mathzip' compress --mode balanced --max-input-bytes 8589934592 --no-sync --force --residual-coders raw,rle,zero-run,sparse,bit-pack --metrics-output '<work>/metrics-probe.mz.metrics.json' '<repo>/datasets/synthetic/linear/s0000065536_n005p000_seed1297748005.bin' '<work>/metrics-probe.mz'"",""'<repo>/target/release/mathzip' decompress --max-archive-bytes 17179869184 --max-output-bytes 8589934592 --max-segments 8388608 --no-sync --force '<work>/archive.mz' '<work>/restored.bin'""]","{""family"":""linear"",""noise_density"":0.05,""seed"":1297748005,""size_requested"":65536}"
mathzip-benchmark-results-v1,20260724T032334Z-aca5bed4,ablation,synthetic_ablation,datasets/synthetic/linear/s0000065536_n005p000_seed1297748005.bin,s0000065536_n005p000_seed1297748005.bin,CC0-1.0,python/mathzip_bench/synthetic.py and datasets/synthetic/manifest.json,datasets/synthetic/manifest.json,788cc7e3e85003e88d7c4f21698a72edc5348641fc93c7e57ec681c85e2f147e,true,6d4dc987463f20cf02ac2d7b5a56d7f1ac84c5d7ed37c15f903ebb76c3362922,7.999728456073299,65536,ablation-14-zstd-residual,mathzip,balanced,14 mathematical models + Zstd residual,1,ok,,3,3,8715,7.519908204245554,0.8670196533203125,86.70196533203125,1.0638427734375,0.0,5.995211595000001,0.005391380000219215,0.010931390654277647,12.155700395322773,5.961635999999999,0.004652999999962049,4935680.0,true,true,af76ca8c5e0a314fc3c0a57ff5c2c65e4e4477d547a61d2f5a15ecf75c141360,6d4dc987463f20cf02ac2d7b5a56d7f1ac84c5d7ed37c15f903ebb76c3362922,"[{""type"":""identity""}]",2,32768.0,32768.0,"{""affine"":2}","{""zstd"":2}",4,72,8519,120,0.0,0.0,0.6833443192921628,8519,2,2,0.034961513,0.466096476,5.500196602,"[""'<repo>/target/release/mathzip' compress --mode balanced --max-input-bytes 8589934592 --no-sync --force --models constant,affine,polynomial,periodic,recurrence,piecewise-linear,run,sparse --residual-coders zstd --no-copy-model '<repo>/datasets/synthetic/linear/s0000065536_n005p000_seed1297748005.bin' '<work>/archive.mz'"",""'<repo>/target/release/mathzip' compress --mode balanced --max-input-bytes 8589934592 --no-sync --force --models constant,affine,polynomial,periodic,recurrence,piecewise-linear,run,sparse --residual-coders zstd --no-copy-model --metrics-output '<work>/metrics-probe.mz.metrics.json' '<repo>/datasets/synthetic/linear/s0000065536_n005p000_seed1297748005.bin' '<work>/metrics-probe.mz'"",""'<repo>/target/release/mathzip' decompress --max-archive-bytes 17179869184 --max-output-bytes 8589934592 --max-segments 8388608 --no-sync --force '<work>/archive.mz' '<work>/restored.bin'""]","{""family"":""linear"",""noise_density"":0.05,""seed"":1297748005,""size_requested"":65536}"
mathzip-benchmark-results-v1,20260724T032334Z-aca5bed4,ablation,synthetic_ablation,datasets/synthetic/linear/s0000065536_n005p000_seed1297748005.bin,s0000065536_n005p000_seed1297748005.bin,CC0-1.0,python/mathzip_bench/synthetic.py and datasets/synthetic/manifest.json,datasets/synthetic/manifest.json,788cc7e3e85003e88d7c4f21698a72edc5348641fc93c7e57ec681c85e2f147e,true,6d4dc987463f20cf02ac2d7b5a56d7f1ac84c5d7ed37c15f903ebb76c3362922,7.999728456073299,65536,ablation-15-no-transform,mathzip,balanced,15 identity transform only,1,ok,,3,3,6757,9.698978836761876,0.8968963623046875,89.68963623046875,0.8248291015625,0.0,0.7355116679973435,0.0050798329975805245,0.08910259735027984,12.901211522350078,0.7336879999998018,0.0042969999999513675,4272128.0,true,true,d0ed14a5e2fe6677e2de6b3f35226bbdb04254b95587f25ec87bd2a53c2c9dfe,6d4dc987463f20cf02ac2d7b5a56d7f1ac84c5d7ed37c15f903ebb76c3362922,"[{""type"":""identity""}]",2,32768.0,32768.0,"{""affine"":2}","{""sparse"":2}",4,72,6561,120,0.0,0.0,0.6833443192921628,6561,2,2,0.00341542,0.042052183,0.685852643,"[""'<repo>/target/release/mathzip' compress --mode balanced --max-input-bytes 8589934592 --no-sync --force --transforms identity '<repo>/datasets/synthetic/linear/s0000065536_n005p000_seed1297748005.bin' '<work>/archive.mz'"",""'<repo>/target/release/mathzip' compress --mode balanced --max-input-bytes 8589934592 --no-sync --force --transforms identity --metrics-output '<work>/metrics-probe.mz.metrics.json' '<repo>/datasets/synthetic/linear/s0000065536_n005p000_seed1297748005.bin' '<work>/metrics-probe.mz'"",""'<repo>/target/release/mathzip' decompress --max-archive-bytes 17179869184 --max-output-bytes 8589934592 --max-segments 8388608 --no-sync --force '<work>/archive.mz' '<work>/restored.bin'""]","{""family"":""linear"",""noise_density"":0.05,""seed"":1297748005,""size_requested"":65536}"
mathzip-benchmark-results-v1,20260724T032334Z-aca5bed4,ablation,synthetic_ablation,datasets/synthetic/linear/s0000065536_n005p000_seed1297748005.bin,s0000065536_n005p000_seed1297748005.bin,CC0-1.0,python/mathzip_bench/synthetic.py and datasets/synthetic/manifest.json,datasets/synthetic/manifest.json,788cc7e3e85003e88d7c4f21698a72edc5348641fc93c7e57ec681c85e2f147e,true,6d4dc987463f20cf02ac2d7b5a56d7f1ac84c5d7ed37c15f903ebb76c3362922,7.999728456073299,65536,ablation-16-no-adaptive-partition,mathzip,balanced,16 fixed partition,1,ok,,3,3,7321,8.951782543368392,0.8882904052734375,88.82904052734375,0.8936767578125,0.0,0.30273966299864696,0.005147868003405165,0.21647642515970197,12.730707150348424,0.301155999999537,0.004430000000411383,3710976.0,true,true,071758f04737d29960f681b6a87523e2bf53ece3655fe8716ab08de425ed8017,6d4dc987463f20cf02ac2d7b5a56d7f1ac84c5d7ed37c15f903ebb76c3362922,"[{""stride"":2,""type"":""stride""}]",16,4096.0,4096.0,"{""affine"":16}","{""sparse"":16}",32,576,6591,122,0.0,0.0,0.6833443192921628,6591,16,16,0.010077873,0.036221989,0.252107057,"[""'<repo>/target/release/mathzip' compress --mode balanced --max-input-bytes 8589934592 --no-sync --force --segmentation fixed --segment-size 4096 '<repo>/datasets/synthetic/linear/s0000065536_n005p000_seed1297748005.bin' '<work>/archive.mz'"",""'<repo>/target/release/mathzip' compress --mode balanced --max-input-bytes 8589934592 --no-sync --force --segmentation fixed --segment-size 4096 --metrics-output '<work>/metrics-probe.mz.metrics.json' '<repo>/datasets/synthetic/linear/s0000065536_n005p000_seed1297748005.bin' '<work>/metrics-probe.mz'"",""'<repo>/target/release/mathzip' decompress --max-archive-bytes 17179869184 --max-output-bytes 8589934592 --max-segments 8388608 --no-sync --force '<work>/archive.mz' '<work>/restored.bin'""]","{""family"":""linear"",""noise_density"":0.05,""seed"":1297748005,""size_requested"":65536}"
mathzip-benchmark-results-v1,20260724T032334Z-aca5bed4,ablation,synthetic_ablation,datasets/synthetic/linear/s0000065536_n005p000_seed1297748005.bin,s0000065536_n005p000_seed1297748005.bin,CC0-1.0,python/mathzip_bench/synthetic.py and datasets/synthetic/manifest.json,datasets/synthetic/manifest.json,788cc7e3e85003e88d7c4f21698a72edc5348641fc93c7e57ec681c85e2f147e,true,6d4dc987463f20cf02ac2d7b5a56d7f1ac84c5d7ed37c15f903ebb76c3362922,7.999728456073299,65536,ablation-17-no-raw-fallback,mathzip,balanced,17 no raw fallback,1,ok,,3,3,6757,9.698978836761876,0.8968963623046875,89.68963623046875,0.8248291015625,0.0,6.867325806000736,0.005471974000101909,0.009543161610700632,11.97666509358039,6.862086999999974,0.004324999999880674,4296704.0,true,true,d0ed14a5e2fe6677e2de6b3f35226bbdb04254b95587f25ec87bd2a53c2c9dfe,6d4dc987463f20cf02ac2d7b5a56d7f1ac84c5d7ed37c15f903ebb76c3362922,"[{""type"":""identity""}]",2,32768.0,32768.0,"{""affine"":2}","{""sparse"":2}",4,72,6561,120,0.0,0.0,0.6833443192921628,6561,2,2,0.02972845,0.468140625,6.385776824,"[""'<repo>/target/release/mathzip' compress --mode balanced --max-input-bytes 8589934592 --no-sync --force --no-raw-fallback --models constant,affine,polynomial,periodic,recurrence,piecewise-linear,run,sparse,copy '<repo>/datasets/synthetic/linear/s0000065536_n005p000_seed1297748005.bin' '<work>/archive.mz'"",""'<repo>/target/release/mathzip' compress --mode balanced --max-input-bytes 8589934592 --no-sync --force --no-raw-fallback --models constant,affine,polynomial,periodic,recurrence,piecewise-linear,run,sparse,copy --metrics-output '<work>/metrics-probe.mz.metrics.json' '<repo>/datasets/synthetic/linear/s0000065536_n005p000_seed1297748005.bin' '<work>/metrics-probe.mz'"",""'<repo>/target/release/mathzip' decompress --max-archive-bytes 17179869184 --max-output-bytes 8589934592 --max-segments 8388608 --no-sync --force '<work>/archive.mz' '<work>/restored.bin'""]","{""family"":""linear"",""noise_density"":0.05,""seed"":1297748005,""size_requested"":65536}"
mathzip-benchmark-results-v1,20260724T032334Z-aca5bed4,ablation,synthetic_ablation,datasets/synthetic/linear/s0000065536_n005p000_seed1297748005.bin,s0000065536_n005p000_seed1297748005.bin,CC0-1.0,python/mathzip_bench/synthetic.py and datasets/synthetic/manifest.json,datasets/synthetic/manifest.json,788cc7e3e85003e88d7c4f21698a72edc5348641fc93c7e57ec681c85e2f147e,true,6d4dc987463f20cf02ac2d7b5a56d7f1ac84c5d7ed37c15f903ebb76c3362922,7.999728456073299,65536,ablation-18-fast,mathzip,fast,18 fast mode,1,ok,,3,3,6837,9.585490712300716,0.8956756591796875,89.56756591796875,0.8345947265625,0.0,0.03924189700046554,0.006152292997285258,1.6700517816257079,10.652288509165317,0.03823800000009214,0.004431000000295171,3596288.0,true,true,b2ef71dc0529ea2de29b2743188b3103d9b5895a5d2989e0e1bb2d548a6fe46e,6d4dc987463f20cf02ac2d7b5a56d7f1ac84c5d7ed37c15f903ebb76c3362922,"[{""type"":""identity""}]",4,16384.0,16384.0,"{""affine"":4}","{""sparse"":4}",8,144,6565,120,0.0,0.0,0.6833443192921628,6565,4,4,0.003814333,0.000958115,0.029905784,"[""'<repo>/target/release/mathzip' compress --mode fast --max-input-bytes 8589934592 --no-sync --force '<repo>/datasets/synthetic/linear/s0000065536_n005p000_seed1297748005.bin' '<work>/archive.mz'"",""'<repo>/target/release/mathzip' compress --mode fast --max-input-bytes 8589934592 --no-sync --force --metrics-output '<work>/metrics-probe.mz.metrics.json' '<repo>/datasets/synthetic/linear/s0000065536_n005p000_seed1297748005.bin' '<work>/metrics-probe.mz'"",""'<repo>/target/release/mathzip' decompress --max-archive-bytes 17179869184 --max-output-bytes 8589934592 --max-segments 8388608 --no-sync --force '<work>/archive.mz' '<work>/restored.bin'""]","{""family"":""linear"",""noise_density"":0.05,""seed"":1297748005,""size_requested"":65536}"
mathzip-benchmark-results-v1,20260724T032334Z-aca5bed4,ablation,synthetic_ablation,datasets/synthetic/linear/s0000065536_n005p000_seed1297748005.bin,s0000065536_n005p000_seed1297748005.bin,CC0-1.0,python/mathzip_bench/synthetic.py and datasets/synthetic/manifest.json,datasets/synthetic/manifest.json,788cc7e3e85003e88d7c4f21698a72edc5348641fc93c7e57ec681c85e2f147e,true,6d4dc987463f20cf02ac2d7b5a56d7f1ac84c5d7ed37c15f903ebb76c3362922,7.999728456073299,65536,ablation-19-balanced,mathzip,balanced,19 balanced mode,1,ok,,3,3,6757,9.698978836761876,0.8968963623046875,89.68963623046875,0.8248291015625,0.0,6.994078502000775,0.004951734001224395,0.009370212241863215,13.234959709829967,6.989677999999913,0.004261999999926047,4259840.0,true,true,d0ed14a5e2fe6677e2de6b3f35226bbdb04254b95587f25ec87bd2a53c2c9dfe,6d4dc987463f20cf02ac2d7b5a56d7f1ac84c5d7ed37c15f903ebb76c3362922,"[{""type"":""identity""}]",2,32768.0,32768.0,"{""affine"":2}","{""sparse"":2}",4,72,6561,120,0.0,0.0,0.6833443192921628,6561,2,2,0.030343464,0.46350047,6.548007557,"[""'<repo>/target/release/mathzip' compress --mode balanced --max-input-bytes 8589934592 --no-sync --force '<repo>/datasets/synthetic/linear/s0000065536_n005p000_seed1297748005.bin' '<work>/archive.mz'"",""'<repo>/target/release/mathzip' compress --mode balanced --max-input-bytes 8589934592 --no-sync --force --metrics-output '<work>/metrics-probe.mz.metrics.json' '<repo>/datasets/synthetic/linear/s0000065536_n005p000_seed1297748005.bin' '<work>/metrics-probe.mz'"",""'<repo>/target/release/mathzip' decompress --max-archive-bytes 17179869184 --max-output-bytes 8589934592 --max-segments 8388608 --no-sync --force '<work>/archive.mz' '<work>/restored.bin'""]","{""family"":""linear"",""noise_density"":0.05,""seed"":1297748005,""size_requested"":65536}"
mathzip-benchmark-results-v1,20260724T032334Z-aca5bed4,ablation,synthetic_ablation,datasets/synthetic/linear/s0000065536_n005p000_seed1297748005.bin,s0000065536_n005p000_seed1297748005.bin,CC0-1.0,python/mathzip_bench/synthetic.py and datasets/synthetic/manifest.json,datasets/synthetic/manifest.json,788cc7e3e85003e88d7c4f21698a72edc5348641fc93c7e57ec681c85e2f147e,true,6d4dc987463f20cf02ac2d7b5a56d7f1ac84c5d7ed37c15f903ebb76c3362922,7.999728456073299,65536,ablation-20-max,mathzip,max,20 max mode,1,ok,,3,3,6797,9.641900838605267,0.8962860107421875,89.62860107421875,0.8297119140625,0.0,168.43471000900172,0.005080369002826046,0.0003890884485537306,12.899850377707686,168.13036499999998,0.004340000000411237,4538368.0,true,true,319603f2853739f51254117da3ed3846f19efdfe352ac4f1b2a991549eb58a4b,6d4dc987463f20cf02ac2d7b5a56d7f1ac84c5d7ed37c15f903ebb76c3362922,"[{""type"":""identity""}]",3,21845.333333333332,21504.0,"{""affine"":3}","{""sparse"":3}",6,108,6563,120,0.0,0.0,0.6833443192921628,6563,3,3,0.359227466,57.000916881,111.114168099,"[""'<repo>/target/release/mathzip' compress --mode max --max-input-bytes 8589934592 --no-sync --force '<repo>/datasets/synthetic/linear/s0000065536_n005p000_seed1297748005.bin' '<work>/archive.mz'"",""'<repo>/target/release/mathzip' compress --mode max --max-input-bytes 8589934592 --no-sync --force --metrics-output '<work>/metrics-probe.mz.metrics.json' '<repo>/datasets/synthetic/linear/s0000065536_n005p000_seed1297748005.bin' '<work>/metrics-probe.mz'"",""'<repo>/target/release/mathzip' decompress --max-archive-bytes 17179869184 --max-output-bytes 8589934592 --max-segments 8388608 --no-sync --force '<work>/archive.mz' '<work>/restored.bin'""]","{""family"":""linear"",""noise_density"":0.05,""seed"":1297748005,""size_requested"":65536}"
mathzip-benchmark-results-v1,20260724T032334Z-aca5bed4,ablation,synthetic_ablation,datasets/synthetic/linear/s0000065536_n005p000_seed1297748005.bin,s0000065536_n005p000_seed1297748005.bin,CC0-1.0,python/mathzip_bench/synthetic.py and datasets/synthetic/manifest.json,datasets/synthetic/manifest.json,788cc7e3e85003e88d7c4f21698a72edc5348641fc93c7e57ec681c85e2f147e,true,6d4dc987463f20cf02ac2d7b5a56d7f1ac84c5d7ed37c15f903ebb76c3362922,7.999728456073299,65536,zstd-default,zstd,default,,1,ok,,3,3,10355,6.32892322549493,0.8419952392578125,84.19952392578125,1.2640380859375,0.0,0.005670973005180713,0.00664276000316022,11.556394280157855,9.865778677661389,0.005142999999861786,0.004202000000077533,344064.0,true,true,5755cf36390aa17718150bd0f2c47f1051fe51e4584d5443dfa9d22aeb176258,6d4dc987463f20cf02ac2d7b5a56d7f1ac84c5d7ed37c15f903ebb76c3362922,,,,,,,,,,,,,,,,,,,,"[""'<external>/zstd' -q -d -c '<work>/archive.zst'"",""'<external>/zstd' -q -f -T1 -3 -c '<repo>/datasets/synthetic/linear/s0000065536_n005p000_seed1297748005.bin'""]","{""family"":""linear"",""noise_density"":0.05,""seed"":1297748005,""size_requested"":65536}"
mathzip-benchmark-results-v1,20260724T032334Z-aca5bed4,ablation,synthetic_ablation,datasets/synthetic/periodic/s0000065536_n000p000_seed1297748005.bin,s0000065536_n000p000_seed1297748005.bin,CC0-1.0,python/mathzip_bench/synthetic.py and datasets/synthetic/manifest.json,datasets/synthetic/manifest.json,788cc7e3e85003e88d7c4f21698a72edc5348641fc93c7e57ec681c85e2f147e,true,742efc49d53b0f51b7a9cdc8afdf6fb69b22e359571f016274fae0b527f1d1c8,2.8073549203781116,65536,ablation-01-raw-only,mathzip,balanced,01 raw only,1,ok,,3,3,65692,0.9976252816172441,-0.00238037109375,-0.238037109375,8.01904296875,0.238037109375,0.006748630999936722,0.006713342998409644,9.711006573127866,9.762051486945495,0.006111000000146305,0.004516999999850668,540672.0,true,true,a5399806b0e7e49ff70a1bfcccc6bf19848db3527e396173fcd73795bf4be35b,742efc49d53b0f51b7a9cdc8afdf6fb69b22e359571f016274fae0b527f1d1c8,"[{""type"":""identity""}]",1,65536.0,65536.0,"{""raw"":1}","{""raw"":1}",0,36,65536,120,100.0,100.0,2.8073549203781116,65536,0,0,0.002427943,5.3699e-05,2.1065e-05,"[""'<repo>/target/release/mathzip' compress --mode balanced --max-input-bytes 8589934592 --no-sync --force --models raw --residual-coders raw --transforms identity --segmentation fixed '<repo>/datasets/synthetic/periodic/s0000065536_n000p000_seed1297748005.bin' '<work>/archive.mz'"",""'<repo>/target/release/mathzip' compress --mode balanced --max-input-bytes 8589934592 --no-sync --force --models raw --residual-coders raw --transforms identity --segmentation fixed --metrics-output '<work>/metrics-probe.mz.metrics.json' '<repo>/datasets/synthetic/periodic/s0000065536_n000p000_seed1297748005.bin' '<work>/metrics-probe.mz'"",""'<repo>/target/release/mathzip' decompress --max-archive-bytes 17179869184 --max-output-bytes 8589934592 --max-segments 8388608 --no-sync --force '<work>/archive.mz' '<work>/restored.bin'""]","{""family"":""periodic"",""noise_density"":0.0,""seed"":1297748005,""size_requested"":65536}"
mathzip-benchmark-results-v1,20260724T032334Z-aca5bed4,ablation,synthetic_ablation,datasets/synthetic/periodic/s0000065536_n000p000_seed1297748005.bin,s0000065536_n000p000_seed1297748005.bin,CC0-1.0,python/mathzip_bench/synthetic.py and datasets/synthetic/manifest.json,datasets/synthetic/manifest.json,788cc7e3e85003e88d7c4f21698a72edc5348641fc93c7e57ec681c85e2f147e,true,742efc49d53b0f51b7a9cdc8afdf6fb69b22e359571f016274fae0b527f1d1c8,2.8073549203781116,65536,ablation-02-residual-only,mathzip,balanced,02 residual coder only,1,ok,,3,3,41672,1.5726626991745056,0.3641357421875,36.41357421875,5.0869140625,0.0,0.007354477005719673,0.005437769003037829,8.911034727422738,12.05200146666548,0.00654400000030364,0.004787999999734893,430080.0,true,true,91a32387ab6ad135833b73d0556b5a3f44e7d58caabb38548525f08595a5afef,742efc49d53b0f51b7a9cdc8afdf6fb69b22e359571f016274fae0b527f1d1c8,"[{""type"":""identity""}]",16,4096.0,4096.0,"{""raw"":16}","{""bit_pack"":16}",0,576,40976,120,100.0,0.0,2.8073549203781116,40976,0,0,0.002131107,5.2193e-05,0.000891646,"[""'<repo>/target/release/mathzip' compress --mode balanced --max-input-bytes 8589934592 --no-sync --force --models raw --residual-coders raw,rle,zero-run,sparse,bit-pack --transforms identity --segmentation fixed '<repo>/datasets/synthetic/periodic/s0000065536_n000p000_seed1297748005.bin' '<work>/archive.mz'"",""'<repo>/target/release/mathzip' compress --mode balanced --max-input-bytes 8589934592 --no-sync --force --models raw --residual-coders raw,rle,zero-run,sparse,bit-pack --transforms identity --segmentation fixed --metrics-output '<work>/metrics-probe.mz.metrics.json' '<repo>/datasets/synthetic/periodic/s0000065536_n000p000_seed1297748005.bin' '<work>/metrics-probe.mz'"",""'<repo>/target/release/mathzip' decompress --max-archive-bytes 17179869184 --max-output-bytes 8589934592 --max-segments 8388608 --no-sync --force '<work>/archive.mz' '<work>/restored.bin'""]","{""family"":""periodic"",""noise_density"":0.0,""seed"":1297748005,""size_requested"":65536}"
mathzip-benchmark-results-v1,20260724T032334Z-aca5bed4,ablation,synthetic_ablation,datasets/synthetic/periodic/s0000065536_n000p000_seed1297748005.bin,s0000065536_n000p000_seed1297748005.bin,CC0-1.0,python/mathzip_bench/synthetic.py and datasets/synthetic/manifest.json,datasets/synthetic/manifest.json,788cc7e3e85003e88d7c4f21698a72edc5348641fc93c7e57ec681c85e2f147e,true,742efc49d53b0f51b7a9cdc8afdf6fb69b22e359571f016274fae0b527f1d1c8,2.8073549203781116,65536,ablation-03-fixed-constant,mathzip,balanced,03 fixed segmentation + constant,1,ok,,3,3,41672,1.5726626991745056,0.3641357421875,36.41357421875,5.0869140625,0.0,0.009855465999862645,0.005924167002376635,6.649710932077019,11.062483548101955,0.008439999999609427,0.00513100000034683,425984.0,true,true,91a32387ab6ad135833b73d0556b5a3f44e7d58caabb38548525f08595a5afef,742efc49d53b0f51b7a9cdc8afdf6fb69b22e359571f016274fae0b527f1d1c8,"[{""type"":""identity""}]",16,4096.0,4096.0,"{""raw"":16}","{""bit_pack"":16}",0,576,40976,120,100.0,0.0,2.8073549203781116,40976,0,0,0.002109596,5.3319e-05,0.002349501,"[""'<repo>/target/release/mathzip' compress --mode balanced --max-input-bytes 8589934592 --no-sync --force --models raw,constant --transforms identity --segmentation fixed --segment-size 4096 '<repo>/datasets/synthetic/periodic/s0000065536_n000p000_seed1297748005.bin' '<work>/archive.mz'"",""'<repo>/target/release/mathzip' compress --mode balanced --max-input-bytes 8589934592 --no-sync --force --models raw,constant --transforms identity --segmentation fixed --segment-size 4096 --metrics-output '<work>/metrics-probe.mz.metrics.json' '<repo>/datasets/synthetic/periodic/s0000065536_n000p000_seed1297748005.bin' '<work>/metrics-probe.mz'"",""'<repo>/target/release/mathzip' decompress --max-archive-bytes 17179869184 --max-output-bytes 8589934592 --max-segments 8388608 --no-sync --force '<work>/archive.mz' '<work>/restored.bin'""]","{""family"":""periodic"",""noise_density"":0.0,""seed"":1297748005,""size_requested"":65536}"
mathzip-benchmark-results-v1,20260724T032334Z-aca5bed4,ablation,synthetic_ablation,datasets/synthetic/periodic/s0000065536_n000p000_seed1297748005.bin,s0000065536_n000p000_seed1297748005.bin,CC0-1.0,python/mathzip_bench/synthetic.py and datasets/synthetic/manifest.json,datasets/synthetic/manifest.json,788cc7e3e85003e88d7c4f21698a72edc5348641fc93c7e57ec681c85e2f147e,true,742efc49d53b0f51b7a9cdc8afdf6fb69b22e359571f016274fae0b527f1d1c8,2.8073549203781116,65536,ablation-04-fixed-all-models,mathzip,balanced,04 fixed segmentation + all models,1,ok,,3,3,795,82.43522012578616,0.9878692626953125,98.78692626953125,0.0970458984375,0.0,0.03803182000410743,0.004931921997922473,1.7231886350146304,13.288125811317867,0.036397999999735475,0.00423399999999674,3645440.0,true,true,edfbb5080215bdbfa5978bc7221ce4a1db7b19ba8216d4aaf129787f762e8f38,742efc49d53b0f51b7a9cdc8afdf6fb69b22e359571f016274fae0b527f1d1c8,"[{""type"":""identity""}]",16,4096.0,4096.0,"{""copy"":9,""periodic"":7}","{""sparse"":16}",83,576,16,120,0.0,0.0,0.0,16,16,16,0.001874127,0.00396039,0.02700792,"[""'<repo>/target/release/mathzip' compress --mode balanced --max-input-bytes 8589934592 --no-sync --force --models raw,constant,affine,polynomial,periodic,recurrence,piecewise-linear,run,sparse,copy --transforms identity --segmentation fixed --segment-size 4096 '<repo>/datasets/synthetic/periodic/s0000065536_n000p000_seed1297748005.bin' '<work>/archive.mz'"",""'<repo>/target/release/mathzip' compress --mode balanced --max-input-bytes 8589934592 --no-sync --force --models raw,constant,affine,polynomial,periodic,recurrence,piecewise-linear,run,sparse,copy --transforms identity --segmentation fixed --segment-size 4096 --metrics-output '<work>/metrics-probe.mz.metrics.json' '<repo>/datasets/synthetic/periodic/s0000065536_n000p000_seed1297748005.bin' '<work>/metrics-probe.mz'"",""'<repo>/target/release/mathzip' decompress --max-archive-bytes 17179869184 --max-output-bytes 8589934592 --max-segments 8388608 --no-sync --force '<work>/archive.mz' '<work>/restored.bin'""]","{""family"":""periodic"",""noise_density"":0.0,""seed"":1297748005,""size_requested"":65536}"
mathzip-benchmark-results-v1,20260724T032334Z-aca5bed4,ablation,synthetic_ablation,datasets/synthetic/periodic/s0000065536_n000p000_seed1297748005.bin,s0000065536_n000p000_seed1297748005.bin,CC0-1.0,python/mathzip_bench/synthetic.py and datasets/synthetic/manifest.json,datasets/synthetic/manifest.json,788cc7e3e85003e88d7c4f21698a72edc5348641fc93c7e57ec681c85e2f147e,true,742efc49d53b0f51b7a9cdc8afdf6fb69b22e359571f016274fae0b527f1d1c8,2.8073549203781116,65536,ablation-05-adaptive-constant,mathzip,balanced,05 adaptive segmentation + constant,1,ok,,3,3,41154,1.5924575982893523,0.372039794921875,37.2039794921875,5.023681640625,0.0,0.07206893299735384,0.006083057000068948,0.9093516065016015,10.77353047970078,0.07132499999988795,0.005309000000124797,3817472.0,true,true,d4f1d558b8560ed6a945e9d85ddbefd95ca5e091ed3dec0397655d0ac56e17f5,742efc49d53b0f51b7a9cdc8afdf6fb69b22e359571f016274fae0b527f1d1c8,"[{""type"":""identity""}]",2,32768.0,32768.0,"{""raw"":2}","{""bit_pack"":2}",0,72,40962,120,100.0,0.0,2.8073549203781116,40962,0,0,0.002828349,0.001173261,0.063449686,"[""'<repo>/target/release/mathzip' compress --mode balanced --max-input-bytes 8589934592 --no-sync --force --models raw,constant --transforms identity --segmentation adaptive '<repo>/datasets/synthetic/periodic/s0000065536_n000p000_seed1297748005.bin' '<work>/archive.mz'"",""'<repo>/target/release/mathzip' compress --mode balanced --max-input-bytes 8589934592 --no-sync --force --models raw,constant --transforms identity --segmentation adaptive --metrics-output '<work>/metrics-probe.mz.metrics.json' '<repo>/datasets/synthetic/periodic/s0000065536_n000p000_seed1297748005.bin' '<work>/metrics-probe.mz'"",""'<repo>/target/release/mathzip' decompress --max-archive-bytes 17179869184 --max-output-bytes 8589934592 --max-segments 8388608 --no-sync --force '<work>/archive.mz' '<work>/restored.bin'""]","{""family"":""periodic"",""noise_density"":0.0,""seed"":1297748005,""size_requested"":65536}"
mathzip-benchmark-results-v1,20260724T032334Z-aca5bed4,ablation,synthetic_ablation,datasets/synthetic/periodic/s0000065536_n000p000_seed1297748005.bin,s0000065536_n000p000_seed1297748005.bin,CC0-1.0,python/mathzip_bench/synthetic.py and datasets/synthetic/manifest.json,datasets/synthetic/manifest.json,788cc7e3e85003e88d7c4f21698a72edc5348641fc93c7e57ec681c85e2f147e,true,742efc49d53b0f51b7a9cdc8afdf6fb69b22e359571f016274fae0b527f1d1c8,2.8073549203781116,65536,ablation-06-adaptive-linear,mathzip,balanced,06 adaptive + constant/linear,1,ok,,3,3,41154,1.5924575982893523,0.372039794921875,37.2039794921875,5.023681640625,0.0,0.11221910399763146,0.0060128650002297945,0.5840003855438306,10.899296757451797,0.11126699999931589,0.005212999999912427,3887104.0,true,true,d4f1d558b8560ed6a945e9d85ddbefd95ca5e091ed3dec0397655d0ac56e17f5,742efc49d53b0f51b7a9cdc8afdf6fb69b22e359571f016274fae0b527f1d1c8,"[{""type"":""identity""}]",2,32768.0,32768.0,"{""raw"":2}","{""bit_pack"":2}",0,72,40962,120,100.0,0.0,2.8073549203781116,40962,0,0,0.002906433,0.003402409,0.10278245,"[""'<repo>/target/release/mathzip' compress --mode balanced --max-input-bytes 8589934592 --no-sync --force --models raw,constant,affine --transforms identity --segmentation adaptive '<repo>/datasets/synthetic/periodic/s0000065536_n000p000_seed1297748005.bin' '<work>/archive.mz'"",""'<repo>/target/release/mathzip' compress --mode balanced --max-input-bytes 8589934592 --no-sync --force --models raw,constant,affine --transforms identity --segmentation adaptive --metrics-output '<work>/metrics-probe.mz.metrics.json' '<repo>/datasets/synthetic/periodic/s0000065536_n000p000_seed1297748005.bin' '<work>/metrics-probe.mz'"",""'<repo>/target/release/mathzip' decompress --max-archive-bytes 17179869184 --max-output-bytes 8589934592 --max-segments 8388608 --no-sync --force '<work>/archive.mz' '<work>/restored.bin'""]","{""family"":""periodic"",""noise_density"":0.0,""seed"":1297748005,""size_requested"":65536}"
mathzip-benchmark-results-v1,20260724T032334Z-aca5bed4,ablation,synthetic_ablation,datasets/synthetic/periodic/s0000065536_n000p000_seed1297748005.bin,s0000065536_n000p000_seed1297748005.bin,CC0-1.0,python/mathzip_bench/synthetic.py and datasets/synthetic/manifest.json,datasets/synthetic/manifest.json,788cc7e3e85003e88d7c4f21698a72edc5348641fc93c7e57ec681c85e2f147e,true,742efc49d53b0f51b7a9cdc8afdf6fb69b22e359571f016274fae0b527f1d1c8,2.8073549203781116,65536,ablation-07-add-polynomial,mathzip,balanced,07 add polynomial,1,ok,,3,3,41154,1.5924575982893523,0.372039794921875,37.2039794921875,5.023681640625,0.0,0.20347920700442046,0.007161747002101038,0.3220771348817782,9.150839869207015,0.2005010000002585,0.005078000000139582,3903488.0,true,true,d4f1d558b8560ed6a945e9d85ddbefd95ca5e091ed3dec0397655d0ac56e17f5,742efc49d53b0f51b7a9cdc8afdf6fb69b22e359571f016274fae0b527f1d1c8,"[{""type"":""identity""}]",2,32768.0,32768.0,"{""raw"":2}","{""bit_pack"":2}",0,72,40962,120,100.0,0.0,2.8073549203781116,40962,0,0,0.003024797,0.003393656,0.192017837,"[""'<repo>/target/release/mathzip' compress --mode balanced --max-input-bytes 8589934592 --no-sync --force --models raw,constant,affine,polynomial --transforms identity --segmentation adaptive '<repo>/datasets/synthetic/periodic/s0000065536_n000p000_seed1297748005.bin' '<work>/archive.mz'"",""'<repo>/target/release/mathzip' compress --mode balanced --max-input-bytes 8589934592 --no-sync --force --models raw,constant,affine,polynomial --transforms identity --segmentation adaptive --metrics-output '<work>/metrics-probe.mz.metrics.json' '<repo>/datasets/synthetic/periodic/s0000065536_n000p000_seed1297748005.bin' '<work>/metrics-probe.mz'"",""'<repo>/target/release/mathzip' decompress --max-archive-bytes 17179869184 --max-output-bytes 8589934592 --max-segments 8388608 --no-sync --force '<work>/archive.mz' '<work>/restored.bin'""]","{""family"":""periodic"",""noise_density"":0.0,""seed"":1297748005,""size_requested"":65536}"
mathzip-benchmark-results-v1,20260724T032334Z-aca5bed4,ablation,synthetic_ablation,datasets/synthetic/periodic/s0000065536_n000p000_seed1297748005.bin,s0000065536_n000p000_seed1297748005.bin,CC0-1.0,python/mathzip_bench/synthetic.py and datasets/synthetic/manifest.json,datasets/synthetic/manifest.json,788cc7e3e85003e88d7c4f21698a72edc5348641fc93c7e57ec681c85e2f147e,true,742efc49d53b0f51b7a9cdc8afdf6fb69b22e359571f016274fae0b527f1d1c8,2.8073549203781116,65536,ablation-08-add-periodic,mathzip,balanced,08 add periodic,1,ok,,3,3,210,312.0761904761905,0.996795654296875,99.6795654296875,0.025634765625,0.0,0.3157602169958409,0.005198009996092878,0.20754989537159843,12.607901879615584,0.31456100000013976,0.004492999999911262,3686400.0,true,true,a1c000a36ee3335a97be88b6e3f60a9d401ba3c045eb8df38fd60e48d76ae3e1,742efc49d53b0f51b7a9cdc8afdf6fb69b22e359571f016274fae0b527f1d1c8,"[{""type"":""identity""}]",2,32768.0,32768.0,"{""periodic"":2}","{""sparse"":2}",16,72,2,120,0.0,0.0,0.0,2,2,2,0.002965359,0.023992331,0.28704856,"[""'<repo>/target/release/mathzip' compress --mode balanced --max-input-bytes 8589934592 --no-sync --force --models raw,constant,affine,polynomial,periodic --transforms identity --segmentation adaptive '<repo>/datasets/synthetic/periodic/s0000065536_n000p000_seed1297748005.bin' '<work>/archive.mz'"",""'<repo>/target/release/mathzip' compress --mode balanced --max-input-bytes 8589934592 --no-sync --force --models raw,constant,affine,polynomial,periodic --transforms identity --segmentation adaptive --metrics-output '<work>/metrics-probe.mz.metrics.json' '<repo>/datasets/synthetic/periodic/s0000065536_n000p000_seed1297748005.bin' '<work>/metrics-probe.mz'"",""'<repo>/target/release/mathzip' decompress --max-archive-bytes 17179869184 --max-output-bytes 8589934592 --max-segments 8388608 --no-sync --force '<work>/archive.mz' '<work>/restored.bin'""]","{""family"":""periodic"",""noise_density"":0.0,""seed"":1297748005,""size_requested"":65536}"
mathzip-benchmark-results-v1,20260724T032334Z-aca5bed4,ablation,synthetic_ablation,datasets/synthetic/periodic/s0000065536_n000p000_seed1297748005.bin,s0000065536_n000p000_seed1297748005.bin,CC0-1.0,python/mathzip_bench/synthetic.py and datasets/synthetic/manifest.json,datasets/synthetic/manifest.json,788cc7e3e85003e88d7c4f21698a72edc5348641fc93c7e57ec681c85e2f147e,true,742efc49d53b0f51b7a9cdc8afdf6fb69b22e359571f016274fae0b527f1d1c8,2.8073549203781116,65536,ablation-09-add-recurrence,mathzip,balanced,09 add recurrence,1,ok,,3,3,210,312.0761904761905,0.996795654296875,99.6795654296875,0.025634765625,0.0,0.5698238309996668,0.006067613001505379,0.11501098486005286,10.80095253005432,0.5689099999999598,0.004629999999906431,3698688.0,true,true,a1c000a36ee3335a97be88b6e3f60a9d401ba3c045eb8df38fd60e48d76ae3e1,742efc49d53b0f51b7a9cdc8afdf6fb69b22e359571f016274fae0b527f1d1c8,"[{""type"":""identity""}]",2,32768.0,32768.0,"{""periodic"":2}","{""sparse"":2}",16,72,2,120,0.0,0.0,0.0,2,2,2,0.003286608,0.023618048,0.538337015,"[""'<repo>/target/release/mathzip' compress --mode balanced --max-input-bytes 8589934592 --no-sync --force --models raw,constant,affine,polynomial,periodic,recurrence --transforms identity --segmentation adaptive '<repo>/datasets/synthetic/periodic/s0000065536_n000p000_seed1297748005.bin' '<work>/archive.mz'"",""'<repo>/target/release/mathzip' compress --mode balanced --max-input-bytes 8589934592 --no-sync --force --models raw,constant,affine,polynomial,periodic,recurrence --transforms identity --segmentation adaptive --metrics-output '<work>/metrics-probe.mz.metrics.json' '<repo>/datasets/synthetic/periodic/s0000065536_n000p000_seed1297748005.bin' '<work>/metrics-probe.mz'"",""'<repo>/target/release/mathzip' decompress --max-archive-bytes 17179869184 --max-output-bytes 8589934592 --max-segments 8388608 --no-sync --force '<work>/archive.mz' '<work>/restored.bin'""]","{""family"":""periodic"",""noise_density"":0.0,""seed"":1297748005,""size_requested"":65536}"
mathzip-benchmark-results-v1,20260724T032334Z-aca5bed4,ablation,synthetic_ablation,datasets/synthetic/periodic/s0000065536_n000p000_seed1297748005.bin,s0000065536_n000p000_seed1297748005.bin,CC0-1.0,python/mathzip_bench/synthetic.py and datasets/synthetic/manifest.json,datasets/synthetic/manifest.json,788cc7e3e85003e88d7c4f21698a72edc5348641fc93c7e57ec681c85e2f147e,true,742efc49d53b0f51b7a9cdc8afdf6fb69b22e359571f016274fae0b527f1d1c8,2.8073549203781116,65536,ablation-10-add-bit-plane,mathzip,balanced,10 add bit-plane,1,ok,,3,3,210,312.0761904761905,0.996795654296875,99.6795654296875,0.025634765625,0.0,1.1195546800008742,0.007528415000706445,0.05853756066648645,8.705152411742748,1.1155930000004446,0.004543999999896187,3678208.0,true,true,a1c000a36ee3335a97be88b6e3f60a9d401ba3c045eb8df38fd60e48d76ae3e1,742efc49d53b0f51b7a9cdc8afdf6fb69b22e359571f016274fae0b527f1d1c8,"[{""type"":""identity""}]",2,32768.0,32768.0,"{""periodic"":2}","{""sparse"":2}",16,72,2,120,0.0,0.0,0.0,2,2,2,0.007585119,0.066487569,1.055439647,"[""'<repo>/target/release/mathzip' compress --mode balanced --max-input-bytes 8589934592 --no-sync --force --models raw,constant,affine,polynomial,periodic,recurrence --transforms identity,bit-plane --segmentation adaptive '<repo>/datasets/synthetic/periodic/s0000065536_n000p000_seed1297748005.bin' '<work>/archive.mz'"",""'<repo>/target/release/mathzip' compress --mode balanced --max-input-bytes 8589934592 --no-sync --force --models raw,constant,affine,polynomial,periodic,recurrence --transforms identity,bit-plane --segmentation adaptive --metrics-output '<work>/metrics-probe.mz.metrics.json' '<repo>/datasets/synthetic/periodic/s0000065536_n000p000_seed1297748005.bin' '<work>/metrics-probe.mz'"",""'<repo>/target/release/mathzip' decompress --max-archive-bytes 17179869184 --max-output-bytes 8589934592 --max-segments 8388608 --no-sync --force '<work>/archive.mz' '<work>/restored.bin'""]","{""family"":""periodic"",""noise_density"":0.0,""seed"":1297748005,""size_requested"":65536}"
mathzip-benchmark-results-v1,20260724T032334Z-aca5bed4,ablation,synthetic_ablation,datasets/synthetic/periodic/s0000065536_n000p000_seed1297748005.bin,s0000065536_n000p000_seed1297748005.bin,CC0-1.0,python/mathzip_bench/synthetic.py and datasets/synthetic/manifest.json,datasets/synthetic/manifest.json,788cc7e3e85003e88d7c4f21698a72edc5348641fc93c7e57ec681c85e2f147e,true,742efc49d53b0f51b7a9cdc8afdf6fb69b22e359571f016274fae0b527f1d1c8,2.8073549203781116,65536,ablation-11-add-stride,mathzip,balanced,11 add stride transpose,1,ok,,3,3,210,312.0761904761905,0.996795654296875,99.6795654296875,0.025634765625,0.0,4.179744679997384,0.005700127003365196,0.015679426619915216,11.497287685223395,4.1449250000000575,0.00471499999957814,3715072.0,true,true,a1c000a36ee3335a97be88b6e3f60a9d401ba3c045eb8df38fd60e48d76ae3e1,742efc49d53b0f51b7a9cdc8afdf6fb69b22e359571f016274fae0b527f1d1c8,"[{""type"":""identity""}]",2,32768.0,32768.0,"{""periodic"":2}","{""sparse"":2}",16,72,2,120,0.0,0.0,0.0,2,2,2,0.019422167,0.185372386,3.917206528,"[""'<repo>/target/release/mathzip' compress --mode balanced --max-input-bytes 8589934592 --no-sync --force --models raw,constant,affine,polynomial,periodic,recurrence --transforms identity,bit-plane,stride --segmentation adaptive '<repo>/datasets/synthetic/periodic/s0000065536_n000p000_seed1297748005.bin' '<work>/archive.mz'"",""'<repo>/target/release/mathzip' compress --mode balanced --max-input-bytes 8589934592 --no-sync --force --models raw,constant,affine,polynomial,periodic,recurrence --transforms identity,bit-plane,stride --segmentation adaptive --metrics-output '<work>/metrics-probe.mz.metrics.json' '<repo>/datasets/synthetic/periodic/s0000065536_n000p000_seed1297748005.bin' '<work>/metrics-probe.mz'"",""'<repo>/target/release/mathzip' decompress --max-archive-bytes 17179869184 --max-output-bytes 8589934592 --max-segments 8388608 --no-sync --force '<work>/archive.mz' '<work>/restored.bin'""]","{""family"":""periodic"",""noise_density"":0.0,""seed"":1297748005,""size_requested"":65536}"
mathzip-benchmark-results-v1,20260724T032334Z-aca5bed4,ablation,synthetic_ablation,datasets/synthetic/periodic/s0000065536_n000p000_seed1297748005.bin,s0000065536_n000p000_seed1297748005.bin,CC0-1.0,python/mathzip_bench/synthetic.py and datasets/synthetic/manifest.json,datasets/synthetic/manifest.json,788cc7e3e85003e88d7c4f21698a72edc5348641fc93c7e57ec681c85e2f147e,true,742efc49d53b0f51b7a9cdc8afdf6fb69b22e359571f016274fae0b527f1d1c8,2.8073549203781116,65536,ablation-12-add-copy,mathzip,balanced,12 add copy/reference,1,ok,,3,3,210,312.0761904761905,0.996795654296875,99.6795654296875,0.025634765625,0.0,4.204340523996507,0.005334382003638893,0.01558770028877291,12.28558433859706,4.157133000000158,0.004597999999987223,3682304.0,true,true,a1c000a36ee3335a97be88b6e3f60a9d401ba3c045eb8df38fd60e48d76ae3e1,742efc49d53b0f51b7a9cdc8afdf6fb69b22e359571f016274fae0b527f1d1c8,"[{""type"":""identity""}]",2,32768.0,32768.0,"{""periodic"":2}","{""sparse"":2}",16,72,2,120,0.0,0.0,0.0,2,2,2,0.018977802,0.18787725,3.956696104,"[""'<repo>/target/release/mathzip' compress --mode balanced --max-input-bytes 8589934592 --no-sync --force --models raw,constant,affine,polynomial,periodic,recurrence,copy --transforms identity,bit-plane,stride --segmentation adaptive '<repo>/datasets/synthetic/periodic/s0000065536_n000p000_seed1297748005.bin' '<work>/archive.mz'"",""'<repo>/target/release/mathzip' compress --mode balanced --max-input-bytes 8589934592 --no-sync --force --models raw,constant,affine,polynomial,periodic,recurrence,copy --transforms identity,bit-plane,stride --segmentation adaptive --metrics-output '<work>/metrics-probe.mz.metrics.json' '<repo>/datasets/synthetic/periodic/s0000065536_n000p000_seed1297748005.bin' '<work>/metrics-probe.mz'"",""'<repo>/target/release/mathzip' decompress --max-archive-bytes 17179869184 --max-output-bytes 8589934592 --max-segments 8388608 --no-sync --force '<work>/archive.mz' '<work>/restored.bin'""]","{""family"":""periodic"",""noise_density"":0.0,""seed"":1297748005,""size_requested"":65536}"
mathzip-benchmark-results-v1,20260724T032334Z-aca5bed4,ablation,synthetic_ablation,datasets/synthetic/periodic/s0000065536_n000p000_seed1297748005.bin,s0000065536_n000p000_seed1297748005.bin,CC0-1.0,python/mathzip_bench/synthetic.py and datasets/synthetic/manifest.json,datasets/synthetic/manifest.json,788cc7e3e85003e88d7c4f21698a72edc5348641fc93c7e57ec681c85e2f147e,true,742efc49d53b0f51b7a9cdc8afdf6fb69b22e359571f016274fae0b527f1d1c8,2.8073549203781116,65536,ablation-13-custom-residual,mathzip,balanced,13 custom residual coders,1,ok,,3,3,210,312.0761904761905,0.996795654296875,99.6795654296875,0.025634765625,0.0,6.7248964850004995,0.0055925550041138195,0.009745280116381618,11.718436376896154,6.688986999999997,0.004703000000063184,4206592.0,true,true,a1c000a36ee3335a97be88b6e3f60a9d401ba3c045eb8df38fd60e48d76ae3e1,742efc49d53b0f51b7a9cdc8afdf6fb69b22e359571f016274fae0b527f1d1c8,"[{""type"":""identity""}]",2,32768.0,32768.0,"{""periodic"":2}","{""sparse"":2}",16,72,2,120,0.0,0.0,0.0,2,2,2,0.025279672,0.346602023,6.370084073,"[""'<repo>/target/release/mathzip' compress --mode balanced --max-input-bytes 8589934592 --no-sync --force --residual-coders raw,rle,zero-run,sparse,bit-pack '<repo>/datasets/synthetic/periodic/s0000065536_n000p000_seed1297748005.bin' '<work>/archive.mz'"",""'<repo>/target/release/mathzip' compress --mode balanced --max-input-bytes 8589934592 --no-sync --force --residual-coders raw,rle,zero-run,sparse,bit-pack --metrics-output '<work>/metrics-probe.mz.metrics.json' '<repo>/datasets/synthetic/periodic/s0000065536_n000p000_seed1297748005.bin' '<work>/metrics-probe.mz'"",""'<repo>/target/release/mathzip' decompress --max-archive-bytes 17179869184 --max-output-bytes 8589934592 --max-segments 8388608 --no-sync --force '<work>/archive.mz' '<work>/restored.bin'""]","{""family"":""periodic"",""noise_density"":0.0,""seed"":1297748005,""size_requested"":65536}"
mathzip-benchmark-results-v1,20260724T032334Z-aca5bed4,ablation,synthetic_ablation,datasets/synthetic/periodic/s0000065536_n000p000_seed1297748005.bin,s0000065536_n000p000_seed1297748005.bin,CC0-1.0,python/mathzip_bench/synthetic.py and datasets/synthetic/manifest.json,datasets/synthetic/manifest.json,788cc7e3e85003e88d7c4f21698a72edc5348641fc93c7e57ec681c85e2f147e,true,742efc49d53b0f51b7a9cdc8afdf6fb69b22e359571f016274fae0b527f1d1c8,2.8073549203781116,65536,ablation-14-zstd-residual,mathzip,balanced,14 mathematical models + Zstd residual,1,ok,,3,3,244,268.59016393442624,0.99627685546875,99.627685546875,0.02978515625,0.0,3.082753793998563,0.0054484630018123426,0.02125891471695989,12.028346338811609,3.081390000000283,0.004579999999805295,4792320.0,true,true,340e31de6451134cac4b80f54f7f3cd566b376e5a29e415f8eafcee9d73753bc,742efc49d53b0f51b7a9cdc8afdf6fb69b22e359571f016274fae0b527f1d1c8,"[{""type"":""identity""}]",2,32768.0,32768.0,"{""constant"":2}","{""zstd"":2}",2,72,50,120,0.0,0.0,3.378766050839467,50,2,0,0.022632687,0.337968109,2.728535447,"[""'<repo>/target/release/mathzip' compress --mode balanced --max-input-bytes 8589934592 --no-sync --force --models constant,affine,polynomial,periodic,recurrence,piecewise-linear,run,sparse --residual-coders zstd --no-copy-model '<repo>/datasets/synthetic/periodic/s0000065536_n000p000_seed1297748005.bin' '<work>/archive.mz'"",""'<repo>/target/release/mathzip' compress --mode balanced --max-input-bytes 8589934592 --no-sync --force --models constant,affine,polynomial,periodic,recurrence,piecewise-linear,run,sparse --residual-coders zstd --no-copy-model --metrics-output '<work>/metrics-probe.mz.metrics.json' '<repo>/datasets/synthetic/periodic/s0000065536_n000p000_seed1297748005.bin' '<work>/metrics-probe.mz'"",""'<repo>/target/release/mathzip' decompress --max-archive-bytes 17179869184 --max-output-bytes 8589934592 --max-segments 8388608 --no-sync --force '<work>/archive.mz' '<work>/restored.bin'""]","{""family"":""periodic"",""noise_density"":0.0,""seed"":1297748005,""size_requested"":65536}"
mathzip-benchmark-results-v1,20260724T032334Z-aca5bed4,ablation,synthetic_ablation,datasets/synthetic/periodic/s0000065536_n000p000_seed1297748005.bin,s0000065536_n000p000_seed1297748005.bin,CC0-1.0,python/mathzip_bench/synthetic.py and datasets/synthetic/manifest.json,datasets/synthetic/manifest.json,788cc7e3e85003e88d7c4f21698a72edc5348641fc93c7e57ec681c85e2f147e,true,742efc49d53b0f51b7a9cdc8afdf6fb69b22e359571f016274fae0b527f1d1c8,2.8073549203781116,65536,ablation-15-no-transform,mathzip,balanced,15 identity transform only,1,ok,,3,3,210,312.0761904761905,0.996795654296875,99.6795654296875,0.025634765625,0.0,0.7438848149977275,0.006695529002172407,0.08809966096726977,9.78802421417881,0.7428490000002057,0.004815000000235159,4214784.0,true,true,a1c000a36ee3335a97be88b6e3f60a9d401ba3c045eb8df38fd60e48d76ae3e1,742efc49d53b0f51b7a9cdc8afdf6fb69b22e359571f016274fae0b527f1d1c8,"[{""type"":""identity""}]",2,32768.0,32768.0,"{""periodic"":2}","{""sparse"":2}",16,72,2,120,0.0,0.0,0.0,2,2,2,0.003771447,0.037979351,0.695297991,"[""'<repo>/target/release/mathzip' compress --mode balanced --max-input-bytes 8589934592 --no-sync --force --transforms identity '<repo>/datasets/synthetic/periodic/s0000065536_n000p000_seed1297748005.bin' '<work>/archive.mz'"",""'<repo>/target/release/mathzip' compress --mode balanced --max-input-bytes 8589934592 --no-sync --force --transforms identity --metrics-output '<work>/metrics-probe.mz.metrics.json' '<repo>/datasets/synthetic/periodic/s0000065536_n000p000_seed1297748005.bin' '<work>/metrics-probe.mz'"",""'<repo>/target/release/mathzip' decompress --max-archive-bytes 17179869184 --max-output-bytes 8589934592 --max-segments 8388608 --no-sync --force '<work>/archive.mz' '<work>/restored.bin'""]","{""family"":""periodic"",""noise_density"":0.0,""seed"":1297748005,""size_requested"":65536}"
mathzip-benchmark-results-v1,20260724T032334Z-aca5bed4,ablation,synthetic_ablation,datasets/synthetic/periodic/s0000065536_n000p000_seed1297748005.bin,s0000065536_n000p000_seed1297748005.bin,CC0-1.0,python/mathzip_bench/synthetic.py and datasets/synthetic/manifest.json,datasets/synthetic/manifest.json,788cc7e3e85003e88d7c4f21698a72edc5348641fc93c7e57ec681c85e2f147e,true,742efc49d53b0f51b7a9cdc8afdf6fb69b22e359571f016274fae0b527f1d1c8,2.8073549203781116,65536,ablation-16-no-adaptive-partition,mathzip,balanced,16 fixed partition,1,ok,,3,3,790,82.95696202531646,0.987945556640625,98.7945556640625,0.096435546875,0.0,0.28340008100349223,0.005310995002218988,0.23124905175730145,12.33968399002793,0.2825279999997292,0.004626999999800319,3653632.0,true,true,40b76edf71116fba3eb9d792ff9ef326fbc751b4e90bb5ed32236095fb9263ba,742efc49d53b0f51b7a9cdc8afdf6fb69b22e359571f016274fae0b527f1d1c8,"[{""stride"":8,""type"":""stride""}]",16,4096.0,4096.0,"{""copy"":9,""periodic"":7}","{""sparse"":16}",76,576,16,122,0.0,0.0,0.0,16,16,16,0.009098108,0.035227704,0.235493419,"[""'<repo>/target/release/mathzip' compress --mode balanced --max-input-bytes 8589934592 --no-sync --force --segmentation fixed --segment-size 4096 '<repo>/datasets/synthetic/periodic/s0000065536_n000p000_seed1297748005.bin' '<work>/archive.mz'"",""'<repo>/target/release/mathzip' compress --mode balanced --max-input-bytes 8589934592 --no-sync --force --segmentation fixed --segment-size 4096 --metrics-output '<work>/metrics-probe.mz.metrics.json' '<repo>/datasets/synthetic/periodic/s0000065536_n000p000_seed1297748005.bin' '<work>/metrics-probe.mz'"",""'<repo>/target/release/mathzip' decompress --max-archive-bytes 17179869184 --max-output-bytes 8589934592 --max-segments 8388608 --no-sync --force '<work>/archive.mz' '<work>/restored.bin'""]","{""family"":""periodic"",""noise_density"":0.0,""seed"":1297748005,""size_requested"":65536}"
mathzip-benchmark-results-v1,20260724T032334Z-aca5bed4,ablation,synthetic_ablation,datasets/synthetic/periodic/s0000065536_n000p000_seed1297748005.bin,s0000065536_n000p000_seed1297748005.bin,CC0-1.0,python/mathzip_bench/synthetic.py and datasets/synthetic/manifest.json,datasets/synthetic/manifest.json,788cc7e3e85003e88d7c4f21698a72edc5348641fc93c7e57ec681c85e2f147e,true,742efc49d53b0f51b7a9cdc8afdf6fb69b22e359571f016274fae0b527f1d1c8,2.8073549203781116,65536,ablation-17-no-raw-fallback,mathzip,balanced,17 no raw fallback,1,ok,,3,3,210,312.0761904761905,0.996795654296875,99.6795654296875,0.025634765625,0.0,6.510136156000954,0.00559041700034868,0.010066763340977104,11.722917985529962,6.495377999999619,0.004548000000340835,4112384.0,true,true,a1c000a36ee3335a97be88b6e3f60a9d401ba3c045eb8df38fd60e48d76ae3e1,742efc49d53b0f51b7a9cdc8afdf6fb69b22e359571f016274fae0b527f1d1c8,"[{""type"":""identity""}]",2,32768.0,32768.0,"{""periodic"":2}","{""sparse"":2}",16,72,2,120,0.0,0.0,0.0,2,2,2,0.023143523,0.340163883,6.126039615,"[""'<repo>/target/release/mathzip' compress --mode balanced --max-input-bytes 8589934592 --no-sync --force --no-raw-fallback --models constant,affine,polynomial,periodic,recurrence,piecewise-linear,run,sparse,copy '<repo>/datasets/synthetic/periodic/s0000065536_n000p000_seed1297748005.bin' '<work>/archive.mz'"",""'<repo>/target/release/mathzip' compress --mode balanced --max-input-bytes 8589934592 --no-sync --force --no-raw-fallback --models constant,affine,polynomial,periodic,recurrence,piecewise-linear,run,sparse,copy --metrics-output '<work>/metrics-probe.mz.metrics.json' '<repo>/datasets/synthetic/periodic/s0000065536_n000p000_seed1297748005.bin' '<work>/metrics-probe.mz'"",""'<repo>/target/release/mathzip' decompress --max-archive-bytes 17179869184 --max-output-bytes 8589934592 --max-segments 8388608 --no-sync --force '<work>/archive.mz' '<work>/restored.bin'""]","{""family"":""periodic"",""noise_density"":0.0,""seed"":1297748005,""size_requested"":65536}"
mathzip-benchmark-results-v1,20260724T032334Z-aca5bed4,ablation,synthetic_ablation,datasets/synthetic/periodic/s0000065536_n000p000_seed1297748005.bin,s0000065536_n000p000_seed1297748005.bin,CC0-1.0,python/mathzip_bench/synthetic.py and datasets/synthetic/manifest.json,datasets/synthetic/manifest.json,788cc7e3e85003e88d7c4f21698a72edc5348641fc93c7e57ec681c85e2f147e,true,742efc49d53b0f51b7a9cdc8afdf6fb69b22e359571f016274fae0b527f1d1c8,2.8073549203781116,65536,ablation-18-fast,mathzip,fast,18 fast mode,1,ok,,3,3,300,218.45333333333335,0.99542236328125,99.542236328125,0.03662109375,0.0,0.0393504000021494,0.006963000996620394,1.6654468568660112,9.412033695214026,0.03849500000023909,0.004715999999916676,3567616.0,true,true,38adab40302d8c78ec585ecc5288ce440c556a0d90a8739e5849127db6730a70,742efc49d53b0f51b7a9cdc8afdf6fb69b22e359571f016274fae0b527f1d1c8,"[{""type"":""identity""}]",4,16384.0,16384.0,"{""periodic"":4}","{""sparse"":4}",32,144,4,120,0.0,0.0,0.0,4,4,4,0.002938326,0.000746223,0.031078094,"[""'<repo>/target/release/mathzip' compress --mode fast --max-input-bytes 8589934592 --no-sync --force '<repo>/datasets/synthetic/periodic/s0000065536_n000p000_seed1297748005.bin' '<work>/archive.mz'"",""'<repo>/target/release/mathzip' compress --mode fast --max-input-bytes 8589934592 --no-sync --force --metrics-output '<work>/metrics-probe.mz.metrics.json' '<repo>/datasets/synthetic/periodic/s0000065536_n000p000_seed1297748005.bin' '<work>/metrics-probe.mz'"",""'<repo>/target/release/mathzip' decompress --max-archive-bytes 17179869184 --max-output-bytes 8589934592 --max-segments 8388608 --no-sync --force '<work>/archive.mz' '<work>/restored.bin'""]","{""family"":""periodic"",""noise_density"":0.0,""seed"":1297748005,""size_requested"":65536}"
mathzip-benchmark-results-v1,20260724T032334Z-aca5bed4,ablation,synthetic_ablation,datasets/synthetic/periodic/s0000065536_n000p000_seed1297748005.bin,s0000065536_n000p000_seed1297748005.bin,CC0-1.0,python/mathzip_bench/synthetic.py and datasets/synthetic/manifest.json,datasets/synthetic/manifest.json,788cc7e3e85003e88d7c4f21698a72edc5348641fc93c7e57ec681c85e2f147e,true,742efc49d53b0f51b7a9cdc8afdf6fb69b22e359571f016274fae0b527f1d1c8,2.8073549203781116,65536,ablation-19-balanced,mathzip,balanced,19 balanced mode,1,ok,,3,3,210,312.0761904761905,0.996795654296875,99.6795654296875,0.025634765625,0.0,6.650886130002618,0.00521532599668717,0.009853724559252708,12.56604094195246,6.64600800000062,0.004581999999572872,4161536.0,true,true,a1c000a36ee3335a97be88b6e3f60a9d401ba3c045eb8df38fd60e48d76ae3e1,742efc49d53b0f51b7a9cdc8afdf6fb69b22e359571f016274fae0b527f1d1c8,"[{""type"":""identity""}]",2,32768.0,32768.0,"{""periodic"":2}","{""sparse"":2}",16,72,2,120,0.0,0.0,0.0,2,2,2,0.024547085,0.346596509,6.304622739,"[""'<repo>/target/release/mathzip' compress --mode balanced --max-input-bytes 8589934592 --no-sync --force '<repo>/datasets/synthetic/periodic/s0000065536_n000p000_seed1297748005.bin' '<work>/archive.mz'"",""'<repo>/target/release/mathzip' compress --mode balanced --max-input-bytes 8589934592 --no-sync --force --metrics-output '<work>/metrics-probe.mz.metrics.json' '<repo>/datasets/synthetic/periodic/s0000065536_n000p000_seed1297748005.bin' '<work>/metrics-probe.mz'"",""'<repo>/target/release/mathzip' decompress --max-archive-bytes 17179869184 --max-output-bytes 8589934592 --max-segments 8388608 --no-sync --force '<work>/archive.mz' '<work>/restored.bin'""]","{""family"":""periodic"",""noise_density"":0.0,""seed"":1297748005,""size_requested"":65536}"
mathzip-benchmark-results-v1,20260724T032334Z-aca5bed4,ablation,synthetic_ablation,datasets/synthetic/periodic/s0000065536_n000p000_seed1297748005.bin,s0000065536_n000p000_seed1297748005.bin,CC0-1.0,python/mathzip_bench/synthetic.py and datasets/synthetic/manifest.json,datasets/synthetic/manifest.json,788cc7e3e85003e88d7c4f21698a72edc5348641fc93c7e57ec681c85e2f147e,true,742efc49d53b0f51b7a9cdc8afdf6fb69b22e359571f016274fae0b527f1d1c8,2.8073549203781116,65536,ablation-20-max,mathzip,max,20 max mode,1,ok,,3,3,245,267.49387755102043,0.9962615966796875,99.62615966796875,0.0299072265625,0.0,152.21167144000356,0.005050335006671958,0.0004305583098851389,12.97656490379765,151.8603560000006,0.0043619999996735714,4173824.0,true,true,7e322dfdfe883eba99978151aecc24fa3829039dac0c6f9a4a54fb18cdd4476d,742efc49d53b0f51b7a9cdc8afdf6fb69b22e359571f016274fae0b527f1d1c8,"[{""type"":""identity""}]",3,21845.333333333332,21504.0,"{""copy"":2,""periodic"":1}","{""sparse"":3}",14,108,3,120,0.0,0.0,0.0,3,3,3,0.286313877,43.198411888,108.540530543,"[""'<repo>/target/release/mathzip' compress --mode max --max-input-bytes 8589934592 --no-sync --force '<repo>/datasets/synthetic/periodic/s0000065536_n000p000_seed1297748005.bin' '<work>/archive.mz'"",""'<repo>/target/release/mathzip' compress --mode max --max-input-bytes 8589934592 --no-sync --force --metrics-output '<work>/metrics-probe.mz.metrics.json' '<repo>/datasets/synthetic/periodic/s0000065536_n000p000_seed1297748005.bin' '<work>/metrics-probe.mz'"",""'<repo>/target/release/mathzip' decompress --max-archive-bytes 17179869184 --max-output-bytes 8589934592 --max-segments 8388608 --no-sync --force '<work>/archive.mz' '<work>/restored.bin'""]","{""family"":""periodic"",""noise_density"":0.0,""seed"":1297748005,""size_requested"":65536}"
mathzip-benchmark-results-v1,20260724T032334Z-aca5bed4,ablation,synthetic_ablation,datasets/synthetic/periodic/s0000065536_n000p000_seed1297748005.bin,s0000065536_n000p000_seed1297748005.bin,CC0-1.0,python/mathzip_bench/synthetic.py and datasets/synthetic/manifest.json,datasets/synthetic/manifest.json,788cc7e3e85003e88d7c4f21698a72edc5348641fc93c7e57ec681c85e2f147e,true,742efc49d53b0f51b7a9cdc8afdf6fb69b22e359571f016274fae0b527f1d1c8,2.8073549203781116,65536,zstd-default,zstd,default,,1,ok,,3,3,29,2259.862068965517,0.9995574951171875,99.95574951171875,0.0035400390625,0.0,0.008844342999509536,0.00676194599509472,7.409934237470698,9.691884562157314,0.0048260000003210735,0.003837000000203261,360448.0,true,true,f5e7e860e2d7e692debe0ba95d092d05ada0c1a9d3c46610b5293395b32960e9,742efc49d53b0f51b7a9cdc8afdf6fb69b22e359571f016274fae0b527f1d1c8,,,,,,,,,,,,,,,,,,,,"[""'<external>/zstd' -q -d -c '<work>/archive.zst'"",""'<external>/zstd' -q -f -T1 -3 -c '<repo>/datasets/synthetic/periodic/s0000065536_n000p000_seed1297748005.bin'""]","{""family"":""periodic"",""noise_density"":0.0,""seed"":1297748005,""size_requested"":65536}"
mathzip-benchmark-results-v1,20260724T032334Z-aca5bed4,ablation,synthetic_ablation,datasets/synthetic/piecewise_mixed/s0000065536_n001p000_seed1297748005.bin,s0000065536_n001p000_seed1297748005.bin,CC0-1.0,python/mathzip_bench/synthetic.py and datasets/synthetic/manifest.json,datasets/synthetic/manifest.json,788cc7e3e85003e88d7c4f21698a72edc5348641fc93c7e57ec681c85e2f147e,true,a9eed5b582fa42393e69d5b7974ab65ce3ca8752b202ecf832436ebf8ec91664,6.9116712252463195,65536,ablation-01-raw-only,mathzip,balanced,01 raw only,1,ok,,3,3,65692,0.9976252816172441,-0.00238037109375,-0.238037109375,8.01904296875,0.238037109375,0.007686789998842869,0.005535693002457265,8.525795554433705,11.838806807189075,0.006495999999970081,0.004657000000406697,425984.0,true,true,0cc72f7b2dc7866d45b7a0ad24cc16b0c5b1824df752341ee5bcf7224f1ce1d4,a9eed5b582fa42393e69d5b7974ab65ce3ca8752b202ecf832436ebf8ec91664,"[{""type"":""identity""}]",1,65536.0,65536.0,"{""raw"":1}","{""raw"":1}",0,36,65536,120,100.0,100.0,6.911671225246323,65536,0,0,0.002441494,7.35e-05,1.9789e-05,"[""'<repo>/target/release/mathzip' compress --mode balanced --max-input-bytes 8589934592 --no-sync --force --models raw --residual-coders raw --transforms identity --segmentation fixed '<repo>/datasets/synthetic/piecewise_mixed/s0000065536_n001p000_seed1297748005.bin' '<work>/archive.mz'"",""'<repo>/target/release/mathzip' compress --mode balanced --max-input-bytes 8589934592 --no-sync --force --models raw --residual-coders raw --transforms identity --segmentation fixed --metrics-output '<work>/metrics-probe.mz.metrics.json' '<repo>/datasets/synthetic/piecewise_mixed/s0000065536_n001p000_seed1297748005.bin' '<work>/metrics-probe.mz'"",""'<repo>/target/release/mathzip' decompress --max-archive-bytes 17179869184 --max-output-bytes 8589934592 --max-segments 8388608 --no-sync --force '<work>/archive.mz' '<work>/restored.bin'""]","{""family"":""piecewise_mixed"",""noise_density"":0.01,""seed"":1297748005,""size_requested"":65536}"
mathzip-benchmark-results-v1,20260724T032334Z-aca5bed4,ablation,synthetic_ablation,datasets/synthetic/piecewise_mixed/s0000065536_n001p000_seed1297748005.bin,s0000065536_n001p000_seed1297748005.bin,CC0-1.0,python/mathzip_bench/synthetic.py and datasets/synthetic/manifest.json,datasets/synthetic/manifest.json,788cc7e3e85003e88d7c4f21698a72edc5348641fc93c7e57ec681c85e2f147e,true,a9eed5b582fa42393e69d5b7974ab65ce3ca8752b202ecf832436ebf8ec91664,6.9116712252463195,65536,ablation-02-residual-only,mathzip,balanced,02 residual coder only,1,ok,,3,3,57180,1.1461350122420426,0.12750244140625,12.750244140625,6.97998046875,0.0,0.0071452109987149015,0.005721421999623999,9.172017455018045,11.454495054604765,0.006377000000611588,0.004470999999284686,430080.0,true,true,a328bae425f3a5c8b3226da081a19f0f88e4fdf047149af5f2fa62dc26e26ede,a9eed5b582fa42393e69d5b7974ab65ce3ca8752b202ecf832436ebf8ec91664,"[{""type"":""identity""}]",16,4096.0,4096.0,"{""raw"":16}","{""raw"":13,""rle"":3}",0,576,56484,120,100.0,81.25,6.911671225246323,56484,0,0,0.002259758,7.174e-05,0.000546912,"[""'<repo>/target/release/mathzip' compress --mode balanced --max-input-bytes 8589934592 --no-sync --force --models raw --residual-coders raw,rle,zero-run,sparse,bit-pack --transforms identity --segmentation fixed '<repo>/datasets/synthetic/piecewise_mixed/s0000065536_n001p000_seed1297748005.bin' '<work>/archive.mz'"",""'<repo>/target/release/mathzip' compress --mode balanced --max-input-bytes 8589934592 --no-sync --force --models raw --residual-coders raw,rle,zero-run,sparse,bit-pack --transforms identity --segmentation fixed --metrics-output '<work>/metrics-probe.mz.metrics.json' '<repo>/datasets/synthetic/piecewise_mixed/s0000065536_n001p000_seed1297748005.bin' '<work>/metrics-probe.mz'"",""'<repo>/target/release/mathzip' decompress --max-archive-bytes 17179869184 --max-output-bytes 8589934592 --max-segments 8388608 --no-sync --force '<work>/archive.mz' '<work>/restored.bin'""]","{""family"":""piecewise_mixed"",""noise_density"":0.01,""seed"":1297748005,""size_requested"":65536}"
mathzip-benchmark-results-v1,20260724T032334Z-aca5bed4,ablation,synthetic_ablation,datasets/synthetic/piecewise_mixed/s0000065536_n001p000_seed1297748005.bin,s0000065536_n001p000_seed1297748005.bin,CC0-1.0,python/mathzip_bench/synthetic.py and datasets/synthetic/manifest.json,datasets/synthetic/manifest.json,788cc7e3e85003e88d7c4f21698a72edc5348641fc93c7e57ec681c85e2f147e,true,a9eed5b582fa42393e69d5b7974ab65ce3ca8752b202ecf832436ebf8ec91664,6.9116712252463195,65536,ablation-03-fixed-constant,mathzip,balanced,03 fixed segmentation + constant,1,ok,,3,3,55624,1.1781964619588667,0.1512451171875,15.12451171875,6.7900390625,0.0,0.008611519995611161,0.005848143999173772,7.610270896821961,11.206290407565024,0.007742000000689586,0.004465999999410997,430080.0,true,true,6722201df25857ff7815c9591da91cecf88d84dc7c655e0a333340bdefb63747,a9eed5b582fa42393e69d5b7974ab65ce3ca8752b202ecf832436ebf8ec91664,"[{""type"":""identity""}]",16,4096.0,4096.0,"{""constant"":3,""raw"":13}","{""raw"":13,""sparse"":2,""zero_run"":1}",3,576,54925,120,81.25,81.25,6.912269028968093,54925,3,2,0.002235732,7.2669e-05,0.001574427,"[""'<repo>/target/release/mathzip' compress --mode balanced --max-input-bytes 8589934592 --no-sync --force --models raw,constant --transforms identity --segmentation fixed --segment-size 4096 '<repo>/datasets/synthetic/piecewise_mixed/s0000065536_n001p000_seed1297748005.bin' '<work>/archive.mz'"",""'<repo>/target/release/mathzip' compress --mode balanced --max-input-bytes 8589934592 --no-sync --force --models raw,constant --transforms identity --segmentation fixed --segment-size 4096 --metrics-output '<work>/metrics-probe.mz.metrics.json' '<repo>/datasets/synthetic/piecewise_mixed/s0000065536_n001p000_seed1297748005.bin' '<work>/metrics-probe.mz'"",""'<repo>/target/release/mathzip' decompress --max-archive-bytes 17179869184 --max-output-bytes 8589934592 --max-segments 8388608 --no-sync --force '<work>/archive.mz' '<work>/restored.bin'""]","{""family"":""piecewise_mixed"",""noise_density"":0.01,""seed"":1297748005,""size_requested"":65536}"
mathzip-benchmark-results-v1,20260724T032334Z-aca5bed4,ablation,synthetic_ablation,datasets/synthetic/piecewise_mixed/s0000065536_n001p000_seed1297748005.bin,s0000065536_n001p000_seed1297748005.bin,CC0-1.0,python/mathzip_bench/synthetic.py and datasets/synthetic/manifest.json,datasets/synthetic/manifest.json,788cc7e3e85003e88d7c4f21698a72edc5348641fc93c7e57ec681c85e2f147e,true,a9eed5b582fa42393e69d5b7974ab65ce3ca8752b202ecf832436ebf8ec91664,6.9116712252463195,65536,ablation-04-fixed-all-models,mathzip,balanced,04 fixed segmentation + all models,1,ok,,3,3,18880,3.471186440677966,0.7119140625,71.19140625,2.3046875,0.0,0.03584182399936253,0.005590428001596592,1.82847837211537,11.722894916325425,0.03511999999955151,0.004575000000841101,3682304.0,true,true,a7456958d17a0c71994214ee470b8348d5a64981fd7ee8465c8915950138a918,a9eed5b582fa42393e69d5b7974ab65ce3ca8752b202ecf832436ebf8ec91664,"[{""type"":""identity""}]",16,4096.0,4096.0,"{""affine"":3,""constant"":2,""periodic"":2,""polynomial"":2,""raw"":3,""recurrence"":4}","{""raw"":3,""rle"":1,""sparse"":8,""zero_run"":4}",52,576,18132,120,18.75,18.75,3.0392678835549485,18132,13,12,0.001962556,0.004061668,0.025220495,"[""'<repo>/target/release/mathzip' compress --mode balanced --max-input-bytes 8589934592 --no-sync --force --models raw,constant,affine,polynomial,periodic,recurrence,piecewise-linear,run,sparse,copy --transforms identity --segmentation fixed --segment-size 4096 '<repo>/datasets/synthetic/piecewise_mixed/s0000065536_n001p000_seed1297748005.bin' '<work>/archive.mz'"",""'<repo>/target/release/mathzip' compress --mode balanced --max-input-bytes 8589934592 --no-sync --force --models raw,constant,affine,polynomial,periodic,recurrence,piecewise-linear,run,sparse,copy --transforms identity --segmentation fixed --segment-size 4096 --metrics-output '<work>/metrics-probe.mz.metrics.json' '<repo>/datasets/synthetic/piecewise_mixed/s0000065536_n001p000_seed1297748005.bin' '<work>/metrics-probe.mz'"",""'<repo>/target/release/mathzip' decompress --max-archive-bytes 17179869184 --max-output-bytes 8589934592 --max-segments 8388608 --no-sync --force '<work>/archive.mz' '<work>/restored.bin'""]","{""family"":""piecewise_mixed"",""noise_density"":0.01,""seed"":1297748005,""size_requested"":65536}"
mathzip-benchmark-results-v1,20260724T032334Z-aca5bed4,ablation,synthetic_ablation,datasets/synthetic/piecewise_mixed/s0000065536_n001p000_seed1297748005.bin,s0000065536_n001p000_seed1297748005.bin,CC0-1.0,python/mathzip_bench/synthetic.py and datasets/synthetic/manifest.json,datasets/synthetic/manifest.json,788cc7e3e85003e88d7c4f21698a72edc5348641fc93c7e57ec681c85e2f147e,true,a9eed5b582fa42393e69d5b7974ab65ce3ca8752b202ecf832436ebf8ec91664,6.9116712252463195,65536,ablation-05-adaptive-constant,mathzip,balanced,05 adaptive segmentation + constant,1,ok,,3,3,55190,1.1874614966479435,0.157867431640625,15.7867431640625,6.737060546875,0.0,0.052409443000215106,0.005052480002632365,1.2504616772922204,12.97105579158264,0.05170100000032107,0.0043150000001332955,3952640.0,true,true,96a9ed0107327390f878de92a362c8bec1b855e9b92170902c06d2b839e417d6,a9eed5b582fa42393e69d5b7974ab65ce3ca8752b202ecf832436ebf8ec91664,"[{""type"":""identity""}]",5,13107.2,12288.0,"{""constant"":2,""raw"":3}","{""raw"":3,""sparse"":1,""zero_run"":1}",2,180,54888,120,82.8125,82.8125,6.912290682639034,54888,2,1,0.002879091,0.00152072,0.043605577,"[""'<repo>/target/release/mathzip' compress --mode balanced --max-input-bytes 8589934592 --no-sync --force --models raw,constant --transforms identity --segmentation adaptive '<repo>/datasets/synthetic/piecewise_mixed/s0000065536_n001p000_seed1297748005.bin' '<work>/archive.mz'"",""'<repo>/target/release/mathzip' compress --mode balanced --max-input-bytes 8589934592 --no-sync --force --models raw,constant --transforms identity --segmentation adaptive --metrics-output '<work>/metrics-probe.mz.metrics.json' '<repo>/datasets/synthetic/piecewise_mixed/s0000065536_n001p000_seed1297748005.bin' '<work>/metrics-probe.mz'"",""'<repo>/target/release/mathzip' decompress --max-archive-bytes 17179869184 --max-output-bytes 8589934592 --max-segments 8388608 --no-sync --force '<work>/archive.mz' '<work>/restored.bin'""]","{""family"":""piecewise_mixed"",""noise_density"":0.01,""seed"":1297748005,""size_requested"":65536}"
mathzip-benchmark-results-v1,20260724T032334Z-aca5bed4,ablation,synthetic_ablation,datasets/synthetic/piecewise_mixed/s0000065536_n001p000_seed1297748005.bin,s0000065536_n001p000_seed1297748005.bin,CC0-1.0,python/mathzip_bench/synthetic.py and datasets/synthetic/manifest.json,datasets/synthetic/manifest.json,788cc7e3e85003e88d7c4f21698a72edc5348641fc93c7e57ec681c85e2f147e,true,a9eed5b582fa42393e69d5b7974ab65ce3ca8752b202ecf832436ebf8ec91664,6.9116712252463195,65536,ablation-06-adaptive-linear,mathzip,balanced,06 adaptive + constant/linear,1,ok,,3,3,44876,1.4603797129868972,0.31524658203125,31.524658203125,5.47802734375,0.0,0.10018511499947635,0.0054724480069126,0.6541490719488872,11.97562771125779,0.09946500000023661,0.004645999999411288,3944448.0,true,true,1e074d51a50098ac686b1250d6a664012dc14ba08ab1ca0110d7af6dbba7b230,a9eed5b582fa42393e69d5b7974ab65ce3ca8752b202ecf832436ebf8ec91664,"[{""type"":""identity""}]",6,10922.666666666666,10240.0,"{""affine"":2,""constant"":2,""raw"":2}","{""raw"":2,""sparse"":2,""zero_run"":2}",6,216,44534,120,65.625,65.625,5.878784668403757,44534,4,2,0.003022764,0.00445956,0.088513051,"[""'<repo>/target/release/mathzip' compress --mode balanced --max-input-bytes 8589934592 --no-sync --force --models raw,constant,affine --transforms identity --segmentation adaptive '<repo>/datasets/synthetic/piecewise_mixed/s0000065536_n001p000_seed1297748005.bin' '<work>/archive.mz'"",""'<repo>/target/release/mathzip' compress --mode balanced --max-input-bytes 8589934592 --no-sync --force --models raw,constant,affine --transforms identity --segmentation adaptive --metrics-output '<work>/metrics-probe.mz.metrics.json' '<repo>/datasets/synthetic/piecewise_mixed/s0000065536_n001p000_seed1297748005.bin' '<work>/metrics-probe.mz'"",""'<repo>/target/release/mathzip' decompress --max-archive-bytes 17179869184 --max-output-bytes 8589934592 --max-segments 8388608 --no-sync --force '<work>/archive.mz' '<work>/restored.bin'""]","{""family"":""piecewise_mixed"",""noise_density"":0.01,""seed"":1297748005,""size_requested"":65536}"
mathzip-benchmark-results-v1,20260724T032334Z-aca5bed4,ablation,synthetic_ablation,datasets/synthetic/piecewise_mixed/s0000065536_n001p000_seed1297748005.bin,s0000065536_n001p000_seed1297748005.bin,CC0-1.0,python/mathzip_bench/synthetic.py and datasets/synthetic/manifest.json,datasets/synthetic/manifest.json,788cc7e3e85003e88d7c4f21698a72edc5348641fc93c7e57ec681c85e2f147e,true,a9eed5b582fa42393e69d5b7974ab65ce3ca8752b202ecf832436ebf8ec91664,6.9116712252463195,65536,ablation-07-add-polynomial,mathzip,balanced,07 add polynomial,1,ok,,3,3,37074,1.767707827588067,0.434295654296875,43.4295654296875,4.525634765625,0.0,0.1938561179995304,0.005601848002697807,0.3380651623290979,11.69899646838657,0.19194399999923917,0.004888999999820953,3960832.0,true,true,528da50c790dbe4a419d13a876385f2005bc9026290375ceec5745bc2fcc4833,a9eed5b582fa42393e69d5b7974ab65ce3ca8752b202ecf832436ebf8ec91664,"[{""type"":""identity""}]",7,9362.285714285714,10240.0,"{""affine"":2,""constant"":2,""polynomial"":1,""raw"":2}","{""raw"":2,""sparse"":3,""zero_run"":2}",11,252,36691,120,53.125,53.125,4.9442570789519715,36691,5,3,0.003163912,0.004411284,0.180205924,"[""'<repo>/target/release/mathzip' compress --mode balanced --max-input-bytes 8589934592 --no-sync --force --models raw,constant,affine,polynomial --transforms identity --segmentation adaptive '<repo>/datasets/synthetic/piecewise_mixed/s0000065536_n001p000_seed1297748005.bin' '<work>/archive.mz'"",""'<repo>/target/release/mathzip' compress --mode balanced --max-input-bytes 8589934592 --no-sync --force --models raw,constant,affine,polynomial --transforms identity --segmentation adaptive --metrics-output '<work>/metrics-probe.mz.metrics.json' '<repo>/datasets/synthetic/piecewise_mixed/s0000065536_n001p000_seed1297748005.bin' '<work>/metrics-probe.mz'"",""'<repo>/target/release/mathzip' decompress --max-archive-bytes 17179869184 --max-output-bytes 8589934592 --max-segments 8388608 --no-sync --force '<work>/archive.mz' '<work>/restored.bin'""]","{""family"":""piecewise_mixed"",""noise_density"":0.01,""seed"":1297748005,""size_requested"":65536}"
mathzip-benchmark-results-v1,20260724T032334Z-aca5bed4,ablation,synthetic_ablation,datasets/synthetic/piecewise_mixed/s0000065536_n001p000_seed1297748005.bin,s0000065536_n001p000_seed1297748005.bin,CC0-1.0,python/mathzip_bench/synthetic.py and datasets/synthetic/manifest.json,datasets/synthetic/manifest.json,788cc7e3e85003e88d7c4f21698a72edc5348641fc93c7e57ec681c85e2f147e,true,a9eed5b582fa42393e69d5b7974ab65ce3ca8752b202ecf832436ebf8ec91664,6.9116712252463195,65536,ablation-08-add-periodic,mathzip,balanced,08 add periodic,1,ok,,3,3,26097,2.511246503429513,0.6017913818359375,60.17913818359375,3.1856689453125,0.0,0.36315726899920264,0.005511365001439117,0.18046176021921756,11.891065096012941,0.36181000000033237,0.004664000000047963,3985408.0,true,true,71b611e971c8fd64dc706a7a5ae68c84af28cc6f104035242e01696a90891aa1,a9eed5b582fa42393e69d5b7974ab65ce3ca8752b202ecf832436ebf8ec91664,"[{""type"":""identity""}]",8,8192.0,10240.0,"{""affine"":2,""constant"":2,""periodic"":2,""polynomial"":1,""raw"":1}","{""raw"":1,""sparse"":4,""zero_run"":3}",84,288,25605,120,20.3125,20.3125,3.741100233293001,25605,7,4,0.003649915,0.037376447,0.324868486,"[""'<repo>/target/release/mathzip' compress --mode balanced --max-input-bytes 8589934592 --no-sync --force --models raw,constant,affine,polynomial,periodic --transforms identity --segmentation adaptive '<repo>/datasets/synthetic/piecewise_mixed/s0000065536_n001p000_seed1297748005.bin' '<work>/archive.mz'"",""'<repo>/target/release/mathzip' compress --mode balanced --max-input-bytes 8589934592 --no-sync --force --models raw,constant,affine,polynomial,periodic --transforms identity --segmentation adaptive --metrics-output '<work>/metrics-probe.mz.metrics.json' '<repo>/datasets/synthetic/piecewise_mixed/s0000065536_n001p000_seed1297748005.bin' '<work>/metrics-probe.mz'"",""'<repo>/target/release/mathzip' decompress --max-archive-bytes 17179869184 --max-output-bytes 8589934592 --max-segments 8388608 --no-sync --force '<work>/archive.mz' '<work>/restored.bin'""]","{""family"":""piecewise_mixed"",""noise_density"":0.01,""seed"":1297748005,""size_requested"":65536}"
mathzip-benchmark-results-v1,20260724T032334Z-aca5bed4,ablation,synthetic_ablation,datasets/synthetic/piecewise_mixed/s0000065536_n001p000_seed1297748005.bin,s0000065536_n001p000_seed1297748005.bin,CC0-1.0,python/mathzip_bench/synthetic.py and datasets/synthetic/manifest.json,datasets/synthetic/manifest.json,788cc7e3e85003e88d7c4f21698a72edc5348641fc93c7e57ec681c85e2f147e,true,a9eed5b582fa42393e69d5b7974ab65ce3ca8752b202ecf832436ebf8ec91664,6.9116712252463195,65536,ablation-09-add-recurrence,mathzip,balanced,09 add recurrence,1,ok,,3,3,16383,4.000244155527071,0.7500152587890625,75.00152587890625,1.9998779296875,0.0,0.58545958600007,0.006419737997930497,0.11193940891419987,10.208516300996482,0.5803270000005796,0.00466599999981554,3952640.0,true,true,d4d0b4a4898565bf224905ae6c6c8446e1cdb33aee2488b09d777c433c0bb14b,a9eed5b582fa42393e69d5b7974ab65ce3ca8752b202ecf832436ebf8ec91664,"[{""type"":""identity""}]",8,8192.0,10240.0,"{""affine"":2,""constant"":1,""periodic"":1,""polynomial"":1,""raw"":1,""recurrence"":2}","{""raw"":1,""rle"":1,""sparse"":4,""zero_run"":2}",26,288,15949,120,20.3125,20.3125,2.649049317644352,15949,7,6,0.003984302,0.036554172,0.540562751,"[""'<repo>/target/release/mathzip' compress --mode balanced --max-input-bytes 8589934592 --no-sync --force --models raw,constant,affine,polynomial,periodic,recurrence --transforms identity --segmentation adaptive '<repo>/datasets/synthetic/piecewise_mixed/s0000065536_n001p000_seed1297748005.bin' '<work>/archive.mz'"",""'<repo>/target/release/mathzip' compress --mode balanced --max-input-bytes 8589934592 --no-sync --force --models raw,constant,affine,polynomial,periodic,recurrence --transforms identity --segmentation adaptive --metrics-output '<work>/metrics-probe.mz.metrics.json' '<repo>/datasets/synthetic/piecewise_mixed/s0000065536_n001p000_seed1297748005.bin' '<work>/metrics-probe.mz'"",""'<repo>/target/release/mathzip' decompress --max-archive-bytes 17179869184 --max-output-bytes 8589934592 --max-segments 8388608 --no-sync --force '<work>/archive.mz' '<work>/restored.bin'""]","{""family"":""piecewise_mixed"",""noise_density"":0.01,""seed"":1297748005,""size_requested"":65536}"
mathzip-benchmark-results-v1,20260724T032334Z-aca5bed4,ablation,synthetic_ablation,datasets/synthetic/piecewise_mixed/s0000065536_n001p000_seed1297748005.bin,s0000065536_n001p000_seed1297748005.bin,CC0-1.0,python/mathzip_bench/synthetic.py and datasets/synthetic/manifest.json,datasets/synthetic/manifest.json,788cc7e3e85003e88d7c4f21698a72edc5348641fc93c7e57ec681c85e2f147e,true,a9eed5b582fa42393e69d5b7974ab65ce3ca8752b202ecf832436ebf8ec91664,6.9116712252463195,65536,ablation-10-add-bit-plane,mathzip,balanced,10 add bit-plane,1,ok,,3,3,16383,4.000244155527071,0.7500152587890625,75.00152587890625,1.9998779296875,0.0,1.3650499079958536,0.0051636829957715236,0.04800996624088199,12.69171636865908,1.3631650000015725,0.004453000000467,3993600.0,true,true,d4d0b4a4898565bf224905ae6c6c8446e1cdb33aee2488b09d777c433c0bb14b,a9eed5b582fa42393e69d5b7974ab65ce3ca8752b202ecf832436ebf8ec91664,"[{""type"":""identity""}]",8,8192.0,10240.0,"{""affine"":2,""constant"":1,""periodic"":1,""polynomial"":1,""raw"":1,""recurrence"":2}","{""raw"":1,""rle"":1,""sparse"":4,""zero_run"":2}",26,288,15949,120,20.3125,20.3125,2.649049317644352,15949,7,6,0.009786146,0.134883784,1.217221505,"[""'<repo>/target/release/mathzip' compress --mode balanced --max-input-bytes 8589934592 --no-sync --force --models raw,constant,affine,polynomial,periodic,recurrence --transforms identity,bit-plane --segmentation adaptive '<repo>/datasets/synthetic/piecewise_mixed/s0000065536_n001p000_seed1297748005.bin' '<work>/archive.mz'"",""'<repo>/target/release/mathzip' compress --mode balanced --max-input-bytes 8589934592 --no-sync --force --models raw,constant,affine,polynomial,periodic,recurrence --transforms identity,bit-plane --segmentation adaptive --metrics-output '<work>/metrics-probe.mz.metrics.json' '<repo>/datasets/synthetic/piecewise_mixed/s0000065536_n001p000_seed1297748005.bin' '<work>/metrics-probe.mz'"",""'<repo>/target/release/mathzip' decompress --max-archive-bytes 17179869184 --max-output-bytes 8589934592 --max-segments 8388608 --no-sync --force '<work>/archive.mz' '<work>/restored.bin'""]","{""family"":""piecewise_mixed"",""noise_density"":0.01,""seed"":1297748005,""size_requested"":65536}"
mathzip-benchmark-results-v1,20260724T032334Z-aca5bed4,ablation,synthetic_ablation,datasets/synthetic/piecewise_mixed/s0000065536_n001p000_seed1297748005.bin,s0000065536_n001p000_seed1297748005.bin,CC0-1.0,python/mathzip_bench/synthetic.py and datasets/synthetic/manifest.json,datasets/synthetic/manifest.json,788cc7e3e85003e88d7c4f21698a72edc5348641fc93c7e57ec681c85e2f147e,true,a9eed5b582fa42393e69d5b7974ab65ce3ca8752b202ecf832436ebf8ec91664,6.9116712252463195,65536,ablation-11-add-stride,mathzip,balanced,11 add stride transpose,1,ok,,3,3,16383,4.000244155527071,0.7500152587890625,75.00152587890625,1.9998779296875,0.0,5.0070845739974175,0.005573213995376136,0.01308865449174532,11.75910346424388,5.003382999999303,0.004734000000098604,4071424.0,true,true,d4d0b4a4898565bf224905ae6c6c8446e1cdb33aee2488b09d777c433c0bb14b,a9eed5b582fa42393e69d5b7974ab65ce3ca8752b202ecf832436ebf8ec91664,"[{""type"":""identity""}]",8,8192.0,10240.0,"{""affine"":2,""constant"":1,""periodic"":1,""polynomial"":1,""raw"":1,""recurrence"":2}","{""raw"":1,""rle"":1,""sparse"":4,""zero_run"":2}",26,288,15949,120,20.3125,20.3125,2.649049317644352,15949,7,6,0.031278205,0.56615614,4.415376034,"[""'<repo>/target/release/mathzip' compress --mode balanced --max-input-bytes 8589934592 --no-sync --force --models raw,constant,affine,polynomial,periodic,recurrence --transforms identity,bit-plane,stride --segmentation adaptive '<repo>/datasets/synthetic/piecewise_mixed/s0000065536_n001p000_seed1297748005.bin' '<work>/archive.mz'"",""'<repo>/target/release/mathzip' compress --mode balanced --max-input-bytes 8589934592 --no-sync --force --models raw,constant,affine,polynomial,periodic,recurrence --transforms identity,bit-plane,stride --segmentation adaptive --metrics-output '<work>/metrics-probe.mz.metrics.json' '<repo>/datasets/synthetic/piecewise_mixed/s0000065536_n001p000_seed1297748005.bin' '<work>/metrics-probe.mz'"",""'<repo>/target/release/mathzip' decompress --max-archive-bytes 17179869184 --max-output-bytes 8589934592 --max-segments 8388608 --no-sync --force '<work>/archive.mz' '<work>/restored.bin'""]","{""family"":""piecewise_mixed"",""noise_density"":0.01,""seed"":1297748005,""size_requested"":65536}"
mathzip-benchmark-results-v1,20260724T032334Z-aca5bed4,ablation,synthetic_ablation,datasets/synthetic/piecewise_mixed/s0000065536_n001p000_seed1297748005.bin,s0000065536_n001p000_seed1297748005.bin,CC0-1.0,python/mathzip_bench/synthetic.py and datasets/synthetic/manifest.json,datasets/synthetic/manifest.json,788cc7e3e85003e88d7c4f21698a72edc5348641fc93c7e57ec681c85e2f147e,true,a9eed5b582fa42393e69d5b7974ab65ce3ca8752b202ecf832436ebf8ec91664,6.9116712252463195,65536,ablation-12-add-copy,mathzip,balanced,12 add copy/reference,1,ok,,3,3,16383,4.000244155527071,0.7500152587890625,75.00152587890625,1.9998779296875,0.0,5.0608662789964,0.005139271997904871,0.012949561673262819,12.752000677667398,5.05925599999955,0.004485000000386208,3940352.0,true,true,d4d0b4a4898565bf224905ae6c6c8446e1cdb33aee2488b09d777c433c0bb14b,a9eed5b582fa42393e69d5b7974ab65ce3ca8752b202ecf832436ebf8ec91664,"[{""type"":""identity""}]",8,8192.0,10240.0,"{""affine"":2,""constant"":1,""periodic"":1,""polynomial"":1,""raw"":1,""recurrence"":2}","{""raw"":1,""rle"":1,""sparse"":4,""zero_run"":2}",26,288,15949,120,20.3125,20.3125,2.649049317644352,15949,7,6,0.030003993,0.575885114,4.452127678,"[""'<repo>/target/release/mathzip' compress --mode balanced --max-input-bytes 8589934592 --no-sync --force --models raw,constant,affine,polynomial,periodic,recurrence,copy --transforms identity,bit-plane,stride --segmentation adaptive '<repo>/datasets/synthetic/piecewise_mixed/s0000065536_n001p000_seed1297748005.bin' '<work>/archive.mz'"",""'<repo>/target/release/mathzip' compress --mode balanced --max-input-bytes 8589934592 --no-sync --force --models raw,constant,affine,polynomial,periodic,recurrence,copy --transforms identity,bit-plane,stride --segmentation adaptive --metrics-output '<work>/metrics-probe.mz.metrics.json' '<repo>/datasets/synthetic/piecewise_mixed/s0000065536_n001p000_seed1297748005.bin' '<work>/metrics-probe.mz'"",""'<repo>/target/release/mathzip' decompress --max-archive-bytes 17179869184 --max-output-bytes 8589934592 --max-segments 8388608 --no-sync --force '<work>/archive.mz' '<work>/restored.bin'""]","{""family"":""piecewise_mixed"",""noise_density"":0.01,""seed"":1297748005,""size_requested"":65536}"
mathzip-benchmark-results-v1,20260724T032334Z-aca5bed4,ablation,synthetic_ablation,datasets/synthetic/piecewise_mixed/s0000065536_n001p000_seed1297748005.bin,s0000065536_n001p000_seed1297748005.bin,CC0-1.0,python/mathzip_bench/synthetic.py and datasets/synthetic/manifest.json,datasets/synthetic/manifest.json,788cc7e3e85003e88d7c4f21698a72edc5348641fc93c7e57ec681c85e2f147e,true,a9eed5b582fa42393e69d5b7974ab65ce3ca8752b202ecf832436ebf8ec91664,6.9116712252463195,65536,ablation-13-custom-residual,mathzip,balanced,13 custom residual coders,1,ok,,3,3,16383,4.000244155527071,0.7500152587890625,75.00152587890625,1.9998779296875,0.0,7.8663894580022315,0.0058288939981139265,0.00833114103362023,11.243299332807508,7.839372000000367,0.004716000000371423,4415488.0,true,true,d4d0b4a4898565bf224905ae6c6c8446e1cdb33aee2488b09d777c433c0bb14b,a9eed5b582fa42393e69d5b7974ab65ce3ca8752b202ecf832436ebf8ec91664,"[{""type"":""identity""}]",8,8192.0,10240.0,"{""affine"":2,""constant"":1,""periodic"":1,""polynomial"":1,""raw"":1,""recurrence"":2}","{""raw"":1,""rle"":1,""sparse"":4,""zero_run"":2}",26,288,15949,120,20.3125,20.3125,2.649049317644352,15949,7,6,0.042737628,0.798577153,7.114491569,"[""'<repo>/target/release/mathzip' compress --mode balanced --max-input-bytes 8589934592 --no-sync --force --residual-coders raw,rle,zero-run,sparse,bit-pack '<repo>/datasets/synthetic/piecewise_mixed/s0000065536_n001p000_seed1297748005.bin' '<work>/archive.mz'"",""'<repo>/target/release/mathzip' compress --mode balanced --max-input-bytes 8589934592 --no-sync --force --residual-coders raw,rle,zero-run,sparse,bit-pack --metrics-output '<work>/metrics-probe.mz.metrics.json' '<repo>/datasets/synthetic/piecewise_mixed/s0000065536_n001p000_seed1297748005.bin' '<work>/metrics-probe.mz'"",""'<repo>/target/release/mathzip' decompress --max-archive-bytes 17179869184 --max-output-bytes 8589934592 --max-segments 8388608 --no-sync --force '<work>/archive.mz' '<work>/restored.bin'""]","{""family"":""piecewise_mixed"",""noise_density"":0.01,""seed"":1297748005,""size_requested"":65536}"
mathzip-benchmark-results-v1,20260724T032334Z-aca5bed4,ablation,synthetic_ablation,datasets/synthetic/piecewise_mixed/s0000065536_n001p000_seed1297748005.bin,s0000065536_n001p000_seed1297748005.bin,CC0-1.0,python/mathzip_bench/synthetic.py and datasets/synthetic/manifest.json,datasets/synthetic/manifest.json,788cc7e3e85003e88d7c4f21698a72edc5348641fc93c7e57ec681c85e2f147e,true,a9eed5b582fa42393e69d5b7974ab65ce3ca8752b202ecf832436ebf8ec91664,6.9116712252463195,65536,ablation-14-zstd-residual,mathzip,balanced,14 mathematical models + Zstd residual,1,ok,,3,3,13900,4.714820143884892,0.78790283203125,78.790283203125,1.69677734375,0.0,5.761223882997001,0.005344919001800008,0.011375360744687469,12.26136448053365,5.759095000001253,0.00464300000021467,4734976.0,true,true,aa24ec572a5b53e534521d4887b6be2bab3b0b69cb02bfb43daff2d03aad7c4f,a9eed5b582fa42393e69d5b7974ab65ce3ca8752b202ecf832436ebf8ec91664,"[{""type"":""identity""}]",5,13107.2,12288.0,"{""constant"":1,""periodic"":1,""recurrence"":2,""sparse"":1}","{""zstd"":5}",285,180,13315,120,0.0,0.0,4.857132820194621,13315,5,4,0.050240466,0.768996614,4.996904127,"[""'<repo>/target/release/mathzip' compress --mode balanced --max-input-bytes 8589934592 --no-sync --force --models constant,affine,polynomial,periodic,recurrence,piecewise-linear,run,sparse --residual-coders zstd --no-copy-model '<repo>/datasets/synthetic/piecewise_mixed/s0000065536_n001p000_seed1297748005.bin' '<work>/archive.mz'"",""'<repo>/target/release/mathzip' compress --mode balanced --max-input-bytes 8589934592 --no-sync --force --models constant,affine,polynomial,periodic,recurrence,piecewise-linear,run,sparse --residual-coders zstd --no-copy-model --metrics-output '<work>/metrics-probe.mz.metrics.json' '<repo>/datasets/synthetic/piecewise_mixed/s0000065536_n001p000_seed1297748005.bin' '<work>/metrics-probe.mz'"",""'<repo>/target/release/mathzip' decompress --max-archive-bytes 17179869184 --max-output-bytes 8589934592 --max-segments 8388608 --no-sync --force '<work>/archive.mz' '<work>/restored.bin'""]","{""family"":""piecewise_mixed"",""noise_density"":0.01,""seed"":1297748005,""size_requested"":65536}"
mathzip-benchmark-results-v1,20260724T032334Z-aca5bed4,ablation,synthetic_ablation,datasets/synthetic/piecewise_mixed/s0000065536_n001p000_seed1297748005.bin,s0000065536_n001p000_seed1297748005.bin,CC0-1.0,python/mathzip_bench/synthetic.py and datasets/synthetic/manifest.json,datasets/synthetic/manifest.json,788cc7e3e85003e88d7c4f21698a72edc5348641fc93c7e57ec681c85e2f147e,true,a9eed5b582fa42393e69d5b7974ab65ce3ca8752b202ecf832436ebf8ec91664,6.9116712252463195,65536,ablation-15-no-transform,mathzip,balanced,15 identity transform only,1,ok,,3,3,16383,4.000244155527071,0.7500152587890625,75.00152587890625,1.9998779296875,0.0,0.7424121829972137,0.005462262997752987,0.08827441346048864,11.997957627994031,0.7405560000006517,0.004745000000184518,4255744.0,true,true,d4d0b4a4898565bf224905ae6c6c8446e1cdb33aee2488b09d777c433c0bb14b,a9eed5b582fa42393e69d5b7974ab65ce3ca8752b202ecf832436ebf8ec91664,"[{""type"":""identity""}]",8,8192.0,10240.0,"{""affine"":2,""constant"":1,""periodic"":1,""polynomial"":1,""raw"":1,""recurrence"":2}","{""raw"":1,""rle"":1,""sparse"":4,""zero_run"":2}",26,288,15949,120,20.3125,20.3125,2.649049317644352,15949,7,6,0.004115165,0.051577565,0.687468297,"[""'<repo>/target/release/mathzip' compress --mode balanced --max-input-bytes 8589934592 --no-sync --force --transforms identity '<repo>/datasets/synthetic/piecewise_mixed/s0000065536_n001p000_seed1297748005.bin' '<work>/archive.mz'"",""'<repo>/target/release/mathzip' compress --mode balanced --max-input-bytes 8589934592 --no-sync --force --transforms identity --metrics-output '<work>/metrics-probe.mz.metrics.json' '<repo>/datasets/synthetic/piecewise_mixed/s0000065536_n001p000_seed1297748005.bin' '<work>/metrics-probe.mz'"",""'<repo>/target/release/mathzip' decompress --max-archive-bytes 17179869184 --max-output-bytes 8589934592 --max-segments 8388608 --no-sync --force '<work>/archive.mz' '<work>/restored.bin'""]","{""family"":""piecewise_mixed"",""noise_density"":0.01,""seed"":1297748005,""size_requested"":65536}"
mathzip-benchmark-results-v1,20260724T032334Z-aca5bed4,ablation,synthetic_ablation,datasets/synthetic/piecewise_mixed/s0000065536_n001p000_seed1297748005.bin,s0000065536_n001p000_seed1297748005.bin,CC0-1.0,python/mathzip_bench/synthetic.py and datasets/synthetic/manifest.json,datasets/synthetic/manifest.json,788cc7e3e85003e88d7c4f21698a72edc5348641fc93c7e57ec681c85e2f147e,true,a9eed5b582fa42393e69d5b7974ab65ce3ca8752b202ecf832436ebf8ec91664,6.9116712252463195,65536,ablation-16-no-adaptive-partition,mathzip,balanced,16 fixed partition,1,ok,,3,3,18880,3.471186440677966,0.7119140625,71.19140625,2.3046875,0.0,0.28447012700053165,0.005582122001214884,0.23037919900769585,11.740338169917614,0.2824900000005073,0.004738999999972293,3858432.0,true,true,a7456958d17a0c71994214ee470b8348d5a64981fd7ee8465c8915950138a918,a9eed5b582fa42393e69d5b7974ab65ce3ca8752b202ecf832436ebf8ec91664,"[{""type"":""identity""}]",16,4096.0,4096.0,"{""affine"":3,""constant"":2,""periodic"":2,""polynomial"":2,""raw"":3,""recurrence"":4}","{""raw"":3,""rle"":1,""sparse"":8,""zero_run"":4}",52,576,18132,120,18.75,18.75,3.0392678835549485,18132,13,12,0.011989706,0.035964888,0.231854424,"[""'<repo>/target/release/mathzip' compress --mode balanced --max-input-bytes 8589934592 --no-sync --force --segmentation fixed --segment-size 4096 '<repo>/datasets/synthetic/piecewise_mixed/s0000065536_n001p000_seed1297748005.bin' '<work>/archive.mz'"",""'<repo>/target/release/mathzip' compress --mode balanced --max-input-bytes 8589934592 --no-sync --force --segmentation fixed --segment-size 4096 --metrics-output '<work>/metrics-probe.mz.metrics.json' '<repo>/datasets/synthetic/piecewise_mixed/s0000065536_n001p000_seed1297748005.bin' '<work>/metrics-probe.mz'"",""'<repo>/target/release/mathzip' decompress --max-archive-bytes 17179869184 --max-output-bytes 8589934592 --max-segments 8388608 --no-sync --force '<work>/archive.mz' '<work>/restored.bin'""]","{""family"":""piecewise_mixed"",""noise_density"":0.01,""seed"":1297748005,""size_requested"":65536}"
mathzip-benchmark-results-v1,20260724T032334Z-aca5bed4,ablation,synthetic_ablation,datasets/synthetic/piecewise_mixed/s0000065536_n001p000_seed1297748005.bin,s0000065536_n001p000_seed1297748005.bin,CC0-1.0,python/mathzip_bench/synthetic.py and datasets/synthetic/manifest.json,datasets/synthetic/manifest.json,788cc7e3e85003e88d7c4f21698a72edc5348641fc93c7e57ec681c85e2f147e,true,a9eed5b582fa42393e69d5b7974ab65ce3ca8752b202ecf832436ebf8ec91664,6.9116712252463195,65536,ablation-17-no-raw-fallback,mathzip,balanced,17 no raw fallback,1,ok,,3,3,16384,4.0,0.75,75.0,2.0,0.0,7.6673091019983985,0.005522221006685868,0.00854745767102552,11.867688728983175,7.662391999999272,0.004789000000528176,4378624.0,true,true,482e390bcbe9f735d826c254454ebbc6bebb05e39561b4a00bb525945a767bb1,a9eed5b582fa42393e69d5b7974ab65ce3ca8752b202ecf832436ebf8ec91664,"[{""type"":""identity""}]",8,8192.0,10240.0,"{""affine"":2,""constant"":2,""periodic"":1,""polynomial"":1,""recurrence"":2}","{""raw"":1,""rle"":1,""sparse"":4,""zero_run"":2}",27,288,15949,120,0.0,0.0,2.64416053461615,15949,7,6,0.038750242,0.772226862,6.861070409,"[""'<repo>/target/release/mathzip' compress --mode balanced --max-input-bytes 8589934592 --no-sync --force --no-raw-fallback --models constant,affine,polynomial,periodic,recurrence,piecewise-linear,run,sparse,copy '<repo>/datasets/synthetic/piecewise_mixed/s0000065536_n001p000_seed1297748005.bin' '<work>/archive.mz'"",""'<repo>/target/release/mathzip' compress --mode balanced --max-input-bytes 8589934592 --no-sync --force --no-raw-fallback --models constant,affine,polynomial,periodic,recurrence,piecewise-linear,run,sparse,copy --metrics-output '<work>/metrics-probe.mz.metrics.json' '<repo>/datasets/synthetic/piecewise_mixed/s0000065536_n001p000_seed1297748005.bin' '<work>/metrics-probe.mz'"",""'<repo>/target/release/mathzip' decompress --max-archive-bytes 17179869184 --max-output-bytes 8589934592 --max-segments 8388608 --no-sync --force '<work>/archive.mz' '<work>/restored.bin'""]","{""family"":""piecewise_mixed"",""noise_density"":0.01,""seed"":1297748005,""size_requested"":65536}"
mathzip-benchmark-results-v1,20260724T032334Z-aca5bed4,ablation,synthetic_ablation,datasets/synthetic/piecewise_mixed/s0000065536_n001p000_seed1297748005.bin,s0000065536_n001p000_seed1297748005.bin,CC0-1.0,python/mathzip_bench/synthetic.py and datasets/synthetic/manifest.json,datasets/synthetic/manifest.json,788cc7e3e85003e88d7c4f21698a72edc5348641fc93c7e57ec681c85e2f147e,true,a9eed5b582fa42393e69d5b7974ab65ce3ca8752b202ecf832436ebf8ec91664,6.9116712252463195,65536,ablation-18-fast,mathzip,fast,18 fast mode,1,ok,,3,3,34776,1.8845180584311019,0.4693603515625,46.93603515625,4.2451171875,0.0,0.037663252995116636,0.005412544996943325,1.7400515034773365,12.108167236856364,0.03701199999977689,0.004784999999174033,3682304.0,true,true,43fa49453751851d21e475f28c63282a4b8de4ed5ed11fd7d82876e546babbb3,a9eed5b582fa42393e69d5b7974ab65ce3ca8752b202ecf832436ebf8ec91664,"[{""type"":""delta""}]",4,16384.0,16384.0,"{""constant"":1,""raw"":1,""recurrence"":2}","{""raw"":1,""zero_run"":3}",9,144,34503,120,25.0,25.0,4.5182759531775885,34503,3,1,0.00389266,0.00086629,0.028233597,"[""'<repo>/target/release/mathzip' compress --mode fast --max-input-bytes 8589934592 --no-sync --force '<repo>/datasets/synthetic/piecewise_mixed/s0000065536_n001p000_seed1297748005.bin' '<work>/archive.mz'"",""'<repo>/target/release/mathzip' compress --mode fast --max-input-bytes 8589934592 --no-sync --force --metrics-output '<work>/metrics-probe.mz.metrics.json' '<repo>/datasets/synthetic/piecewise_mixed/s0000065536_n001p000_seed1297748005.bin' '<work>/metrics-probe.mz'"",""'<repo>/target/release/mathzip' decompress --max-archive-bytes 17179869184 --max-output-bytes 8589934592 --max-segments 8388608 --no-sync --force '<work>/archive.mz' '<work>/restored.bin'""]","{""family"":""piecewise_mixed"",""noise_density"":0.01,""seed"":1297748005,""size_requested"":65536}"
mathzip-benchmark-results-v1,20260724T032334Z-aca5bed4,ablation,synthetic_ablation,datasets/synthetic/piecewise_mixed/s0000065536_n001p000_seed1297748005.bin,s0000065536_n001p000_seed1297748005.bin,CC0-1.0,python/mathzip_bench/synthetic.py and datasets/synthetic/manifest.json,datasets/synthetic/manifest.json,788cc7e3e85003e88d7c4f21698a72edc5348641fc93c7e57ec681c85e2f147e,true,a9eed5b582fa42393e69d5b7974ab65ce3ca8752b202ecf832436ebf8ec91664,6.9116712252463195,65536,ablation-19-balanced,mathzip,balanced,19 balanced mode,1,ok,,3,3,16383,4.000244155527071,0.7500152587890625,75.00152587890625,1.9998779296875,0.0,7.934624103996612,0.005333622997568455,0.008259496498011797,12.28733264984743,7.852331999999478,0.004600000000209548,4435968.0,true,true,d4d0b4a4898565bf224905ae6c6c8446e1cdb33aee2488b09d777c433c0bb14b,a9eed5b582fa42393e69d5b7974ab65ce3ca8752b202ecf832436ebf8ec91664,"[{""type"":""identity""}]",8,8192.0,10240.0,"{""affine"":2,""constant"":1,""periodic"":1,""polynomial"":1,""raw"":1,""recurrence"":2}","{""raw"":1,""rle"":1,""sparse"":4,""zero_run"":2}",26,288,15949,120,20.3125,20.3125,2.649049317644352,15949,7,6,0.040915252,0.780324601,7.077495316,"[""'<repo>/target/release/mathzip' compress --mode balanced --max-input-bytes 8589934592 --no-sync --force '<repo>/datasets/synthetic/piecewise_mixed/s0000065536_n001p000_seed1297748005.bin' '<work>/archive.mz'"",""'<repo>/target/release/mathzip' compress --mode balanced --max-input-bytes 8589934592 --no-sync --force --metrics-output '<work>/metrics-probe.mz.metrics.json' '<repo>/datasets/synthetic/piecewise_mixed/s0000065536_n001p000_seed1297748005.bin' '<work>/metrics-probe.mz'"",""'<repo>/target/release/mathzip' decompress --max-archive-bytes 17179869184 --max-output-bytes 8589934592 --max-segments 8388608 --no-sync --force '<work>/archive.mz' '<work>/restored.bin'""]","{""family"":""piecewise_mixed"",""noise_density"":0.01,""seed"":1297748005,""size_requested"":65536}"
mathzip-benchmark-results-v1,20260724T032334Z-aca5bed4,ablation,synthetic_ablation,datasets/synthetic/piecewise_mixed/s0000065536_n001p000_seed1297748005.bin,s0000065536_n001p000_seed1297748005.bin,CC0-1.0,python/mathzip_bench/synthetic.py and datasets/synthetic/manifest.json,datasets/synthetic/manifest.json,788cc7e3e85003e88d7c4f21698a72edc5348641fc93c7e57ec681c85e2f147e,true,a9eed5b582fa42393e69d5b7974ab65ce3ca8752b202ecf832436ebf8ec91664,6.9116712252463195,65536,ablation-20-max,mathzip,max,20 max mode,1,ok,,3,3,13632,4.807511737089202,0.7919921875,79.19921875,1.6640625,0.0,214.87061928199546,0.006607933995837811,0.0003050021460309135,9.917774608717286,213.74888200000078,0.0049849999995785765,4456448.0,true,true,1760af6807548060e7fea6d10abf9f34a1650982ff0f01512521c1a05e088400,a9eed5b582fa42393e69d5b7974ab65ce3ca8752b202ecf832436ebf8ec91664,"[{""type"":""identity""}]",11,5957.818181818182,6144.0,"{""affine"":2,""constant"":1,""copy"":1,""periodic"":2,""polynomial"":1,""raw"":1,""recurrence"":3}","{""raw"":1,""rle"":1,""sparse"":5,""zero_run"":4}",291,396,12825,120,9.765625,9.765625,2.143012900062604,12825,10,8,0.577639919,97.369228887,116.567813421,"[""'<repo>/target/release/mathzip' compress --mode max --max-input-bytes 8589934592 --no-sync --force '<repo>/datasets/synthetic/piecewise_mixed/s0000065536_n001p000_seed1297748005.bin' '<work>/archive.mz'"",""'<repo>/target/release/mathzip' compress --mode max --max-input-bytes 8589934592 --no-sync --force --metrics-output '<work>/metrics-probe.mz.metrics.json' '<repo>/datasets/synthetic/piecewise_mixed/s0000065536_n001p000_seed1297748005.bin' '<work>/metrics-probe.mz'"",""'<repo>/target/release/mathzip' decompress --max-archive-bytes 17179869184 --max-output-bytes 8589934592 --max-segments 8388608 --no-sync --force '<work>/archive.mz' '<work>/restored.bin'""]","{""family"":""piecewise_mixed"",""noise_density"":0.01,""seed"":1297748005,""size_requested"":65536}"
mathzip-benchmark-results-v1,20260724T032334Z-aca5bed4,ablation,synthetic_ablation,datasets/synthetic/piecewise_mixed/s0000065536_n001p000_seed1297748005.bin,s0000065536_n001p000_seed1297748005.bin,CC0-1.0,python/mathzip_bench/synthetic.py and datasets/synthetic/manifest.json,datasets/synthetic/manifest.json,788cc7e3e85003e88d7c4f21698a72edc5348641fc93c7e57ec681c85e2f147e,true,a9eed5b582fa42393e69d5b7974ab65ce3ca8752b202ecf832436ebf8ec91664,6.9116712252463195,65536,zstd-default,zstd,default,,1,ok,,3,3,14790,4.431102096010818,0.774322509765625,77.4322509765625,1.805419921875,0.0,0.005496775003848597,0.004273628001101315,11.922627350421767,15.334980017706584,0.004817000000002736,0.0037759999995614635,356352.0,true,true,e6984cffc0db954ae73a9f192e1356cdca68464fd18bc045a95643cc0ac2ba40,a9eed5b582fa42393e69d5b7974ab65ce3ca8752b202ecf832436ebf8ec91664,,,,,,,,,,,,,,,,,,,,"[""'<external>/zstd' -q -d -c '<work>/archive.zst'"",""'<external>/zstd' -q -f -T1 -3 -c '<repo>/datasets/synthetic/piecewise_mixed/s0000065536_n001p000_seed1297748005.bin'""]","{""family"":""piecewise_mixed"",""noise_density"":0.01,""seed"":1297748005,""size_requested"":65536}"
mathzip-benchmark-results-v1,20260724T032334Z-aca5bed4,ablation,synthetic_ablation,datasets/synthetic/polynomial_d2/s0000065536_n000p000_seed1297748005.bin,s0000065536_n000p000_seed1297748005.bin,CC0-1.0,python/mathzip_bench/synthetic.py and datasets/synthetic/manifest.json,datasets/synthetic/manifest.json,788cc7e3e85003e88d7c4f21698a72edc5348641fc93c7e57ec681c85e2f147e,true,84d3c13eee3f79467573fc92d68af063eeeb786852df80299fe4c5e51659f4e3,7.0,65536,ablation-01-raw-only,mathzip,balanced,01 raw only,1,ok,,3,3,65692,0.9976252816172441,-0.00238037109375,-0.238037109375,8.01904296875,0.238037109375,0.007059625000692904,0.0077331729989964515,9.283212634320892,8.47465846276874,0.0061879999993834645,0.006993999999394873,430080.0,true,true,89d9ae4b9a1d64008c0b8146601f3e508096477f1b5a92b87e1ec10c89927d7a,84d3c13eee3f79467573fc92d68af063eeeb786852df80299fe4c5e51659f4e3,"[{""type"":""identity""}]",1,65536.0,65536.0,"{""raw"":1}","{""raw"":1}",0,36,65536,120,100.0,100.0,7.0,65536,0,0,0.002429324,5.269e-05,2.2551e-05,"[""'<repo>/target/release/mathzip' compress --mode balanced --max-input-bytes 8589934592 --no-sync --force --models raw --residual-coders raw --transforms identity --segmentation fixed '<repo>/datasets/synthetic/polynomial_d2/s0000065536_n000p000_seed1297748005.bin' '<work>/archive.mz'"",""'<repo>/target/release/mathzip' compress --mode balanced --max-input-bytes 8589934592 --no-sync --force --models raw --residual-coders raw --transforms identity --segmentation fixed --metrics-output '<work>/metrics-probe.mz.metrics.json' '<repo>/datasets/synthetic/polynomial_d2/s0000065536_n000p000_seed1297748005.bin' '<work>/metrics-probe.mz'"",""'<repo>/target/release/mathzip' decompress --max-archive-bytes 17179869184 --max-output-bytes 8589934592 --max-segments 8388608 --no-sync --force '<work>/archive.mz' '<work>/restored.bin'""]","{""family"":""polynomial_d2"",""noise_density"":0.0,""seed"":1297748005,""size_requested"":65536}"
mathzip-benchmark-results-v1,20260724T032334Z-aca5bed4,ablation,synthetic_ablation,datasets/synthetic/polynomial_d2/s0000065536_n000p000_seed1297748005.bin,s0000065536_n000p000_seed1297748005.bin,CC0-1.0,python/mathzip_bench/synthetic.py and datasets/synthetic/manifest.json,datasets/synthetic/manifest.json,788cc7e3e85003e88d7c4f21698a72edc5348641fc93c7e57ec681c85e2f147e,true,84d3c13eee3f79467573fc92d68af063eeeb786852df80299fe4c5e51659f4e3,7.0,65536,ablation-02-residual-only,mathzip,balanced,02 residual coder only,1,ok,,3,3,65692,0.9976252816172441,-0.00238037109375,-0.238037109375,8.01904296875,0.238037109375,0.007414888998027891,0.005170333999558352,8.838433052393684,12.675390024241771,0.006519999999909487,0.004513000000770262,425984.0,true,true,89d9ae4b9a1d64008c0b8146601f3e508096477f1b5a92b87e1ec10c89927d7a,84d3c13eee3f79467573fc92d68af063eeeb786852df80299fe4c5e51659f4e3,"[{""type"":""identity""}]",1,65536.0,65536.0,"{""raw"":1}","{""raw"":1}",0,36,65536,120,100.0,100.0,7.0,65536,0,0,0.002439354,5.437e-05,0.000537064,"[""'<repo>/target/release/mathzip' compress --mode balanced --max-input-bytes 8589934592 --no-sync --force --models raw --residual-coders raw,rle,zero-run,sparse,bit-pack --transforms identity --segmentation fixed '<repo>/datasets/synthetic/polynomial_d2/s0000065536_n000p000_seed1297748005.bin' '<work>/archive.mz'"",""'<repo>/target/release/mathzip' compress --mode balanced --max-input-bytes 8589934592 --no-sync --force --models raw --residual-coders raw,rle,zero-run,sparse,bit-pack --transforms identity --segmentation fixed --metrics-output '<work>/metrics-probe.mz.metrics.json' '<repo>/datasets/synthetic/polynomial_d2/s0000065536_n000p000_seed1297748005.bin' '<work>/metrics-probe.mz'"",""'<repo>/target/release/mathzip' decompress --max-archive-bytes 17179869184 --max-output-bytes 8589934592 --max-segments 8388608 --no-sync --force '<work>/archive.mz' '<work>/restored.bin'""]","{""family"":""polynomial_d2"",""noise_density"":0.0,""seed"":1297748005,""size_requested"":65536}"
mathzip-benchmark-results-v1,20260724T032334Z-aca5bed4,ablation,synthetic_ablation,datasets/synthetic/polynomial_d2/s0000065536_n000p000_seed1297748005.bin,s0000065536_n000p000_seed1297748005.bin,CC0-1.0,python/mathzip_bench/synthetic.py and datasets/synthetic/manifest.json,datasets/synthetic/manifest.json,788cc7e3e85003e88d7c4f21698a72edc5348641fc93c7e57ec681c85e2f147e,true,84d3c13eee3f79467573fc92d68af063eeeb786852df80299fe4c5e51659f4e3,7.0,65536,ablation-03-fixed-constant,mathzip,balanced,03 fixed segmentation + constant,1,ok,,3,3,65692,0.9976252816172441,-0.00238037109375,-0.238037109375,8.01904296875,0.238037109375,0.010014851002779324,0.00534025900560664,6.5438816794990196,12.272063945062394,0.007844000000659435,0.00460300000031566,540672.0,true,true,89d9ae4b9a1d64008c0b8146601f3e508096477f1b5a92b87e1ec10c89927d7a,84d3c13eee3f79467573fc92d68af063eeeb786852df80299fe4c5e51659f4e3,"[{""type"":""identity""}]",1,65536.0,65536.0,"{""raw"":1}","{""raw"":1}",0,36,65536,120,100.0,100.0,7.0,65536,0,0,0.002423486,5.2238e-05,0.001657144,"[""'<repo>/target/release/mathzip' compress --mode balanced --max-input-bytes 8589934592 --no-sync --force --models raw,constant --transforms identity --segmentation fixed --segment-size 4096 '<repo>/datasets/synthetic/polynomial_d2/s0000065536_n000p000_seed1297748005.bin' '<work>/archive.mz'"",""'<repo>/target/release/mathzip' compress --mode balanced --max-input-bytes 8589934592 --no-sync --force --models raw,constant --transforms identity --segmentation fixed --segment-size 4096 --metrics-output '<work>/metrics-probe.mz.metrics.json' '<repo>/datasets/synthetic/polynomial_d2/s0000065536_n000p000_seed1297748005.bin' '<work>/metrics-probe.mz'"",""'<repo>/target/release/mathzip' decompress --max-archive-bytes 17179869184 --max-output-bytes 8589934592 --max-segments 8388608 --no-sync --force '<work>/archive.mz' '<work>/restored.bin'""]","{""family"":""polynomial_d2"",""noise_density"":0.0,""seed"":1297748005,""size_requested"":65536}"
mathzip-benchmark-results-v1,20260724T032334Z-aca5bed4,ablation,synthetic_ablation,datasets/synthetic/polynomial_d2/s0000065536_n000p000_seed1297748005.bin,s0000065536_n000p000_seed1297748005.bin,CC0-1.0,python/mathzip_bench/synthetic.py and datasets/synthetic/manifest.json,datasets/synthetic/manifest.json,788cc7e3e85003e88d7c4f21698a72edc5348641fc93c7e57ec681c85e2f147e,true,84d3c13eee3f79467573fc92d68af063eeeb786852df80299fe4c5e51659f4e3,7.0,65536,ablation-04-fixed-all-models,mathzip,balanced,04 fixed segmentation + all models,1,ok,,3,3,746,87.84986595174263,0.988616943359375,98.8616943359375,0.091064453125,0.0,0.0381399469988537,0.006677291996311396,1.7183033841648936,9.814757245332801,0.0365300000003117,0.004527999999481835,3620864.0,true,true,ec3e81c13cba03250d9ddca1c8c6efaf5987a56ae9b35c43256f45f4c024c4a2,84d3c13eee3f79467573fc92d68af063eeeb786852df80299fe4c5e51659f4e3,"[{""type"":""identity""}]",16,4096.0,4096.0,"{""copy"":15,""polynomial"":1}","{""sparse"":16}",34,576,16,120,0.0,0.0,0.0,16,16,16,0.001880747,0.003934205,0.027045684,"[""'<repo>/target/release/mathzip' compress --mode balanced --max-input-bytes 8589934592 --no-sync --force --models raw,constant,affine,polynomial,periodic,recurrence,piecewise-linear,run,sparse,copy --transforms identity --segmentation fixed --segment-size 4096 '<repo>/datasets/synthetic/polynomial_d2/s0000065536_n000p000_seed1297748005.bin' '<work>/archive.mz'"",""'<repo>/target/release/mathzip' compress --mode balanced --max-input-bytes 8589934592 --no-sync --force --models raw,constant,affine,polynomial,periodic,recurrence,piecewise-linear,run,sparse,copy --transforms identity --segmentation fixed --segment-size 4096 --metrics-output '<work>/metrics-probe.mz.metrics.json' '<repo>/datasets/synthetic/polynomial_d2/s0000065536_n000p000_seed1297748005.bin' '<work>/metrics-probe.mz'"",""'<repo>/target/release/mathzip' decompress --max-archive-bytes 17179869184 --max-output-bytes 8589934592 --max-segments 8388608 --no-sync --force '<work>/archive.mz' '<work>/restored.bin'""]","{""family"":""polynomial_d2"",""noise_density"":0.0,""seed"":1297748005,""size_requested"":65536}"
mathzip-benchmark-results-v1,20260724T032334Z-aca5bed4,ablation,synthetic_ablation,datasets/synthetic/polynomial_d2/s0000065536_n000p000_seed1297748005.bin,s0000065536_n000p000_seed1297748005.bin,CC0-1.0,python/mathzip_bench/synthetic.py and datasets/synthetic/manifest.json,datasets/synthetic/manifest.json,788cc7e3e85003e88d7c4f21698a72edc5348641fc93c7e57ec681c85e2f147e,true,84d3c13eee3f79467573fc92d68af063eeeb786852df80299fe4c5e51659f4e3,7.0,65536,ablation-05-adaptive-constant,mathzip,balanced,05 adaptive segmentation + constant,1,ok,,3,3,65692,0.9976252816172441,-0.00238037109375,-0.238037109375,8.01904296875,0.238037109375,0.050938909997057635,0.005661059003614355,1.286560705829503,11.576632562592607,0.05000200000085897,0.0046469999997498235,3887104.0,true,true,89d9ae4b9a1d64008c0b8146601f3e508096477f1b5a92b87e1ec10c89927d7a,84d3c13eee3f79467573fc92d68af063eeeb786852df80299fe4c5e51659f4e3,"[{""type"":""identity""}]",1,65536.0,65536.0,"{""raw"":1}","{""raw"":1}",0,36,65536,120,100.0,100.0,7.0,65536,0,0,0.003011916,0.001203302,0.042299821,"[""'<repo>/target/release/mathzip' compress --mode balanced --max-input-bytes 8589934592 --no-sync --force --models raw,constant --transforms identity --segmentation adaptive '<repo>/datasets/synthetic/polynomial_d2/s0000065536_n000p000_seed1297748005.bin' '<work>/archive.mz'"",""'<repo>/target/release/mathzip' compress --mode balanced --max-input-bytes 8589934592 --no-sync --force --models raw,constant --transforms identity --segmentation adaptive --metrics-output '<work>/metrics-probe.mz.metrics.json' '<repo>/datasets/synthetic/polynomial_d2/s0000065536_n000p000_seed1297748005.bin' '<work>/metrics-probe.mz'"",""'<repo>/target/release/mathzip' decompress --max-archive-bytes 17179869184 --max-output-bytes 8589934592 --max-segments 8388608 --no-sync --force '<work>/archive.mz' '<work>/restored.bin'""]","{""family"":""polynomial_d2"",""noise_density"":0.0,""seed"":1297748005,""size_requested"":65536}"
mathzip-benchmark-results-v1,20260724T032334Z-aca5bed4,ablation,synthetic_ablation,datasets/synthetic/polynomial_d2/s0000065536_n000p000_seed1297748005.bin,s0000065536_n000p000_seed1297748005.bin,CC0-1.0,python/mathzip_bench/synthetic.py and datasets/synthetic/manifest.json,datasets/synthetic/manifest.json,788cc7e3e85003e88d7c4f21698a72edc5348641fc93c7e57ec681c85e2f147e,true,84d3c13eee3f79467573fc92d68af063eeeb786852df80299fe4c5e51659f4e3,7.0,65536,ablation-06-adaptive-linear,mathzip,balanced,06 adaptive + constant/linear,1,ok,,3,3,65692,0.9976252816172441,-0.00238037109375,-0.238037109375,8.01904296875,0.238037109375,0.1106781479975325,0.006916746002389118,0.5921313392546204,9.474975657247377,0.10880399999950896,0.004896999999800755,3936256.0,true,true,89d9ae4b9a1d64008c0b8146601f3e508096477f1b5a92b87e1ec10c89927d7a,84d3c13eee3f79467573fc92d68af063eeeb786852df80299fe4c5e51659f4e3,"[{""type"":""identity""}]",1,65536.0,65536.0,"{""raw"":1}","{""raw"":1}",0,36,65536,120,100.0,100.0,7.0,65536,0,0,0.003136243,0.003427476,0.098083765,"[""'<repo>/target/release/mathzip' compress --mode balanced --max-input-bytes 8589934592 --no-sync --force --models raw,constant,affine --transforms identity --segmentation adaptive '<repo>/datasets/synthetic/polynomial_d2/s0000065536_n000p000_seed1297748005.bin' '<work>/archive.mz'"",""'<repo>/target/release/mathzip' compress --mode balanced --max-input-bytes 8589934592 --no-sync --force --models raw,constant,affine --transforms identity --segmentation adaptive --metrics-output '<work>/metrics-probe.mz.metrics.json' '<repo>/datasets/synthetic/polynomial_d2/s0000065536_n000p000_seed1297748005.bin' '<work>/metrics-probe.mz'"",""'<repo>/target/release/mathzip' decompress --max-archive-bytes 17179869184 --max-output-bytes 8589934592 --max-segments 8388608 --no-sync --force '<work>/archive.mz' '<work>/restored.bin'""]","{""family"":""polynomial_d2"",""noise_density"":0.0,""seed"":1297748005,""size_requested"":65536}"
mathzip-benchmark-results-v1,20260724T032334Z-aca5bed4,ablation,synthetic_ablation,datasets/synthetic/polynomial_d2/s0000065536_n000p000_seed1297748005.bin,s0000065536_n000p000_seed1297748005.bin,CC0-1.0,python/mathzip_bench/synthetic.py and datasets/synthetic/manifest.json,datasets/synthetic/manifest.json,788cc7e3e85003e88d7c4f21698a72edc5348641fc93c7e57ec681c85e2f147e,true,84d3c13eee3f79467573fc92d68af063eeeb786852df80299fe4c5e51659f4e3,7.0,65536,ablation-07-add-polynomial,mathzip,balanced,07 add polynomial,1,ok,,3,3,202,324.43564356435644,0.996917724609375,99.6917724609375,0.024658203125,0.0,0.17257558599521872,0.005734962003771216,0.37975244077581,11.42745147341946,0.1716179999993983,0.004491000000598433,3723264.0,true,true,b4f85bd915b955e997c21a47e5cb5ff6db0f88f4131de50037d9db8dc6b3c548,84d3c13eee3f79467573fc92d68af063eeeb786852df80299fe4c5e51659f4e3,"[{""type"":""identity""}]",2,32768.0,32768.0,"{""polynomial"":2}","{""sparse"":2}",8,72,2,120,0.0,0.0,0.0,2,2,2,0.002657145,0.003441739,0.161618354,"[""'<repo>/target/release/mathzip' compress --mode balanced --max-input-bytes 8589934592 --no-sync --force --models raw,constant,affine,polynomial --transforms identity --segmentation adaptive '<repo>/datasets/synthetic/polynomial_d2/s0000065536_n000p000_seed1297748005.bin' '<work>/archive.mz'"",""'<repo>/target/release/mathzip' compress --mode balanced --max-input-bytes 8589934592 --no-sync --force --models raw,constant,affine,polynomial --transforms identity --segmentation adaptive --metrics-output '<work>/metrics-probe.mz.metrics.json' '<repo>/datasets/synthetic/polynomial_d2/s0000065536_n000p000_seed1297748005.bin' '<work>/metrics-probe.mz'"",""'<repo>/target/release/mathzip' decompress --max-archive-bytes 17179869184 --max-output-bytes 8589934592 --max-segments 8388608 --no-sync --force '<work>/archive.mz' '<work>/restored.bin'""]","{""family"":""polynomial_d2"",""noise_density"":0.0,""seed"":1297748005,""size_requested"":65536}"
mathzip-benchmark-results-v1,20260724T032334Z-aca5bed4,ablation,synthetic_ablation,datasets/synthetic/polynomial_d2/s0000065536_n000p000_seed1297748005.bin,s0000065536_n000p000_seed1297748005.bin,CC0-1.0,python/mathzip_bench/synthetic.py and datasets/synthetic/manifest.json,datasets/synthetic/manifest.json,788cc7e3e85003e88d7c4f21698a72edc5348641fc93c7e57ec681c85e2f147e,true,84d3c13eee3f79467573fc92d68af063eeeb786852df80299fe4c5e51659f4e3,7.0,65536,ablation-08-add-periodic,mathzip,balanced,08 add periodic,1,ok,,3,3,202,324.43564356435644,0.996917724609375,99.6917724609375,0.024658203125,0.0,0.32335881699691527,0.00539927399950102,0.20267268605397326,12.137928174428003,0.3224449999997887,0.00464300000021467,3674112.0,true,true,b4f85bd915b955e997c21a47e5cb5ff6db0f88f4131de50037d9db8dc6b3c548,84d3c13eee3f79467573fc92d68af063eeeb786852df80299fe4c5e51659f4e3,"[{""type"":""identity""}]",2,32768.0,32768.0,"{""polynomial"":2}","{""sparse"":2}",8,72,2,120,0.0,0.0,0.0,2,2,2,0.002918395,0.023576207,0.292238024,"[""'<repo>/target/release/mathzip' compress --mode balanced --max-input-bytes 8589934592 --no-sync --force --models raw,constant,affine,polynomial,periodic --transforms identity --segmentation adaptive '<repo>/datasets/synthetic/polynomial_d2/s0000065536_n000p000_seed1297748005.bin' '<work>/archive.mz'"",""'<repo>/target/release/mathzip' compress --mode balanced --max-input-bytes 8589934592 --no-sync --force --models raw,constant,affine,polynomial,periodic --transforms identity --segmentation adaptive --metrics-output '<work>/metrics-probe.mz.metrics.json' '<repo>/datasets/synthetic/polynomial_d2/s0000065536_n000p000_seed1297748005.bin' '<work>/metrics-probe.mz'"",""'<repo>/target/release/mathzip' decompress --max-archive-bytes 17179869184 --max-output-bytes 8589934592 --max-segments 8388608 --no-sync --force '<work>/archive.mz' '<work>/restored.bin'""]","{""family"":""polynomial_d2"",""noise_density"":0.0,""seed"":1297748005,""size_requested"":65536}"
mathzip-benchmark-results-v1,20260724T032334Z-aca5bed4,ablation,synthetic_ablation,datasets/synthetic/polynomial_d2/s0000065536_n000p000_seed1297748005.bin,s0000065536_n000p000_seed1297748005.bin,CC0-1.0,python/mathzip_bench/synthetic.py and datasets/synthetic/manifest.json,datasets/synthetic/manifest.json,788cc7e3e85003e88d7c4f21698a72edc5348641fc93c7e57ec681c85e2f147e,true,84d3c13eee3f79467573fc92d68af063eeeb786852df80299fe4c5e51659f4e3,7.0,65536,ablation-09-add-recurrence,mathzip,balanced,09 add recurrence,1,ok,,3,3,202,324.43564356435644,0.996917724609375,99.6917724609375,0.024658203125,0.0,0.535404092996032,0.005466721995617263,0.12240474224481826,11.988171348852383,0.5331690000002709,0.004651000000194472,3723264.0,true,true,b4f85bd915b955e997c21a47e5cb5ff6db0f88f4131de50037d9db8dc6b3c548,84d3c13eee3f79467573fc92d68af063eeeb786852df80299fe4c5e51659f4e3,"[{""type"":""identity""}]",2,32768.0,32768.0,"{""polynomial"":2}","{""sparse"":2}",8,72,2,120,0.0,0.0,0.0,2,2,2,0.003296261,0.02413517,0.505589885,"[""'<repo>/target/release/mathzip' compress --mode balanced --max-input-bytes 8589934592 --no-sync --force --models raw,constant,affine,polynomial,periodic,recurrence --transforms identity --segmentation adaptive '<repo>/datasets/synthetic/polynomial_d2/s0000065536_n000p000_seed1297748005.bin' '<work>/archive.mz'"",""'<repo>/target/release/mathzip' compress --mode balanced --max-input-bytes 8589934592 --no-sync --force --models raw,constant,affine,polynomial,periodic,recurrence --transforms identity --segmentation adaptive --metrics-output '<work>/metrics-probe.mz.metrics.json' '<repo>/datasets/synthetic/polynomial_d2/s0000065536_n000p000_seed1297748005.bin' '<work>/metrics-probe.mz'"",""'<repo>/target/release/mathzip' decompress --max-archive-bytes 17179869184 --max-output-bytes 8589934592 --max-segments 8388608 --no-sync --force '<work>/archive.mz' '<work>/restored.bin'""]","{""family"":""polynomial_d2"",""noise_density"":0.0,""seed"":1297748005,""size_requested"":65536}"
mathzip-benchmark-results-v1,20260724T032334Z-aca5bed4,ablation,synthetic_ablation,datasets/synthetic/polynomial_d2/s0000065536_n000p000_seed1297748005.bin,s0000065536_n000p000_seed1297748005.bin,CC0-1.0,python/mathzip_bench/synthetic.py and datasets/synthetic/manifest.json,datasets/synthetic/manifest.json,788cc7e3e85003e88d7c4f21698a72edc5348641fc93c7e57ec681c85e2f147e,true,84d3c13eee3f79467573fc92d68af063eeeb786852df80299fe4c5e51659f4e3,7.0,65536,ablation-10-add-bit-plane,mathzip,balanced,10 add bit-plane,1,ok,,3,3,202,324.43564356435644,0.996917724609375,99.6917724609375,0.024658203125,0.0,1.1018365769996308,0.005179817002499476,0.059478874969334,12.652184424348613,1.0999050000009447,0.0045729999992545345,3731456.0,true,true,b4f85bd915b955e997c21a47e5cb5ff6db0f88f4131de50037d9db8dc6b3c548,84d3c13eee3f79467573fc92d68af063eeeb786852df80299fe4c5e51659f4e3,"[{""type"":""identity""}]",2,32768.0,32768.0,"{""polynomial"":2}","{""sparse"":2}",8,72,2,120,0.0,0.0,0.0,2,2,2,0.006998482,0.072908442,1.007861297,"[""'<repo>/target/release/mathzip' compress --mode balanced --max-input-bytes 8589934592 --no-sync --force --models raw,constant,affine,polynomial,periodic,recurrence --transforms identity,bit-plane --segmentation adaptive '<repo>/datasets/synthetic/polynomial_d2/s0000065536_n000p000_seed1297748005.bin' '<work>/archive.mz'"",""'<repo>/target/release/mathzip' compress --mode balanced --max-input-bytes 8589934592 --no-sync --force --models raw,constant,affine,polynomial,periodic,recurrence --transforms identity,bit-plane --segmentation adaptive --metrics-output '<work>/metrics-probe.mz.metrics.json' '<repo>/datasets/synthetic/polynomial_d2/s0000065536_n000p000_seed1297748005.bin' '<work>/metrics-probe.mz'"",""'<repo>/target/release/mathzip' decompress --max-archive-bytes 17179869184 --max-output-bytes 8589934592 --max-segments 8388608 --no-sync --force '<work>/archive.mz' '<work>/restored.bin'""]","{""family"":""polynomial_d2"",""noise_density"":0.0,""seed"":1297748005,""size_requested"":65536}"
mathzip-benchmark-results-v1,20260724T032334Z-aca5bed4,ablation,synthetic_ablation,datasets/synthetic/polynomial_d2/s0000065536_n000p000_seed1297748005.bin,s0000065536_n000p000_seed1297748005.bin,CC0-1.0,python/mathzip_bench/synthetic.py and datasets/synthetic/manifest.json,datasets/synthetic/manifest.json,788cc7e3e85003e88d7c4f21698a72edc5348641fc93c7e57ec681c85e2f147e,true,84d3c13eee3f79467573fc92d68af063eeeb786852df80299fe4c5e51659f4e3,7.0,65536,ablation-11-add-stride,mathzip,balanced,11 add stride transpose,1,ok,,3,3,202,324.43564356435644,0.996917724609375,99.6917724609375,0.024658203125,0.0,3.894728639999812,0.005451015997095965,0.01682684624724026,12.022712836453676,3.8928309999992052,0.004569000000628876,3833856.0,true,true,b4f85bd915b955e997c21a47e5cb5ff6db0f88f4131de50037d9db8dc6b3c548,84d3c13eee3f79467573fc92d68af063eeeb786852df80299fe4c5e51659f4e3,"[{""type"":""identity""}]",2,32768.0,32768.0,"{""polynomial"":2}","{""sparse"":2}",8,72,2,120,0.0,0.0,0.0,2,2,2,0.019332579,0.25635,3.616352017,"[""'<repo>/target/release/mathzip' compress --mode balanced --max-input-bytes 8589934592 --no-sync --force --models raw,constant,affine,polynomial,periodic,recurrence --transforms identity,bit-plane,stride --segmentation adaptive '<repo>/datasets/synthetic/polynomial_d2/s0000065536_n000p000_seed1297748005.bin' '<work>/archive.mz'"",""'<repo>/target/release/mathzip' compress --mode balanced --max-input-bytes 8589934592 --no-sync --force --models raw,constant,affine,polynomial,periodic,recurrence --transforms identity,bit-plane,stride --segmentation adaptive --metrics-output '<work>/metrics-probe.mz.metrics.json' '<repo>/datasets/synthetic/polynomial_d2/s0000065536_n000p000_seed1297748005.bin' '<work>/metrics-probe.mz'"",""'<repo>/target/release/mathzip' decompress --max-archive-bytes 17179869184 --max-output-bytes 8589934592 --max-segments 8388608 --no-sync --force '<work>/archive.mz' '<work>/restored.bin'""]","{""family"":""polynomial_d2"",""noise_density"":0.0,""seed"":1297748005,""size_requested"":65536}"
mathzip-benchmark-results-v1,20260724T032334Z-aca5bed4,ablation,synthetic_ablation,datasets/synthetic/polynomial_d2/s0000065536_n000p000_seed1297748005.bin,s0000065536_n000p000_seed1297748005.bin,CC0-1.0,python/mathzip_bench/synthetic.py and datasets/synthetic/manifest.json,datasets/synthetic/manifest.json,788cc7e3e85003e88d7c4f21698a72edc5348641fc93c7e57ec681c85e2f147e,true,84d3c13eee3f79467573fc92d68af063eeeb786852df80299fe4c5e51659f4e3,7.0,65536,ablation-12-add-copy,mathzip,balanced,12 add copy/reference,1,ok,,3,3,201,326.0497512437811,0.9969329833984375,99.69329833984375,0.0245361328125,0.0,3.933539354999084,0.005348724000214133,0.016660822248215502,12.25264193803537,3.931340000000091,0.004513000000770262,3846144.0,true,true,1633de8b1f36e850083271787d895ae39a82adb6a1dd8f5b5e2a94b5eea2d1de,84d3c13eee3f79467573fc92d68af063eeeb786852df80299fe4c5e51659f4e3,"[{""type"":""identity""}]",2,32768.0,32768.0,"{""copy"":1,""polynomial"":1}","{""sparse"":2}",7,72,2,120,0.0,0.0,0.0,2,2,2,0.02071404,0.261164082,3.6692215470000002,"[""'<repo>/target/release/mathzip' compress --mode balanced --max-input-bytes 8589934592 --no-sync --force --models raw,constant,affine,polynomial,periodic,recurrence,copy --transforms identity,bit-plane,stride --segmentation adaptive '<repo>/datasets/synthetic/polynomial_d2/s0000065536_n000p000_seed1297748005.bin' '<work>/archive.mz'"",""'<repo>/target/release/mathzip' compress --mode balanced --max-input-bytes 8589934592 --no-sync --force --models raw,constant,affine,polynomial,periodic,recurrence,copy --transforms identity,bit-plane,stride --segmentation adaptive --metrics-output '<work>/metrics-probe.mz.metrics.json' '<repo>/datasets/synthetic/polynomial_d2/s0000065536_n000p000_seed1297748005.bin' '<work>/metrics-probe.mz'"",""'<repo>/target/release/mathzip' decompress --max-archive-bytes 17179869184 --max-output-bytes 8589934592 --max-segments 8388608 --no-sync --force '<work>/archive.mz' '<work>/restored.bin'""]","{""family"":""polynomial_d2"",""noise_density"":0.0,""seed"":1297748005,""size_requested"":65536}"
mathzip-benchmark-results-v1,20260724T032334Z-aca5bed4,ablation,synthetic_ablation,datasets/synthetic/polynomial_d2/s0000065536_n000p000_seed1297748005.bin,s0000065536_n000p000_seed1297748005.bin,CC0-1.0,python/mathzip_bench/synthetic.py and datasets/synthetic/manifest.json,datasets/synthetic/manifest.json,788cc7e3e85003e88d7c4f21698a72edc5348641fc93c7e57ec681c85e2f147e,true,84d3c13eee3f79467573fc92d68af063eeeb786852df80299fe4c5e51659f4e3,7.0,65536,ablation-13-custom-residual,mathzip,balanced,13 custom residual coders,1,ok,,3,3,201,326.0497512437811,0.9969329833984375,99.69329833984375,0.0245361328125,0.0,6.508110469003441,0.005151506993570365,0.010069896679248477,12.721714263767083,6.476631999999881,0.004337999999734166,4366336.0,true,true,1633de8b1f36e850083271787d895ae39a82adb6a1dd8f5b5e2a94b5eea2d1de,84d3c13eee3f79467573fc92d68af063eeeb786852df80299fe4c5e51659f4e3,"[{""type"":""identity""}]",2,32768.0,32768.0,"{""copy"":1,""polynomial"":1}","{""sparse"":2}",7,72,2,120,0.0,0.0,0.0,2,2,2,0.027111136,0.434065736,6.032097848,"[""'<repo>/target/release/mathzip' compress --mode balanced --max-input-bytes 8589934592 --no-sync --force --residual-coders raw,rle,zero-run,sparse,bit-pack '<repo>/datasets/synthetic/polynomial_d2/s0000065536_n000p000_seed1297748005.bin' '<work>/archive.mz'"",""'<repo>/target/release/mathzip' compress --mode balanced --max-input-bytes 8589934592 --no-sync --force --residual-coders raw,rle,zero-run,sparse,bit-pack --metrics-output '<work>/metrics-probe.mz.metrics.json' '<repo>/datasets/synthetic/polynomial_d2/s0000065536_n000p000_seed1297748005.bin' '<work>/metrics-probe.mz'"",""'<repo>/target/release/mathzip' decompress --max-archive-bytes 17179869184 --max-output-bytes 8589934592 --max-segments 8388608 --no-sync --force '<work>/archive.mz' '<work>/restored.bin'""]","{""family"":""polynomial_d2"",""noise_density"":0.0,""seed"":1297748005,""size_requested"":65536}"
mathzip-benchmark-results-v1,20260724T032334Z-aca5bed4,ablation,synthetic_ablation,datasets/synthetic/polynomial_d2/s0000065536_n000p000_seed1297748005.bin,s0000065536_n000p000_seed1297748005.bin,CC0-1.0,python/mathzip_bench/synthetic.py and datasets/synthetic/manifest.json,datasets/synthetic/manifest.json,788cc7e3e85003e88d7c4f21698a72edc5348641fc93c7e57ec681c85e2f147e,true,84d3c13eee3f79467573fc92d68af063eeeb786852df80299fe4c5e51659f4e3,7.0,65536,ablation-14-zstd-residual,mathzip,balanced,14 mathematical models + Zstd residual,1,ok,,3,3,234,280.0683760683761,0.996429443359375,99.6429443359375,0.028564453125,0.0,3.5887383579974994,0.006328595998638775,0.01826157090944039,10.355535416401397,3.5870039999990695,0.004528999999820371,4861952.0,true,true,f2a1f62bb9dae5b73d910bfeeef5f5aa22e67f0b61ce1262a1b5d869e4ff46af,84d3c13eee3f79467573fc92d68af063eeeb786852df80299fe4c5e51659f4e3,"[{""type"":""delta""}]",2,32768.0,32768.0,"{""affine"":2}","{""zstd"":2}",4,72,38,120,0.0,0.0,0.9999999993281927,38,2,2,0.026788531,0.424542168,3.133018608,"[""'<repo>/target/release/mathzip' compress --mode balanced --max-input-bytes 8589934592 --no-sync --force --models constant,affine,polynomial,periodic,recurrence,piecewise-linear,run,sparse --residual-coders zstd --no-copy-model '<repo>/datasets/synthetic/polynomial_d2/s0000065536_n000p000_seed1297748005.bin' '<work>/archive.mz'"",""'<repo>/target/release/mathzip' compress --mode balanced --max-input-bytes 8589934592 --no-sync --force --models constant,affine,polynomial,periodic,recurrence,piecewise-linear,run,sparse --residual-coders zstd --no-copy-model --metrics-output '<work>/metrics-probe.mz.metrics.json' '<repo>/datasets/synthetic/polynomial_d2/s0000065536_n000p000_seed1297748005.bin' '<work>/metrics-probe.mz'"",""'<repo>/target/release/mathzip' decompress --max-archive-bytes 17179869184 --max-output-bytes 8589934592 --max-segments 8388608 --no-sync --force '<work>/archive.mz' '<work>/restored.bin'""]","{""family"":""polynomial_d2"",""noise_density"":0.0,""seed"":1297748005,""size_requested"":65536}"
mathzip-benchmark-results-v1,20260724T032334Z-aca5bed4,ablation,synthetic_ablation,datasets/synthetic/polynomial_d2/s0000065536_n000p000_seed1297748005.bin,s0000065536_n000p000_seed1297748005.bin,CC0-1.0,python/mathzip_bench/synthetic.py and datasets/synthetic/manifest.json,datasets/synthetic/manifest.json,788cc7e3e85003e88d7c4f21698a72edc5348641fc93c7e57ec681c85e2f147e,true,84d3c13eee3f79467573fc92d68af063eeeb786852df80299fe4c5e51659f4e3,7.0,65536,ablation-15-no-transform,mathzip,balanced,15 identity transform only,1,ok,,3,3,201,326.0497512437811,0.9969329833984375,99.69329833984375,0.0245361328125,0.0,0.7134876339987386,0.005298251002386678,0.091853028527914,12.36936490371602,0.7111140000006344,0.004492000000027474,4161536.0,true,true,1633de8b1f36e850083271787d895ae39a82adb6a1dd8f5b5e2a94b5eea2d1de,84d3c13eee3f79467573fc92d68af063eeeb786852df80299fe4c5e51659f4e3,"[{""type"":""identity""}]",2,32768.0,32768.0,"{""copy"":1,""polynomial"":1}","{""sparse"":2}",7,72,2,120,0.0,0.0,0.0,2,2,2,0.003583248,0.039171248,0.66541222,"[""'<repo>/target/release/mathzip' compress --mode balanced --max-input-bytes 8589934592 --no-sync --force --transforms identity '<repo>/datasets/synthetic/polynomial_d2/s0000065536_n000p000_seed1297748005.bin' '<work>/archive.mz'"",""'<repo>/target/release/mathzip' compress --mode balanced --max-input-bytes 8589934592 --no-sync --force --transforms identity --metrics-output '<work>/metrics-probe.mz.metrics.json' '<repo>/datasets/synthetic/polynomial_d2/s0000065536_n000p000_seed1297748005.bin' '<work>/metrics-probe.mz'"",""'<repo>/target/release/mathzip' decompress --max-archive-bytes 17179869184 --max-output-bytes 8589934592 --max-segments 8388608 --no-sync --force '<work>/archive.mz' '<work>/restored.bin'""]","{""family"":""polynomial_d2"",""noise_density"":0.0,""seed"":1297748005,""size_requested"":65536}"
mathzip-benchmark-results-v1,20260724T032334Z-aca5bed4,ablation,synthetic_ablation,datasets/synthetic/polynomial_d2/s0000065536_n000p000_seed1297748005.bin,s0000065536_n000p000_seed1297748005.bin,CC0-1.0,python/mathzip_bench/synthetic.py and datasets/synthetic/manifest.json,datasets/synthetic/manifest.json,788cc7e3e85003e88d7c4f21698a72edc5348641fc93c7e57ec681c85e2f147e,true,84d3c13eee3f79467573fc92d68af063eeeb786852df80299fe4c5e51659f4e3,7.0,65536,ablation-16-no-adaptive-partition,mathzip,balanced,16 fixed partition,1,ok,,3,3,746,87.84986595174263,0.988616943359375,98.8616943359375,0.091064453125,0.0,0.2692294740045327,0.005074453001725487,0.24342059962906085,12.914889541338843,0.26825800000005984,0.004245999999511696,3653632.0,true,true,ec3e81c13cba03250d9ddca1c8c6efaf5987a56ae9b35c43256f45f4c024c4a2,84d3c13eee3f79467573fc92d68af063eeeb786852df80299fe4c5e51659f4e3,"[{""type"":""identity""}]",16,4096.0,4096.0,"{""copy"":15,""polynomial"":1}","{""sparse"":16}",34,576,16,120,0.0,0.0,0.0,16,16,16,0.008789839,0.035328304,0.220367334,"[""'<repo>/target/release/mathzip' compress --mode balanced --max-input-bytes 8589934592 --no-sync --force --segmentation fixed --segment-size 4096 '<repo>/datasets/synthetic/polynomial_d2/s0000065536_n000p000_seed1297748005.bin' '<work>/archive.mz'"",""'<repo>/target/release/mathzip' compress --mode balanced --max-input-bytes 8589934592 --no-sync --force --segmentation fixed --segment-size 4096 --metrics-output '<work>/metrics-probe.mz.metrics.json' '<repo>/datasets/synthetic/polynomial_d2/s0000065536_n000p000_seed1297748005.bin' '<work>/metrics-probe.mz'"",""'<repo>/target/release/mathzip' decompress --max-archive-bytes 17179869184 --max-output-bytes 8589934592 --max-segments 8388608 --no-sync --force '<work>/archive.mz' '<work>/restored.bin'""]","{""family"":""polynomial_d2"",""noise_density"":0.0,""seed"":1297748005,""size_requested"":65536}"
mathzip-benchmark-results-v1,20260724T032334Z-aca5bed4,ablation,synthetic_ablation,datasets/synthetic/polynomial_d2/s0000065536_n000p000_seed1297748005.bin,s0000065536_n000p000_seed1297748005.bin,CC0-1.0,python/mathzip_bench/synthetic.py and datasets/synthetic/manifest.json,datasets/synthetic/manifest.json,788cc7e3e85003e88d7c4f21698a72edc5348641fc93c7e57ec681c85e2f147e,true,84d3c13eee3f79467573fc92d68af063eeeb786852df80299fe4c5e51659f4e3,7.0,65536,ablation-17-no-raw-fallback,mathzip,balanced,17 no raw fallback,1,ok,,3,3,201,326.0497512437811,0.9969329833984375,99.69329833984375,0.0245361328125,0.0,6.31661569699645,0.005255151001620106,0.010375176066380349,12.470811967114923,6.31347900000037,0.004468000000088068,4218880.0,true,true,1633de8b1f36e850083271787d895ae39a82adb6a1dd8f5b5e2a94b5eea2d1de,84d3c13eee3f79467573fc92d68af063eeeb786852df80299fe4c5e51659f4e3,"[{""type"":""identity""}]",2,32768.0,32768.0,"{""copy"":1,""polynomial"":1}","{""sparse"":2}",7,72,2,120,0.0,0.0,0.0,2,2,2,0.024279196,0.430004045,5.850142913,"[""'<repo>/target/release/mathzip' compress --mode balanced --max-input-bytes 8589934592 --no-sync --force --no-raw-fallback --models constant,affine,polynomial,periodic,recurrence,piecewise-linear,run,sparse,copy '<repo>/datasets/synthetic/polynomial_d2/s0000065536_n000p000_seed1297748005.bin' '<work>/archive.mz'"",""'<repo>/target/release/mathzip' compress --mode balanced --max-input-bytes 8589934592 --no-sync --force --no-raw-fallback --models constant,affine,polynomial,periodic,recurrence,piecewise-linear,run,sparse,copy --metrics-output '<work>/metrics-probe.mz.metrics.json' '<repo>/datasets/synthetic/polynomial_d2/s0000065536_n000p000_seed1297748005.bin' '<work>/metrics-probe.mz'"",""'<repo>/target/release/mathzip' decompress --max-archive-bytes 17179869184 --max-output-bytes 8589934592 --max-segments 8388608 --no-sync --force '<work>/archive.mz' '<work>/restored.bin'""]","{""family"":""polynomial_d2"",""noise_density"":0.0,""seed"":1297748005,""size_requested"":65536}"
mathzip-benchmark-results-v1,20260724T032334Z-aca5bed4,ablation,synthetic_ablation,datasets/synthetic/polynomial_d2/s0000065536_n000p000_seed1297748005.bin,s0000065536_n000p000_seed1297748005.bin,CC0-1.0,python/mathzip_bench/synthetic.py and datasets/synthetic/manifest.json,datasets/synthetic/manifest.json,788cc7e3e85003e88d7c4f21698a72edc5348641fc93c7e57ec681c85e2f147e,true,84d3c13eee3f79467573fc92d68af063eeeb786852df80299fe4c5e51659f4e3,7.0,65536,ablation-18-fast,mathzip,fast,18 fast mode,1,ok,,3,3,280,234.05714285714285,0.9957275390625,99.57275390625,0.0341796875,0.0,0.0391968399999314,0.006336066006042529,1.6719715160741198,10.34332659058478,0.03847399999995105,0.004426999999850523,3776512.0,true,true,e7ce6dedf4609330e7b87ff0a18f726e7e7d60a5fd1717632033ae90a07a4872,84d3c13eee3f79467573fc92d68af063eeeb786852df80299fe4c5e51659f4e3,"[{""type"":""delta""}]",4,16384.0,16384.0,"{""affine"":4}","{""rle"":1,""sparse"":3}",8,144,8,120,0.0,0.0,0.8112539389549073,8,4,4,0.004452657,0.000791734,0.029334058,"[""'<repo>/target/release/mathzip' compress --mode fast --max-input-bytes 8589934592 --no-sync --force '<repo>/datasets/synthetic/polynomial_d2/s0000065536_n000p000_seed1297748005.bin' '<work>/archive.mz'"",""'<repo>/target/release/mathzip' compress --mode fast --max-input-bytes 8589934592 --no-sync --force --metrics-output '<work>/metrics-probe.mz.metrics.json' '<repo>/datasets/synthetic/polynomial_d2/s0000065536_n000p000_seed1297748005.bin' '<work>/metrics-probe.mz'"",""'<repo>/target/release/mathzip' decompress --max-archive-bytes 17179869184 --max-output-bytes 8589934592 --max-segments 8388608 --no-sync --force '<work>/archive.mz' '<work>/restored.bin'""]","{""family"":""polynomial_d2"",""noise_density"":0.0,""seed"":1297748005,""size_requested"":65536}"
mathzip-benchmark-results-v1,20260724T032334Z-aca5bed4,ablation,synthetic_ablation,datasets/synthetic/polynomial_d2/s0000065536_n000p000_seed1297748005.bin,s0000065536_n000p000_seed1297748005.bin,CC0-1.0,python/mathzip_bench/synthetic.py and datasets/synthetic/manifest.json,datasets/synthetic/manifest.json,788cc7e3e85003e88d7c4f21698a72edc5348641fc93c7e57ec681c85e2f147e,true,84d3c13eee3f79467573fc92d68af063eeeb786852df80299fe4c5e51659f4e3,7.0,65536,ablation-19-balanced,mathzip,balanced,19 balanced mode,1,ok,,3,3,201,326.0497512437811,0.9969329833984375,99.69329833984375,0.0245361328125,0.0,6.449306813003204,0.005227451998507604,0.010161712242913483,12.536891781829848,6.445230999999694,0.00442399999974441,4321280.0,true,true,1633de8b1f36e850083271787d895ae39a82adb6a1dd8f5b5e2a94b5eea2d1de,84d3c13eee3f79467573fc92d68af063eeeb786852df80299fe4c5e51659f4e3,"[{""type"":""identity""}]",2,32768.0,32768.0,"{""copy"":1,""polynomial"":1}","{""sparse"":2}",7,72,2,120,0.0,0.0,0.0,2,2,2,0.025963612,0.432580847,5.971559503,"[""'<repo>/target/release/mathzip' compress --mode balanced --max-input-bytes 8589934592 --no-sync --force '<repo>/datasets/synthetic/polynomial_d2/s0000065536_n000p000_seed1297748005.bin' '<work>/archive.mz'"",""'<repo>/target/release/mathzip' compress --mode balanced --max-input-bytes 8589934592 --no-sync --force --metrics-output '<work>/metrics-probe.mz.metrics.json' '<repo>/datasets/synthetic/polynomial_d2/s0000065536_n000p000_seed1297748005.bin' '<work>/metrics-probe.mz'"",""'<repo>/target/release/mathzip' decompress --max-archive-bytes 17179869184 --max-output-bytes 8589934592 --max-segments 8388608 --no-sync --force '<work>/archive.mz' '<work>/restored.bin'""]","{""family"":""polynomial_d2"",""noise_density"":0.0,""seed"":1297748005,""size_requested"":65536}"
mathzip-benchmark-results-v1,20260724T032334Z-aca5bed4,ablation,synthetic_ablation,datasets/synthetic/polynomial_d2/s0000065536_n000p000_seed1297748005.bin,s0000065536_n000p000_seed1297748005.bin,CC0-1.0,python/mathzip_bench/synthetic.py and datasets/synthetic/manifest.json,datasets/synthetic/manifest.json,788cc7e3e85003e88d7c4f21698a72edc5348641fc93c7e57ec681c85e2f147e,true,84d3c13eee3f79467573fc92d68af063eeeb786852df80299fe4c5e51659f4e3,7.0,65536,ablation-20-max,mathzip,max,20 max mode,1,ok,,3,3,241,271.9336099585062,0.9963226318359375,99.63226318359375,0.0294189453125,0.0,156.38097472499794,0.006689840003673453,0.0004190791118628568,9.796347889338694,155.76174000000083,0.004487000000153785,4358144.0,true,true,f297cd85b9fb64235570a03b67f32cf671adacf6c090048ff9628448dca6a865,84d3c13eee3f79467573fc92d68af063eeeb786852df80299fe4c5e51659f4e3,"[{""type"":""identity""}]",3,21845.333333333332,24576.0,"{""copy"":2,""polynomial"":1}","{""sparse"":3}",10,108,3,120,0.0,0.0,0.0,3,3,3,0.316640839,55.627271932,100.785079436,"[""'<repo>/target/release/mathzip' compress --mode max --max-input-bytes 8589934592 --no-sync --force '<repo>/datasets/synthetic/polynomial_d2/s0000065536_n000p000_seed1297748005.bin' '<work>/archive.mz'"",""'<repo>/target/release/mathzip' compress --mode max --max-input-bytes 8589934592 --no-sync --force --metrics-output '<work>/metrics-probe.mz.metrics.json' '<repo>/datasets/synthetic/polynomial_d2/s0000065536_n000p000_seed1297748005.bin' '<work>/metrics-probe.mz'"",""'<repo>/target/release/mathzip' decompress --max-archive-bytes 17179869184 --max-output-bytes 8589934592 --max-segments 8388608 --no-sync --force '<work>/archive.mz' '<work>/restored.bin'""]","{""family"":""polynomial_d2"",""noise_density"":0.0,""seed"":1297748005,""size_requested"":65536}"
mathzip-benchmark-results-v1,20260724T032334Z-aca5bed4,ablation,synthetic_ablation,datasets/synthetic/polynomial_d2/s0000065536_n000p000_seed1297748005.bin,s0000065536_n000p000_seed1297748005.bin,CC0-1.0,python/mathzip_bench/synthetic.py and datasets/synthetic/manifest.json,datasets/synthetic/manifest.json,788cc7e3e85003e88d7c4f21698a72edc5348641fc93c7e57ec681c85e2f147e,true,84d3c13eee3f79467573fc92d68af063eeeb786852df80299fe4c5e51659f4e3,7.0,65536,zstd-default,zstd,default,,1,ok,,3,3,281,233.22419928825622,0.9957122802734375,99.57122802734375,0.0343017578125,0.0,0.006092750001698732,0.004490024999540765,10.756390789336141,14.595909823821238,0.0053839999991396326,0.004019000000880624,344064.0,true,true,66d036b22ddd4f7a4fa4cd5f79e9db054e78ed77d8bb0fd1af610d51c61af759,84d3c13eee3f79467573fc92d68af063eeeb786852df80299fe4c5e51659f4e3,,,,,,,,,,,,,,,,,,,,"[""'<external>/zstd' -q -d -c '<work>/archive.zst'"",""'<external>/zstd' -q -f -T1 -3 -c '<repo>/datasets/synthetic/polynomial_d2/s0000065536_n000p000_seed1297748005.bin'""]","{""family"":""polynomial_d2"",""noise_density"":0.0,""seed"":1297748005,""size_requested"":65536}"
mathzip-benchmark-results-v1,20260724T032334Z-aca5bed4,ablation,synthetic_ablation,datasets/synthetic/random/s0000065536_n000p000_seed1297748005.bin,s0000065536_n000p000_seed1297748005.bin,CC0-1.0,python/mathzip_bench/synthetic.py and datasets/synthetic/manifest.json,datasets/synthetic/manifest.json,788cc7e3e85003e88d7c4f21698a72edc5348641fc93c7e57ec681c85e2f147e,true,9e4d8d3305ce218314fdc3746942be9b9f0df4e3f1673227fcd510319189dbdc,7.997385715086543,65536,ablation-01-raw-only,mathzip,balanced,01 raw only,1,ok,,3,3,65692,0.9976252816172441,-0.00238037109375,-0.238037109375,8.01904296875,0.238037109375,0.007798266000463627,0.005337069000233896,8.40391953751048,12.279399047890873,0.006453999999394,0.004635999999663909,430080.0,true,true,4244eaf9c9367d55713d9f90fe9a95e9e8c636ec3ce1d5d1f26a3f1bc5aae922,9e4d8d3305ce218314fdc3746942be9b9f0df4e3f1673227fcd510319189dbdc,"[{""type"":""identity""}]",1,65536.0,65536.0,"{""raw"":1}","{""raw"":1}",0,36,65536,120,100.0,100.0,7.997385715086538,65536,0,0,0.002450153,5.2496e-05,1.9809e-05,"[""'<repo>/target/release/mathzip' compress --mode balanced --max-input-bytes 8589934592 --no-sync --force --models raw --residual-coders raw --transforms identity --segmentation fixed '<repo>/datasets/synthetic/random/s0000065536_n000p000_seed1297748005.bin' '<work>/archive.mz'"",""'<repo>/target/release/mathzip' compress --mode balanced --max-input-bytes 8589934592 --no-sync --force --models raw --residual-coders raw --transforms identity --segmentation fixed --metrics-output '<work>/metrics-probe.mz.metrics.json' '<repo>/datasets/synthetic/random/s0000065536_n000p000_seed1297748005.bin' '<work>/metrics-probe.mz'"",""'<repo>/target/release/mathzip' decompress --max-archive-bytes 17179869184 --max-output-bytes 8589934592 --max-segments 8388608 --no-sync --force '<work>/archive.mz' '<work>/restored.bin'""]","{""family"":""random"",""noise_density"":0.0,""seed"":1297748005,""size_requested"":65536}"
mathzip-benchmark-results-v1,20260724T032334Z-aca5bed4,ablation,synthetic_ablation,datasets/synthetic/random/s0000065536_n000p000_seed1297748005.bin,s0000065536_n000p000_seed1297748005.bin,CC0-1.0,python/mathzip_bench/synthetic.py and datasets/synthetic/manifest.json,datasets/synthetic/manifest.json,788cc7e3e85003e88d7c4f21698a72edc5348641fc93c7e57ec681c85e2f147e,true,9e4d8d3305ce218314fdc3746942be9b9f0df4e3f1673227fcd510319189dbdc,7.997385715086543,65536,ablation-02-residual-only,mathzip,balanced,02 residual coder only,1,ok,,3,3,65692,0.9976252816172441,-0.00238037109375,-0.238037109375,8.01904296875,0.238037109375,0.007943810000142548,0.005298723997839261,8.249945554944539,12.368260741024553,0.007220000000415894,0.004658999999264779,425984.0,true,true,4244eaf9c9367d55713d9f90fe9a95e9e8c636ec3ce1d5d1f26a3f1bc5aae922,9e4d8d3305ce218314fdc3746942be9b9f0df4e3f1673227fcd510319189dbdc,"[{""type"":""identity""}]",1,65536.0,65536.0,"{""raw"":1}","{""raw"":1}",0,36,65536,120,100.0,100.0,7.997385715086538,65536,0,0,0.002485253,5.7364e-05,0.000576199,"[""'<repo>/target/release/mathzip' compress --mode balanced --max-input-bytes 8589934592 --no-sync --force --models raw --residual-coders raw,rle,zero-run,sparse,bit-pack --transforms identity --segmentation fixed '<repo>/datasets/synthetic/random/s0000065536_n000p000_seed1297748005.bin' '<work>/archive.mz'"",""'<repo>/target/release/mathzip' compress --mode balanced --max-input-bytes 8589934592 --no-sync --force --models raw --residual-coders raw,rle,zero-run,sparse,bit-pack --transforms identity --segmentation fixed --metrics-output '<work>/metrics-probe.mz.metrics.json' '<repo>/datasets/synthetic/random/s0000065536_n000p000_seed1297748005.bin' '<work>/metrics-probe.mz'"",""'<repo>/target/release/mathzip' decompress --max-archive-bytes 17179869184 --max-output-bytes 8589934592 --max-segments 8388608 --no-sync --force '<work>/archive.mz' '<work>/restored.bin'""]","{""family"":""random"",""noise_density"":0.0,""seed"":1297748005,""size_requested"":65536}"
mathzip-benchmark-results-v1,20260724T032334Z-aca5bed4,ablation,synthetic_ablation,datasets/synthetic/random/s0000065536_n000p000_seed1297748005.bin,s0000065536_n000p000_seed1297748005.bin,CC0-1.0,python/mathzip_bench/synthetic.py and datasets/synthetic/manifest.json,datasets/synthetic/manifest.json,788cc7e3e85003e88d7c4f21698a72edc5348641fc93c7e57ec681c85e2f147e,true,9e4d8d3305ce218314fdc3746942be9b9f0df4e3f1673227fcd510319189dbdc,7.997385715086543,65536,ablation-03-fixed-constant,mathzip,balanced,03 fixed segmentation + constant,1,ok,,3,3,65692,0.9976252816172441,-0.00238037109375,-0.238037109375,8.01904296875,0.238037109375,0.008730567999009509,0.005360054004995618,7.506499005269201,12.22674248037797,0.007904000000053202,0.004468000000088068,425984.0,true,true,4244eaf9c9367d55713d9f90fe9a95e9e8c636ec3ce1d5d1f26a3f1bc5aae922,9e4d8d3305ce218314fdc3746942be9b9f0df4e3f1673227fcd510319189dbdc,"[{""type"":""identity""}]",1,65536.0,65536.0,"{""raw"":1}","{""raw"":1}",0,36,65536,120,100.0,100.0,7.997385715086538,65536,0,0,0.002553437,5.4043e-05,0.001677844,"[""'<repo>/target/release/mathzip' compress --mode balanced --max-input-bytes 8589934592 --no-sync --force --models raw,constant --transforms identity --segmentation fixed --segment-size 4096 '<repo>/datasets/synthetic/random/s0000065536_n000p000_seed1297748005.bin' '<work>/archive.mz'"",""'<repo>/target/release/mathzip' compress --mode balanced --max-input-bytes 8589934592 --no-sync --force --models raw,constant --transforms identity --segmentation fixed --segment-size 4096 --metrics-output '<work>/metrics-probe.mz.metrics.json' '<repo>/datasets/synthetic/random/s0000065536_n000p000_seed1297748005.bin' '<work>/metrics-probe.mz'"",""'<repo>/target/release/mathzip' decompress --max-archive-bytes 17179869184 --max-output-bytes 8589934592 --max-segments 8388608 --no-sync --force '<work>/archive.mz' '<work>/restored.bin'""]","{""family"":""random"",""noise_density"":0.0,""seed"":1297748005,""size_requested"":65536}"
mathzip-benchmark-results-v1,20260724T032334Z-aca5bed4,ablation,synthetic_ablation,datasets/synthetic/random/s0000065536_n000p000_seed1297748005.bin,s0000065536_n000p000_seed1297748005.bin,CC0-1.0,python/mathzip_bench/synthetic.py and datasets/synthetic/manifest.json,datasets/synthetic/manifest.json,788cc7e3e85003e88d7c4f21698a72edc5348641fc93c7e57ec681c85e2f147e,true,9e4d8d3305ce218314fdc3746942be9b9f0df4e3f1673227fcd510319189dbdc,7.997385715086543,65536,ablation-04-fixed-all-models,mathzip,balanced,04 fixed segmentation + all models,1,ok,,3,3,65692,0.9976252816172441,-0.00238037109375,-0.238037109375,8.01904296875,0.238037109375,0.03828546499426011,0.005779849001555704,1.7117723399683242,11.33870452019773,0.03743499999927735,0.004916000000775966,3678208.0,true,true,4244eaf9c9367d55713d9f90fe9a95e9e8c636ec3ce1d5d1f26a3f1bc5aae922,9e4d8d3305ce218314fdc3746942be9b9f0df4e3f1673227fcd510319189dbdc,"[{""type"":""identity""}]",1,65536.0,65536.0,"{""raw"":1}","{""raw"":1}",0,36,65536,120,100.0,100.0,7.997385715086538,65536,0,0,0.002504713,0.004021986,0.02620729,"[""'<repo>/target/release/mathzip' compress --mode balanced --max-input-bytes 8589934592 --no-sync --force --models raw,constant,affine,polynomial,periodic,recurrence,piecewise-linear,run,sparse,copy --transforms identity --segmentation fixed --segment-size 4096 '<repo>/datasets/synthetic/random/s0000065536_n000p000_seed1297748005.bin' '<work>/archive.mz'"",""'<repo>/target/release/mathzip' compress --mode balanced --max-input-bytes 8589934592 --no-sync --force --models raw,constant,affine,polynomial,periodic,recurrence,piecewise-linear,run,sparse,copy --transforms identity --segmentation fixed --segment-size 4096 --metrics-output '<work>/metrics-probe.mz.metrics.json' '<repo>/datasets/synthetic/random/s0000065536_n000p000_seed1297748005.bin' '<work>/metrics-probe.mz'"",""'<repo>/target/release/mathzip' decompress --max-archive-bytes 17179869184 --max-output-bytes 8589934592 --max-segments 8388608 --no-sync --force '<work>/archive.mz' '<work>/restored.bin'""]","{""family"":""random"",""noise_density"":0.0,""seed"":1297748005,""size_requested"":65536}"
mathzip-benchmark-results-v1,20260724T032334Z-aca5bed4,ablation,synthetic_ablation,datasets/synthetic/random/s0000065536_n000p000_seed1297748005.bin,s0000065536_n000p000_seed1297748005.bin,CC0-1.0,python/mathzip_bench/synthetic.py and datasets/synthetic/manifest.json,datasets/synthetic/manifest.json,788cc7e3e85003e88d7c4f21698a72edc5348641fc93c7e57ec681c85e2f147e,true,9e4d8d3305ce218314fdc3746942be9b9f0df4e3f1673227fcd510319189dbdc,7.997385715086543,65536,ablation-05-adaptive-constant,mathzip,balanced,05 adaptive segmentation + constant,1,ok,,3,3,65692,0.9976252816172441,-0.00238037109375,-0.238037109375,8.01904296875,0.238037109375,0.05083207999996375,0.0057152200024574995,1.2892645746553502,11.466925152806022,0.050001999999949476,0.004949000000124215,3948544.0,true,true,4244eaf9c9367d55713d9f90fe9a95e9e8c636ec3ce1d5d1f26a3f1bc5aae922,9e4d8d3305ce218314fdc3746942be9b9f0df4e3f1673227fcd510319189dbdc,"[{""type"":""identity""}]",1,65536.0,65536.0,"{""raw"":1}","{""raw"":1}",0,36,65536,120,100.0,100.0,7.997385715086538,65536,0,0,0.00294492,0.001145978,0.042113617,"[""'<repo>/target/release/mathzip' compress --mode balanced --max-input-bytes 8589934592 --no-sync --force --models raw,constant --transforms identity --segmentation adaptive '<repo>/datasets/synthetic/random/s0000065536_n000p000_seed1297748005.bin' '<work>/archive.mz'"",""'<repo>/target/release/mathzip' compress --mode balanced --max-input-bytes 8589934592 --no-sync --force --models raw,constant --transforms identity --segmentation adaptive --metrics-output '<work>/metrics-probe.mz.metrics.json' '<repo>/datasets/synthetic/random/s0000065536_n000p000_seed1297748005.bin' '<work>/metrics-probe.mz'"",""'<repo>/target/release/mathzip' decompress --max-archive-bytes 17179869184 --max-output-bytes 8589934592 --max-segments 8388608 --no-sync --force '<work>/archive.mz' '<work>/restored.bin'""]","{""family"":""random"",""noise_density"":0.0,""seed"":1297748005,""size_requested"":65536}"
mathzip-benchmark-results-v1,20260724T032334Z-aca5bed4,ablation,synthetic_ablation,datasets/synthetic/random/s0000065536_n000p000_seed1297748005.bin,s0000065536_n000p000_seed1297748005.bin,CC0-1.0,python/mathzip_bench/synthetic.py and datasets/synthetic/manifest.json,datasets/synthetic/manifest.json,788cc7e3e85003e88d7c4f21698a72edc5348641fc93c7e57ec681c85e2f147e,true,9e4d8d3305ce218314fdc3746942be9b9f0df4e3f1673227fcd510319189dbdc,7.997385715086543,65536,ablation-06-adaptive-linear,mathzip,balanced,06 adaptive + constant/linear,1,ok,,3,3,65692,0.9976252816172441,-0.00238037109375,-0.238037109375,8.01904296875,0.238037109375,0.10965690999728395,0.005682187002093997,0.5976458756828296,11.533587327528767,0.10761100000036095,0.004985999999917112,3915776.0,true,true,4244eaf9c9367d55713d9f90fe9a95e9e8c636ec3ce1d5d1f26a3f1bc5aae922,9e4d8d3305ce218314fdc3746942be9b9f0df4e3f1673227fcd510319189dbdc,"[{""type"":""identity""}]",1,65536.0,65536.0,"{""raw"":1}","{""raw"":1}",0,36,65536,120,100.0,100.0,7.997385715086538,65536,0,0,0.003083301,0.003421552,0.097527452,"[""'<repo>/target/release/mathzip' compress --mode balanced --max-input-bytes 8589934592 --no-sync --force --models raw,constant,affine --transforms identity --segmentation adaptive '<repo>/datasets/synthetic/random/s0000065536_n000p000_seed1297748005.bin' '<work>/archive.mz'"",""'<repo>/target/release/mathzip' compress --mode balanced --max-input-bytes 8589934592 --no-sync --force --models raw,constant,affine --transforms identity --segmentation adaptive --metrics-output '<work>/metrics-probe.mz.metrics.json' '<repo>/datasets/synthetic/random/s0000065536_n000p000_seed1297748005.bin' '<work>/metrics-probe.mz'"",""'<repo>/target/release/mathzip' decompress --max-archive-bytes 17179869184 --max-output-bytes 8589934592 --max-segments 8388608 --no-sync --force '<work>/archive.mz' '<work>/restored.bin'""]","{""family"":""random"",""noise_density"":0.0,""seed"":1297748005,""size_requested"":65536}"
mathzip-benchmark-results-v1,20260724T032334Z-aca5bed4,ablation,synthetic_ablation,datasets/synthetic/random/s0000065536_n000p000_seed1297748005.bin,s0000065536_n000p000_seed1297748005.bin,CC0-1.0,python/mathzip_bench/synthetic.py and datasets/synthetic/manifest.json,datasets/synthetic/manifest.json,788cc7e3e85003e88d7c4f21698a72edc5348641fc93c7e57ec681c85e2f147e,true,9e4d8d3305ce218314fdc3746942be9b9f0df4e3f1673227fcd510319189dbdc,7.997385715086543,65536,ablation-07-add-polynomial,mathzip,balanced,07 add polynomial,1,ok,,3,3,65692,0.9976252816172441,-0.00238037109375,-0.238037109375,8.01904296875,0.238037109375,0.20233432699751575,0.008217212998715695,0.32389956253347285,7.975453479207964,0.19908899999973073,0.0052370000012160745,3989504.0,true,true,4244eaf9c9367d55713d9f90fe9a95e9e8c636ec3ce1d5d1f26a3f1bc5aae922,9e4d8d3305ce218314fdc3746942be9b9f0df4e3f1673227fcd510319189dbdc,"[{""type"":""identity""}]",1,65536.0,65536.0,"{""raw"":1}","{""raw"":1}",0,36,65536,120,100.0,100.0,7.997385715086538,65536,0,0,0.00325135,0.003356922,0.188855345,"[""'<repo>/target/release/mathzip' compress --mode balanced --max-input-bytes 8589934592 --no-sync --force --models raw,constant,affine,polynomial --transforms identity --segmentation adaptive '<repo>/datasets/synthetic/random/s0000065536_n000p000_seed1297748005.bin' '<work>/archive.mz'"",""'<repo>/target/release/mathzip' compress --mode balanced --max-input-bytes 8589934592 --no-sync --force --models raw,constant,affine,polynomial --transforms identity --segmentation adaptive --metrics-output '<work>/metrics-probe.mz.metrics.json' '<repo>/datasets/synthetic/random/s0000065536_n000p000_seed1297748005.bin' '<work>/metrics-probe.mz'"",""'<repo>/target/release/mathzip' decompress --max-archive-bytes 17179869184 --max-output-bytes 8589934592 --max-segments 8388608 --no-sync --force '<work>/archive.mz' '<work>/restored.bin'""]","{""family"":""random"",""noise_density"":0.0,""seed"":1297748005,""size_requested"":65536}"
mathzip-benchmark-results-v1,20260724T032334Z-aca5bed4,ablation,synthetic_ablation,datasets/synthetic/random/s0000065536_n000p000_seed1297748005.bin,s0000065536_n000p000_seed1297748005.bin,CC0-1.0,python/mathzip_bench/synthetic.py and datasets/synthetic/manifest.json,datasets/synthetic/manifest.json,788cc7e3e85003e88d7c4f21698a72edc5348641fc93c7e57ec681c85e2f147e,true,9e4d8d3305ce218314fdc3746942be9b9f0df4e3f1673227fcd510319189dbdc,7.997385715086543,65536,ablation-08-add-periodic,mathzip,balanced,08 add periodic,1,ok,,3,3,65692,0.9976252816172441,-0.00238037109375,-0.238037109375,8.01904296875,0.238037109375,0.35529617899737787,0.006396789998689201,0.18445455896806495,10.24513857941707,0.3529529999996157,0.004938000000947795,3977216.0,true,true,4244eaf9c9367d55713d9f90fe9a95e9e8c636ec3ce1d5d1f26a3f1bc5aae922,9e4d8d3305ce218314fdc3746942be9b9f0df4e3f1673227fcd510319189dbdc,"[{""type"":""identity""}]",1,65536.0,65536.0,"{""raw"":1}","{""raw"":1}",0,36,65536,120,100.0,100.0,7.997385715086538,65536,0,0,0.003376499,0.023631551,0.319523472,"[""'<repo>/target/release/mathzip' compress --mode balanced --max-input-bytes 8589934592 --no-sync --force --models raw,constant,affine,polynomial,periodic --transforms identity --segmentation adaptive '<repo>/datasets/synthetic/random/s0000065536_n000p000_seed1297748005.bin' '<work>/archive.mz'"",""'<repo>/target/release/mathzip' compress --mode balanced --max-input-bytes 8589934592 --no-sync --force --models raw,constant,affine,polynomial,periodic --transforms identity --segmentation adaptive --metrics-output '<work>/metrics-probe.mz.metrics.json' '<repo>/datasets/synthetic/random/s0000065536_n000p000_seed1297748005.bin' '<work>/metrics-probe.mz'"",""'<repo>/target/release/mathzip' decompress --max-archive-bytes 17179869184 --max-output-bytes 8589934592 --max-segments 8388608 --no-sync --force '<work>/archive.mz' '<work>/restored.bin'""]","{""family"":""random"",""noise_density"":0.0,""seed"":1297748005,""size_requested"":65536}"
mathzip-benchmark-results-v1,20260724T032334Z-aca5bed4,ablation,synthetic_ablation,datasets/synthetic/random/s0000065536_n000p000_seed1297748005.bin,s0000065536_n000p000_seed1297748005.bin,CC0-1.0,python/mathzip_bench/synthetic.py and datasets/synthetic/manifest.json,datasets/synthetic/manifest.json,788cc7e3e85003e88d7c4f21698a72edc5348641fc93c7e57ec681c85e2f147e,true,9e4d8d3305ce218314fdc3746942be9b9f0df4e3f1673227fcd510319189dbdc,7.997385715086543,65536,ablation-09-add-recurrence,mathzip,balanced,09 add recurrence,1,ok,,3,3,65692,0.9976252816172441,-0.00238037109375,-0.238037109375,8.01904296875,0.238037109375,0.5624079059998621,0.006213328997546341,0.11652752264121988,10.547646845335299,0.5613950000006298,0.004864999999881547,3964928.0,true,true,4244eaf9c9367d55713d9f90fe9a95e9e8c636ec3ce1d5d1f26a3f1bc5aae922,9e4d8d3305ce218314fdc3746942be9b9f0df4e3f1673227fcd510319189dbdc,"[{""type"":""identity""}]",1,65536.0,65536.0,"{""raw"":1}","{""raw"":1}",0,36,65536,120,100.0,100.0,7.997385715086538,65536,0,0,0.003828087,0.024106372,0.531581291,"[""'<repo>/target/release/mathzip' compress --mode balanced --max-input-bytes 8589934592 --no-sync --force --models raw,constant,affine,polynomial,periodic,recurrence --transforms identity --segmentation adaptive '<repo>/datasets/synthetic/random/s0000065536_n000p000_seed1297748005.bin' '<work>/archive.mz'"",""'<repo>/target/release/mathzip' compress --mode balanced --max-input-bytes 8589934592 --no-sync --force --models raw,constant,affine,polynomial,periodic,recurrence --transforms identity --segmentation adaptive --metrics-output '<work>/metrics-probe.mz.metrics.json' '<repo>/datasets/synthetic/random/s0000065536_n000p000_seed1297748005.bin' '<work>/metrics-probe.mz'"",""'<repo>/target/release/mathzip' decompress --max-archive-bytes 17179869184 --max-output-bytes 8589934592 --max-segments 8388608 --no-sync --force '<work>/archive.mz' '<work>/restored.bin'""]","{""family"":""random"",""noise_density"":0.0,""seed"":1297748005,""size_requested"":65536}"
mathzip-benchmark-results-v1,20260724T032334Z-aca5bed4,ablation,synthetic_ablation,datasets/synthetic/random/s0000065536_n000p000_seed1297748005.bin,s0000065536_n000p000_seed1297748005.bin,CC0-1.0,python/mathzip_bench/synthetic.py and datasets/synthetic/manifest.json,datasets/synthetic/manifest.json,788cc7e3e85003e88d7c4f21698a72edc5348641fc93c7e57ec681c85e2f147e,true,9e4d8d3305ce218314fdc3746942be9b9f0df4e3f1673227fcd510319189dbdc,7.997385715086543,65536,ablation-10-add-bit-plane,mathzip,balanced,10 add bit-plane,1,ok,,3,3,65692,0.9976252816172441,-0.00238037109375,-0.238037109375,8.01904296875,0.238037109375,1.1223105419994681,0.005538279001484625,0.058393820201709426,11.833278890867003,1.1206749999992098,0.004886999999143882,3997696.0,true,true,4244eaf9c9367d55713d9f90fe9a95e9e8c636ec3ce1d5d1f26a3f1bc5aae922,9e4d8d3305ce218314fdc3746942be9b9f0df4e3f1673227fcd510319189dbdc,"[{""type"":""identity""}]",1,65536.0,65536.0,"{""raw"":1}","{""raw"":1}",0,36,65536,120,100.0,100.0,7.997385715086538,65536,0,0,0.007975982,0.047717718,1.059942076,"[""'<repo>/target/release/mathzip' compress --mode balanced --max-input-bytes 8589934592 --no-sync --force --models raw,constant,affine,polynomial,periodic,recurrence --transforms identity,bit-plane --segmentation adaptive '<repo>/datasets/synthetic/random/s0000065536_n000p000_seed1297748005.bin' '<work>/archive.mz'"",""'<repo>/target/release/mathzip' compress --mode balanced --max-input-bytes 8589934592 --no-sync --force --models raw,constant,affine,polynomial,periodic,recurrence --transforms identity,bit-plane --segmentation adaptive --metrics-output '<work>/metrics-probe.mz.metrics.json' '<repo>/datasets/synthetic/random/s0000065536_n000p000_seed1297748005.bin' '<work>/metrics-probe.mz'"",""'<repo>/target/release/mathzip' decompress --max-archive-bytes 17179869184 --max-output-bytes 8589934592 --max-segments 8388608 --no-sync --force '<work>/archive.mz' '<work>/restored.bin'""]","{""family"":""random"",""noise_density"":0.0,""seed"":1297748005,""size_requested"":65536}"
mathzip-benchmark-results-v1,20260724T032334Z-aca5bed4,ablation,synthetic_ablation,datasets/synthetic/random/s0000065536_n000p000_seed1297748005.bin,s0000065536_n000p000_seed1297748005.bin,CC0-1.0,python/mathzip_bench/synthetic.py and datasets/synthetic/manifest.json,datasets/synthetic/manifest.json,788cc7e3e85003e88d7c4f21698a72edc5348641fc93c7e57ec681c85e2f147e,true,9e4d8d3305ce218314fdc3746942be9b9f0df4e3f1673227fcd510319189dbdc,7.997385715086543,65536,ablation-11-add-stride,mathzip,balanced,11 add stride transpose,1,ok,,3,3,65692,0.9976252816172441,-0.00238037109375,-0.238037109375,8.01904296875,0.238037109375,3.947169956001744,0.005416149993834551,0.016603288110346327,12.10010802407662,3.916266000000178,0.0046910000000934815,4026368.0,true,true,4244eaf9c9367d55713d9f90fe9a95e9e8c636ec3ce1d5d1f26a3f1bc5aae922,9e4d8d3305ce218314fdc3746942be9b9f0df4e3f1673227fcd510319189dbdc,"[{""type"":""identity""}]",1,65536.0,65536.0,"{""raw"":1}","{""raw"":1}",0,36,65536,120,100.0,100.0,7.997385715086538,65536,0,0,0.021316503,0.16795014,3.768178658,"[""'<repo>/target/release/mathzip' compress --mode balanced --max-input-bytes 8589934592 --no-sync --force --models raw,constant,affine,polynomial,periodic,recurrence --transforms identity,bit-plane,stride --segmentation adaptive '<repo>/datasets/synthetic/random/s0000065536_n000p000_seed1297748005.bin' '<work>/archive.mz'"",""'<repo>/target/release/mathzip' compress --mode balanced --max-input-bytes 8589934592 --no-sync --force --models raw,constant,affine,polynomial,periodic,recurrence --transforms identity,bit-plane,stride --segmentation adaptive --metrics-output '<work>/metrics-probe.mz.metrics.json' '<repo>/datasets/synthetic/random/s0000065536_n000p000_seed1297748005.bin' '<work>/metrics-probe.mz'"",""'<repo>/target/release/mathzip' decompress --max-archive-bytes 17179869184 --max-output-bytes 8589934592 --max-segments 8388608 --no-sync --force '<work>/archive.mz' '<work>/restored.bin'""]","{""family"":""random"",""noise_density"":0.0,""seed"":1297748005,""size_requested"":65536}"
mathzip-benchmark-results-v1,20260724T032334Z-aca5bed4,ablation,synthetic_ablation,datasets/synthetic/random/s0000065536_n000p000_seed1297748005.bin,s0000065536_n000p000_seed1297748005.bin,CC0-1.0,python/mathzip_bench/synthetic.py and datasets/synthetic/manifest.json,datasets/synthetic/manifest.json,788cc7e3e85003e88d7c4f21698a72edc5348641fc93c7e57ec681c85e2f147e,true,9e4d8d3305ce218314fdc3746942be9b9f0df4e3f1673227fcd510319189dbdc,7.997385715086543,65536,ablation-12-add-copy,mathzip,balanced,12 add copy/reference,1,ok,,3,3,65692,0.9976252816172441,-0.00238037109375,-0.238037109375,8.01904296875,0.238037109375,3.9444711319956696,0.006276787993556354,0.016614648151029223,10.441009010863224,3.93013400000018,0.00482200000078592,4014080.0,true,true,4244eaf9c9367d55713d9f90fe9a95e9e8c636ec3ce1d5d1f26a3f1bc5aae922,9e4d8d3305ce218314fdc3746942be9b9f0df4e3f1673227fcd510319189dbdc,"[{""type"":""identity""}]",1,65536.0,65536.0,"{""raw"":1}","{""raw"":1}",0,36,65536,120,100.0,100.0,7.997385715086538,65536,0,0,0.020771272,0.167030888,3.760934948,"[""'<repo>/target/release/mathzip' compress --mode balanced --max-input-bytes 8589934592 --no-sync --force --models raw,constant,affine,polynomial,periodic,recurrence,copy --transforms identity,bit-plane,stride --segmentation adaptive '<repo>/datasets/synthetic/random/s0000065536_n000p000_seed1297748005.bin' '<work>/archive.mz'"",""'<repo>/target/release/mathzip' compress --mode balanced --max-input-bytes 8589934592 --no-sync --force --models raw,constant,affine,polynomial,periodic,recurrence,copy --transforms identity,bit-plane,stride --segmentation adaptive --metrics-output '<work>/metrics-probe.mz.metrics.json' '<repo>/datasets/synthetic/random/s0000065536_n000p000_seed1297748005.bin' '<work>/metrics-probe.mz'"",""'<repo>/target/release/mathzip' decompress --max-archive-bytes 17179869184 --max-output-bytes 8589934592 --max-segments 8388608 --no-sync --force '<work>/archive.mz' '<work>/restored.bin'""]","{""family"":""random"",""noise_density"":0.0,""seed"":1297748005,""size_requested"":65536}"
mathzip-benchmark-results-v1,20260724T032334Z-aca5bed4,ablation,synthetic_ablation,datasets/synthetic/random/s0000065536_n000p000_seed1297748005.bin,s0000065536_n000p000_seed1297748005.bin,CC0-1.0,python/mathzip_bench/synthetic.py and datasets/synthetic/manifest.json,datasets/synthetic/manifest.json,788cc7e3e85003e88d7c4f21698a72edc5348641fc93c7e57ec681c85e2f147e,true,9e4d8d3305ce218314fdc3746942be9b9f0df4e3f1673227fcd510319189dbdc,7.997385715086543,65536,ablation-13-custom-residual,mathzip,balanced,13 custom residual coders,1,ok,,3,3,65692,0.9976252816172441,-0.00238037109375,-0.238037109375,8.01904296875,0.238037109375,6.495099296000262,0.0059566240015556104,0.010090068990994122,11.002205273135395,6.424643000000287,0.0049450000005890615,4513792.0,true,true,4244eaf9c9367d55713d9f90fe9a95e9e8c636ec3ce1d5d1f26a3f1bc5aae922,9e4d8d3305ce218314fdc3746942be9b9f0df4e3f1673227fcd510319189dbdc,"[{""type"":""identity""}]",1,65536.0,65536.0,"{""raw"":1}","{""raw"":1}",0,36,65536,120,100.0,100.0,7.997385715086538,65536,0,0,0.026137216,0.334312922,6.114810035,"[""'<repo>/target/release/mathzip' compress --mode balanced --max-input-bytes 8589934592 --no-sync --force --residual-coders raw,rle,zero-run,sparse,bit-pack '<repo>/datasets/synthetic/random/s0000065536_n000p000_seed1297748005.bin' '<work>/archive.mz'"",""'<repo>/target/release/mathzip' compress --mode balanced --max-input-bytes 8589934592 --no-sync --force --residual-coders raw,rle,zero-run,sparse,bit-pack --metrics-output '<work>/metrics-probe.mz.metrics.json' '<repo>/datasets/synthetic/random/s0000065536_n000p000_seed1297748005.bin' '<work>/metrics-probe.mz'"",""'<repo>/target/release/mathzip' decompress --max-archive-bytes 17179869184 --max-output-bytes 8589934592 --max-segments 8388608 --no-sync --force '<work>/archive.mz' '<work>/restored.bin'""]","{""family"":""random"",""noise_density"":0.0,""seed"":1297748005,""size_requested"":65536}"
mathzip-benchmark-results-v1,20260724T032334Z-aca5bed4,ablation,synthetic_ablation,datasets/synthetic/random/s0000065536_n000p000_seed1297748005.bin,s0000065536_n000p000_seed1297748005.bin,CC0-1.0,python/mathzip_bench/synthetic.py and datasets/synthetic/manifest.json,datasets/synthetic/manifest.json,788cc7e3e85003e88d7c4f21698a72edc5348641fc93c7e57ec681c85e2f147e,true,9e4d8d3305ce218314fdc3746942be9b9f0df4e3f1673227fcd510319189dbdc,7.997385715086543,65536,ablation-14-zstd-residual,mathzip,balanced,14 mathematical models + Zstd residual,1,ok,,3,3,65692,0.9976252816172441,-0.00238037109375,-0.238037109375,8.01904296875,0.238037109375,3.672344657003123,0.007008063999819569,0.017845819529771947,9.351512771813628,3.6706109999995533,0.005055999999967753,4882432.0,true,true,4244eaf9c9367d55713d9f90fe9a95e9e8c636ec3ce1d5d1f26a3f1bc5aae922,9e4d8d3305ce218314fdc3746942be9b9f0df4e3f1673227fcd510319189dbdc,"[{""type"":""identity""}]",1,65536.0,65536.0,"{""raw"":1}","{""raw"":1}",0,36,65536,120,100.0,100.0,7.997385715086538,65536,0,0,0.026521216,0.329956727,3.284677952,"[""'<repo>/target/release/mathzip' compress --mode balanced --max-input-bytes 8589934592 --no-sync --force --models constant,affine,polynomial,periodic,recurrence,piecewise-linear,run,sparse --residual-coders zstd --no-copy-model '<repo>/datasets/synthetic/random/s0000065536_n000p000_seed1297748005.bin' '<work>/archive.mz'"",""'<repo>/target/release/mathzip' compress --mode balanced --max-input-bytes 8589934592 --no-sync --force --models constant,affine,polynomial,periodic,recurrence,piecewise-linear,run,sparse --residual-coders zstd --no-copy-model --metrics-output '<work>/metrics-probe.mz.metrics.json' '<repo>/datasets/synthetic/random/s0000065536_n000p000_seed1297748005.bin' '<work>/metrics-probe.mz'"",""'<repo>/target/release/mathzip' decompress --max-archive-bytes 17179869184 --max-output-bytes 8589934592 --max-segments 8388608 --no-sync --force '<work>/archive.mz' '<work>/restored.bin'""]","{""family"":""random"",""noise_density"":0.0,""seed"":1297748005,""size_requested"":65536}"
mathzip-benchmark-results-v1,20260724T032334Z-aca5bed4,ablation,synthetic_ablation,datasets/synthetic/random/s0000065536_n000p000_seed1297748005.bin,s0000065536_n000p000_seed1297748005.bin,CC0-1.0,python/mathzip_bench/synthetic.py and datasets/synthetic/manifest.json,datasets/synthetic/manifest.json,788cc7e3e85003e88d7c4f21698a72edc5348641fc93c7e57ec681c85e2f147e,true,9e4d8d3305ce218314fdc3746942be9b9f0df4e3f1673227fcd510319189dbdc,7.997385715086543,65536,ablation-15-no-transform,mathzip,balanced,15 identity transform only,1,ok,,3,3,65692,0.9976252816172441,-0.00238037109375,-0.238037109375,8.01904296875,0.238037109375,0.7265911280046566,0.00639570700150216,0.09019653209910923,10.24687340814824,0.7176809999982652,0.004806000000826316,4415488.0,true,true,4244eaf9c9367d55713d9f90fe9a95e9e8c636ec3ce1d5d1f26a3f1bc5aae922,9e4d8d3305ce218314fdc3746942be9b9f0df4e3f1673227fcd510319189dbdc,"[{""type"":""identity""}]",1,65536.0,65536.0,"{""raw"":1}","{""raw"":1}",0,36,65536,120,100.0,100.0,7.997385715086538,65536,0,0,0.003800572,0.038814676,0.681770329,"[""'<repo>/target/release/mathzip' compress --mode balanced --max-input-bytes 8589934592 --no-sync --force --transforms identity '<repo>/datasets/synthetic/random/s0000065536_n000p000_seed1297748005.bin' '<work>/archive.mz'"",""'<repo>/target/release/mathzip' compress --mode balanced --max-input-bytes 8589934592 --no-sync --force --transforms identity --metrics-output '<work>/metrics-probe.mz.metrics.json' '<repo>/datasets/synthetic/random/s0000065536_n000p000_seed1297748005.bin' '<work>/metrics-probe.mz'"",""'<repo>/target/release/mathzip' decompress --max-archive-bytes 17179869184 --max-output-bytes 8589934592 --max-segments 8388608 --no-sync --force '<work>/archive.mz' '<work>/restored.bin'""]","{""family"":""random"",""noise_density"":0.0,""seed"":1297748005,""size_requested"":65536}"
mathzip-benchmark-results-v1,20260724T032334Z-aca5bed4,ablation,synthetic_ablation,datasets/synthetic/random/s0000065536_n000p000_seed1297748005.bin,s0000065536_n000p000_seed1297748005.bin,CC0-1.0,python/mathzip_bench/synthetic.py and datasets/synthetic/manifest.json,datasets/synthetic/manifest.json,788cc7e3e85003e88d7c4f21698a72edc5348641fc93c7e57ec681c85e2f147e,true,9e4d8d3305ce218314fdc3746942be9b9f0df4e3f1673227fcd510319189dbdc,7.997385715086543,65536,ablation-16-no-adaptive-partition,mathzip,balanced,16 fixed partition,1,ok,,3,3,65692,0.9976252816172441,-0.00238037109375,-0.238037109375,8.01904296875,0.238037109375,0.29647195400320925,0.005606787002761848,0.22105294991677554,11.688690861221874,0.29271200000039244,0.004786999999851105,3751936.0,true,true,4244eaf9c9367d55713d9f90fe9a95e9e8c636ec3ce1d5d1f26a3f1bc5aae922,9e4d8d3305ce218314fdc3746942be9b9f0df4e3f1673227fcd510319189dbdc,"[{""type"":""identity""}]",1,65536.0,65536.0,"{""raw"":1}","{""raw"":1}",0,36,65536,120,100.0,100.0,7.997385715086538,65536,0,0,0.015006618,0.036025334,0.24057863,"[""'<repo>/target/release/mathzip' compress --mode balanced --max-input-bytes 8589934592 --no-sync --force --segmentation fixed --segment-size 4096 '<repo>/datasets/synthetic/random/s0000065536_n000p000_seed1297748005.bin' '<work>/archive.mz'"",""'<repo>/target/release/mathzip' compress --mode balanced --max-input-bytes 8589934592 --no-sync --force --segmentation fixed --segment-size 4096 --metrics-output '<work>/metrics-probe.mz.metrics.json' '<repo>/datasets/synthetic/random/s0000065536_n000p000_seed1297748005.bin' '<work>/metrics-probe.mz'"",""'<repo>/target/release/mathzip' decompress --max-archive-bytes 17179869184 --max-output-bytes 8589934592 --max-segments 8388608 --no-sync --force '<work>/archive.mz' '<work>/restored.bin'""]","{""family"":""random"",""noise_density"":0.0,""seed"":1297748005,""size_requested"":65536}"
mathzip-benchmark-results-v1,20260724T032334Z-aca5bed4,ablation,synthetic_ablation,datasets/synthetic/random/s0000065536_n000p000_seed1297748005.bin,s0000065536_n000p000_seed1297748005.bin,CC0-1.0,python/mathzip_bench/synthetic.py and datasets/synthetic/manifest.json,datasets/synthetic/manifest.json,788cc7e3e85003e88d7c4f21698a72edc5348641fc93c7e57ec681c85e2f147e,true,9e4d8d3305ce218314fdc3746942be9b9f0df4e3f1673227fcd510319189dbdc,7.997385715086543,65536,ablation-17-no-raw-fallback,mathzip,balanced,17 no raw fallback,1,ok,,3,3,65730,0.9970485318728131,-0.002960205078125,-0.2960205078125,8.023681640625,0.2960205078125,6.310429051001847,0.005434260994661599,0.010385347726807175,12.059781461431452,6.280194000000847,0.00473499999861815,4464640.0,true,true,04c12c44630a49011b4a43be12abec390496883544c3958257fdd431a69be2d1,9e4d8d3305ce218314fdc3746942be9b9f0df4e3f1673227fcd510319189dbdc,"[{""type"":""identity""}]",2,32768.0,32768.0,"{""constant"":2}","{""raw"":2}",2,72,65536,120,0.0,0.0,7.997543881305784,65536,0,2,0.025186252,0.337542352,5.941118475,"[""'<repo>/target/release/mathzip' compress --mode balanced --max-input-bytes 8589934592 --no-sync --force --no-raw-fallback --models constant,affine,polynomial,periodic,recurrence,piecewise-linear,run,sparse,copy '<repo>/datasets/synthetic/random/s0000065536_n000p000_seed1297748005.bin' '<work>/archive.mz'"",""'<repo>/target/release/mathzip' compress --mode balanced --max-input-bytes 8589934592 --no-sync --force --no-raw-fallback --models constant,affine,polynomial,periodic,recurrence,piecewise-linear,run,sparse,copy --metrics-output '<work>/metrics-probe.mz.metrics.json' '<repo>/datasets/synthetic/random/s0000065536_n000p000_seed1297748005.bin' '<work>/metrics-probe.mz'"",""'<repo>/target/release/mathzip' decompress --max-archive-bytes 17179869184 --max-output-bytes 8589934592 --max-segments 8388608 --no-sync --force '<work>/archive.mz' '<work>/restored.bin'""]","{""family"":""random"",""noise_density"":0.0,""seed"":1297748005,""size_requested"":65536}"
mathzip-benchmark-results-v1,20260724T032334Z-aca5bed4,ablation,synthetic_ablation,datasets/synthetic/random/s0000065536_n000p000_seed1297748005.bin,s0000065536_n000p000_seed1297748005.bin,CC0-1.0,python/mathzip_bench/synthetic.py and datasets/synthetic/manifest.json,datasets/synthetic/manifest.json,788cc7e3e85003e88d7c4f21698a72edc5348641fc93c7e57ec681c85e2f147e,true,9e4d8d3305ce218314fdc3746942be9b9f0df4e3f1673227fcd510319189dbdc,7.997385715086543,65536,ablation-18-fast,mathzip,fast,18 fast mode,1,ok,,3,3,65692,0.9976252816172441,-0.00238037109375,-0.238037109375,8.01904296875,0.238037109375,0.04078140499768779,0.005729803000576794,1.607006919053322,11.437740528496839,0.04007799999999406,0.0050159999991592485,3801088.0,true,true,4244eaf9c9367d55713d9f90fe9a95e9e8c636ec3ce1d5d1f26a3f1bc5aae922,9e4d8d3305ce218314fdc3746942be9b9f0df4e3f1673227fcd510319189dbdc,"[{""type"":""identity""}]",1,65536.0,65536.0,"{""raw"":1}","{""raw"":1}",0,36,65536,120,100.0,100.0,7.997385715086538,65536,0,0,0.004795897,0.000744092,0.030659761,"[""'<repo>/target/release/mathzip' compress --mode fast --max-input-bytes 8589934592 --no-sync --force '<repo>/datasets/synthetic/random/s0000065536_n000p000_seed1297748005.bin' '<work>/archive.mz'"",""'<repo>/target/release/mathzip' compress --mode fast --max-input-bytes 8589934592 --no-sync --force --metrics-output '<work>/metrics-probe.mz.metrics.json' '<repo>/datasets/synthetic/random/s0000065536_n000p000_seed1297748005.bin' '<work>/metrics-probe.mz'"",""'<repo>/target/release/mathzip' decompress --max-archive-bytes 17179869184 --max-output-bytes 8589934592 --max-segments 8388608 --no-sync --force '<work>/archive.mz' '<work>/restored.bin'""]","{""family"":""random"",""noise_density"":0.0,""seed"":1297748005,""size_requested"":65536}"
mathzip-benchmark-results-v1,20260724T032334Z-aca5bed4,ablation,synthetic_ablation,datasets/synthetic/random/s0000065536_n000p000_seed1297748005.bin,s0000065536_n000p000_seed1297748005.bin,CC0-1.0,python/mathzip_bench/synthetic.py and datasets/synthetic/manifest.json,datasets/synthetic/manifest.json,788cc7e3e85003e88d7c4f21698a72edc5348641fc93c7e57ec681c85e2f147e,true,9e4d8d3305ce218314fdc3746942be9b9f0df4e3f1673227fcd510319189dbdc,7.997385715086543,65536,ablation-19-balanced,mathzip,balanced,19 balanced mode,1,ok,,3,3,65692,0.9976252816172441,-0.00238037109375,-0.238037109375,8.01904296875,0.238037109375,6.454280343998107,0.006609174997720402,0.010153881843843754,9.915912352540868,6.449806999999055,0.004785999999512569,4505600.0,true,true,4244eaf9c9367d55713d9f90fe9a95e9e8c636ec3ce1d5d1f26a3f1bc5aae922,9e4d8d3305ce218314fdc3746942be9b9f0df4e3f1673227fcd510319189dbdc,"[{""type"":""identity""}]",1,65536.0,65536.0,"{""raw"":1}","{""raw"":1}",0,36,65536,120,100.0,100.0,7.997385715086538,65536,0,0,0.026016254,0.331068111,6.098024184,"[""'<repo>/target/release/mathzip' compress --mode balanced --max-input-bytes 8589934592 --no-sync --force '<repo>/datasets/synthetic/random/s0000065536_n000p000_seed1297748005.bin' '<work>/archive.mz'"",""'<repo>/target/release/mathzip' compress --mode balanced --max-input-bytes 8589934592 --no-sync --force --metrics-output '<work>/metrics-probe.mz.metrics.json' '<repo>/datasets/synthetic/random/s0000065536_n000p000_seed1297748005.bin' '<work>/metrics-probe.mz'"",""'<repo>/target/release/mathzip' decompress --max-archive-bytes 17179869184 --max-output-bytes 8589934592 --max-segments 8388608 --no-sync --force '<work>/archive.mz' '<work>/restored.bin'""]","{""family"":""random"",""noise_density"":0.0,""seed"":1297748005,""size_requested"":65536}"
mathzip-benchmark-results-v1,20260724T032334Z-aca5bed4,ablation,synthetic_ablation,datasets/synthetic/random/s0000065536_n000p000_seed1297748005.bin,s0000065536_n000p000_seed1297748005.bin,CC0-1.0,python/mathzip_bench/synthetic.py and datasets/synthetic/manifest.json,datasets/synthetic/manifest.json,788cc7e3e85003e88d7c4f21698a72edc5348641fc93c7e57ec681c85e2f147e,true,9e4d8d3305ce218314fdc3746942be9b9f0df4e3f1673227fcd510319189dbdc,7.997385715086543,65536,ablation-20-max,mathzip,max,20 max mode,1,ok,,3,3,65692,0.9976252816172441,-0.00238037109375,-0.238037109375,8.01904296875,0.238037109375,263.5619978199975,0.005781498002761509,0.00024865496749177973,11.335470490294556,263.1537739999985,0.004851999998209067,5189632.0,true,true,4244eaf9c9367d55713d9f90fe9a95e9e8c636ec3ce1d5d1f26a3f1bc5aae922,9e4d8d3305ce218314fdc3746942be9b9f0df4e3f1673227fcd510319189dbdc,"[{""type"":""identity""}]",1,65536.0,65536.0,"{""raw"":1}","{""raw"":1}",0,36,65536,120,100.0,100.0,7.997385715086538,65536,0,0,0.778980444,136.317808252,127.243708322,"[""'<repo>/target/release/mathzip' compress --mode max --max-input-bytes 8589934592 --no-sync --force '<repo>/datasets/synthetic/random/s0000065536_n000p000_seed1297748005.bin' '<work>/archive.mz'"",""'<repo>/target/release/mathzip' compress --mode max --max-input-bytes 8589934592 --no-sync --force --metrics-output '<work>/metrics-probe.mz.metrics.json' '<repo>/datasets/synthetic/random/s0000065536_n000p000_seed1297748005.bin' '<work>/metrics-probe.mz'"",""'<repo>/target/release/mathzip' decompress --max-archive-bytes 17179869184 --max-output-bytes 8589934592 --max-segments 8388608 --no-sync --force '<work>/archive.mz' '<work>/restored.bin'""]","{""family"":""random"",""noise_density"":0.0,""seed"":1297748005,""size_requested"":65536}"
mathzip-benchmark-results-v1,20260724T032334Z-aca5bed4,ablation,synthetic_ablation,datasets/synthetic/random/s0000065536_n000p000_seed1297748005.bin,s0000065536_n000p000_seed1297748005.bin,CC0-1.0,python/mathzip_bench/synthetic.py and datasets/synthetic/manifest.json,datasets/synthetic/manifest.json,788cc7e3e85003e88d7c4f21698a72edc5348641fc93c7e57ec681c85e2f147e,true,9e4d8d3305ce218314fdc3746942be9b9f0df4e3f1673227fcd510319189dbdc,7.997385715086543,65536,zstd-default,zstd,default,,1,ok,,3,3,65550,0.9997864225781846,-0.000213623046875,-0.0213623046875,8.001708984375,0.0213623046875,0.005473036995681468,0.004647693996957969,11.974338936811785,14.100756212197906,0.004869000000326196,0.004063000000314787,360448.0,true,true,97155beee33ca332af86643fc5f276dd42156acf37f326ec9319620f9ed43ffc,9e4d8d3305ce218314fdc3746942be9b9f0df4e3f1673227fcd510319189dbdc,,,,,,,,,,,,,,,,,,,,"[""'<external>/zstd' -q -d -c '<work>/archive.zst'"",""'<external>/zstd' -q -f -T1 -3 -c '<repo>/datasets/synthetic/random/s0000065536_n000p000_seed1297748005.bin'""]","{""family"":""random"",""noise_density"":0.0,""seed"":1297748005,""size_requested"":65536}"
mathzip-benchmark-results-v1,20260724T032334Z-aca5bed4,ablation,synthetic_ablation,datasets/synthetic/recurrence/s0000065536_n000p000_seed1297748005.bin,s0000065536_n000p000_seed1297748005.bin,CC0-1.0,python/mathzip_bench/synthetic.py and datasets/synthetic/manifest.json,datasets/synthetic/manifest.json,788cc7e3e85003e88d7c4f21698a72edc5348641fc93c7e57ec681c85e2f147e,true,8d5944aabf5526f28b79d4b3841ec21dbd86daac0caa96729fec8838039fdd69,7.125807747528513,65536,ablation-01-raw-only,mathzip,balanced,01 raw only,1,ok,,3,3,65692,0.9976252816172441,-0.00238037109375,-0.238037109375,8.01904296875,0.238037109375,0.006538478002767079,0.004879915002675261,10.0231277022367,13.429742109047377,0.0058670000016718404,0.004249999999956344,442368.0,true,true,cc6681f2876cf6ed9dc8e082bd48bc0e685f48d43ee4db0a79178edad5a925d9,8d5944aabf5526f28b79d4b3841ec21dbd86daac0caa96729fec8838039fdd69,"[{""type"":""identity""}]",1,65536.0,65536.0,"{""raw"":1}","{""raw"":1}",0,36,65536,120,100.0,100.0,7.125807747528515,65536,0,0,0.002446764,5.0651e-05,1.9403e-05,"[""'<repo>/target/release/mathzip' compress --mode balanced --max-input-bytes 8589934592 --no-sync --force --models raw --residual-coders raw --transforms identity --segmentation fixed '<repo>/datasets/synthetic/recurrence/s0000065536_n000p000_seed1297748005.bin' '<work>/archive.mz'"",""'<repo>/target/release/mathzip' compress --mode balanced --max-input-bytes 8589934592 --no-sync --force --models raw --residual-coders raw --transforms identity --segmentation fixed --metrics-output '<work>/metrics-probe.mz.metrics.json' '<repo>/datasets/synthetic/recurrence/s0000065536_n000p000_seed1297748005.bin' '<work>/metrics-probe.mz'"",""'<repo>/target/release/mathzip' decompress --max-archive-bytes 17179869184 --max-output-bytes 8589934592 --max-segments 8388608 --no-sync --force '<work>/archive.mz' '<work>/restored.bin'""]","{""family"":""recurrence"",""noise_density"":0.0,""seed"":1297748005,""size_requested"":65536}"
mathzip-benchmark-results-v1,20260724T032334Z-aca5bed4,ablation,synthetic_ablation,datasets/synthetic/recurrence/s0000065536_n000p000_seed1297748005.bin,s0000065536_n000p000_seed1297748005.bin,CC0-1.0,python/mathzip_bench/synthetic.py and datasets/synthetic/manifest.json,datasets/synthetic/manifest.json,788cc7e3e85003e88d7c4f21698a72edc5348641fc93c7e57ec681c85e2f147e,true,8d5944aabf5526f28b79d4b3841ec21dbd86daac0caa96729fec8838039fdd69,7.125807747528513,65536,ablation-02-residual-only,mathzip,balanced,02 residual coder only,1,ok,,3,3,65692,0.9976252816172441,-0.00238037109375,-0.238037109375,8.01904296875,0.238037109375,0.00804997199884383,0.00701798900263384,8.141146330622336,9.338287645564057,0.007169999998950516,0.00476399999934074,1024000.0,true,true,cc6681f2876cf6ed9dc8e082bd48bc0e685f48d43ee4db0a79178edad5a925d9,8d5944aabf5526f28b79d4b3841ec21dbd86daac0caa96729fec8838039fdd69,"[{""type"":""identity""}]",1,65536.0,65536.0,"{""raw"":1}","{""raw"":1}",0,36,65536,120,100.0,100.0,7.125807747528515,65536,0,0,0.002424757,5.3242e-05,0.000543724,"[""'<repo>/target/release/mathzip' compress --mode balanced --max-input-bytes 8589934592 --no-sync --force --models raw --residual-coders raw,rle,zero-run,sparse,bit-pack --transforms identity --segmentation fixed '<repo>/datasets/synthetic/recurrence/s0000065536_n000p000_seed1297748005.bin' '<work>/archive.mz'"",""'<repo>/target/release/mathzip' compress --mode balanced --max-input-bytes 8589934592 --no-sync --force --models raw --residual-coders raw,rle,zero-run,sparse,bit-pack --transforms identity --segmentation fixed --metrics-output '<work>/metrics-probe.mz.metrics.json' '<repo>/datasets/synthetic/recurrence/s0000065536_n000p000_seed1297748005.bin' '<work>/metrics-probe.mz'"",""'<repo>/target/release/mathzip' decompress --max-archive-bytes 17179869184 --max-output-bytes 8589934592 --max-segments 8388608 --no-sync --force '<work>/archive.mz' '<work>/restored.bin'""]","{""family"":""recurrence"",""noise_density"":0.0,""seed"":1297748005,""size_requested"":65536}"
mathzip-benchmark-results-v1,20260724T032334Z-aca5bed4,ablation,synthetic_ablation,datasets/synthetic/recurrence/s0000065536_n000p000_seed1297748005.bin,s0000065536_n000p000_seed1297748005.bin,CC0-1.0,python/mathzip_bench/synthetic.py and datasets/synthetic/manifest.json,datasets/synthetic/manifest.json,788cc7e3e85003e88d7c4f21698a72edc5348641fc93c7e57ec681c85e2f147e,true,8d5944aabf5526f28b79d4b3841ec21dbd86daac0caa96729fec8838039fdd69,7.125807747528513,65536,ablation-03-fixed-constant,mathzip,balanced,03 fixed segmentation + constant,1,ok,,3,3,65692,0.9976252816172441,-0.00238037109375,-0.238037109375,8.01904296875,0.238037109375,0.012869584003055934,0.008509131999744568,5.0923168910850745,7.701843149450179,0.008208000001104665,0.004837000000406988,548864.0,true,true,cc6681f2876cf6ed9dc8e082bd48bc0e685f48d43ee4db0a79178edad5a925d9,8d5944aabf5526f28b79d4b3841ec21dbd86daac0caa96729fec8838039fdd69,"[{""type"":""identity""}]",1,65536.0,65536.0,"{""raw"":1}","{""raw"":1}",0,36,65536,120,100.0,100.0,7.125807747528515,65536,0,0,0.002569033,5.7986e-05,0.001651166,"[""'<repo>/target/release/mathzip' compress --mode balanced --max-input-bytes 8589934592 --no-sync --force --models raw,constant --transforms identity --segmentation fixed --segment-size 4096 '<repo>/datasets/synthetic/recurrence/s0000065536_n000p000_seed1297748005.bin' '<work>/archive.mz'"",""'<repo>/target/release/mathzip' compress --mode balanced --max-input-bytes 8589934592 --no-sync --force --models raw,constant --transforms identity --segmentation fixed --segment-size 4096 --metrics-output '<work>/metrics-probe.mz.metrics.json' '<repo>/datasets/synthetic/recurrence/s0000065536_n000p000_seed1297748005.bin' '<work>/metrics-probe.mz'"",""'<repo>/target/release/mathzip' decompress --max-archive-bytes 17179869184 --max-output-bytes 8589934592 --max-segments 8388608 --no-sync --force '<work>/archive.mz' '<work>/restored.bin'""]","{""family"":""recurrence"",""noise_density"":0.0,""seed"":1297748005,""size_requested"":65536}"
mathzip-benchmark-results-v1,20260724T032334Z-aca5bed4,ablation,synthetic_ablation,datasets/synthetic/recurrence/s0000065536_n000p000_seed1297748005.bin,s0000065536_n000p000_seed1297748005.bin,CC0-1.0,python/mathzip_bench/synthetic.py and datasets/synthetic/manifest.json,datasets/synthetic/manifest.json,788cc7e3e85003e88d7c4f21698a72edc5348641fc93c7e57ec681c85e2f147e,true,8d5944aabf5526f28b79d4b3841ec21dbd86daac0caa96729fec8838039fdd69,7.125807747528513,65536,ablation-04-fixed-all-models,mathzip,balanced,04 fixed segmentation + all models,1,ok,,3,3,753,87.0332005312085,0.9885101318359375,98.85101318359375,0.0919189453125,0.0,0.0392879159990116,0.005195040001126472,1.6680956048075632,12.615109794301762,0.03698200000144425,0.004407999997056322,3682304.0,true,true,02b9eacdb3dbb1afbeaef34723ee6614679cb75126ed0aad79c6cc3c255c3f79,8d5944aabf5526f28b79d4b3841ec21dbd86daac0caa96729fec8838039fdd69,"[{""type"":""identity""}]",16,4096.0,4096.0,"{""copy"":13,""recurrence"":3}","{""sparse"":16}",41,576,16,120,0.0,0.0,0.0,16,16,16,0.002135278,0.004222103,0.028060695,"[""'<repo>/target/release/mathzip' compress --mode balanced --max-input-bytes 8589934592 --no-sync --force --models raw,constant,affine,polynomial,periodic,recurrence,piecewise-linear,run,sparse,copy --transforms identity --segmentation fixed --segment-size 4096 '<repo>/datasets/synthetic/recurrence/s0000065536_n000p000_seed1297748005.bin' '<work>/archive.mz'"",""'<repo>/target/release/mathzip' compress --mode balanced --max-input-bytes 8589934592 --no-sync --force --models raw,constant,affine,polynomial,periodic,recurrence,piecewise-linear,run,sparse,copy --transforms identity --segmentation fixed --segment-size 4096 --metrics-output '<work>/metrics-probe.mz.metrics.json' '<repo>/datasets/synthetic/recurrence/s0000065536_n000p000_seed1297748005.bin' '<work>/metrics-probe.mz'"",""'<repo>/target/release/mathzip' decompress --max-archive-bytes 17179869184 --max-output-bytes 8589934592 --max-segments 8388608 --no-sync --force '<work>/archive.mz' '<work>/restored.bin'""]","{""family"":""recurrence"",""noise_density"":0.0,""seed"":1297748005,""size_requested"":65536}"
mathzip-benchmark-results-v1,20260724T032334Z-aca5bed4,ablation,synthetic_ablation,datasets/synthetic/recurrence/s0000065536_n000p000_seed1297748005.bin,s0000065536_n000p000_seed1297748005.bin,CC0-1.0,python/mathzip_bench/synthetic.py and datasets/synthetic/manifest.json,datasets/synthetic/manifest.json,788cc7e3e85003e88d7c4f21698a72edc5348641fc93c7e57ec681c85e2f147e,true,8d5944aabf5526f28b79d4b3841ec21dbd86daac0caa96729fec8838039fdd69,7.125807747528513,65536,ablation-05-adaptive-constant,mathzip,balanced,05 adaptive segmentation + constant,1,ok,,3,3,65692,0.9976252816172441,-0.00238037109375,-0.238037109375,8.01904296875,0.238037109375,0.051481643997249193,0.005395281994424295,1.2729974202747247,12.146909108314928,0.05060299999968265,0.00469600000178616,3977216.0,true,true,cc6681f2876cf6ed9dc8e082bd48bc0e685f48d43ee4db0a79178edad5a925d9,8d5944aabf5526f28b79d4b3841ec21dbd86daac0caa96729fec8838039fdd69,"[{""type"":""identity""}]",1,65536.0,65536.0,"{""raw"":1}","{""raw"":1}",0,36,65536,120,100.0,100.0,7.125807747528515,65536,0,0,0.002992846,0.001234038,0.04255715,"[""'<repo>/target/release/mathzip' compress --mode balanced --max-input-bytes 8589934592 --no-sync --force --models raw,constant --transforms identity --segmentation adaptive '<repo>/datasets/synthetic/recurrence/s0000065536_n000p000_seed1297748005.bin' '<work>/archive.mz'"",""'<repo>/target/release/mathzip' compress --mode balanced --max-input-bytes 8589934592 --no-sync --force --models raw,constant --transforms identity --segmentation adaptive --metrics-output '<work>/metrics-probe.mz.metrics.json' '<repo>/datasets/synthetic/recurrence/s0000065536_n000p000_seed1297748005.bin' '<work>/metrics-probe.mz'"",""'<repo>/target/release/mathzip' decompress --max-archive-bytes 17179869184 --max-output-bytes 8589934592 --max-segments 8388608 --no-sync --force '<work>/archive.mz' '<work>/restored.bin'""]","{""family"":""recurrence"",""noise_density"":0.0,""seed"":1297748005,""size_requested"":65536}"
mathzip-benchmark-results-v1,20260724T032334Z-aca5bed4,ablation,synthetic_ablation,datasets/synthetic/recurrence/s0000065536_n000p000_seed1297748005.bin,s0000065536_n000p000_seed1297748005.bin,CC0-1.0,python/mathzip_bench/synthetic.py and datasets/synthetic/manifest.json,datasets/synthetic/manifest.json,788cc7e3e85003e88d7c4f21698a72edc5348641fc93c7e57ec681c85e2f147e,true,8d5944aabf5526f28b79d4b3841ec21dbd86daac0caa96729fec8838039fdd69,7.125807747528513,65536,ablation-06-adaptive-linear,mathzip,balanced,06 adaptive + constant/linear,1,ok,,3,3,65692,0.9976252816172441,-0.00238037109375,-0.238037109375,8.01904296875,0.238037109375,0.11086153700307477,0.005648632999509573,0.5911518257065328,11.602099128353705,0.1098390000006475,0.004958999999871594,4014080.0,true,true,cc6681f2876cf6ed9dc8e082bd48bc0e685f48d43ee4db0a79178edad5a925d9,8d5944aabf5526f28b79d4b3841ec21dbd86daac0caa96729fec8838039fdd69,"[{""type"":""identity""}]",1,65536.0,65536.0,"{""raw"":1}","{""raw"":1}",0,36,65536,120,100.0,100.0,7.125807747528515,65536,0,0,0.003121241,0.003334891,0.0989493,"[""'<repo>/target/release/mathzip' compress --mode balanced --max-input-bytes 8589934592 --no-sync --force --models raw,constant,affine --transforms identity --segmentation adaptive '<repo>/datasets/synthetic/recurrence/s0000065536_n000p000_seed1297748005.bin' '<work>/archive.mz'"",""'<repo>/target/release/mathzip' compress --mode balanced --max-input-bytes 8589934592 --no-sync --force --models raw,constant,affine --transforms identity --segmentation adaptive --metrics-output '<work>/metrics-probe.mz.metrics.json' '<repo>/datasets/synthetic/recurrence/s0000065536_n000p000_seed1297748005.bin' '<work>/metrics-probe.mz'"",""'<repo>/target/release/mathzip' decompress --max-archive-bytes 17179869184 --max-output-bytes 8589934592 --max-segments 8388608 --no-sync --force '<work>/archive.mz' '<work>/restored.bin'""]","{""family"":""recurrence"",""noise_density"":0.0,""seed"":1297748005,""size_requested"":65536}"
mathzip-benchmark-results-v1,20260724T032334Z-aca5bed4,ablation,synthetic_ablation,datasets/synthetic/recurrence/s0000065536_n000p000_seed1297748005.bin,s0000065536_n000p000_seed1297748005.bin,CC0-1.0,python/mathzip_bench/synthetic.py and datasets/synthetic/manifest.json,datasets/synthetic/manifest.json,788cc7e3e85003e88d7c4f21698a72edc5348641fc93c7e57ec681c85e2f147e,true,8d5944aabf5526f28b79d4b3841ec21dbd86daac0caa96729fec8838039fdd69,7.125807747528513,65536,ablation-07-add-polynomial,mathzip,balanced,07 add polynomial,1,ok,,3,3,65692,0.9976252816172441,-0.00238037109375,-0.238037109375,8.01904296875,0.238037109375,0.20260957799473545,0.006272365004406311,0.32345953556895946,10.448371539915364,0.2008090000017546,0.004789999999047723,4014080.0,true,true,cc6681f2876cf6ed9dc8e082bd48bc0e685f48d43ee4db0a79178edad5a925d9,8d5944aabf5526f28b79d4b3841ec21dbd86daac0caa96729fec8838039fdd69,"[{""type"":""identity""}]",1,65536.0,65536.0,"{""raw"":1}","{""raw"":1}",0,36,65536,120,100.0,100.0,7.125807747528515,65536,0,0,0.00325709,0.003408634,0.192599653,"[""'<repo>/target/release/mathzip' compress --mode balanced --max-input-bytes 8589934592 --no-sync --force --models raw,constant,affine,polynomial --transforms identity --segmentation adaptive '<repo>/datasets/synthetic/recurrence/s0000065536_n000p000_seed1297748005.bin' '<work>/archive.mz'"",""'<repo>/target/release/mathzip' compress --mode balanced --max-input-bytes 8589934592 --no-sync --force --models raw,constant,affine,polynomial --transforms identity --segmentation adaptive --metrics-output '<work>/metrics-probe.mz.metrics.json' '<repo>/datasets/synthetic/recurrence/s0000065536_n000p000_seed1297748005.bin' '<work>/metrics-probe.mz'"",""'<repo>/target/release/mathzip' decompress --max-archive-bytes 17179869184 --max-output-bytes 8589934592 --max-segments 8388608 --no-sync --force '<work>/archive.mz' '<work>/restored.bin'""]","{""family"":""recurrence"",""noise_density"":0.0,""seed"":1297748005,""size_requested"":65536}"
mathzip-benchmark-results-v1,20260724T032334Z-aca5bed4,ablation,synthetic_ablation,datasets/synthetic/recurrence/s0000065536_n000p000_seed1297748005.bin,s0000065536_n000p000_seed1297748005.bin,CC0-1.0,python/mathzip_bench/synthetic.py and datasets/synthetic/manifest.json,datasets/synthetic/manifest.json,788cc7e3e85003e88d7c4f21698a72edc5348641fc93c7e57ec681c85e2f147e,true,8d5944aabf5526f28b79d4b3841ec21dbd86daac0caa96729fec8838039fdd69,7.125807747528513,65536,ablation-08-add-periodic,mathzip,balanced,08 add periodic,1,ok,,3,3,59189,1.1072327628444474,0.0968475341796875,9.68475341796875,7.2252197265625,0.0,0.3660850899977959,0.006333887999062426,0.17901848993739292,10.346883306067452,0.3650939999988623,0.00531799999953364,4272128.0,true,true,46000729338b277b4459b87202da0739be555c8d6f373c6198a9541b7c5bde69,8d5944aabf5526f28b79d4b3841ec21dbd86daac0caa96729fec8838039fdd69,"[{""type"":""identity""}]",2,32768.0,32768.0,"{""periodic"":2}","{""zero_run"":2}",130,72,58867,120,0.0,0.0,5.998529399487917,58867,2,0,0.003606069,0.024062813,0.334873728,"[""'<repo>/target/release/mathzip' compress --mode balanced --max-input-bytes 8589934592 --no-sync --force --models raw,constant,affine,polynomial,periodic --transforms identity --segmentation adaptive '<repo>/datasets/synthetic/recurrence/s0000065536_n000p000_seed1297748005.bin' '<work>/archive.mz'"",""'<repo>/target/release/mathzip' compress --mode balanced --max-input-bytes 8589934592 --no-sync --force --models raw,constant,affine,polynomial,periodic --transforms identity --segmentation adaptive --metrics-output '<work>/metrics-probe.mz.metrics.json' '<repo>/datasets/synthetic/recurrence/s0000065536_n000p000_seed1297748005.bin' '<work>/metrics-probe.mz'"",""'<repo>/target/release/mathzip' decompress --max-archive-bytes 17179869184 --max-output-bytes 8589934592 --max-segments 8388608 --no-sync --force '<work>/archive.mz' '<work>/restored.bin'""]","{""family"":""recurrence"",""noise_density"":0.0,""seed"":1297748005,""size_requested"":65536}"
mathzip-benchmark-results-v1,20260724T032334Z-aca5bed4,ablation,synthetic_ablation,datasets/synthetic/recurrence/s0000065536_n000p000_seed1297748005.bin,s0000065536_n000p000_seed1297748005.bin,CC0-1.0,python/mathzip_bench/synthetic.py and datasets/synthetic/manifest.json,datasets/synthetic/manifest.json,788cc7e3e85003e88d7c4f21698a72edc5348641fc93c7e57ec681c85e2f147e,true,8d5944aabf5526f28b79d4b3841ec21dbd86daac0caa96729fec8838039fdd69,7.125807747528513,65536,ablation-09-add-recurrence,mathzip,balanced,09 add recurrence,1,ok,,3,3,204,321.2549019607843,0.99688720703125,99.688720703125,0.02490234375,0.0,0.5739515509994817,0.00526458600506885,0.11418385382159056,12.448462222271726,0.5666140000012092,0.0045299999983399175,3833856.0,true,true,a4818269b2284834d2c048a09bcecafdc5a14112c8f1f8a4a54ae5163baa31ef,8d5944aabf5526f28b79d4b3841ec21dbd86daac0caa96729fec8838039fdd69,"[{""type"":""identity""}]",2,32768.0,32768.0,"{""recurrence"":2}","{""sparse"":2}",10,72,2,120,0.0,0.0,0.0,2,2,2,0.004121337,0.024018583,0.53862471,"[""'<repo>/target/release/mathzip' compress --mode balanced --max-input-bytes 8589934592 --no-sync --force --models raw,constant,affine,polynomial,periodic,recurrence --transforms identity --segmentation adaptive '<repo>/datasets/synthetic/recurrence/s0000065536_n000p000_seed1297748005.bin' '<work>/archive.mz'"",""'<repo>/target/release/mathzip' compress --mode balanced --max-input-bytes 8589934592 --no-sync --force --models raw,constant,affine,polynomial,periodic,recurrence --transforms identity --segmentation adaptive --metrics-output '<work>/metrics-probe.mz.metrics.json' '<repo>/datasets/synthetic/recurrence/s0000065536_n000p000_seed1297748005.bin' '<work>/metrics-probe.mz'"",""'<repo>/target/release/mathzip' decompress --max-archive-bytes 17179869184 --max-output-bytes 8589934592 --max-segments 8388608 --no-sync --force '<work>/archive.mz' '<work>/restored.bin'""]","{""family"":""recurrence"",""noise_density"":0.0,""seed"":1297748005,""size_requested"":65536}"
mathzip-benchmark-results-v1,20260724T032334Z-aca5bed4,ablation,synthetic_ablation,datasets/synthetic/recurrence/s0000065536_n000p000_seed1297748005.bin,s0000065536_n000p000_seed1297748005.bin,CC0-1.0,python/mathzip_bench/synthetic.py and datasets/synthetic/manifest.json,datasets/synthetic/manifest.json,788cc7e3e85003e88d7c4f21698a72edc5348641fc93c7e57ec681c85e2f147e,true,8d5944aabf5526f28b79d4b3841ec21dbd86daac0caa96729fec8838039fdd69,7.125807747528513,65536,ablation-10-add-bit-plane,mathzip,balanced,10 add bit-plane,1,ok,,3,3,204,321.2549019607843,0.99688720703125,99.688720703125,0.02490234375,0.0,1.1723642770011793,0.0053769029982504435,0.05590071386995535,12.188428919272738,1.1713419999996404,0.004675999998653424,3813376.0,true,true,a4818269b2284834d2c048a09bcecafdc5a14112c8f1f8a4a54ae5163baa31ef,8d5944aabf5526f28b79d4b3841ec21dbd86daac0caa96729fec8838039fdd69,"[{""type"":""identity""}]",2,32768.0,32768.0,"{""recurrence"":2}","{""sparse"":2}",10,72,2,120,0.0,0.0,0.0,2,2,2,0.008131411,0.067983472,1.097125381,"[""'<repo>/target/release/mathzip' compress --mode balanced --max-input-bytes 8589934592 --no-sync --force --models raw,constant,affine,polynomial,periodic,recurrence --transforms identity,bit-plane --segmentation adaptive '<repo>/datasets/synthetic/recurrence/s0000065536_n000p000_seed1297748005.bin' '<work>/archive.mz'"",""'<repo>/target/release/mathzip' compress --mode balanced --max-input-bytes 8589934592 --no-sync --force --models raw,constant,affine,polynomial,periodic,recurrence --transforms identity,bit-plane --segmentation adaptive --metrics-output '<work>/metrics-probe.mz.metrics.json' '<repo>/datasets/synthetic/recurrence/s0000065536_n000p000_seed1297748005.bin' '<work>/metrics-probe.mz'"",""'<repo>/target/release/mathzip' decompress --max-archive-bytes 17179869184 --max-output-bytes 8589934592 --max-segments 8388608 --no-sync --force '<work>/archive.mz' '<work>/restored.bin'""]","{""family"":""recurrence"",""noise_density"":0.0,""seed"":1297748005,""size_requested"":65536}"
mathzip-benchmark-results-v1,20260724T032334Z-aca5bed4,ablation,synthetic_ablation,datasets/synthetic/recurrence/s0000065536_n000p000_seed1297748005.bin,s0000065536_n000p000_seed1297748005.bin,CC0-1.0,python/mathzip_bench/synthetic.py and datasets/synthetic/manifest.json,datasets/synthetic/manifest.json,788cc7e3e85003e88d7c4f21698a72edc5348641fc93c7e57ec681c85e2f147e,true,8d5944aabf5526f28b79d4b3841ec21dbd86daac0caa96729fec8838039fdd69,7.125807747528513,65536,ablation-11-add-stride,mathzip,balanced,11 add stride transpose,1,ok,,3,3,204,321.2549019607843,0.99688720703125,99.688720703125,0.02490234375,0.0,4.199919252001564,0.0054705149959772825,0.015604109523955103,11.979859309076309,4.197091,0.004478000000744942,4059136.0,true,true,a4818269b2284834d2c048a09bcecafdc5a14112c8f1f8a4a54ae5163baa31ef,8d5944aabf5526f28b79d4b3841ec21dbd86daac0caa96729fec8838039fdd69,"[{""type"":""identity""}]",2,32768.0,32768.0,"{""recurrence"":2}","{""sparse"":2}",10,72,2,120,0.0,0.0,0.0,2,2,2,0.021374431,0.260640435,3.905631618,"[""'<repo>/target/release/mathzip' compress --mode balanced --max-input-bytes 8589934592 --no-sync --force --models raw,constant,affine,polynomial,periodic,recurrence --transforms identity,bit-plane,stride --segmentation adaptive '<repo>/datasets/synthetic/recurrence/s0000065536_n000p000_seed1297748005.bin' '<work>/archive.mz'"",""'<repo>/target/release/mathzip' compress --mode balanced --max-input-bytes 8589934592 --no-sync --force --models raw,constant,affine,polynomial,periodic,recurrence --transforms identity,bit-plane,stride --segmentation adaptive --metrics-output '<work>/metrics-probe.mz.metrics.json' '<repo>/datasets/synthetic/recurrence/s0000065536_n000p000_seed1297748005.bin' '<work>/metrics-probe.mz'"",""'<repo>/target/release/mathzip' decompress --max-archive-bytes 17179869184 --max-output-bytes 8589934592 --max-segments 8388608 --no-sync --force '<work>/archive.mz' '<work>/restored.bin'""]","{""family"":""recurrence"",""noise_density"":0.0,""seed"":1297748005,""size_requested"":65536}"
mathzip-benchmark-results-v1,20260724T032334Z-aca5bed4,ablation,synthetic_ablation,datasets/synthetic/recurrence/s0000065536_n000p000_seed1297748005.bin,s0000065536_n000p000_seed1297748005.bin,CC0-1.0,python/mathzip_bench/synthetic.py and datasets/synthetic/manifest.json,datasets/synthetic/manifest.json,788cc7e3e85003e88d7c4f21698a72edc5348641fc93c7e57ec681c85e2f147e,true,8d5944aabf5526f28b79d4b3841ec21dbd86daac0caa96729fec8838039fdd69,7.125807747528513,65536,ablation-12-add-copy,mathzip,balanced,12 add copy/reference,1,ok,,3,3,204,321.2549019607843,0.99688720703125,99.688720703125,0.02490234375,0.0,4.222607035000692,0.005360292001569178,0.015520269695185893,12.226199613904413,4.220557999997254,0.004614999999830616,3977216.0,true,true,a4818269b2284834d2c048a09bcecafdc5a14112c8f1f8a4a54ae5163baa31ef,8d5944aabf5526f28b79d4b3841ec21dbd86daac0caa96729fec8838039fdd69,"[{""type"":""identity""}]",2,32768.0,32768.0,"{""recurrence"":2}","{""sparse"":2}",10,72,2,120,0.0,0.0,0.0,2,2,2,0.022958306,0.26406932,3.935593597,"[""'<repo>/target/release/mathzip' compress --mode balanced --max-input-bytes 8589934592 --no-sync --force --models raw,constant,affine,polynomial,periodic,recurrence,copy --transforms identity,bit-plane,stride --segmentation adaptive '<repo>/datasets/synthetic/recurrence/s0000065536_n000p000_seed1297748005.bin' '<work>/archive.mz'"",""'<repo>/target/release/mathzip' compress --mode balanced --max-input-bytes 8589934592 --no-sync --force --models raw,constant,affine,polynomial,periodic,recurrence,copy --transforms identity,bit-plane,stride --segmentation adaptive --metrics-output '<work>/metrics-probe.mz.metrics.json' '<repo>/datasets/synthetic/recurrence/s0000065536_n000p000_seed1297748005.bin' '<work>/metrics-probe.mz'"",""'<repo>/target/release/mathzip' decompress --max-archive-bytes 17179869184 --max-output-bytes 8589934592 --max-segments 8388608 --no-sync --force '<work>/archive.mz' '<work>/restored.bin'""]","{""family"":""recurrence"",""noise_density"":0.0,""seed"":1297748005,""size_requested"":65536}"
mathzip-benchmark-results-v1,20260724T032334Z-aca5bed4,ablation,synthetic_ablation,datasets/synthetic/recurrence/s0000065536_n000p000_seed1297748005.bin,s0000065536_n000p000_seed1297748005.bin,CC0-1.0,python/mathzip_bench/synthetic.py and datasets/synthetic/manifest.json,datasets/synthetic/manifest.json,788cc7e3e85003e88d7c4f21698a72edc5348641fc93c7e57ec681c85e2f147e,true,8d5944aabf5526f28b79d4b3841ec21dbd86daac0caa96729fec8838039fdd69,7.125807747528513,65536,ablation-13-custom-residual,mathzip,balanced,13 custom residual coders,1,ok,,3,3,204,321.2549019607843,0.99688720703125,99.688720703125,0.02490234375,0.0,6.752678214994376,0.006432977999793366,0.009705186285121181,10.187505693646875,6.747616000000562,0.004725999999209307,4456448.0,true,true,a4818269b2284834d2c048a09bcecafdc5a14112c8f1f8a4a54ae5163baa31ef,8d5944aabf5526f28b79d4b3841ec21dbd86daac0caa96729fec8838039fdd69,"[{""type"":""identity""}]",2,32768.0,32768.0,"{""recurrence"":2}","{""sparse"":2}",10,72,2,120,0.0,0.0,0.0,2,2,2,0.026453351,0.439802818,6.246780488,"[""'<repo>/target/release/mathzip' compress --mode balanced --max-input-bytes 8589934592 --no-sync --force --residual-coders raw,rle,zero-run,sparse,bit-pack '<repo>/datasets/synthetic/recurrence/s0000065536_n000p000_seed1297748005.bin' '<work>/archive.mz'"",""'<repo>/target/release/mathzip' compress --mode balanced --max-input-bytes 8589934592 --no-sync --force --residual-coders raw,rle,zero-run,sparse,bit-pack --metrics-output '<work>/metrics-probe.mz.metrics.json' '<repo>/datasets/synthetic/recurrence/s0000065536_n000p000_seed1297748005.bin' '<work>/metrics-probe.mz'"",""'<repo>/target/release/mathzip' decompress --max-archive-bytes 17179869184 --max-output-bytes 8589934592 --max-segments 8388608 --no-sync --force '<work>/archive.mz' '<work>/restored.bin'""]","{""family"":""recurrence"",""noise_density"":0.0,""seed"":1297748005,""size_requested"":65536}"
mathzip-benchmark-results-v1,20260724T032334Z-aca5bed4,ablation,synthetic_ablation,datasets/synthetic/recurrence/s0000065536_n000p000_seed1297748005.bin,s0000065536_n000p000_seed1297748005.bin,CC0-1.0,python/mathzip_bench/synthetic.py and datasets/synthetic/manifest.json,datasets/synthetic/manifest.json,788cc7e3e85003e88d7c4f21698a72edc5348641fc93c7e57ec681c85e2f147e,true,8d5944aabf5526f28b79d4b3841ec21dbd86daac0caa96729fec8838039fdd69,7.125807747528513,65536,ablation-14-zstd-residual,mathzip,balanced,14 mathematical models + Zstd residual,1,ok,,3,3,240,273.06666666666666,0.996337890625,99.6337890625,0.029296875,0.0,3.6727865580032812,0.005882427001779433,0.017843672362934368,11.14097973169499,3.6650749999989785,0.0046689999999216525,4882432.0,true,true,1f3629abb0b12eda8cf9fd42fd409f998121723561b77c00f584691ec0c101f2,8d5944aabf5526f28b79d4b3841ec21dbd86daac0caa96729fec8838039fdd69,"[{""type"":""identity""}]",2,32768.0,32768.0,"{""recurrence"":2}","{""zstd"":2}",10,72,38,120,0.0,0.0,0.0,38,2,2,0.028028646,0.435957732,3.221542899,"[""'<repo>/target/release/mathzip' compress --mode balanced --max-input-bytes 8589934592 --no-sync --force --models constant,affine,polynomial,periodic,recurrence,piecewise-linear,run,sparse --residual-coders zstd --no-copy-model '<repo>/datasets/synthetic/recurrence/s0000065536_n000p000_seed1297748005.bin' '<work>/archive.mz'"",""'<repo>/target/release/mathzip' compress --mode balanced --max-input-bytes 8589934592 --no-sync --force --models constant,affine,polynomial,periodic,recurrence,piecewise-linear,run,sparse --residual-coders zstd --no-copy-model --metrics-output '<work>/metrics-probe.mz.metrics.json' '<repo>/datasets/synthetic/recurrence/s0000065536_n000p000_seed1297748005.bin' '<work>/metrics-probe.mz'"",""'<repo>/target/release/mathzip' decompress --max-archive-bytes 17179869184 --max-output-bytes 8589934592 --max-segments 8388608 --no-sync --force '<work>/archive.mz' '<work>/restored.bin'""]","{""family"":""recurrence"",""noise_density"":0.0,""seed"":1297748005,""size_requested"":65536}"
mathzip-benchmark-results-v1,20260724T032334Z-aca5bed4,ablation,synthetic_ablation,datasets/synthetic/recurrence/s0000065536_n000p000_seed1297748005.bin,s0000065536_n000p000_seed1297748005.bin,CC0-1.0,python/mathzip_bench/synthetic.py and datasets/synthetic/manifest.json,datasets/synthetic/manifest.json,788cc7e3e85003e88d7c4f21698a72edc5348641fc93c7e57ec681c85e2f147e,true,8d5944aabf5526f28b79d4b3841ec21dbd86daac0caa96729fec8838039fdd69,7.125807747528513,65536,ablation-15-no-transform,mathzip,balanced,15 identity transform only,1,ok,,3,3,204,321.2549019607843,0.99688720703125,99.688720703125,0.02490234375,0.0,0.7218328489980195,0.005482621003466193,0.09079110224890834,11.953406948714344,0.7209349999993719,0.004708000000391621,4173824.0,true,true,a4818269b2284834d2c048a09bcecafdc5a14112c8f1f8a4a54ae5163baa31ef,8d5944aabf5526f28b79d4b3841ec21dbd86daac0caa96729fec8838039fdd69,"[{""type"":""identity""}]",2,32768.0,32768.0,"{""recurrence"":2}","{""sparse"":2}",10,72,2,120,0.0,0.0,0.0,2,2,2,0.003474602,0.039172752,0.675071192,"[""'<repo>/target/release/mathzip' compress --mode balanced --max-input-bytes 8589934592 --no-sync --force --transforms identity '<repo>/datasets/synthetic/recurrence/s0000065536_n000p000_seed1297748005.bin' '<work>/archive.mz'"",""'<repo>/target/release/mathzip' compress --mode balanced --max-input-bytes 8589934592 --no-sync --force --transforms identity --metrics-output '<work>/metrics-probe.mz.metrics.json' '<repo>/datasets/synthetic/recurrence/s0000065536_n000p000_seed1297748005.bin' '<work>/metrics-probe.mz'"",""'<repo>/target/release/mathzip' decompress --max-archive-bytes 17179869184 --max-output-bytes 8589934592 --max-segments 8388608 --no-sync --force '<work>/archive.mz' '<work>/restored.bin'""]","{""family"":""recurrence"",""noise_density"":0.0,""seed"":1297748005,""size_requested"":65536}"
mathzip-benchmark-results-v1,20260724T032334Z-aca5bed4,ablation,synthetic_ablation,datasets/synthetic/recurrence/s0000065536_n000p000_seed1297748005.bin,s0000065536_n000p000_seed1297748005.bin,CC0-1.0,python/mathzip_bench/synthetic.py and datasets/synthetic/manifest.json,datasets/synthetic/manifest.json,788cc7e3e85003e88d7c4f21698a72edc5348641fc93c7e57ec681c85e2f147e,true,8d5944aabf5526f28b79d4b3841ec21dbd86daac0caa96729fec8838039fdd69,7.125807747528513,65536,ablation-16-no-adaptive-partition,mathzip,balanced,16 fixed partition,1,ok,,3,3,753,87.0332005312085,0.9885101318359375,98.85101318359375,0.0919189453125,0.0,0.2835072340021725,0.006087008005124517,0.23116165000395653,10.766537508218601,0.2828059999992547,0.004396000000269851,3731456.0,true,true,02b9eacdb3dbb1afbeaef34723ee6614679cb75126ed0aad79c6cc3c255c3f79,8d5944aabf5526f28b79d4b3841ec21dbd86daac0caa96729fec8838039fdd69,"[{""type"":""identity""}]",16,4096.0,4096.0,"{""copy"":13,""recurrence"":3}","{""sparse"":16}",41,576,16,120,0.0,0.0,0.0,16,16,16,0.009497022,0.035610116,0.238893725,"[""'<repo>/target/release/mathzip' compress --mode balanced --max-input-bytes 8589934592 --no-sync --force --segmentation fixed --segment-size 4096 '<repo>/datasets/synthetic/recurrence/s0000065536_n000p000_seed1297748005.bin' '<work>/archive.mz'"",""'<repo>/target/release/mathzip' compress --mode balanced --max-input-bytes 8589934592 --no-sync --force --segmentation fixed --segment-size 4096 --metrics-output '<work>/metrics-probe.mz.metrics.json' '<repo>/datasets/synthetic/recurrence/s0000065536_n000p000_seed1297748005.bin' '<work>/metrics-probe.mz'"",""'<repo>/target/release/mathzip' decompress --max-archive-bytes 17179869184 --max-output-bytes 8589934592 --max-segments 8388608 --no-sync --force '<work>/archive.mz' '<work>/restored.bin'""]","{""family"":""recurrence"",""noise_density"":0.0,""seed"":1297748005,""size_requested"":65536}"
mathzip-benchmark-results-v1,20260724T032334Z-aca5bed4,ablation,synthetic_ablation,datasets/synthetic/recurrence/s0000065536_n000p000_seed1297748005.bin,s0000065536_n000p000_seed1297748005.bin,CC0-1.0,python/mathzip_bench/synthetic.py and datasets/synthetic/manifest.json,datasets/synthetic/manifest.json,788cc7e3e85003e88d7c4f21698a72edc5348641fc93c7e57ec681c85e2f147e,true,8d5944aabf5526f28b79d4b3841ec21dbd86daac0caa96729fec8838039fdd69,7.125807747528513,65536,ablation-17-no-raw-fallback,mathzip,balanced,17 no raw fallback,1,ok,,3,3,204,321.2549019607843,0.99688720703125,99.688720703125,0.02490234375,0.0,6.593087531997298,0.005691682003089227,0.009940107678222595,11.514346719375673,6.589890000001105,0.004977000000508269,4481024.0,true,true,a4818269b2284834d2c048a09bcecafdc5a14112c8f1f8a4a54ae5163baa31ef,8d5944aabf5526f28b79d4b3841ec21dbd86daac0caa96729fec8838039fdd69,"[{""type"":""identity""}]",2,32768.0,32768.0,"{""recurrence"":2}","{""sparse"":2}",10,72,2,120,0.0,0.0,0.0,2,2,2,0.025854109,0.447606229,6.197694351,"[""'<repo>/target/release/mathzip' compress --mode balanced --max-input-bytes 8589934592 --no-sync --force --no-raw-fallback --models constant,affine,polynomial,periodic,recurrence,piecewise-linear,run,sparse,copy '<repo>/datasets/synthetic/recurrence/s0000065536_n000p000_seed1297748005.bin' '<work>/archive.mz'"",""'<repo>/target/release/mathzip' compress --mode balanced --max-input-bytes 8589934592 --no-sync --force --no-raw-fallback --models constant,affine,polynomial,periodic,recurrence,piecewise-linear,run,sparse,copy --metrics-output '<work>/metrics-probe.mz.metrics.json' '<repo>/datasets/synthetic/recurrence/s0000065536_n000p000_seed1297748005.bin' '<work>/metrics-probe.mz'"",""'<repo>/target/release/mathzip' decompress --max-archive-bytes 17179869184 --max-output-bytes 8589934592 --max-segments 8388608 --no-sync --force '<work>/archive.mz' '<work>/restored.bin'""]","{""family"":""recurrence"",""noise_density"":0.0,""seed"":1297748005,""size_requested"":65536}"
mathzip-benchmark-results-v1,20260724T032334Z-aca5bed4,ablation,synthetic_ablation,datasets/synthetic/recurrence/s0000065536_n000p000_seed1297748005.bin,s0000065536_n000p000_seed1297748005.bin,CC0-1.0,python/mathzip_bench/synthetic.py and datasets/synthetic/manifest.json,datasets/synthetic/manifest.json,788cc7e3e85003e88d7c4f21698a72edc5348641fc93c7e57ec681c85e2f147e,true,8d5944aabf5526f28b79d4b3841ec21dbd86daac0caa96729fec8838039fdd69,7.125807747528513,65536,ablation-18-fast,mathzip,fast,18 fast mode,1,ok,,3,3,288,227.55555555555554,0.99560546875,99.560546875,0.03515625,0.0,0.03901097099878825,0.006954866003070492,1.679937677071295,9.423042797814741,0.03772500000013679,0.004603000001225155,3637248.0,true,true,2fffe701f4d52ce57ec4b5dd8c0d5c20f85f9051b4bfcd082daa9842208ff96f,8d5944aabf5526f28b79d4b3841ec21dbd86daac0caa96729fec8838039fdd69,"[{""type"":""identity""}]",4,16384.0,16384.0,"{""recurrence"":4}","{""sparse"":4}",20,144,4,120,0.0,0.0,0.0,4,4,4,0.003672631,0.00070203,0.029756395,"[""'<repo>/target/release/mathzip' compress --mode fast --max-input-bytes 8589934592 --no-sync --force '<repo>/datasets/synthetic/recurrence/s0000065536_n000p000_seed1297748005.bin' '<work>/archive.mz'"",""'<repo>/target/release/mathzip' compress --mode fast --max-input-bytes 8589934592 --no-sync --force --metrics-output '<work>/metrics-probe.mz.metrics.json' '<repo>/datasets/synthetic/recurrence/s0000065536_n000p000_seed1297748005.bin' '<work>/metrics-probe.mz'"",""'<repo>/target/release/mathzip' decompress --max-archive-bytes 17179869184 --max-output-bytes 8589934592 --max-segments 8388608 --no-sync --force '<work>/archive.mz' '<work>/restored.bin'""]","{""family"":""recurrence"",""noise_density"":0.0,""seed"":1297748005,""size_requested"":65536}"
mathzip-benchmark-results-v1,20260724T032334Z-aca5bed4,ablation,synthetic_ablation,datasets/synthetic/recurrence/s0000065536_n000p000_seed1297748005.bin,s0000065536_n000p000_seed1297748005.bin,CC0-1.0,python/mathzip_bench/synthetic.py and datasets/synthetic/manifest.json,datasets/synthetic/manifest.json,788cc7e3e85003e88d7c4f21698a72edc5348641fc93c7e57ec681c85e2f147e,true,8d5944aabf5526f28b79d4b3841ec21dbd86daac0caa96729fec8838039fdd69,7.125807747528513,65536,ablation-19-balanced,mathzip,balanced,19 balanced mode,1,ok,,3,3,204,321.2549019607843,0.99688720703125,99.688720703125,0.02490234375,0.0,6.704888161999406,0.006824937001510989,0.00977436139374129,9.602432958061126,6.699425000000701,0.004571999999825493,4411392.0,true,true,a4818269b2284834d2c048a09bcecafdc5a14112c8f1f8a4a54ae5163baa31ef,8d5944aabf5526f28b79d4b3841ec21dbd86daac0caa96729fec8838039fdd69,"[{""type"":""identity""}]",2,32768.0,32768.0,"{""recurrence"":2}","{""sparse"":2}",10,72,2,120,0.0,0.0,0.0,2,2,2,0.026450837,0.434984186,6.245338479,"[""'<repo>/target/release/mathzip' compress --mode balanced --max-input-bytes 8589934592 --no-sync --force '<repo>/datasets/synthetic/recurrence/s0000065536_n000p000_seed1297748005.bin' '<work>/archive.mz'"",""'<repo>/target/release/mathzip' compress --mode balanced --max-input-bytes 8589934592 --no-sync --force --metrics-output '<work>/metrics-probe.mz.metrics.json' '<repo>/datasets/synthetic/recurrence/s0000065536_n000p000_seed1297748005.bin' '<work>/metrics-probe.mz'"",""'<repo>/target/release/mathzip' decompress --max-archive-bytes 17179869184 --max-output-bytes 8589934592 --max-segments 8388608 --no-sync --force '<work>/archive.mz' '<work>/restored.bin'""]","{""family"":""recurrence"",""noise_density"":0.0,""seed"":1297748005,""size_requested"":65536}"
mathzip-benchmark-results-v1,20260724T032334Z-aca5bed4,ablation,synthetic_ablation,datasets/synthetic/recurrence/s0000065536_n000p000_seed1297748005.bin,s0000065536_n000p000_seed1297748005.bin,CC0-1.0,python/mathzip_bench/synthetic.py and datasets/synthetic/manifest.json,datasets/synthetic/manifest.json,788cc7e3e85003e88d7c4f21698a72edc5348641fc93c7e57ec681c85e2f147e,true,8d5944aabf5526f28b79d4b3841ec21dbd86daac0caa96729fec8838039fdd69,7.125807747528513,65536,ablation-20-max,mathzip,max,20 max mode,1,ok,,3,3,242,270.8099173553719,0.996307373046875,99.6307373046875,0.029541015625,0.0,162.82259075599723,0.005282869002257939,0.00040249943018171833,12.40538048018783,162.54751700000088,0.004546999998638057,4345856.0,true,true,d86969dec2f476c45ff3fb1817087261adb89af3f5ed4e569a9f896d7f6fad60,8d5944aabf5526f28b79d4b3841ec21dbd86daac0caa96729fec8838039fdd69,"[{""type"":""identity""}]",3,21845.333333333332,22528.0,"{""copy"":2,""recurrence"":1}","{""sparse"":3}",11,108,3,120,0.0,0.0,0.0,3,3,3,0.333824523,56.186550635,106.171324605,"[""'<repo>/target/release/mathzip' compress --mode max --max-input-bytes 8589934592 --no-sync --force '<repo>/datasets/synthetic/recurrence/s0000065536_n000p000_seed1297748005.bin' '<work>/archive.mz'"",""'<repo>/target/release/mathzip' compress --mode max --max-input-bytes 8589934592 --no-sync --force --metrics-output '<work>/metrics-probe.mz.metrics.json' '<repo>/datasets/synthetic/recurrence/s0000065536_n000p000_seed1297748005.bin' '<work>/metrics-probe.mz'"",""'<repo>/target/release/mathzip' decompress --max-archive-bytes 17179869184 --max-output-bytes 8589934592 --max-segments 8388608 --no-sync --force '<work>/archive.mz' '<work>/restored.bin'""]","{""family"":""recurrence"",""noise_density"":0.0,""seed"":1297748005,""size_requested"":65536}"
mathzip-benchmark-results-v1,20260724T032334Z-aca5bed4,ablation,synthetic_ablation,datasets/synthetic/recurrence/s0000065536_n000p000_seed1297748005.bin,s0000065536_n000p000_seed1297748005.bin,CC0-1.0,python/mathzip_bench/synthetic.py and datasets/synthetic/manifest.json,datasets/synthetic/manifest.json,788cc7e3e85003e88d7c4f21698a72edc5348641fc93c7e57ec681c85e2f147e,true,8d5944aabf5526f28b79d4b3841ec21dbd86daac0caa96729fec8838039fdd69,7.125807747528513,65536,zstd-default,zstd,default,,1,ok,,3,3,409,160.23471882640587,0.9937591552734375,99.37591552734375,0.0499267578125,0.0,0.004899237996141892,0.0043689369995263405,13.376774112955736,15.000445190009629,0.0043769999992946396,0.003957999999329331,360448.0,true,true,6db7ff8e6df4dd84d55f72d9dde9b3e6c3859ecdbdf4612e4e3744986a30c83c,8d5944aabf5526f28b79d4b3841ec21dbd86daac0caa96729fec8838039fdd69,,,,,,,,,,,,,,,,,,,,"[""'<external>/zstd' -q -d -c '<work>/archive.zst'"",""'<external>/zstd' -q -f -T1 -3 -c '<repo>/datasets/synthetic/recurrence/s0000065536_n000p000_seed1297748005.bin'""]","{""family"":""recurrence"",""noise_density"":0.0,""seed"":1297748005,""size_requested"":65536}"
mathzip-benchmark-results-v1,20260724T032334Z-aca5bed4,ablation,canterbury_ablation,datasets/data/canterbury/alice29.txt,alice29.txt,Upstream files retain their original terms; see dataset manifest,datasets/manifests/canterbury.json,datasets/data/canterbury/dataset.json,30daaac9157db37ceda0cc444f6c9c304e91cf17e0164d0a12bc354539937151,true,7467306ee0feed4971260f3c87421154a05be571d944e9cb021a5713700c38f0,4.567680212177265,152089,ablation-01-raw-only,mathzip,balanced,01 raw only,1,ok,,3,3,152245,0.9989753358074157,-0.0010257152062278507,-0.10257152062278507,8.008205721649823,0.10257152062278507,0.011266197005170397,0.010630551994836424,13.499586411475121,14.30678294728949,0.010557999999946333,0.00632699999914621,507904.0,true,true,ef73b80193521aca01bf144b267430f0940747cb6816791189374acf50aab283,7467306ee0feed4971260f3c87421154a05be571d944e9cb021a5713700c38f0,"[{""type"":""identity""}]",1,152089.0,152089.0,"{""raw"":1}","{""raw"":1}",0,36,152089,120,100.0,100.0,4.567680212177265,152089,0,0,0.006073376,0.000135368,0.000175405,"[""'<repo>/target/release/mathzip' compress --mode balanced --max-input-bytes 8589934592 --no-sync --force --models raw --residual-coders raw --transforms identity --segmentation fixed '<repo>/datasets/data/canterbury/alice29.txt' '<work>/archive.mz'"",""'<repo>/target/release/mathzip' compress --mode balanced --max-input-bytes 8589934592 --no-sync --force --models raw --residual-coders raw --transforms identity --segmentation fixed --metrics-output '<work>/metrics-probe.mz.metrics.json' '<repo>/datasets/data/canterbury/alice29.txt' '<work>/metrics-probe.mz'"",""'<repo>/target/release/mathzip' decompress --max-archive-bytes 17179869184 --max-output-bytes 8589934592 --max-segments 8388608 --no-sync --force '<work>/archive.mz' '<work>/restored.bin'""]",{}
mathzip-benchmark-results-v1,20260724T032334Z-aca5bed4,ablation,canterbury_ablation,datasets/data/canterbury/alice29.txt,alice29.txt,Upstream files retain their original terms; see dataset manifest,datasets/manifests/canterbury.json,datasets/data/canterbury/dataset.json,30daaac9157db37ceda0cc444f6c9c304e91cf17e0164d0a12bc354539937151,true,7467306ee0feed4971260f3c87421154a05be571d944e9cb021a5713700c38f0,4.567680212177265,152089,ablation-02-residual-only,mathzip,balanced,02 residual coder only,1,ok,,3,3,134604,1.1298995572196964,0.11496557936471408,11.496557936471408,7.080275365082287,0.0,0.014784300998144317,0.010401881001598667,10.287195858572534,14.621297818791179,0.013747999999395688,0.008413999999902444,4239360.0,true,true,cc2b188ed8fcfef0bb48b6d16ab6111147733a5ed40542236803afac4cb25fff,7467306ee0feed4971260f3c87421154a05be571d944e9cb021a5713700c38f0,"[{""type"":""identity""}]",38,4002.342105263158,4096.0,"{""raw"":38}","{""bit_pack"":38}",0,1368,133116,120,100.0,0.0,4.567680212177265,133116,0,0,0.005678616,0.00012698,0.004054067,"[""'<repo>/target/release/mathzip' compress --mode balanced --max-input-bytes 8589934592 --no-sync --force --models raw --residual-coders raw,rle,zero-run,sparse,bit-pack --transforms identity --segmentation fixed '<repo>/datasets/data/canterbury/alice29.txt' '<work>/archive.mz'"",""'<repo>/target/release/mathzip' compress --mode balanced --max-input-bytes 8589934592 --no-sync --force --models raw --residual-coders raw,rle,zero-run,sparse,bit-pack --transforms identity --segmentation fixed --metrics-output '<work>/metrics-probe.mz.metrics.json' '<repo>/datasets/data/canterbury/alice29.txt' '<work>/metrics-probe.mz'"",""'<repo>/target/release/mathzip' decompress --max-archive-bytes 17179869184 --max-output-bytes 8589934592 --max-segments 8388608 --no-sync --force '<work>/archive.mz' '<work>/restored.bin'""]",{}
mathzip-benchmark-results-v1,20260724T032334Z-aca5bed4,ablation,canterbury_ablation,datasets/data/canterbury/alice29.txt,alice29.txt,Upstream files retain their original terms; see dataset manifest,datasets/manifests/canterbury.json,datasets/data/canterbury/dataset.json,30daaac9157db37ceda0cc444f6c9c304e91cf17e0164d0a12bc354539937151,true,7467306ee0feed4971260f3c87421154a05be571d944e9cb021a5713700c38f0,4.567680212177265,152089,ablation-03-fixed-constant,mathzip,balanced,03 fixed segmentation + constant,1,ok,,3,3,134604,1.1298995572196964,0.11496557936471408,11.496557936471408,7.080275365082287,0.0,0.023824110998248216,0.009077587994397618,6.383826872330434,16.75434048051798,0.02088499999808846,0.00833500000044296,3923968.0,true,true,cc2b188ed8fcfef0bb48b6d16ab6111147733a5ed40542236803afac4cb25fff,7467306ee0feed4971260f3c87421154a05be571d944e9cb021a5713700c38f0,"[{""type"":""identity""}]",38,4002.342105263158,4096.0,"{""raw"":38}","{""bit_pack"":38}",0,1368,133116,120,100.0,0.0,4.567680212177265,133116,0,0,0.005735015,0.000132971,0.010650274,"[""'<repo>/target/release/mathzip' compress --mode balanced --max-input-bytes 8589934592 --no-sync --force --models raw,constant --transforms identity --segmentation fixed --segment-size 4096 '<repo>/datasets/data/canterbury/alice29.txt' '<work>/archive.mz'"",""'<repo>/target/release/mathzip' compress --mode balanced --max-input-bytes 8589934592 --no-sync --force --models raw,constant --transforms identity --segmentation fixed --segment-size 4096 --metrics-output '<work>/metrics-probe.mz.metrics.json' '<repo>/datasets/data/canterbury/alice29.txt' '<work>/metrics-probe.mz'"",""'<repo>/target/release/mathzip' decompress --max-archive-bytes 17179869184 --max-output-bytes 8589934592 --max-segments 8388608 --no-sync --force '<work>/archive.mz' '<work>/restored.bin'""]",{}
mathzip-benchmark-results-v1,20260724T032334Z-aca5bed4,ablation,canterbury_ablation,datasets/data/canterbury/alice29.txt,alice29.txt,Upstream files retain their original terms; see dataset manifest,datasets/manifests/canterbury.json,datasets/data/canterbury/dataset.json,30daaac9157db37ceda0cc444f6c9c304e91cf17e0164d0a12bc354539937151,true,7467306ee0feed4971260f3c87421154a05be571d944e9cb021a5713700c38f0,4.567680212177265,152089,ablation-04-fixed-all-models,mathzip,balanced,04 fixed segmentation + all models,1,ok,,3,3,134524,1.1305714965359341,0.11549158716277974,11.549158716277974,7.076067302697762,0.0,0.12348675799876219,0.009045095997862518,1.2316219363498435,16.81452579784015,0.12130000000252039,0.008357999999134336,4018176.0,true,true,9142432c5cba1e722ba2e5595f1e8d2ef4a2a83f1757d27179918a03ac3cc9b8,7467306ee0feed4971260f3c87421154a05be571d944e9cb021a5713700c38f0,"[{""type"":""identity""}]",38,4002.342105263158,4096.0,"{""raw"":37,""recurrence"":1}","{""bit_pack"":37,""zero_run"":1}",3,1368,133033,120,97.3068400739041,0.0,4.7641648894946105,133033,1,0,0.006130251,0.009837699,0.101165523,"[""'<repo>/target/release/mathzip' compress --mode balanced --max-input-bytes 8589934592 --no-sync --force --models raw,constant,affine,polynomial,periodic,recurrence,piecewise-linear,run,sparse,copy --transforms identity --segmentation fixed --segment-size 4096 '<repo>/datasets/data/canterbury/alice29.txt' '<work>/archive.mz'"",""'<repo>/target/release/mathzip' compress --mode balanced --max-input-bytes 8589934592 --no-sync --force --models raw,constant,affine,polynomial,periodic,recurrence,piecewise-linear,run,sparse,copy --transforms identity --segmentation fixed --segment-size 4096 --metrics-output '<work>/metrics-probe.mz.metrics.json' '<repo>/datasets/data/canterbury/alice29.txt' '<work>/metrics-probe.mz'"",""'<repo>/target/release/mathzip' decompress --max-archive-bytes 17179869184 --max-output-bytes 8589934592 --max-segments 8388608 --no-sync --force '<work>/archive.mz' '<work>/restored.bin'""]",{}
mathzip-benchmark-results-v1,20260724T032334Z-aca5bed4,ablation,canterbury_ablation,datasets/data/canterbury/alice29.txt,alice29.txt,Upstream files retain their original terms; see dataset manifest,datasets/manifests/canterbury.json,datasets/data/canterbury/dataset.json,30daaac9157db37ceda0cc444f6c9c304e91cf17e0164d0a12bc354539937151,true,7467306ee0feed4971260f3c87421154a05be571d944e9cb021a5713700c38f0,4.567680212177265,152089,ablation-05-adaptive-constant,mathzip,balanced,05 adaptive segmentation + constant,1,ok,,3,3,133111,1.1425727400440233,0.1247821998961135,12.47821998961135,7.001742400831092,0.0,0.3449166719947243,0.00964412400207948,0.4409441826063029,15.770120745772903,0.344187000000602,0.00872700000036275,4694016.0,true,true,b2344b7aa40428135d00037287b2c0f49cf650ab0754d89947f6456130fbcef5,7467306ee0feed4971260f3c87421154a05be571d944e9cb021a5713700c38f0,"[{""type"":""identity""}]",6,25348.166666666668,29696.0,"{""constant"":1,""raw"":5}","{""bit_pack"":5,""zero_run"":1}",1,216,132774,120,98.65342003695204,0.0,4.644089878853937,132774,1,0,0.00744169,0.003596,0.3270036,"[""'<repo>/target/release/mathzip' compress --mode balanced --max-input-bytes 8589934592 --no-sync --force --models raw,constant --transforms identity --segmentation adaptive '<repo>/datasets/data/canterbury/alice29.txt' '<work>/archive.mz'"",""'<repo>/target/release/mathzip' compress --mode balanced --max-input-bytes 8589934592 --no-sync --force --models raw,constant --transforms identity --segmentation adaptive --metrics-output '<work>/metrics-probe.mz.metrics.json' '<repo>/datasets/data/canterbury/alice29.txt' '<work>/metrics-probe.mz'"",""'<repo>/target/release/mathzip' decompress --max-archive-bytes 17179869184 --max-output-bytes 8589934592 --max-segments 8388608 --no-sync --force '<work>/archive.mz' '<work>/restored.bin'""]",{}
mathzip-benchmark-results-v1,20260724T032334Z-aca5bed4,ablation,canterbury_ablation,datasets/data/canterbury/alice29.txt,alice29.txt,Upstream files retain their original terms; see dataset manifest,datasets/manifests/canterbury.json,datasets/data/canterbury/dataset.json,30daaac9157db37ceda0cc444f6c9c304e91cf17e0164d0a12bc354539937151,true,7467306ee0feed4971260f3c87421154a05be571d944e9cb021a5713700c38f0,4.567680212177265,152089,ablation-06-adaptive-linear,mathzip,balanced,06 adaptive + constant/linear,1,ok,,3,3,133111,1.1425727400440233,0.1247821998961135,12.47821998961135,7.001742400831092,0.0,0.5231139780007652,0.009332201996585354,0.29073778640221604,16.29722546250598,0.5222830000002432,0.00853099999949336,4648960.0,true,true,b2344b7aa40428135d00037287b2c0f49cf650ab0754d89947f6456130fbcef5,7467306ee0feed4971260f3c87421154a05be571d944e9cb021a5713700c38f0,"[{""type"":""identity""}]",6,25348.166666666668,29696.0,"{""constant"":1,""raw"":5}","{""bit_pack"":5,""zero_run"":1}",1,216,132774,120,98.65342003695204,0.0,4.644089878853937,132774,1,0,0.007720655,0.010047162,0.502415651,"[""'<repo>/target/release/mathzip' compress --mode balanced --max-input-bytes 8589934592 --no-sync --force --models raw,constant,affine --transforms identity --segmentation adaptive '<repo>/datasets/data/canterbury/alice29.txt' '<work>/archive.mz'"",""'<repo>/target/release/mathzip' compress --mode balanced --max-input-bytes 8589934592 --no-sync --force --models raw,constant,affine --transforms identity --segmentation adaptive --metrics-output '<work>/metrics-probe.mz.metrics.json' '<repo>/datasets/data/canterbury/alice29.txt' '<work>/metrics-probe.mz'"",""'<repo>/target/release/mathzip' decompress --max-archive-bytes 17179869184 --max-output-bytes 8589934592 --max-segments 8388608 --no-sync --force '<work>/archive.mz' '<work>/restored.bin'""]",{}
mathzip-benchmark-results-v1,20260724T032334Z-aca5bed4,ablation,canterbury_ablation,datasets/data/canterbury/alice29.txt,alice29.txt,Upstream files retain their original terms; see dataset manifest,datasets/manifests/canterbury.json,datasets/data/canterbury/dataset.json,30daaac9157db37ceda0cc444f6c9c304e91cf17e0164d0a12bc354539937151,true,7467306ee0feed4971260f3c87421154a05be571d944e9cb021a5713700c38f0,4.567680212177265,152089,ablation-07-add-polynomial,mathzip,balanced,07 add polynomial,1,ok,,3,3,133111,1.1425727400440233,0.1247821998961135,12.47821998961135,7.001742400831092,0.0,0.7978422099986346,0.009406309000041801,0.19062541201005181,16.16882881471618,0.7968509999991511,0.008585000001403387,4698112.0,true,true,b2344b7aa40428135d00037287b2c0f49cf650ab0754d89947f6456130fbcef5,7467306ee0feed4971260f3c87421154a05be571d944e9cb021a5713700c38f0,"[{""type"":""identity""}]",6,25348.166666666668,29696.0,"{""constant"":1,""raw"":5}","{""bit_pack"":5,""zero_run"":1}",1,216,132774,120,98.65342003695204,0.0,4.644089878853937,132774,1,0,0.008518222,0.010093016,0.775170732,"[""'<repo>/target/release/mathzip' compress --mode balanced --max-input-bytes 8589934592 --no-sync --force --models raw,constant,affine,polynomial --transforms identity --segmentation adaptive '<repo>/datasets/data/canterbury/alice29.txt' '<work>/archive.mz'"",""'<repo>/target/release/mathzip' compress --mode balanced --max-input-bytes 8589934592 --no-sync --force --models raw,constant,affine,polynomial --transforms identity --segmentation adaptive --metrics-output '<work>/metrics-probe.mz.metrics.json' '<repo>/datasets/data/canterbury/alice29.txt' '<work>/metrics-probe.mz'"",""'<repo>/target/release/mathzip' decompress --max-archive-bytes 17179869184 --max-output-bytes 8589934592 --max-segments 8388608 --no-sync --force '<work>/archive.mz' '<work>/restored.bin'""]",{}
mathzip-benchmark-results-v1,20260724T032334Z-aca5bed4,ablation,canterbury_ablation,datasets/data/canterbury/alice29.txt,alice29.txt,Upstream files retain their original terms; see dataset manifest,datasets/manifests/canterbury.json,datasets/data/canterbury/dataset.json,30daaac9157db37ceda0cc444f6c9c304e91cf17e0164d0a12bc354539937151,true,7467306ee0feed4971260f3c87421154a05be571d944e9cb021a5713700c38f0,4.567680212177265,152089,ablation-08-add-periodic,mathzip,balanced,08 add periodic,1,ok,,3,3,133111,1.1425727400440233,0.1247821998961135,12.47821998961135,7.001742400831092,0.0,1.6393026469959295,0.009072542998183053,0.09277664516598419,16.763657116914043,1.6381509999991977,0.008311999999932596,4644864.0,true,true,b2344b7aa40428135d00037287b2c0f49cf650ab0754d89947f6456130fbcef5,7467306ee0feed4971260f3c87421154a05be571d944e9cb021a5713700c38f0,"[{""type"":""identity""}]",6,25348.166666666668,29696.0,"{""constant"":1,""raw"":5}","{""bit_pack"":5,""zero_run"":1}",1,216,132774,120,98.65342003695204,0.0,4.644089878853937,132774,1,0,0.011490283,0.070630289,1.5847794450000001,"[""'<repo>/target/release/mathzip' compress --mode balanced --max-input-bytes 8589934592 --no-sync --force --models raw,constant,affine,polynomial,periodic --transforms identity --segmentation adaptive '<repo>/datasets/data/canterbury/alice29.txt' '<work>/archive.mz'"",""'<repo>/target/release/mathzip' compress --mode balanced --max-input-bytes 8589934592 --no-sync --force --models raw,constant,affine,polynomial,periodic --transforms identity --segmentation adaptive --metrics-output '<work>/metrics-probe.mz.metrics.json' '<repo>/datasets/data/canterbury/alice29.txt' '<work>/metrics-probe.mz'"",""'<repo>/target/release/mathzip' decompress --max-archive-bytes 17179869184 --max-output-bytes 8589934592 --max-segments 8388608 --no-sync --force '<work>/archive.mz' '<work>/restored.bin'""]",{}
mathzip-benchmark-results-v1,20260724T032334Z-aca5bed4,ablation,canterbury_ablation,datasets/data/canterbury/alice29.txt,alice29.txt,Upstream files retain their original terms; see dataset manifest,datasets/manifests/canterbury.json,datasets/data/canterbury/dataset.json,30daaac9157db37ceda0cc444f6c9c304e91cf17e0164d0a12bc354539937151,true,7467306ee0feed4971260f3c87421154a05be571d944e9cb021a5713700c38f0,4.567680212177265,152089,ablation-09-add-recurrence,mathzip,balanced,09 add recurrence,1,ok,,3,3,133030,1.1432684356911975,0.12531478279165487,12.531478279165487,6.997481737666761,0.0,2.6459001559996977,0.009601264995581005,0.05748100496352115,15.840516855851721,2.6438859999980195,0.00850699999864446,4673536.0,true,true,1edd6b3cbe6be59470b81e16e8b01b8a23a5fe11aaab17e2305d34202f89ed0d,7467306ee0feed4971260f3c87421154a05be571d944e9cb021a5713700c38f0,"[{""type"":""identity""}]",6,25348.166666666668,29696.0,"{""raw"":5,""recurrence"":1}","{""bit_pack"":5,""zero_run"":1}",3,216,132691,120,98.65342003695204,0.0,4.672038093692398,132691,1,0,0.010616502,0.070029133,2.558785537,"[""'<repo>/target/release/mathzip' compress --mode balanced --max-input-bytes 8589934592 --no-sync --force --models raw,constant,affine,polynomial,periodic,recurrence --transforms identity --segmentation adaptive '<repo>/datasets/data/canterbury/alice29.txt' '<work>/archive.mz'"",""'<repo>/target/release/mathzip' compress --mode balanced --max-input-bytes 8589934592 --no-sync --force --models raw,constant,affine,polynomial,periodic,recurrence --transforms identity --segmentation adaptive --metrics-output '<work>/metrics-probe.mz.metrics.json' '<repo>/datasets/data/canterbury/alice29.txt' '<work>/metrics-probe.mz'"",""'<repo>/target/release/mathzip' decompress --max-archive-bytes 17179869184 --max-output-bytes 8589934592 --max-segments 8388608 --no-sync --force '<work>/archive.mz' '<work>/restored.bin'""]",{}
mathzip-benchmark-results-v1,20260724T032334Z-aca5bed4,ablation,canterbury_ablation,datasets/data/canterbury/alice29.txt,alice29.txt,Upstream files retain their original terms; see dataset manifest,datasets/manifests/canterbury.json,datasets/data/canterbury/dataset.json,30daaac9157db37ceda0cc444f6c9c304e91cf17e0164d0a12bc354539937151,true,7467306ee0feed4971260f3c87421154a05be571d944e9cb021a5713700c38f0,4.567680212177265,152089,ablation-10-add-bit-plane,mathzip,balanced,10 add bit-plane,1,ok,,3,3,126662,1.2007468696215124,0.16718500351767718,16.718500351767716,6.662519971858583,0.0,4.41889202499442,0.0104956100039999,0.03441790365995468,14.490725164334284,4.400041000000783,0.009653000000980683,4730880.0,true,true,fde7fe6d3a772d83876032b59dbfc3e75af0202c0b29f630f95fc7fa0ad9cc4d,7467306ee0feed4971260f3c87421154a05be571d944e9cb021a5713700c38f0,"[{""type"":""bit_plane""}]",9,16898.777777777777,18432.0,"{""constant"":3,""raw"":5,""recurrence"":1}","{""raw"":5,""sparse"":1,""zero_run"":3}",8,324,126210,120,73.3886079861134,73.3886079861134,6.685952773411136,126210,4,0,0.020994373,0.160239655,4.234393074,"[""'<repo>/target/release/mathzip' compress --mode balanced --max-input-bytes 8589934592 --no-sync --force --models raw,constant,affine,polynomial,periodic,recurrence --transforms identity,bit-plane --segmentation adaptive '<repo>/datasets/data/canterbury/alice29.txt' '<work>/archive.mz'"",""'<repo>/target/release/mathzip' compress --mode balanced --max-input-bytes 8589934592 --no-sync --force --models raw,constant,affine,polynomial,periodic,recurrence --transforms identity,bit-plane --segmentation adaptive --metrics-output '<work>/metrics-probe.mz.metrics.json' '<repo>/datasets/data/canterbury/alice29.txt' '<work>/metrics-probe.mz'"",""'<repo>/target/release/mathzip' decompress --max-archive-bytes 17179869184 --max-output-bytes 8589934592 --max-segments 8388608 --no-sync --force '<work>/archive.mz' '<work>/restored.bin'""]",{}
mathzip-benchmark-results-v1,20260724T032334Z-aca5bed4,ablation,canterbury_ablation,datasets/data/canterbury/alice29.txt,alice29.txt,Upstream files retain their original terms; see dataset manifest,datasets/manifests/canterbury.json,datasets/data/canterbury/dataset.json,30daaac9157db37ceda0cc444f6c9c304e91cf17e0164d0a12bc354539937151,true,7467306ee0feed4971260f3c87421154a05be571d944e9cb021a5713700c38f0,4.567680212177265,152089,ablation-11-add-stride,mathzip,balanced,11 add stride transpose,1,ok,,3,3,126662,1.2007468696215124,0.16718500351767718,16.718500351767716,6.662519971858583,0.0,19.096585669998603,0.01070443899516249,0.00796419855508187,14.2080308990253,19.033508999998958,0.009877000000415137,5091328.0,true,true,fde7fe6d3a772d83876032b59dbfc3e75af0202c0b29f630f95fc7fa0ad9cc4d,7467306ee0feed4971260f3c87421154a05be571d944e9cb021a5713700c38f0,"[{""type"":""bit_plane""}]",9,16898.777777777777,18432.0,"{""constant"":3,""raw"":5,""recurrence"":1}","{""raw"":5,""sparse"":1,""zero_run"":3}",8,324,126210,120,73.3886079861134,73.3886079861134,6.685952773411136,126210,4,0,0.06077383,0.495573201,18.466094236,"[""'<repo>/target/release/mathzip' compress --mode balanced --max-input-bytes 8589934592 --no-sync --force --models raw,constant,affine,polynomial,periodic,recurrence --transforms identity,bit-plane,stride --segmentation adaptive '<repo>/datasets/data/canterbury/alice29.txt' '<work>/archive.mz'"",""'<repo>/target/release/mathzip' compress --mode balanced --max-input-bytes 8589934592 --no-sync --force --models raw,constant,affine,polynomial,periodic,recurrence --transforms identity,bit-plane,stride --segmentation adaptive --metrics-output '<work>/metrics-probe.mz.metrics.json' '<repo>/datasets/data/canterbury/alice29.txt' '<work>/metrics-probe.mz'"",""'<repo>/target/release/mathzip' decompress --max-archive-bytes 17179869184 --max-output-bytes 8589934592 --max-segments 8388608 --no-sync --force '<work>/archive.mz' '<work>/restored.bin'""]",{}
mathzip-benchmark-results-v1,20260724T032334Z-aca5bed4,ablation,canterbury_ablation,datasets/data/canterbury/alice29.txt,alice29.txt,Upstream files retain their original terms; see dataset manifest,datasets/manifests/canterbury.json,datasets/data/canterbury/dataset.json,30daaac9157db37ceda0cc444f6c9c304e91cf17e0164d0a12bc354539937151,true,7467306ee0feed4971260f3c87421154a05be571d944e9cb021a5713700c38f0,4.567680212177265,152089,ablation-12-add-copy,mathzip,balanced,12 add copy/reference,1,ok,,3,3,126662,1.2007468696215124,0.16718500351767718,16.718500351767716,6.662519971858583,0.0,19.085200424000504,0.01120632699894486,0.00796894958507961,13.57170819790642,18.988585999999486,0.009567000000970438,5234688.0,true,true,fde7fe6d3a772d83876032b59dbfc3e75af0202c0b29f630f95fc7fa0ad9cc4d,7467306ee0feed4971260f3c87421154a05be571d944e9cb021a5713700c38f0,"[{""type"":""bit_plane""}]",9,16898.777777777777,18432.0,"{""constant"":3,""raw"":5,""recurrence"":1}","{""raw"":5,""sparse"":1,""zero_run"":3}",8,324,126210,120,73.3886079861134,73.3886079861134,6.685952773411136,126210,4,0,0.060570331,0.49700953,18.537783136,"[""'<repo>/target/release/mathzip' compress --mode balanced --max-input-bytes 8589934592 --no-sync --force --models raw,constant,affine,polynomial,periodic,recurrence,copy --transforms identity,bit-plane,stride --segmentation adaptive '<repo>/datasets/data/canterbury/alice29.txt' '<work>/archive.mz'"",""'<repo>/target/release/mathzip' compress --mode balanced --max-input-bytes 8589934592 --no-sync --force --models raw,constant,affine,polynomial,periodic,recurrence,copy --transforms identity,bit-plane,stride --segmentation adaptive --metrics-output '<work>/metrics-probe.mz.metrics.json' '<repo>/datasets/data/canterbury/alice29.txt' '<work>/metrics-probe.mz'"",""'<repo>/target/release/mathzip' decompress --max-archive-bytes 17179869184 --max-output-bytes 8589934592 --max-segments 8388608 --no-sync --force '<work>/archive.mz' '<work>/restored.bin'""]",{}
mathzip-benchmark-results-v1,20260724T032334Z-aca5bed4,ablation,canterbury_ablation,datasets/data/canterbury/alice29.txt,alice29.txt,Upstream files retain their original terms; see dataset manifest,datasets/manifests/canterbury.json,datasets/data/canterbury/dataset.json,30daaac9157db37ceda0cc444f6c9c304e91cf17e0164d0a12bc354539937151,true,7467306ee0feed4971260f3c87421154a05be571d944e9cb021a5713700c38f0,4.567680212177265,152089,ablation-13-custom-residual,mathzip,balanced,13 custom residual coders,1,ok,,3,3,126662,1.2007468696215124,0.16718500351767718,16.718500351767716,6.662519971858583,0.0,29.260808822997205,0.010597945998597424,0.005197703211828763,14.350799675722833,29.245112000000518,0.009837999999945168,5533696.0,true,true,fde7fe6d3a772d83876032b59dbfc3e75af0202c0b29f630f95fc7fa0ad9cc4d,7467306ee0feed4971260f3c87421154a05be571d944e9cb021a5713700c38f0,"[{""type"":""bit_plane""}]",9,16898.777777777777,18432.0,"{""constant"":3,""raw"":5,""recurrence"":1}","{""raw"":5,""sparse"":1,""zero_run"":3}",8,324,126210,120,73.3886079861134,73.3886079861134,6.685952773411136,126210,4,0,0.080839536,1.074184889,28.295655772,"[""'<repo>/target/release/mathzip' compress --mode balanced --max-input-bytes 8589934592 --no-sync --force --residual-coders raw,rle,zero-run,sparse,bit-pack '<repo>/datasets/data/canterbury/alice29.txt' '<work>/archive.mz'"",""'<repo>/target/release/mathzip' compress --mode balanced --max-input-bytes 8589934592 --no-sync --force --residual-coders raw,rle,zero-run,sparse,bit-pack --metrics-output '<work>/metrics-probe.mz.metrics.json' '<repo>/datasets/data/canterbury/alice29.txt' '<work>/metrics-probe.mz'"",""'<repo>/target/release/mathzip' decompress --max-archive-bytes 17179869184 --max-output-bytes 8589934592 --max-segments 8388608 --no-sync --force '<work>/archive.mz' '<work>/restored.bin'""]",{}
mathzip-benchmark-results-v1,20260724T032334Z-aca5bed4,ablation,canterbury_ablation,datasets/data/canterbury/alice29.txt,alice29.txt,Upstream files retain their original terms; see dataset manifest,datasets/manifests/canterbury.json,datasets/data/canterbury/dataset.json,30daaac9157db37ceda0cc444f6c9c304e91cf17e0164d0a12bc354539937151,true,7467306ee0feed4971260f3c87421154a05be571d944e9cb021a5713700c38f0,4.567680212177265,152089,ablation-14-zstd-residual,mathzip,balanced,14 mathematical models + Zstd residual,1,ok,,3,3,61884,2.457646564540107,0.5931066678063502,59.310666780635025,3.255146657549198,0.0,17.811702687002253,0.007107342004019301,0.008538712029534606,21.398857676187742,17.765897000001132,0.0063909999989846256,5881856.0,true,true,f5509553de4d36204ee99d9dfa5721586e9208217df1ea66cbb08e28dd34e2f3,7467306ee0feed4971260f3c87421154a05be571d944e9cb021a5713700c38f0,"[{""type"":""identity""}]",5,30417.8,29696.0,"{""constant"":5}","{""zstd"":5}",5,180,61579,120,0.0,0.0,4.5676802121772635,61579,5,1,0.07667187,1.036762403,16.857079771,"[""'<repo>/target/release/mathzip' compress --mode balanced --max-input-bytes 8589934592 --no-sync --force --models constant,affine,polynomial,periodic,recurrence,piecewise-linear,run,sparse --residual-coders zstd --no-copy-model '<repo>/datasets/data/canterbury/alice29.txt' '<work>/archive.mz'"",""'<repo>/target/release/mathzip' compress --mode balanced --max-input-bytes 8589934592 --no-sync --force --models constant,affine,polynomial,periodic,recurrence,piecewise-linear,run,sparse --residual-coders zstd --no-copy-model --metrics-output '<work>/metrics-probe.mz.metrics.json' '<repo>/datasets/data/canterbury/alice29.txt' '<work>/metrics-probe.mz'"",""'<repo>/target/release/mathzip' decompress --max-archive-bytes 17179869184 --max-output-bytes 8589934592 --max-segments 8388608 --no-sync --force '<work>/archive.mz' '<work>/restored.bin'""]",{}
mathzip-benchmark-results-v1,20260724T032334Z-aca5bed4,ablation,canterbury_ablation,datasets/data/canterbury/alice29.txt,alice29.txt,Upstream files retain their original terms; see dataset manifest,datasets/manifests/canterbury.json,datasets/data/canterbury/dataset.json,30daaac9157db37ceda0cc444f6c9c304e91cf17e0164d0a12bc354539937151,true,7467306ee0feed4971260f3c87421154a05be571d944e9cb021a5713700c38f0,4.567680212177265,152089,ablation-15-no-transform,mathzip,balanced,15 identity transform only,1,ok,,3,3,133030,1.1432684356911975,0.12531478279165487,12.531478279165487,6.997481737666761,0.0,3.318107012004475,0.009206250993884169,0.04583607443936015,16.520188304776255,3.3157029999983934,0.008558999999877415,5238784.0,true,true,1edd6b3cbe6be59470b81e16e8b01b8a23a5fe11aaab17e2305d34202f89ed0d,7467306ee0feed4971260f3c87421154a05be571d944e9cb021a5713700c38f0,"[{""type"":""identity""}]",6,25348.166666666668,29696.0,"{""raw"":5,""recurrence"":1}","{""bit_pack"":5,""zero_run"":1}",3,216,132691,120,98.65342003695204,0.0,4.672038093692398,132691,1,0,0.011209623,0.116944191,3.2210561970000002,"[""'<repo>/target/release/mathzip' compress --mode balanced --max-input-bytes 8589934592 --no-sync --force --transforms identity '<repo>/datasets/data/canterbury/alice29.txt' '<work>/archive.mz'"",""'<repo>/target/release/mathzip' compress --mode balanced --max-input-bytes 8589934592 --no-sync --force --transforms identity --metrics-output '<work>/metrics-probe.mz.metrics.json' '<repo>/datasets/data/canterbury/alice29.txt' '<work>/metrics-probe.mz'"",""'<repo>/target/release/mathzip' decompress --max-archive-bytes 17179869184 --max-output-bytes 8589934592 --max-segments 8388608 --no-sync --force '<work>/archive.mz' '<work>/restored.bin'""]",{}
mathzip-benchmark-results-v1,20260724T032334Z-aca5bed4,ablation,canterbury_ablation,datasets/data/canterbury/alice29.txt,alice29.txt,Upstream files retain their original terms; see dataset manifest,datasets/manifests/canterbury.json,datasets/data/canterbury/dataset.json,30daaac9157db37ceda0cc444f6c9c304e91cf17e0164d0a12bc354539937151,true,7467306ee0feed4971260f3c87421154a05be571d944e9cb021a5713700c38f0,4.567680212177265,152089,ablation-16-no-adaptive-partition,mathzip,balanced,16 fixed partition,1,ok,,3,3,128192,1.1864156889665503,0.15712510437967242,15.712510437967243,6.742999164962621,0.0,1.0040293419951922,0.01062729700061027,0.15147864075144557,14.311164917218964,1.0023419999997714,0.00949899999977788,4526080.0,true,true,9c74edf4b99414fbf2f77b6fa54cb55bdc7a0e4e007fc847e52e047ba8dfd000,7467306ee0feed4971260f3c87421154a05be571d944e9cb021a5713700c38f0,"[{""type"":""bit_plane""}]",38,4002.342105263158,4096.0,"{""constant"":5,""raw"":32,""recurrence"":1}","{""raw"":24,""sparse"":8,""zero_run"":6}",14,1368,126690,120,83.84104044342457,64.6358382263017,6.713116163467382,126690,6,0,0.031560774,0.084471265,0.884268949,"[""'<repo>/target/release/mathzip' compress --mode balanced --max-input-bytes 8589934592 --no-sync --force --segmentation fixed --segment-size 4096 '<repo>/datasets/data/canterbury/alice29.txt' '<work>/archive.mz'"",""'<repo>/target/release/mathzip' compress --mode balanced --max-input-bytes 8589934592 --no-sync --force --segmentation fixed --segment-size 4096 --metrics-output '<work>/metrics-probe.mz.metrics.json' '<repo>/datasets/data/canterbury/alice29.txt' '<work>/metrics-probe.mz'"",""'<repo>/target/release/mathzip' decompress --max-archive-bytes 17179869184 --max-output-bytes 8589934592 --max-segments 8388608 --no-sync --force '<work>/archive.mz' '<work>/restored.bin'""]",{}
mathzip-benchmark-results-v1,20260724T032334Z-aca5bed4,ablation,canterbury_ablation,datasets/data/canterbury/alice29.txt,alice29.txt,Upstream files retain their original terms; see dataset manifest,datasets/manifests/canterbury.json,datasets/data/canterbury/dataset.json,30daaac9157db37ceda0cc444f6c9c304e91cf17e0164d0a12bc354539937151,true,7467306ee0feed4971260f3c87421154a05be571d944e9cb021a5713700c38f0,4.567680212177265,152089,ablation-17-no-raw-fallback,mathzip,balanced,17 no raw fallback,1,ok,,3,3,126667,1.2006994718434951,0.167152128030298,16.7152128030298,6.662782975757616,0.0,28.484546662002685,0.010372645003371872,0.0053393512561279765,14.662508930996857,28.244151999999303,0.00961000000097556,5545984.0,true,true,83400fbe142a5bd05a72f02f4dcef47b4004bd56cd257ecf8c2941426a6ad0ab,7467306ee0feed4971260f3c87421154a05be571d944e9cb021a5713700c38f0,"[{""type"":""bit_plane""}]",9,16898.777777777777,18432.0,"{""constant"":8,""recurrence"":1}","{""raw"":5,""sparse"":1,""zero_run"":3}",13,324,126210,120,0.0,0.0,6.564947005919906,126210,4,0,0.075502317,1.110768665,27.164316306,"[""'<repo>/target/release/mathzip' compress --mode balanced --max-input-bytes 8589934592 --no-sync --force --no-raw-fallback --models constant,affine,polynomial,periodic,recurrence,piecewise-linear,run,sparse,copy '<repo>/datasets/data/canterbury/alice29.txt' '<work>/archive.mz'"",""'<repo>/target/release/mathzip' compress --mode balanced --max-input-bytes 8589934592 --no-sync --force --no-raw-fallback --models constant,affine,polynomial,periodic,recurrence,piecewise-linear,run,sparse,copy --metrics-output '<work>/metrics-probe.mz.metrics.json' '<repo>/datasets/data/canterbury/alice29.txt' '<work>/metrics-probe.mz'"",""'<repo>/target/release/mathzip' decompress --max-archive-bytes 17179869184 --max-output-bytes 8589934592 --max-segments 8388608 --no-sync --force '<work>/archive.mz' '<work>/restored.bin'""]",{}
mathzip-benchmark-results-v1,20260724T032334Z-aca5bed4,ablation,canterbury_ablation,datasets/data/canterbury/alice29.txt,alice29.txt,Upstream files retain their original terms; see dataset manifest,datasets/manifests/canterbury.json,datasets/data/canterbury/dataset.json,30daaac9157db37ceda0cc444f6c9c304e91cf17e0164d0a12bc354539937151,true,7467306ee0feed4971260f3c87421154a05be571d944e9cb021a5713700c38f0,4.567680212177265,152089,ablation-18-fast,mathzip,fast,18 fast mode,1,ok,,3,3,133568,1.1386634523239099,0.12177738034966368,12.177738034966367,7.025780957202691,0.0,0.13382173600257374,0.00930427000275813,1.136504461405843,16.346150740994744,0.1310989999983576,0.008529999999154825,4378624.0,true,true,0f57531997d66a7dbd4b2ea6cfc45c569ae144d343f8a30e86cf3e05891f4375,7467306ee0feed4971260f3c87421154a05be571d944e9cb021a5713700c38f0,"[{""type"":""identity""}]",10,15208.9,16384.0,"{""raw"":10}","{""bit_pack"":10}",0,360,133088,120,100.0,0.0,4.567680212177265,133088,0,0,0.011017831,0.001714653,0.113628388,"[""'<repo>/target/release/mathzip' compress --mode fast --max-input-bytes 8589934592 --no-sync --force '<repo>/datasets/data/canterbury/alice29.txt' '<work>/archive.mz'"",""'<repo>/target/release/mathzip' compress --mode fast --max-input-bytes 8589934592 --no-sync --force --metrics-output '<work>/metrics-probe.mz.metrics.json' '<repo>/datasets/data/canterbury/alice29.txt' '<work>/metrics-probe.mz'"",""'<repo>/target/release/mathzip' decompress --max-archive-bytes 17179869184 --max-output-bytes 8589934592 --max-segments 8388608 --no-sync --force '<work>/archive.mz' '<work>/restored.bin'""]",{}
mathzip-benchmark-results-v1,20260724T032334Z-aca5bed4,ablation,canterbury_ablation,datasets/data/canterbury/alice29.txt,alice29.txt,Upstream files retain their original terms; see dataset manifest,datasets/manifests/canterbury.json,datasets/data/canterbury/dataset.json,30daaac9157db37ceda0cc444f6c9c304e91cf17e0164d0a12bc354539937151,true,7467306ee0feed4971260f3c87421154a05be571d944e9cb021a5713700c38f0,4.567680212177265,152089,ablation-19-balanced,mathzip,balanced,19 balanced mode,1,ok,,3,3,126662,1.2007468696215124,0.16718500351767718,16.718500351767716,6.662519971858583,0.0,29.260251127998345,0.011435502994572744,0.005197802279094937,13.29972105924689,29.242921999999453,0.009599000000889646,5558272.0,true,true,fde7fe6d3a772d83876032b59dbfc3e75af0202c0b29f630f95fc7fa0ad9cc4d,7467306ee0feed4971260f3c87421154a05be571d944e9cb021a5713700c38f0,"[{""type"":""bit_plane""}]",9,16898.777777777777,18432.0,"{""constant"":3,""raw"":5,""recurrence"":1}","{""raw"":5,""sparse"":1,""zero_run"":3}",8,324,126210,120,73.3886079861134,73.3886079861134,6.685952773411136,126210,4,0,0.079653918,1.073680792,28.231095507,"[""'<repo>/target/release/mathzip' compress --mode balanced --max-input-bytes 8589934592 --no-sync --force '<repo>/datasets/data/canterbury/alice29.txt' '<work>/archive.mz'"",""'<repo>/target/release/mathzip' compress --mode balanced --max-input-bytes 8589934592 --no-sync --force --metrics-output '<work>/metrics-probe.mz.metrics.json' '<repo>/datasets/data/canterbury/alice29.txt' '<work>/metrics-probe.mz'"",""'<repo>/target/release/mathzip' decompress --max-archive-bytes 17179869184 --max-output-bytes 8589934592 --max-segments 8388608 --no-sync --force '<work>/archive.mz' '<work>/restored.bin'""]",{}
mathzip-benchmark-results-v1,20260724T032334Z-aca5bed4,ablation,canterbury_ablation,datasets/data/canterbury/alice29.txt,alice29.txt,Upstream files retain their original terms; see dataset manifest,datasets/manifests/canterbury.json,datasets/data/canterbury/dataset.json,30daaac9157db37ceda0cc444f6c9c304e91cf17e0164d0a12bc354539937151,true,7467306ee0feed4971260f3c87421154a05be571d944e9cb021a5713700c38f0,4.567680212177265,152089,ablation-20-max,mathzip,max,20 max mode,1,ok,,3,3,126838,1.1990807171352433,0.16602778636193283,16.602778636193282,6.671777709104537,0.0,589.4100363240068,0.010211946006165817,0.00025803598620162383,14.893243648974542,587.8617760000016,0.009503999999651569,7036928.0,true,true,ef1a135681619499de31fc4b58d5775295daa007bff426218dcf76efc4229c74,7467306ee0feed4971260f3c87421154a05be571d944e9cb021a5713700c38f0,"[{""type"":""bit_plane""}]",17,8946.411764705883,7168.0,"{""constant"":3,""raw"":14}","{""raw"":11,""sparse"":1,""zero_run"":5}",3,612,126103,120,87.37581284642545,72.37867301382742,6.678848785770778,126103,3,2,0.999731273,129.111359279,460.812803103,"[""'<repo>/target/release/mathzip' compress --mode max --max-input-bytes 8589934592 --no-sync --force '<repo>/datasets/data/canterbury/alice29.txt' '<work>/archive.mz'"",""'<repo>/target/release/mathzip' compress --mode max --max-input-bytes 8589934592 --no-sync --force --metrics-output '<work>/metrics-probe.mz.metrics.json' '<repo>/datasets/data/canterbury/alice29.txt' '<work>/metrics-probe.mz'"",""'<repo>/target/release/mathzip' decompress --max-archive-bytes 17179869184 --max-output-bytes 8589934592 --max-segments 8388608 --no-sync --force '<work>/archive.mz' '<work>/restored.bin'""]",{}
mathzip-benchmark-results-v1,20260724T032334Z-aca5bed4,ablation,canterbury_ablation,datasets/data/canterbury/alice29.txt,alice29.txt,Upstream files retain their original terms; see dataset manifest,datasets/manifests/canterbury.json,datasets/data/canterbury/dataset.json,30daaac9157db37ceda0cc444f6c9c304e91cf17e0164d0a12bc354539937151,true,7467306ee0feed4971260f3c87421154a05be571d944e9cb021a5713700c38f0,4.567680212177265,152089,zstd-default,zstd,default,,1,ok,,3,3,56999,2.668274882015474,0.6252260189757313,62.522601897573125,2.9981918481941494,0.0,0.008332823003001977,0.005431045006844215,18.251797733518224,28.003634624337877,0.007699000001593959,0.0050069999997504056,356352.0,true,true,50aefc02ba3aacc60db19de002314db2d9ed846984367027c69c8518cd7dd670,7467306ee0feed4971260f3c87421154a05be571d944e9cb021a5713700c38f0,,,,,,,,,,,,,,,,,,,,"[""'<external>/zstd' -q -d -c '<work>/archive.zst'"",""'<external>/zstd' -q -f -T1 -3 -c '<repo>/datasets/data/canterbury/alice29.txt'""]",{}
mathzip-benchmark-results-v1,20260724T032334Z-aca5bed4,ablation,canterbury_ablation,datasets/data/canterbury/kennedy.xls,kennedy.xls,Upstream files retain their original terms; see dataset manifest,datasets/manifests/canterbury.json,datasets/data/canterbury/dataset.json,30daaac9157db37ceda0cc444f6c9c304e91cf17e0164d0a12bc354539937151,true,9af47239ca29dfe20e633f80bbbb9a4cc9783d0803d7b2b5626f42e4c3790420,3.573470858581421,1029744,ablation-01-raw-only,mathzip,balanced,01 raw only,1,ok,,3,3,1029900,0.9998485289833965,-0.00015149396354829925,-0.015149396354829925,8.001211951708386,0.015149396354829925,0.050146551002399065,0.024762689005001448,20.53469240488216,41.58449834717131,0.04901099999551661,0.023604999998497078,10637312.0,true,true,68475d8d988a50afcb80605ce4296d16c2c05845bbad2f6afe691a6cfa832f43,9af47239ca29dfe20e633f80bbbb9a4cc9783d0803d7b2b5626f42e4c3790420,"[{""type"":""identity""}]",1,1029744.0,1029744.0,"{""raw"":1}","{""raw"":1}",0,36,1029744,120,100.0,100.0,3.573470858581421,1029744,0,0,0.03967656,0.001266382,0.001427899,"[""'<repo>/target/release/mathzip' compress --mode balanced --max-input-bytes 8589934592 --no-sync --force --models raw --residual-coders raw --transforms identity --segmentation fixed '<repo>/datasets/data/canterbury/kennedy.xls' '<work>/archive.mz'"",""'<repo>/target/release/mathzip' compress --mode balanced --max-input-bytes 8589934592 --no-sync --force --models raw --residual-coders raw --transforms identity --segmentation fixed --metrics-output '<work>/metrics-probe.mz.metrics.json' '<repo>/datasets/data/canterbury/kennedy.xls' '<work>/metrics-probe.mz'"",""'<repo>/target/release/mathzip' decompress --max-archive-bytes 17179869184 --max-output-bytes 8589934592 --max-segments 8388608 --no-sync --force '<work>/archive.mz' '<work>/restored.bin'""]",{}
mathzip-benchmark-results-v1,20260724T032334Z-aca5bed4,ablation,canterbury_ablation,datasets/data/canterbury/kennedy.xls,kennedy.xls,Upstream files retain their original terms; see dataset manifest,datasets/manifests/canterbury.json,datasets/data/canterbury/dataset.json,30daaac9157db37ceda0cc444f6c9c304e91cf17e0164d0a12bc354539937151,true,9af47239ca29dfe20e633f80bbbb9a4cc9783d0803d7b2b5626f42e4c3790420,3.573470858581421,1029744,ablation-02-residual-only,mathzip,balanced,02 residual coder only,1,ok,,3,3,1029900,0.9998485289833965,-0.00015149396354829925,-0.015149396354829925,8.001211951708386,0.015149396354829925,0.05892452400439652,0.024592313995526638,17.475643925832443,41.8725948354153,0.05792700000165496,0.02368700000079116,10661888.0,true,true,68475d8d988a50afcb80605ce4296d16c2c05845bbad2f6afe691a6cfa832f43,9af47239ca29dfe20e633f80bbbb9a4cc9783d0803d7b2b5626f42e4c3790420,"[{""type"":""identity""}]",1,1029744.0,1029744.0,"{""raw"":1}","{""raw"":1}",0,36,1029744,120,100.0,100.0,3.573470858581421,1029744,0,0,0.04038955,0.001269934,0.010362753,"[""'<repo>/target/release/mathzip' compress --mode balanced --max-input-bytes 8589934592 --no-sync --force --models raw --residual-coders raw,rle,zero-run,sparse,bit-pack --transforms identity --segmentation fixed '<repo>/datasets/data/canterbury/kennedy.xls' '<work>/archive.mz'"",""'<repo>/target/release/mathzip' compress --mode balanced --max-input-bytes 8589934592 --no-sync --force --models raw --residual-coders raw,rle,zero-run,sparse,bit-pack --transforms identity --segmentation fixed --metrics-output '<work>/metrics-probe.mz.metrics.json' '<repo>/datasets/data/canterbury/kennedy.xls' '<work>/metrics-probe.mz'"",""'<repo>/target/release/mathzip' decompress --max-archive-bytes 17179869184 --max-output-bytes 8589934592 --max-segments 8388608 --no-sync --force '<work>/archive.mz' '<work>/restored.bin'""]",{}
mathzip-benchmark-results-v1,20260724T032334Z-aca5bed4,ablation,canterbury_ablation,datasets/data/canterbury/kennedy.xls,kennedy.xls,Upstream files retain their original terms; see dataset manifest,datasets/manifests/canterbury.json,datasets/data/canterbury/dataset.json,30daaac9157db37ceda0cc444f6c9c304e91cf17e0164d0a12bc354539937151,true,9af47239ca29dfe20e633f80bbbb9a4cc9783d0803d7b2b5626f42e4c3790420,3.573470858581421,1029744,ablation-03-fixed-constant,mathzip,balanced,03 fixed segmentation + constant,1,ok,,3,3,1029900,0.9998485289833965,-0.00015149396354829925,-0.015149396354829925,8.001211951708386,0.015149396354829925,0.07839923199935583,0.025129880996246357,13.134618461676524,40.97687530449558,0.07718500000191852,0.023995999996259343,9756672.0,true,true,68475d8d988a50afcb80605ce4296d16c2c05845bbad2f6afe691a6cfa832f43,9af47239ca29dfe20e633f80bbbb9a4cc9783d0803d7b2b5626f42e4c3790420,"[{""type"":""identity""}]",1,1029744.0,1029744.0,"{""raw"":1}","{""raw"":1}",0,36,1029744,120,100.0,100.0,3.573470858581421,1029744,0,0,0.040964485,0.001279577,0.028318297,"[""'<repo>/target/release/mathzip' compress --mode balanced --max-input-bytes 8589934592 --no-sync --force --models raw,constant --transforms identity --segmentation fixed --segment-size 4096 '<repo>/datasets/data/canterbury/kennedy.xls' '<work>/archive.mz'"",""'<repo>/target/release/mathzip' compress --mode balanced --max-input-bytes 8589934592 --no-sync --force --models raw,constant --transforms identity --segmentation fixed --segment-size 4096 --metrics-output '<work>/metrics-probe.mz.metrics.json' '<repo>/datasets/data/canterbury/kennedy.xls' '<work>/metrics-probe.mz'"",""'<repo>/target/release/mathzip' decompress --max-archive-bytes 17179869184 --max-output-bytes 8589934592 --max-segments 8388608 --no-sync --force '<work>/archive.mz' '<work>/restored.bin'""]",{}
mathzip-benchmark-results-v1,20260724T032334Z-aca5bed4,ablation,canterbury_ablation,datasets/data/canterbury/kennedy.xls,kennedy.xls,Upstream files retain their original terms; see dataset manifest,datasets/manifests/canterbury.json,datasets/data/canterbury/dataset.json,30daaac9157db37ceda0cc444f6c9c304e91cf17e0164d0a12bc354539937151,true,9af47239ca29dfe20e633f80bbbb9a4cc9783d0803d7b2b5626f42e4c3790420,3.573470858581421,1029744,ablation-04-fixed-all-models,mathzip,balanced,04 fixed segmentation + all models,1,ok,,3,3,817916,1.2589850302476049,0.20570938019546603,20.570938019546603,6.354324958436272,0.0,0.5512782820005668,0.025388073998328764,1.8679204924654391,40.5601464714411,0.5502449999985402,0.024500999999872874,9601024.0,true,true,fd29f9573b25721c319ca278c42edd68e24e8e0cebbb25416151144605d25d42,9af47239ca29dfe20e633f80bbbb9a4cc9783d0803d7b2b5626f42e4c3790420,"[{""type"":""identity""}]",252,4086.285714285714,4096.0,"{""affine"":3,""copy"":94,""periodic"":71,""raw"":84}","{""raw"":84,""sparse"":73,""zero_run"":95}",1672,9072,807052,120,33.41257632965087,33.41257632965087,3.5269829620768096,807052,168,0,0.039457126,0.064453212,0.432892391,"[""'<repo>/target/release/mathzip' compress --mode balanced --max-input-bytes 8589934592 --no-sync --force --models raw,constant,affine,polynomial,periodic,recurrence,piecewise-linear,run,sparse,copy --transforms identity --segmentation fixed --segment-size 4096 '<repo>/datasets/data/canterbury/kennedy.xls' '<work>/archive.mz'"",""'<repo>/target/release/mathzip' compress --mode balanced --max-input-bytes 8589934592 --no-sync --force --models raw,constant,affine,polynomial,periodic,recurrence,piecewise-linear,run,sparse,copy --transforms identity --segmentation fixed --segment-size 4096 --metrics-output '<work>/metrics-probe.mz.metrics.json' '<repo>/datasets/data/canterbury/kennedy.xls' '<work>/metrics-probe.mz'"",""'<repo>/target/release/mathzip' decompress --max-archive-bytes 17179869184 --max-output-bytes 8589934592 --max-segments 8388608 --no-sync --force '<work>/archive.mz' '<work>/restored.bin'""]",{}
mathzip-benchmark-results-v1,20260724T032334Z-aca5bed4,ablation,canterbury_ablation,datasets/data/canterbury/kennedy.xls,kennedy.xls,Upstream files retain their original terms; see dataset manifest,datasets/manifests/canterbury.json,datasets/data/canterbury/dataset.json,30daaac9157db37ceda0cc444f6c9c304e91cf17e0164d0a12bc354539937151,true,9af47239ca29dfe20e633f80bbbb9a4cc9783d0803d7b2b5626f42e4c3790420,3.573470858581421,1029744,ablation-05-adaptive-constant,mathzip,balanced,05 adaptive segmentation + constant,1,ok,,3,3,1029900,0.9998485289833965,-0.00015149396354829925,-0.015149396354829925,8.001211951708386,0.015149396354829925,1.0498315689983428,0.02457985199725954,0.9808659125982384,41.89382426366149,1.048077999996167,0.023769999996147817,13750272.0,true,true,68475d8d988a50afcb80605ce4296d16c2c05845bbad2f6afe691a6cfa832f43,9af47239ca29dfe20e633f80bbbb9a4cc9783d0803d7b2b5626f42e4c3790420,"[{""type"":""identity""}]",1,1029744.0,1029744.0,"{""raw"":1}","{""raw"":1}",0,36,1029744,120,100.0,100.0,3.573470858581421,1029744,0,0,0.050935834,0.04149104,0.94760243,"[""'<repo>/target/release/mathzip' compress --mode balanced --max-input-bytes 8589934592 --no-sync --force --models raw,constant --transforms identity --segmentation adaptive '<repo>/datasets/data/canterbury/kennedy.xls' '<work>/archive.mz'"",""'<repo>/target/release/mathzip' compress --mode balanced --max-input-bytes 8589934592 --no-sync --force --models raw,constant --transforms identity --segmentation adaptive --metrics-output '<work>/metrics-probe.mz.metrics.json' '<repo>/datasets/data/canterbury/kennedy.xls' '<work>/metrics-probe.mz'"",""'<repo>/target/release/mathzip' decompress --max-archive-bytes 17179869184 --max-output-bytes 8589934592 --max-segments 8388608 --no-sync --force '<work>/archive.mz' '<work>/restored.bin'""]",{}
mathzip-benchmark-results-v1,20260724T032334Z-aca5bed4,ablation,canterbury_ablation,datasets/data/canterbury/kennedy.xls,kennedy.xls,Upstream files retain their original terms; see dataset manifest,datasets/manifests/canterbury.json,datasets/data/canterbury/dataset.json,30daaac9157db37ceda0cc444f6c9c304e91cf17e0164d0a12bc354539937151,true,9af47239ca29dfe20e633f80bbbb9a4cc9783d0803d7b2b5626f42e4c3790420,3.573470858581421,1029744,ablation-06-adaptive-linear,mathzip,balanced,06 adaptive + constant/linear,1,ok,,3,3,1029900,0.9998485289833965,-0.00015149396354829925,-0.015149396354829925,8.001211951708386,0.015149396354829925,2.261837568003102,0.02533421399857616,0.45526876667325195,40.6463764795653,2.259983000003558,0.02404700000261073,14512128.0,true,true,68475d8d988a50afcb80605ce4296d16c2c05845bbad2f6afe691a6cfa832f43,9af47239ca29dfe20e633f80bbbb9a4cc9783d0803d7b2b5626f42e4c3790420,"[{""type"":""identity""}]",1,1029744.0,1029744.0,"{""raw"":1}","{""raw"":1}",0,36,1029744,120,100.0,100.0,3.573470858581421,1029744,0,0,0.052470161,0.088153114,2.095826194,"[""'<repo>/target/release/mathzip' compress --mode balanced --max-input-bytes 8589934592 --no-sync --force --models raw,constant,affine --transforms identity --segmentation adaptive '<repo>/datasets/data/canterbury/kennedy.xls' '<work>/archive.mz'"",""'<repo>/target/release/mathzip' compress --mode balanced --max-input-bytes 8589934592 --no-sync --force --models raw,constant,affine --transforms identity --segmentation adaptive --metrics-output '<work>/metrics-probe.mz.metrics.json' '<repo>/datasets/data/canterbury/kennedy.xls' '<work>/metrics-probe.mz'"",""'<repo>/target/release/mathzip' decompress --max-archive-bytes 17179869184 --max-output-bytes 8589934592 --max-segments 8388608 --no-sync --force '<work>/archive.mz' '<work>/restored.bin'""]",{}
mathzip-benchmark-results-v1,20260724T032334Z-aca5bed4,ablation,canterbury_ablation,datasets/data/canterbury/kennedy.xls,kennedy.xls,Upstream files retain their original terms; see dataset manifest,datasets/manifests/canterbury.json,datasets/data/canterbury/dataset.json,30daaac9157db37ceda0cc444f6c9c304e91cf17e0164d0a12bc354539937151,true,9af47239ca29dfe20e633f80bbbb9a4cc9783d0803d7b2b5626f42e4c3790420,3.573470858581421,1029744,ablation-07-add-polynomial,mathzip,balanced,07 add polynomial,1,ok,,3,3,1029900,0.9998485289833965,-0.00015149396354829925,-0.015149396354829925,8.001211951708386,0.015149396354829925,4.297376358001202,0.025243507996492554,0.23962155376099176,40.79242869664063,4.292814000000362,0.023932000000058906,14491648.0,true,true,68475d8d988a50afcb80605ce4296d16c2c05845bbad2f6afe691a6cfa832f43,9af47239ca29dfe20e633f80bbbb9a4cc9783d0803d7b2b5626f42e4c3790420,"[{""type"":""identity""}]",1,1029744.0,1029744.0,"{""raw"":1}","{""raw"":1}",0,36,1029744,120,100.0,100.0,3.573470858581421,1029744,0,0,0.055620459,0.089823878,4.107668625,"[""'<repo>/target/release/mathzip' compress --mode balanced --max-input-bytes 8589934592 --no-sync --force --models raw,constant,affine,polynomial --transforms identity --segmentation adaptive '<repo>/datasets/data/canterbury/kennedy.xls' '<work>/archive.mz'"",""'<repo>/target/release/mathzip' compress --mode balanced --max-input-bytes 8589934592 --no-sync --force --models raw,constant,affine,polynomial --transforms identity --segmentation adaptive --metrics-output '<work>/metrics-probe.mz.metrics.json' '<repo>/datasets/data/canterbury/kennedy.xls' '<work>/metrics-probe.mz'"",""'<repo>/target/release/mathzip' decompress --max-archive-bytes 17179869184 --max-output-bytes 8589934592 --max-segments 8388608 --no-sync --force '<work>/archive.mz' '<work>/restored.bin'""]",{}
mathzip-benchmark-results-v1,20260724T032334Z-aca5bed4,ablation,canterbury_ablation,datasets/data/canterbury/kennedy.xls,kennedy.xls,Upstream files retain their original terms; see dataset manifest,datasets/manifests/canterbury.json,datasets/data/canterbury/dataset.json,30daaac9157db37ceda0cc444f6c9c304e91cf17e0164d0a12bc354539937151,true,9af47239ca29dfe20e633f80bbbb9a4cc9783d0803d7b2b5626f42e4c3790420,3.573470858581421,1029744,ablation-08-add-periodic,mathzip,balanced,08 add periodic,1,ok,,3,3,946457,1.0879987152084036,0.08088126757718428,8.088126757718427,7.352949859382526,0.0,7.774764002999291,0.027148658002261072,0.1324469784038143,37.929830635246795,7.769802999995591,0.02639399999679881,10289152.0,true,true,5e355be46672633666a851e396295633996abcc1f3222c54be604d67be8a6c94,9af47239ca29dfe20e633f80bbbb9a4cc9783d0803d7b2b5626f42e4c3790420,"[{""type"":""identity""}]",213,4834.478873239436,4096.0,"{""affine"":8,""periodic"":120,""raw"":85}","{""bit_pack"":1,""raw"":83,""sparse"":1,""zero_run"":128}",2242,7668,936427,120,46.93671436784288,46.638387793471,3.9657207889467947,936427,128,0,0.06318172,0.504879942,7.206413214,"[""'<repo>/target/release/mathzip' compress --mode balanced --max-input-bytes 8589934592 --no-sync --force --models raw,constant,affine,polynomial,periodic --transforms identity --segmentation adaptive '<repo>/datasets/data/canterbury/kennedy.xls' '<work>/archive.mz'"",""'<repo>/target/release/mathzip' compress --mode balanced --max-input-bytes 8589934592 --no-sync --force --models raw,constant,affine,polynomial,periodic --transforms identity --segmentation adaptive --metrics-output '<work>/metrics-probe.mz.metrics.json' '<repo>/datasets/data/canterbury/kennedy.xls' '<work>/metrics-probe.mz'"",""'<repo>/target/release/mathzip' decompress --max-archive-bytes 17179869184 --max-output-bytes 8589934592 --max-segments 8388608 --no-sync --force '<work>/archive.mz' '<work>/restored.bin'""]",{}
mathzip-benchmark-results-v1,20260724T032334Z-aca5bed4,ablation,canterbury_ablation,datasets/data/canterbury/kennedy.xls,kennedy.xls,Upstream files retain their original terms; see dataset manifest,datasets/manifests/canterbury.json,datasets/data/canterbury/dataset.json,30daaac9157db37ceda0cc444f6c9c304e91cf17e0164d0a12bc354539937151,true,9af47239ca29dfe20e633f80bbbb9a4cc9783d0803d7b2b5626f42e4c3790420,3.573470858581421,1029744,ablation-09-add-recurrence,mathzip,balanced,09 add recurrence,1,ok,,3,3,946457,1.0879987152084036,0.08088126757718428,8.088126757718427,7.352949859382526,0.0,12.59469278799952,0.0275267580000218,0.08176015225882771,37.40883688515678,12.57272500000181,0.02629700000034063,10674176.0,true,true,5e355be46672633666a851e396295633996abcc1f3222c54be604d67be8a6c94,9af47239ca29dfe20e633f80bbbb9a4cc9783d0803d7b2b5626f42e4c3790420,"[{""type"":""identity""}]",213,4834.478873239436,4096.0,"{""affine"":8,""periodic"":120,""raw"":85}","{""bit_pack"":1,""raw"":83,""sparse"":1,""zero_run"":128}",2242,7668,936427,120,46.93671436784288,46.638387793471,3.9657207889467947,936427,128,0,0.070798441,0.50691219,12.094471638,"[""'<repo>/target/release/mathzip' compress --mode balanced --max-input-bytes 8589934592 --no-sync --force --models raw,constant,affine,polynomial,periodic,recurrence --transforms identity --segmentation adaptive '<repo>/datasets/data/canterbury/kennedy.xls' '<work>/archive.mz'"",""'<repo>/target/release/mathzip' compress --mode balanced --max-input-bytes 8589934592 --no-sync --force --models raw,constant,affine,polynomial,periodic,recurrence --transforms identity --segmentation adaptive --metrics-output '<work>/metrics-probe.mz.metrics.json' '<repo>/datasets/data/canterbury/kennedy.xls' '<work>/metrics-probe.mz'"",""'<repo>/target/release/mathzip' decompress --max-archive-bytes 17179869184 --max-output-bytes 8589934592 --max-segments 8388608 --no-sync --force '<work>/archive.mz' '<work>/restored.bin'""]",{}
mathzip-benchmark-results-v1,20260724T032334Z-aca5bed4,ablation,canterbury_ablation,datasets/data/canterbury/kennedy.xls,kennedy.xls,Upstream files retain their original terms; see dataset manifest,datasets/manifests/canterbury.json,datasets/data/canterbury/dataset.json,30daaac9157db37ceda0cc444f6c9c304e91cf17e0164d0a12bc354539937151,true,9af47239ca29dfe20e633f80bbbb9a4cc9783d0803d7b2b5626f42e4c3790420,3.573470858581421,1029744,ablation-10-add-bit-plane,mathzip,balanced,10 add bit-plane,1,ok,,3,3,882753,1.1665143024152849,0.14274518715331186,14.274518715331187,6.858038502773505,0.0,25.522020642005373,0.0480827909996151,0.04034727557210724,21.416061309923606,25.510401999999885,0.04712499999732245,13205504.0,true,true,5cee0030d6164af6af8138c6e5aa7ce56322b6af03dcb4b336023727c54d04e5,9af47239ca29dfe20e633f80bbbb9a4cc9783d0803d7b2b5626f42e4c3790420,"[{""type"":""bit_plane""}]",117,8801.23076923077,4096.0,"{""periodic"":62,""raw"":31,""recurrence"":24}","{""raw"":31,""zero_run"":86}",2229,4212,876192,120,32.91536537236439,32.91536537236439,5.826106021586131,876192,86,0,0.149304746,1.19126836,24.358518499,"[""'<repo>/target/release/mathzip' compress --mode balanced --max-input-bytes 8589934592 --no-sync --force --models raw,constant,affine,polynomial,periodic,recurrence --transforms identity,bit-plane --segmentation adaptive '<repo>/datasets/data/canterbury/kennedy.xls' '<work>/archive.mz'"",""'<repo>/target/release/mathzip' compress --mode balanced --max-input-bytes 8589934592 --no-sync --force --models raw,constant,affine,polynomial,periodic,recurrence --transforms identity,bit-plane --segmentation adaptive --metrics-output '<work>/metrics-probe.mz.metrics.json' '<repo>/datasets/data/canterbury/kennedy.xls' '<work>/metrics-probe.mz'"",""'<repo>/target/release/mathzip' decompress --max-archive-bytes 17179869184 --max-output-bytes 8589934592 --max-segments 8388608 --no-sync --force '<work>/archive.mz' '<work>/restored.bin'""]",{}
mathzip-benchmark-results-v1,20260724T032334Z-aca5bed4,ablation,canterbury_ablation,datasets/data/canterbury/kennedy.xls,kennedy.xls,Upstream files retain their original terms; see dataset manifest,datasets/manifests/canterbury.json,datasets/data/canterbury/dataset.json,30daaac9157db37ceda0cc444f6c9c304e91cf17e0164d0a12bc354539937151,true,9af47239ca29dfe20e633f80bbbb9a4cc9783d0803d7b2b5626f42e4c3790420,3.573470858581421,1029744,ablation-11-add-stride,mathzip,balanced,11 add stride transpose,1,ok,,3,3,882753,1.1665143024152849,0.14274518715331186,14.274518715331187,6.858038502773505,0.0,90.47012071299832,0.048335032995964866,0.01138214464493415,21.304299100943318,90.32109699999637,0.04684400000041933,15855616.0,true,true,5cee0030d6164af6af8138c6e5aa7ce56322b6af03dcb4b336023727c54d04e5,9af47239ca29dfe20e633f80bbbb9a4cc9783d0803d7b2b5626f42e4c3790420,"[{""type"":""bit_plane""}]",117,8801.23076923077,4096.0,"{""periodic"":62,""raw"":31,""recurrence"":24}","{""raw"":31,""zero_run"":86}",2229,4212,876192,120,32.91536537236439,32.91536537236439,5.826106021586131,876192,86,0,0.403283884,3.718714585,86.674430515,"[""'<repo>/target/release/mathzip' compress --mode balanced --max-input-bytes 8589934592 --no-sync --force --models raw,constant,affine,polynomial,periodic,recurrence --transforms identity,bit-plane,stride --segmentation adaptive '<repo>/datasets/data/canterbury/kennedy.xls' '<work>/archive.mz'"",""'<repo>/target/release/mathzip' compress --mode balanced --max-input-bytes 8589934592 --no-sync --force --models raw,constant,affine,polynomial,periodic,recurrence --transforms identity,bit-plane,stride --segmentation adaptive --metrics-output '<work>/metrics-probe.mz.metrics.json' '<repo>/datasets/data/canterbury/kennedy.xls' '<work>/metrics-probe.mz'"",""'<repo>/target/release/mathzip' decompress --max-archive-bytes 17179869184 --max-output-bytes 8589934592 --max-segments 8388608 --no-sync --force '<work>/archive.mz' '<work>/restored.bin'""]",{}
mathzip-benchmark-results-v1,20260724T032334Z-aca5bed4,ablation,canterbury_ablation,datasets/data/canterbury/kennedy.xls,kennedy.xls,Upstream files retain their original terms; see dataset manifest,datasets/manifests/canterbury.json,datasets/data/canterbury/dataset.json,30daaac9157db37ceda0cc444f6c9c304e91cf17e0164d0a12bc354539937151,true,9af47239ca29dfe20e633f80bbbb9a4cc9783d0803d7b2b5626f42e4c3790420,3.573470858581421,1029744,ablation-12-add-copy,mathzip,balanced,12 add copy/reference,1,ok,,3,3,699984,1.4710964822053076,0.3202349321773179,32.02349321773179,5.438120542581457,0.0,93.49521048500173,0.024936886999057606,0.011013868995622924,41.29400754949546,93.094552999999,0.022773000000597676,14315520.0,true,true,7de3886981f57b5b6d613e53195b2bca580e194678db9a6a6fe283863ad808ef,9af47239ca29dfe20e633f80bbbb9a4cc9783d0803d7b2b5626f42e4c3790420,"[{""type"":""identity""}]",114,9032.842105263158,4096.0,"{""affine"":1,""copy"":62,""periodic"":25,""raw"":26}","{""bit_pack"":1,""raw"":24,""sparse"":43,""zero_run"":46}",785,4104,694975,120,12.330831740704486,12.032505166332603,3.140682222791118,694975,88,0,0.400727661,4.360402303,88.57078623,"[""'<repo>/target/release/mathzip' compress --mode balanced --max-input-bytes 8589934592 --no-sync --force --models raw,constant,affine,polynomial,periodic,recurrence,copy --transforms identity,bit-plane,stride --segmentation adaptive '<repo>/datasets/data/canterbury/kennedy.xls' '<work>/archive.mz'"",""'<repo>/target/release/mathzip' compress --mode balanced --max-input-bytes 8589934592 --no-sync --force --models raw,constant,affine,polynomial,periodic,recurrence,copy --transforms identity,bit-plane,stride --segmentation adaptive --metrics-output '<work>/metrics-probe.mz.metrics.json' '<repo>/datasets/data/canterbury/kennedy.xls' '<work>/metrics-probe.mz'"",""'<repo>/target/release/mathzip' decompress --max-archive-bytes 17179869184 --max-output-bytes 8589934592 --max-segments 8388608 --no-sync --force '<work>/archive.mz' '<work>/restored.bin'""]",{}
mathzip-benchmark-results-v1,20260724T032334Z-aca5bed4,ablation,canterbury_ablation,datasets/data/canterbury/kennedy.xls,kennedy.xls,Upstream files retain their original terms; see dataset manifest,datasets/manifests/canterbury.json,datasets/data/canterbury/dataset.json,30daaac9157db37ceda0cc444f6c9c304e91cf17e0164d0a12bc354539937151,true,9af47239ca29dfe20e633f80bbbb9a4cc9783d0803d7b2b5626f42e4c3790420,3.573470858581421,1029744,ablation-13-custom-residual,mathzip,balanced,13 custom residual coders,1,ok,,3,3,699984,1.4710964822053076,0.3202349321773179,32.02349321773179,5.438120542581457,0.0,148.68059817000176,0.024147484000422992,0.006925880126084697,42.64394584470838,147.97999400000117,0.022508999998535728,15310848.0,true,true,7de3886981f57b5b6d613e53195b2bca580e194678db9a6a6fe283863ad808ef,9af47239ca29dfe20e633f80bbbb9a4cc9783d0803d7b2b5626f42e4c3790420,"[{""type"":""identity""}]",114,9032.842105263158,4096.0,"{""affine"":1,""copy"":62,""periodic"":25,""raw"":26}","{""bit_pack"":1,""raw"":24,""sparse"":43,""zero_run"":46}",785,4104,694975,120,12.330831740704486,12.032505166332603,3.140682222791118,694975,88,0,0.537787029,8.043712179,139.302051217,"[""'<repo>/target/release/mathzip' compress --mode balanced --max-input-bytes 8589934592 --no-sync --force --residual-coders raw,rle,zero-run,sparse,bit-pack '<repo>/datasets/data/canterbury/kennedy.xls' '<work>/archive.mz'"",""'<repo>/target/release/mathzip' compress --mode balanced --max-input-bytes 8589934592 --no-sync --force --residual-coders raw,rle,zero-run,sparse,bit-pack --metrics-output '<work>/metrics-probe.mz.metrics.json' '<repo>/datasets/data/canterbury/kennedy.xls' '<work>/metrics-probe.mz'"",""'<repo>/target/release/mathzip' decompress --max-archive-bytes 17179869184 --max-output-bytes 8589934592 --max-segments 8388608 --no-sync --force '<work>/archive.mz' '<work>/restored.bin'""]",{}
mathzip-benchmark-results-v1,20260724T032334Z-aca5bed4,ablation,canterbury_ablation,datasets/data/canterbury/kennedy.xls,kennedy.xls,Upstream files retain their original terms; see dataset manifest,datasets/manifests/canterbury.json,datasets/data/canterbury/dataset.json,30daaac9157db37ceda0cc444f6c9c304e91cf17e0164d0a12bc354539937151,true,9af47239ca29dfe20e633f80bbbb9a4cc9783d0803d7b2b5626f42e4c3790420,3.573470858581421,1029744,ablation-14-zstd-residual,mathzip,balanced,14 mathematical models + Zstd residual,1,ok,,3,3,104733,9.83208730772536,0.8982921968955391,89.82921968955391,0.8136624248356873,0.0,132.86832477799908,0.03962290799972834,0.0077501090024317786,25.988602351121227,132.4946960000052,0.038552999998501036,14659584.0,true,true,1bf52159612266f9c9500e15f3a24cbc5956604da6421b65f57ed908a21ab0fb,9af47239ca29dfe20e633f80bbbb9a4cc9783d0803d7b2b5626f42e4c3790420,"[{""type"":""bit_plane""}]",48,21453.0,23040.0,"{""affine"":4,""constant"":41,""periodic"":2,""piecewise_linear"":1}","{""zstd"":48}",59,1728,102826,120,0.0,0.0,5.195583534350118,102826,48,9,0.530779094,7.292172458,124.839866364,"[""'<repo>/target/release/mathzip' compress --mode balanced --max-input-bytes 8589934592 --no-sync --force --models constant,affine,polynomial,periodic,recurrence,piecewise-linear,run,sparse --residual-coders zstd --no-copy-model '<repo>/datasets/data/canterbury/kennedy.xls' '<work>/archive.mz'"",""'<repo>/target/release/mathzip' compress --mode balanced --max-input-bytes 8589934592 --no-sync --force --models constant,affine,polynomial,periodic,recurrence,piecewise-linear,run,sparse --residual-coders zstd --no-copy-model --metrics-output '<work>/metrics-probe.mz.metrics.json' '<repo>/datasets/data/canterbury/kennedy.xls' '<work>/metrics-probe.mz'"",""'<repo>/target/release/mathzip' decompress --max-archive-bytes 17179869184 --max-output-bytes 8589934592 --max-segments 8388608 --no-sync --force '<work>/archive.mz' '<work>/restored.bin'""]",{}
mathzip-benchmark-results-v1,20260724T032334Z-aca5bed4,ablation,canterbury_ablation,datasets/data/canterbury/kennedy.xls,kennedy.xls,Upstream files retain their original terms; see dataset manifest,datasets/manifests/canterbury.json,datasets/data/canterbury/dataset.json,30daaac9157db37ceda0cc444f6c9c304e91cf17e0164d0a12bc354539937151,true,9af47239ca29dfe20e633f80bbbb9a4cc9783d0803d7b2b5626f42e4c3790420,3.573470858581421,1029744,ablation-15-no-transform,mathzip,balanced,15 identity transform only,1,ok,,3,3,699984,1.4710964822053076,0.3202349321773179,32.02349321773179,5.438120542581457,0.0,16.199457495000388,0.02472818800015375,0.06356657315949057,41.64251743773533,16.136927999999898,0.022757000002457062,10268672.0,true,true,7de3886981f57b5b6d613e53195b2bca580e194678db9a6a6fe283863ad808ef,9af47239ca29dfe20e633f80bbbb9a4cc9783d0803d7b2b5626f42e4c3790420,"[{""type"":""identity""}]",114,9032.842105263158,4096.0,"{""affine"":1,""copy"":62,""periodic"":25,""raw"":26}","{""bit_pack"":1,""raw"":24,""sparse"":43,""zero_run"":46}",785,4104,694975,120,12.330831740704486,12.032505166332603,3.140682222791118,694975,88,0,0.0724514,0.859324509,15.143285096,"[""'<repo>/target/release/mathzip' compress --mode balanced --max-input-bytes 8589934592 --no-sync --force --transforms identity '<repo>/datasets/data/canterbury/kennedy.xls' '<work>/archive.mz'"",""'<repo>/target/release/mathzip' compress --mode balanced --max-input-bytes 8589934592 --no-sync --force --transforms identity --metrics-output '<work>/metrics-probe.mz.metrics.json' '<repo>/datasets/data/canterbury/kennedy.xls' '<work>/metrics-probe.mz'"",""'<repo>/target/release/mathzip' decompress --max-archive-bytes 17179869184 --max-output-bytes 8589934592 --max-segments 8388608 --no-sync --force '<work>/archive.mz' '<work>/restored.bin'""]",{}
mathzip-benchmark-results-v1,20260724T032334Z-aca5bed4,ablation,canterbury_ablation,datasets/data/canterbury/kennedy.xls,kennedy.xls,Upstream files retain their original terms; see dataset manifest,datasets/manifests/canterbury.json,datasets/data/canterbury/dataset.json,30daaac9157db37ceda0cc444f6c9c304e91cf17e0164d0a12bc354539937151,true,9af47239ca29dfe20e633f80bbbb9a4cc9783d0803d7b2b5626f42e4c3790420,3.573470858581421,1029744,ablation-16-no-adaptive-partition,mathzip,balanced,16 fixed partition,1,ok,,3,3,797413,1.2913559222134579,0.2256201541353967,22.562015413539672,6.195038766916826,0.0,4.833739234003588,0.026924262994725723,0.21303259239888814,38.24594939522466,4.810358999999153,0.02569999999832362,10780672.0,true,true,4e1ca6205a42b782031ceeee47685f4c35326a7d529dd9844489179c73155433,9af47239ca29dfe20e633f80bbbb9a4cc9783d0803d7b2b5626f42e4c3790420,"[{""stride"":2,""type"":""stride""}]",252,4086.285714285714,4096.0,"{""copy"":114,""periodic"":35,""raw"":30,""recurrence"":73}","{""raw"":30,""sparse"":57,""zero_run"":165}",1233,9072,786986,122,11.933062974875309,11.933062974875309,4.058624062793701,786986,222,0,0.217600485,0.598017733,4.032932256,"[""'<repo>/target/release/mathzip' compress --mode balanced --max-input-bytes 8589934592 --no-sync --force --segmentation fixed --segment-size 4096 '<repo>/datasets/data/canterbury/kennedy.xls' '<work>/archive.mz'"",""'<repo>/target/release/mathzip' compress --mode balanced --max-input-bytes 8589934592 --no-sync --force --segmentation fixed --segment-size 4096 --metrics-output '<work>/metrics-probe.mz.metrics.json' '<repo>/datasets/data/canterbury/kennedy.xls' '<work>/metrics-probe.mz'"",""'<repo>/target/release/mathzip' decompress --max-archive-bytes 17179869184 --max-output-bytes 8589934592 --max-segments 8388608 --no-sync --force '<work>/archive.mz' '<work>/restored.bin'""]",{}
mathzip-benchmark-results-v1,20260724T032334Z-aca5bed4,ablation,canterbury_ablation,datasets/data/canterbury/kennedy.xls,kennedy.xls,Upstream files retain their original terms; see dataset manifest,datasets/manifests/canterbury.json,datasets/data/canterbury/dataset.json,30daaac9157db37ceda0cc444f6c9c304e91cf17e0164d0a12bc354539937151,true,9af47239ca29dfe20e633f80bbbb9a4cc9783d0803d7b2b5626f42e4c3790420,3.573470858581421,1029744,ablation-17-no-raw-fallback,mathzip,balanced,17 no raw fallback,1,ok,,3,3,700010,1.4710418422593963,0.32020968318339316,32.020968318339314,5.438322534532855,0.0,145.04278981099924,0.024111762999382336,0.007099587655076322,42.70712183204433,144.77937399999792,0.022988000000623288,14360576.0,true,true,3b5e19f926de1d786b58b29cc732127f9377926d081ae91d68b18b569278b5ce,9af47239ca29dfe20e633f80bbbb9a4cc9783d0803d7b2b5626f42e4c3790420,"[{""type"":""identity""}]",114,9032.842105263158,4096.0,"{""affine"":1,""constant"":26,""copy"":62,""periodic"":25}","{""bit_pack"":1,""raw"":24,""sparse"":43,""zero_run"":46}",811,4104,694975,120,0.0,0.0,3.140682222791118,694975,90,0,0.521369179,8.026633065,136.771248172,"[""'<repo>/target/release/mathzip' compress --mode balanced --max-input-bytes 8589934592 --no-sync --force --no-raw-fallback --models constant,affine,polynomial,periodic,recurrence,piecewise-linear,run,sparse,copy '<repo>/datasets/data/canterbury/kennedy.xls' '<work>/archive.mz'"",""'<repo>/target/release/mathzip' compress --mode balanced --max-input-bytes 8589934592 --no-sync --force --no-raw-fallback --models constant,affine,polynomial,periodic,recurrence,piecewise-linear,run,sparse,copy --metrics-output '<work>/metrics-probe.mz.metrics.json' '<repo>/datasets/data/canterbury/kennedy.xls' '<work>/metrics-probe.mz'"",""'<repo>/target/release/mathzip' decompress --max-archive-bytes 17179869184 --max-output-bytes 8589934592 --max-segments 8388608 --no-sync --force '<work>/archive.mz' '<work>/restored.bin'""]",{}
mathzip-benchmark-results-v1,20260724T032334Z-aca5bed4,ablation,canterbury_ablation,datasets/data/canterbury/kennedy.xls,kennedy.xls,Upstream files retain their original terms; see dataset manifest,datasets/manifests/canterbury.json,datasets/data/canterbury/dataset.json,30daaac9157db37ceda0cc444f6c9c304e91cf17e0164d0a12bc354539937151,true,9af47239ca29dfe20e633f80bbbb9a4cc9783d0803d7b2b5626f42e4c3790420,3.573470858581421,1029744,ablation-18-fast,mathzip,fast,18 fast mode,1,ok,,3,3,1018201,1.0113366614253965,0.01120958218741741,1.120958218741741,7.910323342500661,0.0,0.5931111519967089,0.028417695000825915,1.7361737282014786,36.23601421473741,0.5914790000024368,0.027382999996916624,10645504.0,true,true,87e8f0158a6187bd72f6ea4bfd114091057ff82ca0694f4beff640417823527d,9af47239ca29dfe20e633f80bbbb9a4cc9783d0803d7b2b5626f42e4c3790420,"[{""type"":""xor""}]",63,16345.142857142857,16384.0,"{""constant"":1,""periodic"":25,""raw"":37}","{""raw"":37,""zero_run"":26}",205,2268,1015608,120,58.6320483537656,58.6320483537656,5.745126551594269,1015608,26,0,0.079772059,0.01158877,0.497816381,"[""'<repo>/target/release/mathzip' compress --mode fast --max-input-bytes 8589934592 --no-sync --force '<repo>/datasets/data/canterbury/kennedy.xls' '<work>/archive.mz'"",""'<repo>/target/release/mathzip' compress --mode fast --max-input-bytes 8589934592 --no-sync --force --metrics-output '<work>/metrics-probe.mz.metrics.json' '<repo>/datasets/data/canterbury/kennedy.xls' '<work>/metrics-probe.mz'"",""'<repo>/target/release/mathzip' decompress --max-archive-bytes 17179869184 --max-output-bytes 8589934592 --max-segments 8388608 --no-sync --force '<work>/archive.mz' '<work>/restored.bin'""]",{}
mathzip-benchmark-results-v1,20260724T032334Z-aca5bed4,ablation,canterbury_ablation,datasets/data/canterbury/kennedy.xls,kennedy.xls,Upstream files retain their original terms; see dataset manifest,datasets/manifests/canterbury.json,datasets/data/canterbury/dataset.json,30daaac9157db37ceda0cc444f6c9c304e91cf17e0164d0a12bc354539937151,true,9af47239ca29dfe20e633f80bbbb9a4cc9783d0803d7b2b5626f42e4c3790420,3.573470858581421,1029744,ablation-19-balanced,mathzip,balanced,19 balanced mode,1,ok,,3,3,699984,1.4710964822053076,0.3202349321773179,32.02349321773179,5.438120542581457,0.0,148.31899851300113,0.02406512499874225,0.0069427653255745,42.78988785862608,148.08841799999936,0.023020000000542495,15249408.0,true,true,7de3886981f57b5b6d613e53195b2bca580e194678db9a6a6fe283863ad808ef,9af47239ca29dfe20e633f80bbbb9a4cc9783d0803d7b2b5626f42e4c3790420,"[{""type"":""identity""}]",114,9032.842105263158,4096.0,"{""affine"":1,""copy"":62,""periodic"":25,""raw"":26}","{""bit_pack"":1,""raw"":24,""sparse"":43,""zero_run"":46}",785,4104,694975,120,12.330831740704486,12.032505166332603,3.140682222791118,694975,88,0,0.543572037,8.104990497,139.641876284,"[""'<repo>/target/release/mathzip' compress --mode balanced --max-input-bytes 8589934592 --no-sync --force '<repo>/datasets/data/canterbury/kennedy.xls' '<work>/archive.mz'"",""'<repo>/target/release/mathzip' compress --mode balanced --max-input-bytes 8589934592 --no-sync --force --metrics-output '<work>/metrics-probe.mz.metrics.json' '<repo>/datasets/data/canterbury/kennedy.xls' '<work>/metrics-probe.mz'"",""'<repo>/target/release/mathzip' decompress --max-archive-bytes 17179869184 --max-output-bytes 8589934592 --max-segments 8388608 --no-sync --force '<work>/archive.mz' '<work>/restored.bin'""]",{}
mathzip-benchmark-results-v1,20260724T032334Z-aca5bed4,ablation,canterbury_ablation,datasets/data/canterbury/kennedy.xls,kennedy.xls,Upstream files retain their original terms; see dataset manifest,datasets/manifests/canterbury.json,datasets/data/canterbury/dataset.json,30daaac9157db37ceda0cc444f6c9c304e91cf17e0164d0a12bc354539937151,true,9af47239ca29dfe20e633f80bbbb9a4cc9783d0803d7b2b5626f42e4c3790420,3.573470858581421,1029744,ablation-20-max,mathzip,max,20 max mode,1,warmup_failed,compression_timeout: compression timed out,0,3,,,,,,,,,,,,,,false,,,,,,,,,,,,,,,,,,,,,,,,{}
mathzip-benchmark-results-v1,20260724T032334Z-aca5bed4,ablation,canterbury_ablation,datasets/data/canterbury/kennedy.xls,kennedy.xls,Upstream files retain their original terms; see dataset manifest,datasets/manifests/canterbury.json,datasets/data/canterbury/dataset.json,30daaac9157db37ceda0cc444f6c9c304e91cf17e0164d0a12bc354539937151,true,9af47239ca29dfe20e633f80bbbb9a4cc9783d0803d7b2b5626f42e4c3790420,3.573470858581421,1029744,zstd-default,zstd,default,,1,ok,,3,3,111746,9.215041254273084,0.8914817663419258,89.14817663419258,0.8681458692645939,0.0,0.016545610000321176,0.009231645002728328,62.23668997274873,111.54501713353022,0.016560000000026776,0.008689000002050307,5332992.0,true,true,e67c5f1104550ad9408dac4c41c6e20da8074377e469aa1d0a33181bc94313a1,9af47239ca29dfe20e633f80bbbb9a4cc9783d0803d7b2b5626f42e4c3790420,,,,,,,,,,,,,,,,,,,,"[""'<external>/zstd' -q -d -c '<work>/archive.zst'"",""'<external>/zstd' -q -f -T1 -3 -c '<repo>/datasets/data/canterbury/kennedy.xls'""]",{}
mathzip-benchmark-results-v1,20260724T032334Z-aca5bed4,ablation,canterbury_ablation,datasets/data/canterbury/ptt5,ptt5,Upstream files retain their original terms; see dataset manifest,datasets/manifests/canterbury.json,datasets/data/canterbury/dataset.json,30daaac9157db37ceda0cc444f6c9c304e91cf17e0164d0a12bc354539937151,true,0ec3a75089bb52342813496b17e51377bc9eba3cb519a444d67025354841d650,1.210175941358675,513216,ablation-01-raw-only,mathzip,balanced,01 raw only,1,ok,,3,3,513372,0.9996961267852551,-0.00030396558174339283,-0.030396558174339283,8.002431724653947,0.030396558174339283,0.02773474400601117,0.015259734995197505,18.504443375744398,33.63203883694689,0.02699600000414648,0.014213000002200715,6930432.0,true,true,31945c8e53bc8e07077b4eed5cf986e1acfb1691813069c6b699b1aefd636d3b,0ec3a75089bb52342813496b17e51377bc9eba3cb519a444d67025354841d650,"[{""type"":""identity""}]",1,513216.0,513216.0,"{""raw"":1}","{""raw"":1}",0,36,513216,120,100.0,100.0,1.210175941358676,513216,0,0,0.019798143,0.001166406,0.000672408,"[""'<repo>/target/release/mathzip' compress --mode balanced --max-input-bytes 8589934592 --no-sync --force --models raw --residual-coders raw --transforms identity --segmentation fixed '<repo>/datasets/data/canterbury/ptt5' '<work>/archive.mz'"",""'<repo>/target/release/mathzip' compress --mode balanced --max-input-bytes 8589934592 --no-sync --force --models raw --residual-coders raw --transforms identity --segmentation fixed --metrics-output '<work>/metrics-probe.mz.metrics.json' '<repo>/datasets/data/canterbury/ptt5' '<work>/metrics-probe.mz'"",""'<repo>/target/release/mathzip' decompress --max-archive-bytes 17179869184 --max-output-bytes 8589934592 --max-segments 8388608 --no-sync --force '<work>/archive.mz' '<work>/restored.bin'""]",{}
mathzip-benchmark-results-v1,20260724T032334Z-aca5bed4,ablation,canterbury_ablation,datasets/data/canterbury/ptt5,ptt5,Upstream files retain their original terms; see dataset manifest,datasets/manifests/canterbury.json,datasets/data/canterbury/dataset.json,30daaac9157db37ceda0cc444f6c9c304e91cf17e0164d0a12bc354539937151,true,0ec3a75089bb52342813496b17e51377bc9eba3cb519a444d67025354841d650,1.210175941358675,513216,ablation-02-residual-only,mathzip,balanced,02 residual coder only,1,ok,,3,3,104482,4.912003981547061,0.7964171031300661,79.64171031300661,1.6286631749594713,0.0,0.025925273999746423,0.011381949996575713,19.795972069765583,45.09034042096497,0.024795999997877516,0.010647999995853752,5349376.0,true,true,d23bd0495d4aa43260cc70b218f257f6a069415d1b801b8a48af29141827742f,0ec3a75089bb52342813496b17e51377bc9eba3cb519a444d67025354841d650,"[{""type"":""identity""}]",126,4073.1428571428573,4096.0,"{""raw"":126}","{""rle"":8,""sparse"":47,""zero_run"":71}",0,4536,99826,120,100.0,0.0,1.210175941358676,99826,0,0,0.014928743,0.001178167,0.00399459,"[""'<repo>/target/release/mathzip' compress --mode balanced --max-input-bytes 8589934592 --no-sync --force --models raw --residual-coders raw,rle,zero-run,sparse,bit-pack --transforms identity --segmentation fixed '<repo>/datasets/data/canterbury/ptt5' '<work>/archive.mz'"",""'<repo>/target/release/mathzip' compress --mode balanced --max-input-bytes 8589934592 --no-sync --force --models raw --residual-coders raw,rle,zero-run,sparse,bit-pack --transforms identity --segmentation fixed --metrics-output '<work>/metrics-probe.mz.metrics.json' '<repo>/datasets/data/canterbury/ptt5' '<work>/metrics-probe.mz'"",""'<repo>/target/release/mathzip' decompress --max-archive-bytes 17179869184 --max-output-bytes 8589934592 --max-segments 8388608 --no-sync --force '<work>/archive.mz' '<work>/restored.bin'""]",{}
mathzip-benchmark-results-v1,20260724T032334Z-aca5bed4,ablation,canterbury_ablation,datasets/data/canterbury/ptt5,ptt5,Upstream files retain their original terms; see dataset manifest,datasets/manifests/canterbury.json,datasets/data/canterbury/dataset.json,30daaac9157db37ceda0cc444f6c9c304e91cf17e0164d0a12bc354539937151,true,0ec3a75089bb52342813496b17e51377bc9eba3cb519a444d67025354841d650,1.210175941358675,513216,ablation-03-fixed-constant,mathzip,balanced,03 fixed segmentation + constant,1,ok,,3,3,104482,4.912003981547061,0.7964171031300661,79.64171031300661,1.6286631749594713,0.0,0.032884198997635394,0.013593672003480606,15.606766034863853,37.75403731005081,0.031996000001527136,0.010689999999158317,5500928.0,true,true,d23bd0495d4aa43260cc70b218f257f6a069415d1b801b8a48af29141827742f,0ec3a75089bb52342813496b17e51377bc9eba3cb519a444d67025354841d650,"[{""type"":""identity""}]",126,4073.1428571428573,4096.0,"{""raw"":126}","{""rle"":8,""sparse"":47,""zero_run"":71}",0,4536,99826,120,100.0,0.0,1.210175941358676,99826,0,0,0.01534207,0.001189445,0.010995709,"[""'<repo>/target/release/mathzip' compress --mode balanced --max-input-bytes 8589934592 --no-sync --force --models raw,constant --transforms identity --segmentation fixed --segment-size 4096 '<repo>/datasets/data/canterbury/ptt5' '<work>/archive.mz'"",""'<repo>/target/release/mathzip' compress --mode balanced --max-input-bytes 8589934592 --no-sync --force --models raw,constant --transforms identity --segmentation fixed --segment-size 4096 --metrics-output '<work>/metrics-probe.mz.metrics.json' '<repo>/datasets/data/canterbury/ptt5' '<work>/metrics-probe.mz'"",""'<repo>/target/release/mathzip' decompress --max-archive-bytes 17179869184 --max-output-bytes 8589934592 --max-segments 8388608 --no-sync --force '<work>/archive.mz' '<work>/restored.bin'""]",{}
mathzip-benchmark-results-v1,20260724T032334Z-aca5bed4,ablation,canterbury_ablation,datasets/data/canterbury/ptt5,ptt5,Upstream files retain their original terms; see dataset manifest,datasets/manifests/canterbury.json,datasets/data/canterbury/dataset.json,30daaac9157db37ceda0cc444f6c9c304e91cf17e0164d0a12bc354539937151,true,0ec3a75089bb52342813496b17e51377bc9eba3cb519a444d67025354841d650,1.210175941358675,513216,ablation-04-fixed-all-models,mathzip,balanced,04 fixed segmentation + all models,1,ok,,3,3,103315,4.967487780090016,0.7986909995011847,79.86909995011847,1.6104720039905225,0.0,0.24859519399615237,0.011496349005028605,2.0644646895625156,44.64165099506937,0.24700400000074296,0.010455999999976484,5427200.0,true,true,c636053add97f730292084c676c17b094430255b7ee7692735bf3faf9d10c645,0ec3a75089bb52342813496b17e51377bc9eba3cb519a444d67025354841d650,"[{""type"":""identity""}]",126,4073.1428571428573,4096.0,"{""raw"":113,""recurrence"":13}","{""sparse"":47,""zero_run"":79}",39,4536,98620,120,89.62464147649332,0.0,1.2228389397838493,98620,13,0,0.017235958,0.036306346,0.190155477,"[""'<repo>/target/release/mathzip' compress --mode balanced --max-input-bytes 8589934592 --no-sync --force --models raw,constant,affine,polynomial,periodic,recurrence,piecewise-linear,run,sparse,copy --transforms identity --segmentation fixed --segment-size 4096 '<repo>/datasets/data/canterbury/ptt5' '<work>/archive.mz'"",""'<repo>/target/release/mathzip' compress --mode balanced --max-input-bytes 8589934592 --no-sync --force --models raw,constant,affine,polynomial,periodic,recurrence,piecewise-linear,run,sparse,copy --transforms identity --segmentation fixed --segment-size 4096 --metrics-output '<work>/metrics-probe.mz.metrics.json' '<repo>/datasets/data/canterbury/ptt5' '<work>/metrics-probe.mz'"",""'<repo>/target/release/mathzip' decompress --max-archive-bytes 17179869184 --max-output-bytes 8589934592 --max-segments 8388608 --no-sync --force '<work>/archive.mz' '<work>/restored.bin'""]",{}
mathzip-benchmark-results-v1,20260724T032334Z-aca5bed4,ablation,canterbury_ablation,datasets/data/canterbury/ptt5,ptt5,Upstream files retain their original terms; see dataset manifest,datasets/manifests/canterbury.json,datasets/data/canterbury/dataset.json,30daaac9157db37ceda0cc444f6c9c304e91cf17e0164d0a12bc354539937151,true,0ec3a75089bb52342813496b17e51377bc9eba3cb519a444d67025354841d650,1.210175941358675,513216,ablation-05-adaptive-constant,mathzip,balanced,05 adaptive segmentation + constant,1,ok,,3,3,100989,5.0819000089118616,0.8032232042648709,80.3223204264871,1.5742143658810326,0.0,0.4222639090003213,0.011231152995605953,1.2153915810967626,45.6957536061337,0.4212200000001758,0.010409999998955755,6107136.0,true,true,b45176f89aaf5f5f1ff6022311a3b55cb89e27863ab3af75327b6ded925f1a9a,0ec3a75089bb52342813496b17e51377bc9eba3cb519a444d67025354841d650,"[{""type"":""identity""}]",47,10919.489361702128,10240.0,"{""raw"":47}","{""rle"":8,""sparse"":15,""zero_run"":24}",0,1692,99177,120,100.0,0.0,1.210175941358676,99177,0,0,0.023386734,0.039562739,0.3614135,"[""'<repo>/target/release/mathzip' compress --mode balanced --max-input-bytes 8589934592 --no-sync --force --models raw,constant --transforms identity --segmentation adaptive '<repo>/datasets/data/canterbury/ptt5' '<work>/archive.mz'"",""'<repo>/target/release/mathzip' compress --mode balanced --max-input-bytes 8589934592 --no-sync --force --models raw,constant --transforms identity --segmentation adaptive --metrics-output '<work>/metrics-probe.mz.metrics.json' '<repo>/datasets/data/canterbury/ptt5' '<work>/metrics-probe.mz'"",""'<repo>/target/release/mathzip' decompress --max-archive-bytes 17179869184 --max-output-bytes 8589934592 --max-segments 8388608 --no-sync --force '<work>/archive.mz' '<work>/restored.bin'""]",{}
mathzip-benchmark-results-v1,20260724T032334Z-aca5bed4,ablation,canterbury_ablation,datasets/data/canterbury/ptt5,ptt5,Upstream files retain their original terms; see dataset manifest,datasets/manifests/canterbury.json,datasets/data/canterbury/dataset.json,30daaac9157db37ceda0cc444f6c9c304e91cf17e0164d0a12bc354539937151,true,0ec3a75089bb52342813496b17e51377bc9eba3cb519a444d67025354841d650,1.210175941358675,513216,ablation-06-adaptive-linear,mathzip,balanced,06 adaptive + constant/linear,1,ok,,3,3,100989,5.0819000089118616,0.8032232042648709,80.3223204264871,1.5742143658810326,0.0,0.7596734649996506,0.011627004001638852,0.6755744719874296,44.1400037299085,0.7587029999995138,0.010622999998304294,6098944.0,true,true,b45176f89aaf5f5f1ff6022311a3b55cb89e27863ab3af75327b6ded925f1a9a,0ec3a75089bb52342813496b17e51377bc9eba3cb519a444d67025354841d650,"[{""type"":""identity""}]",47,10919.489361702128,10240.0,"{""raw"":47}","{""rle"":8,""sparse"":15,""zero_run"":24}",0,1692,99177,120,100.0,0.0,1.210175941358676,99177,0,0,0.02427192,0.079018348,0.654402734,"[""'<repo>/target/release/mathzip' compress --mode balanced --max-input-bytes 8589934592 --no-sync --force --models raw,constant,affine --transforms identity --segmentation adaptive '<repo>/datasets/data/canterbury/ptt5' '<work>/archive.mz'"",""'<repo>/target/release/mathzip' compress --mode balanced --max-input-bytes 8589934592 --no-sync --force --models raw,constant,affine --transforms identity --segmentation adaptive --metrics-output '<work>/metrics-probe.mz.metrics.json' '<repo>/datasets/data/canterbury/ptt5' '<work>/metrics-probe.mz'"",""'<repo>/target/release/mathzip' decompress --max-archive-bytes 17179869184 --max-output-bytes 8589934592 --max-segments 8388608 --no-sync --force '<work>/archive.mz' '<work>/restored.bin'""]",{}
mathzip-benchmark-results-v1,20260724T032334Z-aca5bed4,ablation,canterbury_ablation,datasets/data/canterbury/ptt5,ptt5,Upstream files retain their original terms; see dataset manifest,datasets/manifests/canterbury.json,datasets/data/canterbury/dataset.json,30daaac9157db37ceda0cc444f6c9c304e91cf17e0164d0a12bc354539937151,true,0ec3a75089bb52342813496b17e51377bc9eba3cb519a444d67025354841d650,1.210175941358675,513216,ablation-07-add-polynomial,mathzip,balanced,07 add polynomial,1,ok,,3,3,100989,5.0819000089118616,0.8032232042648709,80.3223204264871,1.5742143658810326,0.0,1.6412554759954219,0.0114860489993589,0.31269720497884973,44.681682972852144,1.6224900000015623,0.01077899999654619,6103040.0,true,true,b45176f89aaf5f5f1ff6022311a3b55cb89e27863ab3af75327b6ded925f1a9a,0ec3a75089bb52342813496b17e51377bc9eba3cb519a444d67025354841d650,"[{""type"":""identity""}]",47,10919.489361702128,10240.0,"{""raw"":47}","{""rle"":8,""sparse"":15,""zero_run"":24}",0,1692,99177,120,100.0,0.0,1.210175941358676,99177,0,0,0.025764289,0.079820674,1.5129851730000001,"[""'<repo>/target/release/mathzip' compress --mode balanced --max-input-bytes 8589934592 --no-sync --force --models raw,constant,affine,polynomial --transforms identity --segmentation adaptive '<repo>/datasets/data/canterbury/ptt5' '<work>/archive.mz'"",""'<repo>/target/release/mathzip' compress --mode balanced --max-input-bytes 8589934592 --no-sync --force --models raw,constant,affine,polynomial --transforms identity --segmentation adaptive --metrics-output '<work>/metrics-probe.mz.metrics.json' '<repo>/datasets/data/canterbury/ptt5' '<work>/metrics-probe.mz'"",""'<repo>/target/release/mathzip' decompress --max-archive-bytes 17179869184 --max-output-bytes 8589934592 --max-segments 8388608 --no-sync --force '<work>/archive.mz' '<work>/restored.bin'""]",{}
mathzip-benchmark-results-v1,20260724T032334Z-aca5bed4,ablation,canterbury_ablation,datasets/data/canterbury/ptt5,ptt5,Upstream files retain their original terms; see dataset manifest,datasets/manifests/canterbury.json,datasets/data/canterbury/dataset.json,30daaac9157db37ceda0cc444f6c9c304e91cf17e0164d0a12bc354539937151,true,0ec3a75089bb52342813496b17e51377bc9eba3cb519a444d67025354841d650,1.210175941358675,513216,ablation-08-add-periodic,mathzip,balanced,08 add periodic,1,ok,,3,3,100989,5.0819000089118616,0.8032232042648709,80.3223204264871,1.5742143658810326,0.0,3.27744251400145,0.011562551000679377,0.15659038955145896,44.386052867558824,3.2752089999994496,0.01036499999827356,6045696.0,true,true,b45176f89aaf5f5f1ff6022311a3b55cb89e27863ab3af75327b6ded925f1a9a,0ec3a75089bb52342813496b17e51377bc9eba3cb519a444d67025354841d650,"[{""type"":""identity""}]",47,10919.489361702128,10240.0,"{""raw"":47}","{""rle"":8,""sparse"":15,""zero_run"":24}",0,1692,99177,120,100.0,0.0,1.210175941358676,99177,0,0,0.028954356,0.434089736,2.82368241,"[""'<repo>/target/release/mathzip' compress --mode balanced --max-input-bytes 8589934592 --no-sync --force --models raw,constant,affine,polynomial,periodic --transforms identity --segmentation adaptive '<repo>/datasets/data/canterbury/ptt5' '<work>/archive.mz'"",""'<repo>/target/release/mathzip' compress --mode balanced --max-input-bytes 8589934592 --no-sync --force --models raw,constant,affine,polynomial,periodic --transforms identity --segmentation adaptive --metrics-output '<work>/metrics-probe.mz.metrics.json' '<repo>/datasets/data/canterbury/ptt5' '<work>/metrics-probe.mz'"",""'<repo>/target/release/mathzip' decompress --max-archive-bytes 17179869184 --max-output-bytes 8589934592 --max-segments 8388608 --no-sync --force '<work>/archive.mz' '<work>/restored.bin'""]",{}
mathzip-benchmark-results-v1,20260724T032334Z-aca5bed4,ablation,canterbury_ablation,datasets/data/canterbury/ptt5,ptt5,Upstream files retain their original terms; see dataset manifest,datasets/manifests/canterbury.json,datasets/data/canterbury/dataset.json,30daaac9157db37ceda0cc444f6c9c304e91cf17e0164d0a12bc354539937151,true,0ec3a75089bb52342813496b17e51377bc9eba3cb519a444d67025354841d650,1.210175941358675,513216,ablation-09-add-recurrence,mathzip,balanced,09 add recurrence,1,ok,,3,3,99806,5.142135743342084,0.8055282765930913,80.55282765930913,1.5557737872552688,0.0,5.374881869996898,0.011237106002226938,0.09548414503113464,45.671545671838665,5.3713019999995595,0.010606999996525701,5890048.0,true,true,2b6916f5a1a3f2829a7be1f66e3b70014ab3f5daa185c9f1d28421a1769cbb67,0ec3a75089bb52342813496b17e51377bc9eba3cb519a444d67025354841d650,"[{""type"":""identity""}]",56,9164.57142857143,7168.0,"{""raw"":41,""recurrence"":15}","{""sparse"":18,""zero_run"":38}",49,2016,97621,120,90.62227210375359,0.0,1.2667855647789945,97621,15,0,0.034554723,0.43432853,4.88009043,"[""'<repo>/target/release/mathzip' compress --mode balanced --max-input-bytes 8589934592 --no-sync --force --models raw,constant,affine,polynomial,periodic,recurrence --transforms identity --segmentation adaptive '<repo>/datasets/data/canterbury/ptt5' '<work>/archive.mz'"",""'<repo>/target/release/mathzip' compress --mode balanced --max-input-bytes 8589934592 --no-sync --force --models raw,constant,affine,polynomial,periodic,recurrence --transforms identity --segmentation adaptive --metrics-output '<work>/metrics-probe.mz.metrics.json' '<repo>/datasets/data/canterbury/ptt5' '<work>/metrics-probe.mz'"",""'<repo>/target/release/mathzip' decompress --max-archive-bytes 17179869184 --max-output-bytes 8589934592 --max-segments 8388608 --no-sync --force '<work>/archive.mz' '<work>/restored.bin'""]",{}
mathzip-benchmark-results-v1,20260724T032334Z-aca5bed4,ablation,canterbury_ablation,datasets/data/canterbury/ptt5,ptt5,Upstream files retain their original terms; see dataset manifest,datasets/manifests/canterbury.json,datasets/data/canterbury/dataset.json,30daaac9157db37ceda0cc444f6c9c304e91cf17e0164d0a12bc354539937151,true,0ec3a75089bb52342813496b17e51377bc9eba3cb519a444d67025354841d650,1.210175941358675,513216,ablation-10-add-bit-plane,mathzip,balanced,10 add bit-plane,1,ok,,3,3,99806,5.142135743342084,0.8055282765930913,80.55282765930913,1.5557737872552688,0.0,12.186954029995832,0.011931613997148816,0.04211191727947919,43.0131246386816,12.17604399999982,0.011033000002498738,5971968.0,true,true,2b6916f5a1a3f2829a7be1f66e3b70014ab3f5daa185c9f1d28421a1769cbb67,0ec3a75089bb52342813496b17e51377bc9eba3cb519a444d67025354841d650,"[{""type"":""identity""}]",56,9164.57142857143,7168.0,"{""raw"":41,""recurrence"":15}","{""sparse"":18,""zero_run"":38}",49,2016,97621,120,90.62227210375359,0.0,1.2667855647789945,97621,15,0,0.070906532,0.847721269,11.303843686,"[""'<repo>/target/release/mathzip' compress --mode balanced --max-input-bytes 8589934592 --no-sync --force --models raw,constant,affine,polynomial,periodic,recurrence --transforms identity,bit-plane --segmentation adaptive '<repo>/datasets/data/canterbury/ptt5' '<work>/archive.mz'"",""'<repo>/target/release/mathzip' compress --mode balanced --max-input-bytes 8589934592 --no-sync --force --models raw,constant,affine,polynomial,periodic,recurrence --transforms identity,bit-plane --segmentation adaptive --metrics-output '<work>/metrics-probe.mz.metrics.json' '<repo>/datasets/data/canterbury/ptt5' '<work>/metrics-probe.mz'"",""'<repo>/target/release/mathzip' decompress --max-archive-bytes 17179869184 --max-output-bytes 8589934592 --max-segments 8388608 --no-sync --force '<work>/archive.mz' '<work>/restored.bin'""]",{}
mathzip-benchmark-results-v1,20260724T032334Z-aca5bed4,ablation,canterbury_ablation,datasets/data/canterbury/ptt5,ptt5,Upstream files retain their original terms; see dataset manifest,datasets/manifests/canterbury.json,datasets/data/canterbury/dataset.json,30daaac9157db37ceda0cc444f6c9c304e91cf17e0164d0a12bc354539937151,true,0ec3a75089bb52342813496b17e51377bc9eba3cb519a444d67025354841d650,1.210175941358675,513216,ablation-11-add-stride,mathzip,balanced,11 add stride transpose,1,ok,,3,3,99806,5.142135743342084,0.8055282765930913,80.55282765930913,1.5557737872552688,0.0,41.37232082999981,0.011666152000543661,0.012404815337984567,43.99188352561181,41.3464270000004,0.010794999998324784,6025216.0,true,true,2b6916f5a1a3f2829a7be1f66e3b70014ab3f5daa185c9f1d28421a1769cbb67,0ec3a75089bb52342813496b17e51377bc9eba3cb519a444d67025354841d650,"[{""type"":""identity""}]",56,9164.57142857143,7168.0,"{""raw"":41,""recurrence"":15}","{""sparse"":18,""zero_run"":38}",49,2016,97621,120,90.62227210375359,0.0,1.2667855647789945,97621,15,0,0.179277833,2.6280282230000003,38.604742625,"[""'<repo>/target/release/mathzip' compress --mode balanced --max-input-bytes 8589934592 --no-sync --force --models raw,constant,affine,polynomial,periodic,recurrence --transforms identity,bit-plane,stride --segmentation adaptive '<repo>/datasets/data/canterbury/ptt5' '<work>/archive.mz'"",""'<repo>/target/release/mathzip' compress --mode balanced --max-input-bytes 8589934592 --no-sync --force --models raw,constant,affine,polynomial,periodic,recurrence --transforms identity,bit-plane,stride --segmentation adaptive --metrics-output '<work>/metrics-probe.mz.metrics.json' '<repo>/datasets/data/canterbury/ptt5' '<work>/metrics-probe.mz'"",""'<repo>/target/release/mathzip' decompress --max-archive-bytes 17179869184 --max-output-bytes 8589934592 --max-segments 8388608 --no-sync --force '<work>/archive.mz' '<work>/restored.bin'""]",{}
mathzip-benchmark-results-v1,20260724T032334Z-aca5bed4,ablation,canterbury_ablation,datasets/data/canterbury/ptt5,ptt5,Upstream files retain their original terms; see dataset manifest,datasets/manifests/canterbury.json,datasets/data/canterbury/dataset.json,30daaac9157db37ceda0cc444f6c9c304e91cf17e0164d0a12bc354539937151,true,0ec3a75089bb52342813496b17e51377bc9eba3cb519a444d67025354841d650,1.210175941358675,513216,ablation-12-add-copy,mathzip,balanced,12 add copy/reference,1,ok,,3,3,99651,5.150133967546738,0.8058302936775159,80.58302936775159,1.5533576505798727,0.0,44.39416471999721,0.011840014994959347,0.011560438252120634,43.34589104984171,44.36645200000203,0.010892999998759478,6012928.0,true,true,d299c8d5ca98e8c962f545be576fda19da90cd8a235acd55d1cf95c44c75fc55,0ec3a75089bb52342813496b17e51377bc9eba3cb519a444d67025354841d650,"[{""type"":""identity""}]",57,9003.78947368421,7168.0,"{""copy"":2,""raw"":41,""recurrence"":14}","{""sparse"":18,""zero_run"":39}",52,2052,97427,120,88.42748472378102,0.0,1.260146730068085,97427,16,0,0.183255031,3.975542268,40.291629444,"[""'<repo>/target/release/mathzip' compress --mode balanced --max-input-bytes 8589934592 --no-sync --force --models raw,constant,affine,polynomial,periodic,recurrence,copy --transforms identity,bit-plane,stride --segmentation adaptive '<repo>/datasets/data/canterbury/ptt5' '<work>/archive.mz'"",""'<repo>/target/release/mathzip' compress --mode balanced --max-input-bytes 8589934592 --no-sync --force --models raw,constant,affine,polynomial,periodic,recurrence,copy --transforms identity,bit-plane,stride --segmentation adaptive --metrics-output '<work>/metrics-probe.mz.metrics.json' '<repo>/datasets/data/canterbury/ptt5' '<work>/metrics-probe.mz'"",""'<repo>/target/release/mathzip' decompress --max-archive-bytes 17179869184 --max-output-bytes 8589934592 --max-segments 8388608 --no-sync --force '<work>/archive.mz' '<work>/restored.bin'""]",{}
mathzip-benchmark-results-v1,20260724T032334Z-aca5bed4,ablation,canterbury_ablation,datasets/data/canterbury/ptt5,ptt5,Upstream files retain their original terms; see dataset manifest,datasets/manifests/canterbury.json,datasets/data/canterbury/dataset.json,30daaac9157db37ceda0cc444f6c9c304e91cf17e0164d0a12bc354539937151,true,0ec3a75089bb52342813496b17e51377bc9eba3cb519a444d67025354841d650,1.210175941358675,513216,ablation-13-custom-residual,mathzip,balanced,13 custom residual coders,1,ok,,3,3,99651,5.150133967546738,0.8058302936775159,80.58302936775159,1.5533576505798727,0.0,70.50485305599432,0.011412985004426446,0.007279158494131014,44.967727531487405,70.45359500000268,0.010361000000557397,6066176.0,true,true,d299c8d5ca98e8c962f545be576fda19da90cd8a235acd55d1cf95c44c75fc55,0ec3a75089bb52342813496b17e51377bc9eba3cb519a444d67025354841d650,"[{""type"":""identity""}]",57,9003.78947368421,7168.0,"{""copy"":2,""raw"":41,""recurrence"":14}","{""sparse"":18,""zero_run"":39}",52,2052,97427,120,88.42748472378102,0.0,1.260146730068085,97427,16,0,0.396008157,5.82462332,64.341708452,"[""'<repo>/target/release/mathzip' compress --mode balanced --max-input-bytes 8589934592 --no-sync --force --residual-coders raw,rle,zero-run,sparse,bit-pack '<repo>/datasets/data/canterbury/ptt5' '<work>/archive.mz'"",""'<repo>/target/release/mathzip' compress --mode balanced --max-input-bytes 8589934592 --no-sync --force --residual-coders raw,rle,zero-run,sparse,bit-pack --metrics-output '<work>/metrics-probe.mz.metrics.json' '<repo>/datasets/data/canterbury/ptt5' '<work>/metrics-probe.mz'"",""'<repo>/target/release/mathzip' decompress --max-archive-bytes 17179869184 --max-output-bytes 8589934592 --max-segments 8388608 --no-sync --force '<work>/archive.mz' '<work>/restored.bin'""]",{}
mathzip-benchmark-results-v1,20260724T032334Z-aca5bed4,ablation,canterbury_ablation,datasets/data/canterbury/ptt5,ptt5,Upstream files retain their original terms; see dataset manifest,datasets/manifests/canterbury.json,datasets/data/canterbury/dataset.json,30daaac9157db37ceda0cc444f6c9c304e91cf17e0164d0a12bc354539937151,true,0ec3a75089bb52342813496b17e51377bc9eba3cb519a444d67025354841d650,1.210175941358675,513216,ablation-14-zstd-residual,mathzip,balanced,14 mathematical models + Zstd residual,1,ok,,3,3,54588,9.401626731149703,0.8936354283576506,89.36354283576506,0.8509165731387953,0.0,48.611402965994785,0.011676775000523776,0.010557522899699292,43.95186170641971,48.585213999998814,0.010465999999723863,9498624.0,true,true,e638265b9383f7a6fd3c2f17fc9a7efc1474a03da629cf3be6a0dfc54dbffb4c,0ec3a75089bb52342813496b17e51377bc9eba3cb519a444d67025354841d650,"[{""type"":""identity""}]",30,17107.2,16384.0,"{""affine"":2,""constant"":27,""sparse"":1}","{""zstd"":30}",42,1080,53346,120,0.0,0.0,1.511722422829026,53346,30,3,0.458893929,4.121146516,44.26223136,"[""'<repo>/target/release/mathzip' compress --mode balanced --max-input-bytes 8589934592 --no-sync --force --models constant,affine,polynomial,periodic,recurrence,piecewise-linear,run,sparse --residual-coders zstd --no-copy-model '<repo>/datasets/data/canterbury/ptt5' '<work>/archive.mz'"",""'<repo>/target/release/mathzip' compress --mode balanced --max-input-bytes 8589934592 --no-sync --force --models constant,affine,polynomial,periodic,recurrence,piecewise-linear,run,sparse --residual-coders zstd --no-copy-model --metrics-output '<work>/metrics-probe.mz.metrics.json' '<repo>/datasets/data/canterbury/ptt5' '<work>/metrics-probe.mz'"",""'<repo>/target/release/mathzip' decompress --max-archive-bytes 17179869184 --max-output-bytes 8589934592 --max-segments 8388608 --no-sync --force '<work>/archive.mz' '<work>/restored.bin'""]",{}
mathzip-benchmark-results-v1,20260724T032334Z-aca5bed4,ablation,canterbury_ablation,datasets/data/canterbury/ptt5,ptt5,Upstream files retain their original terms; see dataset manifest,datasets/manifests/canterbury.json,datasets/data/canterbury/dataset.json,30daaac9157db37ceda0cc444f6c9c304e91cf17e0164d0a12bc354539937151,true,0ec3a75089bb52342813496b17e51377bc9eba3cb519a444d67025354841d650,1.210175941358675,513216,ablation-15-no-transform,mathzip,balanced,15 identity transform only,1,ok,,3,3,99651,5.150133967546738,0.8058302936775159,80.58302936775159,1.5533576505798727,0.0,7.358724846999394,0.012310224999964703,0.06974251798655984,41.69022093434292,7.354927000000316,0.010662000004231231,6012928.0,true,true,d299c8d5ca98e8c962f545be576fda19da90cd8a235acd55d1cf95c44c75fc55,0ec3a75089bb52342813496b17e51377bc9eba3cb519a444d67025354841d650,"[{""type"":""identity""}]",57,9003.78947368421,7168.0,"{""copy"":2,""raw"":41,""recurrence"":14}","{""sparse"":18,""zero_run"":39}",52,2052,97427,120,88.42748472378102,0.0,1.260146730068085,97427,16,0,0.054505689,0.71050774,6.594303457,"[""'<repo>/target/release/mathzip' compress --mode balanced --max-input-bytes 8589934592 --no-sync --force --transforms identity '<repo>/datasets/data/canterbury/ptt5' '<work>/archive.mz'"",""'<repo>/target/release/mathzip' compress --mode balanced --max-input-bytes 8589934592 --no-sync --force --transforms identity --metrics-output '<work>/metrics-probe.mz.metrics.json' '<repo>/datasets/data/canterbury/ptt5' '<work>/metrics-probe.mz'"",""'<repo>/target/release/mathzip' decompress --max-archive-bytes 17179869184 --max-output-bytes 8589934592 --max-segments 8388608 --no-sync --force '<work>/archive.mz' '<work>/restored.bin'""]",{}
mathzip-benchmark-results-v1,20260724T032334Z-aca5bed4,ablation,canterbury_ablation,datasets/data/canterbury/ptt5,ptt5,Upstream files retain their original terms; see dataset manifest,datasets/manifests/canterbury.json,datasets/data/canterbury/dataset.json,30daaac9157db37ceda0cc444f6c9c304e91cf17e0164d0a12bc354539937151,true,0ec3a75089bb52342813496b17e51377bc9eba3cb519a444d67025354841d650,1.210175941358675,513216,ablation-16-no-adaptive-partition,mathzip,balanced,16 fixed partition,1,ok,,3,3,103315,4.967487780090016,0.7986909995011847,79.86909995011847,1.6104720039905225,0.0,2.214216726999439,0.01366386900190264,0.23178218904320022,37.56007906168719,2.2113439999957336,0.012535999998362968,5550080.0,true,true,c636053add97f730292084c676c17b094430255b7ee7692735bf3faf9d10c645,0ec3a75089bb52342813496b17e51377bc9eba3cb519a444d67025354841d650,"[{""type"":""identity""}]",126,4073.1428571428573,4096.0,"{""raw"":113,""recurrence"":13}","{""sparse"":47,""zero_run"":79}",39,4536,98620,120,89.62464147649332,0.0,1.2228389397838493,98620,13,0,0.080131976,0.319307985,1.809318776,"[""'<repo>/target/release/mathzip' compress --mode balanced --max-input-bytes 8589934592 --no-sync --force --segmentation fixed --segment-size 4096 '<repo>/datasets/data/canterbury/ptt5' '<work>/archive.mz'"",""'<repo>/target/release/mathzip' compress --mode balanced --max-input-bytes 8589934592 --no-sync --force --segmentation fixed --segment-size 4096 --metrics-output '<work>/metrics-probe.mz.metrics.json' '<repo>/datasets/data/canterbury/ptt5' '<work>/metrics-probe.mz'"",""'<repo>/target/release/mathzip' decompress --max-archive-bytes 17179869184 --max-output-bytes 8589934592 --max-segments 8388608 --no-sync --force '<work>/archive.mz' '<work>/restored.bin'""]",{}
mathzip-benchmark-results-v1,20260724T032334Z-aca5bed4,ablation,canterbury_ablation,datasets/data/canterbury/ptt5,ptt5,Upstream files retain their original terms; see dataset manifest,datasets/manifests/canterbury.json,datasets/data/canterbury/dataset.json,30daaac9157db37ceda0cc444f6c9c304e91cf17e0164d0a12bc354539937151,true,0ec3a75089bb52342813496b17e51377bc9eba3cb519a444d67025354841d650,1.210175941358675,513216,ablation-17-no-raw-fallback,mathzip,balanced,17 no raw fallback,1,ok,,3,3,99692,5.148015888937929,0.8057504052874424,80.57504052874424,1.5539967577004614,0.0,69.22894154999813,0.01172734799911268,0.0074133157102994,43.76232376141913,69.18017400000099,0.010691999999835389,6062080.0,true,true,3e0e9f05e725536155729d10367bd72ab403fa15c2b5d1be772940c32197a749,0ec3a75089bb52342813496b17e51377bc9eba3cb519a444d67025354841d650,"[{""type"":""identity""}]",57,9003.78947368421,7168.0,"{""constant"":41,""copy"":2,""recurrence"":14}","{""sparse"":18,""zero_run"":39}",93,2052,97427,120,0.0,0.0,1.260146730068085,97427,57,2,0.389592047,5.831875715,63.149276477,"[""'<repo>/target/release/mathzip' compress --mode balanced --max-input-bytes 8589934592 --no-sync --force --no-raw-fallback --models constant,affine,polynomial,periodic,recurrence,piecewise-linear,run,sparse,copy '<repo>/datasets/data/canterbury/ptt5' '<work>/archive.mz'"",""'<repo>/target/release/mathzip' compress --mode balanced --max-input-bytes 8589934592 --no-sync --force --no-raw-fallback --models constant,affine,polynomial,periodic,recurrence,piecewise-linear,run,sparse,copy --metrics-output '<work>/metrics-probe.mz.metrics.json' '<repo>/datasets/data/canterbury/ptt5' '<work>/metrics-probe.mz'"",""'<repo>/target/release/mathzip' decompress --max-archive-bytes 17179869184 --max-output-bytes 8589934592 --max-segments 8388608 --no-sync --force '<work>/archive.mz' '<work>/restored.bin'""]",{}
mathzip-benchmark-results-v1,20260724T032334Z-aca5bed4,ablation,canterbury_ablation,datasets/data/canterbury/ptt5,ptt5,Upstream files retain their original terms; see dataset manifest,datasets/manifests/canterbury.json,datasets/data/canterbury/dataset.json,30daaac9157db37ceda0cc444f6c9c304e91cf17e0164d0a12bc354539937151,true,0ec3a75089bb52342813496b17e51377bc9eba3cb519a444d67025354841d650,1.210175941358675,513216,ablation-18-fast,mathzip,fast,18 fast mode,1,ok,,3,3,101743,5.04423891569936,0.8017540372864447,80.17540372864447,1.5859677017084424,0.0,0.23402611900382908,0.012763273996824864,2.1929859888485477,40.210372364306636,0.23268200000165962,0.010932000001048436,5337088.0,true,true,963826572ef6c3c3821248045805ed999c870185cf44c147e467a010f2a92e8e,0ec3a75089bb52342813496b17e51377bc9eba3cb519a444d67025354841d650,"[{""type"":""identity""}]",32,16038.0,16384.0,"{""raw"":25,""recurrence"":7}","{""sparse"":7,""zero_run"":25}",21,1152,100450,120,77.65307394937025,0.0,1.2803009200446887,100450,7,0,0.025449923,0.009167025,0.192513268,"[""'<repo>/target/release/mathzip' compress --mode fast --max-input-bytes 8589934592 --no-sync --force '<repo>/datasets/data/canterbury/ptt5' '<work>/archive.mz'"",""'<repo>/target/release/mathzip' compress --mode fast --max-input-bytes 8589934592 --no-sync --force --metrics-output '<work>/metrics-probe.mz.metrics.json' '<repo>/datasets/data/canterbury/ptt5' '<work>/metrics-probe.mz'"",""'<repo>/target/release/mathzip' decompress --max-archive-bytes 17179869184 --max-output-bytes 8589934592 --max-segments 8388608 --no-sync --force '<work>/archive.mz' '<work>/restored.bin'""]",{}
mathzip-benchmark-results-v1,20260724T032334Z-aca5bed4,ablation,canterbury_ablation,datasets/data/canterbury/ptt5,ptt5,Upstream files retain their original terms; see dataset manifest,datasets/manifests/canterbury.json,datasets/data/canterbury/dataset.json,30daaac9157db37ceda0cc444f6c9c304e91cf17e0164d0a12bc354539937151,true,0ec3a75089bb52342813496b17e51377bc9eba3cb519a444d67025354841d650,1.210175941358675,513216,ablation-19-balanced,mathzip,balanced,19 balanced mode,1,ok,,3,3,99651,5.150133967546738,0.8058302936775159,80.58302936775159,1.5533576505798727,0.0,70.51285077100329,0.011669646002701484,0.00727833287675057,43.978711940464365,70.4752550000012,0.010767999996460276,6074368.0,true,true,d299c8d5ca98e8c962f545be576fda19da90cd8a235acd55d1cf95c44c75fc55,0ec3a75089bb52342813496b17e51377bc9eba3cb519a444d67025354841d650,"[{""type"":""identity""}]",57,9003.78947368421,7168.0,"{""copy"":2,""raw"":41,""recurrence"":14}","{""sparse"":18,""zero_run"":39}",52,2052,97427,120,88.42748472378102,0.0,1.260146730068085,97427,16,0,0.39289453,5.8250337210000005,64.387391038,"[""'<repo>/target/release/mathzip' compress --mode balanced --max-input-bytes 8589934592 --no-sync --force '<repo>/datasets/data/canterbury/ptt5' '<work>/archive.mz'"",""'<repo>/target/release/mathzip' compress --mode balanced --max-input-bytes 8589934592 --no-sync --force --metrics-output '<work>/metrics-probe.mz.metrics.json' '<repo>/datasets/data/canterbury/ptt5' '<work>/metrics-probe.mz'"",""'<repo>/target/release/mathzip' decompress --max-archive-bytes 17179869184 --max-output-bytes 8589934592 --max-segments 8388608 --no-sync --force '<work>/archive.mz' '<work>/restored.bin'""]",{}
mathzip-benchmark-results-v1,20260724T032334Z-aca5bed4,ablation,canterbury_ablation,datasets/data/canterbury/ptt5,ptt5,Upstream files retain their original terms; see dataset manifest,datasets/manifests/canterbury.json,datasets/data/canterbury/dataset.json,30daaac9157db37ceda0cc444f6c9c304e91cf17e0164d0a12bc354539937151,true,0ec3a75089bb52342813496b17e51377bc9eba3cb519a444d67025354841d650,1.210175941358675,513216,ablation-20-max,mathzip,max,20 max mode,1,warmup_failed,compression_timeout: compression timed out,0,3,,,,,,,,,,,,,,false,,,,,,,,,,,,,,,,,,,,,,,,{}
mathzip-benchmark-results-v1,20260724T032334Z-aca5bed4,ablation,canterbury_ablation,datasets/data/canterbury/ptt5,ptt5,Upstream files retain their original terms; see dataset manifest,datasets/manifests/canterbury.json,datasets/data/canterbury/dataset.json,30daaac9157db37ceda0cc444f6c9c304e91cf17e0164d0a12bc354539937151,true,0ec3a75089bb52342813496b17e51377bc9eba3cb519a444d67025354841d650,1.210175941358675,513216,zstd-default,zstd,default,,1,ok,,3,3,54450,9.425454545454546,0.8939043209876543,89.39043209876543,0.8487654320987654,0.0,0.009566380998876411,0.01004667300003348,53.64787374246104,51.08317947625943,0.009944999997969717,0.00955199999953038,380928.0,true,true,1ae3ffdd6a1d774b835fccf8bae3e50dc33672ae087f0b1dd7be0e67a1ce1d56,0ec3a75089bb52342813496b17e51377bc9eba3cb519a444d67025354841d650,,,,,,,,,,,,,,,,,,,,"[""'<external>/zstd' -q -d -c '<work>/archive.zst'"",""'<external>/zstd' -q -f -T1 -3 -c '<repo>/datasets/data/canterbury/ptt5'""]",{}
mathzip-benchmark-results-v1,20260724T032334Z-aca5bed4,ablation,canterbury_ablation,datasets/data/canterbury/sum,sum,Upstream files retain their original terms; see dataset manifest,datasets/manifests/canterbury.json,datasets/data/canterbury/dataset.json,30daaac9157db37ceda0cc444f6c9c304e91cf17e0164d0a12bc354539937151,true,ee5733cd76ecc2f9d8ff156adc3c02a7a851051dcf43a2d56ff4ee4ff606bdb3,5.328990058101005,38240,ablation-01-raw-only,mathzip,balanced,01 raw only,1,ok,,3,3,38396,0.9959370767788311,-0.004079497907949703,-0.4079497907949703,8.032635983263598,0.4079497907949703,0.005531715993129183,0.008172165005817078,6.912863937247868,4.679298566876728,0.004805000004125759,0.007409000001644017,425984.0,true,true,eeafeedb6320cc9ed7984168bb9e09bfcd32b982848ad07b6c35d432abc680be,ee5733cd76ecc2f9d8ff156adc3c02a7a851051dcf43a2d56ff4ee4ff606bdb3,"[{""type"":""identity""}]",1,38240.0,38240.0,"{""raw"":1}","{""raw"":1}",0,36,38240,120,100.0,100.0,5.328990058101005,38240,0,0,0.001394046,4.7751e-05,1.9959e-05,"[""'<repo>/target/release/mathzip' compress --mode balanced --max-input-bytes 8589934592 --no-sync --force --models raw --residual-coders raw --transforms identity --segmentation fixed '<repo>/datasets/data/canterbury/sum' '<work>/archive.mz'"",""'<repo>/target/release/mathzip' compress --mode balanced --max-input-bytes 8589934592 --no-sync --force --models raw --residual-coders raw --transforms identity --segmentation fixed --metrics-output '<work>/metrics-probe.mz.metrics.json' '<repo>/datasets/data/canterbury/sum' '<work>/metrics-probe.mz'"",""'<repo>/target/release/mathzip' decompress --max-archive-bytes 17179869184 --max-output-bytes 8589934592 --max-segments 8388608 --no-sync --force '<work>/archive.mz' '<work>/restored.bin'""]",{}
mathzip-benchmark-results-v1,20260724T032334Z-aca5bed4,ablation,canterbury_ablation,datasets/data/canterbury/sum,sum,Upstream files retain their original terms; see dataset manifest,datasets/manifests/canterbury.json,datasets/data/canterbury/dataset.json,30daaac9157db37ceda0cc444f6c9c304e91cf17e0164d0a12bc354539937151,true,ee5733cd76ecc2f9d8ff156adc3c02a7a851051dcf43a2d56ff4ee4ff606bdb3,5.328990058101005,38240,ablation-02-residual-only,mathzip,balanced,02 residual coder only,1,ok,,3,3,32554,1.174663635805124,0.1486924686192469,14.86924686192469,6.810460251046025,0.0,0.006528754995088093,0.005016889001126401,5.857165727427336,7.622253550240854,0.005679999998392304,0.004136999999900581,540672.0,true,true,132a8008c013b799667408811a7bbde269c651175eaa5c4a8e6803d1f5d9d2b4,ee5733cd76ecc2f9d8ff156adc3c02a7a851051dcf43a2d56ff4ee4ff606bdb3,"[{""type"":""identity""}]",10,3824.0,4096.0,"{""raw"":10}","{""bit_pack"":3,""raw"":1,""sparse"":1,""zero_run"":5}",0,360,32074,120,100.0,10.711297071129707,5.328990058101005,32074,0,0,0.001304909,4.6972e-05,0.000693967,"[""'<repo>/target/release/mathzip' compress --mode balanced --max-input-bytes 8589934592 --no-sync --force --models raw --residual-coders raw,rle,zero-run,sparse,bit-pack --transforms identity --segmentation fixed '<repo>/datasets/data/canterbury/sum' '<work>/archive.mz'"",""'<repo>/target/release/mathzip' compress --mode balanced --max-input-bytes 8589934592 --no-sync --force --models raw --residual-coders raw,rle,zero-run,sparse,bit-pack --transforms identity --segmentation fixed --metrics-output '<work>/metrics-probe.mz.metrics.json' '<repo>/datasets/data/canterbury/sum' '<work>/metrics-probe.mz'"",""'<repo>/target/release/mathzip' decompress --max-archive-bytes 17179869184 --max-output-bytes 8589934592 --max-segments 8388608 --no-sync --force '<work>/archive.mz' '<work>/restored.bin'""]",{}
mathzip-benchmark-results-v1,20260724T032334Z-aca5bed4,ablation,canterbury_ablation,datasets/data/canterbury/sum,sum,Upstream files retain their original terms; see dataset manifest,datasets/manifests/canterbury.json,datasets/data/canterbury/dataset.json,30daaac9157db37ceda0cc444f6c9c304e91cf17e0164d0a12bc354539937151,true,ee5733cd76ecc2f9d8ff156adc3c02a7a851051dcf43a2d56ff4ee4ff606bdb3,5.328990058101005,38240,ablation-03-fixed-constant,mathzip,balanced,03 fixed segmentation + constant,1,ok,,3,3,32554,1.174663635805124,0.1486924686192469,14.86924686192469,6.810460251046025,0.0,0.008011484998860396,0.005210310002439655,4.773147550727424,7.339294587480333,0.007096000001183711,0.0045749999953841325,430080.0,true,true,132a8008c013b799667408811a7bbde269c651175eaa5c4a8e6803d1f5d9d2b4,ee5733cd76ecc2f9d8ff156adc3c02a7a851051dcf43a2d56ff4ee4ff606bdb3,"[{""type"":""identity""}]",10,3824.0,4096.0,"{""raw"":10}","{""bit_pack"":3,""raw"":1,""sparse"":1,""zero_run"":5}",0,360,32074,120,100.0,10.711297071129707,5.328990058101005,32074,0,0,0.001299594,4.6719e-05,0.001785205,"[""'<repo>/target/release/mathzip' compress --mode balanced --max-input-bytes 8589934592 --no-sync --force --models raw,constant --transforms identity --segmentation fixed --segment-size 4096 '<repo>/datasets/data/canterbury/sum' '<work>/archive.mz'"",""'<repo>/target/release/mathzip' compress --mode balanced --max-input-bytes 8589934592 --no-sync --force --models raw,constant --transforms identity --segmentation fixed --segment-size 4096 --metrics-output '<work>/metrics-probe.mz.metrics.json' '<repo>/datasets/data/canterbury/sum' '<work>/metrics-probe.mz'"",""'<repo>/target/release/mathzip' decompress --max-archive-bytes 17179869184 --max-output-bytes 8589934592 --max-segments 8388608 --no-sync --force '<work>/archive.mz' '<work>/restored.bin'""]",{}
mathzip-benchmark-results-v1,20260724T032334Z-aca5bed4,ablation,canterbury_ablation,datasets/data/canterbury/sum,sum,Upstream files retain their original terms; see dataset manifest,datasets/manifests/canterbury.json,datasets/data/canterbury/dataset.json,30daaac9157db37ceda0cc444f6c9c304e91cf17e0164d0a12bc354539937151,true,ee5733cd76ecc2f9d8ff156adc3c02a7a851051dcf43a2d56ff4ee4ff606bdb3,5.328990058101005,38240,ablation-04-fixed-all-models,mathzip,balanced,04 fixed segmentation + all models,1,ok,,3,3,32423,1.1794096783147765,0.15211820083682004,15.211820083682003,6.78305439330544,0.0,0.028587566994247027,0.004598011997586582,1.3376444384964776,8.316637716489545,0.027797999999165768,0.003951999999117106,3661824.0,true,true,e117630723374b7d321151df5402ed2ce40676bcf940268d62609bd044dd47e1,ee5733cd76ecc2f9d8ff156adc3c02a7a851051dcf43a2d56ff4ee4ff606bdb3,"[{""type"":""identity""}]",10,3824.0,4096.0,"{""periodic"":1,""raw"":9}","{""bit_pack"":3,""raw"":1,""sparse"":1,""zero_run"":5}",13,360,31930,120,89.2887029288703,10.711297071129707,5.3707596824292265,31930,1,0,0.001335569,0.002566871,0.020275877,"[""'<repo>/target/release/mathzip' compress --mode balanced --max-input-bytes 8589934592 --no-sync --force --models raw,constant,affine,polynomial,periodic,recurrence,piecewise-linear,run,sparse,copy --transforms identity --segmentation fixed --segment-size 4096 '<repo>/datasets/data/canterbury/sum' '<work>/archive.mz'"",""'<repo>/target/release/mathzip' compress --mode balanced --max-input-bytes 8589934592 --no-sync --force --models raw,constant,affine,polynomial,periodic,recurrence,piecewise-linear,run,sparse,copy --transforms identity --segmentation fixed --segment-size 4096 --metrics-output '<work>/metrics-probe.mz.metrics.json' '<repo>/datasets/data/canterbury/sum' '<work>/metrics-probe.mz'"",""'<repo>/target/release/mathzip' decompress --max-archive-bytes 17179869184 --max-output-bytes 8589934592 --max-segments 8388608 --no-sync --force '<work>/archive.mz' '<work>/restored.bin'""]",{}
mathzip-benchmark-results-v1,20260724T032334Z-aca5bed4,ablation,canterbury_ablation,datasets/data/canterbury/sum,sum,Upstream files retain their original terms; see dataset manifest,datasets/manifests/canterbury.json,datasets/data/canterbury/dataset.json,30daaac9157db37ceda0cc444f6c9c304e91cf17e0164d0a12bc354539937151,true,ee5733cd76ecc2f9d8ff156adc3c02a7a851051dcf43a2d56ff4ee4ff606bdb3,5.328990058101005,38240,ablation-05-adaptive-constant,mathzip,balanced,05 adaptive segmentation + constant,1,ok,,3,3,31616,1.209514170040486,0.1732217573221757,17.32217573221757,6.614225941422594,0.0,0.04928252899844665,0.00488784000481246,0.7759342058360134,7.823496669766141,0.04857999999876483,0.004215000000840519,3690496.0,true,true,f775c4b5554c9d858158a4e940fb33c391416659ef28c8ef5f46f79b9e0602fb,ee5733cd76ecc2f9d8ff156adc3c02a7a851051dcf43a2d56ff4ee4ff606bdb3,"[{""type"":""identity""}]",7,5462.857142857143,6144.0,"{""raw"":7}","{""bit_pack"":1,""raw"":1,""sparse"":2,""zero_run"":3}",0,252,31244,120,100.0,16.06694560669456,5.328990058101005,31244,0,0,0.001789345,0.001267666,0.041785133,"[""'<repo>/target/release/mathzip' compress --mode balanced --max-input-bytes 8589934592 --no-sync --force --models raw,constant --transforms identity --segmentation adaptive '<repo>/datasets/data/canterbury/sum' '<work>/archive.mz'"",""'<repo>/target/release/mathzip' compress --mode balanced --max-input-bytes 8589934592 --no-sync --force --models raw,constant --transforms identity --segmentation adaptive --metrics-output '<work>/metrics-probe.mz.metrics.json' '<repo>/datasets/data/canterbury/sum' '<work>/metrics-probe.mz'"",""'<repo>/target/release/mathzip' decompress --max-archive-bytes 17179869184 --max-output-bytes 8589934592 --max-segments 8388608 --no-sync --force '<work>/archive.mz' '<work>/restored.bin'""]",{}
mathzip-benchmark-results-v1,20260724T032334Z-aca5bed4,ablation,canterbury_ablation,datasets/data/canterbury/sum,sum,Upstream files retain their original terms; see dataset manifest,datasets/manifests/canterbury.json,datasets/data/canterbury/dataset.json,30daaac9157db37ceda0cc444f6c9c304e91cf17e0164d0a12bc354539937151,true,ee5733cd76ecc2f9d8ff156adc3c02a7a851051dcf43a2d56ff4ee4ff606bdb3,5.328990058101005,38240,ablation-06-adaptive-linear,mathzip,balanced,06 adaptive + constant/linear,1,ok,,3,3,31616,1.209514170040486,0.1732217573221757,17.32217573221757,6.614225941422594,0.0,0.08493166900007054,0.005299420001392718,0.4502443016864327,7.215884000503887,0.08416600000055041,0.004360999995697057,3682304.0,true,true,f775c4b5554c9d858158a4e940fb33c391416659ef28c8ef5f46f79b9e0602fb,ee5733cd76ecc2f9d8ff156adc3c02a7a851051dcf43a2d56ff4ee4ff606bdb3,"[{""type"":""identity""}]",7,5462.857142857143,6144.0,"{""raw"":7}","{""bit_pack"":1,""raw"":1,""sparse"":2,""zero_run"":3}",0,252,31244,120,100.0,16.06694560669456,5.328990058101005,31244,0,0,0.001927008,0.002689118,0.07605563,"[""'<repo>/target/release/mathzip' compress --mode balanced --max-input-bytes 8589934592 --no-sync --force --models raw,constant,affine --transforms identity --segmentation adaptive '<repo>/datasets/data/canterbury/sum' '<work>/archive.mz'"",""'<repo>/target/release/mathzip' compress --mode balanced --max-input-bytes 8589934592 --no-sync --force --models raw,constant,affine --transforms identity --segmentation adaptive --metrics-output '<work>/metrics-probe.mz.metrics.json' '<repo>/datasets/data/canterbury/sum' '<work>/metrics-probe.mz'"",""'<repo>/target/release/mathzip' decompress --max-archive-bytes 17179869184 --max-output-bytes 8589934592 --max-segments 8388608 --no-sync --force '<work>/archive.mz' '<work>/restored.bin'""]",{}
mathzip-benchmark-results-v1,20260724T032334Z-aca5bed4,ablation,canterbury_ablation,datasets/data/canterbury/sum,sum,Upstream files retain their original terms; see dataset manifest,datasets/manifests/canterbury.json,datasets/data/canterbury/dataset.json,30daaac9157db37ceda0cc444f6c9c304e91cf17e0164d0a12bc354539937151,true,ee5733cd76ecc2f9d8ff156adc3c02a7a851051dcf43a2d56ff4ee4ff606bdb3,5.328990058101005,38240,ablation-07-add-polynomial,mathzip,balanced,07 add polynomial,1,ok,,3,3,31616,1.209514170040486,0.1732217573221757,17.32217573221757,6.614225941422594,0.0,0.14411650599504355,0.004781886003911495,0.2653408763692561,7.996844753036853,0.1430079999990994,0.004115000003366731,3694592.0,true,true,f775c4b5554c9d858158a4e940fb33c391416659ef28c8ef5f46f79b9e0602fb,ee5733cd76ecc2f9d8ff156adc3c02a7a851051dcf43a2d56ff4ee4ff606bdb3,"[{""type"":""identity""}]",7,5462.857142857143,6144.0,"{""raw"":7}","{""bit_pack"":1,""raw"":1,""sparse"":2,""zero_run"":3}",0,252,31244,120,100.0,16.06694560669456,5.328990058101005,31244,0,0,0.002050448,0.002784839,0.135981933,"[""'<repo>/target/release/mathzip' compress --mode balanced --max-input-bytes 8589934592 --no-sync --force --models raw,constant,affine,polynomial --transforms identity --segmentation adaptive '<repo>/datasets/data/canterbury/sum' '<work>/archive.mz'"",""'<repo>/target/release/mathzip' compress --mode balanced --max-input-bytes 8589934592 --no-sync --force --models raw,constant,affine,polynomial --transforms identity --segmentation adaptive --metrics-output '<work>/metrics-probe.mz.metrics.json' '<repo>/datasets/data/canterbury/sum' '<work>/metrics-probe.mz'"",""'<repo>/target/release/mathzip' decompress --max-archive-bytes 17179869184 --max-output-bytes 8589934592 --max-segments 8388608 --no-sync --force '<work>/archive.mz' '<work>/restored.bin'""]",{}
mathzip-benchmark-results-v1,20260724T032334Z-aca5bed4,ablation,canterbury_ablation,datasets/data/canterbury/sum,sum,Upstream files retain their original terms; see dataset manifest,datasets/manifests/canterbury.json,datasets/data/canterbury/dataset.json,30daaac9157db37ceda0cc444f6c9c304e91cf17e0164d0a12bc354539937151,true,ee5733cd76ecc2f9d8ff156adc3c02a7a851051dcf43a2d56ff4ee4ff606bdb3,5.328990058101005,38240,ablation-08-add-periodic,mathzip,balanced,08 add periodic,1,ok,,3,3,31404,1.2176792765252833,0.1787656903765691,17.876569037656907,6.569874476987447,0.0,0.28678591000061715,0.004984209997928701,0.13333988409652942,7.672228902050973,0.2841640000042389,0.004321000000345521,3710976.0,true,true,5bd01f898e22e52981f98fc10ec8055812c8caf3ea3a38bc83c33533ce6c9c7d,ee5733cd76ecc2f9d8ff156adc3c02a7a851051dcf43a2d56ff4ee4ff606bdb3,"[{""type"":""identity""}]",8,4780.0,3584.0,"{""periodic"":2,""raw"":6}","{""bit_pack"":1,""raw"":1,""sparse"":4,""zero_run"":2}",26,288,30970,120,91.96652719665272,16.06694560669456,5.31498987377295,30970,2,0,0.002376579,0.031006761,0.246828713,"[""'<repo>/target/release/mathzip' compress --mode balanced --max-input-bytes 8589934592 --no-sync --force --models raw,constant,affine,polynomial,periodic --transforms identity --segmentation adaptive '<repo>/datasets/data/canterbury/sum' '<work>/archive.mz'"",""'<repo>/target/release/mathzip' compress --mode balanced --max-input-bytes 8589934592 --no-sync --force --models raw,constant,affine,polynomial,periodic --transforms identity --segmentation adaptive --metrics-output '<work>/metrics-probe.mz.metrics.json' '<repo>/datasets/data/canterbury/sum' '<work>/metrics-probe.mz'"",""'<repo>/target/release/mathzip' decompress --max-archive-bytes 17179869184 --max-output-bytes 8589934592 --max-segments 8388608 --no-sync --force '<work>/archive.mz' '<work>/restored.bin'""]",{}
mathzip-benchmark-results-v1,20260724T032334Z-aca5bed4,ablation,canterbury_ablation,datasets/data/canterbury/sum,sum,Upstream files retain their original terms; see dataset manifest,datasets/manifests/canterbury.json,datasets/data/canterbury/dataset.json,30daaac9157db37ceda0cc444f6c9c304e91cf17e0164d0a12bc354539937151,true,ee5733cd76ecc2f9d8ff156adc3c02a7a851051dcf43a2d56ff4ee4ff606bdb3,5.328990058101005,38240,ablation-09-add-recurrence,mathzip,balanced,09 add recurrence,1,ok,,3,3,31404,1.2176792765252833,0.1787656903765691,17.876569037656907,6.569874476987447,0.0,0.45287090900092153,0.006026868999470025,0.0844390735637254,6.344919725874687,0.45189299999765353,0.00442299999849638,3829760.0,true,true,5bd01f898e22e52981f98fc10ec8055812c8caf3ea3a38bc83c33533ce6c9c7d,ee5733cd76ecc2f9d8ff156adc3c02a7a851051dcf43a2d56ff4ee4ff606bdb3,"[{""type"":""identity""}]",8,4780.0,3584.0,"{""periodic"":2,""raw"":6}","{""bit_pack"":1,""raw"":1,""sparse"":4,""zero_run"":2}",26,288,30970,120,91.96652719665272,16.06694560669456,5.31498987377295,30970,2,0,0.002849256,0.031009897,0.414677279,"[""'<repo>/target/release/mathzip' compress --mode balanced --max-input-bytes 8589934592 --no-sync --force --models raw,constant,affine,polynomial,periodic,recurrence --transforms identity --segmentation adaptive '<repo>/datasets/data/canterbury/sum' '<work>/archive.mz'"",""'<repo>/target/release/mathzip' compress --mode balanced --max-input-bytes 8589934592 --no-sync --force --models raw,constant,affine,polynomial,periodic,recurrence --transforms identity --segmentation adaptive --metrics-output '<work>/metrics-probe.mz.metrics.json' '<repo>/datasets/data/canterbury/sum' '<work>/metrics-probe.mz'"",""'<repo>/target/release/mathzip' decompress --max-archive-bytes 17179869184 --max-output-bytes 8589934592 --max-segments 8388608 --no-sync --force '<work>/archive.mz' '<work>/restored.bin'""]",{}
mathzip-benchmark-results-v1,20260724T032334Z-aca5bed4,ablation,canterbury_ablation,datasets/data/canterbury/sum,sum,Upstream files retain their original terms; see dataset manifest,datasets/manifests/canterbury.json,datasets/data/canterbury/dataset.json,30daaac9157db37ceda0cc444f6c9c304e91cf17e0164d0a12bc354539937151,true,ee5733cd76ecc2f9d8ff156adc3c02a7a851051dcf43a2d56ff4ee4ff606bdb3,5.328990058101005,38240,ablation-10-add-bit-plane,mathzip,balanced,10 add bit-plane,1,ok,,3,3,31404,1.2176792765252833,0.1787656903765691,17.876569037656907,6.569874476987447,0.0,0.9443077860050835,0.005492009004228748,0.040495271315907744,6.9628436462059495,0.942564000000857,0.004701999998360407,4009984.0,true,true,5bd01f898e22e52981f98fc10ec8055812c8caf3ea3a38bc83c33533ce6c9c7d,ee5733cd76ecc2f9d8ff156adc3c02a7a851051dcf43a2d56ff4ee4ff606bdb3,"[{""type"":""identity""}]",8,4780.0,3584.0,"{""periodic"":2,""raw"":6}","{""bit_pack"":1,""raw"":1,""sparse"":4,""zero_run"":2}",26,288,30970,120,91.96652719665272,16.06694560669456,5.31498987377295,30970,2,0,0.006236393,0.084562253,0.850183027,"[""'<repo>/target/release/mathzip' compress --mode balanced --max-input-bytes 8589934592 --no-sync --force --models raw,constant,affine,polynomial,periodic,recurrence --transforms identity,bit-plane --segmentation adaptive '<repo>/datasets/data/canterbury/sum' '<work>/archive.mz'"",""'<repo>/target/release/mathzip' compress --mode balanced --max-input-bytes 8589934592 --no-sync --force --models raw,constant,affine,polynomial,periodic,recurrence --transforms identity,bit-plane --segmentation adaptive --metrics-output '<work>/metrics-probe.mz.metrics.json' '<repo>/datasets/data/canterbury/sum' '<work>/metrics-probe.mz'"",""'<repo>/target/release/mathzip' decompress --max-archive-bytes 17179869184 --max-output-bytes 8589934592 --max-segments 8388608 --no-sync --force '<work>/archive.mz' '<work>/restored.bin'""]",{}
mathzip-benchmark-results-v1,20260724T032334Z-aca5bed4,ablation,canterbury_ablation,datasets/data/canterbury/sum,sum,Upstream files retain their original terms; see dataset manifest,datasets/manifests/canterbury.json,datasets/data/canterbury/dataset.json,30daaac9157db37ceda0cc444f6c9c304e91cf17e0164d0a12bc354539937151,true,ee5733cd76ecc2f9d8ff156adc3c02a7a851051dcf43a2d56ff4ee4ff606bdb3,5.328990058101005,38240,ablation-11-add-stride,mathzip,balanced,11 add stride transpose,1,ok,,3,3,29693,1.2878456201798403,0.2235094142259414,22.35094142259414,6.211924686192469,0.0,3.2492660479983897,0.005060896000941284,0.01176881161318156,7.555974276667152,3.24718799999755,0.004259000001184177,3981312.0,true,true,6feb1173a615160a0e6efc968b3f9beabe17b0faea4d7292af9f0e54cf901050,ee5733cd76ecc2f9d8ff156adc3c02a7a851051dcf43a2d56ff4ee4ff606bdb3,"[{""stride"":4,""type"":""stride""}]",15,2549.3333333333335,2048.0,"{""periodic"":1,""raw"":9,""recurrence"":5}","{""bit_pack"":4,""raw"":3,""rle"":2,""zero_run"":6}",41,540,28990,122,65.18828451882845,25.02092050209205,5.803636928603439,28990,6,0,0.017945704,0.305787651,2.92296426,"[""'<repo>/target/release/mathzip' compress --mode balanced --max-input-bytes 8589934592 --no-sync --force --models raw,constant,affine,polynomial,periodic,recurrence --transforms identity,bit-plane,stride --segmentation adaptive '<repo>/datasets/data/canterbury/sum' '<work>/archive.mz'"",""'<repo>/target/release/mathzip' compress --mode balanced --max-input-bytes 8589934592 --no-sync --force --models raw,constant,affine,polynomial,periodic,recurrence --transforms identity,bit-plane,stride --segmentation adaptive --metrics-output '<work>/metrics-probe.mz.metrics.json' '<repo>/datasets/data/canterbury/sum' '<work>/metrics-probe.mz'"",""'<repo>/target/release/mathzip' decompress --max-archive-bytes 17179869184 --max-output-bytes 8589934592 --max-segments 8388608 --no-sync --force '<work>/archive.mz' '<work>/restored.bin'""]",{}
mathzip-benchmark-results-v1,20260724T032334Z-aca5bed4,ablation,canterbury_ablation,datasets/data/canterbury/sum,sum,Upstream files retain their original terms; see dataset manifest,datasets/manifests/canterbury.json,datasets/data/canterbury/dataset.json,30daaac9157db37ceda0cc444f6c9c304e91cf17e0164d0a12bc354539937151,true,ee5733cd76ecc2f9d8ff156adc3c02a7a851051dcf43a2d56ff4ee4ff606bdb3,5.328990058101005,38240,ablation-12-add-copy,mathzip,balanced,12 add copy/reference,1,ok,,3,3,29693,1.2878456201798403,0.2235094142259414,22.35094142259414,6.211924686192469,0.0,3.2570388429958257,0.0053057850018376485,0.011740725807502754,7.207227580227177,3.2552059999979974,0.004518999998254003,4038656.0,true,true,6feb1173a615160a0e6efc968b3f9beabe17b0faea4d7292af9f0e54cf901050,ee5733cd76ecc2f9d8ff156adc3c02a7a851051dcf43a2d56ff4ee4ff606bdb3,"[{""stride"":4,""type"":""stride""}]",15,2549.3333333333335,2048.0,"{""periodic"":1,""raw"":9,""recurrence"":5}","{""bit_pack"":4,""raw"":3,""rle"":2,""zero_run"":6}",41,540,28990,122,65.18828451882845,25.02092050209205,5.803636928603439,28990,6,0,0.018908069,0.306435598,2.932611715,"[""'<repo>/target/release/mathzip' compress --mode balanced --max-input-bytes 8589934592 --no-sync --force --models raw,constant,affine,polynomial,periodic,recurrence,copy --transforms identity,bit-plane,stride --segmentation adaptive '<repo>/datasets/data/canterbury/sum' '<work>/archive.mz'"",""'<repo>/target/release/mathzip' compress --mode balanced --max-input-bytes 8589934592 --no-sync --force --models raw,constant,affine,polynomial,periodic,recurrence,copy --transforms identity,bit-plane,stride --segmentation adaptive --metrics-output '<work>/metrics-probe.mz.metrics.json' '<repo>/datasets/data/canterbury/sum' '<work>/metrics-probe.mz'"",""'<repo>/target/release/mathzip' decompress --max-archive-bytes 17179869184 --max-output-bytes 8589934592 --max-segments 8388608 --no-sync --force '<work>/archive.mz' '<work>/restored.bin'""]",{}
mathzip-benchmark-results-v1,20260724T032334Z-aca5bed4,ablation,canterbury_ablation,datasets/data/canterbury/sum,sum,Upstream files retain their original terms; see dataset manifest,datasets/manifests/canterbury.json,datasets/data/canterbury/dataset.json,30daaac9157db37ceda0cc444f6c9c304e91cf17e0164d0a12bc354539937151,true,ee5733cd76ecc2f9d8ff156adc3c02a7a851051dcf43a2d56ff4ee4ff606bdb3,5.328990058101005,38240,ablation-13-custom-residual,mathzip,balanced,13 custom residual coders,1,ok,,3,3,29693,1.2878456201798403,0.2235094142259414,22.35094142259414,6.211924686192469,0.0,5.106457255002169,0.006038723004166968,0.0074885577398187304,6.332464657447083,5.101073000001634,0.005076999997982057,4161536.0,true,true,6feb1173a615160a0e6efc968b3f9beabe17b0faea4d7292af9f0e54cf901050,ee5733cd76ecc2f9d8ff156adc3c02a7a851051dcf43a2d56ff4ee4ff606bdb3,"[{""stride"":4,""type"":""stride""}]",15,2549.3333333333335,2048.0,"{""periodic"":1,""raw"":9,""recurrence"":5}","{""bit_pack"":4,""raw"":3,""rle"":2,""zero_run"":6}",41,540,28990,122,65.18828451882845,25.02092050209205,5.803636928603439,28990,6,0,0.025909791,0.459353978,4.610151137,"[""'<repo>/target/release/mathzip' compress --mode balanced --max-input-bytes 8589934592 --no-sync --force --residual-coders raw,rle,zero-run,sparse,bit-pack '<repo>/datasets/data/canterbury/sum' '<work>/archive.mz'"",""'<repo>/target/release/mathzip' compress --mode balanced --max-input-bytes 8589934592 --no-sync --force --residual-coders raw,rle,zero-run,sparse,bit-pack --metrics-output '<work>/metrics-probe.mz.metrics.json' '<repo>/datasets/data/canterbury/sum' '<work>/metrics-probe.mz'"",""'<repo>/target/release/mathzip' decompress --max-archive-bytes 17179869184 --max-output-bytes 8589934592 --max-segments 8388608 --no-sync --force '<work>/archive.mz' '<work>/restored.bin'""]",{}
mathzip-benchmark-results-v1,20260724T032334Z-aca5bed4,ablation,canterbury_ablation,datasets/data/canterbury/sum,sum,Upstream files retain their original terms; see dataset manifest,datasets/manifests/canterbury.json,datasets/data/canterbury/dataset.json,30daaac9157db37ceda0cc444f6c9c304e91cf17e0164d0a12bc354539937151,true,ee5733cd76ecc2f9d8ff156adc3c02a7a851051dcf43a2d56ff4ee4ff606bdb3,5.328990058101005,38240,ablation-14-zstd-residual,mathzip,balanced,14 mathematical models + Zstd residual,1,ok,,3,3,13080,2.923547400611621,0.6579497907949791,65.7949790794979,2.7364016736401675,0.0,4.718355007003993,0.00502901199797634,0.008104519465626476,7.603879254093581,4.715130000000499,0.004243999999744119,4423680.0,true,true,12b634cccb6df89a84b2df548fa7eb7c56029e25418a1a932ff4b9cbbbd66cd6,ee5733cd76ecc2f9d8ff156adc3c02a7a851051dcf43a2d56ff4ee4ff606bdb3,"[{""type"":""identity""}]",3,12746.666666666666,12288.0,"{""affine"":2,""constant"":1}","{""zstd"":3}",5,108,12847,120,0.0,0.0,5.8533166788880555,12847,3,1,0.02683455,0.456746807,4.233156511,"[""'<repo>/target/release/mathzip' compress --mode balanced --max-input-bytes 8589934592 --no-sync --force --models constant,affine,polynomial,periodic,recurrence,piecewise-linear,run,sparse --residual-coders zstd --no-copy-model '<repo>/datasets/data/canterbury/sum' '<work>/archive.mz'"",""'<repo>/target/release/mathzip' compress --mode balanced --max-input-bytes 8589934592 --no-sync --force --models constant,affine,polynomial,periodic,recurrence,piecewise-linear,run,sparse --residual-coders zstd --no-copy-model --metrics-output '<work>/metrics-probe.mz.metrics.json' '<repo>/datasets/data/canterbury/sum' '<work>/metrics-probe.mz'"",""'<repo>/target/release/mathzip' decompress --max-archive-bytes 17179869184 --max-output-bytes 8589934592 --max-segments 8388608 --no-sync --force '<work>/archive.mz' '<work>/restored.bin'""]",{}
mathzip-benchmark-results-v1,20260724T032334Z-aca5bed4,ablation,canterbury_ablation,datasets/data/canterbury/sum,sum,Upstream files retain their original terms; see dataset manifest,datasets/manifests/canterbury.json,datasets/data/canterbury/dataset.json,30daaac9157db37ceda0cc444f6c9c304e91cf17e0164d0a12bc354539937151,true,ee5733cd76ecc2f9d8ff156adc3c02a7a851051dcf43a2d56ff4ee4ff606bdb3,5.328990058101005,38240,ablation-15-no-transform,mathzip,balanced,15 identity transform only,1,ok,,3,3,31404,1.2176792765252833,0.1787656903765691,17.876569037656907,6.569874476987447,0.0,0.560745955001039,0.005361807001463603,0.06819487445063986,7.131923993079515,0.5594380000002275,0.004207999998470768,3981312.0,true,true,5bd01f898e22e52981f98fc10ec8055812c8caf3ea3a38bc83c33533ce6c9c7d,ee5733cd76ecc2f9d8ff156adc3c02a7a851051dcf43a2d56ff4ee4ff606bdb3,"[{""type"":""identity""}]",8,4780.0,3584.0,"{""periodic"":2,""raw"":6}","{""bit_pack"":1,""raw"":1,""sparse"":4,""zero_run"":2}",26,288,30970,120,91.96652719665272,16.06694560669456,5.31498987377295,30970,2,0,0.002989701,0.039828383,0.514261882,"[""'<repo>/target/release/mathzip' compress --mode balanced --max-input-bytes 8589934592 --no-sync --force --transforms identity '<repo>/datasets/data/canterbury/sum' '<work>/archive.mz'"",""'<repo>/target/release/mathzip' compress --mode balanced --max-input-bytes 8589934592 --no-sync --force --transforms identity --metrics-output '<work>/metrics-probe.mz.metrics.json' '<repo>/datasets/data/canterbury/sum' '<work>/metrics-probe.mz'"",""'<repo>/target/release/mathzip' decompress --max-archive-bytes 17179869184 --max-output-bytes 8589934592 --max-segments 8388608 --no-sync --force '<work>/archive.mz' '<work>/restored.bin'""]",{}
mathzip-benchmark-results-v1,20260724T032334Z-aca5bed4,ablation,canterbury_ablation,datasets/data/canterbury/sum,sum,Upstream files retain their original terms; see dataset manifest,datasets/manifests/canterbury.json,datasets/data/canterbury/dataset.json,30daaac9157db37ceda0cc444f6c9c304e91cf17e0164d0a12bc354539937151,true,ee5733cd76ecc2f9d8ff156adc3c02a7a851051dcf43a2d56ff4ee4ff606bdb3,5.328990058101005,38240,ablation-16-no-adaptive-partition,mathzip,balanced,16 fixed partition,1,ok,,3,3,32423,1.1794096783147765,0.15211820083682004,15.211820083682003,6.78305439330544,0.0,0.20809705599822337,0.0053028460024506785,0.18376040841407423,7.211222046110262,0.20687199999883887,0.0043970000006083865,3768320.0,true,true,e117630723374b7d321151df5402ed2ce40676bcf940268d62609bd044dd47e1,ee5733cd76ecc2f9d8ff156adc3c02a7a851051dcf43a2d56ff4ee4ff606bdb3,"[{""type"":""identity""}]",10,3824.0,4096.0,"{""periodic"":1,""raw"":9}","{""bit_pack"":3,""raw"":1,""sparse"":1,""zero_run"":5}",13,360,31930,120,89.2887029288703,10.711297071129707,5.3707596824292265,31930,1,0,0.007398888,0.022075816,0.166778972,"[""'<repo>/target/release/mathzip' compress --mode balanced --max-input-bytes 8589934592 --no-sync --force --segmentation fixed --segment-size 4096 '<repo>/datasets/data/canterbury/sum' '<work>/archive.mz'"",""'<repo>/target/release/mathzip' compress --mode balanced --max-input-bytes 8589934592 --no-sync --force --segmentation fixed --segment-size 4096 --metrics-output '<work>/metrics-probe.mz.metrics.json' '<repo>/datasets/data/canterbury/sum' '<work>/metrics-probe.mz'"",""'<repo>/target/release/mathzip' decompress --max-archive-bytes 17179869184 --max-output-bytes 8589934592 --max-segments 8388608 --no-sync --force '<work>/archive.mz' '<work>/restored.bin'""]",{}
mathzip-benchmark-results-v1,20260724T032334Z-aca5bed4,ablation,canterbury_ablation,datasets/data/canterbury/sum,sum,Upstream files retain their original terms; see dataset manifest,datasets/manifests/canterbury.json,datasets/data/canterbury/dataset.json,30daaac9157db37ceda0cc444f6c9c304e91cf17e0164d0a12bc354539937151,true,ee5733cd76ecc2f9d8ff156adc3c02a7a851051dcf43a2d56ff4ee4ff606bdb3,5.328990058101005,38240,ablation-17-no-raw-fallback,mathzip,balanced,17 no raw fallback,1,ok,,3,3,29702,1.2874553902094135,0.2232740585774059,22.32740585774059,6.213807531380753,0.0,4.988703681003244,0.005933142005233094,0.007665317975412366,6.445151652576648,4.986032000000705,0.004933000000164611,4194304.0,true,true,459c932cb7dc35503879a9e2eb00ac92dc1e3486d1f334800955eb58101a8d52,ee5733cd76ecc2f9d8ff156adc3c02a7a851051dcf43a2d56ff4ee4ff606bdb3,"[{""stride"":4,""type"":""stride""}]",15,2549.3333333333335,2048.0,"{""constant"":9,""periodic"":1,""recurrence"":5}","{""bit_pack"":4,""raw"":3,""rle"":2,""zero_run"":6}",50,540,28990,122,0.0,0.0,5.99850517568745,28990,12,0,0.024105473,0.457803331,4.489180126,"[""'<repo>/target/release/mathzip' compress --mode balanced --max-input-bytes 8589934592 --no-sync --force --no-raw-fallback --models constant,affine,polynomial,periodic,recurrence,piecewise-linear,run,sparse,copy '<repo>/datasets/data/canterbury/sum' '<work>/archive.mz'"",""'<repo>/target/release/mathzip' compress --mode balanced --max-input-bytes 8589934592 --no-sync --force --no-raw-fallback --models constant,affine,polynomial,periodic,recurrence,piecewise-linear,run,sparse,copy --metrics-output '<work>/metrics-probe.mz.metrics.json' '<repo>/datasets/data/canterbury/sum' '<work>/metrics-probe.mz'"",""'<repo>/target/release/mathzip' decompress --max-archive-bytes 17179869184 --max-output-bytes 8589934592 --max-segments 8388608 --no-sync --force '<work>/archive.mz' '<work>/restored.bin'""]",{}
mathzip-benchmark-results-v1,20260724T032334Z-aca5bed4,ablation,canterbury_ablation,datasets/data/canterbury/sum,sum,Upstream files retain their original terms; see dataset manifest,datasets/manifests/canterbury.json,datasets/data/canterbury/dataset.json,30daaac9157db37ceda0cc444f6c9c304e91cf17e0164d0a12bc354539937151,true,ee5733cd76ecc2f9d8ff156adc3c02a7a851051dcf43a2d56ff4ee4ff606bdb3,5.328990058101005,38240,ablation-18-fast,mathzip,fast,18 fast mode,1,ok,,3,3,34861,1.0969277989730644,0.08836297071129706,8.836297071129707,7.2930962343096235,0.0,0.03090642799361376,0.006162243997096084,1.2372830664191148,6.205531624197345,0.027090000003227033,0.004420999994181329,3682304.0,true,true,6e6f8e2c2d2ed26e6d182534dd1a6b026aac4a81a69536f16b47b96dff19d043,ee5733cd76ecc2f9d8ff156adc3c02a7a851051dcf43a2d56ff4ee4ff606bdb3,"[{""type"":""identity""}]",3,12746.666666666666,16384.0,"{""raw"":3}","{""zero_run"":3}",0,108,34633,120,100.0,0.0,5.328990058101005,34633,0,0,0.00250469,0.000516712,0.020742816,"[""'<repo>/target/release/mathzip' compress --mode fast --max-input-bytes 8589934592 --no-sync --force '<repo>/datasets/data/canterbury/sum' '<work>/archive.mz'"",""'<repo>/target/release/mathzip' compress --mode fast --max-input-bytes 8589934592 --no-sync --force --metrics-output '<work>/metrics-probe.mz.metrics.json' '<repo>/datasets/data/canterbury/sum' '<work>/metrics-probe.mz'"",""'<repo>/target/release/mathzip' decompress --max-archive-bytes 17179869184 --max-output-bytes 8589934592 --max-segments 8388608 --no-sync --force '<work>/archive.mz' '<work>/restored.bin'""]",{}
mathzip-benchmark-results-v1,20260724T032334Z-aca5bed4,ablation,canterbury_ablation,datasets/data/canterbury/sum,sum,Upstream files retain their original terms; see dataset manifest,datasets/manifests/canterbury.json,datasets/data/canterbury/dataset.json,30daaac9157db37ceda0cc444f6c9c304e91cf17e0164d0a12bc354539937151,true,ee5733cd76ecc2f9d8ff156adc3c02a7a851051dcf43a2d56ff4ee4ff606bdb3,5.328990058101005,38240,ablation-19-balanced,mathzip,balanced,19 balanced mode,1,ok,,3,3,29693,1.2878456201798403,0.2235094142259414,22.35094142259414,6.211924686192469,0.0,5.095179076997738,0.005114061001222581,0.007505133661078775,7.477423517407839,5.091564999998809,0.0043929999992542434,4173824.0,true,true,6feb1173a615160a0e6efc968b3f9beabe17b0faea4d7292af9f0e54cf901050,ee5733cd76ecc2f9d8ff156adc3c02a7a851051dcf43a2d56ff4ee4ff606bdb3,"[{""stride"":4,""type"":""stride""}]",15,2549.3333333333335,2048.0,"{""periodic"":1,""raw"":9,""recurrence"":5}","{""bit_pack"":4,""raw"":3,""rle"":2,""zero_run"":6}",41,540,28990,122,65.18828451882845,25.02092050209205,5.803636928603439,28990,6,0,0.024745986,0.460507502,4.614949104,"[""'<repo>/target/release/mathzip' compress --mode balanced --max-input-bytes 8589934592 --no-sync --force '<repo>/datasets/data/canterbury/sum' '<work>/archive.mz'"",""'<repo>/target/release/mathzip' compress --mode balanced --max-input-bytes 8589934592 --no-sync --force --metrics-output '<work>/metrics-probe.mz.metrics.json' '<repo>/datasets/data/canterbury/sum' '<work>/metrics-probe.mz'"",""'<repo>/target/release/mathzip' decompress --max-archive-bytes 17179869184 --max-output-bytes 8589934592 --max-segments 8388608 --no-sync --force '<work>/archive.mz' '<work>/restored.bin'""]",{}
mathzip-benchmark-results-v1,20260724T032334Z-aca5bed4,ablation,canterbury_ablation,datasets/data/canterbury/sum,sum,Upstream files retain their original terms; see dataset manifest,datasets/manifests/canterbury.json,datasets/data/canterbury/dataset.json,30daaac9157db37ceda0cc444f6c9c304e91cf17e0164d0a12bc354539937151,true,ee5733cd76ecc2f9d8ff156adc3c02a7a851051dcf43a2d56ff4ee4ff606bdb3,5.328990058101005,38240,ablation-20-max,mathzip,max,20 max mode,1,ok,,3,3,28944,1.3211719181868435,0.24309623430962346,24.309623430962347,6.055230125523012,0.0,140.8405400759948,0.005249000998446718,0.00027151273333208214,7.285195794650442,140.76225999999951,0.004613000000972534,4620288.0,true,true,99a5405ea67313ef34547fbcb02379cf8ad93146e7d027d9afbf23e7ed176870,ee5733cd76ecc2f9d8ff156adc3c02a7a851051dcf43a2d56ff4ee4ff606bdb3,"[{""stride"":4,""type"":""stride""}]",19,2012.6315789473683,1792.0,"{""raw"":12,""recurrence"":7}","{""bit_pack"":5,""raw"":4,""rle"":2,""sparse"":3,""zero_run"":5}",55,684,28083,122,71.2133891213389,23.682008368200837,5.7419625422387615,28083,7,0,0.352309609,62.127392006,78.563498184,"[""'<repo>/target/release/mathzip' compress --mode max --max-input-bytes 8589934592 --no-sync --force '<repo>/datasets/data/canterbury/sum' '<work>/archive.mz'"",""'<repo>/target/release/mathzip' compress --mode max --max-input-bytes 8589934592 --no-sync --force --metrics-output '<work>/metrics-probe.mz.metrics.json' '<repo>/datasets/data/canterbury/sum' '<work>/metrics-probe.mz'"",""'<repo>/target/release/mathzip' decompress --max-archive-bytes 17179869184 --max-output-bytes 8589934592 --max-segments 8388608 --no-sync --force '<work>/archive.mz' '<work>/restored.bin'""]",{}
mathzip-benchmark-results-v1,20260724T032334Z-aca5bed4,ablation,canterbury_ablation,datasets/data/canterbury/sum,sum,Upstream files retain their original terms; see dataset manifest,datasets/manifests/canterbury.json,datasets/data/canterbury/dataset.json,30daaac9157db37ceda0cc444f6c9c304e91cf17e0164d0a12bc354539937151,true,ee5733cd76ecc2f9d8ff156adc3c02a7a851051dcf43a2d56ff4ee4ff606bdb3,5.328990058101005,38240,zstd-default,zstd,default,,1,ok,,3,3,13379,2.858210628597055,0.6501307531380753,65.01307531380753,2.7989539748953973,0.0,0.005537734999961685,0.00428493299841648,6.9053502921798495,8.924293568681659,0.005000999997719191,0.003688000000693137,360448.0,true,true,57b1f9b3e6d808dbb9516a6412874a9d1158342f495040b6e09098c46d342c17,ee5733cd76ecc2f9d8ff156adc3c02a7a851051dcf43a2d56ff4ee4ff606bdb3,,,,,,,,,,,,,,,,,,,,"[""'<external>/zstd' -q -d -c '<work>/archive.zst'"",""'<external>/zstd' -q -f -T1 -3 -c '<repo>/datasets/data/canterbury/sum'""]",{}
