schema_version,run_id,profile,corpus,input_path,input_name,input_license,input_provenance,input_manifest,input_manifest_sha256,input_manifest_verified,input_sha256,input_entropy_bits_per_byte,original_bytes,codec,codec_family,codec_level,variant,threads,status,error,successful_repeats,requested_repeats,compressed_bytes,ratio,savings,savings_percent,bits_per_byte,expansion_percent,compression_seconds,decompression_seconds,compression_mbps,decompression_mbps,compression_cpu_seconds,decompression_cpu_seconds,peak_rss_bytes,roundtrip_verified,deterministic_archive,archive_sha256,restored_sha256,transform,segment_count,mean_segment_size,median_segment_size,model_distribution_json,residual_distribution_json,model_parameter_bytes,partition_metadata_bytes,residual_bytes,container_overhead_bytes,raw_model_percent,raw_fallback_percent,estimated_residual_entropy,actual_residual_coded_bytes,math_segments_winning_raw,math_segments_winning_zstd,search_seconds,model_fitting_seconds,residual_coding_seconds,command_lines_json,tags_json
mathzip-benchmark-results-v1,20260724T025637Z-8563453d,quick,synthetic,datasets/synthetic/already_compressed/s0000004096_bzip2.bz2,s0000004096_bzip2.bz2,CC0-1.0,python/mathzip_bench/synthetic.py and datasets/synthetic/manifest.json,datasets/synthetic/manifest.json,788cc7e3e85003e88d7c4f21698a72edc5348641fc93c7e57ec681c85e2f147e,true,3b421dffe598c3859924d9c66b9c0771fa99d01dfe1e4e9529b2fd9190bcdf24,7.170600021412373,974,mathzip-fast,mathzip,fast,,1,ok,,3,3,1016,0.9586614173228346,-0.04312114989733051,-4.312114989733051,8.344969199178644,4.312114989733051,0.004628133996448014,0.004906308997306041,0.21045198793888045,0.19851990580593362,0.004012000000000005,0.0033439999999999998,438272.0,true,true,19f2072b30a45f1fb024704e0dc36d283d8d8ea416d907aa551abfe10e0e9f90,3b421dffe598c3859924d9c66b9c0771fa99d01dfe1e4e9529b2fd9190bcdf24,"[{""type"":""delta""}]",1,974.0,974.0,"{""raw"":1}","{""zero_run"":1}",0,36,860,120,100.0,0.0,7.163390546745238,860,0,0,0.000112801,8.496e-05,0.000522263,"[""'<repo>/target/release/mathzip' compress --mode fast --max-input-bytes 8589934592 --no-sync --force '<repo>/datasets/synthetic/already_compressed/s0000004096_bzip2.bz2' '<work>/archive.mz'"",""'<repo>/target/release/mathzip' compress --mode fast --max-input-bytes 8589934592 --no-sync --force --metrics-output '<work>/metrics-probe.mz.metrics.json' '<repo>/datasets/synthetic/already_compressed/s0000004096_bzip2.bz2' '<work>/metrics-probe.mz'"",""'<repo>/target/release/mathzip' decompress --max-archive-bytes 17179869184 --max-output-bytes 8589934592 --max-segments 8388608 --no-sync --force '<work>/archive.mz' '<work>/restored.bin'""]","{""family"":""already_compressed"",""noise_density"":null,""seed"":1297748005,""size_requested"":4096}"
mathzip-benchmark-results-v1,20260724T025637Z-8563453d,quick,synthetic,datasets/synthetic/already_compressed/s0000004096_bzip2.bz2,s0000004096_bzip2.bz2,CC0-1.0,python/mathzip_bench/synthetic.py and datasets/synthetic/manifest.json,datasets/synthetic/manifest.json,788cc7e3e85003e88d7c4f21698a72edc5348641fc93c7e57ec681c85e2f147e,true,3b421dffe598c3859924d9c66b9c0771fa99d01dfe1e4e9529b2fd9190bcdf24,7.170600021412373,974,raw,raw,default,,1,ok,,3,3,974,1.0,0.0,0.0,8.0,0.0,0.00020552399655571207,0.00018252299923915416,4.739105974595889,5.336313801877639,0.00020924900000002244,0.00018568999999998836,,true,true,3b421dffe598c3859924d9c66b9c0771fa99d01dfe1e4e9529b2fd9190bcdf24,3b421dffe598c3859924d9c66b9c0771fa99d01dfe1e4e9529b2fd9190bcdf24,,,,,,,,,,,,,,,,,,,,"[""stdlib:shutil.copyfile""]","{""family"":""already_compressed"",""noise_density"":null,""seed"":1297748005,""size_requested"":4096}"
mathzip-benchmark-results-v1,20260724T025637Z-8563453d,quick,synthetic,datasets/synthetic/already_compressed/s0000004096_bzip2.bz2,s0000004096_bzip2.bz2,CC0-1.0,python/mathzip_bench/synthetic.py and datasets/synthetic/manifest.json,datasets/synthetic/manifest.json,788cc7e3e85003e88d7c4f21698a72edc5348641fc93c7e57ec681c85e2f147e,true,3b421dffe598c3859924d9c66b9c0771fa99d01dfe1e4e9529b2fd9190bcdf24,7.170600021412373,974,gzip-fast,gzip,fast,,1,ok,,3,3,906,1.075055187637969,0.06981519507186862,6.981519507186862,7.441478439425051,0.0,0.0025033199999597855,0.0026418769994052127,0.3890832973873284,0.36867727006945616,0.0019679999999999975,0.0020870000000000055,344064.0,true,true,856eab366d5d0888dbf5b96814c3ee2c72c759b57537132dc9597df2564dc144,3b421dffe598c3859924d9c66b9c0771fa99d01dfe1e4e9529b2fd9190bcdf24,,,,,,,,,,,,,,,,,,,,"[""'<external>/gzip' -d -c '<work>/archive.gz'"",""'<external>/gzip' -n -c -1 '<repo>/datasets/synthetic/already_compressed/s0000004096_bzip2.bz2'""]","{""family"":""already_compressed"",""noise_density"":null,""seed"":1297748005,""size_requested"":4096}"
mathzip-benchmark-results-v1,20260724T025637Z-8563453d,quick,synthetic,datasets/synthetic/already_compressed/s0000004096_bzip2.bz2,s0000004096_bzip2.bz2,CC0-1.0,python/mathzip_bench/synthetic.py and datasets/synthetic/manifest.json,datasets/synthetic/manifest.json,788cc7e3e85003e88d7c4f21698a72edc5348641fc93c7e57ec681c85e2f147e,true,3b421dffe598c3859924d9c66b9c0771fa99d01dfe1e4e9529b2fd9190bcdf24,7.170600021412373,974,bzip2-fast,bzip2,fast,,1,ok,,3,3,1111,0.8766876687668766,-0.14065708418891165,-14.065708418891166,9.125256673511293,14.065708418891166,0.0032880660000955686,0.0026358659961260855,0.29622276437629,0.36951802611797463,0.002689999999999998,0.00203600000000001,438272.0,true,true,86e32877dee6224020294d65a6420e7cdbd0a2ae5ede4f891bdf63bb5efa9141,3b421dffe598c3859924d9c66b9c0771fa99d01dfe1e4e9529b2fd9190bcdf24,,,,,,,,,,,,,,,,,,,,"[""'<external>/bzip2' -c -1"",""'<external>/bzip2' -d -c '<work>/archive.bz2'""]","{""family"":""already_compressed"",""noise_density"":null,""seed"":1297748005,""size_requested"":4096}"
mathzip-benchmark-results-v1,20260724T025637Z-8563453d,quick,synthetic,datasets/synthetic/already_compressed/s0000004096_bzip2.bz2,s0000004096_bzip2.bz2,CC0-1.0,python/mathzip_bench/synthetic.py and datasets/synthetic/manifest.json,datasets/synthetic/manifest.json,788cc7e3e85003e88d7c4f21698a72edc5348641fc93c7e57ec681c85e2f147e,true,3b421dffe598c3859924d9c66b9c0771fa99d01dfe1e4e9529b2fd9190bcdf24,7.170600021412373,974,xz-fast,xz,fast,,1,ok,,3,3,932,1.0450643776824033,0.043121149897330624,4.312114989733063,7.655030800821355,0.0,0.00823832400055835,0.004114108000067063,0.11822793081869412,0.23674633723376323,0.006964999999999999,0.002253000000000005,368640.0,true,true,256a30dc570cc3929680cbc96ff22332cef838b62010cc5f6feadb65d6a4273d,3b421dffe598c3859924d9c66b9c0771fa99d01dfe1e4e9529b2fd9190bcdf24,,,,,,,,,,,,,,,,,,,,"[""'<external>/xz' -c --threads=1 -1 '<repo>/datasets/synthetic/already_compressed/s0000004096_bzip2.bz2'"",""'<external>/xz' -d -c --threads=1 '<work>/archive.xz'""]","{""family"":""already_compressed"",""noise_density"":null,""seed"":1297748005,""size_requested"":4096}"
mathzip-benchmark-results-v1,20260724T025637Z-8563453d,quick,synthetic,datasets/synthetic/already_compressed/s0000004096_bzip2.bz2,s0000004096_bzip2.bz2,CC0-1.0,python/mathzip_bench/synthetic.py and datasets/synthetic/manifest.json,datasets/synthetic/manifest.json,788cc7e3e85003e88d7c4f21698a72edc5348641fc93c7e57ec681c85e2f147e,true,3b421dffe598c3859924d9c66b9c0771fa99d01dfe1e4e9529b2fd9190bcdf24,7.170600021412373,974,zstd-fast,zstd,fast,,1,ok,,3,3,864,1.1273148148148149,0.11293634496919913,11.293634496919914,7.096509240246407,0.0,0.004112991999136284,0.004713720001745969,0.2368105749304976,0.20663085623228128,0.0035509999999999986,0.004119999999999985,352256.0,true,true,1a6120cfc3756560b9392e1e82f559f9411c8379fe75167a807c759179ee9d23,3b421dffe598c3859924d9c66b9c0771fa99d01dfe1e4e9529b2fd9190bcdf24,,,,,,,,,,,,,,,,,,,,"[""'<external>/zstd' -q -d -c '<work>/archive.zst'"",""'<external>/zstd' -q -f -T1 -1 -c '<repo>/datasets/synthetic/already_compressed/s0000004096_bzip2.bz2'""]","{""family"":""already_compressed"",""noise_density"":null,""seed"":1297748005,""size_requested"":4096}"
mathzip-benchmark-results-v1,20260724T025637Z-8563453d,quick,synthetic,datasets/synthetic/already_compressed/s0000004096_bzip2.bz2,s0000004096_bzip2.bz2,CC0-1.0,python/mathzip_bench/synthetic.py and datasets/synthetic/manifest.json,datasets/synthetic/manifest.json,788cc7e3e85003e88d7c4f21698a72edc5348641fc93c7e57ec681c85e2f147e,true,3b421dffe598c3859924d9c66b9c0771fa99d01dfe1e4e9529b2fd9190bcdf24,7.170600021412373,974,lz4-fast,lz4,fast,,1,ok,,3,3,881,1.1055618615209988,0.09548254620123209,9.54825462012321,7.236139630390143,0.0,0.002909606999310199,0.0025727870015543886,0.33475311278496134,0.3785777833188457,0.0023190000000000155,0.001921000000000006,344064.0,true,true,12812e1e9ddc103969e1d65e40ac1f0cdafd6a6865888a448d3b40b907ffc350,3b421dffe598c3859924d9c66b9c0771fa99d01dfe1e4e9529b2fd9190bcdf24,,,,,,,,,,,,,,,,,,,,"[""'<tmp>/mathzip-toolpkgs.3lRj8c/extracted/usr/bin/lz4' -q -d -f '<work>/archive.lz4' '<work>/restored.bin'"",""'<tmp>/mathzip-toolpkgs.3lRj8c/extracted/usr/bin/lz4' -q -f -1 '<repo>/datasets/synthetic/already_compressed/s0000004096_bzip2.bz2' '<work>/archive.lz4'""]","{""family"":""already_compressed"",""noise_density"":null,""seed"":1297748005,""size_requested"":4096}"
mathzip-benchmark-results-v1,20260724T025637Z-8563453d,quick,synthetic,datasets/synthetic/already_compressed/s0000004096_bzip2.bz2,s0000004096_bzip2.bz2,CC0-1.0,python/mathzip_bench/synthetic.py and datasets/synthetic/manifest.json,datasets/synthetic/manifest.json,788cc7e3e85003e88d7c4f21698a72edc5348641fc93c7e57ec681c85e2f147e,true,3b421dffe598c3859924d9c66b9c0771fa99d01dfe1e4e9529b2fd9190bcdf24,7.170600021412373,974,brotli-fast,brotli,fast,,1,ok,,3,3,863,1.1286210892236386,0.11396303901437377,11.396303901437378,7.08829568788501,0.0,0.004713306996563915,0.0032532120021642186,0.20664896233367855,0.2993964117161872,0.004054000000000002,0.0025540000000000007,348160.0,true,true,727ce2df6383c8a8b4afb0a78a542eea248217506bec649a5473bb2f56049c9b,3b421dffe598c3859924d9c66b9c0771fa99d01dfe1e4e9529b2fd9190bcdf24,,,,,,,,,,,,,,,,,,,,"[""'<tmp>/mathzip-toolpkgs.3lRj8c/extracted/usr/bin/brotli' -f -d -o '<work>/restored.bin' '<work>/archive.br'"",""'<tmp>/mathzip-toolpkgs.3lRj8c/extracted/usr/bin/brotli' -f -q 4 -o '<work>/archive.br' '<repo>/datasets/synthetic/already_compressed/s0000004096_bzip2.bz2'""]","{""family"":""already_compressed"",""noise_density"":null,""seed"":1297748005,""size_requested"":4096}"
mathzip-benchmark-results-v1,20260724T025637Z-8563453d,quick,synthetic,datasets/synthetic/already_compressed/s0000004096_bzip2.bz2,s0000004096_bzip2.bz2,CC0-1.0,python/mathzip_bench/synthetic.py and datasets/synthetic/manifest.json,datasets/synthetic/manifest.json,788cc7e3e85003e88d7c4f21698a72edc5348641fc93c7e57ec681c85e2f147e,true,3b421dffe598c3859924d9c66b9c0771fa99d01dfe1e4e9529b2fd9190bcdf24,7.170600021412373,974,7z-fast,7z,fast,,1,ok,,3,3,1019,0.9558390578999019,-0.0462012320328542,-4.62012320328542,8.369609856262834,4.62012320328542,0.009096487003262155,0.006576492000021972,0.10707430238186534,0.14810327451120536,0.008305000000000007,0.005836999999999981,401408.0,true,true,8168022ecd6cf4f0150edb9f232c71d2f7f4c86d979d2f556130ca5149ab5770,3b421dffe598c3859924d9c66b9c0771fa99d01dfe1e4e9529b2fd9190bcdf24,,,,,,,,,,,,,,,,,,,,"[""'<tmp>/mathzip-toolpkgs.3lRj8c/extracted/usr/lib/7zip/7z' a -y -bd -bso0 -bsp0 -t7z -m0=lzma2 -mx=1 -mmt=1 '<work>/archive.7z' '<repo>/datasets/synthetic/already_compressed/s0000004096_bzip2.bz2'"",""'<tmp>/mathzip-toolpkgs.3lRj8c/extracted/usr/lib/7zip/7z' e -so -bd -mmt=1 '<work>/archive.7z'""]","{""family"":""already_compressed"",""noise_density"":null,""seed"":1297748005,""size_requested"":4096}"
mathzip-benchmark-results-v1,20260724T025637Z-8563453d,quick,synthetic,datasets/synthetic/already_compressed/s0000004096_gzip.gz,s0000004096_gzip.gz,CC0-1.0,python/mathzip_bench/synthetic.py and datasets/synthetic/manifest.json,datasets/synthetic/manifest.json,788cc7e3e85003e88d7c4f21698a72edc5348641fc93c7e57ec681c85e2f147e,true,8ce291d1a819799b8c5c9a4c3eb3d183ab94f81b64723bd4ac4c0fa981e2be27,7.610471636122021,600,mathzip-fast,mathzip,fast,,1,ok,,3,3,756,0.7936507936507936,-0.26,-26.0,10.08,26.0,0.004581204993883148,0.003977498003223445,0.13096990874696146,0.15084859867025646,0.00387000000000004,0.003422000000000036,491520.0,true,true,e4718c87da44c25ffa70d0be9cf474271f4083a3928f06105f3be08c8fee9ef0,8ce291d1a819799b8c5c9a4c3eb3d183ab94f81b64723bd4ac4c0fa981e2be27,"[{""type"":""identity""}]",1,600.0,600.0,"{""raw"":1}","{""raw"":1}",0,36,600,120,100.0,100.0,7.610471636122036,600,0,0,8.4146e-05,6.7962e-05,0.00029554,"[""'<repo>/target/release/mathzip' compress --mode fast --max-input-bytes 8589934592 --no-sync --force '<repo>/datasets/synthetic/already_compressed/s0000004096_gzip.gz' '<work>/archive.mz'"",""'<repo>/target/release/mathzip' compress --mode fast --max-input-bytes 8589934592 --no-sync --force --metrics-output '<work>/metrics-probe.mz.metrics.json' '<repo>/datasets/synthetic/already_compressed/s0000004096_gzip.gz' '<work>/metrics-probe.mz'"",""'<repo>/target/release/mathzip' decompress --max-archive-bytes 17179869184 --max-output-bytes 8589934592 --max-segments 8388608 --no-sync --force '<work>/archive.mz' '<work>/restored.bin'""]","{""family"":""already_compressed"",""noise_density"":null,""seed"":1297748005,""size_requested"":4096}"
mathzip-benchmark-results-v1,20260724T025637Z-8563453d,quick,synthetic,datasets/synthetic/already_compressed/s0000004096_gzip.gz,s0000004096_gzip.gz,CC0-1.0,python/mathzip_bench/synthetic.py and datasets/synthetic/manifest.json,datasets/synthetic/manifest.json,788cc7e3e85003e88d7c4f21698a72edc5348641fc93c7e57ec681c85e2f147e,true,8ce291d1a819799b8c5c9a4c3eb3d183ab94f81b64723bd4ac4c0fa981e2be27,7.610471636122021,600,raw,raw,default,,1,ok,,3,3,600,1.0,0.0,0.0,8.0,0.0,0.0002088959954562597,0.00020722599583677948,2.8722427095335714,2.89538963283635,0.0002127710000000005,0.00021046600000002025,,true,true,8ce291d1a819799b8c5c9a4c3eb3d183ab94f81b64723bd4ac4c0fa981e2be27,8ce291d1a819799b8c5c9a4c3eb3d183ab94f81b64723bd4ac4c0fa981e2be27,,,,,,,,,,,,,,,,,,,,"[""stdlib:shutil.copyfile""]","{""family"":""already_compressed"",""noise_density"":null,""seed"":1297748005,""size_requested"":4096}"
mathzip-benchmark-results-v1,20260724T025637Z-8563453d,quick,synthetic,datasets/synthetic/already_compressed/s0000004096_gzip.gz,s0000004096_gzip.gz,CC0-1.0,python/mathzip_bench/synthetic.py and datasets/synthetic/manifest.json,datasets/synthetic/manifest.json,788cc7e3e85003e88d7c4f21698a72edc5348641fc93c7e57ec681c85e2f147e,true,8ce291d1a819799b8c5c9a4c3eb3d183ab94f81b64723bd4ac4c0fa981e2be27,7.610471636122021,600,gzip-fast,gzip,fast,,1,ok,,3,3,623,0.9630818619582665,-0.03833333333333333,-3.833333333333333,8.306666666666667,3.833333333333333,0.0030452259961748496,0.002755410001554992,0.19702971167120872,0.2177534376595117,0.0022360000000000158,0.001990999999999965,362496.0,true,true,bf596938d22ef9154ba87c01a64c44f8ecdae833ba7054d5e8816dfc444ff25b,8ce291d1a819799b8c5c9a4c3eb3d183ab94f81b64723bd4ac4c0fa981e2be27,,,,,,,,,,,,,,,,,,,,"[""'<external>/gzip' -d -c '<work>/archive.gz'"",""'<external>/gzip' -n -c -1 '<repo>/datasets/synthetic/already_compressed/s0000004096_gzip.gz'""]","{""family"":""already_compressed"",""noise_density"":null,""seed"":1297748005,""size_requested"":4096}"
mathzip-benchmark-results-v1,20260724T025637Z-8563453d,quick,synthetic,datasets/synthetic/already_compressed/s0000004096_gzip.gz,s0000004096_gzip.gz,CC0-1.0,python/mathzip_bench/synthetic.py and datasets/synthetic/manifest.json,datasets/synthetic/manifest.json,788cc7e3e85003e88d7c4f21698a72edc5348641fc93c7e57ec681c85e2f147e,true,8ce291d1a819799b8c5c9a4c3eb3d183ab94f81b64723bd4ac4c0fa981e2be27,7.610471636122021,600,bzip2-fast,bzip2,fast,,1,ok,,3,3,801,0.7490636704119851,-0.33499999999999996,-33.5,10.68,33.5,0.0034610270013217814,0.0028111770006944425,0.173358948014811,0.21343373250840572,0.002876999999999963,0.0022059999999999858,348160.0,true,true,b735f0a97f6c30cf7567af30fe8f0c66046f2d799af346eff4605da730383f1a,8ce291d1a819799b8c5c9a4c3eb3d183ab94f81b64723bd4ac4c0fa981e2be27,,,,,,,,,,,,,,,,,,,,"[""'<external>/bzip2' -c -1"",""'<external>/bzip2' -d -c '<work>/archive.bz2'""]","{""family"":""already_compressed"",""noise_density"":null,""seed"":1297748005,""size_requested"":4096}"
mathzip-benchmark-results-v1,20260724T025637Z-8563453d,quick,synthetic,datasets/synthetic/already_compressed/s0000004096_gzip.gz,s0000004096_gzip.gz,CC0-1.0,python/mathzip_bench/synthetic.py and datasets/synthetic/manifest.json,datasets/synthetic/manifest.json,788cc7e3e85003e88d7c4f21698a72edc5348641fc93c7e57ec681c85e2f147e,true,8ce291d1a819799b8c5c9a4c3eb3d183ab94f81b64723bd4ac4c0fa981e2be27,7.610471636122021,600,xz-fast,xz,fast,,1,ok,,3,3,660,0.9090909090909091,-0.10000000000000009,-10.000000000000009,8.8,10.000000000000009,0.008138289995258674,0.0038417100004153326,0.07372556155526,0.15618045087607682,0.006889000000000034,0.0023639999999999772,364544.0,true,true,e012dd691765410f4a20f321c4014e6e3ac4ec19a6a71a23a7a2a4dd47178ce3,8ce291d1a819799b8c5c9a4c3eb3d183ab94f81b64723bd4ac4c0fa981e2be27,,,,,,,,,,,,,,,,,,,,"[""'<external>/xz' -c --threads=1 -1 '<repo>/datasets/synthetic/already_compressed/s0000004096_gzip.gz'"",""'<external>/xz' -d -c --threads=1 '<work>/archive.xz'""]","{""family"":""already_compressed"",""noise_density"":null,""seed"":1297748005,""size_requested"":4096}"
mathzip-benchmark-results-v1,20260724T025637Z-8563453d,quick,synthetic,datasets/synthetic/already_compressed/s0000004096_gzip.gz,s0000004096_gzip.gz,CC0-1.0,python/mathzip_bench/synthetic.py and datasets/synthetic/manifest.json,datasets/synthetic/manifest.json,788cc7e3e85003e88d7c4f21698a72edc5348641fc93c7e57ec681c85e2f147e,true,8ce291d1a819799b8c5c9a4c3eb3d183ab94f81b64723bd4ac4c0fa981e2be27,7.610471636122021,600,zstd-fast,zstd,fast,,1,ok,,3,3,614,0.9771986970684039,-0.023333333333333428,-2.333333333333343,8.186666666666667,2.333333333333343,0.004103555002075154,0.004566499002976343,0.14621468451052366,0.1313916853171178,0.003697999999999979,0.004074999999999995,360448.0,true,true,ec84819731da3e49904df54dce6ee48c1f1c7322d81a24e809af76b4e25f47de,8ce291d1a819799b8c5c9a4c3eb3d183ab94f81b64723bd4ac4c0fa981e2be27,,,,,,,,,,,,,,,,,,,,"[""'<external>/zstd' -q -d -c '<work>/archive.zst'"",""'<external>/zstd' -q -f -T1 -1 -c '<repo>/datasets/synthetic/already_compressed/s0000004096_gzip.gz'""]","{""family"":""already_compressed"",""noise_density"":null,""seed"":1297748005,""size_requested"":4096}"
mathzip-benchmark-results-v1,20260724T025637Z-8563453d,quick,synthetic,datasets/synthetic/already_compressed/s0000004096_gzip.gz,s0000004096_gzip.gz,CC0-1.0,python/mathzip_bench/synthetic.py and datasets/synthetic/manifest.json,datasets/synthetic/manifest.json,788cc7e3e85003e88d7c4f21698a72edc5348641fc93c7e57ec681c85e2f147e,true,8ce291d1a819799b8c5c9a4c3eb3d183ab94f81b64723bd4ac4c0fa981e2be27,7.610471636122021,600,lz4-fast,lz4,fast,,1,ok,,3,3,619,0.9693053311793215,-0.03166666666666673,-3.166666666666673,8.253333333333334,3.166666666666673,0.0027208979954593815,0.0026196130056632683,0.2205154331405574,0.22904146478998108,0.0021240000000000148,0.001991000000000076,339968.0,true,true,a6f8d03b95198cfc86b8886172ffeec80a89194d07b777d8c8a274b8f033ed1b,8ce291d1a819799b8c5c9a4c3eb3d183ab94f81b64723bd4ac4c0fa981e2be27,,,,,,,,,,,,,,,,,,,,"[""'<tmp>/mathzip-toolpkgs.3lRj8c/extracted/usr/bin/lz4' -q -d -f '<work>/archive.lz4' '<work>/restored.bin'"",""'<tmp>/mathzip-toolpkgs.3lRj8c/extracted/usr/bin/lz4' -q -f -1 '<repo>/datasets/synthetic/already_compressed/s0000004096_gzip.gz' '<work>/archive.lz4'""]","{""family"":""already_compressed"",""noise_density"":null,""seed"":1297748005,""size_requested"":4096}"
mathzip-benchmark-results-v1,20260724T025637Z-8563453d,quick,synthetic,datasets/synthetic/already_compressed/s0000004096_gzip.gz,s0000004096_gzip.gz,CC0-1.0,python/mathzip_bench/synthetic.py and datasets/synthetic/manifest.json,datasets/synthetic/manifest.json,788cc7e3e85003e88d7c4f21698a72edc5348641fc93c7e57ec681c85e2f147e,true,8ce291d1a819799b8c5c9a4c3eb3d183ab94f81b64723bd4ac4c0fa981e2be27,7.610471636122021,600,brotli-fast,brotli,fast,,1,ok,,3,3,605,0.9917355371900827,-0.008333333333333304,-0.8333333333333304,8.066666666666666,0.8333333333333304,0.004377689998364076,0.0031981830034055747,0.13705858574367244,0.18760652513039183,0.0037559999999999816,0.002626000000000017,348160.0,true,true,8383c72c4d8525becfbab9154cf01f89a2d00a4b8efe8fd178990bdcdf204a78,8ce291d1a819799b8c5c9a4c3eb3d183ab94f81b64723bd4ac4c0fa981e2be27,,,,,,,,,,,,,,,,,,,,"[""'<tmp>/mathzip-toolpkgs.3lRj8c/extracted/usr/bin/brotli' -f -d -o '<work>/restored.bin' '<work>/archive.br'"",""'<tmp>/mathzip-toolpkgs.3lRj8c/extracted/usr/bin/brotli' -f -q 4 -o '<work>/archive.br' '<repo>/datasets/synthetic/already_compressed/s0000004096_gzip.gz'""]","{""family"":""already_compressed"",""noise_density"":null,""seed"":1297748005,""size_requested"":4096}"
mathzip-benchmark-results-v1,20260724T025637Z-8563453d,quick,synthetic,datasets/synthetic/already_compressed/s0000004096_gzip.gz,s0000004096_gzip.gz,CC0-1.0,python/mathzip_bench/synthetic.py and datasets/synthetic/manifest.json,datasets/synthetic/manifest.json,788cc7e3e85003e88d7c4f21698a72edc5348641fc93c7e57ec681c85e2f147e,true,8ce291d1a819799b8c5c9a4c3eb3d183ab94f81b64723bd4ac4c0fa981e2be27,7.610471636122021,600,7z-fast,7z,fast,,1,ok,,3,3,750,0.8,-0.25,-25.0,10.0,25.0,0.009343362005893141,0.006891896999150049,0.0642167133866334,0.08705875901424465,0.008519999999999972,0.0062830000000000386,557056.0,true,true,88ae1b1b3ef88c1ffcdc30e57b2d81c48f48f61f7e36cf049fd4d5d8104c6eb5,8ce291d1a819799b8c5c9a4c3eb3d183ab94f81b64723bd4ac4c0fa981e2be27,,,,,,,,,,,,,,,,,,,,"[""'<tmp>/mathzip-toolpkgs.3lRj8c/extracted/usr/lib/7zip/7z' a -y -bd -bso0 -bsp0 -t7z -m0=lzma2 -mx=1 -mmt=1 '<work>/archive.7z' '<repo>/datasets/synthetic/already_compressed/s0000004096_gzip.gz'"",""'<tmp>/mathzip-toolpkgs.3lRj8c/extracted/usr/lib/7zip/7z' e -so -bd -mmt=1 '<work>/archive.7z'""]","{""family"":""already_compressed"",""noise_density"":null,""seed"":1297748005,""size_requested"":4096}"
mathzip-benchmark-results-v1,20260724T025637Z-8563453d,quick,synthetic,datasets/synthetic/already_compressed/s0000004096_image.jpg,s0000004096_image.jpg,CC0-1.0,python/mathzip_bench/synthetic.py and datasets/synthetic/manifest.json,datasets/synthetic/manifest.json,788cc7e3e85003e88d7c4f21698a72edc5348641fc93c7e57ec681c85e2f147e,true,0333acf899c8a49ad7eb7b0b76f8f1ab17e1090665d90c6182044c2df46d0a27,2.75369233199722,520,mathzip-fast,mathzip,fast,,1,ok,,3,3,443,1.1738148984198646,0.1480769230769231,14.80769230769231,6.815384615384615,0.0,0.0046305069990921766,0.003956421001930721,0.11229871806736225,0.1314319178232654,0.0035089999999999844,0.003259000000000012,430080.0,true,true,196aa22ff4389130bab9b49fed4790c9c25e8912489c59e556de58df2f982ff4,0333acf899c8a49ad7eb7b0b76f8f1ab17e1090665d90c6182044c2df46d0a27,"[{""type"":""delta""}]",1,520.0,520.0,"{""raw"":1}","{""zero_run"":1}",0,36,287,120,100.0,0.0,3.304258088933782,287,0,0,7.7639e-05,6.1321e-05,0.000316234,"[""'<repo>/target/release/mathzip' compress --mode fast --max-input-bytes 8589934592 --no-sync --force '<repo>/datasets/synthetic/already_compressed/s0000004096_image.jpg' '<work>/archive.mz'"",""'<repo>/target/release/mathzip' compress --mode fast --max-input-bytes 8589934592 --no-sync --force --metrics-output '<work>/metrics-probe.mz.metrics.json' '<repo>/datasets/synthetic/already_compressed/s0000004096_image.jpg' '<work>/metrics-probe.mz'"",""'<repo>/target/release/mathzip' decompress --max-archive-bytes 17179869184 --max-output-bytes 8589934592 --max-segments 8388608 --no-sync --force '<work>/archive.mz' '<work>/restored.bin'""]","{""family"":""already_compressed"",""noise_density"":null,""seed"":1297748005,""size_requested"":4096}"
mathzip-benchmark-results-v1,20260724T025637Z-8563453d,quick,synthetic,datasets/synthetic/already_compressed/s0000004096_image.jpg,s0000004096_image.jpg,CC0-1.0,python/mathzip_bench/synthetic.py and datasets/synthetic/manifest.json,datasets/synthetic/manifest.json,788cc7e3e85003e88d7c4f21698a72edc5348641fc93c7e57ec681c85e2f147e,true,0333acf899c8a49ad7eb7b0b76f8f1ab17e1090665d90c6182044c2df46d0a27,2.75369233199722,520,raw,raw,default,,1,ok,,3,3,520,1.0,0.0,0.0,8.0,0.0,0.00020214800315443426,0.0002119719938491471,2.5723726768784227,2.453154261359948,0.00020622900000000222,0.00021511399999996073,,true,true,0333acf899c8a49ad7eb7b0b76f8f1ab17e1090665d90c6182044c2df46d0a27,0333acf899c8a49ad7eb7b0b76f8f1ab17e1090665d90c6182044c2df46d0a27,,,,,,,,,,,,,,,,,,,,"[""stdlib:shutil.copyfile""]","{""family"":""already_compressed"",""noise_density"":null,""seed"":1297748005,""size_requested"":4096}"
mathzip-benchmark-results-v1,20260724T025637Z-8563453d,quick,synthetic,datasets/synthetic/already_compressed/s0000004096_image.jpg,s0000004096_image.jpg,CC0-1.0,python/mathzip_bench/synthetic.py and datasets/synthetic/manifest.json,datasets/synthetic/manifest.json,788cc7e3e85003e88d7c4f21698a72edc5348641fc93c7e57ec681c85e2f147e,true,0333acf899c8a49ad7eb7b0b76f8f1ab17e1090665d90c6182044c2df46d0a27,2.75369233199722,520,gzip-fast,gzip,fast,,1,ok,,3,3,167,3.1137724550898205,0.6788461538461539,67.88461538461539,2.5692307692307694,0.0,0.00298922200454399,0.0024636939997435547,0.17395830728180617,0.21106517288840523,0.0023979999999999,0.0019000000000000128,360448.0,true,true,066cc131a46b146a2a2b05ac185b1a3d4a1165bcbc9c87e6740939b1cd66d65c,0333acf899c8a49ad7eb7b0b76f8f1ab17e1090665d90c6182044c2df46d0a27,,,,,,,,,,,,,,,,,,,,"[""'<external>/gzip' -d -c '<work>/archive.gz'"",""'<external>/gzip' -n -c -1 '<repo>/datasets/synthetic/already_compressed/s0000004096_image.jpg'""]","{""family"":""already_compressed"",""noise_density"":null,""seed"":1297748005,""size_requested"":4096}"
mathzip-benchmark-results-v1,20260724T025637Z-8563453d,quick,synthetic,datasets/synthetic/already_compressed/s0000004096_image.jpg,s0000004096_image.jpg,CC0-1.0,python/mathzip_bench/synthetic.py and datasets/synthetic/manifest.json,datasets/synthetic/manifest.json,788cc7e3e85003e88d7c4f21698a72edc5348641fc93c7e57ec681c85e2f147e,true,0333acf899c8a49ad7eb7b0b76f8f1ab17e1090665d90c6182044c2df46d0a27,2.75369233199722,520,bzip2-fast,bzip2,fast,,1,ok,,3,3,170,3.0588235294117645,0.6730769230769231,67.3076923076923,2.6153846153846154,0.0,0.003052526000828948,0.0029987410016474314,0.17035071932517137,0.17340610600059334,0.0020219999999999683,0.002334999999999976,475136.0,true,true,5846610302be7619d2c23ea1ff40c04f8b87a93cad2b9cf88e313e6ccc438a25,0333acf899c8a49ad7eb7b0b76f8f1ab17e1090665d90c6182044c2df46d0a27,,,,,,,,,,,,,,,,,,,,"[""'<external>/bzip2' -c -1"",""'<external>/bzip2' -d -c '<work>/archive.bz2'""]","{""family"":""already_compressed"",""noise_density"":null,""seed"":1297748005,""size_requested"":4096}"
mathzip-benchmark-results-v1,20260724T025637Z-8563453d,quick,synthetic,datasets/synthetic/already_compressed/s0000004096_image.jpg,s0000004096_image.jpg,CC0-1.0,python/mathzip_bench/synthetic.py and datasets/synthetic/manifest.json,datasets/synthetic/manifest.json,788cc7e3e85003e88d7c4f21698a72edc5348641fc93c7e57ec681c85e2f147e,true,0333acf899c8a49ad7eb7b0b76f8f1ab17e1090665d90c6182044c2df46d0a27,2.75369233199722,520,xz-fast,xz,fast,,1,ok,,3,3,204,2.549019607843137,0.6076923076923078,60.769230769230774,3.1384615384615384,0.0,0.004979660996468738,0.0035465219989418983,0.10442477919054154,0.14662252205263113,0.003615000000000035,0.002371000000000123,630784.0,true,true,724acf7bc97ce18df344a747175c619923e4ec8f65e54ab237ad68173d1f54d8,0333acf899c8a49ad7eb7b0b76f8f1ab17e1090665d90c6182044c2df46d0a27,,,,,,,,,,,,,,,,,,,,"[""'<external>/xz' -c --threads=1 -1 '<repo>/datasets/synthetic/already_compressed/s0000004096_image.jpg'"",""'<external>/xz' -d -c --threads=1 '<work>/archive.xz'""]","{""family"":""already_compressed"",""noise_density"":null,""seed"":1297748005,""size_requested"":4096}"
mathzip-benchmark-results-v1,20260724T025637Z-8563453d,quick,synthetic,datasets/synthetic/already_compressed/s0000004096_image.jpg,s0000004096_image.jpg,CC0-1.0,python/mathzip_bench/synthetic.py and datasets/synthetic/manifest.json,datasets/synthetic/manifest.json,788cc7e3e85003e88d7c4f21698a72edc5348641fc93c7e57ec681c85e2f147e,true,0333acf899c8a49ad7eb7b0b76f8f1ab17e1090665d90c6182044c2df46d0a27,2.75369233199722,520,zstd-fast,zstd,fast,,1,ok,,3,3,160,3.25,0.6923076923076923,69.23076923076923,2.4615384615384617,0.0,0.00413026699970942,0.006447019004554022,0.12589985103543766,0.08065743247114429,0.0036920000000000286,0.0037690000000000223,348160.0,true,true,305871cca01335eb8b71e09f01ee8a1be92084068be06ea1d7aa228d253def1d,0333acf899c8a49ad7eb7b0b76f8f1ab17e1090665d90c6182044c2df46d0a27,,,,,,,,,,,,,,,,,,,,"[""'<external>/zstd' -q -d -c '<work>/archive.zst'"",""'<external>/zstd' -q -f -T1 -1 -c '<repo>/datasets/synthetic/already_compressed/s0000004096_image.jpg'""]","{""family"":""already_compressed"",""noise_density"":null,""seed"":1297748005,""size_requested"":4096}"
mathzip-benchmark-results-v1,20260724T025637Z-8563453d,quick,synthetic,datasets/synthetic/already_compressed/s0000004096_image.jpg,s0000004096_image.jpg,CC0-1.0,python/mathzip_bench/synthetic.py and datasets/synthetic/manifest.json,datasets/synthetic/manifest.json,788cc7e3e85003e88d7c4f21698a72edc5348641fc93c7e57ec681c85e2f147e,true,0333acf899c8a49ad7eb7b0b76f8f1ab17e1090665d90c6182044c2df46d0a27,2.75369233199722,520,lz4-fast,lz4,fast,,1,ok,,3,3,210,2.4761904761904763,0.5961538461538461,59.61538461538461,3.230769230769231,0.0,0.0028079320036340505,0.002478520000295248,0.18518966959563526,0.2098026241216759,0.001994999999999969,0.001906999999999992,430080.0,true,true,106cb462199cace829b5d538991a1055b7c03970600b7c2992a729ed50b26109,0333acf899c8a49ad7eb7b0b76f8f1ab17e1090665d90c6182044c2df46d0a27,,,,,,,,,,,,,,,,,,,,"[""'<tmp>/mathzip-toolpkgs.3lRj8c/extracted/usr/bin/lz4' -q -d -f '<work>/archive.lz4' '<work>/restored.bin'"",""'<tmp>/mathzip-toolpkgs.3lRj8c/extracted/usr/bin/lz4' -q -f -1 '<repo>/datasets/synthetic/already_compressed/s0000004096_image.jpg' '<work>/archive.lz4'""]","{""family"":""already_compressed"",""noise_density"":null,""seed"":1297748005,""size_requested"":4096}"
mathzip-benchmark-results-v1,20260724T025637Z-8563453d,quick,synthetic,datasets/synthetic/already_compressed/s0000004096_image.jpg,s0000004096_image.jpg,CC0-1.0,python/mathzip_bench/synthetic.py and datasets/synthetic/manifest.json,datasets/synthetic/manifest.json,788cc7e3e85003e88d7c4f21698a72edc5348641fc93c7e57ec681c85e2f147e,true,0333acf899c8a49ad7eb7b0b76f8f1ab17e1090665d90c6182044c2df46d0a27,2.75369233199722,520,brotli-fast,brotli,fast,,1,ok,,3,3,144,3.611111111111111,0.7230769230769231,72.3076923076923,2.2153846153846155,0.0,0.00399661799747264,0.003465370995400008,0.1301100080940522,0.1500560836603806,0.003439000000000081,0.0026760000000001227,352256.0,true,true,f1bed866fbeb645431835f8c62a372a5f584de1cdd8e5373938cc0e51380cd71,0333acf899c8a49ad7eb7b0b76f8f1ab17e1090665d90c6182044c2df46d0a27,,,,,,,,,,,,,,,,,,,,"[""'<tmp>/mathzip-toolpkgs.3lRj8c/extracted/usr/bin/brotli' -f -d -o '<work>/restored.bin' '<work>/archive.br'"",""'<tmp>/mathzip-toolpkgs.3lRj8c/extracted/usr/bin/brotli' -f -q 4 -o '<work>/archive.br' '<repo>/datasets/synthetic/already_compressed/s0000004096_image.jpg'""]","{""family"":""already_compressed"",""noise_density"":null,""seed"":1297748005,""size_requested"":4096}"
mathzip-benchmark-results-v1,20260724T025637Z-8563453d,quick,synthetic,datasets/synthetic/already_compressed/s0000004096_image.jpg,s0000004096_image.jpg,CC0-1.0,python/mathzip_bench/synthetic.py and datasets/synthetic/manifest.json,datasets/synthetic/manifest.json,788cc7e3e85003e88d7c4f21698a72edc5348641fc93c7e57ec681c85e2f147e,true,0333acf899c8a49ad7eb7b0b76f8f1ab17e1090665d90c6182044c2df46d0a27,2.75369233199722,520,7z-fast,7z,fast,,1,ok,,3,3,293,1.7747440273037542,0.43653846153846154,43.65384615384615,4.507692307692308,0.0,0.00967168300121557,0.006636347003222909,0.053765203009098275,0.0783563607730977,0.00896499999999989,0.006029000000000062,401408.0,true,true,291493abc06b3c9c6d6087d0e8199e7161beac7941d2334b276b35b91e878ba3,0333acf899c8a49ad7eb7b0b76f8f1ab17e1090665d90c6182044c2df46d0a27,,,,,,,,,,,,,,,,,,,,"[""'<tmp>/mathzip-toolpkgs.3lRj8c/extracted/usr/lib/7zip/7z' a -y -bd -bso0 -bsp0 -t7z -m0=lzma2 -mx=1 -mmt=1 '<work>/archive.7z' '<repo>/datasets/synthetic/already_compressed/s0000004096_image.jpg'"",""'<tmp>/mathzip-toolpkgs.3lRj8c/extracted/usr/lib/7zip/7z' e -so -bd -mmt=1 '<work>/archive.7z'""]","{""family"":""already_compressed"",""noise_density"":null,""seed"":1297748005,""size_requested"":4096}"
mathzip-benchmark-results-v1,20260724T025637Z-8563453d,quick,synthetic,datasets/synthetic/already_compressed/s0000004096_image.png,s0000004096_image.png,CC0-1.0,python/mathzip_bench/synthetic.py and datasets/synthetic/manifest.json,datasets/synthetic/manifest.json,788cc7e3e85003e88d7c4f21698a72edc5348641fc93c7e57ec681c85e2f147e,true,cb4eecdedf70818c958a332f4b9497746a871e2f48b029475884c54a192f1d44,7.920503890429584,4228,mathzip-fast,mathzip,fast,,1,ok,,3,3,4384,0.9644160583941606,-0.03689687795648067,-3.6896877956480667,8.295175023651845,3.6896877956480667,0.006162921999930404,0.0038375229996745475,0.6860382136992397,1.1017523544115744,0.005564000000000013,0.0031610000000000804,487424.0,true,true,a34e03bf5ed09da09b90cfacda06afcfc2665a6dc7e81e018c2556fd77aa1ede,cb4eecdedf70818c958a332f4b9497746a871e2f48b029475884c54a192f1d44,"[{""type"":""identity""}]",1,4228.0,4228.0,"{""raw"":1}","{""raw"":1}",0,36,4228,120,100.0,100.0,7.920503890429605,4228,0,0,0.000295175,0.00010342,0.001989344,"[""'<repo>/target/release/mathzip' compress --mode fast --max-input-bytes 8589934592 --no-sync --force '<repo>/datasets/synthetic/already_compressed/s0000004096_image.png' '<work>/archive.mz'"",""'<repo>/target/release/mathzip' compress --mode fast --max-input-bytes 8589934592 --no-sync --force --metrics-output '<work>/metrics-probe.mz.metrics.json' '<repo>/datasets/synthetic/already_compressed/s0000004096_image.png' '<work>/metrics-probe.mz'"",""'<repo>/target/release/mathzip' decompress --max-archive-bytes 17179869184 --max-output-bytes 8589934592 --max-segments 8388608 --no-sync --force '<work>/archive.mz' '<work>/restored.bin'""]","{""family"":""already_compressed"",""noise_density"":null,""seed"":1297748005,""size_requested"":4096}"
mathzip-benchmark-results-v1,20260724T025637Z-8563453d,quick,synthetic,datasets/synthetic/already_compressed/s0000004096_image.png,s0000004096_image.png,CC0-1.0,python/mathzip_bench/synthetic.py and datasets/synthetic/manifest.json,datasets/synthetic/manifest.json,788cc7e3e85003e88d7c4f21698a72edc5348641fc93c7e57ec681c85e2f147e,true,cb4eecdedf70818c958a332f4b9497746a871e2f48b029475884c54a192f1d44,7.920503890429584,4228,raw,raw,default,,1,ok,,3,3,4228,1.0,0.0,0.0,8.0,0.0,0.00021567999647231773,0.00019337100093252957,19.603116047633367,21.864705563970375,0.0002195210000000003,0.0001965529999999882,,true,true,cb4eecdedf70818c958a332f4b9497746a871e2f48b029475884c54a192f1d44,cb4eecdedf70818c958a332f4b9497746a871e2f48b029475884c54a192f1d44,,,,,,,,,,,,,,,,,,,,"[""stdlib:shutil.copyfile""]","{""family"":""already_compressed"",""noise_density"":null,""seed"":1297748005,""size_requested"":4096}"
mathzip-benchmark-results-v1,20260724T025637Z-8563453d,quick,synthetic,datasets/synthetic/already_compressed/s0000004096_image.png,s0000004096_image.png,CC0-1.0,python/mathzip_bench/synthetic.py and datasets/synthetic/manifest.json,datasets/synthetic/manifest.json,788cc7e3e85003e88d7c4f21698a72edc5348641fc93c7e57ec681c85e2f147e,true,cb4eecdedf70818c958a332f4b9497746a871e2f48b029475884c54a192f1d44,7.920503890429584,4228,gzip-fast,gzip,fast,,1,ok,,3,3,4251,0.9945895083509763,-0.005439924314096567,-0.5439924314096567,8.043519394512773,0.5439924314096567,0.002647688001161441,0.0024269429995911196,1.5968648867031672,1.742109312296298,0.00208699999999995,0.0017679999999999918,348160.0,true,true,1b2f9b207b18de431800330d6580635a530b5fb44760a7a049f2544811c1b9b1,cb4eecdedf70818c958a332f4b9497746a871e2f48b029475884c54a192f1d44,,,,,,,,,,,,,,,,,,,,"[""'<external>/gzip' -d -c '<work>/archive.gz'"",""'<external>/gzip' -n -c -1 '<repo>/datasets/synthetic/already_compressed/s0000004096_image.png'""]","{""family"":""already_compressed"",""noise_density"":null,""seed"":1297748005,""size_requested"":4096}"
mathzip-benchmark-results-v1,20260724T025637Z-8563453d,quick,synthetic,datasets/synthetic/already_compressed/s0000004096_image.png,s0000004096_image.png,CC0-1.0,python/mathzip_bench/synthetic.py and datasets/synthetic/manifest.json,datasets/synthetic/manifest.json,788cc7e3e85003e88d7c4f21698a72edc5348641fc93c7e57ec681c85e2f147e,true,cb4eecdedf70818c958a332f4b9497746a871e2f48b029475884c54a192f1d44,7.920503890429584,4228,bzip2-fast,bzip2,fast,,1,ok,,3,3,4704,0.8988095238095238,-0.11258278145695355,-11.258278145695355,8.900662251655628,11.258278145695355,0.004177016999165062,0.003093005005212035,1.0122056005147044,1.3669554342380243,0.0035840000000000316,0.0025640000000000107,360448.0,true,true,1bb01189417570c5645fe75ef5403035f63dcbd6aaa94fbc60347d5370fceded,cb4eecdedf70818c958a332f4b9497746a871e2f48b029475884c54a192f1d44,,,,,,,,,,,,,,,,,,,,"[""'<external>/bzip2' -c -1"",""'<external>/bzip2' -d -c '<work>/archive.bz2'""]","{""family"":""already_compressed"",""noise_density"":null,""seed"":1297748005,""size_requested"":4096}"
mathzip-benchmark-results-v1,20260724T025637Z-8563453d,quick,synthetic,datasets/synthetic/already_compressed/s0000004096_image.png,s0000004096_image.png,CC0-1.0,python/mathzip_bench/synthetic.py and datasets/synthetic/manifest.json,datasets/synthetic/manifest.json,788cc7e3e85003e88d7c4f21698a72edc5348641fc93c7e57ec681c85e2f147e,true,cb4eecdedf70818c958a332f4b9497746a871e2f48b029475884c54a192f1d44,7.920503890429584,4228,xz-fast,xz,fast,,1,ok,,3,3,4288,0.9860074626865671,-0.014191106906338735,-1.4191106906338735,8.11352885525071,1.4191106906338735,0.010195884002314415,0.0038130030006868765,0.4146771382491469,1.108837312542992,0.009070000000000022,0.0022280000000000078,352256.0,true,true,aed5c5e181ffd6752efa56e6923015b9d7f575edcf1d2c97ebc39548c34a3fbc,cb4eecdedf70818c958a332f4b9497746a871e2f48b029475884c54a192f1d44,,,,,,,,,,,,,,,,,,,,"[""'<external>/xz' -c --threads=1 -1 '<repo>/datasets/synthetic/already_compressed/s0000004096_image.png'"",""'<external>/xz' -d -c --threads=1 '<work>/archive.xz'""]","{""family"":""already_compressed"",""noise_density"":null,""seed"":1297748005,""size_requested"":4096}"
mathzip-benchmark-results-v1,20260724T025637Z-8563453d,quick,synthetic,datasets/synthetic/already_compressed/s0000004096_image.png,s0000004096_image.png,CC0-1.0,python/mathzip_bench/synthetic.py and datasets/synthetic/manifest.json,datasets/synthetic/manifest.json,788cc7e3e85003e88d7c4f21698a72edc5348641fc93c7e57ec681c85e2f147e,true,cb4eecdedf70818c958a332f4b9497746a871e2f48b029475884c54a192f1d44,7.920503890429584,4228,zstd-fast,zstd,fast,,1,ok,,3,3,4242,0.9966996699669967,-0.0033112582781456013,-0.3311258278145601,8.026490066225165,0.3311258278145601,0.0043166289979126304,0.004155681002885103,0.9794680066423387,1.0174024418776824,0.003803000000000001,0.0037009999999999543,339968.0,true,true,80bd2d79e275234c7c133a54850f22e02269b1056b4d54dc46a0c6cda3d277f7,cb4eecdedf70818c958a332f4b9497746a871e2f48b029475884c54a192f1d44,,,,,,,,,,,,,,,,,,,,"[""'<external>/zstd' -q -d -c '<work>/archive.zst'"",""'<external>/zstd' -q -f -T1 -1 -c '<repo>/datasets/synthetic/already_compressed/s0000004096_image.png'""]","{""family"":""already_compressed"",""noise_density"":null,""seed"":1297748005,""size_requested"":4096}"
mathzip-benchmark-results-v1,20260724T025637Z-8563453d,quick,synthetic,datasets/synthetic/already_compressed/s0000004096_image.png,s0000004096_image.png,CC0-1.0,python/mathzip_bench/synthetic.py and datasets/synthetic/manifest.json,datasets/synthetic/manifest.json,788cc7e3e85003e88d7c4f21698a72edc5348641fc93c7e57ec681c85e2f147e,true,cb4eecdedf70818c958a332f4b9497746a871e2f48b029475884c54a192f1d44,7.920503890429584,4228,lz4-fast,lz4,fast,,1,ok,,3,3,4247,0.9955262538262303,-0.004493850520340681,-0.4493850520340681,8.035950804162725,0.4493850520340681,0.0026778149986057542,0.0027802289987448603,1.5788992152935784,1.5207380406105895,0.0020420000000000993,0.0020620000000000083,356352.0,true,true,104b67a1de95471cdecea2eb0232c77f69a6a949fd766fa4111bdd8662831cf8,cb4eecdedf70818c958a332f4b9497746a871e2f48b029475884c54a192f1d44,,,,,,,,,,,,,,,,,,,,"[""'<tmp>/mathzip-toolpkgs.3lRj8c/extracted/usr/bin/lz4' -q -d -f '<work>/archive.lz4' '<work>/restored.bin'"",""'<tmp>/mathzip-toolpkgs.3lRj8c/extracted/usr/bin/lz4' -q -f -1 '<repo>/datasets/synthetic/already_compressed/s0000004096_image.png' '<work>/archive.lz4'""]","{""family"":""already_compressed"",""noise_density"":null,""seed"":1297748005,""size_requested"":4096}"
mathzip-benchmark-results-v1,20260724T025637Z-8563453d,quick,synthetic,datasets/synthetic/already_compressed/s0000004096_image.png,s0000004096_image.png,CC0-1.0,python/mathzip_bench/synthetic.py and datasets/synthetic/manifest.json,datasets/synthetic/manifest.json,788cc7e3e85003e88d7c4f21698a72edc5348641fc93c7e57ec681c85e2f147e,true,cb4eecdedf70818c958a332f4b9497746a871e2f48b029475884c54a192f1d44,7.920503890429584,4228,brotli-fast,brotli,fast,,1,ok,,3,3,4233,0.9988188046302858,-0.0011825922421948576,-0.11825922421948576,8.009460737937559,0.11825922421948576,0.004720915996585973,0.003231885995774064,0.89558890754624,1.308214462245398,0.004061000000000092,0.002693999999999974,352256.0,true,true,8fe9f2fd74ce5910ea94e40af737d616376dc25c198b5b7936b7000771c8bb01,cb4eecdedf70818c958a332f4b9497746a871e2f48b029475884c54a192f1d44,,,,,,,,,,,,,,,,,,,,"[""'<tmp>/mathzip-toolpkgs.3lRj8c/extracted/usr/bin/brotli' -f -d -o '<work>/restored.bin' '<work>/archive.br'"",""'<tmp>/mathzip-toolpkgs.3lRj8c/extracted/usr/bin/brotli' -f -q 4 -o '<work>/archive.br' '<repo>/datasets/synthetic/already_compressed/s0000004096_image.png'""]","{""family"":""already_compressed"",""noise_density"":null,""seed"":1297748005,""size_requested"":4096}"
mathzip-benchmark-results-v1,20260724T025637Z-8563453d,quick,synthetic,datasets/synthetic/already_compressed/s0000004096_image.png,s0000004096_image.png,CC0-1.0,python/mathzip_bench/synthetic.py and datasets/synthetic/manifest.json,datasets/synthetic/manifest.json,788cc7e3e85003e88d7c4f21698a72edc5348641fc93c7e57ec681c85e2f147e,true,cb4eecdedf70818c958a332f4b9497746a871e2f48b029475884c54a192f1d44,7.920503890429584,4228,7z-fast,7z,fast,,1,ok,,3,3,4378,0.9657377798081316,-0.03547776726584684,-3.547776726584684,8.283822138126775,3.547776726584684,0.00979864599503344,0.00655774399638176,0.4314881874641672,0.6447339210455306,0.009149000000000074,0.005889999999999951,401408.0,true,true,0dd91a96493ae79c457817ccfae15c5f2831abd46035c5a5ce5f30c3fc842aa7,cb4eecdedf70818c958a332f4b9497746a871e2f48b029475884c54a192f1d44,,,,,,,,,,,,,,,,,,,,"[""'<tmp>/mathzip-toolpkgs.3lRj8c/extracted/usr/lib/7zip/7z' a -y -bd -bso0 -bsp0 -t7z -m0=lzma2 -mx=1 -mmt=1 '<work>/archive.7z' '<repo>/datasets/synthetic/already_compressed/s0000004096_image.png'"",""'<tmp>/mathzip-toolpkgs.3lRj8c/extracted/usr/lib/7zip/7z' e -so -bd -mmt=1 '<work>/archive.7z'""]","{""family"":""already_compressed"",""noise_density"":null,""seed"":1297748005,""size_requested"":4096}"
mathzip-benchmark-results-v1,20260724T025637Z-8563453d,quick,synthetic,datasets/synthetic/already_compressed/s0000004096_sample.mp4,s0000004096_sample.mp4,CC0-1.0,python/mathzip_bench/synthetic.py and datasets/synthetic/manifest.json,datasets/synthetic/manifest.json,788cc7e3e85003e88d7c4f21698a72edc5348641fc93c7e57ec681c85e2f147e,true,292b5460010419d08b05a1da3626757a9cb81c6a54179e9366551ce920297a34,7.9520297975060705,4173,mathzip-fast,mathzip,fast,,1,ok,,3,3,4329,0.963963963963964,-0.03738317757009346,-3.738317757009346,8.299065420560748,3.738317757009346,0.006142785998235922,0.003861872995912563,0.6793334492196857,1.0805637586779098,0.00545299999999993,0.003257999999999983,425984.0,true,true,d3cd7a341d8977d940b791f0b428c0f8681a648376192bae3fb115b671e36408,292b5460010419d08b05a1da3626757a9cb81c6a54179e9366551ce920297a34,"[{""type"":""identity""}]",1,4173.0,4173.0,"{""raw"":1}","{""raw"":1}",0,36,4173,120,100.0,100.0,7.952029797506054,4173,0,0,0.000306843,0.000101776,0.001949573,"[""'<repo>/target/release/mathzip' compress --mode fast --max-input-bytes 8589934592 --no-sync --force '<repo>/datasets/synthetic/already_compressed/s0000004096_sample.mp4' '<work>/archive.mz'"",""'<repo>/target/release/mathzip' compress --mode fast --max-input-bytes 8589934592 --no-sync --force --metrics-output '<work>/metrics-probe.mz.metrics.json' '<repo>/datasets/synthetic/already_compressed/s0000004096_sample.mp4' '<work>/metrics-probe.mz'"",""'<repo>/target/release/mathzip' decompress --max-archive-bytes 17179869184 --max-output-bytes 8589934592 --max-segments 8388608 --no-sync --force '<work>/archive.mz' '<work>/restored.bin'""]","{""family"":""already_compressed"",""noise_density"":null,""seed"":1297748005,""size_requested"":4096}"
mathzip-benchmark-results-v1,20260724T025637Z-8563453d,quick,synthetic,datasets/synthetic/already_compressed/s0000004096_sample.mp4,s0000004096_sample.mp4,CC0-1.0,python/mathzip_bench/synthetic.py and datasets/synthetic/manifest.json,datasets/synthetic/manifest.json,788cc7e3e85003e88d7c4f21698a72edc5348641fc93c7e57ec681c85e2f147e,true,292b5460010419d08b05a1da3626757a9cb81c6a54179e9366551ce920297a34,7.9520297975060705,4173,raw,raw,default,,1,ok,,3,3,4173,1.0,0.0,0.0,8.0,0.0,0.0002341250001336448,0.00019656200311146677,17.82381205602964,21.229942379217444,0.00023782799999993998,0.00020329100000004985,,true,true,292b5460010419d08b05a1da3626757a9cb81c6a54179e9366551ce920297a34,292b5460010419d08b05a1da3626757a9cb81c6a54179e9366551ce920297a34,,,,,,,,,,,,,,,,,,,,"[""stdlib:shutil.copyfile""]","{""family"":""already_compressed"",""noise_density"":null,""seed"":1297748005,""size_requested"":4096}"
mathzip-benchmark-results-v1,20260724T025637Z-8563453d,quick,synthetic,datasets/synthetic/already_compressed/s0000004096_sample.mp4,s0000004096_sample.mp4,CC0-1.0,python/mathzip_bench/synthetic.py and datasets/synthetic/manifest.json,datasets/synthetic/manifest.json,788cc7e3e85003e88d7c4f21698a72edc5348641fc93c7e57ec681c85e2f147e,true,292b5460010419d08b05a1da3626757a9cb81c6a54179e9366551ce920297a34,7.9520297975060705,4173,gzip-fast,gzip,fast,,1,ok,,3,3,4196,0.9945185891325071,-0.005511622334052335,-0.5511622334052335,8.044092978672419,0.5511622334052335,0.0027206080048927106,0.0027887949981959537,1.5338483135002632,1.4963451966528467,0.0021659999999998902,0.002112000000000114,348160.0,true,true,e2b24c498d37b7fd81e6801992286e6718120f3a6e9a1825c1388d0ca3776c1f,292b5460010419d08b05a1da3626757a9cb81c6a54179e9366551ce920297a34,,,,,,,,,,,,,,,,,,,,"[""'<external>/gzip' -d -c '<work>/archive.gz'"",""'<external>/gzip' -n -c -1 '<repo>/datasets/synthetic/already_compressed/s0000004096_sample.mp4'""]","{""family"":""already_compressed"",""noise_density"":null,""seed"":1297748005,""size_requested"":4096}"
mathzip-benchmark-results-v1,20260724T025637Z-8563453d,quick,synthetic,datasets/synthetic/already_compressed/s0000004096_sample.mp4,s0000004096_sample.mp4,CC0-1.0,python/mathzip_bench/synthetic.py and datasets/synthetic/manifest.json,datasets/synthetic/manifest.json,788cc7e3e85003e88d7c4f21698a72edc5348641fc93c7e57ec681c85e2f147e,true,292b5460010419d08b05a1da3626757a9cb81c6a54179e9366551ce920297a34,7.9520297975060705,4173,bzip2-fast,bzip2,fast,,1,ok,,3,3,4664,0.8947255574614065,-0.11766115504433272,-11.766115504433273,8.941289240354662,11.766115504433273,0.004190933002973907,0.003430691001995001,0.9957209998439055,1.2163730273502726,0.0036570000000000213,0.0024720000000000297,339968.0,true,true,1198f540e5fc6ae5d986b037c29990bf8abce26337bf8a5bd06679419fe028ef,292b5460010419d08b05a1da3626757a9cb81c6a54179e9366551ce920297a34,,,,,,,,,,,,,,,,,,,,"[""'<external>/bzip2' -c -1"",""'<external>/bzip2' -d -c '<work>/archive.bz2'""]","{""family"":""already_compressed"",""noise_density"":null,""seed"":1297748005,""size_requested"":4096}"
mathzip-benchmark-results-v1,20260724T025637Z-8563453d,quick,synthetic,datasets/synthetic/already_compressed/s0000004096_sample.mp4,s0000004096_sample.mp4,CC0-1.0,python/mathzip_bench/synthetic.py and datasets/synthetic/manifest.json,datasets/synthetic/manifest.json,788cc7e3e85003e88d7c4f21698a72edc5348641fc93c7e57ec681c85e2f147e,true,292b5460010419d08b05a1da3626757a9cb81c6a54179e9366551ce920297a34,7.9520297975060705,4173,xz-fast,xz,fast,,1,ok,,3,3,4236,0.9851274787535411,-0.015097052480230078,-1.5097052480230078,8.12077641984184,1.5097052480230078,0.00991888799762819,0.003624465003667865,0.4207124831934638,1.1513423348761904,0.008762000000000159,0.0021819999999999062,368640.0,true,true,dfe43470bcbbfb61ff4586f87d42d461465ac5b9ac78b15e3897d57611db69bd,292b5460010419d08b05a1da3626757a9cb81c6a54179e9366551ce920297a34,,,,,,,,,,,,,,,,,,,,"[""'<external>/xz' -c --threads=1 -1 '<repo>/datasets/synthetic/already_compressed/s0000004096_sample.mp4'"",""'<external>/xz' -d -c --threads=1 '<work>/archive.xz'""]","{""family"":""already_compressed"",""noise_density"":null,""seed"":1297748005,""size_requested"":4096}"
mathzip-benchmark-results-v1,20260724T025637Z-8563453d,quick,synthetic,datasets/synthetic/already_compressed/s0000004096_sample.mp4,s0000004096_sample.mp4,CC0-1.0,python/mathzip_bench/synthetic.py and datasets/synthetic/manifest.json,datasets/synthetic/manifest.json,788cc7e3e85003e88d7c4f21698a72edc5348641fc93c7e57ec681c85e2f147e,true,292b5460010419d08b05a1da3626757a9cb81c6a54179e9366551ce920297a34,7.9520297975060705,4173,zstd-fast,zstd,fast,,1,ok,,3,3,4187,0.9966563171721997,-0.0033549005511621655,-0.33549005511621655,8.026839204409297,0.33549005511621655,0.0046033140024519525,0.004056518999277614,0.906520823427916,1.0287145211801372,0.003823000000000132,0.003621999999999792,352256.0,true,true,7160317ea806953518882b0f6706a124c52ea740c959a564cf8f14c470472e3f,292b5460010419d08b05a1da3626757a9cb81c6a54179e9366551ce920297a34,,,,,,,,,,,,,,,,,,,,"[""'<external>/zstd' -q -d -c '<work>/archive.zst'"",""'<external>/zstd' -q -f -T1 -1 -c '<repo>/datasets/synthetic/already_compressed/s0000004096_sample.mp4'""]","{""family"":""already_compressed"",""noise_density"":null,""seed"":1297748005,""size_requested"":4096}"
mathzip-benchmark-results-v1,20260724T025637Z-8563453d,quick,synthetic,datasets/synthetic/already_compressed/s0000004096_sample.mp4,s0000004096_sample.mp4,CC0-1.0,python/mathzip_bench/synthetic.py and datasets/synthetic/manifest.json,datasets/synthetic/manifest.json,788cc7e3e85003e88d7c4f21698a72edc5348641fc93c7e57ec681c85e2f147e,true,292b5460010419d08b05a1da3626757a9cb81c6a54179e9366551ce920297a34,7.9520297975060705,4173,lz4-fast,lz4,fast,,1,ok,,3,3,4192,0.9954675572519084,-0.004553079319434383,-0.4553079319434383,8.036424634555475,0.4553079319434383,0.002862109999114182,0.0036810059973504394,1.4580152409556362,1.13365748466688,0.0022560000000000358,0.0019359999999999378,356352.0,true,true,e4c9db1faee74e0b456247a12dd8187eae8260dee06feb4c41f4ab4d9418c7cf,292b5460010419d08b05a1da3626757a9cb81c6a54179e9366551ce920297a34,,,,,,,,,,,,,,,,,,,,"[""'<tmp>/mathzip-toolpkgs.3lRj8c/extracted/usr/bin/lz4' -q -d -f '<work>/archive.lz4' '<work>/restored.bin'"",""'<tmp>/mathzip-toolpkgs.3lRj8c/extracted/usr/bin/lz4' -q -f -1 '<repo>/datasets/synthetic/already_compressed/s0000004096_sample.mp4' '<work>/archive.lz4'""]","{""family"":""already_compressed"",""noise_density"":null,""seed"":1297748005,""size_requested"":4096}"
mathzip-benchmark-results-v1,20260724T025637Z-8563453d,quick,synthetic,datasets/synthetic/already_compressed/s0000004096_sample.mp4,s0000004096_sample.mp4,CC0-1.0,python/mathzip_bench/synthetic.py and datasets/synthetic/manifest.json,datasets/synthetic/manifest.json,788cc7e3e85003e88d7c4f21698a72edc5348641fc93c7e57ec681c85e2f147e,true,292b5460010419d08b05a1da3626757a9cb81c6a54179e9366551ce920297a34,7.9520297975060705,4173,brotli-fast,brotli,fast,,1,ok,,3,3,4178,0.9988032551460029,-0.0011981787682722178,-0.11981787682722178,8.009585430146178,0.11981787682722178,0.004499212998780422,0.0033918369954335503,0.927495542249534,1.2303067646287642,0.0038640000000000896,0.0027610000000000134,364544.0,true,true,25b912cf04ffb58772e720ebe15f3ab28eccef4773d522d6135519c7e4d903c7,292b5460010419d08b05a1da3626757a9cb81c6a54179e9366551ce920297a34,,,,,,,,,,,,,,,,,,,,"[""'<tmp>/mathzip-toolpkgs.3lRj8c/extracted/usr/bin/brotli' -f -d -o '<work>/restored.bin' '<work>/archive.br'"",""'<tmp>/mathzip-toolpkgs.3lRj8c/extracted/usr/bin/brotli' -f -q 4 -o '<work>/archive.br' '<repo>/datasets/synthetic/already_compressed/s0000004096_sample.mp4'""]","{""family"":""already_compressed"",""noise_density"":null,""seed"":1297748005,""size_requested"":4096}"
mathzip-benchmark-results-v1,20260724T025637Z-8563453d,quick,synthetic,datasets/synthetic/already_compressed/s0000004096_sample.mp4,s0000004096_sample.mp4,CC0-1.0,python/mathzip_bench/synthetic.py and datasets/synthetic/manifest.json,datasets/synthetic/manifest.json,788cc7e3e85003e88d7c4f21698a72edc5348641fc93c7e57ec681c85e2f147e,true,292b5460010419d08b05a1da3626757a9cb81c6a54179e9366551ce920297a34,7.9520297975060705,4173,7z-fast,7z,fast,,1,ok,,3,3,4331,0.9635188178249827,-0.03786244907740244,-3.786244907740244,8.30289959261922,3.786244907740244,0.009680634997494053,0.006997142998443451,0.4310667638104556,0.5963862680708832,0.009033000000000069,0.006353000000000053,552960.0,true,true,e5bf1229a3907d49c92eb3181c19c5b04e1b4be6e7b0ec4de47b7e1c0ff5807f,292b5460010419d08b05a1da3626757a9cb81c6a54179e9366551ce920297a34,,,,,,,,,,,,,,,,,,,,"[""'<tmp>/mathzip-toolpkgs.3lRj8c/extracted/usr/lib/7zip/7z' a -y -bd -bso0 -bsp0 -t7z -m0=lzma2 -mx=1 -mmt=1 '<work>/archive.7z' '<repo>/datasets/synthetic/already_compressed/s0000004096_sample.mp4'"",""'<tmp>/mathzip-toolpkgs.3lRj8c/extracted/usr/lib/7zip/7z' e -so -bd -mmt=1 '<work>/archive.7z'""]","{""family"":""already_compressed"",""noise_density"":null,""seed"":1297748005,""size_requested"":4096}"
mathzip-benchmark-results-v1,20260724T025637Z-8563453d,quick,synthetic,datasets/synthetic/already_compressed/s0000004096_xz.xz,s0000004096_xz.xz,CC0-1.0,python/mathzip_bench/synthetic.py and datasets/synthetic/manifest.json,datasets/synthetic/manifest.json,788cc7e3e85003e88d7c4f21698a72edc5348641fc93c7e57ec681c85e2f147e,true,585618e1edd36df2a92f471294e518cce0a5858a97e7c26a5af66c48256fc737,7.628361306179438,608,mathzip-fast,mathzip,fast,,1,ok,,3,3,764,0.7958115183246073,-0.256578947368421,-25.657894736842103,10.052631578947368,25.657894736842103,0.004519226997217629,0.003964057003031485,0.13453628250458097,0.1533782182080218,0.0037730000000002484,0.003210999999999853,430080.0,true,true,9c6904bfaec1c7d216ad080b9d182c6409294cbf488fa8b79fbc7fe3a3a2c36b,585618e1edd36df2a92f471294e518cce0a5858a97e7c26a5af66c48256fc737,"[{""type"":""identity""}]",1,608.0,608.0,"{""raw"":1}","{""raw"":1}",0,36,608,120,100.0,100.0,7.62836130617944,608,0,0,8.3834e-05,6.8388e-05,0.000293397,"[""'<repo>/target/release/mathzip' compress --mode fast --max-input-bytes 8589934592 --no-sync --force '<repo>/datasets/synthetic/already_compressed/s0000004096_xz.xz' '<work>/archive.mz'"",""'<repo>/target/release/mathzip' compress --mode fast --max-input-bytes 8589934592 --no-sync --force --metrics-output '<work>/metrics-probe.mz.metrics.json' '<repo>/datasets/synthetic/already_compressed/s0000004096_xz.xz' '<work>/metrics-probe.mz'"",""'<repo>/target/release/mathzip' decompress --max-archive-bytes 17179869184 --max-output-bytes 8589934592 --max-segments 8388608 --no-sync --force '<work>/archive.mz' '<work>/restored.bin'""]","{""family"":""already_compressed"",""noise_density"":null,""seed"":1297748005,""size_requested"":4096}"
mathzip-benchmark-results-v1,20260724T025637Z-8563453d,quick,synthetic,datasets/synthetic/already_compressed/s0000004096_xz.xz,s0000004096_xz.xz,CC0-1.0,python/mathzip_bench/synthetic.py and datasets/synthetic/manifest.json,datasets/synthetic/manifest.json,788cc7e3e85003e88d7c4f21698a72edc5348641fc93c7e57ec681c85e2f147e,true,585618e1edd36df2a92f471294e518cce0a5858a97e7c26a5af66c48256fc737,7.628361306179438,608,raw,raw,default,,1,ok,,3,3,608,1.0,0.0,0.0,8.0,0.0,0.00021413600188679993,0.00018750299932435155,2.839317044508055,3.24261479651455,0.00021797800000000755,0.00019099100000019575,,true,true,585618e1edd36df2a92f471294e518cce0a5858a97e7c26a5af66c48256fc737,585618e1edd36df2a92f471294e518cce0a5858a97e7c26a5af66c48256fc737,,,,,,,,,,,,,,,,,,,,"[""stdlib:shutil.copyfile""]","{""family"":""already_compressed"",""noise_density"":null,""seed"":1297748005,""size_requested"":4096}"
mathzip-benchmark-results-v1,20260724T025637Z-8563453d,quick,synthetic,datasets/synthetic/already_compressed/s0000004096_xz.xz,s0000004096_xz.xz,CC0-1.0,python/mathzip_bench/synthetic.py and datasets/synthetic/manifest.json,datasets/synthetic/manifest.json,788cc7e3e85003e88d7c4f21698a72edc5348641fc93c7e57ec681c85e2f147e,true,585618e1edd36df2a92f471294e518cce0a5858a97e7c26a5af66c48256fc737,7.628361306179438,608,gzip-fast,gzip,fast,,1,ok,,3,3,631,0.9635499207606973,-0.03782894736842102,-3.7828947368421018,8.302631578947368,3.7828947368421018,0.0025624209956731647,0.0025838649962679483,0.23727560811695367,0.23530641147202958,0.0020249999999999435,0.001991000000000076,475136.0,true,true,2bceb73a4146fdc1883a5b3d57c5a37d6b78bc2689cedd6b2338aa18c8bb0a7a,585618e1edd36df2a92f471294e518cce0a5858a97e7c26a5af66c48256fc737,,,,,,,,,,,,,,,,,,,,"[""'<external>/gzip' -d -c '<work>/archive.gz'"",""'<external>/gzip' -n -c -1 '<repo>/datasets/synthetic/already_compressed/s0000004096_xz.xz'""]","{""family"":""already_compressed"",""noise_density"":null,""seed"":1297748005,""size_requested"":4096}"
mathzip-benchmark-results-v1,20260724T025637Z-8563453d,quick,synthetic,datasets/synthetic/already_compressed/s0000004096_xz.xz,s0000004096_xz.xz,CC0-1.0,python/mathzip_bench/synthetic.py and datasets/synthetic/manifest.json,datasets/synthetic/manifest.json,788cc7e3e85003e88d7c4f21698a72edc5348641fc93c7e57ec681c85e2f147e,true,585618e1edd36df2a92f471294e518cce0a5858a97e7c26a5af66c48256fc737,7.628361306179438,608,bzip2-fast,bzip2,fast,,1,ok,,3,3,806,0.7543424317617866,-0.32565789473684204,-32.565789473684205,10.605263157894736,32.565789473684205,0.0033018739995895885,0.002700691002246458,0.18413785628269652,0.22512756901632225,0.0026450000000000085,0.0020890000000000075,348160.0,true,true,92ff83c8497aa17148b48e9c1e44a79bfce8904e28696c28140ca781d0473025,585618e1edd36df2a92f471294e518cce0a5858a97e7c26a5af66c48256fc737,,,,,,,,,,,,,,,,,,,,"[""'<external>/bzip2' -c -1"",""'<external>/bzip2' -d -c '<work>/archive.bz2'""]","{""family"":""already_compressed"",""noise_density"":null,""seed"":1297748005,""size_requested"":4096}"
mathzip-benchmark-results-v1,20260724T025637Z-8563453d,quick,synthetic,datasets/synthetic/already_compressed/s0000004096_xz.xz,s0000004096_xz.xz,CC0-1.0,python/mathzip_bench/synthetic.py and datasets/synthetic/manifest.json,datasets/synthetic/manifest.json,788cc7e3e85003e88d7c4f21698a72edc5348641fc93c7e57ec681c85e2f147e,true,585618e1edd36df2a92f471294e518cce0a5858a97e7c26a5af66c48256fc737,7.628361306179438,608,xz-fast,xz,fast,,1,ok,,3,3,668,0.9101796407185628,-0.09868421052631571,-9.868421052631572,8.789473684210526,9.868421052631572,0.008012019003217574,0.0038098730001365766,0.07588599075411968,0.1595853720001177,0.006852999999999998,0.0022010000000001195,364544.0,true,true,4b610c1afffa250492935e920d2f7e3c304dd5a76dbc5efa1693ba9327938b4e,585618e1edd36df2a92f471294e518cce0a5858a97e7c26a5af66c48256fc737,,,,,,,,,,,,,,,,,,,,"[""'<external>/xz' -c --threads=1 -1 '<repo>/datasets/synthetic/already_compressed/s0000004096_xz.xz'"",""'<external>/xz' -d -c --threads=1 '<work>/archive.xz'""]","{""family"":""already_compressed"",""noise_density"":null,""seed"":1297748005,""size_requested"":4096}"
mathzip-benchmark-results-v1,20260724T025637Z-8563453d,quick,synthetic,datasets/synthetic/already_compressed/s0000004096_xz.xz,s0000004096_xz.xz,CC0-1.0,python/mathzip_bench/synthetic.py and datasets/synthetic/manifest.json,datasets/synthetic/manifest.json,788cc7e3e85003e88d7c4f21698a72edc5348641fc93c7e57ec681c85e2f147e,true,585618e1edd36df2a92f471294e518cce0a5858a97e7c26a5af66c48256fc737,7.628361306179438,608,zstd-fast,zstd,fast,,1,ok,,3,3,622,0.977491961414791,-0.023026315789473673,-2.3026315789473673,8.18421052631579,2.3026315789473673,0.00409467400459107,0.004475447996810544,0.14848556913646663,0.13585232147335752,0.0036009999999997433,0.003908000000000023,348160.0,true,true,fe94e91fa67878677a6c248aea3745a5604741eb8b2536d3b40869879c67c6cb,585618e1edd36df2a92f471294e518cce0a5858a97e7c26a5af66c48256fc737,,,,,,,,,,,,,,,,,,,,"[""'<external>/zstd' -q -d -c '<work>/archive.zst'"",""'<external>/zstd' -q -f -T1 -1 -c '<repo>/datasets/synthetic/already_compressed/s0000004096_xz.xz'""]","{""family"":""already_compressed"",""noise_density"":null,""seed"":1297748005,""size_requested"":4096}"
mathzip-benchmark-results-v1,20260724T025637Z-8563453d,quick,synthetic,datasets/synthetic/already_compressed/s0000004096_xz.xz,s0000004096_xz.xz,CC0-1.0,python/mathzip_bench/synthetic.py and datasets/synthetic/manifest.json,datasets/synthetic/manifest.json,788cc7e3e85003e88d7c4f21698a72edc5348641fc93c7e57ec681c85e2f147e,true,585618e1edd36df2a92f471294e518cce0a5858a97e7c26a5af66c48256fc737,7.628361306179438,608,lz4-fast,lz4,fast,,1,ok,,3,3,627,0.9696969696969697,-0.03125,-3.125,8.25,3.125,0.002683396996872034,0.0027040380009566434,0.22657847523446206,0.22484891106741098,0.0020099999999998452,0.0021160000000000068,348160.0,true,true,9401b2b91d62d783f9925e9a8242c028c2f266b067a15114eba5f1f553e40307,585618e1edd36df2a92f471294e518cce0a5858a97e7c26a5af66c48256fc737,,,,,,,,,,,,,,,,,,,,"[""'<tmp>/mathzip-toolpkgs.3lRj8c/extracted/usr/bin/lz4' -q -d -f '<work>/archive.lz4' '<work>/restored.bin'"",""'<tmp>/mathzip-toolpkgs.3lRj8c/extracted/usr/bin/lz4' -q -f -1 '<repo>/datasets/synthetic/already_compressed/s0000004096_xz.xz' '<work>/archive.lz4'""]","{""family"":""already_compressed"",""noise_density"":null,""seed"":1297748005,""size_requested"":4096}"
mathzip-benchmark-results-v1,20260724T025637Z-8563453d,quick,synthetic,datasets/synthetic/already_compressed/s0000004096_xz.xz,s0000004096_xz.xz,CC0-1.0,python/mathzip_bench/synthetic.py and datasets/synthetic/manifest.json,datasets/synthetic/manifest.json,788cc7e3e85003e88d7c4f21698a72edc5348641fc93c7e57ec681c85e2f147e,true,585618e1edd36df2a92f471294e518cce0a5858a97e7c26a5af66c48256fc737,7.628361306179438,608,brotli-fast,brotli,fast,,1,ok,,3,3,613,0.9918433931484503,-0.008223684210526327,-0.8223684210526327,8.06578947368421,0.8223684210526327,0.004509295002208091,0.004711558998678811,0.13483260680489462,0.1290443354674094,0.003953000000000095,0.002715000000000023,348160.0,true,true,66c023bffb6c02e923c7656e672d624fb17ec7d4f9688d2dc830ed4bad40bcf4,585618e1edd36df2a92f471294e518cce0a5858a97e7c26a5af66c48256fc737,,,,,,,,,,,,,,,,,,,,"[""'<tmp>/mathzip-toolpkgs.3lRj8c/extracted/usr/bin/brotli' -f -d -o '<work>/restored.bin' '<work>/archive.br'"",""'<tmp>/mathzip-toolpkgs.3lRj8c/extracted/usr/bin/brotli' -f -q 4 -o '<work>/archive.br' '<repo>/datasets/synthetic/already_compressed/s0000004096_xz.xz'""]","{""family"":""already_compressed"",""noise_density"":null,""seed"":1297748005,""size_requested"":4096}"
mathzip-benchmark-results-v1,20260724T025637Z-8563453d,quick,synthetic,datasets/synthetic/already_compressed/s0000004096_xz.xz,s0000004096_xz.xz,CC0-1.0,python/mathzip_bench/synthetic.py and datasets/synthetic/manifest.json,datasets/synthetic/manifest.json,788cc7e3e85003e88d7c4f21698a72edc5348641fc93c7e57ec681c85e2f147e,true,585618e1edd36df2a92f471294e518cce0a5858a97e7c26a5af66c48256fc737,7.628361306179438,608,7z-fast,7z,fast,,1,ok,,3,3,750,0.8106666666666666,-0.23355263157894735,-23.355263157894733,9.868421052631579,23.355263157894733,0.010102752996317577,0.0074449979947530665,0.06018161586466721,0.08166556934313399,0.00881899999999991,0.006593999999999989,401408.0,true,true,028f3981ff68410c6eda06ab75312662ebbb57983fbf1c5d57e2d520aa85f1be,585618e1edd36df2a92f471294e518cce0a5858a97e7c26a5af66c48256fc737,,,,,,,,,,,,,,,,,,,,"[""'<tmp>/mathzip-toolpkgs.3lRj8c/extracted/usr/lib/7zip/7z' a -y -bd -bso0 -bsp0 -t7z -m0=lzma2 -mx=1 -mmt=1 '<work>/archive.7z' '<repo>/datasets/synthetic/already_compressed/s0000004096_xz.xz'"",""'<tmp>/mathzip-toolpkgs.3lRj8c/extracted/usr/lib/7zip/7z' e -so -bd -mmt=1 '<work>/archive.7z'""]","{""family"":""already_compressed"",""noise_density"":null,""seed"":1297748005,""size_requested"":4096}"
mathzip-benchmark-results-v1,20260724T025637Z-8563453d,quick,synthetic,datasets/synthetic/already_compressed/s0000004096_zip.zip,s0000004096_zip.zip,CC0-1.0,python/mathzip_bench/synthetic.py and datasets/synthetic/manifest.json,datasets/synthetic/manifest.json,788cc7e3e85003e88d7c4f21698a72edc5348641fc93c7e57ec681c85e2f147e,true,8211d2cc6557564c06aeb4fe43a749ff4e76571d936a597c0b8688ebf588f127,7.430712160809199,702,mathzip-fast,mathzip,fast,,1,ok,,3,3,845,0.8307692307692308,-0.20370370370370372,-20.370370370370374,9.62962962962963,20.370370370370374,0.005461291999381501,0.003638842004875187,0.12854101192163,0.19291851612669256,0.00371900000000025,0.003082000000000029,837632.0,true,true,4b62267479deabfbf9515ef3cbd84d092dd8c84cd94c791f6268096e9b61f8c6,8211d2cc6557564c06aeb4fe43a749ff4e76571d936a597c0b8688ebf588f127,"[{""type"":""identity""}]",1,702.0,702.0,"{""raw"":1}","{""zero_run"":1}",0,36,689,120,100.0,0.0,7.430712160809202,689,0,0,8.956e-05,7.8563e-05,0.000367548,"[""'<repo>/target/release/mathzip' compress --mode fast --max-input-bytes 8589934592 --no-sync --force '<repo>/datasets/synthetic/already_compressed/s0000004096_zip.zip' '<work>/archive.mz'"",""'<repo>/target/release/mathzip' compress --mode fast --max-input-bytes 8589934592 --no-sync --force --metrics-output '<work>/metrics-probe.mz.metrics.json' '<repo>/datasets/synthetic/already_compressed/s0000004096_zip.zip' '<work>/metrics-probe.mz'"",""'<repo>/target/release/mathzip' decompress --max-archive-bytes 17179869184 --max-output-bytes 8589934592 --max-segments 8388608 --no-sync --force '<work>/archive.mz' '<work>/restored.bin'""]","{""family"":""already_compressed"",""noise_density"":null,""seed"":1297748005,""size_requested"":4096}"
mathzip-benchmark-results-v1,20260724T025637Z-8563453d,quick,synthetic,datasets/synthetic/already_compressed/s0000004096_zip.zip,s0000004096_zip.zip,CC0-1.0,python/mathzip_bench/synthetic.py and datasets/synthetic/manifest.json,datasets/synthetic/manifest.json,788cc7e3e85003e88d7c4f21698a72edc5348641fc93c7e57ec681c85e2f147e,true,8211d2cc6557564c06aeb4fe43a749ff4e76571d936a597c0b8688ebf588f127,7.430712160809199,702,raw,raw,default,,1,ok,,3,3,702,1.0,0.0,0.0,8.0,0.0,0.00020857700292253867,0.00018782100232783705,3.3656634727880754,3.7376011803763878,0.00021245300000005685,0.00019105499999994002,,true,true,8211d2cc6557564c06aeb4fe43a749ff4e76571d936a597c0b8688ebf588f127,8211d2cc6557564c06aeb4fe43a749ff4e76571d936a597c0b8688ebf588f127,,,,,,,,,,,,,,,,,,,,"[""stdlib:shutil.copyfile""]","{""family"":""already_compressed"",""noise_density"":null,""seed"":1297748005,""size_requested"":4096}"
mathzip-benchmark-results-v1,20260724T025637Z-8563453d,quick,synthetic,datasets/synthetic/already_compressed/s0000004096_zip.zip,s0000004096_zip.zip,CC0-1.0,python/mathzip_bench/synthetic.py and datasets/synthetic/manifest.json,datasets/synthetic/manifest.json,788cc7e3e85003e88d7c4f21698a72edc5348641fc93c7e57ec681c85e2f147e,true,8211d2cc6557564c06aeb4fe43a749ff4e76571d936a597c0b8688ebf588f127,7.430712160809199,702,gzip-fast,gzip,fast,,1,ok,,3,3,708,0.9915254237288136,-0.008547008547008517,-0.8547008547008517,8.068376068376068,0.8547008547008517,0.003095084997767117,0.003493858006549999,0.2268112185954321,0.20092402114909877,0.001906999999999881,0.0018479999999998498,346112.0,true,true,dee6041254ee88b9b76b881c5d94ceb7f2cfc5e78e636df13dbd876ae8224a53,8211d2cc6557564c06aeb4fe43a749ff4e76571d936a597c0b8688ebf588f127,,,,,,,,,,,,,,,,,,,,"[""'<external>/gzip' -d -c '<work>/archive.gz'"",""'<external>/gzip' -n -c -1 '<repo>/datasets/synthetic/already_compressed/s0000004096_zip.zip'""]","{""family"":""already_compressed"",""noise_density"":null,""seed"":1297748005,""size_requested"":4096}"
mathzip-benchmark-results-v1,20260724T025637Z-8563453d,quick,synthetic,datasets/synthetic/already_compressed/s0000004096_zip.zip,s0000004096_zip.zip,CC0-1.0,python/mathzip_bench/synthetic.py and datasets/synthetic/manifest.json,datasets/synthetic/manifest.json,788cc7e3e85003e88d7c4f21698a72edc5348641fc93c7e57ec681c85e2f147e,true,8211d2cc6557564c06aeb4fe43a749ff4e76571d936a597c0b8688ebf588f127,7.430712160809199,702,bzip2-fast,bzip2,fast,,1,ok,,3,3,893,0.786114221724524,-0.2720797720797721,-27.20797720797721,10.176638176638177,27.20797720797721,0.0036849349999101833,0.0027804470009868965,0.19050539562220517,0.2524773893373371,0.002507000000000037,0.002002999999999977,352256.0,true,true,82717edd9ba7805b89e96e7d549ebeb8882681d48c21a16f837e6f943fc8c962,8211d2cc6557564c06aeb4fe43a749ff4e76571d936a597c0b8688ebf588f127,,,,,,,,,,,,,,,,,,,,"[""'<external>/bzip2' -c -1"",""'<external>/bzip2' -d -c '<work>/archive.bz2'""]","{""family"":""already_compressed"",""noise_density"":null,""seed"":1297748005,""size_requested"":4096}"
mathzip-benchmark-results-v1,20260724T025637Z-8563453d,quick,synthetic,datasets/synthetic/already_compressed/s0000004096_zip.zip,s0000004096_zip.zip,CC0-1.0,python/mathzip_bench/synthetic.py and datasets/synthetic/manifest.json,datasets/synthetic/manifest.json,788cc7e3e85003e88d7c4f21698a72edc5348641fc93c7e57ec681c85e2f147e,true,8211d2cc6557564c06aeb4fe43a749ff4e76571d936a597c0b8688ebf588f127,7.430712160809199,702,xz-fast,xz,fast,,1,ok,,3,3,728,0.9642857142857143,-0.03703703703703698,-3.703703703703698,8.296296296296296,3.703703703703698,0.008199575000617187,0.003913928994734306,0.0856141934121171,0.17935941120660387,0.006904999999999939,0.0024619999999999642,348160.0,true,true,f226562d93646686cc87050d2998e0ad20ed29fd5967736a5f273e81e7c01ea9,8211d2cc6557564c06aeb4fe43a749ff4e76571d936a597c0b8688ebf588f127,,,,,,,,,,,,,,,,,,,,"[""'<external>/xz' -c --threads=1 -1 '<repo>/datasets/synthetic/already_compressed/s0000004096_zip.zip'"",""'<external>/xz' -d -c --threads=1 '<work>/archive.xz'""]","{""family"":""already_compressed"",""noise_density"":null,""seed"":1297748005,""size_requested"":4096}"
mathzip-benchmark-results-v1,20260724T025637Z-8563453d,quick,synthetic,datasets/synthetic/already_compressed/s0000004096_zip.zip,s0000004096_zip.zip,CC0-1.0,python/mathzip_bench/synthetic.py and datasets/synthetic/manifest.json,datasets/synthetic/manifest.json,788cc7e3e85003e88d7c4f21698a72edc5348641fc93c7e57ec681c85e2f147e,true,8211d2cc6557564c06aeb4fe43a749ff4e76571d936a597c0b8688ebf588f127,7.430712160809199,702,zstd-fast,zstd,fast,,1,ok,,3,3,680,1.0323529411764707,0.031339031339031376,3.1339031339031376,7.749287749287749,0.0,0.004357245998107828,0.005524125997908413,0.16111094032901738,0.12707892619860528,0.003506999999999927,0.00351799999999991,1452032.0,true,true,48b122bfab0e76e73ec536da3abfc4110c7f27d424ddd9732b0e2afa73a29264,8211d2cc6557564c06aeb4fe43a749ff4e76571d936a597c0b8688ebf588f127,,,,,,,,,,,,,,,,,,,,"[""'<external>/zstd' -q -d -c '<work>/archive.zst'"",""'<external>/zstd' -q -f -T1 -1 -c '<repo>/datasets/synthetic/already_compressed/s0000004096_zip.zip'""]","{""family"":""already_compressed"",""noise_density"":null,""seed"":1297748005,""size_requested"":4096}"
mathzip-benchmark-results-v1,20260724T025637Z-8563453d,quick,synthetic,datasets/synthetic/already_compressed/s0000004096_zip.zip,s0000004096_zip.zip,CC0-1.0,python/mathzip_bench/synthetic.py and datasets/synthetic/manifest.json,datasets/synthetic/manifest.json,788cc7e3e85003e88d7c4f21698a72edc5348641fc93c7e57ec681c85e2f147e,true,8211d2cc6557564c06aeb4fe43a749ff4e76571d936a597c0b8688ebf588f127,7.430712160809199,702,lz4-fast,lz4,fast,,1,ok,,3,3,687,1.0218340611353711,0.021367521367521403,2.1367521367521403,7.829059829059829,0.0,0.0025149089997285046,0.003122267997241579,0.2791353484662006,0.22483656131382507,0.001870999999999956,0.0018850000000001366,344064.0,true,true,5343dfa7008e7ebebf30b0197ce24dfd954355ff0abdb14506063db23612f164,8211d2cc6557564c06aeb4fe43a749ff4e76571d936a597c0b8688ebf588f127,,,,,,,,,,,,,,,,,,,,"[""'<tmp>/mathzip-toolpkgs.3lRj8c/extracted/usr/bin/lz4' -q -d -f '<work>/archive.lz4' '<work>/restored.bin'"",""'<tmp>/mathzip-toolpkgs.3lRj8c/extracted/usr/bin/lz4' -q -f -1 '<repo>/datasets/synthetic/already_compressed/s0000004096_zip.zip' '<work>/archive.lz4'""]","{""family"":""already_compressed"",""noise_density"":null,""seed"":1297748005,""size_requested"":4096}"
mathzip-benchmark-results-v1,20260724T025637Z-8563453d,quick,synthetic,datasets/synthetic/already_compressed/s0000004096_zip.zip,s0000004096_zip.zip,CC0-1.0,python/mathzip_bench/synthetic.py and datasets/synthetic/manifest.json,datasets/synthetic/manifest.json,788cc7e3e85003e88d7c4f21698a72edc5348641fc93c7e57ec681c85e2f147e,true,8211d2cc6557564c06aeb4fe43a749ff4e76571d936a597c0b8688ebf588f127,7.430712160809199,702,brotli-fast,brotli,fast,,1,ok,,3,3,676,1.0384615384615385,0.03703703703703709,3.703703703703709,7.703703703703703,0.0,0.004042701999424025,0.0031167689958238043,0.1736462395942159,0.22523324665402478,0.003493999999999886,0.0025000000000001688,352256.0,true,true,2e13f64136d0d0704a3eb4cf97a0a7dc8a7245f8461c8666b10b8fecb1a893b4,8211d2cc6557564c06aeb4fe43a749ff4e76571d936a597c0b8688ebf588f127,,,,,,,,,,,,,,,,,,,,"[""'<tmp>/mathzip-toolpkgs.3lRj8c/extracted/usr/bin/brotli' -f -d -o '<work>/restored.bin' '<work>/archive.br'"",""'<tmp>/mathzip-toolpkgs.3lRj8c/extracted/usr/bin/brotli' -f -q 4 -o '<work>/archive.br' '<repo>/datasets/synthetic/already_compressed/s0000004096_zip.zip'""]","{""family"":""already_compressed"",""noise_density"":null,""seed"":1297748005,""size_requested"":4096}"
mathzip-benchmark-results-v1,20260724T025637Z-8563453d,quick,synthetic,datasets/synthetic/already_compressed/s0000004096_zip.zip,s0000004096_zip.zip,CC0-1.0,python/mathzip_bench/synthetic.py and datasets/synthetic/manifest.json,datasets/synthetic/manifest.json,788cc7e3e85003e88d7c4f21698a72edc5348641fc93c7e57ec681c85e2f147e,true,8211d2cc6557564c06aeb4fe43a749ff4e76571d936a597c0b8688ebf588f127,7.430712160809199,702,7z-fast,7z,fast,,1,ok,,3,3,820,0.8560975609756097,-0.16809116809116809,-16.80911680911681,9.344729344729345,16.80911680911681,0.009019034994707908,0.007385279001027811,0.07783537822083095,0.09505395800244006,0.008456000000000019,0.0067070000000000185,393216.0,true,true,c6109cb8c06c251f2c7f80d56dbefc4cf48dc76a0d70145d40aded9fa53c13fe,8211d2cc6557564c06aeb4fe43a749ff4e76571d936a597c0b8688ebf588f127,,,,,,,,,,,,,,,,,,,,"[""'<tmp>/mathzip-toolpkgs.3lRj8c/extracted/usr/lib/7zip/7z' a -y -bd -bso0 -bsp0 -t7z -m0=lzma2 -mx=1 -mmt=1 '<work>/archive.7z' '<repo>/datasets/synthetic/already_compressed/s0000004096_zip.zip'"",""'<tmp>/mathzip-toolpkgs.3lRj8c/extracted/usr/lib/7zip/7z' e -so -bd -mmt=1 '<work>/archive.7z'""]","{""family"":""already_compressed"",""noise_density"":null,""seed"":1297748005,""size_requested"":4096}"
mathzip-benchmark-results-v1,20260724T025637Z-8563453d,quick,synthetic,datasets/synthetic/already_compressed/s0000004096_zstd.zst,s0000004096_zstd.zst,CC0-1.0,python/mathzip_bench/synthetic.py and datasets/synthetic/manifest.json,datasets/synthetic/manifest.json,788cc7e3e85003e88d7c4f21698a72edc5348641fc93c7e57ec681c85e2f147e,true,b9d6f81e4c5c9901592c5e2533b419b80300d44c1304c31a50f49fa255e6890b,7.8273262591845665,546,mathzip-fast,mathzip,fast,,1,ok,,3,3,456,1.1973684210526316,0.1648351648351648,16.483516483516482,6.681318681318682,0.0,0.004373846000817139,0.0049927849977393635,0.12483292733626064,0.1093578033596917,0.003473999999999977,0.0030609999999999804,544768.0,true,true,bb32433d02afb0a398ab4877f25aa2016bbe7f6aa12ef2aa70e83becfcfd1a47,b9d6f81e4c5c9901592c5e2533b419b80300d44c1304c31a50f49fa255e6890b,"[{""type"":""delta""}]",1,546.0,546.0,"{""constant"":1}","{""zero_run"":1}",1,36,299,120,0.0,0.0,4.820930103983913,299,1,1,8.5334e-05,6.3579e-05,0.000264976,"[""'<repo>/target/release/mathzip' compress --mode fast --max-input-bytes 8589934592 --no-sync --force '<repo>/datasets/synthetic/already_compressed/s0000004096_zstd.zst' '<work>/archive.mz'"",""'<repo>/target/release/mathzip' compress --mode fast --max-input-bytes 8589934592 --no-sync --force --metrics-output '<work>/metrics-probe.mz.metrics.json' '<repo>/datasets/synthetic/already_compressed/s0000004096_zstd.zst' '<work>/metrics-probe.mz'"",""'<repo>/target/release/mathzip' decompress --max-archive-bytes 17179869184 --max-output-bytes 8589934592 --max-segments 8388608 --no-sync --force '<work>/archive.mz' '<work>/restored.bin'""]","{""family"":""already_compressed"",""noise_density"":null,""seed"":1297748005,""size_requested"":4096}"
mathzip-benchmark-results-v1,20260724T025637Z-8563453d,quick,synthetic,datasets/synthetic/already_compressed/s0000004096_zstd.zst,s0000004096_zstd.zst,CC0-1.0,python/mathzip_bench/synthetic.py and datasets/synthetic/manifest.json,datasets/synthetic/manifest.json,788cc7e3e85003e88d7c4f21698a72edc5348641fc93c7e57ec681c85e2f147e,true,b9d6f81e4c5c9901592c5e2533b419b80300d44c1304c31a50f49fa255e6890b,7.8273262591845665,546,raw,raw,default,,1,ok,,3,3,546,1.0,0.0,0.0,8.0,0.0,0.00020351299463072792,0.0001808300003176555,2.6828753662178233,3.0194104907419548,0.0002071689999998405,0.00018396600000003538,,true,true,b9d6f81e4c5c9901592c5e2533b419b80300d44c1304c31a50f49fa255e6890b,b9d6f81e4c5c9901592c5e2533b419b80300d44c1304c31a50f49fa255e6890b,,,,,,,,,,,,,,,,,,,,"[""stdlib:shutil.copyfile""]","{""family"":""already_compressed"",""noise_density"":null,""seed"":1297748005,""size_requested"":4096}"
mathzip-benchmark-results-v1,20260724T025637Z-8563453d,quick,synthetic,datasets/synthetic/already_compressed/s0000004096_zstd.zst,s0000004096_zstd.zst,CC0-1.0,python/mathzip_bench/synthetic.py and datasets/synthetic/manifest.json,datasets/synthetic/manifest.json,788cc7e3e85003e88d7c4f21698a72edc5348641fc93c7e57ec681c85e2f147e,true,b9d6f81e4c5c9901592c5e2533b419b80300d44c1304c31a50f49fa255e6890b,7.8273262591845665,546,gzip-fast,gzip,fast,,1,ok,,3,3,569,0.9595782073813708,-0.0421245421245422,-4.21245421245422,8.336996336996338,4.21245421245422,0.004396420998091344,0.002676905998669099,0.12419192798802474,0.20396681851042198,0.0020610000000000905,0.0018119999999999248,421888.0,true,true,0319f47f3f1ec02360823d98db7fa8985b3bea05bad7793b0bbec827104ecdb0,b9d6f81e4c5c9901592c5e2533b419b80300d44c1304c31a50f49fa255e6890b,,,,,,,,,,,,,,,,,,,,"[""'<external>/gzip' -d -c '<work>/archive.gz'"",""'<external>/gzip' -n -c -1 '<repo>/datasets/synthetic/already_compressed/s0000004096_zstd.zst'""]","{""family"":""already_compressed"",""noise_density"":null,""seed"":1297748005,""size_requested"":4096}"
mathzip-benchmark-results-v1,20260724T025637Z-8563453d,quick,synthetic,datasets/synthetic/already_compressed/s0000004096_zstd.zst,s0000004096_zstd.zst,CC0-1.0,python/mathzip_bench/synthetic.py and datasets/synthetic/manifest.json,datasets/synthetic/manifest.json,788cc7e3e85003e88d7c4f21698a72edc5348641fc93c7e57ec681c85e2f147e,true,b9d6f81e4c5c9901592c5e2533b419b80300d44c1304c31a50f49fa255e6890b,7.8273262591845665,546,bzip2-fast,bzip2,fast,,1,ok,,3,3,769,0.7100130039011704,-0.40842490842490853,-40.842490842490854,11.267399267399268,40.842490842490854,0.004470312000194099,0.002848437005013693,0.12213912585436833,0.19168407061098944,0.0024720000000000297,0.002138999999999669,440320.0,true,true,a334b5398ddd0dcb41dd14c6c5f2d96e446003cba7991c93aec796572740ea1d,b9d6f81e4c5c9901592c5e2533b419b80300d44c1304c31a50f49fa255e6890b,,,,,,,,,,,,,,,,,,,,"[""'<external>/bzip2' -c -1"",""'<external>/bzip2' -d -c '<work>/archive.bz2'""]","{""family"":""already_compressed"",""noise_density"":null,""seed"":1297748005,""size_requested"":4096}"
mathzip-benchmark-results-v1,20260724T025637Z-8563453d,quick,synthetic,datasets/synthetic/already_compressed/s0000004096_zstd.zst,s0000004096_zstd.zst,CC0-1.0,python/mathzip_bench/synthetic.py and datasets/synthetic/manifest.json,datasets/synthetic/manifest.json,788cc7e3e85003e88d7c4f21698a72edc5348641fc93c7e57ec681c85e2f147e,true,b9d6f81e4c5c9901592c5e2533b419b80300d44c1304c31a50f49fa255e6890b,7.8273262591845665,546,xz-fast,xz,fast,,1,ok,,3,3,608,0.8980263157894737,-0.1135531135531136,-11.35531135531136,8.908424908424909,11.35531135531136,0.007289781999133993,0.003610813000705093,0.07489935913925319,0.15121248314254468,0.006016999999999939,0.0021290000000000475,364544.0,true,true,7f760e94351702591354fa5730c47f571935440aa4f3dadbb09f6d6399e29152,b9d6f81e4c5c9901592c5e2533b419b80300d44c1304c31a50f49fa255e6890b,,,,,,,,,,,,,,,,,,,,"[""'<external>/xz' -c --threads=1 -1 '<repo>/datasets/synthetic/already_compressed/s0000004096_zstd.zst'"",""'<external>/xz' -d -c --threads=1 '<work>/archive.xz'""]","{""family"":""already_compressed"",""noise_density"":null,""seed"":1297748005,""size_requested"":4096}"
mathzip-benchmark-results-v1,20260724T025637Z-8563453d,quick,synthetic,datasets/synthetic/already_compressed/s0000004096_zstd.zst,s0000004096_zstd.zst,CC0-1.0,python/mathzip_bench/synthetic.py and datasets/synthetic/manifest.json,datasets/synthetic/manifest.json,788cc7e3e85003e88d7c4f21698a72edc5348641fc93c7e57ec681c85e2f147e,true,b9d6f81e4c5c9901592c5e2533b419b80300d44c1304c31a50f49fa255e6890b,7.8273262591845665,546,zstd-fast,zstd,fast,,1,ok,,3,3,560,0.975,-0.02564102564102555,-2.564102564102555,8.205128205128204,2.564102564102555,0.004072602998348884,0.00626554100017529,0.13406659088090822,0.08714331292137817,0.003495000000000026,0.0034760000000000346,364544.0,true,true,1e4a82fd7f783fe2bc7b46d7d918a01eed8ec9a88b6eaca802f30eb9665bac56,b9d6f81e4c5c9901592c5e2533b419b80300d44c1304c31a50f49fa255e6890b,,,,,,,,,,,,,,,,,,,,"[""'<external>/zstd' -q -d -c '<work>/archive.zst'"",""'<external>/zstd' -q -f -T1 -1 -c '<repo>/datasets/synthetic/already_compressed/s0000004096_zstd.zst'""]","{""family"":""already_compressed"",""noise_density"":null,""seed"":1297748005,""size_requested"":4096}"
mathzip-benchmark-results-v1,20260724T025637Z-8563453d,quick,synthetic,datasets/synthetic/already_compressed/s0000004096_zstd.zst,s0000004096_zstd.zst,CC0-1.0,python/mathzip_bench/synthetic.py and datasets/synthetic/manifest.json,datasets/synthetic/manifest.json,788cc7e3e85003e88d7c4f21698a72edc5348641fc93c7e57ec681c85e2f147e,true,b9d6f81e4c5c9901592c5e2533b419b80300d44c1304c31a50f49fa255e6890b,7.8273262591845665,546,lz4-fast,lz4,fast,,1,ok,,3,3,565,0.9663716814159292,-0.0347985347985349,-3.4798534798534897,8.27838827838828,3.4798534798534897,0.002602011001727078,0.0025765259997569956,0.20983769847152603,0.2119132506528154,0.00201600000000024,0.002001999999999615,344064.0,true,true,85fd117e8de02192bedd3a0494c7513e0c098fb850e97848a76f0270b8fac2c6,b9d6f81e4c5c9901592c5e2533b419b80300d44c1304c31a50f49fa255e6890b,,,,,,,,,,,,,,,,,,,,"[""'<tmp>/mathzip-toolpkgs.3lRj8c/extracted/usr/bin/lz4' -q -d -f '<work>/archive.lz4' '<work>/restored.bin'"",""'<tmp>/mathzip-toolpkgs.3lRj8c/extracted/usr/bin/lz4' -q -f -1 '<repo>/datasets/synthetic/already_compressed/s0000004096_zstd.zst' '<work>/archive.lz4'""]","{""family"":""already_compressed"",""noise_density"":null,""seed"":1297748005,""size_requested"":4096}"
mathzip-benchmark-results-v1,20260724T025637Z-8563453d,quick,synthetic,datasets/synthetic/already_compressed/s0000004096_zstd.zst,s0000004096_zstd.zst,CC0-1.0,python/mathzip_bench/synthetic.py and datasets/synthetic/manifest.json,datasets/synthetic/manifest.json,788cc7e3e85003e88d7c4f21698a72edc5348641fc93c7e57ec681c85e2f147e,true,b9d6f81e4c5c9901592c5e2533b419b80300d44c1304c31a50f49fa255e6890b,7.8273262591845665,546,brotli-fast,brotli,fast,,1,ok,,3,3,551,0.9909255898366606,-0.009157509157509125,-0.9157509157509125,8.073260073260073,0.9157509157509125,0.004584168003930245,0.003170301999489311,0.11910558241580282,0.17222334026472955,0.003854000000000024,0.0025410000000003485,344064.0,true,true,4ed8908d7c5edea2e5119cc9abbabd325010a383085d4eb3113cc43f3260bf2f,b9d6f81e4c5c9901592c5e2533b419b80300d44c1304c31a50f49fa255e6890b,,,,,,,,,,,,,,,,,,,,"[""'<tmp>/mathzip-toolpkgs.3lRj8c/extracted/usr/bin/brotli' -f -d -o '<work>/restored.bin' '<work>/archive.br'"",""'<tmp>/mathzip-toolpkgs.3lRj8c/extracted/usr/bin/brotli' -f -q 4 -o '<work>/archive.br' '<repo>/datasets/synthetic/already_compressed/s0000004096_zstd.zst'""]","{""family"":""already_compressed"",""noise_density"":null,""seed"":1297748005,""size_requested"":4096}"
mathzip-benchmark-results-v1,20260724T025637Z-8563453d,quick,synthetic,datasets/synthetic/already_compressed/s0000004096_zstd.zst,s0000004096_zstd.zst,CC0-1.0,python/mathzip_bench/synthetic.py and datasets/synthetic/manifest.json,datasets/synthetic/manifest.json,788cc7e3e85003e88d7c4f21698a72edc5348641fc93c7e57ec681c85e2f147e,true,b9d6f81e4c5c9901592c5e2533b419b80300d44c1304c31a50f49fa255e6890b,7.8273262591845665,546,7z-fast,7z,fast,,1,ok,,3,3,696,0.7844827586206896,-0.27472527472527464,-27.472527472527464,10.197802197802197,27.472527472527464,0.009459890003199689,0.006807215999288019,0.057717373015470835,0.08020900175007041,0.008799999999999919,0.006219999999999448,401408.0,true,true,4a4ec4f9b6b3c96a80524a69eb992eb38983a69ca93c2b0996067b2d52246c30,b9d6f81e4c5c9901592c5e2533b419b80300d44c1304c31a50f49fa255e6890b,,,,,,,,,,,,,,,,,,,,"[""'<tmp>/mathzip-toolpkgs.3lRj8c/extracted/usr/lib/7zip/7z' a -y -bd -bso0 -bsp0 -t7z -m0=lzma2 -mx=1 -mmt=1 '<work>/archive.7z' '<repo>/datasets/synthetic/already_compressed/s0000004096_zstd.zst'"",""'<tmp>/mathzip-toolpkgs.3lRj8c/extracted/usr/lib/7zip/7z' e -so -bd -mmt=1 '<work>/archive.7z'""]","{""family"":""already_compressed"",""noise_density"":null,""seed"":1297748005,""size_requested"":4096}"
mathzip-benchmark-results-v1,20260724T025637Z-8563453d,quick,synthetic,datasets/synthetic/constant_00/s0000004096_n000p000_seed1297748005.bin,s0000004096_n000p000_seed1297748005.bin,CC0-1.0,python/mathzip_bench/synthetic.py and datasets/synthetic/manifest.json,datasets/synthetic/manifest.json,788cc7e3e85003e88d7c4f21698a72edc5348641fc93c7e57ec681c85e2f147e,true,ad7facb2586fc6e966c004d7d1d16b024f5805ff7cb47c7a85dabd8b48892ca7,-0.0,4096,mathzip-fast,mathzip,fast,,1,ok,,3,3,157,26.089171974522294,0.961669921875,96.1669921875,0.306640625,0.0,0.005639553004584741,0.004031050993944518,0.7262986971964105,1.016112176738287,0.004970999999999837,0.003249999999999975,552960.0,true,true,c1bfdde6fa0eda2d33808cc290617177ae65abec38494bdd3fe83571f9c8e27e,ad7facb2586fc6e966c004d7d1d16b024f5805ff7cb47c7a85dabd8b48892ca7,"[{""type"":""identity""}]",1,4096.0,4096.0,"{""raw"":1}","{""sparse"":1}",0,36,1,120,100.0,0.0,0.0,1,0,0,0.000238409,0.000140491,0.0010909,"[""'<repo>/target/release/mathzip' compress --mode fast --max-input-bytes 8589934592 --no-sync --force '<repo>/datasets/synthetic/constant_00/s0000004096_n000p000_seed1297748005.bin' '<work>/archive.mz'"",""'<repo>/target/release/mathzip' compress --mode fast --max-input-bytes 8589934592 --no-sync --force --metrics-output '<work>/metrics-probe.mz.metrics.json' '<repo>/datasets/synthetic/constant_00/s0000004096_n000p000_seed1297748005.bin' '<work>/metrics-probe.mz'"",""'<repo>/target/release/mathzip' decompress --max-archive-bytes 17179869184 --max-output-bytes 8589934592 --max-segments 8388608 --no-sync --force '<work>/archive.mz' '<work>/restored.bin'""]","{""family"":""constant_00"",""noise_density"":0.0,""seed"":1297748005,""size_requested"":4096}"
mathzip-benchmark-results-v1,20260724T025637Z-8563453d,quick,synthetic,datasets/synthetic/constant_00/s0000004096_n000p000_seed1297748005.bin,s0000004096_n000p000_seed1297748005.bin,CC0-1.0,python/mathzip_bench/synthetic.py and datasets/synthetic/manifest.json,datasets/synthetic/manifest.json,788cc7e3e85003e88d7c4f21698a72edc5348641fc93c7e57ec681c85e2f147e,true,ad7facb2586fc6e966c004d7d1d16b024f5805ff7cb47c7a85dabd8b48892ca7,-0.0,4096,raw,raw,default,,1,ok,,3,3,4096,1.0,0.0,0.0,8.0,0.0,0.00021219799964455888,0.0001843490026658401,19.302726730982304,22.218726116053947,0.00021602700000000752,0.0001877779999999163,,true,true,ad7facb2586fc6e966c004d7d1d16b024f5805ff7cb47c7a85dabd8b48892ca7,ad7facb2586fc6e966c004d7d1d16b024f5805ff7cb47c7a85dabd8b48892ca7,,,,,,,,,,,,,,,,,,,,"[""stdlib:shutil.copyfile""]","{""family"":""constant_00"",""noise_density"":0.0,""seed"":1297748005,""size_requested"":4096}"
mathzip-benchmark-results-v1,20260724T025637Z-8563453d,quick,synthetic,datasets/synthetic/constant_00/s0000004096_n000p000_seed1297748005.bin,s0000004096_n000p000_seed1297748005.bin,CC0-1.0,python/mathzip_bench/synthetic.py and datasets/synthetic/manifest.json,datasets/synthetic/manifest.json,788cc7e3e85003e88d7c4f21698a72edc5348641fc93c7e57ec681c85e2f147e,true,ad7facb2586fc6e966c004d7d1d16b024f5805ff7cb47c7a85dabd8b48892ca7,-0.0,4096,gzip-fast,gzip,fast,,1,ok,,3,3,53,77.28301886792453,0.987060546875,98.7060546875,0.103515625,0.0,0.0029489129956346005,0.002523652001400478,1.388986384496077,1.6230446978137085,0.002265999999999657,0.001927000000000234,344064.0,true,true,fb4deaaa5302556b81fbf9f72a9186865c349567acf7ec251b72e7ae2fe7e509,ad7facb2586fc6e966c004d7d1d16b024f5805ff7cb47c7a85dabd8b48892ca7,,,,,,,,,,,,,,,,,,,,"[""'<external>/gzip' -d -c '<work>/archive.gz'"",""'<external>/gzip' -n -c -1 '<repo>/datasets/synthetic/constant_00/s0000004096_n000p000_seed1297748005.bin'""]","{""family"":""constant_00"",""noise_density"":0.0,""seed"":1297748005,""size_requested"":4096}"
mathzip-benchmark-results-v1,20260724T025637Z-8563453d,quick,synthetic,datasets/synthetic/constant_00/s0000004096_n000p000_seed1297748005.bin,s0000004096_n000p000_seed1297748005.bin,CC0-1.0,python/mathzip_bench/synthetic.py and datasets/synthetic/manifest.json,datasets/synthetic/manifest.json,788cc7e3e85003e88d7c4f21698a72edc5348641fc93c7e57ec681c85e2f147e,true,ad7facb2586fc6e966c004d7d1d16b024f5805ff7cb47c7a85dabd8b48892ca7,-0.0,4096,bzip2-fast,bzip2,fast,,1,ok,,3,3,43,95.25581395348837,0.989501953125,98.9501953125,0.083984375,0.0,0.0028645290003623813,0.0026639140050974675,1.4299034848248453,1.5375871714185214,0.0022890000000002075,0.0020799999999998597,339968.0,true,true,c9bb5918a1ab08411137b6c68ac3a0ae5448eb255c24c5e40fa4f98b1bac79f7,ad7facb2586fc6e966c004d7d1d16b024f5805ff7cb47c7a85dabd8b48892ca7,,,,,,,,,,,,,,,,,,,,"[""'<external>/bzip2' -c -1"",""'<external>/bzip2' -d -c '<work>/archive.bz2'""]","{""family"":""constant_00"",""noise_density"":0.0,""seed"":1297748005,""size_requested"":4096}"
mathzip-benchmark-results-v1,20260724T025637Z-8563453d,quick,synthetic,datasets/synthetic/constant_00/s0000004096_n000p000_seed1297748005.bin,s0000004096_n000p000_seed1297748005.bin,CC0-1.0,python/mathzip_bench/synthetic.py and datasets/synthetic/manifest.json,datasets/synthetic/manifest.json,788cc7e3e85003e88d7c4f21698a72edc5348641fc93c7e57ec681c85e2f147e,true,ad7facb2586fc6e966c004d7d1d16b024f5805ff7cb47c7a85dabd8b48892ca7,-0.0,4096,xz-fast,xz,fast,,1,ok,,3,3,92,44.52173913043478,0.9775390625,97.75390625,0.1796875,0.0,0.003931438004656229,0.003669968995382078,1.041857965240421,1.1160857231093768,0.0025490000000001345,0.0021330000000006066,364544.0,true,true,45356eb731bde6c3f78a4af3535dd506fdd65180bf65cc1ca6d0d07bb2ac2201,ad7facb2586fc6e966c004d7d1d16b024f5805ff7cb47c7a85dabd8b48892ca7,,,,,,,,,,,,,,,,,,,,"[""'<external>/xz' -c --threads=1 -1 '<repo>/datasets/synthetic/constant_00/s0000004096_n000p000_seed1297748005.bin'"",""'<external>/xz' -d -c --threads=1 '<work>/archive.xz'""]","{""family"":""constant_00"",""noise_density"":0.0,""seed"":1297748005,""size_requested"":4096}"
mathzip-benchmark-results-v1,20260724T025637Z-8563453d,quick,synthetic,datasets/synthetic/constant_00/s0000004096_n000p000_seed1297748005.bin,s0000004096_n000p000_seed1297748005.bin,CC0-1.0,python/mathzip_bench/synthetic.py and datasets/synthetic/manifest.json,datasets/synthetic/manifest.json,788cc7e3e85003e88d7c4f21698a72edc5348641fc93c7e57ec681c85e2f147e,true,ad7facb2586fc6e966c004d7d1d16b024f5805ff7cb47c7a85dabd8b48892ca7,-0.0,4096,zstd-fast,zstd,fast,,1,ok,,3,3,23,178.08695652173913,0.994384765625,99.4384765625,0.044921875,0.0,0.004299578002246562,0.004004512004030403,0.9526516318252183,1.0228462284237174,0.00371800000000011,0.0034769999999997303,360448.0,true,true,3c2bc9ce3163db56e2cf59235991f1e112de20aa478be26b4305a06298a09da7,ad7facb2586fc6e966c004d7d1d16b024f5805ff7cb47c7a85dabd8b48892ca7,,,,,,,,,,,,,,,,,,,,"[""'<external>/zstd' -q -d -c '<work>/archive.zst'"",""'<external>/zstd' -q -f -T1 -1 -c '<repo>/datasets/synthetic/constant_00/s0000004096_n000p000_seed1297748005.bin'""]","{""family"":""constant_00"",""noise_density"":0.0,""seed"":1297748005,""size_requested"":4096}"
mathzip-benchmark-results-v1,20260724T025637Z-8563453d,quick,synthetic,datasets/synthetic/constant_00/s0000004096_n000p000_seed1297748005.bin,s0000004096_n000p000_seed1297748005.bin,CC0-1.0,python/mathzip_bench/synthetic.py and datasets/synthetic/manifest.json,datasets/synthetic/manifest.json,788cc7e3e85003e88d7c4f21698a72edc5348641fc93c7e57ec681c85e2f147e,true,ad7facb2586fc6e966c004d7d1d16b024f5805ff7cb47c7a85dabd8b48892ca7,-0.0,4096,lz4-fast,lz4,fast,,1,ok,,3,3,45,91.02222222222223,0.989013671875,98.9013671875,0.087890625,0.0,0.002683961996808648,0.0026101219991687685,1.5261020852271114,1.5692753064049998,0.002126999999999768,0.0020620000000000083,466944.0,true,true,a55e5b0b272645838a98d935d48e76ab139104fc8d5eee08998de97e5b3d6338,ad7facb2586fc6e966c004d7d1d16b024f5805ff7cb47c7a85dabd8b48892ca7,,,,,,,,,,,,,,,,,,,,"[""'<tmp>/mathzip-toolpkgs.3lRj8c/extracted/usr/bin/lz4' -q -d -f '<work>/archive.lz4' '<work>/restored.bin'"",""'<tmp>/mathzip-toolpkgs.3lRj8c/extracted/usr/bin/lz4' -q -f -1 '<repo>/datasets/synthetic/constant_00/s0000004096_n000p000_seed1297748005.bin' '<work>/archive.lz4'""]","{""family"":""constant_00"",""noise_density"":0.0,""seed"":1297748005,""size_requested"":4096}"
mathzip-benchmark-results-v1,20260724T025637Z-8563453d,quick,synthetic,datasets/synthetic/constant_00/s0000004096_n000p000_seed1297748005.bin,s0000004096_n000p000_seed1297748005.bin,CC0-1.0,python/mathzip_bench/synthetic.py and datasets/synthetic/manifest.json,datasets/synthetic/manifest.json,788cc7e3e85003e88d7c4f21698a72edc5348641fc93c7e57ec681c85e2f147e,true,ad7facb2586fc6e966c004d7d1d16b024f5805ff7cb47c7a85dabd8b48892ca7,-0.0,4096,brotli-fast,brotli,fast,,1,ok,,3,3,13,315.0769230769231,0.996826171875,99.6826171875,0.025390625,0.0,0.003508820998831652,0.0035568340026657097,1.1673436750874049,1.1515859320199384,0.0029129999999999434,0.0028420000000002332,358400.0,true,true,b279e96340b2a5ddb89189c05de2c2950882f8fe760d7339276ecc40e9c896c6,ad7facb2586fc6e966c004d7d1d16b024f5805ff7cb47c7a85dabd8b48892ca7,,,,,,,,,,,,,,,,,,,,"[""'<tmp>/mathzip-toolpkgs.3lRj8c/extracted/usr/bin/brotli' -f -d -o '<work>/restored.bin' '<work>/archive.br'"",""'<tmp>/mathzip-toolpkgs.3lRj8c/extracted/usr/bin/brotli' -f -q 4 -o '<work>/archive.br' '<repo>/datasets/synthetic/constant_00/s0000004096_n000p000_seed1297748005.bin'""]","{""family"":""constant_00"",""noise_density"":0.0,""seed"":1297748005,""size_requested"":4096}"
mathzip-benchmark-results-v1,20260724T025637Z-8563453d,quick,synthetic,datasets/synthetic/constant_00/s0000004096_n000p000_seed1297748005.bin,s0000004096_n000p000_seed1297748005.bin,CC0-1.0,python/mathzip_bench/synthetic.py and datasets/synthetic/manifest.json,datasets/synthetic/manifest.json,788cc7e3e85003e88d7c4f21698a72edc5348641fc93c7e57ec681c85e2f147e,true,ad7facb2586fc6e966c004d7d1d16b024f5805ff7cb47c7a85dabd8b48892ca7,-0.0,4096,7z-fast,7z,fast,,1,ok,,3,3,219,18.703196347031962,0.946533203125,94.6533203125,0.427734375,0.0,0.009387762002006639,0.00717229199653957,0.43631272278999805,0.571086620842571,0.008627999999999858,0.0065469999999998585,401408.0,true,true,6b692722933e912eb61f4e6a02f9dc1ca17aeeb1131c8e128469f8278e0d3bbb,ad7facb2586fc6e966c004d7d1d16b024f5805ff7cb47c7a85dabd8b48892ca7,,,,,,,,,,,,,,,,,,,,"[""'<tmp>/mathzip-toolpkgs.3lRj8c/extracted/usr/lib/7zip/7z' a -y -bd -bso0 -bsp0 -t7z -m0=lzma2 -mx=1 -mmt=1 '<work>/archive.7z' '<repo>/datasets/synthetic/constant_00/s0000004096_n000p000_seed1297748005.bin'"",""'<tmp>/mathzip-toolpkgs.3lRj8c/extracted/usr/lib/7zip/7z' e -so -bd -mmt=1 '<work>/archive.7z'""]","{""family"":""constant_00"",""noise_density"":0.0,""seed"":1297748005,""size_requested"":4096}"
mathzip-benchmark-results-v1,20260724T025637Z-8563453d,quick,synthetic,datasets/synthetic/constant_00/s0000004096_n005p000_seed1297748005.bin,s0000004096_n005p000_seed1297748005.bin,CC0-1.0,python/mathzip_bench/synthetic.py and datasets/synthetic/manifest.json,datasets/synthetic/manifest.json,788cc7e3e85003e88d7c4f21698a72edc5348641fc93c7e57ec681c85e2f147e,true,20cad9567c9ae749005d93e843cd6790dba55d6d174cf5edbd58ac682ba1b3bc,0.64003798913758,4096,mathzip-fast,mathzip,fast,,1,ok,,3,3,568,7.211267605633803,0.861328125,86.1328125,1.109375,0.0,0.006115691001468804,0.004128592998313252,0.6697526083342445,0.9921055433832863,0.005387999999999504,0.003285999999999678,425984.0,true,true,f3ec7f9e115c2ad07695743a1f1ee0cae456566c9ed07bcee4b578258470d7ff,20cad9567c9ae749005d93e843cd6790dba55d6d174cf5edbd58ac682ba1b3bc,"[{""type"":""identity""}]",1,4096.0,4096.0,"{""raw"":1}","{""sparse"":1}",0,36,412,120,100.0,0.0,0.6400379891375801,412,0,0,0.00024464,0.000136103,0.001613454,"[""'<repo>/target/release/mathzip' compress --mode fast --max-input-bytes 8589934592 --no-sync --force '<repo>/datasets/synthetic/constant_00/s0000004096_n005p000_seed1297748005.bin' '<work>/archive.mz'"",""'<repo>/target/release/mathzip' compress --mode fast --max-input-bytes 8589934592 --no-sync --force --metrics-output '<work>/metrics-probe.mz.metrics.json' '<repo>/datasets/synthetic/constant_00/s0000004096_n005p000_seed1297748005.bin' '<work>/metrics-probe.mz'"",""'<repo>/target/release/mathzip' decompress --max-archive-bytes 17179869184 --max-output-bytes 8589934592 --max-segments 8388608 --no-sync --force '<work>/archive.mz' '<work>/restored.bin'""]","{""family"":""constant_00"",""noise_density"":0.05,""seed"":1297748005,""size_requested"":4096}"
mathzip-benchmark-results-v1,20260724T025637Z-8563453d,quick,synthetic,datasets/synthetic/constant_00/s0000004096_n005p000_seed1297748005.bin,s0000004096_n005p000_seed1297748005.bin,CC0-1.0,python/mathzip_bench/synthetic.py and datasets/synthetic/manifest.json,datasets/synthetic/manifest.json,788cc7e3e85003e88d7c4f21698a72edc5348641fc93c7e57ec681c85e2f147e,true,20cad9567c9ae749005d93e843cd6790dba55d6d174cf5edbd58ac682ba1b3bc,0.64003798913758,4096,raw,raw,default,,1,ok,,3,3,4096,1.0,0.0,0.0,8.0,0.0,0.00022936300229048356,0.00018482500308891758,17.858154798708554,22.16150375514644,0.00023299099999984918,0.00018817100000001474,,true,true,20cad9567c9ae749005d93e843cd6790dba55d6d174cf5edbd58ac682ba1b3bc,20cad9567c9ae749005d93e843cd6790dba55d6d174cf5edbd58ac682ba1b3bc,,,,,,,,,,,,,,,,,,,,"[""stdlib:shutil.copyfile""]","{""family"":""constant_00"",""noise_density"":0.05,""seed"":1297748005,""size_requested"":4096}"
mathzip-benchmark-results-v1,20260724T025637Z-8563453d,quick,synthetic,datasets/synthetic/constant_00/s0000004096_n005p000_seed1297748005.bin,s0000004096_n005p000_seed1297748005.bin,CC0-1.0,python/mathzip_bench/synthetic.py and datasets/synthetic/manifest.json,datasets/synthetic/manifest.json,788cc7e3e85003e88d7c4f21698a72edc5348641fc93c7e57ec681c85e2f147e,true,20cad9567c9ae749005d93e843cd6790dba55d6d174cf5edbd58ac682ba1b3bc,0.64003798913758,4096,gzip-fast,gzip,fast,,1,ok,,3,3,718,5.704735376044568,0.82470703125,82.470703125,1.40234375,0.0,0.0027564230040297844,0.0024880019991542213,1.485983825418597,1.6463009279704783,0.00208800000000009,0.001891000000000087,348160.0,true,true,851d36e075eb8acf298e47974bb34a70ef6d32c537d5af68758ca81afba60c4f,20cad9567c9ae749005d93e843cd6790dba55d6d174cf5edbd58ac682ba1b3bc,,,,,,,,,,,,,,,,,,,,"[""'<external>/gzip' -d -c '<work>/archive.gz'"",""'<external>/gzip' -n -c -1 '<repo>/datasets/synthetic/constant_00/s0000004096_n005p000_seed1297748005.bin'""]","{""family"":""constant_00"",""noise_density"":0.05,""seed"":1297748005,""size_requested"":4096}"
mathzip-benchmark-results-v1,20260724T025637Z-8563453d,quick,synthetic,datasets/synthetic/constant_00/s0000004096_n005p000_seed1297748005.bin,s0000004096_n005p000_seed1297748005.bin,CC0-1.0,python/mathzip_bench/synthetic.py and datasets/synthetic/manifest.json,datasets/synthetic/manifest.json,788cc7e3e85003e88d7c4f21698a72edc5348641fc93c7e57ec681c85e2f147e,true,20cad9567c9ae749005d93e843cd6790dba55d6d174cf5edbd58ac682ba1b3bc,0.64003798913758,4096,bzip2-fast,bzip2,fast,,1,ok,,3,3,599,6.838063439065109,0.853759765625,85.3759765625,1.169921875,0.0,0.0031000550006865524,0.0030753730025026016,1.3212668804562762,1.3318709622107163,0.002486999999999906,0.0023320000000000007,348160.0,true,true,947ae7f9763fa44d4541b6fe00e586284050fcb8fbfc9eed77a405cd24fd2935,20cad9567c9ae749005d93e843cd6790dba55d6d174cf5edbd58ac682ba1b3bc,,,,,,,,,,,,,,,,,,,,"[""'<external>/bzip2' -c -1"",""'<external>/bzip2' -d -c '<work>/archive.bz2'""]","{""family"":""constant_00"",""noise_density"":0.05,""seed"":1297748005,""size_requested"":4096}"
mathzip-benchmark-results-v1,20260724T025637Z-8563453d,quick,synthetic,datasets/synthetic/constant_00/s0000004096_n005p000_seed1297748005.bin,s0000004096_n005p000_seed1297748005.bin,CC0-1.0,python/mathzip_bench/synthetic.py and datasets/synthetic/manifest.json,datasets/synthetic/manifest.json,788cc7e3e85003e88d7c4f21698a72edc5348641fc93c7e57ec681c85e2f147e,true,20cad9567c9ae749005d93e843cd6790dba55d6d174cf5edbd58ac682ba1b3bc,0.64003798913758,4096,xz-fast,xz,fast,,1,ok,,3,3,588,6.965986394557823,0.8564453125,85.64453125,1.1484375,0.0,0.007257261997438036,0.0038205149976420216,0.5644001830781323,1.072106771607494,0.006136999999999837,0.0024169999999998915,348160.0,true,true,64b0310da1bb739b062d4dec3806168068c19918e77fb2c2141c6054e4d49831,20cad9567c9ae749005d93e843cd6790dba55d6d174cf5edbd58ac682ba1b3bc,,,,,,,,,,,,,,,,,,,,"[""'<external>/xz' -c --threads=1 -1 '<repo>/datasets/synthetic/constant_00/s0000004096_n005p000_seed1297748005.bin'"",""'<external>/xz' -d -c --threads=1 '<work>/archive.xz'""]","{""family"":""constant_00"",""noise_density"":0.05,""seed"":1297748005,""size_requested"":4096}"
mathzip-benchmark-results-v1,20260724T025637Z-8563453d,quick,synthetic,datasets/synthetic/constant_00/s0000004096_n005p000_seed1297748005.bin,s0000004096_n005p000_seed1297748005.bin,CC0-1.0,python/mathzip_bench/synthetic.py and datasets/synthetic/manifest.json,datasets/synthetic/manifest.json,788cc7e3e85003e88d7c4f21698a72edc5348641fc93c7e57ec681c85e2f147e,true,20cad9567c9ae749005d93e843cd6790dba55d6d174cf5edbd58ac682ba1b3bc,0.64003798913758,4096,zstd-fast,zstd,fast,,1,ok,,3,3,609,6.725779967159277,0.851318359375,85.1318359375,1.189453125,0.0,0.00477170600061072,0.004159481999522541,0.8583932034948846,0.9847380035471177,0.0039919999999997735,0.003731000000000151,344064.0,true,true,d97ba6da1747d2be34c64c9f56f2822bea602e029f22663960064621233e6fdd,20cad9567c9ae749005d93e843cd6790dba55d6d174cf5edbd58ac682ba1b3bc,,,,,,,,,,,,,,,,,,,,"[""'<external>/zstd' -q -d -c '<work>/archive.zst'"",""'<external>/zstd' -q -f -T1 -1 -c '<repo>/datasets/synthetic/constant_00/s0000004096_n005p000_seed1297748005.bin'""]","{""family"":""constant_00"",""noise_density"":0.05,""seed"":1297748005,""size_requested"":4096}"
mathzip-benchmark-results-v1,20260724T025637Z-8563453d,quick,synthetic,datasets/synthetic/constant_00/s0000004096_n005p000_seed1297748005.bin,s0000004096_n005p000_seed1297748005.bin,CC0-1.0,python/mathzip_bench/synthetic.py and datasets/synthetic/manifest.json,datasets/synthetic/manifest.json,788cc7e3e85003e88d7c4f21698a72edc5348641fc93c7e57ec681c85e2f147e,true,20cad9567c9ae749005d93e843cd6790dba55d6d174cf5edbd58ac682ba1b3bc,0.64003798913758,4096,lz4-fast,lz4,fast,,1,ok,,3,3,1077,3.8031569173630455,0.737060546875,73.7060546875,2.103515625,0.0,0.003057095003896393,0.002756381996732671,1.3398340564423021,1.4860059327245898,0.002129999999999743,0.002134999999999998,364544.0,true,true,c75aada5358b69c9a9baabbbd5d213b722d2f9128f25c0db8033090304c4bdd7,20cad9567c9ae749005d93e843cd6790dba55d6d174cf5edbd58ac682ba1b3bc,,,,,,,,,,,,,,,,,,,,"[""'<tmp>/mathzip-toolpkgs.3lRj8c/extracted/usr/bin/lz4' -q -d -f '<work>/archive.lz4' '<work>/restored.bin'"",""'<tmp>/mathzip-toolpkgs.3lRj8c/extracted/usr/bin/lz4' -q -f -1 '<repo>/datasets/synthetic/constant_00/s0000004096_n005p000_seed1297748005.bin' '<work>/archive.lz4'""]","{""family"":""constant_00"",""noise_density"":0.05,""seed"":1297748005,""size_requested"":4096}"
mathzip-benchmark-results-v1,20260724T025637Z-8563453d,quick,synthetic,datasets/synthetic/constant_00/s0000004096_n005p000_seed1297748005.bin,s0000004096_n005p000_seed1297748005.bin,CC0-1.0,python/mathzip_bench/synthetic.py and datasets/synthetic/manifest.json,datasets/synthetic/manifest.json,788cc7e3e85003e88d7c4f21698a72edc5348641fc93c7e57ec681c85e2f147e,true,20cad9567c9ae749005d93e843cd6790dba55d6d174cf5edbd58ac682ba1b3bc,0.64003798913758,4096,brotli-fast,brotli,fast,,1,ok,,3,3,568,7.211267605633803,0.861328125,86.1328125,1.109375,0.0,0.004653211006370839,0.0033151410025311634,0.8802523664609351,1.2355432233116594,0.0040599999999999525,0.002607000000000248,339968.0,true,true,9c1db1218d65e4528fbdfa8c158ea2aaa72aacb78c36b378b5a635a5f4903c9f,20cad9567c9ae749005d93e843cd6790dba55d6d174cf5edbd58ac682ba1b3bc,,,,,,,,,,,,,,,,,,,,"[""'<tmp>/mathzip-toolpkgs.3lRj8c/extracted/usr/bin/brotli' -f -d -o '<work>/restored.bin' '<work>/archive.br'"",""'<tmp>/mathzip-toolpkgs.3lRj8c/extracted/usr/bin/brotli' -f -q 4 -o '<work>/archive.br' '<repo>/datasets/synthetic/constant_00/s0000004096_n005p000_seed1297748005.bin'""]","{""family"":""constant_00"",""noise_density"":0.05,""seed"":1297748005,""size_requested"":4096}"
mathzip-benchmark-results-v1,20260724T025637Z-8563453d,quick,synthetic,datasets/synthetic/constant_00/s0000004096_n005p000_seed1297748005.bin,s0000004096_n005p000_seed1297748005.bin,CC0-1.0,python/mathzip_bench/synthetic.py and datasets/synthetic/manifest.json,datasets/synthetic/manifest.json,788cc7e3e85003e88d7c4f21698a72edc5348641fc93c7e57ec681c85e2f147e,true,20cad9567c9ae749005d93e843cd6790dba55d6d174cf5edbd58ac682ba1b3bc,0.64003798913758,4096,7z-fast,7z,fast,,1,ok,,3,3,728,5.626373626373627,0.822265625,82.2265625,1.421875,0.0,0.008962953004811425,0.007246884000778664,0.45699224327085236,0.5652084398701418,0.008350999999999775,0.006650000000000045,401408.0,true,true,42e61dfa74b3bb1372e8862b172ef802c0172a091730d3569e1af6443da002e3,20cad9567c9ae749005d93e843cd6790dba55d6d174cf5edbd58ac682ba1b3bc,,,,,,,,,,,,,,,,,,,,"[""'<tmp>/mathzip-toolpkgs.3lRj8c/extracted/usr/lib/7zip/7z' a -y -bd -bso0 -bsp0 -t7z -m0=lzma2 -mx=1 -mmt=1 '<work>/archive.7z' '<repo>/datasets/synthetic/constant_00/s0000004096_n005p000_seed1297748005.bin'"",""'<tmp>/mathzip-toolpkgs.3lRj8c/extracted/usr/lib/7zip/7z' e -so -bd -mmt=1 '<work>/archive.7z'""]","{""family"":""constant_00"",""noise_density"":0.05,""seed"":1297748005,""size_requested"":4096}"
mathzip-benchmark-results-v1,20260724T025637Z-8563453d,quick,synthetic,datasets/synthetic/constant_ff/s0000004096_n000p000_seed1297748005.bin,s0000004096_n000p000_seed1297748005.bin,CC0-1.0,python/mathzip_bench/synthetic.py and datasets/synthetic/manifest.json,datasets/synthetic/manifest.json,788cc7e3e85003e88d7c4f21698a72edc5348641fc93c7e57ec681c85e2f147e,true,f47a8ec3e9aff2318d896942282ad4fe37d6391c82914f54a5da8a37de1300c6,-0.0,4096,mathzip-fast,mathzip,fast,,1,ok,,3,3,158,25.924050632911392,0.96142578125,96.142578125,0.30859375,0.0,0.0058160069966106676,0.003910229999746662,0.7042632518129676,1.0475087143890192,0.005142999999999898,0.0032719999999999416,544768.0,true,true,acca9fb2f6554415f7d2d6a38b4458db6f738fce229c39454467a8a3bf9929a9,f47a8ec3e9aff2318d896942282ad4fe37d6391c82914f54a5da8a37de1300c6,"[{""type"":""identity""}]",1,4096.0,4096.0,"{""constant"":1}","{""sparse"":1}",1,36,1,120,0.0,0.0,0.0,1,1,1,0.000212167,0.000141537,0.001316508,"[""'<repo>/target/release/mathzip' compress --mode fast --max-input-bytes 8589934592 --no-sync --force '<repo>/datasets/synthetic/constant_ff/s0000004096_n000p000_seed1297748005.bin' '<work>/archive.mz'"",""'<repo>/target/release/mathzip' compress --mode fast --max-input-bytes 8589934592 --no-sync --force --metrics-output '<work>/metrics-probe.mz.metrics.json' '<repo>/datasets/synthetic/constant_ff/s0000004096_n000p000_seed1297748005.bin' '<work>/metrics-probe.mz'"",""'<repo>/target/release/mathzip' decompress --max-archive-bytes 17179869184 --max-output-bytes 8589934592 --max-segments 8388608 --no-sync --force '<work>/archive.mz' '<work>/restored.bin'""]","{""family"":""constant_ff"",""noise_density"":0.0,""seed"":1297748005,""size_requested"":4096}"
mathzip-benchmark-results-v1,20260724T025637Z-8563453d,quick,synthetic,datasets/synthetic/constant_ff/s0000004096_n000p000_seed1297748005.bin,s0000004096_n000p000_seed1297748005.bin,CC0-1.0,python/mathzip_bench/synthetic.py and datasets/synthetic/manifest.json,datasets/synthetic/manifest.json,788cc7e3e85003e88d7c4f21698a72edc5348641fc93c7e57ec681c85e2f147e,true,f47a8ec3e9aff2318d896942282ad4fe37d6391c82914f54a5da8a37de1300c6,-0.0,4096,raw,raw,default,,1,ok,,3,3,4096,1.0,0.0,0.0,8.0,0.0,0.00022072300635045394,0.0002095890013151802,18.557195589736384,19.543010245277276,0.00022463100000003067,0.00021284999999959808,,true,true,f47a8ec3e9aff2318d896942282ad4fe37d6391c82914f54a5da8a37de1300c6,f47a8ec3e9aff2318d896942282ad4fe37d6391c82914f54a5da8a37de1300c6,,,,,,,,,,,,,,,,,,,,"[""stdlib:shutil.copyfile""]","{""family"":""constant_ff"",""noise_density"":0.0,""seed"":1297748005,""size_requested"":4096}"
mathzip-benchmark-results-v1,20260724T025637Z-8563453d,quick,synthetic,datasets/synthetic/constant_ff/s0000004096_n000p000_seed1297748005.bin,s0000004096_n000p000_seed1297748005.bin,CC0-1.0,python/mathzip_bench/synthetic.py and datasets/synthetic/manifest.json,datasets/synthetic/manifest.json,788cc7e3e85003e88d7c4f21698a72edc5348641fc93c7e57ec681c85e2f147e,true,f47a8ec3e9aff2318d896942282ad4fe37d6391c82914f54a5da8a37de1300c6,-0.0,4096,gzip-fast,gzip,fast,,1,ok,,3,3,53,77.28301886792453,0.987060546875,98.7060546875,0.103515625,0.0,0.0027584859999478795,0.002508651996322442,1.4848724989278148,1.6327493833359632,0.0020649999999995394,0.0019409999999999705,364544.0,true,true,4dcfe6c0555b3faaecd08f9938d58320b2259c1386731340ac9c4b2ec521b244,f47a8ec3e9aff2318d896942282ad4fe37d6391c82914f54a5da8a37de1300c6,,,,,,,,,,,,,,,,,,,,"[""'<external>/gzip' -d -c '<work>/archive.gz'"",""'<external>/gzip' -n -c -1 '<repo>/datasets/synthetic/constant_ff/s0000004096_n000p000_seed1297748005.bin'""]","{""family"":""constant_ff"",""noise_density"":0.0,""seed"":1297748005,""size_requested"":4096}"
mathzip-benchmark-results-v1,20260724T025637Z-8563453d,quick,synthetic,datasets/synthetic/constant_ff/s0000004096_n000p000_seed1297748005.bin,s0000004096_n000p000_seed1297748005.bin,CC0-1.0,python/mathzip_bench/synthetic.py and datasets/synthetic/manifest.json,datasets/synthetic/manifest.json,788cc7e3e85003e88d7c4f21698a72edc5348641fc93c7e57ec681c85e2f147e,true,f47a8ec3e9aff2318d896942282ad4fe37d6391c82914f54a5da8a37de1300c6,-0.0,4096,bzip2-fast,bzip2,fast,,1,ok,,3,3,43,95.25581395348837,0.989501953125,98.9501953125,0.083984375,0.0,0.002653381001437083,0.002727972998400219,1.543690859993943,1.5014811372407428,0.0020899999999999253,0.002042999999999573,352256.0,true,true,a82009933d2a5fd77738a42a6fcc8078ce6a16c49b0cce082d9bd5f0d8c2f309,f47a8ec3e9aff2318d896942282ad4fe37d6391c82914f54a5da8a37de1300c6,,,,,,,,,,,,,,,,,,,,"[""'<external>/bzip2' -c -1"",""'<external>/bzip2' -d -c '<work>/archive.bz2'""]","{""family"":""constant_ff"",""noise_density"":0.0,""seed"":1297748005,""size_requested"":4096}"
mathzip-benchmark-results-v1,20260724T025637Z-8563453d,quick,synthetic,datasets/synthetic/constant_ff/s0000004096_n000p000_seed1297748005.bin,s0000004096_n000p000_seed1297748005.bin,CC0-1.0,python/mathzip_bench/synthetic.py and datasets/synthetic/manifest.json,datasets/synthetic/manifest.json,788cc7e3e85003e88d7c4f21698a72edc5348641fc93c7e57ec681c85e2f147e,true,f47a8ec3e9aff2318d896942282ad4fe37d6391c82914f54a5da8a37de1300c6,-0.0,4096,xz-fast,xz,fast,,1,ok,,3,3,92,44.52173913043478,0.9775390625,97.75390625,0.1796875,0.0,0.003994188999058679,0.00372097099898383,1.0254897805199792,1.100787939792755,0.002601999999999549,0.0022560000000000358,360448.0,true,true,9d706ca75eb515d59ba92ab9c5c5d8269a69b166adb87fb81457b48668103591,f47a8ec3e9aff2318d896942282ad4fe37d6391c82914f54a5da8a37de1300c6,,,,,,,,,,,,,,,,,,,,"[""'<external>/xz' -c --threads=1 -1 '<repo>/datasets/synthetic/constant_ff/s0000004096_n000p000_seed1297748005.bin'"",""'<external>/xz' -d -c --threads=1 '<work>/archive.xz'""]","{""family"":""constant_ff"",""noise_density"":0.0,""seed"":1297748005,""size_requested"":4096}"
mathzip-benchmark-results-v1,20260724T025637Z-8563453d,quick,synthetic,datasets/synthetic/constant_ff/s0000004096_n000p000_seed1297748005.bin,s0000004096_n000p000_seed1297748005.bin,CC0-1.0,python/mathzip_bench/synthetic.py and datasets/synthetic/manifest.json,datasets/synthetic/manifest.json,788cc7e3e85003e88d7c4f21698a72edc5348641fc93c7e57ec681c85e2f147e,true,f47a8ec3e9aff2318d896942282ad4fe37d6391c82914f54a5da8a37de1300c6,-0.0,4096,zstd-fast,zstd,fast,,1,ok,,3,3,23,178.08695652173913,0.994384765625,99.4384765625,0.044921875,0.0,0.0043335890004527755,0.004256415995769203,0.9451750038067864,0.9623119554271355,0.0037959999999999106,0.003807000000000116,356352.0,true,true,130213d92e47df6dacc53766441d9075cdd120640756a335b5b6ff1f8cf215a6,f47a8ec3e9aff2318d896942282ad4fe37d6391c82914f54a5da8a37de1300c6,,,,,,,,,,,,,,,,,,,,"[""'<external>/zstd' -q -d -c '<work>/archive.zst'"",""'<external>/zstd' -q -f -T1 -1 -c '<repo>/datasets/synthetic/constant_ff/s0000004096_n000p000_seed1297748005.bin'""]","{""family"":""constant_ff"",""noise_density"":0.0,""seed"":1297748005,""size_requested"":4096}"
mathzip-benchmark-results-v1,20260724T025637Z-8563453d,quick,synthetic,datasets/synthetic/constant_ff/s0000004096_n000p000_seed1297748005.bin,s0000004096_n000p000_seed1297748005.bin,CC0-1.0,python/mathzip_bench/synthetic.py and datasets/synthetic/manifest.json,datasets/synthetic/manifest.json,788cc7e3e85003e88d7c4f21698a72edc5348641fc93c7e57ec681c85e2f147e,true,f47a8ec3e9aff2318d896942282ad4fe37d6391c82914f54a5da8a37de1300c6,-0.0,4096,lz4-fast,lz4,fast,,1,ok,,3,3,45,91.02222222222223,0.989013671875,98.9013671875,0.087890625,0.0,0.002762060998065863,0.0029586359960376285,1.4829505948160557,1.3844217421425256,0.002174999999999816,0.002155000000000129,339968.0,true,true,530f7d940d56ab7d37107dfab023eb82f7aa08f3eb92fa6b958099b55478dda9,f47a8ec3e9aff2318d896942282ad4fe37d6391c82914f54a5da8a37de1300c6,,,,,,,,,,,,,,,,,,,,"[""'<tmp>/mathzip-toolpkgs.3lRj8c/extracted/usr/bin/lz4' -q -d -f '<work>/archive.lz4' '<work>/restored.bin'"",""'<tmp>/mathzip-toolpkgs.3lRj8c/extracted/usr/bin/lz4' -q -f -1 '<repo>/datasets/synthetic/constant_ff/s0000004096_n000p000_seed1297748005.bin' '<work>/archive.lz4'""]","{""family"":""constant_ff"",""noise_density"":0.0,""seed"":1297748005,""size_requested"":4096}"
mathzip-benchmark-results-v1,20260724T025637Z-8563453d,quick,synthetic,datasets/synthetic/constant_ff/s0000004096_n000p000_seed1297748005.bin,s0000004096_n000p000_seed1297748005.bin,CC0-1.0,python/mathzip_bench/synthetic.py and datasets/synthetic/manifest.json,datasets/synthetic/manifest.json,788cc7e3e85003e88d7c4f21698a72edc5348641fc93c7e57ec681c85e2f147e,true,f47a8ec3e9aff2318d896942282ad4fe37d6391c82914f54a5da8a37de1300c6,-0.0,4096,brotli-fast,brotli,fast,,1,ok,,3,3,13,315.0769230769231,0.996826171875,99.6826171875,0.025390625,0.0,0.003390895995835308,0.0033880060000228696,1.2079403216821452,1.2089707042940159,0.002834000000000003,0.0028320000000001677,348160.0,true,true,1640a133f052d435c70c37b5a1e2ce7e8ccdb1b973bcaba16aa74b5b2ba7cee4,f47a8ec3e9aff2318d896942282ad4fe37d6391c82914f54a5da8a37de1300c6,,,,,,,,,,,,,,,,,,,,"[""'<tmp>/mathzip-toolpkgs.3lRj8c/extracted/usr/bin/brotli' -f -d -o '<work>/restored.bin' '<work>/archive.br'"",""'<tmp>/mathzip-toolpkgs.3lRj8c/extracted/usr/bin/brotli' -f -q 4 -o '<work>/archive.br' '<repo>/datasets/synthetic/constant_ff/s0000004096_n000p000_seed1297748005.bin'""]","{""family"":""constant_ff"",""noise_density"":0.0,""seed"":1297748005,""size_requested"":4096}"
mathzip-benchmark-results-v1,20260724T025637Z-8563453d,quick,synthetic,datasets/synthetic/constant_ff/s0000004096_n000p000_seed1297748005.bin,s0000004096_n000p000_seed1297748005.bin,CC0-1.0,python/mathzip_bench/synthetic.py and datasets/synthetic/manifest.json,datasets/synthetic/manifest.json,788cc7e3e85003e88d7c4f21698a72edc5348641fc93c7e57ec681c85e2f147e,true,f47a8ec3e9aff2318d896942282ad4fe37d6391c82914f54a5da8a37de1300c6,-0.0,4096,7z-fast,7z,fast,,1,ok,,3,3,219,18.703196347031962,0.946533203125,94.6533203125,0.427734375,0.0,0.009484151996730361,0.007043088000500575,0.4318783589099042,0.5815630870590974,0.008795000000000108,0.006448999999999927,397312.0,true,true,ad131252271c490f02aa921c21cde39143420e400eb5c791c3b36190e589198a,f47a8ec3e9aff2318d896942282ad4fe37d6391c82914f54a5da8a37de1300c6,,,,,,,,,,,,,,,,,,,,"[""'<tmp>/mathzip-toolpkgs.3lRj8c/extracted/usr/lib/7zip/7z' a -y -bd -bso0 -bsp0 -t7z -m0=lzma2 -mx=1 -mmt=1 '<work>/archive.7z' '<repo>/datasets/synthetic/constant_ff/s0000004096_n000p000_seed1297748005.bin'"",""'<tmp>/mathzip-toolpkgs.3lRj8c/extracted/usr/lib/7zip/7z' e -so -bd -mmt=1 '<work>/archive.7z'""]","{""family"":""constant_ff"",""noise_density"":0.0,""seed"":1297748005,""size_requested"":4096}"
mathzip-benchmark-results-v1,20260724T025637Z-8563453d,quick,synthetic,datasets/synthetic/lfsr8/s0000004096_n000p000_seed1297748005.bin,s0000004096_n000p000_seed1297748005.bin,CC0-1.0,python/mathzip_bench/synthetic.py and datasets/synthetic/manifest.json,datasets/synthetic/manifest.json,788cc7e3e85003e88d7c4f21698a72edc5348641fc93c7e57ec681c85e2f147e,true,d03fdc0f23d9e71d7c97599f49c2602cca8e4d2d9d53867171d1af4d178d94b6,7.99419192069822,4096,mathzip-fast,mathzip,fast,,1,ok,,3,3,4063,1.008122077282796,0.008056640625,0.8056640625,7.935546875,0.0,0.00640022500010673,0.003951548002078198,0.6399775007803156,1.0365557998652255,0.005791000000000324,0.003313999999999595,425984.0,true,true,788a8cb2a102998999087251727ff8380f8f87805e8b6944092622701fed4ea5,d03fdc0f23d9e71d7c97599f49c2602cca8e4d2d9d53867171d1af4d178d94b6,"[{""type"":""identity""}]",1,4096.0,4096.0,"{""periodic"":1}","{""zero_run"":1}",16,36,3891,120,0.0,0.0,6.980423100451196,3891,1,0,0.00030065,0.000105808,0.001985279,"[""'<repo>/target/release/mathzip' compress --mode fast --max-input-bytes 8589934592 --no-sync --force '<repo>/datasets/synthetic/lfsr8/s0000004096_n000p000_seed1297748005.bin' '<work>/archive.mz'"",""'<repo>/target/release/mathzip' compress --mode fast --max-input-bytes 8589934592 --no-sync --force --metrics-output '<work>/metrics-probe.mz.metrics.json' '<repo>/datasets/synthetic/lfsr8/s0000004096_n000p000_seed1297748005.bin' '<work>/metrics-probe.mz'"",""'<repo>/target/release/mathzip' decompress --max-archive-bytes 17179869184 --max-output-bytes 8589934592 --max-segments 8388608 --no-sync --force '<work>/archive.mz' '<work>/restored.bin'""]","{""family"":""lfsr8"",""noise_density"":0.0,""seed"":1297748005,""size_requested"":4096}"
mathzip-benchmark-results-v1,20260724T025637Z-8563453d,quick,synthetic,datasets/synthetic/lfsr8/s0000004096_n000p000_seed1297748005.bin,s0000004096_n000p000_seed1297748005.bin,CC0-1.0,python/mathzip_bench/synthetic.py and datasets/synthetic/manifest.json,datasets/synthetic/manifest.json,788cc7e3e85003e88d7c4f21698a72edc5348641fc93c7e57ec681c85e2f147e,true,d03fdc0f23d9e71d7c97599f49c2602cca8e4d2d9d53867171d1af4d178d94b6,7.99419192069822,4096,raw,raw,default,,1,ok,,3,3,4096,1.0,0.0,0.0,8.0,0.0,0.00021083799947518855,0.0001869769985205494,19.42723802253691,21.906437863531306,0.0002145919999998469,0.00019040499999967153,,true,true,d03fdc0f23d9e71d7c97599f49c2602cca8e4d2d9d53867171d1af4d178d94b6,d03fdc0f23d9e71d7c97599f49c2602cca8e4d2d9d53867171d1af4d178d94b6,,,,,,,,,,,,,,,,,,,,"[""stdlib:shutil.copyfile""]","{""family"":""lfsr8"",""noise_density"":0.0,""seed"":1297748005,""size_requested"":4096}"
mathzip-benchmark-results-v1,20260724T025637Z-8563453d,quick,synthetic,datasets/synthetic/lfsr8/s0000004096_n000p000_seed1297748005.bin,s0000004096_n000p000_seed1297748005.bin,CC0-1.0,python/mathzip_bench/synthetic.py and datasets/synthetic/manifest.json,datasets/synthetic/manifest.json,788cc7e3e85003e88d7c4f21698a72edc5348641fc93c7e57ec681c85e2f147e,true,d03fdc0f23d9e71d7c97599f49c2602cca8e4d2d9d53867171d1af4d178d94b6,7.99419192069822,4096,gzip-fast,gzip,fast,,1,ok,,3,3,332,12.337349397590362,0.9189453125,91.89453125,0.6484375,0.0,0.0028878200027975254,0.0025599820000934415,1.418370949724038,1.6000112500207002,0.0021480000000000388,0.001923000000000119,348160.0,true,true,ee4dccb4112baf31fd36f06a882be1902e8ce161f8abb97773c19d74cf1c860c,d03fdc0f23d9e71d7c97599f49c2602cca8e4d2d9d53867171d1af4d178d94b6,,,,,,,,,,,,,,,,,,,,"[""'<external>/gzip' -d -c '<work>/archive.gz'"",""'<external>/gzip' -n -c -1 '<repo>/datasets/synthetic/lfsr8/s0000004096_n000p000_seed1297748005.bin'""]","{""family"":""lfsr8"",""noise_density"":0.0,""seed"":1297748005,""size_requested"":4096}"
mathzip-benchmark-results-v1,20260724T025637Z-8563453d,quick,synthetic,datasets/synthetic/lfsr8/s0000004096_n000p000_seed1297748005.bin,s0000004096_n000p000_seed1297748005.bin,CC0-1.0,python/mathzip_bench/synthetic.py and datasets/synthetic/manifest.json,datasets/synthetic/manifest.json,788cc7e3e85003e88d7c4f21698a72edc5348641fc93c7e57ec681c85e2f147e,true,d03fdc0f23d9e71d7c97599f49c2602cca8e4d2d9d53867171d1af4d178d94b6,7.99419192069822,4096,bzip2-fast,bzip2,fast,,1,ok,,3,3,684,5.988304093567251,0.8330078125,83.30078125,1.3359375,0.0,0.0035847689941874705,0.0028585479958564974,1.142611980476696,1.4328953041674322,0.003043000000000351,0.0022739999999998872,339968.0,true,true,7489e6ca2abcc95cd52238db1126f35c9fecc1053d8dcf0652865911d9ff8bdd,d03fdc0f23d9e71d7c97599f49c2602cca8e4d2d9d53867171d1af4d178d94b6,,,,,,,,,,,,,,,,,,,,"[""'<external>/bzip2' -c -1"",""'<external>/bzip2' -d -c '<work>/archive.bz2'""]","{""family"":""lfsr8"",""noise_density"":0.0,""seed"":1297748005,""size_requested"":4096}"
mathzip-benchmark-results-v1,20260724T025637Z-8563453d,quick,synthetic,datasets/synthetic/lfsr8/s0000004096_n000p000_seed1297748005.bin,s0000004096_n000p000_seed1297748005.bin,CC0-1.0,python/mathzip_bench/synthetic.py and datasets/synthetic/manifest.json,datasets/synthetic/manifest.json,788cc7e3e85003e88d7c4f21698a72edc5348641fc93c7e57ec681c85e2f147e,true,d03fdc0f23d9e71d7c97599f49c2602cca8e4d2d9d53867171d1af4d178d94b6,7.99419192069822,4096,xz-fast,xz,fast,,1,ok,,3,3,364,11.252747252747254,0.9111328125,91.11328125,0.7109375,0.0,0.005240931001026183,0.003707012001541443,0.7815405314815241,1.1049330291611703,0.0037519999999999776,0.0023569999999999425,339968.0,true,true,2db4baa22ba2f94ee1df4963cc57928c356e3131b339b50320a720e2f92b1343,d03fdc0f23d9e71d7c97599f49c2602cca8e4d2d9d53867171d1af4d178d94b6,,,,,,,,,,,,,,,,,,,,"[""'<external>/xz' -c --threads=1 -1 '<repo>/datasets/synthetic/lfsr8/s0000004096_n000p000_seed1297748005.bin'"",""'<external>/xz' -d -c --threads=1 '<work>/archive.xz'""]","{""family"":""lfsr8"",""noise_density"":0.0,""seed"":1297748005,""size_requested"":4096}"
mathzip-benchmark-results-v1,20260724T025637Z-8563453d,quick,synthetic,datasets/synthetic/lfsr8/s0000004096_n000p000_seed1297748005.bin,s0000004096_n000p000_seed1297748005.bin,CC0-1.0,python/mathzip_bench/synthetic.py and datasets/synthetic/manifest.json,datasets/synthetic/manifest.json,788cc7e3e85003e88d7c4f21698a72edc5348641fc93c7e57ec681c85e2f147e,true,d03fdc0f23d9e71d7c97599f49c2602cca8e4d2d9d53867171d1af4d178d94b6,7.99419192069822,4096,zstd-fast,zstd,fast,,1,ok,,3,3,279,14.68100358422939,0.931884765625,93.1884765625,0.544921875,0.0,0.004350669005361851,0.004091440001502633,0.941464403509439,1.0011145216588027,0.0039159999999998085,0.003530000000000033,356352.0,true,true,e3ba9c9cdaf16930baf17e3c91edc14b53d82c1d61d765c7db2ecdebb67f0c0f,d03fdc0f23d9e71d7c97599f49c2602cca8e4d2d9d53867171d1af4d178d94b6,,,,,,,,,,,,,,,,,,,,"[""'<external>/zstd' -q -d -c '<work>/archive.zst'"",""'<external>/zstd' -q -f -T1 -1 -c '<repo>/datasets/synthetic/lfsr8/s0000004096_n000p000_seed1297748005.bin'""]","{""family"":""lfsr8"",""noise_density"":0.0,""seed"":1297748005,""size_requested"":4096}"
mathzip-benchmark-results-v1,20260724T025637Z-8563453d,quick,synthetic,datasets/synthetic/lfsr8/s0000004096_n000p000_seed1297748005.bin,s0000004096_n000p000_seed1297748005.bin,CC0-1.0,python/mathzip_bench/synthetic.py and datasets/synthetic/manifest.json,datasets/synthetic/manifest.json,788cc7e3e85003e88d7c4f21698a72edc5348641fc93c7e57ec681c85e2f147e,true,d03fdc0f23d9e71d7c97599f49c2602cca8e4d2d9d53867171d1af4d178d94b6,7.99419192069822,4096,lz4-fast,lz4,fast,,1,ok,,3,3,299,13.698996655518394,0.927001953125,92.7001953125,0.583984375,0.0,0.0028142750015831552,0.0027415139993536286,1.455437012266327,1.4940649586198431,0.002093999999999596,0.0021129999999995874,471040.0,true,true,272bed6f7fc5c9b78616f3b94a5dc970ee999396b90145e9c51b23404173383a,d03fdc0f23d9e71d7c97599f49c2602cca8e4d2d9d53867171d1af4d178d94b6,,,,,,,,,,,,,,,,,,,,"[""'<tmp>/mathzip-toolpkgs.3lRj8c/extracted/usr/bin/lz4' -q -d -f '<work>/archive.lz4' '<work>/restored.bin'"",""'<tmp>/mathzip-toolpkgs.3lRj8c/extracted/usr/bin/lz4' -q -f -1 '<repo>/datasets/synthetic/lfsr8/s0000004096_n000p000_seed1297748005.bin' '<work>/archive.lz4'""]","{""family"":""lfsr8"",""noise_density"":0.0,""seed"":1297748005,""size_requested"":4096}"
mathzip-benchmark-results-v1,20260724T025637Z-8563453d,quick,synthetic,datasets/synthetic/lfsr8/s0000004096_n000p000_seed1297748005.bin,s0000004096_n000p000_seed1297748005.bin,CC0-1.0,python/mathzip_bench/synthetic.py and datasets/synthetic/manifest.json,datasets/synthetic/manifest.json,788cc7e3e85003e88d7c4f21698a72edc5348641fc93c7e57ec681c85e2f147e,true,d03fdc0f23d9e71d7c97599f49c2602cca8e4d2d9d53867171d1af4d178d94b6,7.99419192069822,4096,brotli-fast,brotli,fast,,1,ok,,3,3,281,14.576512455516013,0.931396484375,93.1396484375,0.548828125,0.0,0.004352176001702901,0.0034309769980609417,0.9411384094754749,1.1938290470367199,0.003731000000000151,0.002538999999999625,356352.0,true,true,9567bdcdf184a46a498fa5b2b6c92cb88b4831051eeccef5eee768fde32c743c,d03fdc0f23d9e71d7c97599f49c2602cca8e4d2d9d53867171d1af4d178d94b6,,,,,,,,,,,,,,,,,,,,"[""'<tmp>/mathzip-toolpkgs.3lRj8c/extracted/usr/bin/brotli' -f -d -o '<work>/restored.bin' '<work>/archive.br'"",""'<tmp>/mathzip-toolpkgs.3lRj8c/extracted/usr/bin/brotli' -f -q 4 -o '<work>/archive.br' '<repo>/datasets/synthetic/lfsr8/s0000004096_n000p000_seed1297748005.bin'""]","{""family"":""lfsr8"",""noise_density"":0.0,""seed"":1297748005,""size_requested"":4096}"
mathzip-benchmark-results-v1,20260724T025637Z-8563453d,quick,synthetic,datasets/synthetic/lfsr8/s0000004096_n000p000_seed1297748005.bin,s0000004096_n000p000_seed1297748005.bin,CC0-1.0,python/mathzip_bench/synthetic.py and datasets/synthetic/manifest.json,datasets/synthetic/manifest.json,788cc7e3e85003e88d7c4f21698a72edc5348641fc93c7e57ec681c85e2f147e,true,d03fdc0f23d9e71d7c97599f49c2602cca8e4d2d9d53867171d1af4d178d94b6,7.99419192069822,4096,7z-fast,7z,fast,,1,ok,,3,3,491,8.342158859470468,0.880126953125,88.0126953125,0.958984375,0.0,0.009841086000960786,0.006730572997184936,0.41621422672254943,0.6085663139992914,0.009233999999999742,0.006205000000000016,397312.0,true,true,18d99c0530484f804081bafd5e1bdca15c7f200861c3ace7c6125be19d796040,d03fdc0f23d9e71d7c97599f49c2602cca8e4d2d9d53867171d1af4d178d94b6,,,,,,,,,,,,,,,,,,,,"[""'<tmp>/mathzip-toolpkgs.3lRj8c/extracted/usr/lib/7zip/7z' a -y -bd -bso0 -bsp0 -t7z -m0=lzma2 -mx=1 -mmt=1 '<work>/archive.7z' '<repo>/datasets/synthetic/lfsr8/s0000004096_n000p000_seed1297748005.bin'"",""'<tmp>/mathzip-toolpkgs.3lRj8c/extracted/usr/lib/7zip/7z' e -so -bd -mmt=1 '<work>/archive.7z'""]","{""family"":""lfsr8"",""noise_density"":0.0,""seed"":1297748005,""size_requested"":4096}"
mathzip-benchmark-results-v1,20260724T025637Z-8563453d,quick,synthetic,datasets/synthetic/linear/s0000004096_n000p000_seed1297748005.bin,s0000004096_n000p000_seed1297748005.bin,CC0-1.0,python/mathzip_bench/synthetic.py and datasets/synthetic/manifest.json,datasets/synthetic/manifest.json,788cc7e3e85003e88d7c4f21698a72edc5348641fc93c7e57ec681c85e2f147e,true,29ddd8df947f12dda43d4614877c4f839f4bf4339f1f2092ea662911a4fcf139,8.0,4096,mathzip-fast,mathzip,fast,,1,ok,,3,3,159,25.761006289308177,0.961181640625,96.1181640625,0.310546875,0.0,0.006138425000244752,0.004097095996257849,0.6672721422574495,0.9997324943670224,0.005516000000000076,0.0031959999999999766,430080.0,true,true,e41bee9b7f219314d1fd30aa9f61d051cf080fbe95cc34408c16dfd360d5a071,29ddd8df947f12dda43d4614877c4f839f4bf4339f1f2092ea662911a4fcf139,"[{""type"":""identity""}]",1,4096.0,4096.0,"{""affine"":1}","{""sparse"":1}",2,36,1,120,0.0,0.0,0.0,1,1,1,0.000238338,0.000124931,0.001644817,"[""'<repo>/target/release/mathzip' compress --mode fast --max-input-bytes 8589934592 --no-sync --force '<repo>/datasets/synthetic/linear/s0000004096_n000p000_seed1297748005.bin' '<work>/archive.mz'"",""'<repo>/target/release/mathzip' compress --mode fast --max-input-bytes 8589934592 --no-sync --force --metrics-output '<work>/metrics-probe.mz.metrics.json' '<repo>/datasets/synthetic/linear/s0000004096_n000p000_seed1297748005.bin' '<work>/metrics-probe.mz'"",""'<repo>/target/release/mathzip' decompress --max-archive-bytes 17179869184 --max-output-bytes 8589934592 --max-segments 8388608 --no-sync --force '<work>/archive.mz' '<work>/restored.bin'""]","{""family"":""linear"",""noise_density"":0.0,""seed"":1297748005,""size_requested"":4096}"
mathzip-benchmark-results-v1,20260724T025637Z-8563453d,quick,synthetic,datasets/synthetic/linear/s0000004096_n000p000_seed1297748005.bin,s0000004096_n000p000_seed1297748005.bin,CC0-1.0,python/mathzip_bench/synthetic.py and datasets/synthetic/manifest.json,datasets/synthetic/manifest.json,788cc7e3e85003e88d7c4f21698a72edc5348641fc93c7e57ec681c85e2f147e,true,29ddd8df947f12dda43d4614877c4f839f4bf4339f1f2092ea662911a4fcf139,8.0,4096,raw,raw,default,,1,ok,,3,3,4096,1.0,0.0,0.0,8.0,0.0,0.00021435700182337314,0.0002000700042117387,19.108309806343723,20.472834076941933,0.0002182559999996947,0.00020323499999985728,,true,true,29ddd8df947f12dda43d4614877c4f839f4bf4339f1f2092ea662911a4fcf139,29ddd8df947f12dda43d4614877c4f839f4bf4339f1f2092ea662911a4fcf139,,,,,,,,,,,,,,,,,,,,"[""stdlib:shutil.copyfile""]","{""family"":""linear"",""noise_density"":0.0,""seed"":1297748005,""size_requested"":4096}"
mathzip-benchmark-results-v1,20260724T025637Z-8563453d,quick,synthetic,datasets/synthetic/linear/s0000004096_n000p000_seed1297748005.bin,s0000004096_n000p000_seed1297748005.bin,CC0-1.0,python/mathzip_bench/synthetic.py and datasets/synthetic/manifest.json,datasets/synthetic/manifest.json,788cc7e3e85003e88d7c4f21698a72edc5348641fc93c7e57ec681c85e2f147e,true,29ddd8df947f12dda43d4614877c4f839f4bf4339f1f2092ea662911a4fcf139,8.0,4096,gzip-fast,gzip,fast,,1,ok,,3,3,333,12.3003003003003,0.918701171875,91.8701171875,0.650390625,0.0,0.002635641001688782,0.0025844930059975013,1.554081150420522,1.5848369450004074,0.002107000000000081,0.0019860000000000433,466944.0,true,true,d8647e35ae1f9fffaf170a22535e31f7800235036b875c763eb83ba0344a94a2,29ddd8df947f12dda43d4614877c4f839f4bf4339f1f2092ea662911a4fcf139,,,,,,,,,,,,,,,,,,,,"[""'<external>/gzip' -d -c '<work>/archive.gz'"",""'<external>/gzip' -n -c -1 '<repo>/datasets/synthetic/linear/s0000004096_n000p000_seed1297748005.bin'""]","{""family"":""linear"",""noise_density"":0.0,""seed"":1297748005,""size_requested"":4096}"
mathzip-benchmark-results-v1,20260724T025637Z-8563453d,quick,synthetic,datasets/synthetic/linear/s0000004096_n000p000_seed1297748005.bin,s0000004096_n000p000_seed1297748005.bin,CC0-1.0,python/mathzip_bench/synthetic.py and datasets/synthetic/manifest.json,datasets/synthetic/manifest.json,788cc7e3e85003e88d7c4f21698a72edc5348641fc93c7e57ec681c85e2f147e,true,29ddd8df947f12dda43d4614877c4f839f4bf4339f1f2092ea662911a4fcf139,8.0,4096,bzip2-fast,bzip2,fast,,1,ok,,3,3,669,6.1225710014947685,0.836669921875,83.6669921875,1.306640625,0.0,0.003544594001141377,0.002875603000575211,1.155562526676135,1.4243969001217036,0.0028769999999997964,0.0022679999999999367,339968.0,true,true,6771b2368b0ab5281b7de143ecfde4f716dd2c42cde87d87b0acb0ac81237c0d,29ddd8df947f12dda43d4614877c4f839f4bf4339f1f2092ea662911a4fcf139,,,,,,,,,,,,,,,,,,,,"[""'<external>/bzip2' -c -1"",""'<external>/bzip2' -d -c '<work>/archive.bz2'""]","{""family"":""linear"",""noise_density"":0.0,""seed"":1297748005,""size_requested"":4096}"
mathzip-benchmark-results-v1,20260724T025637Z-8563453d,quick,synthetic,datasets/synthetic/linear/s0000004096_n000p000_seed1297748005.bin,s0000004096_n000p000_seed1297748005.bin,CC0-1.0,python/mathzip_bench/synthetic.py and datasets/synthetic/manifest.json,datasets/synthetic/manifest.json,788cc7e3e85003e88d7c4f21698a72edc5348641fc93c7e57ec681c85e2f147e,true,29ddd8df947f12dda43d4614877c4f839f4bf4339f1f2092ea662911a4fcf139,8.0,4096,xz-fast,xz,fast,,1,ok,,3,3,332,12.337349397590362,0.9189453125,91.89453125,0.6484375,0.0,0.005831452006532345,0.004119299002923071,0.702397961161593,0.9943439398532278,0.004481000000000179,0.002489999999999881,389120.0,true,true,a73899e28ca9ca943998472fa4a1c819654f002fe5d288185b4c9c5aaa28fc91,29ddd8df947f12dda43d4614877c4f839f4bf4339f1f2092ea662911a4fcf139,,,,,,,,,,,,,,,,,,,,"[""'<external>/xz' -c --threads=1 -1 '<repo>/datasets/synthetic/linear/s0000004096_n000p000_seed1297748005.bin'"",""'<external>/xz' -d -c --threads=1 '<work>/archive.xz'""]","{""family"":""linear"",""noise_density"":0.0,""seed"":1297748005,""size_requested"":4096}"
mathzip-benchmark-results-v1,20260724T025637Z-8563453d,quick,synthetic,datasets/synthetic/linear/s0000004096_n000p000_seed1297748005.bin,s0000004096_n000p000_seed1297748005.bin,CC0-1.0,python/mathzip_bench/synthetic.py and datasets/synthetic/manifest.json,datasets/synthetic/manifest.json,788cc7e3e85003e88d7c4f21698a72edc5348641fc93c7e57ec681c85e2f147e,true,29ddd8df947f12dda43d4614877c4f839f4bf4339f1f2092ea662911a4fcf139,8.0,4096,zstd-fast,zstd,fast,,1,ok,,3,3,280,14.628571428571428,0.931640625,93.1640625,0.546875,0.0,0.004201044997898862,0.0040623300010338426,0.9749955075579053,1.0082883465788324,0.003779000000000199,0.0036309999999994957,374784.0,true,true,867603200a54951d98c0911b74f59ca94d32cd1810d84e00af0dfb8491803493,29ddd8df947f12dda43d4614877c4f839f4bf4339f1f2092ea662911a4fcf139,,,,,,,,,,,,,,,,,,,,"[""'<external>/zstd' -q -d -c '<work>/archive.zst'"",""'<external>/zstd' -q -f -T1 -1 -c '<repo>/datasets/synthetic/linear/s0000004096_n000p000_seed1297748005.bin'""]","{""family"":""linear"",""noise_density"":0.0,""seed"":1297748005,""size_requested"":4096}"
mathzip-benchmark-results-v1,20260724T025637Z-8563453d,quick,synthetic,datasets/synthetic/linear/s0000004096_n000p000_seed1297748005.bin,s0000004096_n000p000_seed1297748005.bin,CC0-1.0,python/mathzip_bench/synthetic.py and datasets/synthetic/manifest.json,datasets/synthetic/manifest.json,788cc7e3e85003e88d7c4f21698a72edc5348641fc93c7e57ec681c85e2f147e,true,29ddd8df947f12dda43d4614877c4f839f4bf4339f1f2092ea662911a4fcf139,8.0,4096,lz4-fast,lz4,fast,,1,ok,,3,3,300,13.653333333333334,0.9267578125,92.67578125,0.5859375,0.0,0.0025862619950203225,0.0027458670010673814,1.5837529252204836,1.4916964289995804,0.0019860000000004874,0.0020049999999995904,598016.0,true,true,f647368e91157f21e63dcf22f1a559880efe267d5eab3e881384e7258c357fb3,29ddd8df947f12dda43d4614877c4f839f4bf4339f1f2092ea662911a4fcf139,,,,,,,,,,,,,,,,,,,,"[""'<tmp>/mathzip-toolpkgs.3lRj8c/extracted/usr/bin/lz4' -q -d -f '<work>/archive.lz4' '<work>/restored.bin'"",""'<tmp>/mathzip-toolpkgs.3lRj8c/extracted/usr/bin/lz4' -q -f -1 '<repo>/datasets/synthetic/linear/s0000004096_n000p000_seed1297748005.bin' '<work>/archive.lz4'""]","{""family"":""linear"",""noise_density"":0.0,""seed"":1297748005,""size_requested"":4096}"
mathzip-benchmark-results-v1,20260724T025637Z-8563453d,quick,synthetic,datasets/synthetic/linear/s0000004096_n000p000_seed1297748005.bin,s0000004096_n000p000_seed1297748005.bin,CC0-1.0,python/mathzip_bench/synthetic.py and datasets/synthetic/manifest.json,datasets/synthetic/manifest.json,788cc7e3e85003e88d7c4f21698a72edc5348641fc93c7e57ec681c85e2f147e,true,29ddd8df947f12dda43d4614877c4f839f4bf4339f1f2092ea662911a4fcf139,8.0,4096,brotli-fast,brotli,fast,,1,ok,,3,3,280,14.628571428571428,0.931640625,93.1640625,0.546875,0.0,0.004386807995615527,0.0033287909973296337,0.9337085197468911,1.230476771682519,0.0036919999999995845,0.0026680000000003368,352256.0,true,true,f822cb1518369f5bd3982791bb83b2977e9b680a751f3f517258598d624b6494,29ddd8df947f12dda43d4614877c4f839f4bf4339f1f2092ea662911a4fcf139,,,,,,,,,,,,,,,,,,,,"[""'<tmp>/mathzip-toolpkgs.3lRj8c/extracted/usr/bin/brotli' -f -d -o '<work>/restored.bin' '<work>/archive.br'"",""'<tmp>/mathzip-toolpkgs.3lRj8c/extracted/usr/bin/brotli' -f -q 4 -o '<work>/archive.br' '<repo>/datasets/synthetic/linear/s0000004096_n000p000_seed1297748005.bin'""]","{""family"":""linear"",""noise_density"":0.0,""seed"":1297748005,""size_requested"":4096}"
mathzip-benchmark-results-v1,20260724T025637Z-8563453d,quick,synthetic,datasets/synthetic/linear/s0000004096_n000p000_seed1297748005.bin,s0000004096_n000p000_seed1297748005.bin,CC0-1.0,python/mathzip_bench/synthetic.py and datasets/synthetic/manifest.json,datasets/synthetic/manifest.json,788cc7e3e85003e88d7c4f21698a72edc5348641fc93c7e57ec681c85e2f147e,true,29ddd8df947f12dda43d4614877c4f839f4bf4339f1f2092ea662911a4fcf139,8.0,4096,7z-fast,7z,fast,,1,ok,,3,3,462,8.865800865800866,0.88720703125,88.720703125,0.90234375,0.0,0.009649580999393947,0.006847024997114204,0.42447438912189595,0.5982160137762501,0.00884200000000046,0.006028000000000144,397312.0,true,true,231cf3a6560e7b1b4ae03d1b9e299baee27628331ac92a3f5273c7e415451c1f,29ddd8df947f12dda43d4614877c4f839f4bf4339f1f2092ea662911a4fcf139,,,,,,,,,,,,,,,,,,,,"[""'<tmp>/mathzip-toolpkgs.3lRj8c/extracted/usr/lib/7zip/7z' a -y -bd -bso0 -bsp0 -t7z -m0=lzma2 -mx=1 -mmt=1 '<work>/archive.7z' '<repo>/datasets/synthetic/linear/s0000004096_n000p000_seed1297748005.bin'"",""'<tmp>/mathzip-toolpkgs.3lRj8c/extracted/usr/lib/7zip/7z' e -so -bd -mmt=1 '<work>/archive.7z'""]","{""family"":""linear"",""noise_density"":0.0,""seed"":1297748005,""size_requested"":4096}"
mathzip-benchmark-results-v1,20260724T025637Z-8563453d,quick,synthetic,datasets/synthetic/linear/s0000004096_n005p000_seed1297748005.bin,s0000004096_n005p000_seed1297748005.bin,CC0-1.0,python/mathzip_bench/synthetic.py and datasets/synthetic/manifest.json,datasets/synthetic/manifest.json,788cc7e3e85003e88d7c4f21698a72edc5348641fc93c7e57ec681c85e2f147e,true,a59f08af582fb9c3f2144ff4cc57b13579669b8f28fa3de0ba0e25e8c6f75458,7.996255690349984,4096,mathzip-fast,mathzip,fast,,1,ok,,3,3,570,7.185964912280702,0.86083984375,86.083984375,1.11328125,0.0,0.007324065998545848,0.003881742995872628,0.5592521969099183,1.0551960818516801,0.005969000000000335,0.003246000000000304,430080.0,true,true,f0b1445dc50f98ed1e942ab7d831ac96fe9259ad69118c16d04f22388c86dc4b,a59f08af582fb9c3f2144ff4cc57b13579669b8f28fa3de0ba0e25e8c6f75458,"[{""type"":""identity""}]",1,4096.0,4096.0,"{""affine"":1}","{""sparse"":1}",2,36,412,120,0.0,0.0,0.6408546341492858,412,1,1,0.000249161,0.000119818,0.001949416,"[""'<repo>/target/release/mathzip' compress --mode fast --max-input-bytes 8589934592 --no-sync --force '<repo>/datasets/synthetic/linear/s0000004096_n005p000_seed1297748005.bin' '<work>/archive.mz'"",""'<repo>/target/release/mathzip' compress --mode fast --max-input-bytes 8589934592 --no-sync --force --metrics-output '<work>/metrics-probe.mz.metrics.json' '<repo>/datasets/synthetic/linear/s0000004096_n005p000_seed1297748005.bin' '<work>/metrics-probe.mz'"",""'<repo>/target/release/mathzip' decompress --max-archive-bytes 17179869184 --max-output-bytes 8589934592 --max-segments 8388608 --no-sync --force '<work>/archive.mz' '<work>/restored.bin'""]","{""family"":""linear"",""noise_density"":0.05,""seed"":1297748005,""size_requested"":4096}"
mathzip-benchmark-results-v1,20260724T025637Z-8563453d,quick,synthetic,datasets/synthetic/linear/s0000004096_n005p000_seed1297748005.bin,s0000004096_n005p000_seed1297748005.bin,CC0-1.0,python/mathzip_bench/synthetic.py and datasets/synthetic/manifest.json,datasets/synthetic/manifest.json,788cc7e3e85003e88d7c4f21698a72edc5348641fc93c7e57ec681c85e2f147e,true,a59f08af582fb9c3f2144ff4cc57b13579669b8f28fa3de0ba0e25e8c6f75458,7.996255690349984,4096,raw,raw,default,,1,ok,,3,3,4096,1.0,0.0,0.0,8.0,0.0,0.00021470100182341412,0.00018235299648949876,19.077693933486398,22.461928670505163,0.00021836900000016257,0.00018565600000020055,,true,true,a59f08af582fb9c3f2144ff4cc57b13579669b8f28fa3de0ba0e25e8c6f75458,a59f08af582fb9c3f2144ff4cc57b13579669b8f28fa3de0ba0e25e8c6f75458,,,,,,,,,,,,,,,,,,,,"[""stdlib:shutil.copyfile""]","{""family"":""linear"",""noise_density"":0.05,""seed"":1297748005,""size_requested"":4096}"
mathzip-benchmark-results-v1,20260724T025637Z-8563453d,quick,synthetic,datasets/synthetic/linear/s0000004096_n005p000_seed1297748005.bin,s0000004096_n005p000_seed1297748005.bin,CC0-1.0,python/mathzip_bench/synthetic.py and datasets/synthetic/manifest.json,datasets/synthetic/manifest.json,788cc7e3e85003e88d7c4f21698a72edc5348641fc93c7e57ec681c85e2f147e,true,a59f08af582fb9c3f2144ff4cc57b13579669b8f28fa3de0ba0e25e8c6f75458,7.996255690349984,4096,gzip-fast,gzip,fast,,1,ok,,3,3,1274,3.2150706436420724,0.68896484375,68.896484375,2.48828125,0.0,0.0026381450006738305,0.002398283999355044,1.5526060921419431,1.707887806907569,0.00207899999999972,0.0018799999999998818,462848.0,true,true,3908af4124d49da2f290b5bd1beb5c8c70d3b7af22a28b162c2cbf91a3d20c37,a59f08af582fb9c3f2144ff4cc57b13579669b8f28fa3de0ba0e25e8c6f75458,,,,,,,,,,,,,,,,,,,,"[""'<external>/gzip' -d -c '<work>/archive.gz'"",""'<external>/gzip' -n -c -1 '<repo>/datasets/synthetic/linear/s0000004096_n005p000_seed1297748005.bin'""]","{""family"":""linear"",""noise_density"":0.05,""seed"":1297748005,""size_requested"":4096}"
mathzip-benchmark-results-v1,20260724T025637Z-8563453d,quick,synthetic,datasets/synthetic/linear/s0000004096_n005p000_seed1297748005.bin,s0000004096_n005p000_seed1297748005.bin,CC0-1.0,python/mathzip_bench/synthetic.py and datasets/synthetic/manifest.json,datasets/synthetic/manifest.json,788cc7e3e85003e88d7c4f21698a72edc5348641fc93c7e57ec681c85e2f147e,true,a59f08af582fb9c3f2144ff4cc57b13579669b8f28fa3de0ba0e25e8c6f75458,7.996255690349984,4096,bzip2-fast,bzip2,fast,,1,ok,,3,3,1377,2.9745824255628177,0.663818359375,66.3818359375,2.689453125,0.0,0.0037564539961749688,0.0028938840041519143,1.0903900338379695,1.415398818378133,0.0032060000000004862,0.002193999999999363,339968.0,true,true,6dd1ca6e8defaf9185e9d3f3702e2e7eead843352711c598dfab2233c12ea8e2,a59f08af582fb9c3f2144ff4cc57b13579669b8f28fa3de0ba0e25e8c6f75458,,,,,,,,,,,,,,,,,,,,"[""'<external>/bzip2' -c -1"",""'<external>/bzip2' -d -c '<work>/archive.bz2'""]","{""family"":""linear"",""noise_density"":0.05,""seed"":1297748005,""size_requested"":4096}"
mathzip-benchmark-results-v1,20260724T025637Z-8563453d,quick,synthetic,datasets/synthetic/linear/s0000004096_n005p000_seed1297748005.bin,s0000004096_n005p000_seed1297748005.bin,CC0-1.0,python/mathzip_bench/synthetic.py and datasets/synthetic/manifest.json,datasets/synthetic/manifest.json,788cc7e3e85003e88d7c4f21698a72edc5348641fc93c7e57ec681c85e2f147e,true,a59f08af582fb9c3f2144ff4cc57b13579669b8f28fa3de0ba0e25e8c6f75458,7.996255690349984,4096,xz-fast,xz,fast,,1,ok,,3,3,836,4.899521531100478,0.7958984375,79.58984375,1.6328125,0.0,0.00847517600050196,0.003997514002548996,0.4832937982358603,1.0246368111251654,0.00726799999999983,0.0024770000000002845,344064.0,true,true,15c583860534956234bd9dadec82d43bfcc7757d0f21e3d81c792b12fdeba736,a59f08af582fb9c3f2144ff4cc57b13579669b8f28fa3de0ba0e25e8c6f75458,,,,,,,,,,,,,,,,,,,,"[""'<external>/xz' -c --threads=1 -1 '<repo>/datasets/synthetic/linear/s0000004096_n005p000_seed1297748005.bin'"",""'<external>/xz' -d -c --threads=1 '<work>/archive.xz'""]","{""family"":""linear"",""noise_density"":0.05,""seed"":1297748005,""size_requested"":4096}"
mathzip-benchmark-results-v1,20260724T025637Z-8563453d,quick,synthetic,datasets/synthetic/linear/s0000004096_n005p000_seed1297748005.bin,s0000004096_n005p000_seed1297748005.bin,CC0-1.0,python/mathzip_bench/synthetic.py and datasets/synthetic/manifest.json,datasets/synthetic/manifest.json,788cc7e3e85003e88d7c4f21698a72edc5348641fc93c7e57ec681c85e2f147e,true,a59f08af582fb9c3f2144ff4cc57b13579669b8f28fa3de0ba0e25e8c6f75458,7.996255690349984,4096,zstd-fast,zstd,fast,,1,ok,,3,3,955,4.289005235602095,0.766845703125,76.6845703125,1.865234375,0.0,0.004271851001249161,0.004428428997925948,0.9588349403577655,0.9249329732775119,0.00386299999999995,0.003910999999999554,348160.0,true,true,d5910d925a2ddb315daf3654af0d1d4947dd270d5a6f5d128b61876e4e628197,a59f08af582fb9c3f2144ff4cc57b13579669b8f28fa3de0ba0e25e8c6f75458,,,,,,,,,,,,,,,,,,,,"[""'<external>/zstd' -q -d -c '<work>/archive.zst'"",""'<external>/zstd' -q -f -T1 -1 -c '<repo>/datasets/synthetic/linear/s0000004096_n005p000_seed1297748005.bin'""]","{""family"":""linear"",""noise_density"":0.05,""seed"":1297748005,""size_requested"":4096}"
mathzip-benchmark-results-v1,20260724T025637Z-8563453d,quick,synthetic,datasets/synthetic/linear/s0000004096_n005p000_seed1297748005.bin,s0000004096_n005p000_seed1297748005.bin,CC0-1.0,python/mathzip_bench/synthetic.py and datasets/synthetic/manifest.json,datasets/synthetic/manifest.json,788cc7e3e85003e88d7c4f21698a72edc5348641fc93c7e57ec681c85e2f147e,true,a59f08af582fb9c3f2144ff4cc57b13579669b8f28fa3de0ba0e25e8c6f75458,7.996255690349984,4096,lz4-fast,lz4,fast,,1,ok,,3,3,1500,2.7306666666666666,0.6337890625,63.37890625,2.9296875,0.0,0.002807299002597574,0.0026201420041616075,1.4590537011590143,1.563274049076068,0.002171000000000145,0.0020059999999997302,360448.0,true,true,2e18d473ea9b5f31bdc2b198a92bb50e48fe5f7036c4a9c358c350ef45e0dc97,a59f08af582fb9c3f2144ff4cc57b13579669b8f28fa3de0ba0e25e8c6f75458,,,,,,,,,,,,,,,,,,,,"[""'<tmp>/mathzip-toolpkgs.3lRj8c/extracted/usr/bin/lz4' -q -d -f '<work>/archive.lz4' '<work>/restored.bin'"",""'<tmp>/mathzip-toolpkgs.3lRj8c/extracted/usr/bin/lz4' -q -f -1 '<repo>/datasets/synthetic/linear/s0000004096_n005p000_seed1297748005.bin' '<work>/archive.lz4'""]","{""family"":""linear"",""noise_density"":0.05,""seed"":1297748005,""size_requested"":4096}"
mathzip-benchmark-results-v1,20260724T025637Z-8563453d,quick,synthetic,datasets/synthetic/linear/s0000004096_n005p000_seed1297748005.bin,s0000004096_n005p000_seed1297748005.bin,CC0-1.0,python/mathzip_bench/synthetic.py and datasets/synthetic/manifest.json,datasets/synthetic/manifest.json,788cc7e3e85003e88d7c4f21698a72edc5348641fc93c7e57ec681c85e2f147e,true,a59f08af582fb9c3f2144ff4cc57b13579669b8f28fa3de0ba0e25e8c6f75458,7.996255690349984,4096,brotli-fast,brotli,fast,,1,ok,,3,3,918,4.461873638344227,0.77587890625,77.587890625,1.79296875,0.0,0.004441967001184821,0.0033423770000808872,0.922114009155732,1.2254751633047003,0.0037519999999999776,0.0027889999999999304,352256.0,true,true,7f628a5607395af5e84d30f7a67db54b0c80a5f794f26622223e441c0dd4cb3c,a59f08af582fb9c3f2144ff4cc57b13579669b8f28fa3de0ba0e25e8c6f75458,,,,,,,,,,,,,,,,,,,,"[""'<tmp>/mathzip-toolpkgs.3lRj8c/extracted/usr/bin/brotli' -f -d -o '<work>/restored.bin' '<work>/archive.br'"",""'<tmp>/mathzip-toolpkgs.3lRj8c/extracted/usr/bin/brotli' -f -q 4 -o '<work>/archive.br' '<repo>/datasets/synthetic/linear/s0000004096_n005p000_seed1297748005.bin'""]","{""family"":""linear"",""noise_density"":0.05,""seed"":1297748005,""size_requested"":4096}"
mathzip-benchmark-results-v1,20260724T025637Z-8563453d,quick,synthetic,datasets/synthetic/linear/s0000004096_n005p000_seed1297748005.bin,s0000004096_n005p000_seed1297748005.bin,CC0-1.0,python/mathzip_bench/synthetic.py and datasets/synthetic/manifest.json,datasets/synthetic/manifest.json,788cc7e3e85003e88d7c4f21698a72edc5348641fc93c7e57ec681c85e2f147e,true,a59f08af582fb9c3f2144ff4cc57b13579669b8f28fa3de0ba0e25e8c6f75458,7.996255690349984,4096,7z-fast,7z,fast,,1,ok,,3,3,968,4.231404958677686,0.763671875,76.3671875,1.890625,0.0,0.009766798000782728,0.006894113001180813,0.41938002605068103,0.5941300932111852,0.009034999999999904,0.006099999999999994,401408.0,true,true,ded3e838680d4836e3bb1395bb2beb8add5b121174d051a9d96296c4fe00e621,a59f08af582fb9c3f2144ff4cc57b13579669b8f28fa3de0ba0e25e8c6f75458,,,,,,,,,,,,,,,,,,,,"[""'<tmp>/mathzip-toolpkgs.3lRj8c/extracted/usr/lib/7zip/7z' a -y -bd -bso0 -bsp0 -t7z -m0=lzma2 -mx=1 -mmt=1 '<work>/archive.7z' '<repo>/datasets/synthetic/linear/s0000004096_n005p000_seed1297748005.bin'"",""'<tmp>/mathzip-toolpkgs.3lRj8c/extracted/usr/lib/7zip/7z' e -so -bd -mmt=1 '<work>/archive.7z'""]","{""family"":""linear"",""noise_density"":0.05,""seed"":1297748005,""size_requested"":4096}"
mathzip-benchmark-results-v1,20260724T025637Z-8563453d,quick,synthetic,datasets/synthetic/multi_periodic/s0000004096_n000p000_seed1297748005.bin,s0000004096_n000p000_seed1297748005.bin,CC0-1.0,python/mathzip_bench/synthetic.py and datasets/synthetic/manifest.json,datasets/synthetic/manifest.json,788cc7e3e85003e88d7c4f21698a72edc5348641fc93c7e57ec681c85e2f147e,true,043059f7687705dc0fcb16d7e05b8050129e2c7cb97bd80b390e798ddecba724,5.439875272461005,4096,mathzip-fast,mathzip,fast,,1,ok,,3,3,3589,1.1412649763165228,0.123779296875,12.3779296875,7.009765625,0.0,0.006383373998687603,0.0038328580048982985,0.6416669305044828,1.0686542508920007,0.005597999999999992,0.003258999999999901,528384.0,true,true,a23adb21db5d44e78a48f5ef99b0cf36c1b026fef905c05d864b680a2c546005,043059f7687705dc0fcb16d7e05b8050129e2c7cb97bd80b390e798ddecba724,"[{""type"":""identity""}]",1,4096.0,4096.0,"{""periodic"":1}","{""zero_run"":1}",12,36,3421,120,0.0,0.0,4.013313498537989,3421,1,0,0.000277946,0.000105641,0.001871302,"[""'<repo>/target/release/mathzip' compress --mode fast --max-input-bytes 8589934592 --no-sync --force '<repo>/datasets/synthetic/multi_periodic/s0000004096_n000p000_seed1297748005.bin' '<work>/archive.mz'"",""'<repo>/target/release/mathzip' compress --mode fast --max-input-bytes 8589934592 --no-sync --force --metrics-output '<work>/metrics-probe.mz.metrics.json' '<repo>/datasets/synthetic/multi_periodic/s0000004096_n000p000_seed1297748005.bin' '<work>/metrics-probe.mz'"",""'<repo>/target/release/mathzip' decompress --max-archive-bytes 17179869184 --max-output-bytes 8589934592 --max-segments 8388608 --no-sync --force '<work>/archive.mz' '<work>/restored.bin'""]","{""family"":""multi_periodic"",""noise_density"":0.0,""seed"":1297748005,""size_requested"":4096}"
mathzip-benchmark-results-v1,20260724T025637Z-8563453d,quick,synthetic,datasets/synthetic/multi_periodic/s0000004096_n000p000_seed1297748005.bin,s0000004096_n000p000_seed1297748005.bin,CC0-1.0,python/mathzip_bench/synthetic.py and datasets/synthetic/manifest.json,datasets/synthetic/manifest.json,788cc7e3e85003e88d7c4f21698a72edc5348641fc93c7e57ec681c85e2f147e,true,043059f7687705dc0fcb16d7e05b8050129e2c7cb97bd80b390e798ddecba724,5.439875272461005,4096,raw,raw,default,,1,ok,,3,3,4096,1.0,0.0,0.0,8.0,0.0,0.00020310399850131944,0.0001785340064088814,20.167008184102247,22.94240790529999,0.00020667999999979259,0.00018165000000003317,,true,true,043059f7687705dc0fcb16d7e05b8050129e2c7cb97bd80b390e798ddecba724,043059f7687705dc0fcb16d7e05b8050129e2c7cb97bd80b390e798ddecba724,,,,,,,,,,,,,,,,,,,,"[""stdlib:shutil.copyfile""]","{""family"":""multi_periodic"",""noise_density"":0.0,""seed"":1297748005,""size_requested"":4096}"
mathzip-benchmark-results-v1,20260724T025637Z-8563453d,quick,synthetic,datasets/synthetic/multi_periodic/s0000004096_n000p000_seed1297748005.bin,s0000004096_n000p000_seed1297748005.bin,CC0-1.0,python/mathzip_bench/synthetic.py and datasets/synthetic/manifest.json,datasets/synthetic/manifest.json,788cc7e3e85003e88d7c4f21698a72edc5348641fc93c7e57ec681c85e2f147e,true,043059f7687705dc0fcb16d7e05b8050129e2c7cb97bd80b390e798ddecba724,5.439875272461005,4096,gzip-fast,gzip,fast,,1,ok,,3,3,123,33.300813008130085,0.969970703125,96.9970703125,0.240234375,0.0,0.0026719739980762824,0.0024425410010735504,1.5329490492605695,1.6769421672756846,0.0020879999999996457,0.0018489999999999895,344064.0,true,true,71689ffa7f4ad4e8aa4196d9e5b2bc69d65a093a8bf1ea2d1ba4e246caf4215e,043059f7687705dc0fcb16d7e05b8050129e2c7cb97bd80b390e798ddecba724,,,,,,,,,,,,,,,,,,,,"[""'<external>/gzip' -d -c '<work>/archive.gz'"",""'<external>/gzip' -n -c -1 '<repo>/datasets/synthetic/multi_periodic/s0000004096_n000p000_seed1297748005.bin'""]","{""family"":""multi_periodic"",""noise_density"":0.0,""seed"":1297748005,""size_requested"":4096}"
mathzip-benchmark-results-v1,20260724T025637Z-8563453d,quick,synthetic,datasets/synthetic/multi_periodic/s0000004096_n000p000_seed1297748005.bin,s0000004096_n000p000_seed1297748005.bin,CC0-1.0,python/mathzip_bench/synthetic.py and datasets/synthetic/manifest.json,datasets/synthetic/manifest.json,788cc7e3e85003e88d7c4f21698a72edc5348641fc93c7e57ec681c85e2f147e,true,043059f7687705dc0fcb16d7e05b8050129e2c7cb97bd80b390e798ddecba724,5.439875272461005,4096,bzip2-fast,bzip2,fast,,1,ok,,3,3,210,19.504761904761907,0.94873046875,94.873046875,0.41015625,0.0,0.0033958029962377623,0.002732376000494696,1.2061948247698677,1.4990616222871302,0.0025900000000000922,0.002147000000000343,344064.0,true,true,0efb37431925745af0df4da2a8c5e2d193dd5472fc9bf82016db1ec0219473ff,043059f7687705dc0fcb16d7e05b8050129e2c7cb97bd80b390e798ddecba724,,,,,,,,,,,,,,,,,,,,"[""'<external>/bzip2' -c -1"",""'<external>/bzip2' -d -c '<work>/archive.bz2'""]","{""family"":""multi_periodic"",""noise_density"":0.0,""seed"":1297748005,""size_requested"":4096}"
mathzip-benchmark-results-v1,20260724T025637Z-8563453d,quick,synthetic,datasets/synthetic/multi_periodic/s0000004096_n000p000_seed1297748005.bin,s0000004096_n000p000_seed1297748005.bin,CC0-1.0,python/mathzip_bench/synthetic.py and datasets/synthetic/manifest.json,datasets/synthetic/manifest.json,788cc7e3e85003e88d7c4f21698a72edc5348641fc93c7e57ec681c85e2f147e,true,043059f7687705dc0fcb16d7e05b8050129e2c7cb97bd80b390e798ddecba724,5.439875272461005,4096,xz-fast,xz,fast,,1,ok,,3,3,152,26.94736842105263,0.962890625,96.2890625,0.296875,0.0,0.004607251001289114,0.003830870999081526,0.889033395153408,1.069208543169958,0.0032280000000000086,0.0022809999999999775,344064.0,true,true,238f8650409a64b4a76ec1140ad8ee384866cbf827c7394c374f4e682c8e2a26,043059f7687705dc0fcb16d7e05b8050129e2c7cb97bd80b390e798ddecba724,,,,,,,,,,,,,,,,,,,,"[""'<external>/xz' -c --threads=1 -1 '<repo>/datasets/synthetic/multi_periodic/s0000004096_n000p000_seed1297748005.bin'"",""'<external>/xz' -d -c --threads=1 '<work>/archive.xz'""]","{""family"":""multi_periodic"",""noise_density"":0.0,""seed"":1297748005,""size_requested"":4096}"
mathzip-benchmark-results-v1,20260724T025637Z-8563453d,quick,synthetic,datasets/synthetic/multi_periodic/s0000004096_n000p000_seed1297748005.bin,s0000004096_n000p000_seed1297748005.bin,CC0-1.0,python/mathzip_bench/synthetic.py and datasets/synthetic/manifest.json,datasets/synthetic/manifest.json,788cc7e3e85003e88d7c4f21698a72edc5348641fc93c7e57ec681c85e2f147e,true,043059f7687705dc0fcb16d7e05b8050129e2c7cb97bd80b390e798ddecba724,5.439875272461005,4096,zstd-fast,zstd,fast,,1,ok,,3,3,78,52.51282051282051,0.98095703125,98.095703125,0.15234375,0.0,0.004502749005041551,0.004030113996122964,0.9096665160358416,1.0163484218908991,0.004032999999999287,0.003579000000000221,360448.0,true,true,f75ecd74433d85ffc4400e44df93bed2c14dea2950115fd309ffc5aa7eb1f6aa,043059f7687705dc0fcb16d7e05b8050129e2c7cb97bd80b390e798ddecba724,,,,,,,,,,,,,,,,,,,,"[""'<external>/zstd' -q -d -c '<work>/archive.zst'"",""'<external>/zstd' -q -f -T1 -1 -c '<repo>/datasets/synthetic/multi_periodic/s0000004096_n000p000_seed1297748005.bin'""]","{""family"":""multi_periodic"",""noise_density"":0.0,""seed"":1297748005,""size_requested"":4096}"
mathzip-benchmark-results-v1,20260724T025637Z-8563453d,quick,synthetic,datasets/synthetic/multi_periodic/s0000004096_n000p000_seed1297748005.bin,s0000004096_n000p000_seed1297748005.bin,CC0-1.0,python/mathzip_bench/synthetic.py and datasets/synthetic/manifest.json,datasets/synthetic/manifest.json,788cc7e3e85003e88d7c4f21698a72edc5348641fc93c7e57ec681c85e2f147e,true,043059f7687705dc0fcb16d7e05b8050129e2c7cb97bd80b390e798ddecba724,5.439875272461005,4096,lz4-fast,lz4,fast,,1,ok,,3,3,100,40.96,0.9755859375,97.55859375,0.1953125,0.0,0.003027129998372402,0.0025843859984888695,1.3530968284157923,1.5849025657912534,0.002297999999999689,0.0020199999999999108,344064.0,true,true,becbfcd343a3e7092acedb4df5b5d4dc3906089415a415d264baaa1bc0299a55,043059f7687705dc0fcb16d7e05b8050129e2c7cb97bd80b390e798ddecba724,,,,,,,,,,,,,,,,,,,,"[""'<tmp>/mathzip-toolpkgs.3lRj8c/extracted/usr/bin/lz4' -q -d -f '<work>/archive.lz4' '<work>/restored.bin'"",""'<tmp>/mathzip-toolpkgs.3lRj8c/extracted/usr/bin/lz4' -q -f -1 '<repo>/datasets/synthetic/multi_periodic/s0000004096_n000p000_seed1297748005.bin' '<work>/archive.lz4'""]","{""family"":""multi_periodic"",""noise_density"":0.0,""seed"":1297748005,""size_requested"":4096}"
mathzip-benchmark-results-v1,20260724T025637Z-8563453d,quick,synthetic,datasets/synthetic/multi_periodic/s0000004096_n000p000_seed1297748005.bin,s0000004096_n000p000_seed1297748005.bin,CC0-1.0,python/mathzip_bench/synthetic.py and datasets/synthetic/manifest.json,datasets/synthetic/manifest.json,788cc7e3e85003e88d7c4f21698a72edc5348641fc93c7e57ec681c85e2f147e,true,043059f7687705dc0fcb16d7e05b8050129e2c7cb97bd80b390e798ddecba724,5.439875272461005,4096,brotli-fast,brotli,fast,,1,ok,,3,3,87,47.08045977011494,0.978759765625,97.8759765625,0.169921875,0.0,0.003907352998794522,0.003222387000278104,1.0482799995965755,1.2711074118802304,0.0032680000000002707,0.0026079999999999437,356352.0,true,true,d0057a8fb807381dd01cca2d1b0b87c8ad9583df423d956e75dacdc2afb89e94,043059f7687705dc0fcb16d7e05b8050129e2c7cb97bd80b390e798ddecba724,,,,,,,,,,,,,,,,,,,,"[""'<tmp>/mathzip-toolpkgs.3lRj8c/extracted/usr/bin/brotli' -f -d -o '<work>/restored.bin' '<work>/archive.br'"",""'<tmp>/mathzip-toolpkgs.3lRj8c/extracted/usr/bin/brotli' -f -q 4 -o '<work>/archive.br' '<repo>/datasets/synthetic/multi_periodic/s0000004096_n000p000_seed1297748005.bin'""]","{""family"":""multi_periodic"",""noise_density"":0.0,""seed"":1297748005,""size_requested"":4096}"
mathzip-benchmark-results-v1,20260724T025637Z-8563453d,quick,synthetic,datasets/synthetic/multi_periodic/s0000004096_n000p000_seed1297748005.bin,s0000004096_n000p000_seed1297748005.bin,CC0-1.0,python/mathzip_bench/synthetic.py and datasets/synthetic/manifest.json,datasets/synthetic/manifest.json,788cc7e3e85003e88d7c4f21698a72edc5348641fc93c7e57ec681c85e2f147e,true,043059f7687705dc0fcb16d7e05b8050129e2c7cb97bd80b390e798ddecba724,5.439875272461005,4096,7z-fast,7z,fast,,1,ok,,3,3,280,14.628571428571428,0.931640625,93.1640625,0.546875,0.0,0.009612601999833714,0.007081816998834256,0.42610731205461905,0.5783826383362132,0.00888999999999962,0.006336000000000119,397312.0,true,true,3f453c10200c76d211b54409d217feeed5777a70182ac8258d043665f187e36c,043059f7687705dc0fcb16d7e05b8050129e2c7cb97bd80b390e798ddecba724,,,,,,,,,,,,,,,,,,,,"[""'<tmp>/mathzip-toolpkgs.3lRj8c/extracted/usr/lib/7zip/7z' a -y -bd -bso0 -bsp0 -t7z -m0=lzma2 -mx=1 -mmt=1 '<work>/archive.7z' '<repo>/datasets/synthetic/multi_periodic/s0000004096_n000p000_seed1297748005.bin'"",""'<tmp>/mathzip-toolpkgs.3lRj8c/extracted/usr/lib/7zip/7z' e -so -bd -mmt=1 '<work>/archive.7z'""]","{""family"":""multi_periodic"",""noise_density"":0.0,""seed"":1297748005,""size_requested"":4096}"
mathzip-benchmark-results-v1,20260724T025637Z-8563453d,quick,synthetic,datasets/synthetic/periodic/s0000004096_n000p000_seed1297748005.bin,s0000004096_n000p000_seed1297748005.bin,CC0-1.0,python/mathzip_bench/synthetic.py and datasets/synthetic/manifest.json,datasets/synthetic/manifest.json,788cc7e3e85003e88d7c4f21698a72edc5348641fc93c7e57ec681c85e2f147e,true,8915369e240a7c1e4e01beaa91ef99ca933311ed3ec5dc26147876e63bfcce31,2.8073546641885185,4096,mathzip-fast,mathzip,fast,,1,ok,,3,3,165,24.824242424242424,0.959716796875,95.9716796875,0.322265625,0.0,0.006632233002164867,0.005852315000083763,0.6175898824216519,0.6998939735713772,0.005762999999999963,0.0034480000000005617,425984.0,true,true,8bbe1431d7706b4f0b8a785ec7420ede55c71954d01a1e8f8a74f6ac466678c9,8915369e240a7c1e4e01beaa91ef99ca933311ed3ec5dc26147876e63bfcce31,"[{""type"":""identity""}]",1,4096.0,4096.0,"{""periodic"":1}","{""sparse"":1}",8,36,1,120,0.0,0.0,0.0,1,1,1,0.00023846,0.000112447,0.001996216,"[""'<repo>/target/release/mathzip' compress --mode fast --max-input-bytes 8589934592 --no-sync --force '<repo>/datasets/synthetic/periodic/s0000004096_n000p000_seed1297748005.bin' '<work>/archive.mz'"",""'<repo>/target/release/mathzip' compress --mode fast --max-input-bytes 8589934592 --no-sync --force --metrics-output '<work>/metrics-probe.mz.metrics.json' '<repo>/datasets/synthetic/periodic/s0000004096_n000p000_seed1297748005.bin' '<work>/metrics-probe.mz'"",""'<repo>/target/release/mathzip' decompress --max-archive-bytes 17179869184 --max-output-bytes 8589934592 --max-segments 8388608 --no-sync --force '<work>/archive.mz' '<work>/restored.bin'""]","{""family"":""periodic"",""noise_density"":0.0,""seed"":1297748005,""size_requested"":4096}"
mathzip-benchmark-results-v1,20260724T025637Z-8563453d,quick,synthetic,datasets/synthetic/periodic/s0000004096_n000p000_seed1297748005.bin,s0000004096_n000p000_seed1297748005.bin,CC0-1.0,python/mathzip_bench/synthetic.py and datasets/synthetic/manifest.json,datasets/synthetic/manifest.json,788cc7e3e85003e88d7c4f21698a72edc5348641fc93c7e57ec681c85e2f147e,true,8915369e240a7c1e4e01beaa91ef99ca933311ed3ec5dc26147876e63bfcce31,2.8073546641885185,4096,raw,raw,default,,1,ok,,3,3,4096,1.0,0.0,0.0,8.0,0.0,0.00020980399858672172,0.00021179699979256839,19.522983487404474,19.339273002032968,0.00021357299999991142,0.00021510099999977328,,true,true,8915369e240a7c1e4e01beaa91ef99ca933311ed3ec5dc26147876e63bfcce31,8915369e240a7c1e4e01beaa91ef99ca933311ed3ec5dc26147876e63bfcce31,,,,,,,,,,,,,,,,,,,,"[""stdlib:shutil.copyfile""]","{""family"":""periodic"",""noise_density"":0.0,""seed"":1297748005,""size_requested"":4096}"
mathzip-benchmark-results-v1,20260724T025637Z-8563453d,quick,synthetic,datasets/synthetic/periodic/s0000004096_n000p000_seed1297748005.bin,s0000004096_n000p000_seed1297748005.bin,CC0-1.0,python/mathzip_bench/synthetic.py and datasets/synthetic/manifest.json,datasets/synthetic/manifest.json,788cc7e3e85003e88d7c4f21698a72edc5348641fc93c7e57ec681c85e2f147e,true,8915369e240a7c1e4e01beaa91ef99ca933311ed3ec5dc26147876e63bfcce31,2.8073546641885185,4096,gzip-fast,gzip,fast,,1,ok,,3,3,69,59.36231884057971,0.983154296875,98.3154296875,0.134765625,0.0,0.0042339979991083965,0.0035584509969339706,0.967407164779611,1.1510626403255775,0.0022249999999992554,0.001967000000000496,346112.0,true,true,7037c8ff6643108af0aba71879ef4e7885c9125eb849dfafe77be6e8bb2c73cd,8915369e240a7c1e4e01beaa91ef99ca933311ed3ec5dc26147876e63bfcce31,,,,,,,,,,,,,,,,,,,,"[""'<external>/gzip' -d -c '<work>/archive.gz'"",""'<external>/gzip' -n -c -1 '<repo>/datasets/synthetic/periodic/s0000004096_n000p000_seed1297748005.bin'""]","{""family"":""periodic"",""noise_density"":0.0,""seed"":1297748005,""size_requested"":4096}"
mathzip-benchmark-results-v1,20260724T025637Z-8563453d,quick,synthetic,datasets/synthetic/periodic/s0000004096_n000p000_seed1297748005.bin,s0000004096_n000p000_seed1297748005.bin,CC0-1.0,python/mathzip_bench/synthetic.py and datasets/synthetic/manifest.json,datasets/synthetic/manifest.json,788cc7e3e85003e88d7c4f21698a72edc5348641fc93c7e57ec681c85e2f147e,true,8915369e240a7c1e4e01beaa91ef99ca933311ed3ec5dc26147876e63bfcce31,2.8073546641885185,4096,bzip2-fast,bzip2,fast,,1,ok,,3,3,57,71.85964912280701,0.986083984375,98.6083984375,0.111328125,0.0,0.003272145004302729,0.0026062270044349134,1.251778266126329,1.5716205814113655,0.002618000000000009,0.0020290000000002806,360448.0,true,true,585e65af35454d106275242e8cbc7c6775decb4088e97238476d1072662057a9,8915369e240a7c1e4e01beaa91ef99ca933311ed3ec5dc26147876e63bfcce31,,,,,,,,,,,,,,,,,,,,"[""'<external>/bzip2' -c -1"",""'<external>/bzip2' -d -c '<work>/archive.bz2'""]","{""family"":""periodic"",""noise_density"":0.0,""seed"":1297748005,""size_requested"":4096}"
mathzip-benchmark-results-v1,20260724T025637Z-8563453d,quick,synthetic,datasets/synthetic/periodic/s0000004096_n000p000_seed1297748005.bin,s0000004096_n000p000_seed1297748005.bin,CC0-1.0,python/mathzip_bench/synthetic.py and datasets/synthetic/manifest.json,datasets/synthetic/manifest.json,788cc7e3e85003e88d7c4f21698a72edc5348641fc93c7e57ec681c85e2f147e,true,8915369e240a7c1e4e01beaa91ef99ca933311ed3ec5dc26147876e63bfcce31,2.8073546641885185,4096,xz-fast,xz,fast,,1,ok,,3,3,100,40.96,0.9755859375,97.55859375,0.1953125,0.0,0.005264819003059529,0.00370169899542816,0.7779944567172591,1.1065189268654279,0.002519000000000382,0.002287000000000816,356352.0,true,true,896e0ab32f16429371224cadc44b59c0c6b516c92292d2e0b388ee61b88f66a4,8915369e240a7c1e4e01beaa91ef99ca933311ed3ec5dc26147876e63bfcce31,,,,,,,,,,,,,,,,,,,,"[""'<external>/xz' -c --threads=1 -1 '<repo>/datasets/synthetic/periodic/s0000004096_n000p000_seed1297748005.bin'"",""'<external>/xz' -d -c --threads=1 '<work>/archive.xz'""]","{""family"":""periodic"",""noise_density"":0.0,""seed"":1297748005,""size_requested"":4096}"
mathzip-benchmark-results-v1,20260724T025637Z-8563453d,quick,synthetic,datasets/synthetic/periodic/s0000004096_n000p000_seed1297748005.bin,s0000004096_n000p000_seed1297748005.bin,CC0-1.0,python/mathzip_bench/synthetic.py and datasets/synthetic/manifest.json,datasets/synthetic/manifest.json,788cc7e3e85003e88d7c4f21698a72edc5348641fc93c7e57ec681c85e2f147e,true,8915369e240a7c1e4e01beaa91ef99ca933311ed3ec5dc26147876e63bfcce31,2.8073546641885185,4096,zstd-fast,zstd,fast,,1,ok,,3,3,28,146.28571428571428,0.9931640625,99.31640625,0.0546875,0.0,0.004331248004746158,0.005162975001439918,0.9456858613294887,0.793341048302123,0.0035360000000004277,0.0034440000000000026,991232.0,true,true,da780b1d07e6d25090e81cd8f1f0c6c0232eb30c1fde93c4a7b0472c331dd842,8915369e240a7c1e4e01beaa91ef99ca933311ed3ec5dc26147876e63bfcce31,,,,,,,,,,,,,,,,,,,,"[""'<external>/zstd' -q -d -c '<work>/archive.zst'"",""'<external>/zstd' -q -f -T1 -1 -c '<repo>/datasets/synthetic/periodic/s0000004096_n000p000_seed1297748005.bin'""]","{""family"":""periodic"",""noise_density"":0.0,""seed"":1297748005,""size_requested"":4096}"
mathzip-benchmark-results-v1,20260724T025637Z-8563453d,quick,synthetic,datasets/synthetic/periodic/s0000004096_n000p000_seed1297748005.bin,s0000004096_n000p000_seed1297748005.bin,CC0-1.0,python/mathzip_bench/synthetic.py and datasets/synthetic/manifest.json,datasets/synthetic/manifest.json,788cc7e3e85003e88d7c4f21698a72edc5348641fc93c7e57ec681c85e2f147e,true,8915369e240a7c1e4e01beaa91ef99ca933311ed3ec5dc26147876e63bfcce31,2.8073546641885185,4096,lz4-fast,lz4,fast,,1,ok,,3,3,51,80.31372549019608,0.987548828125,98.7548828125,0.099609375,0.0,0.0026164850060013123,0.0025190429951180704,1.565458999614059,1.6260143268447929,0.0019569999999999865,0.0018560000000000798,339968.0,true,true,e467c7e8dcb1bff73846528bfc35e60b71b5ab42846683c9a5b3253320364cda,8915369e240a7c1e4e01beaa91ef99ca933311ed3ec5dc26147876e63bfcce31,,,,,,,,,,,,,,,,,,,,"[""'<tmp>/mathzip-toolpkgs.3lRj8c/extracted/usr/bin/lz4' -q -d -f '<work>/archive.lz4' '<work>/restored.bin'"",""'<tmp>/mathzip-toolpkgs.3lRj8c/extracted/usr/bin/lz4' -q -f -1 '<repo>/datasets/synthetic/periodic/s0000004096_n000p000_seed1297748005.bin' '<work>/archive.lz4'""]","{""family"":""periodic"",""noise_density"":0.0,""seed"":1297748005,""size_requested"":4096}"
mathzip-benchmark-results-v1,20260724T025637Z-8563453d,quick,synthetic,datasets/synthetic/periodic/s0000004096_n000p000_seed1297748005.bin,s0000004096_n000p000_seed1297748005.bin,CC0-1.0,python/mathzip_bench/synthetic.py and datasets/synthetic/manifest.json,datasets/synthetic/manifest.json,788cc7e3e85003e88d7c4f21698a72edc5348641fc93c7e57ec681c85e2f147e,true,8915369e240a7c1e4e01beaa91ef99ca933311ed3ec5dc26147876e63bfcce31,2.8073546641885185,4096,brotli-fast,brotli,fast,,1,ok,,3,3,20,204.8,0.9951171875,99.51171875,0.0390625,0.0,0.004974798001057934,0.0031925400035106577,0.823350013232487,1.2829909712942853,0.0029079999999996886,0.0025770000000004956,348160.0,true,true,025d3fa30e41e9fbd9dea2db4f8345102018fd28bd00c4cd42098f8accd06020,8915369e240a7c1e4e01beaa91ef99ca933311ed3ec5dc26147876e63bfcce31,,,,,,,,,,,,,,,,,,,,"[""'<tmp>/mathzip-toolpkgs.3lRj8c/extracted/usr/bin/brotli' -f -d -o '<work>/restored.bin' '<work>/archive.br'"",""'<tmp>/mathzip-toolpkgs.3lRj8c/extracted/usr/bin/brotli' -f -q 4 -o '<work>/archive.br' '<repo>/datasets/synthetic/periodic/s0000004096_n000p000_seed1297748005.bin'""]","{""family"":""periodic"",""noise_density"":0.0,""seed"":1297748005,""size_requested"":4096}"
mathzip-benchmark-results-v1,20260724T025637Z-8563453d,quick,synthetic,datasets/synthetic/periodic/s0000004096_n000p000_seed1297748005.bin,s0000004096_n000p000_seed1297748005.bin,CC0-1.0,python/mathzip_bench/synthetic.py and datasets/synthetic/manifest.json,datasets/synthetic/manifest.json,788cc7e3e85003e88d7c4f21698a72edc5348641fc93c7e57ec681c85e2f147e,true,8915369e240a7c1e4e01beaa91ef99ca933311ed3ec5dc26147876e63bfcce31,2.8073546641885185,4096,7z-fast,7z,fast,,1,ok,,3,3,227,18.044052863436125,0.944580078125,94.4580078125,0.443359375,0.0,0.009902100995532237,0.007697993998590391,0.4136495882892013,0.5320866709885762,0.008871000000000073,0.006068999999999214,397312.0,true,true,e9c77062d52736b631abb9edd42dce51897d980e702687005b1df1f96412c7bb,8915369e240a7c1e4e01beaa91ef99ca933311ed3ec5dc26147876e63bfcce31,,,,,,,,,,,,,,,,,,,,"[""'<tmp>/mathzip-toolpkgs.3lRj8c/extracted/usr/lib/7zip/7z' a -y -bd -bso0 -bsp0 -t7z -m0=lzma2 -mx=1 -mmt=1 '<work>/archive.7z' '<repo>/datasets/synthetic/periodic/s0000004096_n000p000_seed1297748005.bin'"",""'<tmp>/mathzip-toolpkgs.3lRj8c/extracted/usr/lib/7zip/7z' e -so -bd -mmt=1 '<work>/archive.7z'""]","{""family"":""periodic"",""noise_density"":0.0,""seed"":1297748005,""size_requested"":4096}"
mathzip-benchmark-results-v1,20260724T025637Z-8563453d,quick,synthetic,datasets/synthetic/periodic/s0000004096_n005p000_seed1297748005.bin,s0000004096_n005p000_seed1297748005.bin,CC0-1.0,python/mathzip_bench/synthetic.py and datasets/synthetic/manifest.json,datasets/synthetic/manifest.json,788cc7e3e85003e88d7c4f21698a72edc5348641fc93c7e57ec681c85e2f147e,true,e2567917572929030362d6cbc216ef78565e29067bdc1676914bee20725cefc8,3.2975967729040656,4096,mathzip-fast,mathzip,fast,,1,ok,,3,3,1686,2.4294187425860025,0.58837890625,58.837890625,3.29296875,0.0,0.006353506003506482,0.0040420139994239435,0.6446834232531502,1.013356213161001,0.0055629999999995405,0.003187000000000495,1325056.0,true,true,13790c33b20608531ba23f996a065d995bb0f39e6cb9001544196bd1e36e8aca,e2567917572929030362d6cbc216ef78565e29067bdc1676914bee20725cefc8,"[{""type"":""identity""}]",1,4096.0,4096.0,"{""periodic"":1}","{""sparse"":1}",8,36,1522,120,0.0,0.0,1.1927574792013107,1522,1,0,0.00026679,0.000107014,0.001944132,"[""'<repo>/target/release/mathzip' compress --mode fast --max-input-bytes 8589934592 --no-sync --force '<repo>/datasets/synthetic/periodic/s0000004096_n005p000_seed1297748005.bin' '<work>/archive.mz'"",""'<repo>/target/release/mathzip' compress --mode fast --max-input-bytes 8589934592 --no-sync --force --metrics-output '<work>/metrics-probe.mz.metrics.json' '<repo>/datasets/synthetic/periodic/s0000004096_n005p000_seed1297748005.bin' '<work>/metrics-probe.mz'"",""'<repo>/target/release/mathzip' decompress --max-archive-bytes 17179869184 --max-output-bytes 8589934592 --max-segments 8388608 --no-sync --force '<work>/archive.mz' '<work>/restored.bin'""]","{""family"":""periodic"",""noise_density"":0.05,""seed"":1297748005,""size_requested"":4096}"
mathzip-benchmark-results-v1,20260724T025637Z-8563453d,quick,synthetic,datasets/synthetic/periodic/s0000004096_n005p000_seed1297748005.bin,s0000004096_n005p000_seed1297748005.bin,CC0-1.0,python/mathzip_bench/synthetic.py and datasets/synthetic/manifest.json,datasets/synthetic/manifest.json,788cc7e3e85003e88d7c4f21698a72edc5348641fc93c7e57ec681c85e2f147e,true,e2567917572929030362d6cbc216ef78565e29067bdc1676914bee20725cefc8,3.2975967729040656,4096,raw,raw,default,,1,ok,,3,3,4096,1.0,0.0,0.0,8.0,0.0,0.00020930999744450673,0.00018702299712458625,19.569060484490002,21.901049940245745,0.00021305800000037678,0.0001902160000000208,,true,true,e2567917572929030362d6cbc216ef78565e29067bdc1676914bee20725cefc8,e2567917572929030362d6cbc216ef78565e29067bdc1676914bee20725cefc8,,,,,,,,,,,,,,,,,,,,"[""stdlib:shutil.copyfile""]","{""family"":""periodic"",""noise_density"":0.05,""seed"":1297748005,""size_requested"":4096}"
mathzip-benchmark-results-v1,20260724T025637Z-8563453d,quick,synthetic,datasets/synthetic/periodic/s0000004096_n005p000_seed1297748005.bin,s0000004096_n005p000_seed1297748005.bin,CC0-1.0,python/mathzip_bench/synthetic.py and datasets/synthetic/manifest.json,datasets/synthetic/manifest.json,788cc7e3e85003e88d7c4f21698a72edc5348641fc93c7e57ec681c85e2f147e,true,e2567917572929030362d6cbc216ef78565e29067bdc1676914bee20725cefc8,3.2975967729040656,4096,gzip-fast,gzip,fast,,1,ok,,3,3,846,4.84160756501182,0.79345703125,79.345703125,1.65234375,0.0,0.0028785800022887997,0.0024643819997436367,1.4229238015768928,1.662079986149102,0.0022409999999997154,0.0018919999999997827,739328.0,true,true,577e499306c2534e21f37e90eb923db0f6717633523ed8184c59999c795f10fd,e2567917572929030362d6cbc216ef78565e29067bdc1676914bee20725cefc8,,,,,,,,,,,,,,,,,,,,"[""'<external>/gzip' -d -c '<work>/archive.gz'"",""'<external>/gzip' -n -c -1 '<repo>/datasets/synthetic/periodic/s0000004096_n005p000_seed1297748005.bin'""]","{""family"":""periodic"",""noise_density"":0.05,""seed"":1297748005,""size_requested"":4096}"
mathzip-benchmark-results-v1,20260724T025637Z-8563453d,quick,synthetic,datasets/synthetic/periodic/s0000004096_n005p000_seed1297748005.bin,s0000004096_n005p000_seed1297748005.bin,CC0-1.0,python/mathzip_bench/synthetic.py and datasets/synthetic/manifest.json,datasets/synthetic/manifest.json,788cc7e3e85003e88d7c4f21698a72edc5348641fc93c7e57ec681c85e2f147e,true,e2567917572929030362d6cbc216ef78565e29067bdc1676914bee20725cefc8,3.2975967729040656,4096,bzip2-fast,bzip2,fast,,1,ok,,3,3,761,5.382391590013141,0.814208984375,81.4208984375,1.486328125,0.0,0.003897408001648728,0.002766386001894716,1.0509548906009485,1.4806321305828696,0.0027960000000000207,0.0021399999999998087,1490944.0,true,true,24f6a66dae04f1fabf8213d1d3a6b625c635122b8624d295055bc728bf88b458,e2567917572929030362d6cbc216ef78565e29067bdc1676914bee20725cefc8,,,,,,,,,,,,,,,,,,,,"[""'<external>/bzip2' -c -1"",""'<external>/bzip2' -d -c '<work>/archive.bz2'""]","{""family"":""periodic"",""noise_density"":0.05,""seed"":1297748005,""size_requested"":4096}"
mathzip-benchmark-results-v1,20260724T025637Z-8563453d,quick,synthetic,datasets/synthetic/periodic/s0000004096_n005p000_seed1297748005.bin,s0000004096_n005p000_seed1297748005.bin,CC0-1.0,python/mathzip_bench/synthetic.py and datasets/synthetic/manifest.json,datasets/synthetic/manifest.json,788cc7e3e85003e88d7c4f21698a72edc5348641fc93c7e57ec681c85e2f147e,true,e2567917572929030362d6cbc216ef78565e29067bdc1676914bee20725cefc8,3.2975967729040656,4096,xz-fast,xz,fast,,1,ok,,3,3,628,6.522292993630574,0.8466796875,84.66796875,1.2265625,0.0,0.008159528006217442,0.005080823000753298,0.501989820597332,0.8061686068167921,0.006876000000000104,0.0023860000000004433,352256.0,true,true,3577b5ab4852370ebcefb8e623a756f6d63ecc7a60304e8873dbd76952921857,e2567917572929030362d6cbc216ef78565e29067bdc1676914bee20725cefc8,,,,,,,,,,,,,,,,,,,,"[""'<external>/xz' -c --threads=1 -1 '<repo>/datasets/synthetic/periodic/s0000004096_n005p000_seed1297748005.bin'"",""'<external>/xz' -d -c --threads=1 '<work>/archive.xz'""]","{""family"":""periodic"",""noise_density"":0.05,""seed"":1297748005,""size_requested"":4096}"
mathzip-benchmark-results-v1,20260724T025637Z-8563453d,quick,synthetic,datasets/synthetic/periodic/s0000004096_n005p000_seed1297748005.bin,s0000004096_n005p000_seed1297748005.bin,CC0-1.0,python/mathzip_bench/synthetic.py and datasets/synthetic/manifest.json,datasets/synthetic/manifest.json,788cc7e3e85003e88d7c4f21698a72edc5348641fc93c7e57ec681c85e2f147e,true,e2567917572929030362d6cbc216ef78565e29067bdc1676914bee20725cefc8,3.2975967729040656,4096,zstd-fast,zstd,fast,,1,ok,,3,3,708,5.785310734463277,0.8271484375,82.71484375,1.3828125,0.0,0.004871563993219752,0.004413262999150902,0.8407977408694245,0.9281114678160031,0.0039839999999999876,0.003777999999999615,344064.0,true,true,d5221ada332075ddbbda3e7ffb4adddaabd9dbba56f38f3fa5c556519c4de6cc,e2567917572929030362d6cbc216ef78565e29067bdc1676914bee20725cefc8,,,,,,,,,,,,,,,,,,,,"[""'<external>/zstd' -q -d -c '<work>/archive.zst'"",""'<external>/zstd' -q -f -T1 -1 -c '<repo>/datasets/synthetic/periodic/s0000004096_n005p000_seed1297748005.bin'""]","{""family"":""periodic"",""noise_density"":0.05,""seed"":1297748005,""size_requested"":4096}"
mathzip-benchmark-results-v1,20260724T025637Z-8563453d,quick,synthetic,datasets/synthetic/periodic/s0000004096_n005p000_seed1297748005.bin,s0000004096_n005p000_seed1297748005.bin,CC0-1.0,python/mathzip_bench/synthetic.py and datasets/synthetic/manifest.json,datasets/synthetic/manifest.json,788cc7e3e85003e88d7c4f21698a72edc5348641fc93c7e57ec681c85e2f147e,true,e2567917572929030362d6cbc216ef78565e29067bdc1676914bee20725cefc8,3.2975967729040656,4096,lz4-fast,lz4,fast,,1,ok,,3,3,1227,3.3382233088834554,0.700439453125,70.0439453125,2.396484375,0.0,0.003371710998180788,0.002502693001588341,1.2148134885255597,1.6366370135691684,0.002029999999999532,0.0019610000000005456,1005568.0,true,true,40fb44a1b33b539432bde338a134b7fa0586ee63eb49d14e6fdede67d74625f4,e2567917572929030362d6cbc216ef78565e29067bdc1676914bee20725cefc8,,,,,,,,,,,,,,,,,,,,"[""'<tmp>/mathzip-toolpkgs.3lRj8c/extracted/usr/bin/lz4' -q -d -f '<work>/archive.lz4' '<work>/restored.bin'"",""'<tmp>/mathzip-toolpkgs.3lRj8c/extracted/usr/bin/lz4' -q -f -1 '<repo>/datasets/synthetic/periodic/s0000004096_n005p000_seed1297748005.bin' '<work>/archive.lz4'""]","{""family"":""periodic"",""noise_density"":0.05,""seed"":1297748005,""size_requested"":4096}"
mathzip-benchmark-results-v1,20260724T025637Z-8563453d,quick,synthetic,datasets/synthetic/periodic/s0000004096_n005p000_seed1297748005.bin,s0000004096_n005p000_seed1297748005.bin,CC0-1.0,python/mathzip_bench/synthetic.py and datasets/synthetic/manifest.json,datasets/synthetic/manifest.json,788cc7e3e85003e88d7c4f21698a72edc5348641fc93c7e57ec681c85e2f147e,true,e2567917572929030362d6cbc216ef78565e29067bdc1676914bee20725cefc8,3.2975967729040656,4096,brotli-fast,brotli,fast,,1,ok,,3,3,671,6.104321907600596,0.836181640625,83.6181640625,1.310546875,0.0,0.004718522002804093,0.0031318940018536523,0.8680684327774365,1.3078348110043727,0.003979000000000177,0.002601999999999549,2850816.0,true,true,4784128c118272d8ecdbada58d503945967b519cc0d189123fc434dd1967eae9,e2567917572929030362d6cbc216ef78565e29067bdc1676914bee20725cefc8,,,,,,,,,,,,,,,,,,,,"[""'<tmp>/mathzip-toolpkgs.3lRj8c/extracted/usr/bin/brotli' -f -d -o '<work>/restored.bin' '<work>/archive.br'"",""'<tmp>/mathzip-toolpkgs.3lRj8c/extracted/usr/bin/brotli' -f -q 4 -o '<work>/archive.br' '<repo>/datasets/synthetic/periodic/s0000004096_n005p000_seed1297748005.bin'""]","{""family"":""periodic"",""noise_density"":0.05,""seed"":1297748005,""size_requested"":4096}"
mathzip-benchmark-results-v1,20260724T025637Z-8563453d,quick,synthetic,datasets/synthetic/periodic/s0000004096_n005p000_seed1297748005.bin,s0000004096_n005p000_seed1297748005.bin,CC0-1.0,python/mathzip_bench/synthetic.py and datasets/synthetic/manifest.json,datasets/synthetic/manifest.json,788cc7e3e85003e88d7c4f21698a72edc5348641fc93c7e57ec681c85e2f147e,true,e2567917572929030362d6cbc216ef78565e29067bdc1676914bee20725cefc8,3.2975967729040656,4096,7z-fast,7z,fast,,1,ok,,3,3,759,5.396574440052701,0.814697265625,81.4697265625,1.482421875,0.0,0.009751386001880746,0.007769306997943204,0.42004285331439095,0.5272027480809226,0.00912899999999972,0.006762999999999408,405504.0,true,true,ced53521e7d48665f5ea963c52c35778b45cb3dfdc3e53681be8e64c06ff74cc,e2567917572929030362d6cbc216ef78565e29067bdc1676914bee20725cefc8,,,,,,,,,,,,,,,,,,,,"[""'<tmp>/mathzip-toolpkgs.3lRj8c/extracted/usr/lib/7zip/7z' a -y -bd -bso0 -bsp0 -t7z -m0=lzma2 -mx=1 -mmt=1 '<work>/archive.7z' '<repo>/datasets/synthetic/periodic/s0000004096_n005p000_seed1297748005.bin'"",""'<tmp>/mathzip-toolpkgs.3lRj8c/extracted/usr/lib/7zip/7z' e -so -bd -mmt=1 '<work>/archive.7z'""]","{""family"":""periodic"",""noise_density"":0.05,""seed"":1297748005,""size_requested"":4096}"
mathzip-benchmark-results-v1,20260724T025637Z-8563453d,quick,synthetic,datasets/synthetic/piecewise_mixed/s0000004096_n000p000_seed1297748005.bin,s0000004096_n000p000_seed1297748005.bin,CC0-1.0,python/mathzip_bench/synthetic.py and datasets/synthetic/manifest.json,datasets/synthetic/manifest.json,788cc7e3e85003e88d7c4f21698a72edc5348641fc93c7e57ec681c85e2f147e,true,d457c5766accb381882199def16f9ea00d16b8d49f10183a0b3d0f20f6dccd46,6.871983942080938,4096,mathzip-fast,mathzip,fast,,1,ok,,3,3,2910,1.4075601374570448,0.28955078125,28.955078125,5.68359375,0.0,0.006617722996452358,0.00382648799859453,0.6189440087165619,1.0704332540712167,0.005797999999999526,0.0031599999999993855,425984.0,true,true,e7c8e54ac67003b5270176a719631290d65497a346b8b028b772cb3c16245c04,d457c5766accb381882199def16f9ea00d16b8d49f10183a0b3d0f20f6dccd46,"[{""type"":""delta""}]",1,4096.0,4096.0,"{""recurrence"":1}","{""zero_run"":1}",5,36,2749,120,0.0,0.0,4.896147114253734,2749,1,0,0.000275616,0.000114144,0.001907077,"[""'<repo>/target/release/mathzip' compress --mode fast --max-input-bytes 8589934592 --no-sync --force '<repo>/datasets/synthetic/piecewise_mixed/s0000004096_n000p000_seed1297748005.bin' '<work>/archive.mz'"",""'<repo>/target/release/mathzip' compress --mode fast --max-input-bytes 8589934592 --no-sync --force --metrics-output '<work>/metrics-probe.mz.metrics.json' '<repo>/datasets/synthetic/piecewise_mixed/s0000004096_n000p000_seed1297748005.bin' '<work>/metrics-probe.mz'"",""'<repo>/target/release/mathzip' decompress --max-archive-bytes 17179869184 --max-output-bytes 8589934592 --max-segments 8388608 --no-sync --force '<work>/archive.mz' '<work>/restored.bin'""]","{""family"":""piecewise_mixed"",""noise_density"":0.0,""seed"":1297748005,""size_requested"":4096}"
mathzip-benchmark-results-v1,20260724T025637Z-8563453d,quick,synthetic,datasets/synthetic/piecewise_mixed/s0000004096_n000p000_seed1297748005.bin,s0000004096_n000p000_seed1297748005.bin,CC0-1.0,python/mathzip_bench/synthetic.py and datasets/synthetic/manifest.json,datasets/synthetic/manifest.json,788cc7e3e85003e88d7c4f21698a72edc5348641fc93c7e57ec681c85e2f147e,true,d457c5766accb381882199def16f9ea00d16b8d49f10183a0b3d0f20f6dccd46,6.871983942080938,4096,raw,raw,default,,1,ok,,3,3,4096,1.0,0.0,0.0,8.0,0.0,0.00021624100190820172,0.00019004400382982567,18.941828625723936,21.55290310378722,0.00022015399999997243,0.00019331900000008062,,true,true,d457c5766accb381882199def16f9ea00d16b8d49f10183a0b3d0f20f6dccd46,d457c5766accb381882199def16f9ea00d16b8d49f10183a0b3d0f20f6dccd46,,,,,,,,,,,,,,,,,,,,"[""stdlib:shutil.copyfile""]","{""family"":""piecewise_mixed"",""noise_density"":0.0,""seed"":1297748005,""size_requested"":4096}"
mathzip-benchmark-results-v1,20260724T025637Z-8563453d,quick,synthetic,datasets/synthetic/piecewise_mixed/s0000004096_n000p000_seed1297748005.bin,s0000004096_n000p000_seed1297748005.bin,CC0-1.0,python/mathzip_bench/synthetic.py and datasets/synthetic/manifest.json,datasets/synthetic/manifest.json,788cc7e3e85003e88d7c4f21698a72edc5348641fc93c7e57ec681c85e2f147e,true,d457c5766accb381882199def16f9ea00d16b8d49f10183a0b3d0f20f6dccd46,6.871983942080938,4096,gzip-fast,gzip,fast,,1,ok,,3,3,1737,2.3580886586067935,0.575927734375,57.5927734375,3.392578125,0.0,0.0030099939976935275,0.002508399004000239,1.360800055793682,1.6329140593135116,0.0020259999999998612,0.0019020000000002923,344064.0,true,true,beb5f0f65148cb79c156d6fb8bb44de1ab719cf6c56045bba44527d381b344cb,d457c5766accb381882199def16f9ea00d16b8d49f10183a0b3d0f20f6dccd46,,,,,,,,,,,,,,,,,,,,"[""'<external>/gzip' -d -c '<work>/archive.gz'"",""'<external>/gzip' -n -c -1 '<repo>/datasets/synthetic/piecewise_mixed/s0000004096_n000p000_seed1297748005.bin'""]","{""family"":""piecewise_mixed"",""noise_density"":0.0,""seed"":1297748005,""size_requested"":4096}"
mathzip-benchmark-results-v1,20260724T025637Z-8563453d,quick,synthetic,datasets/synthetic/piecewise_mixed/s0000004096_n000p000_seed1297748005.bin,s0000004096_n000p000_seed1297748005.bin,CC0-1.0,python/mathzip_bench/synthetic.py and datasets/synthetic/manifest.json,datasets/synthetic/manifest.json,788cc7e3e85003e88d7c4f21698a72edc5348641fc93c7e57ec681c85e2f147e,true,d457c5766accb381882199def16f9ea00d16b8d49f10183a0b3d0f20f6dccd46,6.871983942080938,4096,bzip2-fast,bzip2,fast,,1,ok,,3,3,2459,1.6657177714518097,0.399658203125,39.9658203125,4.802734375,0.0,0.004131323999899905,0.005248172004939988,0.9914497144497112,0.7804622249698611,0.0036449999999996763,0.002411000000000385,344064.0,true,true,ae3c86d323485a27ea0fb512006866ec8d6387c5d3ed9d6849e167c8169a375c,d457c5766accb381882199def16f9ea00d16b8d49f10183a0b3d0f20f6dccd46,,,,,,,,,,,,,,,,,,,,"[""'<external>/bzip2' -c -1"",""'<external>/bzip2' -d -c '<work>/archive.bz2'""]","{""family"":""piecewise_mixed"",""noise_density"":0.0,""seed"":1297748005,""size_requested"":4096}"
mathzip-benchmark-results-v1,20260724T025637Z-8563453d,quick,synthetic,datasets/synthetic/piecewise_mixed/s0000004096_n000p000_seed1297748005.bin,s0000004096_n000p000_seed1297748005.bin,CC0-1.0,python/mathzip_bench/synthetic.py and datasets/synthetic/manifest.json,datasets/synthetic/manifest.json,788cc7e3e85003e88d7c4f21698a72edc5348641fc93c7e57ec681c85e2f147e,true,d457c5766accb381882199def16f9ea00d16b8d49f10183a0b3d0f20f6dccd46,6.871983942080938,4096,xz-fast,xz,fast,,1,ok,,3,3,1708,2.398126463700234,0.5830078125,58.30078125,3.3359375,0.0,0.009292424998420756,0.003841972997179255,0.440789137463699,1.0661188933413248,0.008320000000000327,0.002353999999999523,360448.0,true,true,fc7886222ee730c279e88bcc14b469cc37b705e02511c94f749d3fc259474baa,d457c5766accb381882199def16f9ea00d16b8d49f10183a0b3d0f20f6dccd46,,,,,,,,,,,,,,,,,,,,"[""'<external>/xz' -c --threads=1 -1 '<repo>/datasets/synthetic/piecewise_mixed/s0000004096_n000p000_seed1297748005.bin'"",""'<external>/xz' -d -c --threads=1 '<work>/archive.xz'""]","{""family"":""piecewise_mixed"",""noise_density"":0.0,""seed"":1297748005,""size_requested"":4096}"
mathzip-benchmark-results-v1,20260724T025637Z-8563453d,quick,synthetic,datasets/synthetic/piecewise_mixed/s0000004096_n000p000_seed1297748005.bin,s0000004096_n000p000_seed1297748005.bin,CC0-1.0,python/mathzip_bench/synthetic.py and datasets/synthetic/manifest.json,datasets/synthetic/manifest.json,788cc7e3e85003e88d7c4f21698a72edc5348641fc93c7e57ec681c85e2f147e,true,d457c5766accb381882199def16f9ea00d16b8d49f10183a0b3d0f20f6dccd46,6.871983942080938,4096,zstd-fast,zstd,fast,,1,ok,,3,3,1656,2.473429951690821,0.595703125,59.5703125,3.234375,0.0,0.004408016000525095,0.004059539001900703,0.9292162277795891,1.0089815612270816,0.0038930000000005904,0.0036399999999998656,344064.0,true,true,bf1fc8baddb96c1064e1019361356ef5445737fe5cbe87f9d51f97f95883ec17,d457c5766accb381882199def16f9ea00d16b8d49f10183a0b3d0f20f6dccd46,,,,,,,,,,,,,,,,,,,,"[""'<external>/zstd' -q -d -c '<work>/archive.zst'"",""'<external>/zstd' -q -f -T1 -1 -c '<repo>/datasets/synthetic/piecewise_mixed/s0000004096_n000p000_seed1297748005.bin'""]","{""family"":""piecewise_mixed"",""noise_density"":0.0,""seed"":1297748005,""size_requested"":4096}"
mathzip-benchmark-results-v1,20260724T025637Z-8563453d,quick,synthetic,datasets/synthetic/piecewise_mixed/s0000004096_n000p000_seed1297748005.bin,s0000004096_n000p000_seed1297748005.bin,CC0-1.0,python/mathzip_bench/synthetic.py and datasets/synthetic/manifest.json,datasets/synthetic/manifest.json,788cc7e3e85003e88d7c4f21698a72edc5348641fc93c7e57ec681c85e2f147e,true,d457c5766accb381882199def16f9ea00d16b8d49f10183a0b3d0f20f6dccd46,6.871983942080938,4096,lz4-fast,lz4,fast,,1,ok,,3,3,1684,2.4323040380047507,0.5888671875,58.88671875,3.2890625,0.0,0.002730476997385267,0.0027189119937247597,1.500104195685359,1.5064849503969069,0.002038999999999902,0.0020410000000001816,344064.0,true,true,984c20e3bd6f60e3c2f1f882fb3a0d34b91d3e57136c3b62d647c3878ffc0f0f,d457c5766accb381882199def16f9ea00d16b8d49f10183a0b3d0f20f6dccd46,,,,,,,,,,,,,,,,,,,,"[""'<tmp>/mathzip-toolpkgs.3lRj8c/extracted/usr/bin/lz4' -q -d -f '<work>/archive.lz4' '<work>/restored.bin'"",""'<tmp>/mathzip-toolpkgs.3lRj8c/extracted/usr/bin/lz4' -q -f -1 '<repo>/datasets/synthetic/piecewise_mixed/s0000004096_n000p000_seed1297748005.bin' '<work>/archive.lz4'""]","{""family"":""piecewise_mixed"",""noise_density"":0.0,""seed"":1297748005,""size_requested"":4096}"
mathzip-benchmark-results-v1,20260724T025637Z-8563453d,quick,synthetic,datasets/synthetic/piecewise_mixed/s0000004096_n000p000_seed1297748005.bin,s0000004096_n000p000_seed1297748005.bin,CC0-1.0,python/mathzip_bench/synthetic.py and datasets/synthetic/manifest.json,datasets/synthetic/manifest.json,788cc7e3e85003e88d7c4f21698a72edc5348641fc93c7e57ec681c85e2f147e,true,d457c5766accb381882199def16f9ea00d16b8d49f10183a0b3d0f20f6dccd46,6.871983942080938,4096,brotli-fast,brotli,fast,,1,ok,,3,3,2060,1.9883495145631067,0.4970703125,49.70703125,4.0234375,0.0,0.0044335600032354705,0.003421765002713073,0.9238625386846845,1.1970430455488132,0.003763000000000183,0.002747000000000277,344064.0,true,true,b01a32ea4f27ab3767e21aa416c12b5c183e5f21cee755f15c16d9ad37700ba2,d457c5766accb381882199def16f9ea00d16b8d49f10183a0b3d0f20f6dccd46,,,,,,,,,,,,,,,,,,,,"[""'<tmp>/mathzip-toolpkgs.3lRj8c/extracted/usr/bin/brotli' -f -d -o '<work>/restored.bin' '<work>/archive.br'"",""'<tmp>/mathzip-toolpkgs.3lRj8c/extracted/usr/bin/brotli' -f -q 4 -o '<work>/archive.br' '<repo>/datasets/synthetic/piecewise_mixed/s0000004096_n000p000_seed1297748005.bin'""]","{""family"":""piecewise_mixed"",""noise_density"":0.0,""seed"":1297748005,""size_requested"":4096}"
mathzip-benchmark-results-v1,20260724T025637Z-8563453d,quick,synthetic,datasets/synthetic/piecewise_mixed/s0000004096_n000p000_seed1297748005.bin,s0000004096_n000p000_seed1297748005.bin,CC0-1.0,python/mathzip_bench/synthetic.py and datasets/synthetic/manifest.json,datasets/synthetic/manifest.json,788cc7e3e85003e88d7c4f21698a72edc5348641fc93c7e57ec681c85e2f147e,true,d457c5766accb381882199def16f9ea00d16b8d49f10183a0b3d0f20f6dccd46,6.871983942080938,4096,7z-fast,7z,fast,,1,ok,,3,3,1837,2.2297223734349485,0.551513671875,55.1513671875,3.587890625,0.0,0.009186022005451377,0.006728315995133016,0.4458948604269899,0.6087704565247642,0.008563999999999794,0.006104999999999805,385024.0,true,true,7eda87722d646ca09afa8959744c10e2a7214e3a902dd066ce67d68dee138ea3,d457c5766accb381882199def16f9ea00d16b8d49f10183a0b3d0f20f6dccd46,,,,,,,,,,,,,,,,,,,,"[""'<tmp>/mathzip-toolpkgs.3lRj8c/extracted/usr/lib/7zip/7z' a -y -bd -bso0 -bsp0 -t7z -m0=lzma2 -mx=1 -mmt=1 '<work>/archive.7z' '<repo>/datasets/synthetic/piecewise_mixed/s0000004096_n000p000_seed1297748005.bin'"",""'<tmp>/mathzip-toolpkgs.3lRj8c/extracted/usr/lib/7zip/7z' e -so -bd -mmt=1 '<work>/archive.7z'""]","{""family"":""piecewise_mixed"",""noise_density"":0.0,""seed"":1297748005,""size_requested"":4096}"
mathzip-benchmark-results-v1,20260724T025637Z-8563453d,quick,synthetic,datasets/synthetic/polynomial_d2/s0000004096_n000p000_seed1297748005.bin,s0000004096_n000p000_seed1297748005.bin,CC0-1.0,python/mathzip_bench/synthetic.py and datasets/synthetic/manifest.json,datasets/synthetic/manifest.json,788cc7e3e85003e88d7c4f21698a72edc5348641fc93c7e57ec681c85e2f147e,true,5147e2303423a94c08035d3f27e8cea82037b0b129980dbe1ccbfbc9c20c7fa7,7.0,4096,mathzip-fast,mathzip,fast,,1,ok,,3,3,163,25.12883435582822,0.960205078125,96.0205078125,0.318359375,0.0,0.00696125299873529,0.0037729470059275627,0.5883998183580104,1.0856235175222175,0.005369999999999209,0.0031920000000003057,430080.0,true,true,813b9744be73c3409637b360ddf545cfccf26146aed2519acc28fcd753302ec1,5147e2303423a94c08035d3f27e8cea82037b0b129980dbe1ccbfbc9c20c7fa7,"[{""type"":""delta""}]",1,4096.0,4096.0,"{""affine"":1}","{""rle"":1}",2,36,5,120,0.0,0.0,0.0032818649698048933,5,1,1,0.000259663,0.000110597,0.001890296,"[""'<repo>/target/release/mathzip' compress --mode fast --max-input-bytes 8589934592 --no-sync --force '<repo>/datasets/synthetic/polynomial_d2/s0000004096_n000p000_seed1297748005.bin' '<work>/archive.mz'"",""'<repo>/target/release/mathzip' compress --mode fast --max-input-bytes 8589934592 --no-sync --force --metrics-output '<work>/metrics-probe.mz.metrics.json' '<repo>/datasets/synthetic/polynomial_d2/s0000004096_n000p000_seed1297748005.bin' '<work>/metrics-probe.mz'"",""'<repo>/target/release/mathzip' decompress --max-archive-bytes 17179869184 --max-output-bytes 8589934592 --max-segments 8388608 --no-sync --force '<work>/archive.mz' '<work>/restored.bin'""]","{""family"":""polynomial_d2"",""noise_density"":0.0,""seed"":1297748005,""size_requested"":4096}"
mathzip-benchmark-results-v1,20260724T025637Z-8563453d,quick,synthetic,datasets/synthetic/polynomial_d2/s0000004096_n000p000_seed1297748005.bin,s0000004096_n000p000_seed1297748005.bin,CC0-1.0,python/mathzip_bench/synthetic.py and datasets/synthetic/manifest.json,datasets/synthetic/manifest.json,788cc7e3e85003e88d7c4f21698a72edc5348641fc93c7e57ec681c85e2f147e,true,5147e2303423a94c08035d3f27e8cea82037b0b129980dbe1ccbfbc9c20c7fa7,7.0,4096,raw,raw,default,,1,ok,,3,3,4096,1.0,0.0,0.0,8.0,0.0,0.00021144600032130256,0.0001926810000441037,19.37137611388216,21.25793409346249,0.00021545199999994935,0.00019596800000032388,,true,true,5147e2303423a94c08035d3f27e8cea82037b0b129980dbe1ccbfbc9c20c7fa7,5147e2303423a94c08035d3f27e8cea82037b0b129980dbe1ccbfbc9c20c7fa7,,,,,,,,,,,,,,,,,,,,"[""stdlib:shutil.copyfile""]","{""family"":""polynomial_d2"",""noise_density"":0.0,""seed"":1297748005,""size_requested"":4096}"
mathzip-benchmark-results-v1,20260724T025637Z-8563453d,quick,synthetic,datasets/synthetic/polynomial_d2/s0000004096_n000p000_seed1297748005.bin,s0000004096_n000p000_seed1297748005.bin,CC0-1.0,python/mathzip_bench/synthetic.py and datasets/synthetic/manifest.json,datasets/synthetic/manifest.json,788cc7e3e85003e88d7c4f21698a72edc5348641fc93c7e57ec681c85e2f147e,true,5147e2303423a94c08035d3f27e8cea82037b0b129980dbe1ccbfbc9c20c7fa7,7.0,4096,gzip-fast,gzip,fast,,1,ok,,3,3,333,12.3003003003003,0.918701171875,91.8701171875,0.650390625,0.0,0.002597257000161335,0.0025438629963900894,1.5770484013501809,1.610149605467156,0.0019740000000005864,0.0017999999999993577,344064.0,true,true,d4121b1121304497e960d0c75d80ae603a2f31e0eef01d09fa275430fa54f73e,5147e2303423a94c08035d3f27e8cea82037b0b129980dbe1ccbfbc9c20c7fa7,,,,,,,,,,,,,,,,,,,,"[""'<external>/gzip' -d -c '<work>/archive.gz'"",""'<external>/gzip' -n -c -1 '<repo>/datasets/synthetic/polynomial_d2/s0000004096_n000p000_seed1297748005.bin'""]","{""family"":""polynomial_d2"",""noise_density"":0.0,""seed"":1297748005,""size_requested"":4096}"
mathzip-benchmark-results-v1,20260724T025637Z-8563453d,quick,synthetic,datasets/synthetic/polynomial_d2/s0000004096_n000p000_seed1297748005.bin,s0000004096_n000p000_seed1297748005.bin,CC0-1.0,python/mathzip_bench/synthetic.py and datasets/synthetic/manifest.json,datasets/synthetic/manifest.json,788cc7e3e85003e88d7c4f21698a72edc5348641fc93c7e57ec681c85e2f147e,true,5147e2303423a94c08035d3f27e8cea82037b0b129980dbe1ccbfbc9c20c7fa7,7.0,4096,bzip2-fast,bzip2,fast,,1,ok,,3,3,555,7.38018018018018,0.864501953125,86.4501953125,1.083984375,0.0,0.0032015539982239716,0.0027141519967699423,1.2793787024277001,1.509126977735428,0.0026519999999994326,0.0020720000000000738,348160.0,true,true,d5d0c25178cecf36da17242538db02718cf11deadd1b29b92d281da8a70f7ef6,5147e2303423a94c08035d3f27e8cea82037b0b129980dbe1ccbfbc9c20c7fa7,,,,,,,,,,,,,,,,,,,,"[""'<external>/bzip2' -c -1"",""'<external>/bzip2' -d -c '<work>/archive.bz2'""]","{""family"":""polynomial_d2"",""noise_density"":0.0,""seed"":1297748005,""size_requested"":4096}"
mathzip-benchmark-results-v1,20260724T025637Z-8563453d,quick,synthetic,datasets/synthetic/polynomial_d2/s0000004096_n000p000_seed1297748005.bin,s0000004096_n000p000_seed1297748005.bin,CC0-1.0,python/mathzip_bench/synthetic.py and datasets/synthetic/manifest.json,datasets/synthetic/manifest.json,788cc7e3e85003e88d7c4f21698a72edc5348641fc93c7e57ec681c85e2f147e,true,5147e2303423a94c08035d3f27e8cea82037b0b129980dbe1ccbfbc9c20c7fa7,7.0,4096,xz-fast,xz,fast,,1,ok,,3,3,360,11.377777777777778,0.912109375,91.2109375,0.703125,0.0,0.00594562100013718,0.0038745459969504736,0.6889103762088931,1.0571561166711727,0.004744000000000526,0.0023799999999996047,344064.0,true,true,d46f22c54842e337ffc6fcaf59bc9e7e749fae8696c425792ad06b54d9e47992,5147e2303423a94c08035d3f27e8cea82037b0b129980dbe1ccbfbc9c20c7fa7,,,,,,,,,,,,,,,,,,,,"[""'<external>/xz' -c --threads=1 -1 '<repo>/datasets/synthetic/polynomial_d2/s0000004096_n000p000_seed1297748005.bin'"",""'<external>/xz' -d -c --threads=1 '<work>/archive.xz'""]","{""family"":""polynomial_d2"",""noise_density"":0.0,""seed"":1297748005,""size_requested"":4096}"
mathzip-benchmark-results-v1,20260724T025637Z-8563453d,quick,synthetic,datasets/synthetic/polynomial_d2/s0000004096_n000p000_seed1297748005.bin,s0000004096_n000p000_seed1297748005.bin,CC0-1.0,python/mathzip_bench/synthetic.py and datasets/synthetic/manifest.json,datasets/synthetic/manifest.json,788cc7e3e85003e88d7c4f21698a72edc5348641fc93c7e57ec681c85e2f147e,true,5147e2303423a94c08035d3f27e8cea82037b0b129980dbe1ccbfbc9c20c7fa7,7.0,4096,zstd-fast,zstd,fast,,1,ok,,3,3,280,14.628571428571428,0.931640625,93.1640625,0.546875,0.0,0.004115178999199998,0.0043723779963329434,0.9953394495831831,0.9367900038457933,0.00370199999999965,0.0039000000000006807,348160.0,true,true,3aca3cc2dfccccc51523678c3e77e7487a4b4751b11849d9336a39e0e04fe76f,5147e2303423a94c08035d3f27e8cea82037b0b129980dbe1ccbfbc9c20c7fa7,,,,,,,,,,,,,,,,,,,,"[""'<external>/zstd' -q -d -c '<work>/archive.zst'"",""'<external>/zstd' -q -f -T1 -1 -c '<repo>/datasets/synthetic/polynomial_d2/s0000004096_n000p000_seed1297748005.bin'""]","{""family"":""polynomial_d2"",""noise_density"":0.0,""seed"":1297748005,""size_requested"":4096}"
mathzip-benchmark-results-v1,20260724T025637Z-8563453d,quick,synthetic,datasets/synthetic/polynomial_d2/s0000004096_n000p000_seed1297748005.bin,s0000004096_n000p000_seed1297748005.bin,CC0-1.0,python/mathzip_bench/synthetic.py and datasets/synthetic/manifest.json,datasets/synthetic/manifest.json,788cc7e3e85003e88d7c4f21698a72edc5348641fc93c7e57ec681c85e2f147e,true,5147e2303423a94c08035d3f27e8cea82037b0b129980dbe1ccbfbc9c20c7fa7,7.0,4096,lz4-fast,lz4,fast,,1,ok,,3,3,300,13.653333333333334,0.9267578125,92.67578125,0.5859375,0.0,0.0026492889955989085,0.0025863769988063723,1.5460751948180882,1.583682503320408,0.002085999999999366,0.0019130000000000535,344064.0,true,true,f31699393a97bb88c08086e457791ce6342caf1ecd61bd63dacb94d42dbc9314,5147e2303423a94c08035d3f27e8cea82037b0b129980dbe1ccbfbc9c20c7fa7,,,,,,,,,,,,,,,,,,,,"[""'<tmp>/mathzip-toolpkgs.3lRj8c/extracted/usr/bin/lz4' -q -d -f '<work>/archive.lz4' '<work>/restored.bin'"",""'<tmp>/mathzip-toolpkgs.3lRj8c/extracted/usr/bin/lz4' -q -f -1 '<repo>/datasets/synthetic/polynomial_d2/s0000004096_n000p000_seed1297748005.bin' '<work>/archive.lz4'""]","{""family"":""polynomial_d2"",""noise_density"":0.0,""seed"":1297748005,""size_requested"":4096}"
mathzip-benchmark-results-v1,20260724T025637Z-8563453d,quick,synthetic,datasets/synthetic/polynomial_d2/s0000004096_n000p000_seed1297748005.bin,s0000004096_n000p000_seed1297748005.bin,CC0-1.0,python/mathzip_bench/synthetic.py and datasets/synthetic/manifest.json,datasets/synthetic/manifest.json,788cc7e3e85003e88d7c4f21698a72edc5348641fc93c7e57ec681c85e2f147e,true,5147e2303423a94c08035d3f27e8cea82037b0b129980dbe1ccbfbc9c20c7fa7,7.0,4096,brotli-fast,brotli,fast,,1,ok,,3,3,280,14.628571428571428,0.931640625,93.1640625,0.546875,0.0,0.0042786470003193244,0.0036610249953810126,0.9573119726152465,1.1188123558751388,0.003642000000000145,0.002759000000000178,348160.0,true,true,de6fb60f0eae35cc1744d4fe2556f33fdffaf6f7a189d42c5e6dfedef57e945f,5147e2303423a94c08035d3f27e8cea82037b0b129980dbe1ccbfbc9c20c7fa7,,,,,,,,,,,,,,,,,,,,"[""'<tmp>/mathzip-toolpkgs.3lRj8c/extracted/usr/bin/brotli' -f -d -o '<work>/restored.bin' '<work>/archive.br'"",""'<tmp>/mathzip-toolpkgs.3lRj8c/extracted/usr/bin/brotli' -f -q 4 -o '<work>/archive.br' '<repo>/datasets/synthetic/polynomial_d2/s0000004096_n000p000_seed1297748005.bin'""]","{""family"":""polynomial_d2"",""noise_density"":0.0,""seed"":1297748005,""size_requested"":4096}"
mathzip-benchmark-results-v1,20260724T025637Z-8563453d,quick,synthetic,datasets/synthetic/polynomial_d2/s0000004096_n000p000_seed1297748005.bin,s0000004096_n000p000_seed1297748005.bin,CC0-1.0,python/mathzip_bench/synthetic.py and datasets/synthetic/manifest.json,datasets/synthetic/manifest.json,788cc7e3e85003e88d7c4f21698a72edc5348641fc93c7e57ec681c85e2f147e,true,5147e2303423a94c08035d3f27e8cea82037b0b129980dbe1ccbfbc9c20c7fa7,7.0,4096,7z-fast,7z,fast,,1,ok,,3,3,488,8.39344262295082,0.880859375,88.0859375,0.953125,0.0,0.009048944993992336,0.007073271000990644,0.4526494528057542,0.5790814461126028,0.008436000000000554,0.006420999999999566,401408.0,true,true,15dd6cee1adfafaeb261601f3ce11f4ac043781f44b43427399d0851e0b49c71,5147e2303423a94c08035d3f27e8cea82037b0b129980dbe1ccbfbc9c20c7fa7,,,,,,,,,,,,,,,,,,,,"[""'<tmp>/mathzip-toolpkgs.3lRj8c/extracted/usr/lib/7zip/7z' a -y -bd -bso0 -bsp0 -t7z -m0=lzma2 -mx=1 -mmt=1 '<work>/archive.7z' '<repo>/datasets/synthetic/polynomial_d2/s0000004096_n000p000_seed1297748005.bin'"",""'<tmp>/mathzip-toolpkgs.3lRj8c/extracted/usr/lib/7zip/7z' e -so -bd -mmt=1 '<work>/archive.7z'""]","{""family"":""polynomial_d2"",""noise_density"":0.0,""seed"":1297748005,""size_requested"":4096}"
mathzip-benchmark-results-v1,20260724T025637Z-8563453d,quick,synthetic,datasets/synthetic/random/s0000004096_n000p000_seed1297748005.bin,s0000004096_n000p000_seed1297748005.bin,CC0-1.0,python/mathzip_bench/synthetic.py and datasets/synthetic/manifest.json,datasets/synthetic/manifest.json,788cc7e3e85003e88d7c4f21698a72edc5348641fc93c7e57ec681c85e2f147e,true,6c6b8fcb18143838e2a9c45cf658f7874a5ae3c8bc2696011804cccac322c168,7.958224938904445,4096,mathzip-fast,mathzip,fast,,1,ok,,3,3,4252,0.9633113828786454,-0.0380859375,-3.80859375,8.3046875,3.80859375,0.006369806003931444,0.004043624001496937,0.6430337120898106,1.0129527370704283,0.0055499999999995,0.0032719999999999416,430080.0,true,true,ca9fc2da647a8ed4b6f71c8f1cff840a72cb866c21a4516fc0e3fa5338afbe91,6c6b8fcb18143838e2a9c45cf658f7874a5ae3c8bc2696011804cccac322c168,"[{""type"":""identity""}]",1,4096.0,4096.0,"{""raw"":1}","{""raw"":1}",0,36,4096,120,100.0,100.0,7.9582249389044275,4096,0,0,0.000296289,0.000105053,0.001926952,"[""'<repo>/target/release/mathzip' compress --mode fast --max-input-bytes 8589934592 --no-sync --force '<repo>/datasets/synthetic/random/s0000004096_n000p000_seed1297748005.bin' '<work>/archive.mz'"",""'<repo>/target/release/mathzip' compress --mode fast --max-input-bytes 8589934592 --no-sync --force --metrics-output '<work>/metrics-probe.mz.metrics.json' '<repo>/datasets/synthetic/random/s0000004096_n000p000_seed1297748005.bin' '<work>/metrics-probe.mz'"",""'<repo>/target/release/mathzip' decompress --max-archive-bytes 17179869184 --max-output-bytes 8589934592 --max-segments 8388608 --no-sync --force '<work>/archive.mz' '<work>/restored.bin'""]","{""family"":""random"",""noise_density"":0.0,""seed"":1297748005,""size_requested"":4096}"
mathzip-benchmark-results-v1,20260724T025637Z-8563453d,quick,synthetic,datasets/synthetic/random/s0000004096_n000p000_seed1297748005.bin,s0000004096_n000p000_seed1297748005.bin,CC0-1.0,python/mathzip_bench/synthetic.py and datasets/synthetic/manifest.json,datasets/synthetic/manifest.json,788cc7e3e85003e88d7c4f21698a72edc5348641fc93c7e57ec681c85e2f147e,true,6c6b8fcb18143838e2a9c45cf658f7874a5ae3c8bc2696011804cccac322c168,7.958224938904445,4096,raw,raw,default,,1,ok,,3,3,4096,1.0,0.0,0.0,8.0,0.0,0.0002048759997705929,0.00018236000323668122,19.992580900576154,22.46106562459251,0.0002087469999993985,0.00018545799999980517,,true,true,6c6b8fcb18143838e2a9c45cf658f7874a5ae3c8bc2696011804cccac322c168,6c6b8fcb18143838e2a9c45cf658f7874a5ae3c8bc2696011804cccac322c168,,,,,,,,,,,,,,,,,,,,"[""stdlib:shutil.copyfile""]","{""family"":""random"",""noise_density"":0.0,""seed"":1297748005,""size_requested"":4096}"
mathzip-benchmark-results-v1,20260724T025637Z-8563453d,quick,synthetic,datasets/synthetic/random/s0000004096_n000p000_seed1297748005.bin,s0000004096_n000p000_seed1297748005.bin,CC0-1.0,python/mathzip_bench/synthetic.py and datasets/synthetic/manifest.json,datasets/synthetic/manifest.json,788cc7e3e85003e88d7c4f21698a72edc5348641fc93c7e57ec681c85e2f147e,true,6c6b8fcb18143838e2a9c45cf658f7874a5ae3c8bc2696011804cccac322c168,7.958224938904445,4096,gzip-fast,gzip,fast,,1,ok,,3,3,4119,0.9944161204175771,-0.005615234375,-0.5615234375,8.044921875,0.5615234375,0.002794812993670348,0.0027539840011741035,1.4655721185197583,1.4872998529598414,0.0022609999999998465,0.001772000000000773,344064.0,true,true,faf03408df21b90178bf795de2a44d64fae22259c4e77a2220cb2128a799c3e6,6c6b8fcb18143838e2a9c45cf658f7874a5ae3c8bc2696011804cccac322c168,,,,,,,,,,,,,,,,,,,,"[""'<external>/gzip' -d -c '<work>/archive.gz'"",""'<external>/gzip' -n -c -1 '<repo>/datasets/synthetic/random/s0000004096_n000p000_seed1297748005.bin'""]","{""family"":""random"",""noise_density"":0.0,""seed"":1297748005,""size_requested"":4096}"
mathzip-benchmark-results-v1,20260724T025637Z-8563453d,quick,synthetic,datasets/synthetic/random/s0000004096_n000p000_seed1297748005.bin,s0000004096_n000p000_seed1297748005.bin,CC0-1.0,python/mathzip_bench/synthetic.py and datasets/synthetic/manifest.json,datasets/synthetic/manifest.json,788cc7e3e85003e88d7c4f21698a72edc5348641fc93c7e57ec681c85e2f147e,true,6c6b8fcb18143838e2a9c45cf658f7874a5ae3c8bc2696011804cccac322c168,7.958224938904445,4096,bzip2-fast,bzip2,fast,,1,ok,,3,3,4587,0.8929583605842598,-0.119873046875,-11.9873046875,8.958984375,11.9873046875,0.00441001800209051,0.0031349799974123016,0.9287943945032301,1.3065474112692745,0.003829999999999778,0.002435000000000187,339968.0,true,true,bff23c2dd19f5a101b6788962aa79d4b066d90e395222003975d27a171af92d8,6c6b8fcb18143838e2a9c45cf658f7874a5ae3c8bc2696011804cccac322c168,,,,,,,,,,,,,,,,,,,,"[""'<external>/bzip2' -c -1"",""'<external>/bzip2' -d -c '<work>/archive.bz2'""]","{""family"":""random"",""noise_density"":0.0,""seed"":1297748005,""size_requested"":4096}"
mathzip-benchmark-results-v1,20260724T025637Z-8563453d,quick,synthetic,datasets/synthetic/random/s0000004096_n000p000_seed1297748005.bin,s0000004096_n000p000_seed1297748005.bin,CC0-1.0,python/mathzip_bench/synthetic.py and datasets/synthetic/manifest.json,datasets/synthetic/manifest.json,788cc7e3e85003e88d7c4f21698a72edc5348641fc93c7e57ec681c85e2f147e,true,6c6b8fcb18143838e2a9c45cf658f7874a5ae3c8bc2696011804cccac322c168,7.958224938904445,4096,xz-fast,xz,fast,,1,ok,,3,3,4156,0.9855630413859481,-0.0146484375,-1.46484375,8.1171875,1.46484375,0.01003304200276034,0.0035588339960668236,0.40825105674560996,1.1509387637992794,0.009069999999999467,0.0021450000000005076,348160.0,true,true,32ebc8f9f90cf905ddc53304cc595787f30170c6ee5af779c2d90845682956b4,6c6b8fcb18143838e2a9c45cf658f7874a5ae3c8bc2696011804cccac322c168,,,,,,,,,,,,,,,,,,,,"[""'<external>/xz' -c --threads=1 -1 '<repo>/datasets/synthetic/random/s0000004096_n000p000_seed1297748005.bin'"",""'<external>/xz' -d -c --threads=1 '<work>/archive.xz'""]","{""family"":""random"",""noise_density"":0.0,""seed"":1297748005,""size_requested"":4096}"
mathzip-benchmark-results-v1,20260724T025637Z-8563453d,quick,synthetic,datasets/synthetic/random/s0000004096_n000p000_seed1297748005.bin,s0000004096_n000p000_seed1297748005.bin,CC0-1.0,python/mathzip_bench/synthetic.py and datasets/synthetic/manifest.json,datasets/synthetic/manifest.json,788cc7e3e85003e88d7c4f21698a72edc5348641fc93c7e57ec681c85e2f147e,true,6c6b8fcb18143838e2a9c45cf658f7874a5ae3c8bc2696011804cccac322c168,7.958224938904445,4096,zstd-fast,zstd,fast,,1,ok,,3,3,4110,0.9965936739659368,-0.00341796875,-0.341796875,8.02734375,0.341796875,0.004347152003902011,0.0041337810034747235,0.9422260818861231,0.9908604245258841,0.003830999999999918,0.003743000000000052,348160.0,true,true,0d69b6d867d759fb2469cf56ce2a97077f66de5ae02eea59d3ffa387376b5b90,6c6b8fcb18143838e2a9c45cf658f7874a5ae3c8bc2696011804cccac322c168,,,,,,,,,,,,,,,,,,,,"[""'<external>/zstd' -q -d -c '<work>/archive.zst'"",""'<external>/zstd' -q -f -T1 -1 -c '<repo>/datasets/synthetic/random/s0000004096_n000p000_seed1297748005.bin'""]","{""family"":""random"",""noise_density"":0.0,""seed"":1297748005,""size_requested"":4096}"
mathzip-benchmark-results-v1,20260724T025637Z-8563453d,quick,synthetic,datasets/synthetic/random/s0000004096_n000p000_seed1297748005.bin,s0000004096_n000p000_seed1297748005.bin,CC0-1.0,python/mathzip_bench/synthetic.py and datasets/synthetic/manifest.json,datasets/synthetic/manifest.json,788cc7e3e85003e88d7c4f21698a72edc5348641fc93c7e57ec681c85e2f147e,true,6c6b8fcb18143838e2a9c45cf658f7874a5ae3c8bc2696011804cccac322c168,7.958224938904445,4096,lz4-fast,lz4,fast,,1,ok,,3,3,4115,0.9953827460510328,-0.004638671875,-0.4638671875,8.037109375,0.4638671875,0.0027895579987671226,0.002642791994730942,1.468332976697482,1.5498760432778618,0.0021170000000001465,0.00199899999999964,344064.0,true,true,42b671c8dd888e05fef7338e93f9f63542c5c3987ee805f14bcee6764979f475,6c6b8fcb18143838e2a9c45cf658f7874a5ae3c8bc2696011804cccac322c168,,,,,,,,,,,,,,,,,,,,"[""'<tmp>/mathzip-toolpkgs.3lRj8c/extracted/usr/bin/lz4' -q -d -f '<work>/archive.lz4' '<work>/restored.bin'"",""'<tmp>/mathzip-toolpkgs.3lRj8c/extracted/usr/bin/lz4' -q -f -1 '<repo>/datasets/synthetic/random/s0000004096_n000p000_seed1297748005.bin' '<work>/archive.lz4'""]","{""family"":""random"",""noise_density"":0.0,""seed"":1297748005,""size_requested"":4096}"
mathzip-benchmark-results-v1,20260724T025637Z-8563453d,quick,synthetic,datasets/synthetic/random/s0000004096_n000p000_seed1297748005.bin,s0000004096_n000p000_seed1297748005.bin,CC0-1.0,python/mathzip_bench/synthetic.py and datasets/synthetic/manifest.json,datasets/synthetic/manifest.json,788cc7e3e85003e88d7c4f21698a72edc5348641fc93c7e57ec681c85e2f147e,true,6c6b8fcb18143838e2a9c45cf658f7874a5ae3c8bc2696011804cccac322c168,7.958224938904445,4096,brotli-fast,brotli,fast,,1,ok,,3,3,4101,0.9987807851743478,-0.001220703125,-0.1220703125,8.009765625,0.1220703125,0.004574592996505089,0.0032357319942093454,0.8953802017205189,1.2658650368232558,0.003835000000000477,0.0026159999999997297,339968.0,true,true,52c3b4599c50e2152c7815c5d815644c0f4d2fb750b2d706a465e0aa8b335fbd,6c6b8fcb18143838e2a9c45cf658f7874a5ae3c8bc2696011804cccac322c168,,,,,,,,,,,,,,,,,,,,"[""'<tmp>/mathzip-toolpkgs.3lRj8c/extracted/usr/bin/brotli' -f -d -o '<work>/restored.bin' '<work>/archive.br'"",""'<tmp>/mathzip-toolpkgs.3lRj8c/extracted/usr/bin/brotli' -f -q 4 -o '<work>/archive.br' '<repo>/datasets/synthetic/random/s0000004096_n000p000_seed1297748005.bin'""]","{""family"":""random"",""noise_density"":0.0,""seed"":1297748005,""size_requested"":4096}"
mathzip-benchmark-results-v1,20260724T025637Z-8563453d,quick,synthetic,datasets/synthetic/random/s0000004096_n000p000_seed1297748005.bin,s0000004096_n000p000_seed1297748005.bin,CC0-1.0,python/mathzip_bench/synthetic.py and datasets/synthetic/manifest.json,datasets/synthetic/manifest.json,788cc7e3e85003e88d7c4f21698a72edc5348641fc93c7e57ec681c85e2f147e,true,6c6b8fcb18143838e2a9c45cf658f7874a5ae3c8bc2696011804cccac322c168,7.958224938904445,4096,7z-fast,7z,fast,,1,ok,,3,3,4286,0.9556696220251983,-0.04638671875,-4.638671875,8.37109375,4.638671875,0.010464123995916452,0.007103673997335136,0.3914326704842597,0.5766030368984512,0.009447999999999013,0.006464999999999499,401408.0,true,true,ae0c9d45dcf62a753a7aaa7fe323b5d55b2953e8086dfa99aa94c894a42f6782,6c6b8fcb18143838e2a9c45cf658f7874a5ae3c8bc2696011804cccac322c168,,,,,,,,,,,,,,,,,,,,"[""'<tmp>/mathzip-toolpkgs.3lRj8c/extracted/usr/lib/7zip/7z' a -y -bd -bso0 -bsp0 -t7z -m0=lzma2 -mx=1 -mmt=1 '<work>/archive.7z' '<repo>/datasets/synthetic/random/s0000004096_n000p000_seed1297748005.bin'"",""'<tmp>/mathzip-toolpkgs.3lRj8c/extracted/usr/lib/7zip/7z' e -so -bd -mmt=1 '<work>/archive.7z'""]","{""family"":""random"",""noise_density"":0.0,""seed"":1297748005,""size_requested"":4096}"
mathzip-benchmark-results-v1,20260724T025637Z-8563453d,quick,synthetic,datasets/synthetic/recurrence/s0000004096_n000p000_seed1297748005.bin,s0000004096_n000p000_seed1297748005.bin,CC0-1.0,python/mathzip_bench/synthetic.py and datasets/synthetic/manifest.json,datasets/synthetic/manifest.json,788cc7e3e85003e88d7c4f21698a72edc5348641fc93c7e57ec681c85e2f147e,true,e421cc48c94607e9e57e7c690c6859b350dd420e29673666ab3618bdc630d283,7.125283106106212,4096,mathzip-fast,mathzip,fast,,1,ok,,3,3,162,25.28395061728395,0.96044921875,96.044921875,0.31640625,0.0,0.006317545994534157,0.004164571000728756,0.6483530161147691,0.9835346784298413,0.005651999999999546,0.0034200000000002007,430080.0,true,true,1670c572debb9929c6418f39022dc1adeffb0c22e4f684d1e2b7af409de7b852,e421cc48c94607e9e57e7c690c6859b350dd420e29673666ab3618bdc630d283,"[{""type"":""identity""}]",1,4096.0,4096.0,"{""recurrence"":1}","{""sparse"":1}",5,36,1,120,0.0,0.0,0.0,1,1,1,0.000234921,0.000105133,0.001854873,"[""'<repo>/target/release/mathzip' compress --mode fast --max-input-bytes 8589934592 --no-sync --force '<repo>/datasets/synthetic/recurrence/s0000004096_n000p000_seed1297748005.bin' '<work>/archive.mz'"",""'<repo>/target/release/mathzip' compress --mode fast --max-input-bytes 8589934592 --no-sync --force --metrics-output '<work>/metrics-probe.mz.metrics.json' '<repo>/datasets/synthetic/recurrence/s0000004096_n000p000_seed1297748005.bin' '<work>/metrics-probe.mz'"",""'<repo>/target/release/mathzip' decompress --max-archive-bytes 17179869184 --max-output-bytes 8589934592 --max-segments 8388608 --no-sync --force '<work>/archive.mz' '<work>/restored.bin'""]","{""family"":""recurrence"",""noise_density"":0.0,""seed"":1297748005,""size_requested"":4096}"
mathzip-benchmark-results-v1,20260724T025637Z-8563453d,quick,synthetic,datasets/synthetic/recurrence/s0000004096_n000p000_seed1297748005.bin,s0000004096_n000p000_seed1297748005.bin,CC0-1.0,python/mathzip_bench/synthetic.py and datasets/synthetic/manifest.json,datasets/synthetic/manifest.json,788cc7e3e85003e88d7c4f21698a72edc5348641fc93c7e57ec681c85e2f147e,true,e421cc48c94607e9e57e7c690c6859b350dd420e29673666ab3618bdc630d283,7.125283106106212,4096,raw,raw,default,,1,ok,,3,3,4096,1.0,0.0,0.0,8.0,0.0,0.00023158599651651457,0.00018414499936625361,17.686734351867045,22.243340922081167,0.00023542499999962274,0.00018741299999991412,,true,true,e421cc48c94607e9e57e7c690c6859b350dd420e29673666ab3618bdc630d283,e421cc48c94607e9e57e7c690c6859b350dd420e29673666ab3618bdc630d283,,,,,,,,,,,,,,,,,,,,"[""stdlib:shutil.copyfile""]","{""family"":""recurrence"",""noise_density"":0.0,""seed"":1297748005,""size_requested"":4096}"
mathzip-benchmark-results-v1,20260724T025637Z-8563453d,quick,synthetic,datasets/synthetic/recurrence/s0000004096_n000p000_seed1297748005.bin,s0000004096_n000p000_seed1297748005.bin,CC0-1.0,python/mathzip_bench/synthetic.py and datasets/synthetic/manifest.json,datasets/synthetic/manifest.json,788cc7e3e85003e88d7c4f21698a72edc5348641fc93c7e57ec681c85e2f147e,true,e421cc48c94607e9e57e7c690c6859b350dd420e29673666ab3618bdc630d283,7.125283106106212,4096,gzip-fast,gzip,fast,,1,ok,,3,3,467,8.770877944325482,0.885986328125,88.5986328125,0.912109375,0.0,0.002727003004110884,0.0028428320001694374,1.5020152137072784,1.440816762916652,0.002047000000000132,0.002012000000000569,458752.0,true,true,59ef2ea55eade84d1c70c9c767bcce8038e8273a688dd9610ad33d6686e26305,e421cc48c94607e9e57e7c690c6859b350dd420e29673666ab3618bdc630d283,,,,,,,,,,,,,,,,,,,,"[""'<external>/gzip' -d -c '<work>/archive.gz'"",""'<external>/gzip' -n -c -1 '<repo>/datasets/synthetic/recurrence/s0000004096_n000p000_seed1297748005.bin'""]","{""family"":""recurrence"",""noise_density"":0.0,""seed"":1297748005,""size_requested"":4096}"
mathzip-benchmark-results-v1,20260724T025637Z-8563453d,quick,synthetic,datasets/synthetic/recurrence/s0000004096_n000p000_seed1297748005.bin,s0000004096_n000p000_seed1297748005.bin,CC0-1.0,python/mathzip_bench/synthetic.py and datasets/synthetic/manifest.json,datasets/synthetic/manifest.json,788cc7e3e85003e88d7c4f21698a72edc5348641fc93c7e57ec681c85e2f147e,true,e421cc48c94607e9e57e7c690c6859b350dd420e29673666ab3618bdc630d283,7.125283106106212,4096,bzip2-fast,bzip2,fast,,1,ok,,3,3,927,4.418554476806904,0.773681640625,77.3681640625,1.810546875,0.0,0.0036529749995679595,0.0027367959992261603,1.121277862696689,1.4966405976763193,0.0029660000000006903,0.0021719999999998407,344064.0,true,true,fab24764312a059700aa78f9166af844d09761a6aee24ea6c23f2722a051a2f1,e421cc48c94607e9e57e7c690c6859b350dd420e29673666ab3618bdc630d283,,,,,,,,,,,,,,,,,,,,"[""'<external>/bzip2' -c -1"",""'<external>/bzip2' -d -c '<work>/archive.bz2'""]","{""family"":""recurrence"",""noise_density"":0.0,""seed"":1297748005,""size_requested"":4096}"
mathzip-benchmark-results-v1,20260724T025637Z-8563453d,quick,synthetic,datasets/synthetic/recurrence/s0000004096_n000p000_seed1297748005.bin,s0000004096_n000p000_seed1297748005.bin,CC0-1.0,python/mathzip_bench/synthetic.py and datasets/synthetic/manifest.json,datasets/synthetic/manifest.json,788cc7e3e85003e88d7c4f21698a72edc5348641fc93c7e57ec681c85e2f147e,true,e421cc48c94607e9e57e7c690c6859b350dd420e29673666ab3618bdc630d283,7.125283106106212,4096,xz-fast,xz,fast,,1,ok,,3,3,492,8.325203252032521,0.8798828125,87.98828125,0.9609375,0.0,0.007092767998983618,0.004014176003693137,0.5774896345949776,1.020383759015943,0.005749999999999922,0.002476000000000589,368640.0,true,true,94ee88dcbfa36d53b59c272aa28cb34ae6930663a91565bc50c54224ed98dd31,e421cc48c94607e9e57e7c690c6859b350dd420e29673666ab3618bdc630d283,,,,,,,,,,,,,,,,,,,,"[""'<external>/xz' -c --threads=1 -1 '<repo>/datasets/synthetic/recurrence/s0000004096_n000p000_seed1297748005.bin'"",""'<external>/xz' -d -c --threads=1 '<work>/archive.xz'""]","{""family"":""recurrence"",""noise_density"":0.0,""seed"":1297748005,""size_requested"":4096}"
mathzip-benchmark-results-v1,20260724T025637Z-8563453d,quick,synthetic,datasets/synthetic/recurrence/s0000004096_n000p000_seed1297748005.bin,s0000004096_n000p000_seed1297748005.bin,CC0-1.0,python/mathzip_bench/synthetic.py and datasets/synthetic/manifest.json,datasets/synthetic/manifest.json,788cc7e3e85003e88d7c4f21698a72edc5348641fc93c7e57ec681c85e2f147e,true,e421cc48c94607e9e57e7c690c6859b350dd420e29673666ab3618bdc630d283,7.125283106106212,4096,zstd-fast,zstd,fast,,1,ok,,3,3,408,10.03921568627451,0.900390625,90.0390625,0.796875,0.0,0.004491985004278831,0.004222622999805026,0.9118463209690957,0.9700131885297663,0.003750000000000142,0.0035650000000000404,348160.0,true,true,0124c38e6e5c5c5d6efe5a76e6203cc75238c9cced87852db9d9607abb6aed27,e421cc48c94607e9e57e7c690c6859b350dd420e29673666ab3618bdc630d283,,,,,,,,,,,,,,,,,,,,"[""'<external>/zstd' -q -d -c '<work>/archive.zst'"",""'<external>/zstd' -q -f -T1 -1 -c '<repo>/datasets/synthetic/recurrence/s0000004096_n000p000_seed1297748005.bin'""]","{""family"":""recurrence"",""noise_density"":0.0,""seed"":1297748005,""size_requested"":4096}"
mathzip-benchmark-results-v1,20260724T025637Z-8563453d,quick,synthetic,datasets/synthetic/recurrence/s0000004096_n000p000_seed1297748005.bin,s0000004096_n000p000_seed1297748005.bin,CC0-1.0,python/mathzip_bench/synthetic.py and datasets/synthetic/manifest.json,datasets/synthetic/manifest.json,788cc7e3e85003e88d7c4f21698a72edc5348641fc93c7e57ec681c85e2f147e,true,e421cc48c94607e9e57e7c690c6859b350dd420e29673666ab3618bdc630d283,7.125283106106212,4096,lz4-fast,lz4,fast,,1,ok,,3,3,429,9.547785547785548,0.895263671875,89.5263671875,0.837890625,0.0,0.0026950449973810464,0.0025039600004674867,1.519826201039446,1.6358088784306781,0.0020740000000003533,0.001922999999999675,339968.0,true,true,cdb818840ebddade3761c542eeeaafefb51cc131487364f3bc5921f8f0a5ae3f,e421cc48c94607e9e57e7c690c6859b350dd420e29673666ab3618bdc630d283,,,,,,,,,,,,,,,,,,,,"[""'<tmp>/mathzip-toolpkgs.3lRj8c/extracted/usr/bin/lz4' -q -d -f '<work>/archive.lz4' '<work>/restored.bin'"",""'<tmp>/mathzip-toolpkgs.3lRj8c/extracted/usr/bin/lz4' -q -f -1 '<repo>/datasets/synthetic/recurrence/s0000004096_n000p000_seed1297748005.bin' '<work>/archive.lz4'""]","{""family"":""recurrence"",""noise_density"":0.0,""seed"":1297748005,""size_requested"":4096}"
mathzip-benchmark-results-v1,20260724T025637Z-8563453d,quick,synthetic,datasets/synthetic/recurrence/s0000004096_n000p000_seed1297748005.bin,s0000004096_n000p000_seed1297748005.bin,CC0-1.0,python/mathzip_bench/synthetic.py and datasets/synthetic/manifest.json,datasets/synthetic/manifest.json,788cc7e3e85003e88d7c4f21698a72edc5348641fc93c7e57ec681c85e2f147e,true,e421cc48c94607e9e57e7c690c6859b350dd420e29673666ab3618bdc630d283,7.125283106106212,4096,brotli-fast,brotli,fast,,1,ok,,3,3,416,9.846153846153847,0.8984375,89.84375,0.8125,0.0,0.004267904005246237,0.003458033002971206,0.9597216795328743,1.1844884061200807,0.003603000000000023,0.0027969999999992723,342016.0,true,true,dcd665cb4f08798fd6e20cb1ea76175a0a8a962d6105ab8d0833fc2cbac0b0d8,e421cc48c94607e9e57e7c690c6859b350dd420e29673666ab3618bdc630d283,,,,,,,,,,,,,,,,,,,,"[""'<tmp>/mathzip-toolpkgs.3lRj8c/extracted/usr/bin/brotli' -f -d -o '<work>/restored.bin' '<work>/archive.br'"",""'<tmp>/mathzip-toolpkgs.3lRj8c/extracted/usr/bin/brotli' -f -q 4 -o '<work>/archive.br' '<repo>/datasets/synthetic/recurrence/s0000004096_n000p000_seed1297748005.bin'""]","{""family"":""recurrence"",""noise_density"":0.0,""seed"":1297748005,""size_requested"":4096}"
mathzip-benchmark-results-v1,20260724T025637Z-8563453d,quick,synthetic,datasets/synthetic/recurrence/s0000004096_n000p000_seed1297748005.bin,s0000004096_n000p000_seed1297748005.bin,CC0-1.0,python/mathzip_bench/synthetic.py and datasets/synthetic/manifest.json,datasets/synthetic/manifest.json,788cc7e3e85003e88d7c4f21698a72edc5348641fc93c7e57ec681c85e2f147e,true,e421cc48c94607e9e57e7c690c6859b350dd420e29673666ab3618bdc630d283,7.125283106106212,4096,7z-fast,7z,fast,,1,ok,,3,3,619,6.617124394184168,0.848876953125,84.8876953125,1.208984375,0.0,0.00961914099752903,0.006950763003260363,0.42581764848359976,0.5892878232330332,0.008863999999999983,0.00619800000000037,401408.0,true,true,9d6e645ee08f459130254e0171e850459ff48a223494ca2833a09e2f4b432746,e421cc48c94607e9e57e7c690c6859b350dd420e29673666ab3618bdc630d283,,,,,,,,,,,,,,,,,,,,"[""'<tmp>/mathzip-toolpkgs.3lRj8c/extracted/usr/lib/7zip/7z' a -y -bd -bso0 -bsp0 -t7z -m0=lzma2 -mx=1 -mmt=1 '<work>/archive.7z' '<repo>/datasets/synthetic/recurrence/s0000004096_n000p000_seed1297748005.bin'"",""'<tmp>/mathzip-toolpkgs.3lRj8c/extracted/usr/lib/7zip/7z' e -so -bd -mmt=1 '<work>/archive.7z'""]","{""family"":""recurrence"",""noise_density"":0.0,""seed"":1297748005,""size_requested"":4096}"
mathzip-benchmark-results-v1,20260724T025637Z-8563453d,quick,canterbury_files,datasets/data/canterbury/alice29.txt,alice29.txt,Upstream files retain their original terms; see dataset manifest,datasets/manifests/canterbury.json,datasets/data/canterbury/dataset.json,30daaac9157db37ceda0cc444f6c9c304e91cf17e0164d0a12bc354539937151,true,7467306ee0feed4971260f3c87421154a05be571d944e9cb021a5713700c38f0,4.567680212177265,152089,mathzip-fast,mathzip,fast,,1,ok,,3,3,133568,1.1386634523239099,0.12177738034966368,12.177738034966367,7.025780957202691,0.0,0.13366876999498345,0.009194959005981218,1.1378050385718956,16.540476134919995,0.13137199999999982,0.008482000000000767,4374528.0,true,true,0f57531997d66a7dbd4b2ea6cfc45c569ae144d343f8a30e86cf3e05891f4375,7467306ee0feed4971260f3c87421154a05be571d944e9cb021a5713700c38f0,"[{""type"":""identity""}]",10,15208.9,16384.0,"{""raw"":10}","{""bit_pack"":10}",0,360,133088,120,100.0,0.0,4.567680212177265,133088,0,0,0.01106135,0.001723807,0.114093771,"[""'<repo>/target/release/mathzip' compress --mode fast --max-input-bytes 8589934592 --no-sync --force '<repo>/datasets/data/canterbury/alice29.txt' '<work>/archive.mz'"",""'<repo>/target/release/mathzip' compress --mode fast --max-input-bytes 8589934592 --no-sync --force --metrics-output '<work>/metrics-probe.mz.metrics.json' '<repo>/datasets/data/canterbury/alice29.txt' '<work>/metrics-probe.mz'"",""'<repo>/target/release/mathzip' decompress --max-archive-bytes 17179869184 --max-output-bytes 8589934592 --max-segments 8388608 --no-sync --force '<work>/archive.mz' '<work>/restored.bin'""]",{}
mathzip-benchmark-results-v1,20260724T025637Z-8563453d,quick,canterbury_files,datasets/data/canterbury/alice29.txt,alice29.txt,Upstream files retain their original terms; see dataset manifest,datasets/manifests/canterbury.json,datasets/data/canterbury/dataset.json,30daaac9157db37ceda0cc444f6c9c304e91cf17e0164d0a12bc354539937151,true,7467306ee0feed4971260f3c87421154a05be571d944e9cb021a5713700c38f0,4.567680212177265,152089,raw,raw,default,,1,ok,,3,3,152089,1.0,0.0,0.0,8.0,0.0,0.00033786400308599696,0.00031272799969883636,450.14857638233985,486.32997411957007,0.00034169599999955835,0.000316078999999192,,true,true,7467306ee0feed4971260f3c87421154a05be571d944e9cb021a5713700c38f0,7467306ee0feed4971260f3c87421154a05be571d944e9cb021a5713700c38f0,,,,,,,,,,,,,,,,,,,,"[""stdlib:shutil.copyfile""]",{}
mathzip-benchmark-results-v1,20260724T025637Z-8563453d,quick,canterbury_files,datasets/data/canterbury/alice29.txt,alice29.txt,Upstream files retain their original terms; see dataset manifest,datasets/manifests/canterbury.json,datasets/data/canterbury/dataset.json,30daaac9157db37ceda0cc444f6c9c304e91cf17e0164d0a12bc354539937151,true,7467306ee0feed4971260f3c87421154a05be571d944e9cb021a5713700c38f0,4.567680212177265,152089,gzip-fast,gzip,fast,,1,ok,,3,3,65132,2.3350887428606524,0.5717507512048866,57.175075120488664,3.425993990360907,0.0,0.006722548998368438,0.004489761005970649,22.623710148771245,33.8746315890192,0.006138999999999228,0.0038580000000010273,458752.0,true,true,79d5e79e6e6b0c185cb68aee554c3dbf0daca27b6ffc90f6ae95241e62a46868,7467306ee0feed4971260f3c87421154a05be571d944e9cb021a5713700c38f0,,,,,,,,,,,,,,,,,,,,"[""'<external>/gzip' -d -c '<work>/archive.gz'"",""'<external>/gzip' -n -c -1 '<repo>/datasets/data/canterbury/alice29.txt'""]",{}
mathzip-benchmark-results-v1,20260724T025637Z-8563453d,quick,canterbury_files,datasets/data/canterbury/alice29.txt,alice29.txt,Upstream files retain their original terms; see dataset manifest,datasets/manifests/canterbury.json,datasets/data/canterbury/dataset.json,30daaac9157db37ceda0cc444f6c9c304e91cf17e0164d0a12bc354539937151,true,7467306ee0feed4971260f3c87421154a05be571d944e9cb021a5713700c38f0,4.567680212177265,152089,bzip2-fast,bzip2,fast,,1,ok,,3,3,45995,3.306642026307207,0.6975783915996554,69.75783915996554,2.4193728672027563,0.0,0.021174736000830308,0.010746406005637255,7.182568887472139,14.15254550407071,0.02038499999999921,0.010115000000000762,2424832.0,true,true,87b38224c889c234bd9c6f4921d5001e600b54fbf08fc9d8dad0339b3029b7b7,7467306ee0feed4971260f3c87421154a05be571d944e9cb021a5713700c38f0,,,,,,,,,,,,,,,,,,,,"[""'<external>/bzip2' -c -1"",""'<external>/bzip2' -d -c '<work>/archive.bz2'""]",{}
mathzip-benchmark-results-v1,20260724T025637Z-8563453d,quick,canterbury_files,datasets/data/canterbury/alice29.txt,alice29.txt,Upstream files retain their original terms; see dataset manifest,datasets/manifests/canterbury.json,datasets/data/canterbury/dataset.json,30daaac9157db37ceda0cc444f6c9c304e91cf17e0164d0a12bc354539937151,true,7467306ee0feed4971260f3c87421154a05be571d944e9cb021a5713700c38f0,4.567680212177265,152089,xz-fast,xz,fast,,1,ok,,3,3,54204,2.805863035938307,0.6436034164206484,64.36034164206484,2.8511726686348124,0.0,0.03145596900139935,0.008725043000595178,4.83498060394306,17.43131810234348,0.028537000000000035,0.0072299999999989595,5107712.0,true,true,61e688b223ebd04a9faec66f0343cdca1e05975f265409a61cea8a352ea02cfe,7467306ee0feed4971260f3c87421154a05be571d944e9cb021a5713700c38f0,,,,,,,,,,,,,,,,,,,,"[""'<external>/xz' -c --threads=1 -1 '<repo>/datasets/data/canterbury/alice29.txt'"",""'<external>/xz' -d -c --threads=1 '<work>/archive.xz'""]",{}
mathzip-benchmark-results-v1,20260724T025637Z-8563453d,quick,canterbury_files,datasets/data/canterbury/alice29.txt,alice29.txt,Upstream files retain their original terms; see dataset manifest,datasets/manifests/canterbury.json,datasets/data/canterbury/dataset.json,30daaac9157db37ceda0cc444f6c9c304e91cf17e0164d0a12bc354539937151,true,7467306ee0feed4971260f3c87421154a05be571d944e9cb021a5713700c38f0,4.567680212177265,152089,zstd-fast,zstd,fast,,1,ok,,3,3,59661,2.5492197583010676,0.6077231094950983,60.77231094950983,3.1382151240392138,0.0,0.006814152002334595,0.0086610459984513,22.31957842265521,17.5601191850494,0.006158999999999359,0.004925000000000068,385024.0,true,true,9a9c91793d8a0141f0c601a569624a1b08bb0bf27310b823f20885b14f774cb5,7467306ee0feed4971260f3c87421154a05be571d944e9cb021a5713700c38f0,,,,,,,,,,,,,,,,,,,,"[""'<external>/zstd' -q -d -c '<work>/archive.zst'"",""'<external>/zstd' -q -f -T1 -1 -c '<repo>/datasets/data/canterbury/alice29.txt'""]",{}
mathzip-benchmark-results-v1,20260724T025637Z-8563453d,quick,canterbury_files,datasets/data/canterbury/alice29.txt,alice29.txt,Upstream files retain their original terms; see dataset manifest,datasets/manifests/canterbury.json,datasets/data/canterbury/dataset.json,30daaac9157db37ceda0cc444f6c9c304e91cf17e0164d0a12bc354539937151,true,7467306ee0feed4971260f3c87421154a05be571d944e9cb021a5713700c38f0,4.567680212177265,152089,lz4-fast,lz4,fast,,1,ok,,3,3,88718,1.7142969859554995,0.4166705021401942,41.66705021401942,4.6666359828784465,0.0,0.00380585699895164,0.00390741500450531,39.961827268311545,38.92317550724431,0.0031959999999999766,0.003037999999999208,1306624.0,true,true,1057a7c043e84bf291facb205079048887ca75a2be75eab90f1cc8445f2b873f,7467306ee0feed4971260f3c87421154a05be571d944e9cb021a5713700c38f0,,,,,,,,,,,,,,,,,,,,"[""'<tmp>/mathzip-toolpkgs.3lRj8c/extracted/usr/bin/lz4' -q -d -f '<work>/archive.lz4' '<work>/restored.bin'"",""'<tmp>/mathzip-toolpkgs.3lRj8c/extracted/usr/bin/lz4' -q -f -1 '<repo>/datasets/data/canterbury/alice29.txt' '<work>/archive.lz4'""]",{}
mathzip-benchmark-results-v1,20260724T025637Z-8563453d,quick,canterbury_files,datasets/data/canterbury/alice29.txt,alice29.txt,Upstream files retain their original terms; see dataset manifest,datasets/manifests/canterbury.json,datasets/data/canterbury/dataset.json,30daaac9157db37ceda0cc444f6c9c304e91cf17e0164d0a12bc354539937151,true,7467306ee0feed4971260f3c87421154a05be571d944e9cb021a5713700c38f0,4.567680212177265,152089,brotli-fast,brotli,fast,,1,ok,,3,3,55504,2.7401448544249063,0.6350557897020823,63.505578970208234,2.9195536823833415,0.0,0.011106683996331412,0.005858848999196198,13.693466029125856,25.95885301376871,0.010287000000000823,0.004118000000000066,339968.0,true,true,f9cd312599db2eb54833222692ce415a3664b24ed88f8187f9ed5dc5b97e42b2,7467306ee0feed4971260f3c87421154a05be571d944e9cb021a5713700c38f0,,,,,,,,,,,,,,,,,,,,"[""'<tmp>/mathzip-toolpkgs.3lRj8c/extracted/usr/bin/brotli' -f -d -o '<work>/restored.bin' '<work>/archive.br'"",""'<tmp>/mathzip-toolpkgs.3lRj8c/extracted/usr/bin/brotli' -f -q 4 -o '<work>/archive.br' '<repo>/datasets/data/canterbury/alice29.txt'""]",{}
mathzip-benchmark-results-v1,20260724T025637Z-8563453d,quick,canterbury_files,datasets/data/canterbury/alice29.txt,alice29.txt,Upstream files retain their original terms; see dataset manifest,datasets/manifests/canterbury.json,datasets/data/canterbury/dataset.json,30daaac9157db37ceda0cc444f6c9c304e91cf17e0164d0a12bc354539937151,true,7467306ee0feed4971260f3c87421154a05be571d944e9cb021a5713700c38f0,4.567680212177265,152089,7z-fast,7z,fast,,1,ok,,3,3,52485,2.8977612651233686,0.6549060089815831,65.49060089815832,2.760751928147335,0.0,0.024699356996279676,0.011380457995983306,6.1576096909287275,13.364049149311855,0.02382300000000015,0.01070600000000077,7856128.0,true,true,d9ba6b98972de1c2ad45c392d6ae7ce59215ee5ef446d6a8caf1905dc8843b83,7467306ee0feed4971260f3c87421154a05be571d944e9cb021a5713700c38f0,,,,,,,,,,,,,,,,,,,,"[""'<tmp>/mathzip-toolpkgs.3lRj8c/extracted/usr/lib/7zip/7z' a -y -bd -bso0 -bsp0 -t7z -m0=lzma2 -mx=1 -mmt=1 '<work>/archive.7z' '<repo>/datasets/data/canterbury/alice29.txt'"",""'<tmp>/mathzip-toolpkgs.3lRj8c/extracted/usr/lib/7zip/7z' e -so -bd -mmt=1 '<work>/archive.7z'""]",{}
mathzip-benchmark-results-v1,20260724T025637Z-8563453d,quick,canterbury_files,datasets/data/canterbury/asyoulik.txt,asyoulik.txt,Upstream files retain their original terms; see dataset manifest,datasets/manifests/canterbury.json,datasets/data/canterbury/dataset.json,30daaac9157db37ceda0cc444f6c9c304e91cf17e0164d0a12bc354539937151,true,eaa3526fe53859f34ecdf255712f9ecf0b2c903451d4755b2edaa2e2599cb0fc,4.808116220349888,125179,mathzip-fast,mathzip,fast,,1,ok,,3,3,109948,1.1385291228580783,0.12167376317113898,12.167376317113899,7.026609894630888,0.0,0.10608292099641403,0.00854774199979147,1.1800108709698094,14.644686281248765,0.10533799999999882,0.007602000000000331,4304896.0,true,true,f046a2b10e61ca17428c4b1d8072bf7d5ebe266eefa4a0e4200a2f0c03fa8d68,eaa3526fe53859f34ecdf255712f9ecf0b2c903451d4755b2edaa2e2599cb0fc,"[{""type"":""identity""}]",8,15647.375,16384.0,"{""raw"":8}","{""bit_pack"":8}",0,288,109540,120,100.0,0.0,4.808116220349888,109540,0,0,0.008567255,0.00140649,0.091829074,"[""'<repo>/target/release/mathzip' compress --mode fast --max-input-bytes 8589934592 --no-sync --force '<repo>/datasets/data/canterbury/asyoulik.txt' '<work>/archive.mz'"",""'<repo>/target/release/mathzip' compress --mode fast --max-input-bytes 8589934592 --no-sync --force --metrics-output '<work>/metrics-probe.mz.metrics.json' '<repo>/datasets/data/canterbury/asyoulik.txt' '<work>/metrics-probe.mz'"",""'<repo>/target/release/mathzip' decompress --max-archive-bytes 17179869184 --max-output-bytes 8589934592 --max-segments 8388608 --no-sync --force '<work>/archive.mz' '<work>/restored.bin'""]",{}
mathzip-benchmark-results-v1,20260724T025637Z-8563453d,quick,canterbury_files,datasets/data/canterbury/asyoulik.txt,asyoulik.txt,Upstream files retain their original terms; see dataset manifest,datasets/manifests/canterbury.json,datasets/data/canterbury/dataset.json,30daaac9157db37ceda0cc444f6c9c304e91cf17e0164d0a12bc354539937151,true,eaa3526fe53859f34ecdf255712f9ecf0b2c903451d4755b2edaa2e2599cb0fc,4.808116220349888,125179,raw,raw,default,,1,ok,,3,3,125179,1.0,0.0,0.0,8.0,0.0,0.0003136020022793673,0.00029602400172734633,399.165180994241,422.8677379859774,0.00031742600000050913,0.0002992139999999921,,true,true,eaa3526fe53859f34ecdf255712f9ecf0b2c903451d4755b2edaa2e2599cb0fc,eaa3526fe53859f34ecdf255712f9ecf0b2c903451d4755b2edaa2e2599cb0fc,,,,,,,,,,,,,,,,,,,,"[""stdlib:shutil.copyfile""]",{}
mathzip-benchmark-results-v1,20260724T025637Z-8563453d,quick,canterbury_files,datasets/data/canterbury/asyoulik.txt,asyoulik.txt,Upstream files retain their original terms; see dataset manifest,datasets/manifests/canterbury.json,datasets/data/canterbury/dataset.json,30daaac9157db37ceda0cc444f6c9c304e91cf17e0164d0a12bc354539937151,true,eaa3526fe53859f34ecdf255712f9ecf0b2c903451d4755b2edaa2e2599cb0fc,4.808116220349888,125179,gzip-fast,gzip,fast,,1,ok,,3,3,56800,2.203855633802817,0.5462497703288891,54.62497703288891,3.6300018373688876,0.0,0.005905060999793932,0.004851634002989158,21.198595578329904,25.801410395523554,0.005298000000001579,0.0035559999999996705,458752.0,true,true,1f112caee2614a4fd9178cb8408a12ef5f580581c1338351fd43710966dda2b3,eaa3526fe53859f34ecdf255712f9ecf0b2c903451d4755b2edaa2e2599cb0fc,,,,,,,,,,,,,,,,,,,,"[""'<external>/gzip' -d -c '<work>/archive.gz'"",""'<external>/gzip' -n -c -1 '<repo>/datasets/data/canterbury/asyoulik.txt'""]",{}
mathzip-benchmark-results-v1,20260724T025637Z-8563453d,quick,canterbury_files,datasets/data/canterbury/asyoulik.txt,asyoulik.txt,Upstream files retain their original terms; see dataset manifest,datasets/manifests/canterbury.json,datasets/data/canterbury/dataset.json,30daaac9157db37ceda0cc444f6c9c304e91cf17e0164d0a12bc354539937151,true,eaa3526fe53859f34ecdf255712f9ecf0b2c903451d4755b2edaa2e2599cb0fc,4.808116220349888,125179,bzip2-fast,bzip2,fast,,1,ok,,3,3,41502,3.0162160859717604,0.6684587670455907,66.84587670455907,2.6523298636352743,0.0,0.018516841999371536,0.009990967002522666,6.760278021719287,12.529217639132726,0.017861999999999156,0.009033000000000513,2424832.0,true,true,f8e0782a421b0738aabafddbd076e0da55542f26101a7bf37010c8eb16058f97,eaa3526fe53859f34ecdf255712f9ecf0b2c903451d4755b2edaa2e2599cb0fc,,,,,,,,,,,,,,,,,,,,"[""'<external>/bzip2' -c -1"",""'<external>/bzip2' -d -c '<work>/archive.bz2'""]",{}
mathzip-benchmark-results-v1,20260724T025637Z-8563453d,quick,canterbury_files,datasets/data/canterbury/asyoulik.txt,asyoulik.txt,Upstream files retain their original terms; see dataset manifest,datasets/manifests/canterbury.json,datasets/data/canterbury/dataset.json,30daaac9157db37ceda0cc444f6c9c304e91cf17e0164d0a12bc354539937151,true,eaa3526fe53859f34ecdf255712f9ecf0b2c903451d4755b2edaa2e2599cb0fc,4.808116220349888,125179,xz-fast,xz,fast,,1,ok,,3,3,48720,2.5693555008210183,0.6107973382116809,61.07973382116809,3.113621294306553,0.0,0.02681391099758912,0.00853727299545426,4.668434978069968,14.6626446251224,0.025627999999999318,0.006891000000001313,5042176.0,true,true,3fd0ad8732e69d7504bf2b990d8652078be7a7237b04c7438630842df52b3145,eaa3526fe53859f34ecdf255712f9ecf0b2c903451d4755b2edaa2e2599cb0fc,,,,,,,,,,,,,,,,,,,,"[""'<external>/xz' -c --threads=1 -1 '<repo>/datasets/data/canterbury/asyoulik.txt'"",""'<external>/xz' -d -c --threads=1 '<work>/archive.xz'""]",{}
mathzip-benchmark-results-v1,20260724T025637Z-8563453d,quick,canterbury_files,datasets/data/canterbury/asyoulik.txt,asyoulik.txt,Upstream files retain their original terms; see dataset manifest,datasets/manifests/canterbury.json,datasets/data/canterbury/dataset.json,30daaac9157db37ceda0cc444f6c9c304e91cf17e0164d0a12bc354539937151,true,eaa3526fe53859f34ecdf255712f9ecf0b2c903451d4755b2edaa2e2599cb0fc,4.808116220349888,125179,zstd-fast,zstd,fast,,1,ok,,3,3,54516,2.2961882750018345,0.5644956422403118,56.44956422403118,3.4840348620775052,0.0,0.006363662003423087,0.0052630479985964485,19.670906458052734,23.7845066268411,0.005774000000000612,0.004440999999999917,356352.0,true,true,a30af5952bfb61774228a0739547ffa533634cb40a29b6dffd48860976b7821b,eaa3526fe53859f34ecdf255712f9ecf0b2c903451d4755b2edaa2e2599cb0fc,,,,,,,,,,,,,,,,,,,,"[""'<external>/zstd' -q -d -c '<work>/archive.zst'"",""'<external>/zstd' -q -f -T1 -1 -c '<repo>/datasets/data/canterbury/asyoulik.txt'""]",{}
mathzip-benchmark-results-v1,20260724T025637Z-8563453d,quick,canterbury_files,datasets/data/canterbury/asyoulik.txt,asyoulik.txt,Upstream files retain their original terms; see dataset manifest,datasets/manifests/canterbury.json,datasets/data/canterbury/dataset.json,30daaac9157db37ceda0cc444f6c9c304e91cf17e0164d0a12bc354539937151,true,eaa3526fe53859f34ecdf255712f9ecf0b2c903451d4755b2edaa2e2599cb0fc,4.808116220349888,125179,lz4-fast,lz4,fast,,1,ok,,3,3,79672,1.571179335274626,0.36353541728245153,36.353541728245155,5.091716661740388,0.0,0.004079712001839653,0.0034506929951021448,30.68329331667368,36.276481326410945,0.0032399999999999096,0.002813999999998984,360448.0,true,true,4d8e9d44a9a6278222aa8641b4a25800e3bd76f7c4038b36136a28c5844d35e6,eaa3526fe53859f34ecdf255712f9ecf0b2c903451d4755b2edaa2e2599cb0fc,,,,,,,,,,,,,,,,,,,,"[""'<tmp>/mathzip-toolpkgs.3lRj8c/extracted/usr/bin/lz4' -q -d -f '<work>/archive.lz4' '<work>/restored.bin'"",""'<tmp>/mathzip-toolpkgs.3lRj8c/extracted/usr/bin/lz4' -q -f -1 '<repo>/datasets/data/canterbury/asyoulik.txt' '<work>/archive.lz4'""]",{}
mathzip-benchmark-results-v1,20260724T025637Z-8563453d,quick,canterbury_files,datasets/data/canterbury/asyoulik.txt,asyoulik.txt,Upstream files retain their original terms; see dataset manifest,datasets/manifests/canterbury.json,datasets/data/canterbury/dataset.json,30daaac9157db37ceda0cc444f6c9c304e91cf17e0164d0a12bc354539937151,true,eaa3526fe53859f34ecdf255712f9ecf0b2c903451d4755b2edaa2e2599cb0fc,4.808116220349888,125179,brotli-fast,brotli,fast,,1,ok,,3,3,49441,2.531886490969034,0.6050375861765951,60.50375861765951,3.159699310587239,0.0,0.010374955003499053,0.004722486999526154,12.065498111344308,26.50700785678399,0.009622999999999493,0.003982000000000596,352256.0,true,true,e4ee477397a1f98729e2ce282388baad144e2a8de4d61a69d2ce325f99601394,eaa3526fe53859f34ecdf255712f9ecf0b2c903451d4755b2edaa2e2599cb0fc,,,,,,,,,,,,,,,,,,,,"[""'<tmp>/mathzip-toolpkgs.3lRj8c/extracted/usr/bin/brotli' -f -d -o '<work>/restored.bin' '<work>/archive.br'"",""'<tmp>/mathzip-toolpkgs.3lRj8c/extracted/usr/bin/brotli' -f -q 4 -o '<work>/archive.br' '<repo>/datasets/data/canterbury/asyoulik.txt'""]",{}
mathzip-benchmark-results-v1,20260724T025637Z-8563453d,quick,canterbury_files,datasets/data/canterbury/asyoulik.txt,asyoulik.txt,Upstream files retain their original terms; see dataset manifest,datasets/manifests/canterbury.json,datasets/data/canterbury/dataset.json,30daaac9157db37ceda0cc444f6c9c304e91cf17e0164d0a12bc354539937151,true,eaa3526fe53859f34ecdf255712f9ecf0b2c903451d4755b2edaa2e2599cb0fc,4.808116220349888,125179,7z-fast,7z,fast,,1,ok,,3,3,47756,2.6212203702152608,0.6184983104194792,61.84983104194792,3.0520135166441658,0.0,0.022805788001278415,0.011842316002002917,5.488913603554629,10.570483001705766,0.02193999999999896,0.01066499999999948,7733248.0,true,true,9988179b0ec628d9c861c1b90c1d252e46d89a4a49a002831ba9407265dc71e8,eaa3526fe53859f34ecdf255712f9ecf0b2c903451d4755b2edaa2e2599cb0fc,,,,,,,,,,,,,,,,,,,,"[""'<tmp>/mathzip-toolpkgs.3lRj8c/extracted/usr/lib/7zip/7z' a -y -bd -bso0 -bsp0 -t7z -m0=lzma2 -mx=1 -mmt=1 '<work>/archive.7z' '<repo>/datasets/data/canterbury/asyoulik.txt'"",""'<tmp>/mathzip-toolpkgs.3lRj8c/extracted/usr/lib/7zip/7z' e -so -bd -mmt=1 '<work>/archive.7z'""]",{}
mathzip-benchmark-results-v1,20260724T025637Z-8563453d,quick,canterbury_files,datasets/data/canterbury/cp.html,cp.html,Upstream files retain their original terms; see dataset manifest,datasets/manifests/canterbury.json,datasets/data/canterbury/dataset.json,30daaac9157db37ceda0cc444f6c9c304e91cf17e0164d0a12bc354539937151,true,e0cd21cef5b6c4069461e949be100080c3ce887de6f1dd8626c480528efaaf61,5.229136688128089,24603,mathzip-fast,mathzip,fast,,1,ok,,3,3,22748,1.0815456303850888,0.07539730927122712,7.5397309271227115,7.396821525830183,0.0,0.022752317003323697,0.005074793996755034,1.081340418929903,4.848078565500757,0.021834000000001907,0.004319000000000628,3510272.0,true,true,a1b66971ee97fe8d75254e12bac1116bf42390a50c4db974f2ce87dd026bbd97,e0cd21cef5b6c4069461e949be100080c3ce887de6f1dd8626c480528efaaf61,"[{""type"":""identity""}]",2,12301.5,12301.5,"{""raw"":2}","{""bit_pack"":1,""raw"":1}",0,72,22556,120,100.0,33.406495142868756,5.229136688128088,22556,0,0,0.001650816,0.000307429,0.016153645,"[""'<repo>/target/release/mathzip' compress --mode fast --max-input-bytes 8589934592 --no-sync --force '<repo>/datasets/data/canterbury/cp.html' '<work>/archive.mz'"",""'<repo>/target/release/mathzip' compress --mode fast --max-input-bytes 8589934592 --no-sync --force --metrics-output '<work>/metrics-probe.mz.metrics.json' '<repo>/datasets/data/canterbury/cp.html' '<work>/metrics-probe.mz'"",""'<repo>/target/release/mathzip' decompress --max-archive-bytes 17179869184 --max-output-bytes 8589934592 --max-segments 8388608 --no-sync --force '<work>/archive.mz' '<work>/restored.bin'""]",{}
mathzip-benchmark-results-v1,20260724T025637Z-8563453d,quick,canterbury_files,datasets/data/canterbury/cp.html,cp.html,Upstream files retain their original terms; see dataset manifest,datasets/manifests/canterbury.json,datasets/data/canterbury/dataset.json,30daaac9157db37ceda0cc444f6c9c304e91cf17e0164d0a12bc354539937151,true,e0cd21cef5b6c4069461e949be100080c3ce887de6f1dd8626c480528efaaf61,5.229136688128089,24603,raw,raw,default,,1,ok,,3,3,24603,1.0,0.0,0.0,8.0,0.0,0.0002604769979370758,0.0002739219999057241,94.45363772943752,89.81753933042118,0.000264952000000207,0.0002782359999997652,,true,true,e0cd21cef5b6c4069461e949be100080c3ce887de6f1dd8626c480528efaaf61,e0cd21cef5b6c4069461e949be100080c3ce887de6f1dd8626c480528efaaf61,,,,,,,,,,,,,,,,,,,,"[""stdlib:shutil.copyfile""]",{}
mathzip-benchmark-results-v1,20260724T025637Z-8563453d,quick,canterbury_files,datasets/data/canterbury/cp.html,cp.html,Upstream files retain their original terms; see dataset manifest,datasets/manifests/canterbury.json,datasets/data/canterbury/dataset.json,30daaac9157db37ceda0cc444f6c9c304e91cf17e0164d0a12bc354539937151,true,e0cd21cef5b6c4069461e949be100080c3ce887de6f1dd8626c480528efaaf61,5.229136688128089,24603,gzip-fast,gzip,fast,,1,ok,,3,3,9046,2.7197656422728276,0.63232126163476,63.232126163475996,2.94142990692192,0.0,0.0034444359989720397,0.0030828770031803288,7.142823965184006,7.980532461924132,0.0027740000000004983,0.0023679999999988155,344064.0,true,true,a286460ae02391c37c86d2075cead1fa9e7dfaf99c7750bc0dd1a0f1a7ac215d,e0cd21cef5b6c4069461e949be100080c3ce887de6f1dd8626c480528efaaf61,,,,,,,,,,,,,,,,,,,,"[""'<external>/gzip' -d -c '<work>/archive.gz'"",""'<external>/gzip' -n -c -1 '<repo>/datasets/data/canterbury/cp.html'""]",{}
mathzip-benchmark-results-v1,20260724T025637Z-8563453d,quick,canterbury_files,datasets/data/canterbury/cp.html,cp.html,Upstream files retain their original terms; see dataset manifest,datasets/manifests/canterbury.json,datasets/data/canterbury/dataset.json,30daaac9157db37ceda0cc444f6c9c304e91cf17e0164d0a12bc354539937151,true,e0cd21cef5b6c4069461e949be100080c3ce887de6f1dd8626c480528efaaf61,5.229136688128089,24603,bzip2-fast,bzip2,fast,,1,ok,,3,3,7624,3.227046169989507,0.6901190911677437,69.01190911677438,2.4790472706580498,0.0,0.00670675199944526,0.003949034995457623,3.6683926887463567,6.230129646432507,0.006064000000000291,0.0033599999999989194,352256.0,true,true,e1d23feb804d314a356804a58d19ca5bb2edbc4e5d78d8162e6405236ca3651c,e0cd21cef5b6c4069461e949be100080c3ce887de6f1dd8626c480528efaaf61,,,,,,,,,,,,,,,,,,,,"[""'<external>/bzip2' -c -1"",""'<external>/bzip2' -d -c '<work>/archive.bz2'""]",{}
mathzip-benchmark-results-v1,20260724T025637Z-8563453d,quick,canterbury_files,datasets/data/canterbury/cp.html,cp.html,Upstream files retain their original terms; see dataset manifest,datasets/manifests/canterbury.json,datasets/data/canterbury/dataset.json,30daaac9157db37ceda0cc444f6c9c304e91cf17e0164d0a12bc354539937151,true,e0cd21cef5b6c4069461e949be100080c3ce887de6f1dd8626c480528efaaf61,5.229136688128089,24603,xz-fast,xz,fast,,1,ok,,3,3,8080,3.0449257425742573,0.6715847660854367,67.15847660854367,2.6273218713165063,0.0,0.011878179997438565,0.004858421998505946,2.0712769132396915,5.063989914331417,0.010812999999998851,0.003375000000000128,348160.0,true,true,4e82d3c4590078a05a047753531b10bea4704101d05d4cad4857ad2454172d41,e0cd21cef5b6c4069461e949be100080c3ce887de6f1dd8626c480528efaaf61,,,,,,,,,,,,,,,,,,,,"[""'<external>/xz' -c --threads=1 -1 '<repo>/datasets/data/canterbury/cp.html'"",""'<external>/xz' -d -c --threads=1 '<work>/archive.xz'""]",{}
mathzip-benchmark-results-v1,20260724T025637Z-8563453d,quick,canterbury_files,datasets/data/canterbury/cp.html,cp.html,Upstream files retain their original terms; see dataset manifest,datasets/manifests/canterbury.json,datasets/data/canterbury/dataset.json,30daaac9157db37ceda0cc444f6c9c304e91cf17e0164d0a12bc354539937151,true,e0cd21cef5b6c4069461e949be100080c3ce887de6f1dd8626c480528efaaf61,5.229136688128089,24603,zstd-fast,zstd,fast,,1,ok,,3,3,8824,2.7881912964641886,0.641344551477462,64.13445514774621,2.869243588180303,0.0,0.004678277000493836,0.004395356998429634,5.25898744289894,5.597497543155225,0.0041799999999998505,0.003982999999999848,356352.0,true,true,6e0355a354ab0d2a0274139cccf4801dc19fb9dd42b8704cba8d25b55881c79a,e0cd21cef5b6c4069461e949be100080c3ce887de6f1dd8626c480528efaaf61,,,,,,,,,,,,,,,,,,,,"[""'<external>/zstd' -q -d -c '<work>/archive.zst'"",""'<external>/zstd' -q -f -T1 -1 -c '<repo>/datasets/data/canterbury/cp.html'""]",{}
mathzip-benchmark-results-v1,20260724T025637Z-8563453d,quick,canterbury_files,datasets/data/canterbury/cp.html,cp.html,Upstream files retain their original terms; see dataset manifest,datasets/manifests/canterbury.json,datasets/data/canterbury/dataset.json,30daaac9157db37ceda0cc444f6c9c304e91cf17e0164d0a12bc354539937151,true,e0cd21cef5b6c4069461e949be100080c3ce887de6f1dd8626c480528efaaf61,5.229136688128089,24603,lz4-fast,lz4,fast,,1,ok,,3,3,11924,2.0633176786313316,0.5153436572775678,51.53436572775678,3.877250741779458,0.0,0.002759761002380401,0.0027984100015601143,8.914902405961588,8.791778183426953,0.0021189999999986497,0.0020439999999997127,360448.0,true,true,49bbcc34ccfc87aaa2e9b5cd3ad87ca188ce389d3140414fc495ca2f80f629c2,e0cd21cef5b6c4069461e949be100080c3ce887de6f1dd8626c480528efaaf61,,,,,,,,,,,,,,,,,,,,"[""'<tmp>/mathzip-toolpkgs.3lRj8c/extracted/usr/bin/lz4' -q -d -f '<work>/archive.lz4' '<work>/restored.bin'"",""'<tmp>/mathzip-toolpkgs.3lRj8c/extracted/usr/bin/lz4' -q -f -1 '<repo>/datasets/data/canterbury/cp.html' '<work>/archive.lz4'""]",{}
mathzip-benchmark-results-v1,20260724T025637Z-8563453d,quick,canterbury_files,datasets/data/canterbury/cp.html,cp.html,Upstream files retain their original terms; see dataset manifest,datasets/manifests/canterbury.json,datasets/data/canterbury/dataset.json,30daaac9157db37ceda0cc444f6c9c304e91cf17e0164d0a12bc354539937151,true,e0cd21cef5b6c4069461e949be100080c3ce887de6f1dd8626c480528efaaf61,5.229136688128089,24603,brotli-fast,brotli,fast,,1,ok,,3,3,8095,3.0392835083384804,0.6709750843393082,67.09750843393081,2.6321993252855345,0.0,0.005384396994486451,0.003773520002141595,4.569313894423672,6.519907138702591,0.004858999999999725,0.0031759999999998456,352256.0,true,true,2a0d0ee4f3805830c0ed0a21469ed95fe1511ab0e211b551d634f8596d70a31d,e0cd21cef5b6c4069461e949be100080c3ce887de6f1dd8626c480528efaaf61,,,,,,,,,,,,,,,,,,,,"[""'<tmp>/mathzip-toolpkgs.3lRj8c/extracted/usr/bin/brotli' -f -d -o '<work>/restored.bin' '<work>/archive.br'"",""'<tmp>/mathzip-toolpkgs.3lRj8c/extracted/usr/bin/brotli' -f -q 4 -o '<work>/archive.br' '<repo>/datasets/data/canterbury/cp.html'""]",{}
mathzip-benchmark-results-v1,20260724T025637Z-8563453d,quick,canterbury_files,datasets/data/canterbury/cp.html,cp.html,Upstream files retain their original terms; see dataset manifest,datasets/manifests/canterbury.json,datasets/data/canterbury/dataset.json,30daaac9157db37ceda0cc444f6c9c304e91cf17e0164d0a12bc354539937151,true,e0cd21cef5b6c4069461e949be100080c3ce887de6f1dd8626c480528efaaf61,5.229136688128089,24603,7z-fast,7z,fast,,1,ok,,3,3,8099,3.0377824422768245,0.6708125025403406,67.08125025403406,2.6334999796772753,0.0,0.012729269001283683,0.007396768000035081,1.9327896988836446,3.326182462378611,0.011924999999999741,0.006797000000000608,397312.0,true,true,b0f661791ca1a5a0ffe7bbc7d0f1c2b245407d1897f28fba94c8d8fc7b513042,e0cd21cef5b6c4069461e949be100080c3ce887de6f1dd8626c480528efaaf61,,,,,,,,,,,,,,,,,,,,"[""'<tmp>/mathzip-toolpkgs.3lRj8c/extracted/usr/lib/7zip/7z' a -y -bd -bso0 -bsp0 -t7z -m0=lzma2 -mx=1 -mmt=1 '<work>/archive.7z' '<repo>/datasets/data/canterbury/cp.html'"",""'<tmp>/mathzip-toolpkgs.3lRj8c/extracted/usr/lib/7zip/7z' e -so -bd -mmt=1 '<work>/archive.7z'""]",{}
mathzip-benchmark-results-v1,20260724T025637Z-8563453d,quick,canterbury_files,datasets/data/canterbury/fields.c,fields.c,Upstream files retain their original terms; see dataset manifest,datasets/manifests/canterbury.json,datasets/data/canterbury/dataset.json,30daaac9157db37ceda0cc444f6c9c304e91cf17e0164d0a12bc354539937151,true,85d73e354cc50cec76cb5a50537cf8dc035f8cbb8480f9e1cbe2f7d6c23393c7,5.007698078197545,11150,mathzip-fast,mathzip,fast,,1,ok,,3,3,9914,1.1246721807544886,0.11085201793721977,11.085201793721977,7.113183856502242,0.0,0.013841353997122496,0.004348073998698965,0.8055570287645265,2.564353781314742,0.012911000000000783,0.003653999999999158,3395584.0,true,true,ca3f80403bcb11a30a88c593fcd4d30037bcde67f81f3f6ce057d128d2daaf4b,85d73e354cc50cec76cb5a50537cf8dc035f8cbb8480f9e1cbe2f7d6c23393c7,"[{""type"":""identity""}]",1,11150.0,11150.0,"{""raw"":1}","{""bit_pack"":1}",0,36,9758,120,100.0,0.0,5.007698078197545,9758,0,0,0.00073634,0.000145385,0.008373012,"[""'<repo>/target/release/mathzip' compress --mode fast --max-input-bytes 8589934592 --no-sync --force '<repo>/datasets/data/canterbury/fields.c' '<work>/archive.mz'"",""'<repo>/target/release/mathzip' compress --mode fast --max-input-bytes 8589934592 --no-sync --force --metrics-output '<work>/metrics-probe.mz.metrics.json' '<repo>/datasets/data/canterbury/fields.c' '<work>/metrics-probe.mz'"",""'<repo>/target/release/mathzip' decompress --max-archive-bytes 17179869184 --max-output-bytes 8589934592 --max-segments 8388608 --no-sync --force '<work>/archive.mz' '<work>/restored.bin'""]",{}
mathzip-benchmark-results-v1,20260724T025637Z-8563453d,quick,canterbury_files,datasets/data/canterbury/fields.c,fields.c,Upstream files retain their original terms; see dataset manifest,datasets/manifests/canterbury.json,datasets/data/canterbury/dataset.json,30daaac9157db37ceda0cc444f6c9c304e91cf17e0164d0a12bc354539937151,true,85d73e354cc50cec76cb5a50537cf8dc035f8cbb8480f9e1cbe2f7d6c23393c7,5.007698078197545,11150,raw,raw,default,,1,ok,,3,3,11150,1.0,0.0,0.0,8.0,0.0,0.00021328900038497522,0.0001936979970196262,52.27648861345333,57.56383737344605,0.00021699499999972005,0.00019696800000001957,,true,true,85d73e354cc50cec76cb5a50537cf8dc035f8cbb8480f9e1cbe2f7d6c23393c7,85d73e354cc50cec76cb5a50537cf8dc035f8cbb8480f9e1cbe2f7d6c23393c7,,,,,,,,,,,,,,,,,,,,"[""stdlib:shutil.copyfile""]",{}
mathzip-benchmark-results-v1,20260724T025637Z-8563453d,quick,canterbury_files,datasets/data/canterbury/fields.c,fields.c,Upstream files retain their original terms; see dataset manifest,datasets/manifests/canterbury.json,datasets/data/canterbury/dataset.json,30daaac9157db37ceda0cc444f6c9c304e91cf17e0164d0a12bc354539937151,true,85d73e354cc50cec76cb5a50537cf8dc035f8cbb8480f9e1cbe2f7d6c23393c7,5.007698078197545,11150,gzip-fast,gzip,fast,,1,ok,,3,3,3665,3.0422919508867667,0.6713004484304932,67.13004484304932,2.629596412556054,0.0,0.002943396000773646,0.002883043998735957,3.7881413160408317,3.867440110136582,0.0023929999999996454,0.002119000000000426,352256.0,true,true,730a5735d13cc21937b47a8617b75bdba08dd29624f34a586e1831f12e31cef5,85d73e354cc50cec76cb5a50537cf8dc035f8cbb8480f9e1cbe2f7d6c23393c7,,,,,,,,,,,,,,,,,,,,"[""'<external>/gzip' -d -c '<work>/archive.gz'"",""'<external>/gzip' -n -c -1 '<repo>/datasets/data/canterbury/fields.c'""]",{}
mathzip-benchmark-results-v1,20260724T025637Z-8563453d,quick,canterbury_files,datasets/data/canterbury/fields.c,fields.c,Upstream files retain their original terms; see dataset manifest,datasets/manifests/canterbury.json,datasets/data/canterbury/dataset.json,30daaac9157db37ceda0cc444f6c9c304e91cf17e0164d0a12bc354539937151,true,85d73e354cc50cec76cb5a50537cf8dc035f8cbb8480f9e1cbe2f7d6c23393c7,5.007698078197545,11150,bzip2-fast,bzip2,fast,,1,ok,,3,3,3039,3.668970055939454,0.7274439461883409,72.74439461883408,2.1804484304932736,0.0,0.005290437002258841,0.0032169949990930036,2.1075763675551413,3.4659674644019094,0.004715999999998388,0.0025649999999988182,442368.0,true,true,ec1025d89bf9ba30e04315c52f6ad9d1a42179ffd7395452db66c1f50bf30162,85d73e354cc50cec76cb5a50537cf8dc035f8cbb8480f9e1cbe2f7d6c23393c7,,,,,,,,,,,,,,,,,,,,"[""'<external>/bzip2' -c -1"",""'<external>/bzip2' -d -c '<work>/archive.bz2'""]",{}
mathzip-benchmark-results-v1,20260724T025637Z-8563453d,quick,canterbury_files,datasets/data/canterbury/fields.c,fields.c,Upstream files retain their original terms; see dataset manifest,datasets/manifests/canterbury.json,datasets/data/canterbury/dataset.json,30daaac9157db37ceda0cc444f6c9c304e91cf17e0164d0a12bc354539937151,true,85d73e354cc50cec76cb5a50537cf8dc035f8cbb8480f9e1cbe2f7d6c23393c7,5.007698078197545,11150,xz-fast,xz,fast,,1,ok,,3,3,3228,3.4541511771995044,0.7104932735426008,71.04932735426009,2.316053811659193,0.0,0.010317007996491157,0.004229484002280515,1.0807396876877624,2.636255390489237,0.009192999999999785,0.0028199999999998226,344064.0,true,true,93fcfdb0119e490cf06aabdd019a09a63f4f5c59a9143e9f0221693f7d52b081,85d73e354cc50cec76cb5a50537cf8dc035f8cbb8480f9e1cbe2f7d6c23393c7,,,,,,,,,,,,,,,,,,,,"[""'<external>/xz' -c --threads=1 -1 '<repo>/datasets/data/canterbury/fields.c'"",""'<external>/xz' -d -c --threads=1 '<work>/archive.xz'""]",{}
mathzip-benchmark-results-v1,20260724T025637Z-8563453d,quick,canterbury_files,datasets/data/canterbury/fields.c,fields.c,Upstream files retain their original terms; see dataset manifest,datasets/manifests/canterbury.json,datasets/data/canterbury/dataset.json,30daaac9157db37ceda0cc444f6c9c304e91cf17e0164d0a12bc354539937151,true,85d73e354cc50cec76cb5a50537cf8dc035f8cbb8480f9e1cbe2f7d6c23393c7,5.007698078197545,11150,zstd-fast,zstd,fast,,1,ok,,3,3,3560,3.1320224719101124,0.6807174887892377,68.07174887892377,2.5542600896860987,0.0,0.00479314800031716,0.004253467996022664,2.326237370359148,2.6213903596844155,0.004410000000000025,0.0037269999999995918,344064.0,true,true,029a8054534f92eb17e63c0d57dbf800c35ec26eed6131e757650d188e166d11,85d73e354cc50cec76cb5a50537cf8dc035f8cbb8480f9e1cbe2f7d6c23393c7,,,,,,,,,,,,,,,,,,,,"[""'<external>/zstd' -q -d -c '<work>/archive.zst'"",""'<external>/zstd' -q -f -T1 -1 -c '<repo>/datasets/data/canterbury/fields.c'""]",{}
mathzip-benchmark-results-v1,20260724T025637Z-8563453d,quick,canterbury_files,datasets/data/canterbury/fields.c,fields.c,Upstream files retain their original terms; see dataset manifest,datasets/manifests/canterbury.json,datasets/data/canterbury/dataset.json,30daaac9157db37ceda0cc444f6c9c304e91cf17e0164d0a12bc354539937151,true,85d73e354cc50cec76cb5a50537cf8dc035f8cbb8480f9e1cbe2f7d6c23393c7,5.007698078197545,11150,lz4-fast,lz4,fast,,1,ok,,3,3,5234,2.130301872372946,0.5305829596412557,53.05829596412557,3.755336322869955,0.0,0.002767236001091078,0.0026758669991977513,4.02929132014896,4.166873765901993,0.0021570000000004086,0.0020889999999997855,458752.0,true,true,1dfd279df1b1d62129cbafb332c1a2feb6c472d6c970079aef11361121c38acb,85d73e354cc50cec76cb5a50537cf8dc035f8cbb8480f9e1cbe2f7d6c23393c7,,,,,,,,,,,,,,,,,,,,"[""'<tmp>/mathzip-toolpkgs.3lRj8c/extracted/usr/bin/lz4' -q -d -f '<work>/archive.lz4' '<work>/restored.bin'"",""'<tmp>/mathzip-toolpkgs.3lRj8c/extracted/usr/bin/lz4' -q -f -1 '<repo>/datasets/data/canterbury/fields.c' '<work>/archive.lz4'""]",{}
mathzip-benchmark-results-v1,20260724T025637Z-8563453d,quick,canterbury_files,datasets/data/canterbury/fields.c,fields.c,Upstream files retain their original terms; see dataset manifest,datasets/manifests/canterbury.json,datasets/data/canterbury/dataset.json,30daaac9157db37ceda0cc444f6c9c304e91cf17e0164d0a12bc354539937151,true,85d73e354cc50cec76cb5a50537cf8dc035f8cbb8480f9e1cbe2f7d6c23393c7,5.007698078197545,11150,brotli-fast,brotli,fast,,1,ok,,3,3,3273,3.4066605560647725,0.7064573991031391,70.6457399103139,2.3483408071748877,0.0,0.004875817001448013,0.003778621001401916,2.286796242904254,2.9508119485556263,0.004220999999999364,0.002659000000001299,352256.0,true,true,385ec12ba9366b43789f6f80187de2e28229d85377bdc12b4ae4959bded788a7,85d73e354cc50cec76cb5a50537cf8dc035f8cbb8480f9e1cbe2f7d6c23393c7,,,,,,,,,,,,,,,,,,,,"[""'<tmp>/mathzip-toolpkgs.3lRj8c/extracted/usr/bin/brotli' -f -d -o '<work>/restored.bin' '<work>/archive.br'"",""'<tmp>/mathzip-toolpkgs.3lRj8c/extracted/usr/bin/brotli' -f -q 4 -o '<work>/archive.br' '<repo>/datasets/data/canterbury/fields.c'""]",{}
mathzip-benchmark-results-v1,20260724T025637Z-8563453d,quick,canterbury_files,datasets/data/canterbury/fields.c,fields.c,Upstream files retain their original terms; see dataset manifest,datasets/manifests/canterbury.json,datasets/data/canterbury/dataset.json,30daaac9157db37ceda0cc444f6c9c304e91cf17e0164d0a12bc354539937151,true,85d73e354cc50cec76cb5a50537cf8dc035f8cbb8480f9e1cbe2f7d6c23393c7,5.007698078197545,11150,7z-fast,7z,fast,,1,ok,,3,3,3238,3.443483631871526,0.7095964125560539,70.95964125560539,2.3232286995515694,0.0,0.010275998996803537,0.0070981530006974936,1.085052655558679,1.570831172405604,0.009642999999998736,0.0064240000000008735,401408.0,true,true,bdbbf8ac260a71768969a5f3972d305d3593a925aff47178ef155aab579696fc,85d73e354cc50cec76cb5a50537cf8dc035f8cbb8480f9e1cbe2f7d6c23393c7,,,,,,,,,,,,,,,,,,,,"[""'<tmp>/mathzip-toolpkgs.3lRj8c/extracted/usr/lib/7zip/7z' a -y -bd -bso0 -bsp0 -t7z -m0=lzma2 -mx=1 -mmt=1 '<work>/archive.7z' '<repo>/datasets/data/canterbury/fields.c'"",""'<tmp>/mathzip-toolpkgs.3lRj8c/extracted/usr/lib/7zip/7z' e -so -bd -mmt=1 '<work>/archive.7z'""]",{}
mathzip-benchmark-results-v1,20260724T025637Z-8563453d,quick,canterbury_files,datasets/data/canterbury/grammar.lsp,grammar.lsp,Upstream files retain their original terms; see dataset manifest,datasets/manifests/canterbury.json,datasets/data/canterbury/dataset.json,30daaac9157db37ceda0cc444f6c9c304e91cf17e0164d0a12bc354539937151,true,1b0805dfc0ae706b35aac2bb4e15f02485efd24dda5dbd29de7b2f84d1a88c15,4.632267666454029,3721,mathzip-fast,mathzip,fast,,1,ok,,3,3,3413,1.0902431878113097,0.08277344799785002,8.277344799785002,7.3378124160172,0.0,0.007041603996185586,0.003848349006148055,0.528430738510097,0.9669081452995545,0.006371999999998934,0.003248000000001028,425984.0,true,true,4d6ba0bb2e85718b710c9c47ace685c9e06a02fb0c6eaf9657a63dd44f65ed8f,1b0805dfc0ae706b35aac2bb4e15f02485efd24dda5dbd29de7b2f84d1a88c15,"[{""type"":""identity""}]",1,3721.0,3721.0,"{""raw"":1}","{""bit_pack"":1}",0,36,3257,120,100.0,0.0,4.632267666454031,3257,0,0,0.00026853,0.000113464,0.002716268,"[""'<repo>/target/release/mathzip' compress --mode fast --max-input-bytes 8589934592 --no-sync --force '<repo>/datasets/data/canterbury/grammar.lsp' '<work>/archive.mz'"",""'<repo>/target/release/mathzip' compress --mode fast --max-input-bytes 8589934592 --no-sync --force --metrics-output '<work>/metrics-probe.mz.metrics.json' '<repo>/datasets/data/canterbury/grammar.lsp' '<work>/metrics-probe.mz'"",""'<repo>/target/release/mathzip' decompress --max-archive-bytes 17179869184 --max-output-bytes 8589934592 --max-segments 8388608 --no-sync --force '<work>/archive.mz' '<work>/restored.bin'""]",{}
mathzip-benchmark-results-v1,20260724T025637Z-8563453d,quick,canterbury_files,datasets/data/canterbury/grammar.lsp,grammar.lsp,Upstream files retain their original terms; see dataset manifest,datasets/manifests/canterbury.json,datasets/data/canterbury/dataset.json,30daaac9157db37ceda0cc444f6c9c304e91cf17e0164d0a12bc354539937151,true,1b0805dfc0ae706b35aac2bb4e15f02485efd24dda5dbd29de7b2f84d1a88c15,4.632267666454029,3721,raw,raw,default,,1,ok,,3,3,3721,1.0,0.0,0.0,8.0,0.0,0.00020694599515991285,0.00018194500444224104,17.98053640576461,20.451234764080823,0.00021077999999974395,0.0001853289999997898,,true,true,1b0805dfc0ae706b35aac2bb4e15f02485efd24dda5dbd29de7b2f84d1a88c15,1b0805dfc0ae706b35aac2bb4e15f02485efd24dda5dbd29de7b2f84d1a88c15,,,,,,,,,,,,,,,,,,,,"[""stdlib:shutil.copyfile""]",{}
mathzip-benchmark-results-v1,20260724T025637Z-8563453d,quick,canterbury_files,datasets/data/canterbury/grammar.lsp,grammar.lsp,Upstream files retain their original terms; see dataset manifest,datasets/manifests/canterbury.json,datasets/data/canterbury/dataset.json,30daaac9157db37ceda0cc444f6c9c304e91cf17e0164d0a12bc354539937151,true,1b0805dfc0ae706b35aac2bb4e15f02485efd24dda5dbd29de7b2f84d1a88c15,4.632267666454029,3721,gzip-fast,gzip,fast,,1,ok,,3,3,1344,2.7686011904761907,0.638806772373018,63.880677237301796,2.8895458210158558,0.0,0.0025573860039003193,0.0024139089946402237,1.4550013155327473,1.5414831330683985,0.001985999999998711,0.0018340000000023338,425984.0,true,true,4cd26e390746a5ed7974eefebc9f6b9cf3a237a9a7484291ec3ffa4e94b992eb,1b0805dfc0ae706b35aac2bb4e15f02485efd24dda5dbd29de7b2f84d1a88c15,,,,,,,,,,,,,,,,,,,,"[""'<external>/gzip' -d -c '<work>/archive.gz'"",""'<external>/gzip' -n -c -1 '<repo>/datasets/data/canterbury/grammar.lsp'""]",{}
mathzip-benchmark-results-v1,20260724T025637Z-8563453d,quick,canterbury_files,datasets/data/canterbury/grammar.lsp,grammar.lsp,Upstream files retain their original terms; see dataset manifest,datasets/manifests/canterbury.json,datasets/data/canterbury/dataset.json,30daaac9157db37ceda0cc444f6c9c304e91cf17e0164d0a12bc354539937151,true,1b0805dfc0ae706b35aac2bb4e15f02485efd24dda5dbd29de7b2f84d1a88c15,4.632267666454029,3721,bzip2-fast,bzip2,fast,,1,ok,,3,3,1283,2.9002338269680434,0.6552002149959688,65.52002149959688,2.7583982800322495,0.0,0.0037288849998731166,0.002765826000540983,0.9978854269108902,1.3453485502241245,0.002834000000000003,0.002144000000001256,356352.0,true,true,5159c9413a5410d2ef9af5efeb8c28016716eb4b0d57adef47c30da033ba6cb8,1b0805dfc0ae706b35aac2bb4e15f02485efd24dda5dbd29de7b2f84d1a88c15,,,,,,,,,,,,,,,,,,,,"[""'<external>/bzip2' -c -1"",""'<external>/bzip2' -d -c '<work>/archive.bz2'""]",{}
mathzip-benchmark-results-v1,20260724T025637Z-8563453d,quick,canterbury_files,datasets/data/canterbury/grammar.lsp,grammar.lsp,Upstream files retain their original terms; see dataset manifest,datasets/manifests/canterbury.json,datasets/data/canterbury/dataset.json,30daaac9157db37ceda0cc444f6c9c304e91cf17e0164d0a12bc354539937151,true,1b0805dfc0ae706b35aac2bb4e15f02485efd24dda5dbd29de7b2f84d1a88c15,4.632267666454029,3721,xz-fast,xz,fast,,1,ok,,3,3,1332,2.7935435435435436,0.6420317119054018,64.20317119054017,2.863746304756786,0.0,0.009571608999976888,0.0039203769993036985,0.3887538657303056,0.9491434116313022,0.008159000000000916,0.0024130000000006646,438272.0,true,true,dbf70c17647ad0ad7ce3314446c57a6e913a3029454a98895ce8406f38db6157,1b0805dfc0ae706b35aac2bb4e15f02485efd24dda5dbd29de7b2f84d1a88c15,,,,,,,,,,,,,,,,,,,,"[""'<external>/xz' -c --threads=1 -1 '<repo>/datasets/data/canterbury/grammar.lsp'"",""'<external>/xz' -d -c --threads=1 '<work>/archive.xz'""]",{}
mathzip-benchmark-results-v1,20260724T025637Z-8563453d,quick,canterbury_files,datasets/data/canterbury/grammar.lsp,grammar.lsp,Upstream files retain their original terms; see dataset manifest,datasets/manifests/canterbury.json,datasets/data/canterbury/dataset.json,30daaac9157db37ceda0cc444f6c9c304e91cf17e0164d0a12bc354539937151,true,1b0805dfc0ae706b35aac2bb4e15f02485efd24dda5dbd29de7b2f84d1a88c15,4.632267666454029,3721,zstd-fast,zstd,fast,,1,ok,,3,3,1341,2.7747949291573453,0.6396130072561139,63.961300725611395,2.883095941951088,0.0,0.004326419999415521,0.004367237001133617,0.8600644413863402,0.8520261206419822,0.0038890000000009195,0.0036940000000011963,348160.0,true,true,9abd5ced41a0f4e9c4224bc05108dea37073c77311f34f67aca1360b30994953,1b0805dfc0ae706b35aac2bb4e15f02485efd24dda5dbd29de7b2f84d1a88c15,,,,,,,,,,,,,,,,,,,,"[""'<external>/zstd' -q -d -c '<work>/archive.zst'"",""'<external>/zstd' -q -f -T1 -1 -c '<repo>/datasets/data/canterbury/grammar.lsp'""]",{}
mathzip-benchmark-results-v1,20260724T025637Z-8563453d,quick,canterbury_files,datasets/data/canterbury/grammar.lsp,grammar.lsp,Upstream files retain their original terms; see dataset manifest,datasets/manifests/canterbury.json,datasets/data/canterbury/dataset.json,30daaac9157db37ceda0cc444f6c9c304e91cf17e0164d0a12bc354539937151,true,1b0805dfc0ae706b35aac2bb4e15f02485efd24dda5dbd29de7b2f84d1a88c15,4.632267666454029,3721,lz4-fast,lz4,fast,,1,ok,,3,3,1931,1.9269808389435525,0.48105348024724537,48.105348024724535,4.151572158022037,0.0,0.0030128400030662306,0.0028176150008221157,1.2350473295007567,1.3206204534382082,0.002178999999999931,0.002159000000000688,458752.0,true,true,4f0202be94eb681a42cccd3f85718d6f77caf2cc4b0117ddf9ea0226ba60ab10,1b0805dfc0ae706b35aac2bb4e15f02485efd24dda5dbd29de7b2f84d1a88c15,,,,,,,,,,,,,,,,,,,,"[""'<tmp>/mathzip-toolpkgs.3lRj8c/extracted/usr/bin/lz4' -q -d -f '<work>/archive.lz4' '<work>/restored.bin'"",""'<tmp>/mathzip-toolpkgs.3lRj8c/extracted/usr/bin/lz4' -q -f -1 '<repo>/datasets/data/canterbury/grammar.lsp' '<work>/archive.lz4'""]",{}
mathzip-benchmark-results-v1,20260724T025637Z-8563453d,quick,canterbury_files,datasets/data/canterbury/grammar.lsp,grammar.lsp,Upstream files retain their original terms; see dataset manifest,datasets/manifests/canterbury.json,datasets/data/canterbury/dataset.json,30daaac9157db37ceda0cc444f6c9c304e91cf17e0164d0a12bc354539937151,true,1b0805dfc0ae706b35aac2bb4e15f02485efd24dda5dbd29de7b2f84d1a88c15,4.632267666454029,3721,brotli-fast,brotli,fast,,1,ok,,3,3,1258,2.9578696343402227,0.6619188390217683,66.19188390217683,2.7046492878258532,0.0,0.00456192200363148,0.003354357002535835,0.8156649756479679,1.1093035109819824,0.003945999999999117,0.0027260000000008944,356352.0,true,true,8e63d25825a4ede4331e52af6ea581217855b0e3f03a538e04f9afa41e0e24bc,1b0805dfc0ae706b35aac2bb4e15f02485efd24dda5dbd29de7b2f84d1a88c15,,,,,,,,,,,,,,,,,,,,"[""'<tmp>/mathzip-toolpkgs.3lRj8c/extracted/usr/bin/brotli' -f -d -o '<work>/restored.bin' '<work>/archive.br'"",""'<tmp>/mathzip-toolpkgs.3lRj8c/extracted/usr/bin/brotli' -f -q 4 -o '<work>/archive.br' '<repo>/datasets/data/canterbury/grammar.lsp'""]",{}
mathzip-benchmark-results-v1,20260724T025637Z-8563453d,quick,canterbury_files,datasets/data/canterbury/grammar.lsp,grammar.lsp,Upstream files retain their original terms; see dataset manifest,datasets/manifests/canterbury.json,datasets/data/canterbury/dataset.json,30daaac9157db37ceda0cc444f6c9c304e91cf17e0164d0a12bc354539937151,true,1b0805dfc0ae706b35aac2bb4e15f02485efd24dda5dbd29de7b2f84d1a88c15,4.632267666454029,3721,7z-fast,7z,fast,,1,ok,,3,3,1406,2.64651493598862,0.6221445847890352,62.21445847890352,3.022843321687718,0.0,0.009213320998242125,0.007862061000196263,0.40387174187352815,0.47328556722049236,0.008371999999999602,0.006800999999999391,401408.0,true,true,6fdc92c76d4ac8f39e2adce35ed514d523c87ef594971e3303f49a75127968d9,1b0805dfc0ae706b35aac2bb4e15f02485efd24dda5dbd29de7b2f84d1a88c15,,,,,,,,,,,,,,,,,,,,"[""'<tmp>/mathzip-toolpkgs.3lRj8c/extracted/usr/lib/7zip/7z' a -y -bd -bso0 -bsp0 -t7z -m0=lzma2 -mx=1 -mmt=1 '<work>/archive.7z' '<repo>/datasets/data/canterbury/grammar.lsp'"",""'<tmp>/mathzip-toolpkgs.3lRj8c/extracted/usr/lib/7zip/7z' e -so -bd -mmt=1 '<work>/archive.7z'""]",{}
mathzip-benchmark-results-v1,20260724T025637Z-8563453d,quick,canterbury_files,datasets/data/canterbury/kennedy.xls,kennedy.xls,Upstream files retain their original terms; see dataset manifest,datasets/manifests/canterbury.json,datasets/data/canterbury/dataset.json,30daaac9157db37ceda0cc444f6c9c304e91cf17e0164d0a12bc354539937151,true,9af47239ca29dfe20e633f80bbbb9a4cc9783d0803d7b2b5626f42e4c3790420,3.573470858581421,1029744,mathzip-fast,mathzip,fast,,1,ok,,3,3,1018201,1.0113366614253965,0.01120958218741741,1.120958218741741,7.910323342500661,0.0,0.5931672139995499,0.028336076997220516,1.736009637243338,36.340386853868566,0.5908350000000002,0.02755699999999983,10670080.0,true,true,87e8f0158a6187bd72f6ea4bfd114091057ff82ca0694f4beff640417823527d,9af47239ca29dfe20e633f80bbbb9a4cc9783d0803d7b2b5626f42e4c3790420,"[{""type"":""xor""}]",63,16345.142857142857,16384.0,"{""constant"":1,""periodic"":25,""raw"":37}","{""raw"":37,""zero_run"":26}",205,2268,1015608,120,58.6320483537656,58.6320483537656,5.745126551594269,1015608,26,0,0.078778751,0.011552868,0.492492801,"[""'<repo>/target/release/mathzip' compress --mode fast --max-input-bytes 8589934592 --no-sync --force '<repo>/datasets/data/canterbury/kennedy.xls' '<work>/archive.mz'"",""'<repo>/target/release/mathzip' compress --mode fast --max-input-bytes 8589934592 --no-sync --force --metrics-output '<work>/metrics-probe.mz.metrics.json' '<repo>/datasets/data/canterbury/kennedy.xls' '<work>/metrics-probe.mz'"",""'<repo>/target/release/mathzip' decompress --max-archive-bytes 17179869184 --max-output-bytes 8589934592 --max-segments 8388608 --no-sync --force '<work>/archive.mz' '<work>/restored.bin'""]",{}
mathzip-benchmark-results-v1,20260724T025637Z-8563453d,quick,canterbury_files,datasets/data/canterbury/kennedy.xls,kennedy.xls,Upstream files retain their original terms; see dataset manifest,datasets/manifests/canterbury.json,datasets/data/canterbury/dataset.json,30daaac9157db37ceda0cc444f6c9c304e91cf17e0164d0a12bc354539937151,true,9af47239ca29dfe20e633f80bbbb9a4cc9783d0803d7b2b5626f42e4c3790420,3.573470858581421,1029744,raw,raw,default,,1,ok,,3,3,1029744,1.0,0.0,0.0,8.0,0.0,0.00115510199975688,0.0010461889978614636,891.4745193210082,984.281044921062,0.0011591150000000994,0.0010497310000001647,,true,true,9af47239ca29dfe20e633f80bbbb9a4cc9783d0803d7b2b5626f42e4c3790420,9af47239ca29dfe20e633f80bbbb9a4cc9783d0803d7b2b5626f42e4c3790420,,,,,,,,,,,,,,,,,,,,"[""stdlib:shutil.copyfile""]",{}
mathzip-benchmark-results-v1,20260724T025637Z-8563453d,quick,canterbury_files,datasets/data/canterbury/kennedy.xls,kennedy.xls,Upstream files retain their original terms; see dataset manifest,datasets/manifests/canterbury.json,datasets/data/canterbury/dataset.json,30daaac9157db37ceda0cc444f6c9c304e91cf17e0164d0a12bc354539937151,true,9af47239ca29dfe20e633f80bbbb9a4cc9783d0803d7b2b5626f42e4c3790420,3.573470858581421,1029744,gzip-fast,gzip,fast,,1,ok,,3,3,245025,4.202607897153352,0.7620525101384421,76.2052510138442,1.9035799188924627,0.0,0.019533475002390333,0.012791656001354568,52.71688728574865,80.50122672865466,0.01667699999999961,0.010619999999997631,1855488.0,true,true,cd6f3661478bd2d25ae215ccb270d7d68cacb34b65026a11f552ebf6f5fa13b7,9af47239ca29dfe20e633f80bbbb9a4cc9783d0803d7b2b5626f42e4c3790420,,,,,,,,,,,,,,,,,,,,"[""'<external>/gzip' -d -c '<work>/archive.gz'"",""'<external>/gzip' -n -c -1 '<repo>/datasets/data/canterbury/kennedy.xls'""]",{}
mathzip-benchmark-results-v1,20260724T025637Z-8563453d,quick,canterbury_files,datasets/data/canterbury/kennedy.xls,kennedy.xls,Upstream files retain their original terms; see dataset manifest,datasets/manifests/canterbury.json,datasets/data/canterbury/dataset.json,30daaac9157db37ceda0cc444f6c9c304e91cf17e0164d0a12bc354539937151,true,9af47239ca29dfe20e633f80bbbb9a4cc9783d0803d7b2b5626f42e4c3790420,3.573470858581421,1029744,bzip2-fast,bzip2,fast,,1,ok,,3,3,123054,8.368228582573504,0.8805003962149816,88.05003962149816,0.9559968302801473,0.0,0.07652201300516026,0.027382628999475855,13.456833655572538,37.6057390259975,0.07524599999999992,0.0265639999999987,2453504.0,true,true,a4d6eac3117ceab29eced265a9bf43983d613ad4d2f81f08b8a6b0495f4b4230,9af47239ca29dfe20e633f80bbbb9a4cc9783d0803d7b2b5626f42e4c3790420,,,,,,,,,,,,,,,,,,,,"[""'<external>/bzip2' -c -1"",""'<external>/bzip2' -d -c '<work>/archive.bz2'""]",{}
mathzip-benchmark-results-v1,20260724T025637Z-8563453d,quick,canterbury_files,datasets/data/canterbury/kennedy.xls,kennedy.xls,Upstream files retain their original terms; see dataset manifest,datasets/manifests/canterbury.json,datasets/data/canterbury/dataset.json,30daaac9157db37ceda0cc444f6c9c304e91cf17e0164d0a12bc354539937151,true,9af47239ca29dfe20e633f80bbbb9a4cc9783d0803d7b2b5626f42e4c3790420,3.573470858581421,1029744,xz-fast,xz,fast,,1,ok,,3,3,66836,15.407026153569932,0.9350945477710965,93.50945477710965,0.519243617831228,0.0,0.07028756300132954,0.015276988000550773,14.65044391965221,67.4049099182951,0.06776199999999832,0.013790000000000191,9625600.0,true,true,2c73c74f612e5ce3d5df639ee4fb9114b4b60eaa5384c841aaa8422c20cece1c,9af47239ca29dfe20e633f80bbbb9a4cc9783d0803d7b2b5626f42e4c3790420,,,,,,,,,,,,,,,,,,,,"[""'<external>/xz' -c --threads=1 -1 '<repo>/datasets/data/canterbury/kennedy.xls'"",""'<external>/xz' -d -c --threads=1 '<work>/archive.xz'""]",{}
mathzip-benchmark-results-v1,20260724T025637Z-8563453d,quick,canterbury_files,datasets/data/canterbury/kennedy.xls,kennedy.xls,Upstream files retain their original terms; see dataset manifest,datasets/manifests/canterbury.json,datasets/data/canterbury/dataset.json,30daaac9157db37ceda0cc444f6c9c304e91cf17e0164d0a12bc354539937151,true,9af47239ca29dfe20e633f80bbbb9a4cc9783d0803d7b2b5626f42e4c3790420,3.573470858581421,1029744,zstd-fast,zstd,fast,,1,ok,,3,3,115395,8.923644871961523,0.8879381671561087,88.79381671561087,0.8964946627511304,0.0,0.013609030000225175,0.008999045996461064,75.66623043545071,114.42812942671411,0.013396000000000186,0.008267000000000024,4411392.0,true,true,aa685ee8f414c970b2e7e41a91df2c5b108be07d062163d927be06370cb6a4f7,9af47239ca29dfe20e633f80bbbb9a4cc9783d0803d7b2b5626f42e4c3790420,,,,,,,,,,,,,,,,,,,,"[""'<external>/zstd' -q -d -c '<work>/archive.zst'"",""'<external>/zstd' -q -f -T1 -1 -c '<repo>/datasets/data/canterbury/kennedy.xls'""]",{}
mathzip-benchmark-results-v1,20260724T025637Z-8563453d,quick,canterbury_files,datasets/data/canterbury/kennedy.xls,kennedy.xls,Upstream files retain their original terms; see dataset manifest,datasets/manifests/canterbury.json,datasets/data/canterbury/dataset.json,30daaac9157db37ceda0cc444f6c9c304e91cf17e0164d0a12bc354539937151,true,9af47239ca29dfe20e633f80bbbb9a4cc9783d0803d7b2b5626f42e4c3790420,3.573470858581421,1029744,lz4-fast,lz4,fast,,1,ok,,3,3,374723,2.7480138662425313,0.636100817290511,63.6100817290511,2.9111934616759116,0.0,0.008233797001594212,0.007179929998528678,125.06307840727953,143.41978267351027,0.007570000000001187,0.006504999999998873,344064.0,true,true,135a9340cf0e01c20a776b1d50d79ef26d62484fc7732563739a3825588a2814,9af47239ca29dfe20e633f80bbbb9a4cc9783d0803d7b2b5626f42e4c3790420,,,,,,,,,,,,,,,,,,,,"[""'<tmp>/mathzip-toolpkgs.3lRj8c/extracted/usr/bin/lz4' -q -d -f '<work>/archive.lz4' '<work>/restored.bin'"",""'<tmp>/mathzip-toolpkgs.3lRj8c/extracted/usr/bin/lz4' -q -f -1 '<repo>/datasets/data/canterbury/kennedy.xls' '<work>/archive.lz4'""]",{}
mathzip-benchmark-results-v1,20260724T025637Z-8563453d,quick,canterbury_files,datasets/data/canterbury/kennedy.xls,kennedy.xls,Upstream files retain their original terms; see dataset manifest,datasets/manifests/canterbury.json,datasets/data/canterbury/dataset.json,30daaac9157db37ceda0cc444f6c9c304e91cf17e0164d0a12bc354539937151,true,9af47239ca29dfe20e633f80bbbb9a4cc9783d0803d7b2b5626f42e4c3790420,3.573470858581421,1029744,brotli-fast,brotli,fast,,1,ok,,3,3,113743,9.053251628671655,0.8895424493854783,88.95424493854783,0.8836604049161734,0.0,0.03223516000434756,0.010183771002630237,31.94474604317516,101.11617786123043,0.03151999999999866,0.009407000000001275,5902336.0,true,true,05232094ee0a6529c8f73e3bf5c07fc05c333806315b41ce4ff750185d8d1700,9af47239ca29dfe20e633f80bbbb9a4cc9783d0803d7b2b5626f42e4c3790420,,,,,,,,,,,,,,,,,,,,"[""'<tmp>/mathzip-toolpkgs.3lRj8c/extracted/usr/bin/brotli' -f -d -o '<work>/restored.bin' '<work>/archive.br'"",""'<tmp>/mathzip-toolpkgs.3lRj8c/extracted/usr/bin/brotli' -f -q 4 -o '<work>/archive.br' '<repo>/datasets/data/canterbury/kennedy.xls'""]",{}
mathzip-benchmark-results-v1,20260724T025637Z-8563453d,quick,canterbury_files,datasets/data/canterbury/kennedy.xls,kennedy.xls,Upstream files retain their original terms; see dataset manifest,datasets/manifests/canterbury.json,datasets/data/canterbury/dataset.json,30daaac9157db37ceda0cc444f6c9c304e91cf17e0164d0a12bc354539937151,true,9af47239ca29dfe20e633f80bbbb9a4cc9783d0803d7b2b5626f42e4c3790420,3.573470858581421,1029744,7z-fast,7z,fast,,1,ok,,3,3,71855,14.330860761255305,0.9302205208284777,93.02205208284778,0.558235833372178,0.0,0.07126590199914062,0.016667713003698736,14.44932248261472,61.78076139008928,0.07039499999999954,0.015918000000000987,9588736.0,true,true,8375a5aa9b16bee7e85b059be976f42e7e2b2f0cf325bfebca48b2ab777621ec,9af47239ca29dfe20e633f80bbbb9a4cc9783d0803d7b2b5626f42e4c3790420,,,,,,,,,,,,,,,,,,,,"[""'<tmp>/mathzip-toolpkgs.3lRj8c/extracted/usr/lib/7zip/7z' a -y -bd -bso0 -bsp0 -t7z -m0=lzma2 -mx=1 -mmt=1 '<work>/archive.7z' '<repo>/datasets/data/canterbury/kennedy.xls'"",""'<tmp>/mathzip-toolpkgs.3lRj8c/extracted/usr/lib/7zip/7z' e -so -bd -mmt=1 '<work>/archive.7z'""]",{}
mathzip-benchmark-results-v1,20260724T025637Z-8563453d,quick,canterbury_files,datasets/data/canterbury/lcet10.txt,lcet10.txt,Upstream files retain their original terms; see dataset manifest,datasets/manifests/canterbury.json,datasets/data/canterbury/dataset.json,30daaac9157db37ceda0cc444f6c9c304e91cf17e0164d0a12bc354539937151,true,5314ba1dbb03f471df88bec6cd120a938ef60d0fd3511c5c1dce61bf7463245f,4.669117836842554,426754,mathzip-fast,mathzip,fast,,1,ok,,3,3,374520,1.1394691872263163,0.12239838408075843,12.239838408075842,7.020812927353933,0.0,0.3680804480027291,0.018354555999394506,1.1594041528574641,23.250576043031394,0.36636299999999977,0.017462000000001865,6299648.0,true,true,dad70f11d7114fce73a552940052d783a7464341de024fc863bb3d4d7f3f8203,5314ba1dbb03f471df88bec6cd120a938ef60d0fd3511c5c1dce61bf7463245f,"[{""type"":""xor""}]",27,15805.703703703704,16384.0,"{""raw"":27}","{""bit_pack"":26,""zero_run"":1}",0,972,373428,120,100.0,0.0,5.811180979718952,373428,0,0,0.031102357,0.004802483,0.326316447,"[""'<repo>/target/release/mathzip' compress --mode fast --max-input-bytes 8589934592 --no-sync --force '<repo>/datasets/data/canterbury/lcet10.txt' '<work>/archive.mz'"",""'<repo>/target/release/mathzip' compress --mode fast --max-input-bytes 8589934592 --no-sync --force --metrics-output '<work>/metrics-probe.mz.metrics.json' '<repo>/datasets/data/canterbury/lcet10.txt' '<work>/metrics-probe.mz'"",""'<repo>/target/release/mathzip' decompress --max-archive-bytes 17179869184 --max-output-bytes 8589934592 --max-segments 8388608 --no-sync --force '<work>/archive.mz' '<work>/restored.bin'""]",{}
mathzip-benchmark-results-v1,20260724T025637Z-8563453d,quick,canterbury_files,datasets/data/canterbury/lcet10.txt,lcet10.txt,Upstream files retain their original terms; see dataset manifest,datasets/manifests/canterbury.json,datasets/data/canterbury/dataset.json,30daaac9157db37ceda0cc444f6c9c304e91cf17e0164d0a12bc354539937151,true,5314ba1dbb03f471df88bec6cd120a938ef60d0fd3511c5c1dce61bf7463245f,4.669117836842554,426754,raw,raw,default,,1,ok,,3,3,426754,1.0,0.0,0.0,8.0,0.0,0.000570645002881065,0.0005368359998101369,747.8449786564502,794.9429623775798,0.0005744850000004575,0.0005401779999996137,,true,true,5314ba1dbb03f471df88bec6cd120a938ef60d0fd3511c5c1dce61bf7463245f,5314ba1dbb03f471df88bec6cd120a938ef60d0fd3511c5c1dce61bf7463245f,,,,,,,,,,,,,,,,,,,,"[""stdlib:shutil.copyfile""]",{}
mathzip-benchmark-results-v1,20260724T025637Z-8563453d,quick,canterbury_files,datasets/data/canterbury/lcet10.txt,lcet10.txt,Upstream files retain their original terms; see dataset manifest,datasets/manifests/canterbury.json,datasets/data/canterbury/dataset.json,30daaac9157db37ceda0cc444f6c9c304e91cf17e0164d0a12bc354539937151,true,5314ba1dbb03f471df88bec6cd120a938ef60d0fd3511c5c1dce61bf7463245f,4.669117836842554,426754,gzip-fast,gzip,fast,,1,ok,,3,3,174121,2.450904830548871,0.5919874213246976,59.19874213246976,3.264100629402419,0.0,0.012834476001444273,0.007846514003176708,33.250597839130876,54.38771916130222,0.0119630000000015,0.007066000000001793,1884160.0,true,true,da5ca430a3481350baa9b4f80feb8f3b716d3ef7e295bac855624ff0328e2152,5314ba1dbb03f471df88bec6cd120a938ef60d0fd3511c5c1dce61bf7463245f,,,,,,,,,,,,,,,,,,,,"[""'<external>/gzip' -d -c '<work>/archive.gz'"",""'<external>/gzip' -n -c -1 '<repo>/datasets/data/canterbury/lcet10.txt'""]",{}
mathzip-benchmark-results-v1,20260724T025637Z-8563453d,quick,canterbury_files,datasets/data/canterbury/lcet10.txt,lcet10.txt,Upstream files retain their original terms; see dataset manifest,datasets/manifests/canterbury.json,datasets/data/canterbury/dataset.json,30daaac9157db37ceda0cc444f6c9c304e91cf17e0164d0a12bc354539937151,true,5314ba1dbb03f471df88bec6cd120a938ef60d0fd3511c5c1dce61bf7463245f,4.669117836842554,426754,bzip2-fast,bzip2,fast,,1,ok,,3,3,124819,3.4189826869306756,0.7075153367045183,70.75153367045182,2.339877306363854,0.0,0.04881269999896176,0.023728350002784282,8.742683768959246,17.984984204545395,0.048035999999999746,0.02304799999999929,2453504.0,true,true,915a7fd6ba3a94d05ed52221f1c59d9df021abc907bb07009d63e16fe03324c6,5314ba1dbb03f471df88bec6cd120a938ef60d0fd3511c5c1dce61bf7463245f,,,,,,,,,,,,,,,,,,,,"[""'<external>/bzip2' -c -1"",""'<external>/bzip2' -d -c '<work>/archive.bz2'""]",{}
mathzip-benchmark-results-v1,20260724T025637Z-8563453d,quick,canterbury_files,datasets/data/canterbury/lcet10.txt,lcet10.txt,Upstream files retain their original terms; see dataset manifest,datasets/manifests/canterbury.json,datasets/data/canterbury/dataset.json,30daaac9157db37ceda0cc444f6c9c304e91cf17e0164d0a12bc354539937151,true,5314ba1dbb03f471df88bec6cd120a938ef60d0fd3511c5c1dce61bf7463245f,4.669117836842554,426754,xz-fast,xz,fast,,1,ok,,3,3,137408,3.105743479273405,0.6780159061192162,67.80159061192163,2.57587275104627,0.0,0.06525693799630972,0.016050821999670006,6.539595836141331,26.58767258205055,0.062080999999999165,0.014406000000001029,6381568.0,true,true,788935a79527c2d125f4c1b9feb32170b853c33bf2dcb88094fabf9e3609718a,5314ba1dbb03f471df88bec6cd120a938ef60d0fd3511c5c1dce61bf7463245f,,,,,,,,,,,,,,,,,,,,"[""'<external>/xz' -c --threads=1 -1 '<repo>/datasets/data/canterbury/lcet10.txt'"",""'<external>/xz' -d -c --threads=1 '<work>/archive.xz'""]",{}
mathzip-benchmark-results-v1,20260724T025637Z-8563453d,quick,canterbury_files,datasets/data/canterbury/lcet10.txt,lcet10.txt,Upstream files retain their original terms; see dataset manifest,datasets/manifests/canterbury.json,datasets/data/canterbury/dataset.json,30daaac9157db37ceda0cc444f6c9c304e91cf17e0164d0a12bc354539937151,true,5314ba1dbb03f471df88bec6cd120a938ef60d0fd3511c5c1dce61bf7463245f,4.669117836842554,426754,zstd-fast,zstd,fast,,1,ok,,3,3,158524,2.692046630163256,0.6285354091584379,62.85354091584379,2.971716726732497,0.0,0.009798872000828851,0.006843264003691729,43.551339374971164,62.361177322660566,0.009909999999997865,0.0062320000000006814,356352.0,true,true,3d6a80b58a19ed1f55fb97bca2733bd09a853f076061c691a0159c16d905f16b,5314ba1dbb03f471df88bec6cd120a938ef60d0fd3511c5c1dce61bf7463245f,,,,,,,,,,,,,,,,,,,,"[""'<external>/zstd' -q -d -c '<work>/archive.zst'"",""'<external>/zstd' -q -f -T1 -1 -c '<repo>/datasets/data/canterbury/lcet10.txt'""]",{}
mathzip-benchmark-results-v1,20260724T025637Z-8563453d,quick,canterbury_files,datasets/data/canterbury/lcet10.txt,lcet10.txt,Upstream files retain their original terms; see dataset manifest,datasets/manifests/canterbury.json,datasets/data/canterbury/dataset.json,30daaac9157db37ceda0cc444f6c9c304e91cf17e0164d0a12bc354539937151,true,5314ba1dbb03f471df88bec6cd120a938ef60d0fd3511c5c1dce61bf7463245f,4.669117836842554,426754,lz4-fast,lz4,fast,,1,ok,,3,3,233232,1.82974034437813,0.4534743669655118,45.34743669655118,4.372205064275906,0.0,0.005986055999528617,0.004804274001799058,71.29134776447223,88.82798937783176,0.005319999999997549,0.0041460000000022035,454656.0,true,true,ccc18100094fc19a59193d1546b2d4673a9546a17c9e7bf851606893b510c344,5314ba1dbb03f471df88bec6cd120a938ef60d0fd3511c5c1dce61bf7463245f,,,,,,,,,,,,,,,,,,,,"[""'<tmp>/mathzip-toolpkgs.3lRj8c/extracted/usr/bin/lz4' -q -d -f '<work>/archive.lz4' '<work>/restored.bin'"",""'<tmp>/mathzip-toolpkgs.3lRj8c/extracted/usr/bin/lz4' -q -f -1 '<repo>/datasets/data/canterbury/lcet10.txt' '<work>/archive.lz4'""]",{}
mathzip-benchmark-results-v1,20260724T025637Z-8563453d,quick,canterbury_files,datasets/data/canterbury/lcet10.txt,lcet10.txt,Upstream files retain their original terms; see dataset manifest,datasets/manifests/canterbury.json,datasets/data/canterbury/dataset.json,30daaac9157db37ceda0cc444f6c9c304e91cf17e0164d0a12bc354539937151,true,5314ba1dbb03f471df88bec6cd120a938ef60d0fd3511c5c1dce61bf7463245f,4.669117836842554,426754,brotli-fast,brotli,fast,,1,ok,,3,3,141896,3.0075125443987147,0.6674993087352432,66.74993087352432,2.660005530118054,0.0,0.021875464997719973,0.007252483999764081,19.508339596185934,58.84246004732752,0.02076100000000025,0.006548999999999694,4141056.0,true,true,9d92791d762a76f2b233589a92020971b8ad802443978bb22441aa10951bcf1f,5314ba1dbb03f471df88bec6cd120a938ef60d0fd3511c5c1dce61bf7463245f,,,,,,,,,,,,,,,,,,,,"[""'<tmp>/mathzip-toolpkgs.3lRj8c/extracted/usr/bin/brotli' -f -d -o '<work>/restored.bin' '<work>/archive.br'"",""'<tmp>/mathzip-toolpkgs.3lRj8c/extracted/usr/bin/brotli' -f -q 4 -o '<work>/archive.br' '<repo>/datasets/data/canterbury/lcet10.txt'""]",{}
mathzip-benchmark-results-v1,20260724T025637Z-8563453d,quick,canterbury_files,datasets/data/canterbury/lcet10.txt,lcet10.txt,Upstream files retain their original terms; see dataset manifest,datasets/manifests/canterbury.json,datasets/data/canterbury/dataset.json,30daaac9157db37ceda0cc444f6c9c304e91cf17e0164d0a12bc354539937151,true,5314ba1dbb03f471df88bec6cd120a938ef60d0fd3511c5c1dce61bf7463245f,4.669117836842554,426754,7z-fast,7z,fast,,1,ok,,3,3,132564,3.2192299568510303,0.689366707752007,68.93667077520071,2.4850663379839437,0.0,0.05306288300198503,0.017123744000855368,8.042420159945618,24.92176944356811,0.05141400000000118,0.016368999999997413,9019392.0,true,true,9ca64b7ca72217ffa3130eff67997540c5f2a9c0bbb4470e31fd4046fd5871f0,5314ba1dbb03f471df88bec6cd120a938ef60d0fd3511c5c1dce61bf7463245f,,,,,,,,,,,,,,,,,,,,"[""'<tmp>/mathzip-toolpkgs.3lRj8c/extracted/usr/lib/7zip/7z' a -y -bd -bso0 -bsp0 -t7z -m0=lzma2 -mx=1 -mmt=1 '<work>/archive.7z' '<repo>/datasets/data/canterbury/lcet10.txt'"",""'<tmp>/mathzip-toolpkgs.3lRj8c/extracted/usr/lib/7zip/7z' e -so -bd -mmt=1 '<work>/archive.7z'""]",{}
mathzip-benchmark-results-v1,20260724T025637Z-8563453d,quick,canterbury_files,datasets/data/canterbury/plrabn12.txt,plrabn12.txt,Upstream files retain their original terms; see dataset manifest,datasets/manifests/canterbury.json,datasets/data/canterbury/dataset.json,30daaac9157db37ceda0cc444f6c9c304e91cf17e0164d0a12bc354539937151,true,07e2e0b461af78c7c647cb53dab39de560198e16f799b4516eccf0fbd69f764c,4.531362798245583,481861,mathzip-fast,mathzip,fast,,1,ok,,3,3,422859,1.139531143951057,0.12244609960133734,12.244609960133735,7.020431203189301,0.0,0.39389955600199755,0.019352873001480475,1.2233093250746299,24.89868041624301,0.39266800000000046,0.018527000000002403,6520832.0,true,true,250f0779b88270f8b8ffd7e2a19f3a12ea868fd12f99d65c1327d50d9701d2dc,07e2e0b461af78c7c647cb53dab39de560198e16f799b4516eccf0fbd69f764c,"[{""type"":""identity""}]",30,16062.033333333333,16384.0,"{""raw"":30}","{""bit_pack"":30}",0,1080,421659,120,100.0,0.0,4.531362798245583,421659,0,0,0.034503084,0.005307634,0.346705614,"[""'<repo>/target/release/mathzip' compress --mode fast --max-input-bytes 8589934592 --no-sync --force '<repo>/datasets/data/canterbury/plrabn12.txt' '<work>/archive.mz'"",""'<repo>/target/release/mathzip' compress --mode fast --max-input-bytes 8589934592 --no-sync --force --metrics-output '<work>/metrics-probe.mz.metrics.json' '<repo>/datasets/data/canterbury/plrabn12.txt' '<work>/metrics-probe.mz'"",""'<repo>/target/release/mathzip' decompress --max-archive-bytes 17179869184 --max-output-bytes 8589934592 --max-segments 8388608 --no-sync --force '<work>/archive.mz' '<work>/restored.bin'""]",{}
mathzip-benchmark-results-v1,20260724T025637Z-8563453d,quick,canterbury_files,datasets/data/canterbury/plrabn12.txt,plrabn12.txt,Upstream files retain their original terms; see dataset manifest,datasets/manifests/canterbury.json,datasets/data/canterbury/dataset.json,30daaac9157db37ceda0cc444f6c9c304e91cf17e0164d0a12bc354539937151,true,07e2e0b461af78c7c647cb53dab39de560198e16f799b4516eccf0fbd69f764c,4.531362798245583,481861,raw,raw,default,,1,ok,,3,3,481861,1.0,0.0,0.0,8.0,0.0,0.0005935139997745864,0.0005924260040046647,811.8780688964512,813.3690903888915,0.0005975320000004558,0.0005956999999998658,,true,true,07e2e0b461af78c7c647cb53dab39de560198e16f799b4516eccf0fbd69f764c,07e2e0b461af78c7c647cb53dab39de560198e16f799b4516eccf0fbd69f764c,,,,,,,,,,,,,,,,,,,,"[""stdlib:shutil.copyfile""]",{}
mathzip-benchmark-results-v1,20260724T025637Z-8563453d,quick,canterbury_files,datasets/data/canterbury/plrabn12.txt,plrabn12.txt,Upstream files retain their original terms; see dataset manifest,datasets/manifests/canterbury.json,datasets/data/canterbury/dataset.json,30daaac9157db37ceda0cc444f6c9c304e91cf17e0164d0a12bc354539937151,true,07e2e0b461af78c7c647cb53dab39de560198e16f799b4516eccf0fbd69f764c,4.531362798245583,481861,gzip-fast,gzip,fast,,1,ok,,3,3,228765,2.1063580530238455,0.5252469073031434,52.52469073031434,3.7980247415748525,0.0,0.015563312997983303,0.008728598004381638,30.96133837714628,55.20485646814211,0.01492799999999761,0.007979999999999876,1871872.0,true,true,70e9d308e835510e168dd85eb3b02cd4ea081ee57302a856aa8d6f74435af234,07e2e0b461af78c7c647cb53dab39de560198e16f799b4516eccf0fbd69f764c,,,,,,,,,,,,,,,,,,,,"[""'<external>/gzip' -d -c '<work>/archive.gz'"",""'<external>/gzip' -n -c -1 '<repo>/datasets/data/canterbury/plrabn12.txt'""]",{}
mathzip-benchmark-results-v1,20260724T025637Z-8563453d,quick,canterbury_files,datasets/data/canterbury/plrabn12.txt,plrabn12.txt,Upstream files retain their original terms; see dataset manifest,datasets/manifests/canterbury.json,datasets/data/canterbury/dataset.json,30daaac9157db37ceda0cc444f6c9c304e91cf17e0164d0a12bc354539937151,true,07e2e0b461af78c7c647cb53dab39de560198e16f799b4516eccf0fbd69f764c,4.531362798245583,481861,bzip2-fast,bzip2,fast,,1,ok,,3,3,164084,2.936672679846908,0.6594785633201277,65.94785633201276,2.724171493438979,0.0,0.05636637600400718,0.02946979099942837,8.548731250093915,16.351015180574127,0.0556599999999996,0.028677999999999315,2457600.0,true,true,0e56663a0c878e5dbe04b31d52dcd7a8ce3ef45081e561142bb29b4e25b26f97,07e2e0b461af78c7c647cb53dab39de560198e16f799b4516eccf0fbd69f764c,,,,,,,,,,,,,,,,,,,,"[""'<external>/bzip2' -c -1"",""'<external>/bzip2' -d -c '<work>/archive.bz2'""]",{}
mathzip-benchmark-results-v1,20260724T025637Z-8563453d,quick,canterbury_files,datasets/data/canterbury/plrabn12.txt,plrabn12.txt,Upstream files retain their original terms; see dataset manifest,datasets/manifests/canterbury.json,datasets/data/canterbury/dataset.json,30daaac9157db37ceda0cc444f6c9c304e91cf17e0164d0a12bc354539937151,true,07e2e0b461af78c7c647cb53dab39de560198e16f799b4516eccf0fbd69f764c,4.531362798245583,481861,xz-fast,xz,fast,,1,ok,,3,3,189700,2.5401212440695837,0.6063180045697826,60.631800456978254,3.1494559634417394,0.0,0.0892563129964401,0.02005871200526599,5.398620935857148,24.02252945620325,0.08646600000000149,0.01835999999999771,6934528.0,true,true,2f9051d479fb9bf54f65e4b11c0f38c15dca9c93dc2d14d653c6caab902c365f,07e2e0b461af78c7c647cb53dab39de560198e16f799b4516eccf0fbd69f764c,,,,,,,,,,,,,,,,,,,,"[""'<external>/xz' -c --threads=1 -1 '<repo>/datasets/data/canterbury/plrabn12.txt'"",""'<external>/xz' -d -c --threads=1 '<work>/archive.xz'""]",{}
mathzip-benchmark-results-v1,20260724T025637Z-8563453d,quick,canterbury_files,datasets/data/canterbury/plrabn12.txt,plrabn12.txt,Upstream files retain their original terms; see dataset manifest,datasets/manifests/canterbury.json,datasets/data/canterbury/dataset.json,30daaac9157db37ceda0cc444f6c9c304e91cf17e0164d0a12bc354539937151,true,07e2e0b461af78c7c647cb53dab39de560198e16f799b4516eccf0fbd69f764c,4.531362798245583,481861,zstd-fast,zstd,fast,,1,ok,,3,3,217845,2.211944272303702,0.5479090443094585,54.79090443094585,3.616727645524332,0.0,0.010589981997327413,0.007423651004501153,45.5015882105944,64.90889721349173,0.01076399999999822,0.006598000000000326,356352.0,true,true,35ee76ba33292e47505227c1372b260469c5235f612f369b760ba1de5a8ec4f4,07e2e0b461af78c7c647cb53dab39de560198e16f799b4516eccf0fbd69f764c,,,,,,,,,,,,,,,,,,,,"[""'<external>/zstd' -q -d -c '<work>/archive.zst'"",""'<external>/zstd' -q -f -T1 -1 -c '<repo>/datasets/data/canterbury/plrabn12.txt'""]",{}
mathzip-benchmark-results-v1,20260724T025637Z-8563453d,quick,canterbury_files,datasets/data/canterbury/plrabn12.txt,plrabn12.txt,Upstream files retain their original terms; see dataset manifest,datasets/manifests/canterbury.json,datasets/data/canterbury/dataset.json,30daaac9157db37ceda0cc444f6c9c304e91cf17e0164d0a12bc354539937151,true,07e2e0b461af78c7c647cb53dab39de560198e16f799b4516eccf0fbd69f764c,4.531362798245583,481861,lz4-fast,lz4,fast,,1,ok,,3,3,325608,1.4798807154615365,0.324269862055655,32.4269862055655,5.40584110355476,0.0,0.0063513089990010485,0.005417083004431333,75.8679825018415,88.95211677683793,0.005703000000000458,0.004611999999998062,344064.0,true,true,7d5fd8431957ccaf415cb782d987571cc2621c2fac8118e8fcfb740c5acc93bd,07e2e0b461af78c7c647cb53dab39de560198e16f799b4516eccf0fbd69f764c,,,,,,,,,,,,,,,,,,,,"[""'<tmp>/mathzip-toolpkgs.3lRj8c/extracted/usr/bin/lz4' -q -d -f '<work>/archive.lz4' '<work>/restored.bin'"",""'<tmp>/mathzip-toolpkgs.3lRj8c/extracted/usr/bin/lz4' -q -f -1 '<repo>/datasets/data/canterbury/plrabn12.txt' '<work>/archive.lz4'""]",{}
mathzip-benchmark-results-v1,20260724T025637Z-8563453d,quick,canterbury_files,datasets/data/canterbury/plrabn12.txt,plrabn12.txt,Upstream files retain their original terms; see dataset manifest,datasets/manifests/canterbury.json,datasets/data/canterbury/dataset.json,30daaac9157db37ceda0cc444f6c9c304e91cf17e0164d0a12bc354539937151,true,07e2e0b461af78c7c647cb53dab39de560198e16f799b4516eccf0fbd69f764c,4.531362798245583,481861,brotli-fast,brotli,fast,,1,ok,,3,3,193873,2.4854466583794546,0.5976578307852265,59.76578307852265,3.2187373537181885,0.0,0.028841981998994015,0.008088624999800231,16.706930890422402,59.57267150002636,0.028060000000003527,0.0072909999999950514,4984832.0,true,true,4d42cbf1bde947983082efa801e0e11d11e5780189a56b5e55df98dfee864723,07e2e0b461af78c7c647cb53dab39de560198e16f799b4516eccf0fbd69f764c,,,,,,,,,,,,,,,,,,,,"[""'<tmp>/mathzip-toolpkgs.3lRj8c/extracted/usr/bin/brotli' -f -d -o '<work>/restored.bin' '<work>/archive.br'"",""'<tmp>/mathzip-toolpkgs.3lRj8c/extracted/usr/bin/brotli' -f -q 4 -o '<work>/archive.br' '<repo>/datasets/data/canterbury/plrabn12.txt'""]",{}
mathzip-benchmark-results-v1,20260724T025637Z-8563453d,quick,canterbury_files,datasets/data/canterbury/plrabn12.txt,plrabn12.txt,Upstream files retain their original terms; see dataset manifest,datasets/manifests/canterbury.json,datasets/data/canterbury/dataset.json,30daaac9157db37ceda0cc444f6c9c304e91cf17e0164d0a12bc354539937151,true,07e2e0b461af78c7c647cb53dab39de560198e16f799b4516eccf0fbd69f764c,4.531362798245583,481861,7z-fast,7z,fast,,1,ok,,3,3,181857,2.649669795498661,0.6225944826412596,62.25944826412596,3.019244138869923,0.0,0.0687067990002106,0.02074501899915049,7.013294273810122,23.227792658070463,0.06798000000000215,0.019973999999997716,9080832.0,true,true,362a23539d387e8798e9542b30cd687343466c8fba37b970a0702639d04bd49b,07e2e0b461af78c7c647cb53dab39de560198e16f799b4516eccf0fbd69f764c,,,,,,,,,,,,,,,,,,,,"[""'<tmp>/mathzip-toolpkgs.3lRj8c/extracted/usr/lib/7zip/7z' a -y -bd -bso0 -bsp0 -t7z -m0=lzma2 -mx=1 -mmt=1 '<work>/archive.7z' '<repo>/datasets/data/canterbury/plrabn12.txt'"",""'<tmp>/mathzip-toolpkgs.3lRj8c/extracted/usr/lib/7zip/7z' e -so -bd -mmt=1 '<work>/archive.7z'""]",{}
mathzip-benchmark-results-v1,20260724T025637Z-8563453d,quick,canterbury_files,datasets/data/canterbury/ptt5,ptt5,Upstream files retain their original terms; see dataset manifest,datasets/manifests/canterbury.json,datasets/data/canterbury/dataset.json,30daaac9157db37ceda0cc444f6c9c304e91cf17e0164d0a12bc354539937151,true,0ec3a75089bb52342813496b17e51377bc9eba3cb519a444d67025354841d650,1.210175941358675,513216,mathzip-fast,mathzip,fast,,1,ok,,3,3,101743,5.04423891569936,0.8017540372864447,80.17540372864447,1.5859677017084424,0.0,0.23399671699735336,0.011901142999704462,2.1932615405275313,43.12325295248907,0.2329119999999989,0.011019000000004553,5402624.0,true,true,963826572ef6c3c3821248045805ed999c870185cf44c147e467a010f2a92e8e,0ec3a75089bb52342813496b17e51377bc9eba3cb519a444d67025354841d650,"[{""type"":""identity""}]",32,16038.0,16384.0,"{""raw"":25,""recurrence"":7}","{""sparse"":7,""zero_run"":25}",21,1152,100450,120,77.65307394937025,0.0,1.2803009200446887,100450,7,0,0.026324653,0.009257281,0.193743769,"[""'<repo>/target/release/mathzip' compress --mode fast --max-input-bytes 8589934592 --no-sync --force '<repo>/datasets/data/canterbury/ptt5' '<work>/archive.mz'"",""'<repo>/target/release/mathzip' compress --mode fast --max-input-bytes 8589934592 --no-sync --force --metrics-output '<work>/metrics-probe.mz.metrics.json' '<repo>/datasets/data/canterbury/ptt5' '<work>/metrics-probe.mz'"",""'<repo>/target/release/mathzip' decompress --max-archive-bytes 17179869184 --max-output-bytes 8589934592 --max-segments 8388608 --no-sync --force '<work>/archive.mz' '<work>/restored.bin'""]",{}
mathzip-benchmark-results-v1,20260724T025637Z-8563453d,quick,canterbury_files,datasets/data/canterbury/ptt5,ptt5,Upstream files retain their original terms; see dataset manifest,datasets/manifests/canterbury.json,datasets/data/canterbury/dataset.json,30daaac9157db37ceda0cc444f6c9c304e91cf17e0164d0a12bc354539937151,true,0ec3a75089bb52342813496b17e51377bc9eba3cb519a444d67025354841d650,1.210175941358675,513216,raw,raw,default,,1,ok,,3,3,513216,1.0,0.0,0.0,8.0,0.0,0.0006515240020235069,0.0006171079949126579,787.7161829894998,831.646979509053,0.0006554039999997485,0.0006204229999999811,,true,true,0ec3a75089bb52342813496b17e51377bc9eba3cb519a444d67025354841d650,0ec3a75089bb52342813496b17e51377bc9eba3cb519a444d67025354841d650,,,,,,,,,,,,,,,,,,,,"[""stdlib:shutil.copyfile""]",{}
mathzip-benchmark-results-v1,20260724T025637Z-8563453d,quick,canterbury_files,datasets/data/canterbury/ptt5,ptt5,Upstream files retain their original terms; see dataset manifest,datasets/manifests/canterbury.json,datasets/data/canterbury/dataset.json,30daaac9157db37ceda0cc444f6c9c304e91cf17e0164d0a12bc354539937151,true,0ec3a75089bb52342813496b17e51377bc9eba3cb519a444d67025354841d650,1.210175941358675,513216,gzip-fast,gzip,fast,,1,ok,,3,3,65536,7.8310546875,0.8723032797106871,87.2303279710687,1.0215737623145031,0.0,0.010247648002405185,0.007384975004242733,50.08134548332897,69.49461571706782,0.008044999999995639,0.005763999999999214,454656.0,true,true,30f4593cabe414f17847f4e05c1e0a212bf021a814654c671cbd48ae1f66094a,0ec3a75089bb52342813496b17e51377bc9eba3cb519a444d67025354841d650,,,,,,,,,,,,,,,,,,,,"[""'<external>/gzip' -d -c '<work>/archive.gz'"",""'<external>/gzip' -n -c -1 '<repo>/datasets/data/canterbury/ptt5'""]",{}
mathzip-benchmark-results-v1,20260724T025637Z-8563453d,quick,canterbury_files,datasets/data/canterbury/ptt5,ptt5,Upstream files retain their original terms; see dataset manifest,datasets/manifests/canterbury.json,datasets/data/canterbury/dataset.json,30daaac9157db37ceda0cc444f6c9c304e91cf17e0164d0a12bc354539937151,true,0ec3a75089bb52342813496b17e51377bc9eba3cb519a444d67025354841d650,1.210175941358675,513216,bzip2-fast,bzip2,fast,,1,ok,,3,3,49912,10.282417054015067,0.9027466018206759,90.27466018206759,0.7780271854345928,0.0,0.020700322995253373,0.012557952999486588,24.792656622685623,40.86780703996758,0.019750999999999408,0.011562000000001404,2420736.0,true,true,e8f6b822c3c9797f6b38b1c35305e6f7fb74381718ff499446e8a7d37af3c0fa,0ec3a75089bb52342813496b17e51377bc9eba3cb519a444d67025354841d650,,,,,,,,,,,,,,,,,,,,"[""'<external>/bzip2' -c -1"",""'<external>/bzip2' -d -c '<work>/archive.bz2'""]",{}
mathzip-benchmark-results-v1,20260724T025637Z-8563453d,quick,canterbury_files,datasets/data/canterbury/ptt5,ptt5,Upstream files retain their original terms; see dataset manifest,datasets/manifests/canterbury.json,datasets/data/canterbury/dataset.json,30daaac9157db37ceda0cc444f6c9c304e91cf17e0164d0a12bc354539937151,true,0ec3a75089bb52342813496b17e51377bc9eba3cb519a444d67025354841d650,1.210175941358675,513216,xz-fast,xz,fast,,1,ok,,3,3,48580,10.564347468093866,0.9053420002494077,90.53420002494077,0.7572639980047388,0.0,0.03385752200119896,0.010280367998348083,15.158108735241345,49.92194832738156,0.03151800000000193,0.008823999999997056,6066176.0,true,true,1b538e209072caa2be9f39f4ff0e6ee87f47f80928e5615893852406ac7a4504,0ec3a75089bb52342813496b17e51377bc9eba3cb519a444d67025354841d650,,,,,,,,,,,,,,,,,,,,"[""'<external>/xz' -c --threads=1 -1 '<repo>/datasets/data/canterbury/ptt5'"",""'<external>/xz' -d -c --threads=1 '<work>/archive.xz'""]",{}
mathzip-benchmark-results-v1,20260724T025637Z-8563453d,quick,canterbury_files,datasets/data/canterbury/ptt5,ptt5,Upstream files retain their original terms; see dataset manifest,datasets/manifests/canterbury.json,datasets/data/canterbury/dataset.json,30daaac9157db37ceda0cc444f6c9c304e91cf17e0164d0a12bc354539937151,true,0ec3a75089bb52342813496b17e51377bc9eba3cb519a444d67025354841d650,1.210175941358675,513216,zstd-fast,zstd,fast,,1,ok,,3,3,51670,9.932572092123088,0.8993211435341065,89.93211435341065,0.805430851727148,0.0,0.007667261997994501,0.006580105000466574,66.93601968137258,77.99510797526932,0.007581000000001836,0.006053999999998894,348160.0,true,true,b3a26842038a3990f161b13a0918c84eed8ef2cbfb393ec8fc26a6cfea51b412,0ec3a75089bb52342813496b17e51377bc9eba3cb519a444d67025354841d650,,,,,,,,,,,,,,,,,,,,"[""'<external>/zstd' -q -d -c '<work>/archive.zst'"",""'<external>/zstd' -q -f -T1 -1 -c '<repo>/datasets/data/canterbury/ptt5'""]",{}
mathzip-benchmark-results-v1,20260724T025637Z-8563453d,quick,canterbury_files,datasets/data/canterbury/ptt5,ptt5,Upstream files retain their original terms; see dataset manifest,datasets/manifests/canterbury.json,datasets/data/canterbury/dataset.json,30daaac9157db37ceda0cc444f6c9c304e91cf17e0164d0a12bc354539937151,true,0ec3a75089bb52342813496b17e51377bc9eba3cb519a444d67025354841d650,1.210175941358675,513216,lz4-fast,lz4,fast,,1,ok,,3,3,86904,5.905550952775476,0.8306677890011224,83.06677890011224,1.3546576879910213,0.0,0.004713629998150282,0.005143212001712527,108.87914414186004,99.78511479385165,0.004120000000000346,0.004533000000002119,532480.0,true,true,41fe23cc43df386a8e7f9539942b9e71ae6aa22131c933b0c0e3933424607632,0ec3a75089bb52342813496b17e51377bc9eba3cb519a444d67025354841d650,,,,,,,,,,,,,,,,,,,,"[""'<tmp>/mathzip-toolpkgs.3lRj8c/extracted/usr/bin/lz4' -q -d -f '<work>/archive.lz4' '<work>/restored.bin'"",""'<tmp>/mathzip-toolpkgs.3lRj8c/extracted/usr/bin/lz4' -q -f -1 '<repo>/datasets/data/canterbury/ptt5' '<work>/archive.lz4'""]",{}
mathzip-benchmark-results-v1,20260724T025637Z-8563453d,quick,canterbury_files,datasets/data/canterbury/ptt5,ptt5,Upstream files retain their original terms; see dataset manifest,datasets/manifests/canterbury.json,datasets/data/canterbury/dataset.json,30daaac9157db37ceda0cc444f6c9c304e91cf17e0164d0a12bc354539937151,true,0ec3a75089bb52342813496b17e51377bc9eba3cb519a444d67025354841d650,1.210175941358675,513216,brotli-fast,brotli,fast,,1,ok,,3,3,53296,9.629540678474932,0.8961528868936276,89.61528868936276,0.8307769048509789,0.0,0.013977543996588793,0.006627179995120969,36.71718008008059,77.44108359480767,0.013334000000000401,0.005892000000002895,4579328.0,true,true,1a7b8673968c8fd3ef3c25d614f6fcdc1ab735b573fe4ea805664b24901d8267,0ec3a75089bb52342813496b17e51377bc9eba3cb519a444d67025354841d650,,,,,,,,,,,,,,,,,,,,"[""'<tmp>/mathzip-toolpkgs.3lRj8c/extracted/usr/bin/brotli' -f -d -o '<work>/restored.bin' '<work>/archive.br'"",""'<tmp>/mathzip-toolpkgs.3lRj8c/extracted/usr/bin/brotli' -f -q 4 -o '<work>/archive.br' '<repo>/datasets/data/canterbury/ptt5'""]",{}
mathzip-benchmark-results-v1,20260724T025637Z-8563453d,quick,canterbury_files,datasets/data/canterbury/ptt5,ptt5,Upstream files retain their original terms; see dataset manifest,datasets/manifests/canterbury.json,datasets/data/canterbury/dataset.json,30daaac9157db37ceda0cc444f6c9c304e91cf17e0164d0a12bc354539937151,true,0ec3a75089bb52342813496b17e51377bc9eba3cb519a444d67025354841d650,1.210175941358675,513216,7z-fast,7z,fast,,1,ok,,3,3,50265,10.210205908683974,0.9020587822671156,90.20587822671156,0.7835297418630752,0.0,0.026112826002645306,0.01284254300117027,19.653790055048415,39.96217882651695,0.02520300000000475,0.011928999999998524,9060352.0,true,true,efcecd183c2d8e52a7038f7815b36770e1578bdda80c19d6505503724a18ad65,0ec3a75089bb52342813496b17e51377bc9eba3cb519a444d67025354841d650,,,,,,,,,,,,,,,,,,,,"[""'<tmp>/mathzip-toolpkgs.3lRj8c/extracted/usr/lib/7zip/7z' a -y -bd -bso0 -bsp0 -t7z -m0=lzma2 -mx=1 -mmt=1 '<work>/archive.7z' '<repo>/datasets/data/canterbury/ptt5'"",""'<tmp>/mathzip-toolpkgs.3lRj8c/extracted/usr/lib/7zip/7z' e -so -bd -mmt=1 '<work>/archive.7z'""]",{}
mathzip-benchmark-results-v1,20260724T025637Z-8563453d,quick,canterbury_files,datasets/data/canterbury/sum,sum,Upstream files retain their original terms; see dataset manifest,datasets/manifests/canterbury.json,datasets/data/canterbury/dataset.json,30daaac9157db37ceda0cc444f6c9c304e91cf17e0164d0a12bc354539937151,true,ee5733cd76ecc2f9d8ff156adc3c02a7a851051dcf43a2d56ff4ee4ff606bdb3,5.328990058101005,38240,mathzip-fast,mathzip,fast,,1,ok,,3,3,34861,1.0969277989730644,0.08836297071129706,8.836297071129707,7.2930962343096235,0.0,0.029281685005116742,0.005294488997606095,1.3059357749841878,7.222604488797735,0.0274519999999967,0.004287999999998959,3604480.0,true,true,6e6f8e2c2d2ed26e6d182534dd1a6b026aac4a81a69536f16b47b96dff19d043,ee5733cd76ecc2f9d8ff156adc3c02a7a851051dcf43a2d56ff4ee4ff606bdb3,"[{""type"":""identity""}]",3,12746.666666666666,16384.0,"{""raw"":3}","{""zero_run"":3}",0,108,34633,120,100.0,0.0,5.328990058101005,34633,0,0,0.002522304,0.000517275,0.021071154,"[""'<repo>/target/release/mathzip' compress --mode fast --max-input-bytes 8589934592 --no-sync --force '<repo>/datasets/data/canterbury/sum' '<work>/archive.mz'"",""'<repo>/target/release/mathzip' compress --mode fast --max-input-bytes 8589934592 --no-sync --force --metrics-output '<work>/metrics-probe.mz.metrics.json' '<repo>/datasets/data/canterbury/sum' '<work>/metrics-probe.mz'"",""'<repo>/target/release/mathzip' decompress --max-archive-bytes 17179869184 --max-output-bytes 8589934592 --max-segments 8388608 --no-sync --force '<work>/archive.mz' '<work>/restored.bin'""]",{}
mathzip-benchmark-results-v1,20260724T025637Z-8563453d,quick,canterbury_files,datasets/data/canterbury/sum,sum,Upstream files retain their original terms; see dataset manifest,datasets/manifests/canterbury.json,datasets/data/canterbury/dataset.json,30daaac9157db37ceda0cc444f6c9c304e91cf17e0164d0a12bc354539937151,true,ee5733cd76ecc2f9d8ff156adc3c02a7a851051dcf43a2d56ff4ee4ff606bdb3,5.328990058101005,38240,raw,raw,default,,1,ok,,3,3,38240,1.0,0.0,0.0,8.0,0.0,0.0002454310015309602,0.00022625800193054602,155.8075376030936,169.0105970781907,0.0002492870000008196,0.00022965099999971983,,true,true,ee5733cd76ecc2f9d8ff156adc3c02a7a851051dcf43a2d56ff4ee4ff606bdb3,ee5733cd76ecc2f9d8ff156adc3c02a7a851051dcf43a2d56ff4ee4ff606bdb3,,,,,,,,,,,,,,,,,,,,"[""stdlib:shutil.copyfile""]",{}
mathzip-benchmark-results-v1,20260724T025637Z-8563453d,quick,canterbury_files,datasets/data/canterbury/sum,sum,Upstream files retain their original terms; see dataset manifest,datasets/manifests/canterbury.json,datasets/data/canterbury/dataset.json,30daaac9157db37ceda0cc444f6c9c304e91cf17e0164d0a12bc354539937151,true,ee5733cd76ecc2f9d8ff156adc3c02a7a851051dcf43a2d56ff4ee4ff606bdb3,5.328990058101005,38240,gzip-fast,gzip,fast,,1,ok,,3,3,14130,2.7062986553432413,0.6304916317991631,63.04916317991631,2.9560669456066946,0.0,0.004106870997929946,0.0029451029986375943,9.311225022474469,12.984265751550911,0.00338999999999956,0.0024130000000006646,348160.0,true,true,0b6dbbd4296e35ce3e4ffd69221f256c44136625a12b9a239b3059f00e9e00b6,ee5733cd76ecc2f9d8ff156adc3c02a7a851051dcf43a2d56ff4ee4ff606bdb3,,,,,,,,,,,,,,,,,,,,"[""'<external>/gzip' -d -c '<work>/archive.gz'"",""'<external>/gzip' -n -c -1 '<repo>/datasets/data/canterbury/sum'""]",{}
mathzip-benchmark-results-v1,20260724T025637Z-8563453d,quick,canterbury_files,datasets/data/canterbury/sum,sum,Upstream files retain their original terms; see dataset manifest,datasets/manifests/canterbury.json,datasets/data/canterbury/dataset.json,30daaac9157db37ceda0cc444f6c9c304e91cf17e0164d0a12bc354539937151,true,ee5733cd76ecc2f9d8ff156adc3c02a7a851051dcf43a2d56ff4ee4ff606bdb3,5.328990058101005,38240,bzip2-fast,bzip2,fast,,1,ok,,3,3,12909,2.9622743822139594,0.6624215481171548,66.24215481171548,2.7006276150627615,0.0,0.008280894995550625,0.004908675997285172,4.617858337842296,7.790288057543275,0.007511999999998409,0.004104000000001662,352256.0,true,true,fa800d99d56c759604e7cfabfc0239685410a7a8af6d4722795991040ee4fa92,ee5733cd76ecc2f9d8ff156adc3c02a7a851051dcf43a2d56ff4ee4ff606bdb3,,,,,,,,,,,,,,,,,,,,"[""'<external>/bzip2' -c -1"",""'<external>/bzip2' -d -c '<work>/archive.bz2'""]",{}
mathzip-benchmark-results-v1,20260724T025637Z-8563453d,quick,canterbury_files,datasets/data/canterbury/sum,sum,Upstream files retain their original terms; see dataset manifest,datasets/manifests/canterbury.json,datasets/data/canterbury/dataset.json,30daaac9157db37ceda0cc444f6c9c304e91cf17e0164d0a12bc354539937151,true,ee5733cd76ecc2f9d8ff156adc3c02a7a851051dcf43a2d56ff4ee4ff606bdb3,5.328990058101005,38240,xz-fast,xz,fast,,1,ok,,3,3,10304,3.7111801242236027,0.7305439330543932,73.05439330543932,2.1556485355648536,0.0,0.012190045999886934,0.004964015002769884,3.136985701313571,7.703441665398345,0.011397000000002322,0.003439000000000192,368640.0,true,true,93d313a13253569db0c22c7c85d467b7d6325fe799b00d587356bc0dca2a61f4,ee5733cd76ecc2f9d8ff156adc3c02a7a851051dcf43a2d56ff4ee4ff606bdb3,,,,,,,,,,,,,,,,,,,,"[""'<external>/xz' -c --threads=1 -1 '<repo>/datasets/data/canterbury/sum'"",""'<external>/xz' -d -c --threads=1 '<work>/archive.xz'""]",{}
mathzip-benchmark-results-v1,20260724T025637Z-8563453d,quick,canterbury_files,datasets/data/canterbury/sum,sum,Upstream files retain their original terms; see dataset manifest,datasets/manifests/canterbury.json,datasets/data/canterbury/dataset.json,30daaac9157db37ceda0cc444f6c9c304e91cf17e0164d0a12bc354539937151,true,ee5733cd76ecc2f9d8ff156adc3c02a7a851051dcf43a2d56ff4ee4ff606bdb3,5.328990058101005,38240,zstd-fast,zstd,fast,,1,ok,,3,3,13624,2.8068115091015855,0.6437238493723849,64.3723849372385,2.8502092050209207,0.0,0.0049457399945822544,0.004656389995943755,7.731906659446212,8.21237053453671,0.004363000000005002,0.003789999999998628,364544.0,true,true,3c12fb98e01ac5f536b063734e16d0786edfe0c57f8f9a5490b3d7816e01b128,ee5733cd76ecc2f9d8ff156adc3c02a7a851051dcf43a2d56ff4ee4ff606bdb3,,,,,,,,,,,,,,,,,,,,"[""'<external>/zstd' -q -d -c '<work>/archive.zst'"",""'<external>/zstd' -q -f -T1 -1 -c '<repo>/datasets/data/canterbury/sum'""]",{}
mathzip-benchmark-results-v1,20260724T025637Z-8563453d,quick,canterbury_files,datasets/data/canterbury/sum,sum,Upstream files retain their original terms; see dataset manifest,datasets/manifests/canterbury.json,datasets/data/canterbury/dataset.json,30daaac9157db37ceda0cc444f6c9c304e91cf17e0164d0a12bc354539937151,true,ee5733cd76ecc2f9d8ff156adc3c02a7a851051dcf43a2d56ff4ee4ff606bdb3,5.328990058101005,38240,lz4-fast,lz4,fast,,1,ok,,3,3,18831,2.0306940682916466,0.5075575313807532,50.75575313807532,3.9395397489539747,0.0,0.003217696001229342,0.0026454329999978654,11.884279927435704,14.455100544988612,0.0024300000000003763,0.0020759999999988565,466944.0,true,true,01af4f609e8a4d42aa7c4063ddd268cc31ecd323f619e7f4004914b3d99285d9,ee5733cd76ecc2f9d8ff156adc3c02a7a851051dcf43a2d56ff4ee4ff606bdb3,,,,,,,,,,,,,,,,,,,,"[""'<tmp>/mathzip-toolpkgs.3lRj8c/extracted/usr/bin/lz4' -q -d -f '<work>/archive.lz4' '<work>/restored.bin'"",""'<tmp>/mathzip-toolpkgs.3lRj8c/extracted/usr/bin/lz4' -q -f -1 '<repo>/datasets/data/canterbury/sum' '<work>/archive.lz4'""]",{}
mathzip-benchmark-results-v1,20260724T025637Z-8563453d,quick,canterbury_files,datasets/data/canterbury/sum,sum,Upstream files retain their original terms; see dataset manifest,datasets/manifests/canterbury.json,datasets/data/canterbury/dataset.json,30daaac9157db37ceda0cc444f6c9c304e91cf17e0164d0a12bc354539937151,true,ee5733cd76ecc2f9d8ff156adc3c02a7a851051dcf43a2d56ff4ee4ff606bdb3,5.328990058101005,38240,brotli-fast,brotli,fast,,1,ok,,3,3,12526,3.0528500718505507,0.6724372384937238,67.24372384937239,2.6205020920502093,0.0,0.005922753000049852,0.0037525590014411137,6.456456988781761,10.190379414504743,0.005255000000001786,0.0031189999999980955,352256.0,true,true,b1f85438882e55b51e08bb15cbd9457ef3c8efde98044145e7878a3bf5b5cd2b,ee5733cd76ecc2f9d8ff156adc3c02a7a851051dcf43a2d56ff4ee4ff606bdb3,,,,,,,,,,,,,,,,,,,,"[""'<tmp>/mathzip-toolpkgs.3lRj8c/extracted/usr/bin/brotli' -f -d -o '<work>/restored.bin' '<work>/archive.br'"",""'<tmp>/mathzip-toolpkgs.3lRj8c/extracted/usr/bin/brotli' -f -q 4 -o '<work>/archive.br' '<repo>/datasets/data/canterbury/sum'""]",{}
mathzip-benchmark-results-v1,20260724T025637Z-8563453d,quick,canterbury_files,datasets/data/canterbury/sum,sum,Upstream files retain their original terms; see dataset manifest,datasets/manifests/canterbury.json,datasets/data/canterbury/dataset.json,30daaac9157db37ceda0cc444f6c9c304e91cf17e0164d0a12bc354539937151,true,ee5733cd76ecc2f9d8ff156adc3c02a7a851051dcf43a2d56ff4ee4ff606bdb3,5.328990058101005,38240,7z-fast,7z,fast,,1,ok,,3,3,10351,3.6943290503333013,0.7293148535564853,72.93148535564853,2.1654811715481173,0.0,0.01175680999585893,0.008109011003398336,3.2525829722066764,4.71574153543192,0.010999999999999233,0.007476000000000482,557056.0,true,true,dd741739331f975015ee675345c6197304a0223969ca257d7adb8ac4a1ca14ee,ee5733cd76ecc2f9d8ff156adc3c02a7a851051dcf43a2d56ff4ee4ff606bdb3,,,,,,,,,,,,,,,,,,,,"[""'<tmp>/mathzip-toolpkgs.3lRj8c/extracted/usr/lib/7zip/7z' a -y -bd -bso0 -bsp0 -t7z -m0=lzma2 -mx=1 -mmt=1 '<work>/archive.7z' '<repo>/datasets/data/canterbury/sum'"",""'<tmp>/mathzip-toolpkgs.3lRj8c/extracted/usr/lib/7zip/7z' e -so -bd -mmt=1 '<work>/archive.7z'""]",{}
mathzip-benchmark-results-v1,20260724T025637Z-8563453d,quick,canterbury_files,datasets/data/canterbury/xargs.1,xargs.1,Upstream files retain their original terms; see dataset manifest,datasets/manifests/canterbury.json,datasets/data/canterbury/dataset.json,30daaac9157db37ceda0cc444f6c9c304e91cf17e0164d0a12bc354539937151,true,c58aeb5d2d1e12751d47e7412b45784405fc30a5671b03d480fa05776e183619,4.898431525738649,4227,mathzip-fast,mathzip,fast,,1,ok,,3,3,3856,1.0962136929460582,0.08776910338301391,8.776910338301391,7.297847172935889,0.0,0.007425123003486078,0.004078484998899512,0.5692834984707233,1.0364142570441135,0.006822999999997137,0.0034239999999989834,528384.0,true,true,e30fa7e176395b18120acb5a8ca81963e7179cb9c2b1d2b1a4560cffe362e81d,c58aeb5d2d1e12751d47e7412b45784405fc30a5671b03d480fa05776e183619,"[{""type"":""identity""}]",1,4227.0,4227.0,"{""raw"":1}","{""bit_pack"":1}",0,36,3700,120,100.0,0.0,4.898431525738648,3700,0,0,0.000292743,0.000109435,0.003196398,"[""'<repo>/target/release/mathzip' compress --mode fast --max-input-bytes 8589934592 --no-sync --force '<repo>/datasets/data/canterbury/xargs.1' '<work>/archive.mz'"",""'<repo>/target/release/mathzip' compress --mode fast --max-input-bytes 8589934592 --no-sync --force --metrics-output '<work>/metrics-probe.mz.metrics.json' '<repo>/datasets/data/canterbury/xargs.1' '<work>/metrics-probe.mz'"",""'<repo>/target/release/mathzip' decompress --max-archive-bytes 17179869184 --max-output-bytes 8589934592 --max-segments 8388608 --no-sync --force '<work>/archive.mz' '<work>/restored.bin'""]",{}
mathzip-benchmark-results-v1,20260724T025637Z-8563453d,quick,canterbury_files,datasets/data/canterbury/xargs.1,xargs.1,Upstream files retain their original terms; see dataset manifest,datasets/manifests/canterbury.json,datasets/data/canterbury/dataset.json,30daaac9157db37ceda0cc444f6c9c304e91cf17e0164d0a12bc354539937151,true,c58aeb5d2d1e12751d47e7412b45784405fc30a5671b03d480fa05776e183619,4.898431525738649,4227,raw,raw,default,,1,ok,,3,3,4227,1.0,0.0,0.0,8.0,0.0,0.00021118199947522953,0.0001905089957290329,20.015910496651035,22.187928626804577,0.00021490499999998747,0.00019370399999907306,,true,true,c58aeb5d2d1e12751d47e7412b45784405fc30a5671b03d480fa05776e183619,c58aeb5d2d1e12751d47e7412b45784405fc30a5671b03d480fa05776e183619,,,,,,,,,,,,,,,,,,,,"[""stdlib:shutil.copyfile""]",{}
mathzip-benchmark-results-v1,20260724T025637Z-8563453d,quick,canterbury_files,datasets/data/canterbury/xargs.1,xargs.1,Upstream files retain their original terms; see dataset manifest,datasets/manifests/canterbury.json,datasets/data/canterbury/dataset.json,30daaac9157db37ceda0cc444f6c9c304e91cf17e0164d0a12bc354539937151,true,c58aeb5d2d1e12751d47e7412b45784405fc30a5671b03d480fa05776e183619,4.898431525738649,4227,gzip-fast,gzip,fast,,1,ok,,3,3,1864,2.267703862660944,0.5590253134610835,55.902531346108354,3.5277974923113318,0.0,0.002673101997061167,0.0025569640056346543,1.5813089080204208,1.6531323830469145,0.0021520000000023742,0.001956999999997322,348160.0,true,true,d272379b5f44c43845001eb9330e1cfb4df599abf2cf52a42c787663e8923716,c58aeb5d2d1e12751d47e7412b45784405fc30a5671b03d480fa05776e183619,,,,,,,,,,,,,,,,,,,,"[""'<external>/gzip' -d -c '<work>/archive.gz'"",""'<external>/gzip' -n -c -1 '<repo>/datasets/data/canterbury/xargs.1'""]",{}
mathzip-benchmark-results-v1,20260724T025637Z-8563453d,quick,canterbury_files,datasets/data/canterbury/xargs.1,xargs.1,Upstream files retain their original terms; see dataset manifest,datasets/manifests/canterbury.json,datasets/data/canterbury/dataset.json,30daaac9157db37ceda0cc444f6c9c304e91cf17e0164d0a12bc354539937151,true,c58aeb5d2d1e12751d47e7412b45784405fc30a5671b03d480fa05776e183619,4.898431525738649,4227,bzip2-fast,bzip2,fast,,1,ok,,3,3,1762,2.398978433598184,0.5831559025313461,58.31559025313461,3.3347527797492313,0.0,0.003527934997691773,0.002844726994226221,1.198151327268106,1.4859070865426802,0.0029409999999998604,0.0022829999999984807,348160.0,true,true,dc2e74363c24197fa28ee0dfc92b32fda7aa352e5e071e039d142c7102e84a22,c58aeb5d2d1e12751d47e7412b45784405fc30a5671b03d480fa05776e183619,,,,,,,,,,,,,,,,,,,,"[""'<external>/bzip2' -c -1"",""'<external>/bzip2' -d -c '<work>/archive.bz2'""]",{}
mathzip-benchmark-results-v1,20260724T025637Z-8563453d,quick,canterbury_files,datasets/data/canterbury/xargs.1,xargs.1,Upstream files retain their original terms; see dataset manifest,datasets/manifests/canterbury.json,datasets/data/canterbury/dataset.json,30daaac9157db37ceda0cc444f6c9c304e91cf17e0164d0a12bc354539937151,true,c58aeb5d2d1e12751d47e7412b45784405fc30a5671b03d480fa05776e183619,4.898431525738649,4227,xz-fast,xz,fast,,1,ok,,3,3,1864,2.267703862660944,0.5590253134610835,55.902531346108354,3.5277974923113318,0.0,0.009450981997360941,0.0042230460021528415,0.4472551107578379,1.0009362904986454,0.008524999999998784,0.002599000000000018,352256.0,true,true,d0ec1308fa5cd114e071b3861c6873d4f488eefd2e87505dc1445eed367d8643,c58aeb5d2d1e12751d47e7412b45784405fc30a5671b03d480fa05776e183619,,,,,,,,,,,,,,,,,,,,"[""'<external>/xz' -c --threads=1 -1 '<repo>/datasets/data/canterbury/xargs.1'"",""'<external>/xz' -d -c --threads=1 '<work>/archive.xz'""]",{}
mathzip-benchmark-results-v1,20260724T025637Z-8563453d,quick,canterbury_files,datasets/data/canterbury/xargs.1,xargs.1,Upstream files retain their original terms; see dataset manifest,datasets/manifests/canterbury.json,datasets/data/canterbury/dataset.json,30daaac9157db37ceda0cc444f6c9c304e91cf17e0164d0a12bc354539937151,true,c58aeb5d2d1e12751d47e7412b45784405fc30a5671b03d480fa05776e183619,4.898431525738649,4227,zstd-fast,zstd,fast,,1,ok,,3,3,1864,2.267703862660944,0.5590253134610835,55.902531346108354,3.5277974923113318,0.0,0.004517612003837712,0.00435420800204156,0.935671322904482,0.9707850424274826,0.004068000000000183,0.003750000000000142,364544.0,true,true,21b4024dccc53bf2d31c713edcf8487b0c9da329dbbb6792565082454913356b,c58aeb5d2d1e12751d47e7412b45784405fc30a5671b03d480fa05776e183619,,,,,,,,,,,,,,,,,,,,"[""'<external>/zstd' -q -d -c '<work>/archive.zst'"",""'<external>/zstd' -q -f -T1 -1 -c '<repo>/datasets/data/canterbury/xargs.1'""]",{}
mathzip-benchmark-results-v1,20260724T025637Z-8563453d,quick,canterbury_files,datasets/data/canterbury/xargs.1,xargs.1,Upstream files retain their original terms; see dataset manifest,datasets/manifests/canterbury.json,datasets/data/canterbury/dataset.json,30daaac9157db37ceda0cc444f6c9c304e91cf17e0164d0a12bc354539937151,true,c58aeb5d2d1e12751d47e7412b45784405fc30a5671b03d480fa05776e183619,4.898431525738649,4227,lz4-fast,lz4,fast,,1,ok,,3,3,2677,1.57900635039223,0.3666903241069316,36.669032410693156,5.066477407144547,0.0,0.0025674329954199493,0.0032037280034273863,1.6463915543426282,1.3194003971241957,0.00198299999999918,0.0022269999999977586,344064.0,true,true,71412edf7acd1c043b2b25de5566c6cda815b5ccbcb782d874e54954857895b3,c58aeb5d2d1e12751d47e7412b45784405fc30a5671b03d480fa05776e183619,,,,,,,,,,,,,,,,,,,,"[""'<tmp>/mathzip-toolpkgs.3lRj8c/extracted/usr/bin/lz4' -q -d -f '<work>/archive.lz4' '<work>/restored.bin'"",""'<tmp>/mathzip-toolpkgs.3lRj8c/extracted/usr/bin/lz4' -q -f -1 '<repo>/datasets/data/canterbury/xargs.1' '<work>/archive.lz4'""]",{}
mathzip-benchmark-results-v1,20260724T025637Z-8563453d,quick,canterbury_files,datasets/data/canterbury/xargs.1,xargs.1,Upstream files retain their original terms; see dataset manifest,datasets/manifests/canterbury.json,datasets/data/canterbury/dataset.json,30daaac9157db37ceda0cc444f6c9c304e91cf17e0164d0a12bc354539937151,true,c58aeb5d2d1e12751d47e7412b45784405fc30a5671b03d480fa05776e183619,4.898431525738649,4227,brotli-fast,brotli,fast,,1,ok,,3,3,1762,2.398978433598184,0.5831559025313461,58.31559025313461,3.3347527797492313,0.0,0.004751181993924547,0.003590382002585102,0.889673349790677,1.1773120511846729,0.004010000000000957,0.0027829999999973154,356352.0,true,true,c719fd2e73d7dd5256fec082e7fdfa146d472169a8f660a33d774f985bb511d3,c58aeb5d2d1e12751d47e7412b45784405fc30a5671b03d480fa05776e183619,,,,,,,,,,,,,,,,,,,,"[""'<tmp>/mathzip-toolpkgs.3lRj8c/extracted/usr/bin/brotli' -f -d -o '<work>/restored.bin' '<work>/archive.br'"",""'<tmp>/mathzip-toolpkgs.3lRj8c/extracted/usr/bin/brotli' -f -q 4 -o '<work>/archive.br' '<repo>/datasets/data/canterbury/xargs.1'""]",{}
mathzip-benchmark-results-v1,20260724T025637Z-8563453d,quick,canterbury_files,datasets/data/canterbury/xargs.1,xargs.1,Upstream files retain their original terms; see dataset manifest,datasets/manifests/canterbury.json,datasets/data/canterbury/dataset.json,30daaac9157db37ceda0cc444f6c9c304e91cf17e0164d0a12bc354539937151,true,c58aeb5d2d1e12751d47e7412b45784405fc30a5671b03d480fa05776e183619,4.898431525738649,4227,7z-fast,7z,fast,,1,ok,,3,3,1926,2.194704049844237,0.5443577004968063,54.435770049680634,3.64513839602555,0.0,0.00976804899983108,0.0075493030017241836,0.43273738697186076,0.5599192400986682,0.008981000000002126,0.006951999999998293,397312.0,true,true,f92f124ee7f3bcb855bf53d168ac0225f9b8df2b5bc6287068cc682774d000b6,c58aeb5d2d1e12751d47e7412b45784405fc30a5671b03d480fa05776e183619,,,,,,,,,,,,,,,,,,,,"[""'<tmp>/mathzip-toolpkgs.3lRj8c/extracted/usr/lib/7zip/7z' a -y -bd -bso0 -bsp0 -t7z -m0=lzma2 -mx=1 -mmt=1 '<work>/archive.7z' '<repo>/datasets/data/canterbury/xargs.1'"",""'<tmp>/mathzip-toolpkgs.3lRj8c/extracted/usr/lib/7zip/7z' e -so -bd -mmt=1 '<work>/archive.7z'""]",{}
mathzip-benchmark-results-v1,20260724T025637Z-8563453d,quick,canterbury_combined,datasets/data/canterbury/combined.bin,combined.bin,Upstream files retain their original terms; see dataset manifest,datasets/manifests/canterbury.json,datasets/data/canterbury/dataset.json,30daaac9157db37ceda0cc444f6c9c304e91cf17e0164d0a12bc354539937151,true,0737d6c25a3337923a1429471546118448f07133e55c8f43fadde7984384982c,4.711679495819222,2810784,mathzip-fast,mathzip,fast,,1,ok,,3,3,2242788,1.2532544315378895,0.20207742750777002,20.207742750777,6.38338057993784,0.0,1.8646910960014793,0.07547773900296306,1.5073724575760885,37.23990725119172,1.8621020000000001,0.074742999999998,21389312.0,true,true,525f4d0ea32b7397a51cdf3b1911737f1d604c96934a9abb07f613c1a8c6f138,0737d6c25a3337923a1429471546118448f07133e55c8f43fadde7984384982c,"[{""type"":""xor""}]",172,16341.767441860466,16384.0,"{""constant"":1,""periodic"":32,""raw"":137,""recurrence"":2}","{""bit_pack"":72,""raw"":32,""rle"":1,""sparse"":3,""zero_run"":64}",303,6192,2236173,120,79.59857463255803,18.652731764518368,5.841359554791087,2236173,35,0,0.198332236,0.034756265,1.605676399,"[""'<repo>/target/release/mathzip' compress --mode fast --max-input-bytes 8589934592 --no-sync --force '<repo>/datasets/data/canterbury/combined.bin' '<work>/archive.mz'"",""'<repo>/target/release/mathzip' compress --mode fast --max-input-bytes 8589934592 --no-sync --force --metrics-output '<work>/metrics-probe.mz.metrics.json' '<repo>/datasets/data/canterbury/combined.bin' '<work>/metrics-probe.mz'"",""'<repo>/target/release/mathzip' decompress --max-archive-bytes 17179869184 --max-output-bytes 8589934592 --max-segments 8388608 --no-sync --force '<work>/archive.mz' '<work>/restored.bin'""]",{}
mathzip-benchmark-results-v1,20260724T025637Z-8563453d,quick,canterbury_combined,datasets/data/canterbury/combined.bin,combined.bin,Upstream files retain their original terms; see dataset manifest,datasets/manifests/canterbury.json,datasets/data/canterbury/dataset.json,30daaac9157db37ceda0cc444f6c9c304e91cf17e0164d0a12bc354539937151,true,0737d6c25a3337923a1429471546118448f07133e55c8f43fadde7984384982c,4.711679495819222,2810784,raw,raw,default,,1,ok,,3,3,2810784,1.0,0.0,0.0,8.0,0.0,0.0030864459986332804,0.0030059830023674294,910.686271927211,935.0631716101867,0.00309181399999936,0.0030106249999999335,,true,true,0737d6c25a3337923a1429471546118448f07133e55c8f43fadde7984384982c,0737d6c25a3337923a1429471546118448f07133e55c8f43fadde7984384982c,,,,,,,,,,,,,,,,,,,,"[""stdlib:shutil.copyfile""]",{}
mathzip-benchmark-results-v1,20260724T025637Z-8563453d,quick,canterbury_combined,datasets/data/canterbury/combined.bin,combined.bin,Upstream files retain their original terms; see dataset manifest,datasets/manifests/canterbury.json,datasets/data/canterbury/dataset.json,30daaac9157db37ceda0cc444f6c9c304e91cf17e0164d0a12bc354539937151,true,0737d6c25a3337923a1429471546118448f07133e55c8f43fadde7984384982c,4.711679495819222,2810784,gzip-fast,gzip,fast,,1,ok,,3,3,871191,3.2263694184168568,0.6900540916697975,69.00540916697975,2.47956726664162,0.0,0.052461501996731386,0.02935245600383496,53.57803137575294,95.75975515073645,0.051546000000008974,0.028508000000002198,1974272.0,true,true,979f4a606d31168acf8bf2d45ed087a0836e0962da596f37a3c4e3b54f34884e,0737d6c25a3337923a1429471546118448f07133e55c8f43fadde7984384982c,,,,,,,,,,,,,,,,,,,,"[""'<external>/gzip' -d -c '<work>/archive.gz'"",""'<external>/gzip' -n -c -1 '<repo>/datasets/data/canterbury/combined.bin'""]",{}
mathzip-benchmark-results-v1,20260724T025637Z-8563453d,quick,canterbury_combined,datasets/data/canterbury/combined.bin,combined.bin,Upstream files retain their original terms; see dataset manifest,datasets/manifests/canterbury.json,datasets/data/canterbury/dataset.json,30daaac9157db37ceda0cc444f6c9c304e91cf17e0164d0a12bc354539937151,true,0737d6c25a3337923a1429471546118448f07133e55c8f43fadde7984384982c,4.711679495819222,2810784,bzip2-fast,bzip2,fast,,1,ok,,3,3,583549,4.816706052105308,0.7923892408666052,79.23892408666052,1.6608860730671584,0.0,0.223352597997291,0.0987650399983977,12.584514463691582,28.45930098388661,0.22233599999999853,0.09801900000000074,2457600.0,true,true,8d2dec0b622b33889f6619eb61aa7a39e3b721e113d89c6e2d5ad49c43c5763f,0737d6c25a3337923a1429471546118448f07133e55c8f43fadde7984384982c,,,,,,,,,,,,,,,,,,,,"[""'<external>/bzip2' -c -1"",""'<external>/bzip2' -d -c '<work>/archive.bz2'""]",{}
mathzip-benchmark-results-v1,20260724T025637Z-8563453d,quick,canterbury_combined,datasets/data/canterbury/combined.bin,combined.bin,Upstream files retain their original terms; see dataset manifest,datasets/manifests/canterbury.json,datasets/data/canterbury/dataset.json,30daaac9157db37ceda0cc444f6c9c304e91cf17e0164d0a12bc354539937151,true,0737d6c25a3337923a1429471546118448f07133e55c8f43fadde7984384982c,4.711679495819222,2810784,xz-fast,xz,fast,,1,ok,,3,3,568060,4.948040699926064,0.7978998030442752,79.78998030442752,1.6168015756457985,0.0,0.27572658700228203,0.05720237900095526,10.194098547256658,49.13753674393614,0.2743150000000014,0.0556399999999968,10846208.0,true,true,44c576ec71f374201b8ecd6c64e1d36cf475961c75d3dc3ee05f2e0b8314c1c5,0737d6c25a3337923a1429471546118448f07133e55c8f43fadde7984384982c,,,,,,,,,,,,,,,,,,,,"[""'<external>/xz' -c --threads=1 -1 '<repo>/datasets/data/canterbury/combined.bin'"",""'<external>/xz' -d -c --threads=1 '<work>/archive.xz'""]",{}
mathzip-benchmark-results-v1,20260724T025637Z-8563453d,quick,canterbury_combined,datasets/data/canterbury/combined.bin,combined.bin,Upstream files retain their original terms; see dataset manifest,datasets/manifests/canterbury.json,datasets/data/canterbury/dataset.json,30daaac9157db37ceda0cc444f6c9c304e91cf17e0164d0a12bc354539937151,true,0737d6c25a3337923a1429471546118448f07133e55c8f43fadde7984384982c,4.711679495819222,2810784,zstd-fast,zstd,fast,,1,ok,,3,3,699742,4.016886223779622,0.7510509523321607,75.10509523321606,1.9915923813427143,0.0,0.02964021800289629,0.01395236999815097,94.83007175336378,201.45566669838152,0.031528000000001555,0.016473999999995215,7323648.0,true,true,113111e51bb073b1041d395e05b48ffc0c7fbf5c007eb84b5ea263731d9e9355,0737d6c25a3337923a1429471546118448f07133e55c8f43fadde7984384982c,,,,,,,,,,,,,,,,,,,,"[""'<external>/zstd' -q -d -c '<work>/archive.zst'"",""'<external>/zstd' -q -f -T1 -1 -c '<repo>/datasets/data/canterbury/combined.bin'""]",{}
mathzip-benchmark-results-v1,20260724T025637Z-8563453d,quick,canterbury_combined,datasets/data/canterbury/combined.bin,combined.bin,Upstream files retain their original terms; see dataset manifest,datasets/manifests/canterbury.json,datasets/data/canterbury/dataset.json,30daaac9157db37ceda0cc444f6c9c304e91cf17e0164d0a12bc354539937151,true,0737d6c25a3337923a1429471546118448f07133e55c8f43fadde7984384982c,4.711679495819222,2810784,lz4-fast,lz4,fast,,1,ok,,3,3,1227840,2.28921032056294,0.5631681409884217,56.31681409884217,3.4946548720926263,0.0,0.020599274001142476,0.016269141997327097,136.45063412643128,172.76780794351612,0.019701999999995223,0.01525600000000793,5824512.0,true,true,7e9aaaec66df8096e3b619cb918b5fe6e0fa6725cfc066c6b81e3573b3989943,0737d6c25a3337923a1429471546118448f07133e55c8f43fadde7984384982c,,,,,,,,,,,,,,,,,,,,"[""'<tmp>/mathzip-toolpkgs.3lRj8c/extracted/usr/bin/lz4' -q -d -f '<work>/archive.lz4' '<work>/restored.bin'"",""'<tmp>/mathzip-toolpkgs.3lRj8c/extracted/usr/bin/lz4' -q -f -1 '<repo>/datasets/data/canterbury/combined.bin' '<work>/archive.lz4'""]",{}
mathzip-benchmark-results-v1,20260724T025637Z-8563453d,quick,canterbury_combined,datasets/data/canterbury/combined.bin,combined.bin,Upstream files retain their original terms; see dataset manifest,datasets/manifests/canterbury.json,datasets/data/canterbury/dataset.json,30daaac9157db37ceda0cc444f6c9c304e91cf17e0164d0a12bc354539937151,true,0737d6c25a3337923a1429471546118448f07133e55c8f43fadde7984384982c,4.711679495819222,2810784,brotli-fast,brotli,fast,,1,ok,,3,3,597909,4.701023065382859,0.7872803459817617,78.72803459817617,1.7017572321459067,0.0,0.12937636699643917,0.020655749998695683,21.72563711019464,136.07755710528488,0.1285519999999991,0.019705999999999335,13987840.0,true,true,6357d72eacff449b4bc567e383eed9a318d4352dfc2a4a05c1ec2cfce892f230,0737d6c25a3337923a1429471546118448f07133e55c8f43fadde7984384982c,,,,,,,,,,,,,,,,,,,,"[""'<tmp>/mathzip-toolpkgs.3lRj8c/extracted/usr/bin/brotli' -f -d -o '<work>/restored.bin' '<work>/archive.br'"",""'<tmp>/mathzip-toolpkgs.3lRj8c/extracted/usr/bin/brotli' -f -q 4 -o '<work>/archive.br' '<repo>/datasets/data/canterbury/combined.bin'""]",{}
mathzip-benchmark-results-v1,20260724T025637Z-8563453d,quick,canterbury_combined,datasets/data/canterbury/combined.bin,combined.bin,Upstream files retain their original terms; see dataset manifest,datasets/manifests/canterbury.json,datasets/data/canterbury/dataset.json,30daaac9157db37ceda0cc444f6c9c304e91cf17e0164d0a12bc354539937151,true,0737d6c25a3337923a1429471546118448f07133e55c8f43fadde7984384982c,4.711679495819222,2810784,7z-fast,7z,fast,,1,ok,,3,3,558068,5.036633528530573,0.8014546831062082,80.14546831062081,1.5883625351503352,0.0,0.20356357700075023,0.05303033399832202,13.807892558252899,53.00332447630706,0.20216599999999119,0.05144300000000612,11411456.0,true,true,d615c3faea195bbe0f1591e0df3c6cfa64a4d816c02cb62f59b39cb951357281,0737d6c25a3337923a1429471546118448f07133e55c8f43fadde7984384982c,,,,,,,,,,,,,,,,,,,,"[""'<tmp>/mathzip-toolpkgs.3lRj8c/extracted/usr/lib/7zip/7z' a -y -bd -bso0 -bsp0 -t7z -m0=lzma2 -mx=1 -mmt=1 '<work>/archive.7z' '<repo>/datasets/data/canterbury/combined.bin'"",""'<tmp>/mathzip-toolpkgs.3lRj8c/extracted/usr/lib/7zip/7z' e -so -bd -mmt=1 '<work>/archive.7z'""]",{}
mathzip-benchmark-results-v1,20260724T025637Z-8563453d,quick,calgary_files,datasets/data/calgary/bib,bib,Upstream files retain their original terms; see dataset manifest,datasets/manifests/calgary.json,datasets/data/calgary/dataset.json,83a3c9348bc6c40af11956faf339f4c6287ef14cdb7d5479a8a0a4f84f2b19c7,true,0f1a13936e358191533aca4a32ff42906d1b7f641f3afb0a90458b2410419fcf,5.200676299765089,111261,mathzip-fast,mathzip,fast,,1,ok,,3,3,97733,1.1384179345768572,0.12158797781792363,12.158797781792362,7.027296177456611,0.0,0.09396769999875687,0.007907006001914851,1.184034514002917,14.071192050828817,0.09305100000000266,0.00720900000000313,4157440.0,true,true,b4827aed1976b43625567d215941167929ba02b802e2c75b43648b3685af6ecc,0f1a13936e358191533aca4a32ff42906d1b7f641f3afb0a90458b2410419fcf,"[{""type"":""identity""}]",7,15894.42857142857,16384.0,"{""raw"":7}","{""bit_pack"":7}",0,252,97361,120,100.0,0.0,5.20067629976509,97361,0,0,0.007519651,0.00121529,0.079623416,"[""'<repo>/target/release/mathzip' compress --mode fast --max-input-bytes 8589934592 --no-sync --force '<repo>/datasets/data/calgary/bib' '<work>/archive.mz'"",""'<repo>/target/release/mathzip' compress --mode fast --max-input-bytes 8589934592 --no-sync --force --metrics-output '<work>/metrics-probe.mz.metrics.json' '<repo>/datasets/data/calgary/bib' '<work>/metrics-probe.mz'"",""'<repo>/target/release/mathzip' decompress --max-archive-bytes 17179869184 --max-output-bytes 8589934592 --max-segments 8388608 --no-sync --force '<work>/archive.mz' '<work>/restored.bin'""]",{}
mathzip-benchmark-results-v1,20260724T025637Z-8563453d,quick,calgary_files,datasets/data/calgary/bib,bib,Upstream files retain their original terms; see dataset manifest,datasets/manifests/calgary.json,datasets/data/calgary/dataset.json,83a3c9348bc6c40af11956faf339f4c6287ef14cdb7d5479a8a0a4f84f2b19c7,true,0f1a13936e358191533aca4a32ff42906d1b7f641f3afb0a90458b2410419fcf,5.200676299765089,111261,raw,raw,default,,1,ok,,3,3,111261,1.0,0.0,0.0,8.0,0.0,0.0003334970024297945,0.0002878929954022169,333.61919054556387,386.4665058785353,0.0003373470000003209,0.00029130099999896686,,true,true,0f1a13936e358191533aca4a32ff42906d1b7f641f3afb0a90458b2410419fcf,0f1a13936e358191533aca4a32ff42906d1b7f641f3afb0a90458b2410419fcf,,,,,,,,,,,,,,,,,,,,"[""stdlib:shutil.copyfile""]",{}
mathzip-benchmark-results-v1,20260724T025637Z-8563453d,quick,calgary_files,datasets/data/calgary/bib,bib,Upstream files retain their original terms; see dataset manifest,datasets/manifests/calgary.json,datasets/data/calgary/dataset.json,83a3c9348bc6c40af11956faf339f4c6287ef14cdb7d5479a8a0a4f84f2b19c7,true,0f1a13936e358191533aca4a32ff42906d1b7f641f3afb0a90458b2410419fcf,5.200676299765089,111261,gzip-fast,gzip,fast,,1,ok,,3,3,43867,2.5363257118107003,0.6057288717520066,60.57288717520066,3.1541690259839474,0.0,0.00520263500220608,0.0037144829984754324,21.38550944911989,29.953293646966703,0.004641999999996926,0.0031290000000012697,602112.0,true,true,59d0622425c6157dc40be165de58705d62792571d7b5351b4a9009243809a372,0f1a13936e358191533aca4a32ff42906d1b7f641f3afb0a90458b2410419fcf,,,,,,,,,,,,,,,,,,,,"[""'<external>/gzip' -d -c '<work>/archive.gz'"",""'<external>/gzip' -n -c -1 '<repo>/datasets/data/calgary/bib'""]",{}
mathzip-benchmark-results-v1,20260724T025637Z-8563453d,quick,calgary_files,datasets/data/calgary/bib,bib,Upstream files retain their original terms; see dataset manifest,datasets/manifests/calgary.json,datasets/data/calgary/dataset.json,83a3c9348bc6c40af11956faf339f4c6287ef14cdb7d5479a8a0a4f84f2b19c7,true,0f1a13936e358191533aca4a32ff42906d1b7f641f3afb0a90458b2410419fcf,5.200676299765089,111261,bzip2-fast,bzip2,fast,,1,ok,,3,3,29246,3.8043151200164127,0.7371405973341962,73.71405973341962,2.1028752213264306,0.0,0.016547008002817165,0.008778254996286705,6.723934621960511,12.674614720928542,0.015833000000000652,0.007948999999996431,2424832.0,true,true,8a8b4bb8d6dc8aa9be9f7f6b4487a9d16eff6334e1472a262f4668170f83217f,0f1a13936e358191533aca4a32ff42906d1b7f641f3afb0a90458b2410419fcf,,,,,,,,,,,,,,,,,,,,"[""'<external>/bzip2' -c -1"",""'<external>/bzip2' -d -c '<work>/archive.bz2'""]",{}
mathzip-benchmark-results-v1,20260724T025637Z-8563453d,quick,calgary_files,datasets/data/calgary/bib,bib,Upstream files retain their original terms; see dataset manifest,datasets/manifests/calgary.json,datasets/data/calgary/dataset.json,83a3c9348bc6c40af11956faf339f4c6287ef14cdb7d5479a8a0a4f84f2b19c7,true,0f1a13936e358191533aca4a32ff42906d1b7f641f3afb0a90458b2410419fcf,5.200676299765089,111261,xz-fast,xz,fast,,1,ok,,3,3,34012,3.2712278019522523,0.6943043833868112,69.43043833868113,2.4455649329055102,0.0,0.021412149995740037,0.007201945001725107,5.196161993173757,15.448743356600094,0.020459999999999923,0.00562699999999694,4689920.0,true,true,9c0af4ab07407993444a8e6cf7a3d2ff61a58980ded71dbef847cb013d093acd,0f1a13936e358191533aca4a32ff42906d1b7f641f3afb0a90458b2410419fcf,,,,,,,,,,,,,,,,,,,,"[""'<external>/xz' -c --threads=1 -1 '<repo>/datasets/data/calgary/bib'"",""'<external>/xz' -d -c --threads=1 '<work>/archive.xz'""]",{}
mathzip-benchmark-results-v1,20260724T025637Z-8563453d,quick,calgary_files,datasets/data/calgary/bib,bib,Upstream files retain their original terms; see dataset manifest,datasets/manifests/calgary.json,datasets/data/calgary/dataset.json,83a3c9348bc6c40af11956faf339f4c6287ef14cdb7d5479a8a0a4f84f2b19c7,true,0f1a13936e358191533aca4a32ff42906d1b7f641f3afb0a90458b2410419fcf,5.200676299765089,111261,zstd-fast,zstd,fast,,1,ok,,3,3,40385,2.7550080475424044,0.6370246537421019,63.70246537421019,2.9038027700631845,0.0,0.005807862005895004,0.004613269004039466,19.156963420802633,24.117605087103687,0.005083000000006166,0.004225999999995622,360448.0,true,true,782a2ab747b2d8a1e368776bbb6dd88153c723f69ffb1edb85cc17a8c1460513,0f1a13936e358191533aca4a32ff42906d1b7f641f3afb0a90458b2410419fcf,,,,,,,,,,,,,,,,,,,,"[""'<external>/zstd' -q -d -c '<work>/archive.zst'"",""'<external>/zstd' -q -f -T1 -1 -c '<repo>/datasets/data/calgary/bib'""]",{}
mathzip-benchmark-results-v1,20260724T025637Z-8563453d,quick,calgary_files,datasets/data/calgary/bib,bib,Upstream files retain their original terms; see dataset manifest,datasets/manifests/calgary.json,datasets/data/calgary/dataset.json,83a3c9348bc6c40af11956faf339f4c6287ef14cdb7d5479a8a0a4f84f2b19c7,true,0f1a13936e358191533aca4a32ff42906d1b7f641f3afb0a90458b2410419fcf,5.200676299765089,111261,lz4-fast,lz4,fast,,1,ok,,3,3,56707,1.962032905990442,0.4903245521791104,49.03245521791104,4.077403582567117,0.0,0.003364914999110624,0.0034458350055501796,33.06502542542894,32.28854539488768,0.0027030000000038967,0.0025319999999950937,344064.0,true,true,71d12d5ca78b3063697f2ef339385305d41ec848f4e2863100823e1ab00802d0,0f1a13936e358191533aca4a32ff42906d1b7f641f3afb0a90458b2410419fcf,,,,,,,,,,,,,,,,,,,,"[""'<tmp>/mathzip-toolpkgs.3lRj8c/extracted/usr/bin/lz4' -q -d -f '<work>/archive.lz4' '<work>/restored.bin'"",""'<tmp>/mathzip-toolpkgs.3lRj8c/extracted/usr/bin/lz4' -q -f -1 '<repo>/datasets/data/calgary/bib' '<work>/archive.lz4'""]",{}
mathzip-benchmark-results-v1,20260724T025637Z-8563453d,quick,calgary_files,datasets/data/calgary/bib,bib,Upstream files retain their original terms; see dataset manifest,datasets/manifests/calgary.json,datasets/data/calgary/dataset.json,83a3c9348bc6c40af11956faf339f4c6287ef14cdb7d5479a8a0a4f84f2b19c7,true,0f1a13936e358191533aca4a32ff42906d1b7f641f3afb0a90458b2410419fcf,5.200676299765089,111261,brotli-fast,brotli,fast,,1,ok,,3,3,35387,3.1441207222991494,0.6819460547721123,68.19460547721124,2.544431561823101,0.0,0.008685240005434025,0.004390834998048376,12.810354110005965,25.339371679749505,0.007939000000000362,0.003717000000008852,348160.0,true,true,ca73bfca220f78a5431b2caaf2355d78c841f115ad38c2abfc31b3b7e9d26fa7,0f1a13936e358191533aca4a32ff42906d1b7f641f3afb0a90458b2410419fcf,,,,,,,,,,,,,,,,,,,,"[""'<tmp>/mathzip-toolpkgs.3lRj8c/extracted/usr/bin/brotli' -f -d -o '<work>/restored.bin' '<work>/archive.br'"",""'<tmp>/mathzip-toolpkgs.3lRj8c/extracted/usr/bin/brotli' -f -q 4 -o '<work>/archive.br' '<repo>/datasets/data/calgary/bib'""]",{}
mathzip-benchmark-results-v1,20260724T025637Z-8563453d,quick,calgary_files,datasets/data/calgary/bib,bib,Upstream files retain their original terms; see dataset manifest,datasets/manifests/calgary.json,datasets/data/calgary/dataset.json,83a3c9348bc6c40af11956faf339f4c6287ef14cdb7d5479a8a0a4f84f2b19c7,true,0f1a13936e358191533aca4a32ff42906d1b7f641f3afb0a90458b2410419fcf,5.200676299765089,111261,7z-fast,7z,fast,,1,ok,,3,3,32995,3.3720563721776027,0.7034450526240101,70.34450526240101,2.3724395790079185,0.0,0.01811601700319443,0.010190647997660562,6.14158178259499,10.917951441904565,0.01746400000000392,0.009555999999996345,7802880.0,true,true,fc8dff6d6ffa70788d1080ec7f74460937e827373ed64b22b5ca62b0883b743e,0f1a13936e358191533aca4a32ff42906d1b7f641f3afb0a90458b2410419fcf,,,,,,,,,,,,,,,,,,,,"[""'<tmp>/mathzip-toolpkgs.3lRj8c/extracted/usr/lib/7zip/7z' a -y -bd -bso0 -bsp0 -t7z -m0=lzma2 -mx=1 -mmt=1 '<work>/archive.7z' '<repo>/datasets/data/calgary/bib'"",""'<tmp>/mathzip-toolpkgs.3lRj8c/extracted/usr/lib/7zip/7z' e -so -bd -mmt=1 '<work>/archive.7z'""]",{}
mathzip-benchmark-results-v1,20260724T025637Z-8563453d,quick,calgary_files,datasets/data/calgary/book1,book1,Upstream files retain their original terms; see dataset manifest,datasets/manifests/calgary.json,datasets/data/calgary/dataset.json,83a3c9348bc6c40af11956faf339f4c6287ef14cdb7d5479a8a0a4f84f2b19c7,true,9ffa47cd93bccd732f20e0c304203cfbc1b8a91bedac536e2d8f6051003d9951,4.527148564470308,768771,mathzip-fast,mathzip,fast,,1,ok,,3,3,674534,1.1397068198193123,0.12258136688298593,12.258136688298594,7.0193490649361125,0.0,0.6461596739973174,0.028095460998883937,1.189753912131619,27.362818500487982,0.6452429999999936,0.027186000000000377,8667136.0,true,true,e01885795c5a7a1d788fc170a4fde010b3c572c754dff42557cda2b73002c88c,9ffa47cd93bccd732f20e0c304203cfbc1b8a91bedac536e2d8f6051003d9951,"[{""type"":""identity""}]",47,16356.829787234043,16384.0,"{""raw"":47}","{""bit_pack"":47}",0,1692,672722,120,100.0,0.0,4.527148564470308,672722,0,0,0.056204965,0.008510512,0.575433887,"[""'<repo>/target/release/mathzip' compress --mode fast --max-input-bytes 8589934592 --no-sync --force '<repo>/datasets/data/calgary/book1' '<work>/archive.mz'"",""'<repo>/target/release/mathzip' compress --mode fast --max-input-bytes 8589934592 --no-sync --force --metrics-output '<work>/metrics-probe.mz.metrics.json' '<repo>/datasets/data/calgary/book1' '<work>/metrics-probe.mz'"",""'<repo>/target/release/mathzip' decompress --max-archive-bytes 17179869184 --max-output-bytes 8589934592 --max-segments 8388608 --no-sync --force '<work>/archive.mz' '<work>/restored.bin'""]",{}
mathzip-benchmark-results-v1,20260724T025637Z-8563453d,quick,calgary_files,datasets/data/calgary/book1,book1,Upstream files retain their original terms; see dataset manifest,datasets/manifests/calgary.json,datasets/data/calgary/dataset.json,83a3c9348bc6c40af11956faf339f4c6287ef14cdb7d5479a8a0a4f84f2b19c7,true,9ffa47cd93bccd732f20e0c304203cfbc1b8a91bedac536e2d8f6051003d9951,4.527148564470308,768771,raw,raw,default,,1,ok,,3,3,768771,1.0,0.0,0.0,8.0,0.0,0.0008890079989214428,0.0008243000047514215,864.7514993483568,932.6349576230234,0.0008933029999997899,0.00082771100000123,,true,true,9ffa47cd93bccd732f20e0c304203cfbc1b8a91bedac536e2d8f6051003d9951,9ffa47cd93bccd732f20e0c304203cfbc1b8a91bedac536e2d8f6051003d9951,,,,,,,,,,,,,,,,,,,,"[""stdlib:shutil.copyfile""]",{}
mathzip-benchmark-results-v1,20260724T025637Z-8563453d,quick,calgary_files,datasets/data/calgary/book1,book1,Upstream files retain their original terms; see dataset manifest,datasets/manifests/calgary.json,datasets/data/calgary/dataset.json,83a3c9348bc6c40af11956faf339f4c6287ef14cdb7d5479a8a0a4f84f2b19c7,true,9ffa47cd93bccd732f20e0c304203cfbc1b8a91bedac536e2d8f6051003d9951,4.527148564470308,768771,gzip-fast,gzip,fast,,1,ok,,3,3,364999,2.1062276882950366,0.5252175225132061,52.521752251320606,3.798259819894351,0.0,0.02244567700108746,0.013160394002625253,34.2502923820366,58.415500314553235,0.021690999999997018,0.011608999999992875,1871872.0,true,true,df480cfa94114aefbbed3f498186676fb79d204f78622d392af97f6168aa79c6,9ffa47cd93bccd732f20e0c304203cfbc1b8a91bedac536e2d8f6051003d9951,,,,,,,,,,,,,,,,,,,,"[""'<external>/gzip' -d -c '<work>/archive.gz'"",""'<external>/gzip' -n -c -1 '<repo>/datasets/data/calgary/book1'""]",{}
mathzip-benchmark-results-v1,20260724T025637Z-8563453d,quick,calgary_files,datasets/data/calgary/book1,book1,Upstream files retain their original terms; see dataset manifest,datasets/manifests/calgary.json,datasets/data/calgary/dataset.json,83a3c9348bc6c40af11956faf339f4c6287ef14cdb7d5479a8a0a4f84f2b19c7,true,9ffa47cd93bccd732f20e0c304203cfbc1b8a91bedac536e2d8f6051003d9951,4.527148564470308,768771,bzip2-fast,bzip2,fast,,1,ok,,3,3,270508,2.84195291821314,0.648129286874765,64.8129286874765,2.8149657050018795,0.0,0.08906011200451758,0.04514175000076648,8.632046184278368,17.030155011423943,0.08740499999999685,0.04434600000000444,2457600.0,true,true,cbcf31385253bcd96a8a742d92ecd66795ca1dd9f1d068d8bb001682190326a7,9ffa47cd93bccd732f20e0c304203cfbc1b8a91bedac536e2d8f6051003d9951,,,,,,,,,,,,,,,,,,,,"[""'<external>/bzip2' -c -1"",""'<external>/bzip2' -d -c '<work>/archive.bz2'""]",{}
mathzip-benchmark-results-v1,20260724T025637Z-8563453d,quick,calgary_files,datasets/data/calgary/book1,book1,Upstream files retain their original terms; see dataset manifest,datasets/manifests/calgary.json,datasets/data/calgary/dataset.json,83a3c9348bc6c40af11956faf339f4c6287ef14cdb7d5479a8a0a4f84f2b19c7,true,9ffa47cd93bccd732f20e0c304203cfbc1b8a91bedac536e2d8f6051003d9951,4.527148564470308,768771,xz-fast,xz,fast,,1,ok,,3,3,301308,2.551445696762117,0.608065340654109,60.8065340654109,3.1354772747671285,0.0,0.14452488099777838,0.029594535000796895,5.319298619673781,25.976789295026908,0.14244899999999916,0.027711999999993964,8261632.0,true,true,277e76056caf1210f683762e6559b506800e3a399979adabb00377a41d445256,9ffa47cd93bccd732f20e0c304203cfbc1b8a91bedac536e2d8f6051003d9951,,,,,,,,,,,,,,,,,,,,"[""'<external>/xz' -c --threads=1 -1 '<repo>/datasets/data/calgary/book1'"",""'<external>/xz' -d -c --threads=1 '<work>/archive.xz'""]",{}
mathzip-benchmark-results-v1,20260724T025637Z-8563453d,quick,calgary_files,datasets/data/calgary/book1,book1,Upstream files retain their original terms; see dataset manifest,datasets/manifests/calgary.json,datasets/data/calgary/dataset.json,83a3c9348bc6c40af11956faf339f4c6287ef14cdb7d5479a8a0a4f84f2b19c7,true,9ffa47cd93bccd732f20e0c304203cfbc1b8a91bedac536e2d8f6051003d9951,4.527148564470308,768771,zstd-fast,zstd,fast,,1,ok,,3,3,349762,2.1979832000045745,0.5450374688951587,54.50374688951587,3.639700248838731,0.0,0.0137710029957816,0.008473872003378347,55.82534549121031,90.72251736791728,0.014785000000003379,0.007942999999997369,4923392.0,true,true,f411492bc2e96bc2f36e723c3aed8eb23621e6b54792f5447e1a240f0a2aa560,9ffa47cd93bccd732f20e0c304203cfbc1b8a91bedac536e2d8f6051003d9951,,,,,,,,,,,,,,,,,,,,"[""'<external>/zstd' -q -d -c '<work>/archive.zst'"",""'<external>/zstd' -q -f -T1 -1 -c '<repo>/datasets/data/calgary/book1'""]",{}
mathzip-benchmark-results-v1,20260724T025637Z-8563453d,quick,calgary_files,datasets/data/calgary/book1,book1,Upstream files retain their original terms; see dataset manifest,datasets/manifests/calgary.json,datasets/data/calgary/dataset.json,83a3c9348bc6c40af11956faf339f4c6287ef14cdb7d5479a8a0a4f84f2b19c7,true,9ffa47cd93bccd732f20e0c304203cfbc1b8a91bedac536e2d8f6051003d9951,4.527148564470308,768771,lz4-fast,lz4,fast,,1,ok,,3,3,522825,1.4704174436953092,0.31992101679173646,31.992101679173647,5.440631865666108,0.0,0.008763963996898383,0.006573884995304979,87.71955250752656,116.94317751969355,0.008155000000002133,0.0059290000000018495,360448.0,true,true,e5b395e7482aad4b45fe79c3b3c95d4a8e26c207a34ab483634e468af83b1d40,9ffa47cd93bccd732f20e0c304203cfbc1b8a91bedac536e2d8f6051003d9951,,,,,,,,,,,,,,,,,,,,"[""'<tmp>/mathzip-toolpkgs.3lRj8c/extracted/usr/bin/lz4' -q -d -f '<work>/archive.lz4' '<work>/restored.bin'"",""'<tmp>/mathzip-toolpkgs.3lRj8c/extracted/usr/bin/lz4' -q -f -1 '<repo>/datasets/data/calgary/book1' '<work>/archive.lz4'""]",{}
mathzip-benchmark-results-v1,20260724T025637Z-8563453d,quick,calgary_files,datasets/data/calgary/book1,book1,Upstream files retain their original terms; see dataset manifest,datasets/manifests/calgary.json,datasets/data/calgary/dataset.json,83a3c9348bc6c40af11956faf339f4c6287ef14cdb7d5479a8a0a4f84f2b19c7,true,9ffa47cd93bccd732f20e0c304203cfbc1b8a91bedac536e2d8f6051003d9951,4.527148564470308,768771,brotli-fast,brotli,fast,,1,ok,,3,3,309843,2.4811630406367096,0.5969632049075733,59.69632049075733,3.224294360739414,0.0,0.044492378998256754,0.010672377000446431,17.27871193469158,72.03371844602583,0.04369100000000259,0.009762000000002047,5832704.0,true,true,a599d9b584b1c1fd2e1c334216296716e0b9c48a95dce04a38f96e6a7ca94021,9ffa47cd93bccd732f20e0c304203cfbc1b8a91bedac536e2d8f6051003d9951,,,,,,,,,,,,,,,,,,,,"[""'<tmp>/mathzip-toolpkgs.3lRj8c/extracted/usr/bin/brotli' -f -d -o '<work>/restored.bin' '<work>/archive.br'"",""'<tmp>/mathzip-toolpkgs.3lRj8c/extracted/usr/bin/brotli' -f -q 4 -o '<work>/archive.br' '<repo>/datasets/data/calgary/book1'""]",{}
mathzip-benchmark-results-v1,20260724T025637Z-8563453d,quick,calgary_files,datasets/data/calgary/book1,book1,Upstream files retain their original terms; see dataset manifest,datasets/manifests/calgary.json,datasets/data/calgary/dataset.json,83a3c9348bc6c40af11956faf339f4c6287ef14cdb7d5479a8a0a4f84f2b19c7,true,9ffa47cd93bccd732f20e0c304203cfbc1b8a91bedac536e2d8f6051003d9951,4.527148564470308,768771,7z-fast,7z,fast,,1,ok,,3,3,289783,2.6529195984581566,0.6230568010499875,62.30568010499875,3.0155455916000995,0.0,0.09637940900574904,0.02744260700274026,7.976506682606268,28.01377434451599,0.09534999999999627,0.026700000000005275,9359360.0,true,true,a20a0cdde95c92f2c8915c53098e079e3df0b1d1d6ddbdbc53930b3a3709ebd9,9ffa47cd93bccd732f20e0c304203cfbc1b8a91bedac536e2d8f6051003d9951,,,,,,,,,,,,,,,,,,,,"[""'<tmp>/mathzip-toolpkgs.3lRj8c/extracted/usr/lib/7zip/7z' a -y -bd -bso0 -bsp0 -t7z -m0=lzma2 -mx=1 -mmt=1 '<work>/archive.7z' '<repo>/datasets/data/calgary/book1'"",""'<tmp>/mathzip-toolpkgs.3lRj8c/extracted/usr/lib/7zip/7z' e -so -bd -mmt=1 '<work>/archive.7z'""]",{}
mathzip-benchmark-results-v1,20260724T025637Z-8563453d,quick,calgary_files,datasets/data/calgary/book2,book2,Upstream files retain their original terms; see dataset manifest,datasets/manifests/calgary.json,datasets/data/calgary/dataset.json,83a3c9348bc6c40af11956faf339f4c6287ef14cdb7d5479a8a0a4f84f2b19c7,true,c8538730cf2ce6a243acf3eb299c43d619b5c695d892f4884df796c13081fdf8,4.792632804734776,610856,mathzip-fast,mathzip,fast,,1,ok,,3,3,536025,1.1396035632666386,0.12250186623361314,12.250186623361314,7.019985070131095,0.0,0.5084629080010927,0.024630054998851847,1.2013777020657073,24.80124384734324,0.5057670000000059,0.022408999999996126,7487488.0,true,true,7bce26cefd84222ace2ea73d4f52c45fa55dcdb2e85c479d879fda70b1ecb4b3,c8538730cf2ce6a243acf3eb299c43d619b5c695d892f4884df796c13081fdf8,"[{""type"":""identity""}]",38,16075.157894736842,16384.0,"{""raw"":38}","{""bit_pack"":38}",0,1368,534537,120,100.0,0.0,4.792632804734775,534537,0,0,0.046082299,0.006743553,0.455426161,"[""'<repo>/target/release/mathzip' compress --mode fast --max-input-bytes 8589934592 --no-sync --force '<repo>/datasets/data/calgary/book2' '<work>/archive.mz'"",""'<repo>/target/release/mathzip' compress --mode fast --max-input-bytes 8589934592 --no-sync --force --metrics-output '<work>/metrics-probe.mz.metrics.json' '<repo>/datasets/data/calgary/book2' '<work>/metrics-probe.mz'"",""'<repo>/target/release/mathzip' decompress --max-archive-bytes 17179869184 --max-output-bytes 8589934592 --max-segments 8388608 --no-sync --force '<work>/archive.mz' '<work>/restored.bin'""]",{}
mathzip-benchmark-results-v1,20260724T025637Z-8563453d,quick,calgary_files,datasets/data/calgary/book2,book2,Upstream files retain their original terms; see dataset manifest,datasets/manifests/calgary.json,datasets/data/calgary/dataset.json,83a3c9348bc6c40af11956faf339f4c6287ef14cdb7d5479a8a0a4f84f2b19c7,true,c8538730cf2ce6a243acf3eb299c43d619b5c695d892f4884df796c13081fdf8,4.792632804734776,610856,raw,raw,default,,1,ok,,3,3,610856,1.0,0.0,0.0,8.0,0.0,0.0007499860003008507,0.0007065760000841692,814.4898701508563,864.5297886246252,0.0007541929999987929,0.0007098299999999114,,true,true,c8538730cf2ce6a243acf3eb299c43d619b5c695d892f4884df796c13081fdf8,c8538730cf2ce6a243acf3eb299c43d619b5c695d892f4884df796c13081fdf8,,,,,,,,,,,,,,,,,,,,"[""stdlib:shutil.copyfile""]",{}
mathzip-benchmark-results-v1,20260724T025637Z-8563453d,quick,calgary_files,datasets/data/calgary/book2,book2,Upstream files retain their original terms; see dataset manifest,datasets/manifests/calgary.json,datasets/data/calgary/dataset.json,83a3c9348bc6c40af11956faf339f4c6287ef14cdb7d5479a8a0a4f84f2b19c7,true,c8538730cf2ce6a243acf3eb299c43d619b5c695d892f4884df796c13081fdf8,4.792632804734776,610856,gzip-fast,gzip,fast,,1,ok,,3,3,248840,2.454814338530783,0.592637217281978,59.26372172819781,3.258902261744175,0.0,0.017269221003516577,0.010103307002282236,35.37252779819134,60.46099557917162,0.01615399999999312,0.009332999999998037,1847296.0,true,true,0412dcd1488f5542429256a33889642f5780a29c00473013a384a3c1b6f53fb7,c8538730cf2ce6a243acf3eb299c43d619b5c695d892f4884df796c13081fdf8,,,,,,,,,,,,,,,,,,,,"[""'<external>/gzip' -d -c '<work>/archive.gz'"",""'<external>/gzip' -n -c -1 '<repo>/datasets/data/calgary/book2'""]",{}
mathzip-benchmark-results-v1,20260724T025637Z-8563453d,quick,calgary_files,datasets/data/calgary/book2,book2,Upstream files retain their original terms; see dataset manifest,datasets/manifests/calgary.json,datasets/data/calgary/dataset.json,83a3c9348bc6c40af11956faf339f4c6287ef14cdb7d5479a8a0a4f84f2b19c7,true,c8538730cf2ce6a243acf3eb299c43d619b5c695d892f4884df796c13081fdf8,4.792632804734776,610856,bzip2-fast,bzip2,fast,,1,ok,,3,3,183426,3.3302585238733875,0.6997230116426785,69.97230116426785,2.4022159068585722,0.0,0.07046822900156258,0.03336420800042106,8.668530608119223,18.30872172935413,0.06943699999999353,0.032533999999998287,2457600.0,true,true,251e0b041105c6435d4f04ef9a639db2b7ae562a3763cab2c451771f4addaad4,c8538730cf2ce6a243acf3eb299c43d619b5c695d892f4884df796c13081fdf8,,,,,,,,,,,,,,,,,,,,"[""'<external>/bzip2' -c -1"",""'<external>/bzip2' -d -c '<work>/archive.bz2'""]",{}
mathzip-benchmark-results-v1,20260724T025637Z-8563453d,quick,calgary_files,datasets/data/calgary/book2,book2,Upstream files retain their original terms; see dataset manifest,datasets/manifests/calgary.json,datasets/data/calgary/dataset.json,83a3c9348bc6c40af11956faf339f4c6287ef14cdb7d5479a8a0a4f84f2b19c7,true,c8538730cf2ce6a243acf3eb299c43d619b5c695d892f4884df796c13081fdf8,4.792632804734776,610856,xz-fast,xz,fast,,1,ok,,3,3,195056,3.131695513083422,0.680684154694396,68.0684154694396,2.5545267624448313,0.0,0.09143302599841263,0.02119621299789287,6.680911993556957,28.819110284498723,0.08897300000000286,0.01952900000000568,7491584.0,true,true,ff2ce4208b9c44a1412030c71e146712fe029c433899f980f179237fa494bf4b,c8538730cf2ce6a243acf3eb299c43d619b5c695d892f4884df796c13081fdf8,,,,,,,,,,,,,,,,,,,,"[""'<external>/xz' -c --threads=1 -1 '<repo>/datasets/data/calgary/book2'"",""'<external>/xz' -d -c --threads=1 '<work>/archive.xz'""]",{}
mathzip-benchmark-results-v1,20260724T025637Z-8563453d,quick,calgary_files,datasets/data/calgary/book2,book2,Upstream files retain their original terms; see dataset manifest,datasets/manifests/calgary.json,datasets/data/calgary/dataset.json,83a3c9348bc6c40af11956faf339f4c6287ef14cdb7d5479a8a0a4f84f2b19c7,true,c8538730cf2ce6a243acf3eb299c43d619b5c695d892f4884df796c13081fdf8,4.792632804734776,610856,zstd-fast,zstd,fast,,1,ok,,3,3,228148,2.67745498536038,0.6265109944078473,62.65109944078473,2.987912044737221,0.0,0.015346271000453271,0.009728281998832244,39.8048490074206,62.79176529559128,0.012920999999998628,0.007207000000001074,2383872.0,true,true,74b55197aec4c7e30092f7dd70e0694d27b95af4a65768dcc05f02b283ce43ed,c8538730cf2ce6a243acf3eb299c43d619b5c695d892f4884df796c13081fdf8,,,,,,,,,,,,,,,,,,,,"[""'<external>/zstd' -q -d -c '<work>/archive.zst'"",""'<external>/zstd' -q -f -T1 -1 -c '<repo>/datasets/data/calgary/book2'""]",{}
mathzip-benchmark-results-v1,20260724T025637Z-8563453d,quick,calgary_files,datasets/data/calgary/book2,book2,Upstream files retain their original terms; see dataset manifest,datasets/manifests/calgary.json,datasets/data/calgary/dataset.json,83a3c9348bc6c40af11956faf339f4c6287ef14cdb7d5479a8a0a4f84f2b19c7,true,c8538730cf2ce6a243acf3eb299c43d619b5c695d892f4884df796c13081fdf8,4.792632804734776,610856,lz4-fast,lz4,fast,,1,ok,,3,3,333517,1.8315588110950867,0.45401698599997375,45.401698599997374,4.36786411200021,0.0,0.010414989999844693,0.005816556003992446,58.65161656507678,105.02022151608485,0.00667800000000085,0.00510799999999989,339968.0,true,true,444fdf4165b219c4ca0a6e5611b35e64574ff0c5deb401d0da61186c4463a0d3,c8538730cf2ce6a243acf3eb299c43d619b5c695d892f4884df796c13081fdf8,,,,,,,,,,,,,,,,,,,,"[""'<tmp>/mathzip-toolpkgs.3lRj8c/extracted/usr/bin/lz4' -q -d -f '<work>/archive.lz4' '<work>/restored.bin'"",""'<tmp>/mathzip-toolpkgs.3lRj8c/extracted/usr/bin/lz4' -q -f -1 '<repo>/datasets/data/calgary/book2' '<work>/archive.lz4'""]",{}
mathzip-benchmark-results-v1,20260724T025637Z-8563453d,quick,calgary_files,datasets/data/calgary/book2,book2,Upstream files retain their original terms; see dataset manifest,datasets/manifests/calgary.json,datasets/data/calgary/dataset.json,83a3c9348bc6c40af11956faf339f4c6287ef14cdb7d5479a8a0a4f84f2b19c7,true,c8538730cf2ce6a243acf3eb299c43d619b5c695d892f4884df796c13081fdf8,4.792632804734776,610856,brotli-fast,brotli,fast,,1,ok,,3,3,203756,2.9979779736547636,0.6664418455413388,66.64418455413387,2.66846523566929,0.0,0.031039838002470788,0.008941277999838348,19.6797418836843,68.31864527767102,0.029973000000005356,0.008147000000001015,5038080.0,true,true,82c4ec8d8ddfaeefa25c6e44eb3bed4f1af87a961c9a1cda040ae0a3cbbe3b9e,c8538730cf2ce6a243acf3eb299c43d619b5c695d892f4884df796c13081fdf8,,,,,,,,,,,,,,,,,,,,"[""'<tmp>/mathzip-toolpkgs.3lRj8c/extracted/usr/bin/brotli' -f -d -o '<work>/restored.bin' '<work>/archive.br'"",""'<tmp>/mathzip-toolpkgs.3lRj8c/extracted/usr/bin/brotli' -f -q 4 -o '<work>/archive.br' '<repo>/datasets/data/calgary/book2'""]",{}
mathzip-benchmark-results-v1,20260724T025637Z-8563453d,quick,calgary_files,datasets/data/calgary/book2,book2,Upstream files retain their original terms; see dataset manifest,datasets/manifests/calgary.json,datasets/data/calgary/dataset.json,83a3c9348bc6c40af11956faf339f4c6287ef14cdb7d5479a8a0a4f84f2b19c7,true,c8538730cf2ce6a243acf3eb299c43d619b5c695d892f4884df796c13081fdf8,4.792632804734776,610856,7z-fast,7z,fast,,1,ok,,3,3,188508,3.240477857703652,0.6914035386408581,69.14035386408581,2.4687716908731354,0.0,0.06943950200366089,0.0218311150019872,8.796952489201251,27.980980355075594,0.06813499999999806,0.020808999999999855,9175040.0,true,true,f9e13a4e705f5440dbeef4431f0e9c2415a6fe9b7695f0482e557527e42c7e25,c8538730cf2ce6a243acf3eb299c43d619b5c695d892f4884df796c13081fdf8,,,,,,,,,,,,,,,,,,,,"[""'<tmp>/mathzip-toolpkgs.3lRj8c/extracted/usr/lib/7zip/7z' a -y -bd -bso0 -bsp0 -t7z -m0=lzma2 -mx=1 -mmt=1 '<work>/archive.7z' '<repo>/datasets/data/calgary/book2'"",""'<tmp>/mathzip-toolpkgs.3lRj8c/extracted/usr/lib/7zip/7z' e -so -bd -mmt=1 '<work>/archive.7z'""]",{}
mathzip-benchmark-results-v1,20260724T025637Z-8563453d,quick,calgary_files,datasets/data/calgary/geo,geo,Upstream files retain their original terms; see dataset manifest,datasets/manifests/calgary.json,datasets/data/calgary/dataset.json,83a3c9348bc6c40af11956faf339f4c6287ef14cdb7d5479a8a0a4f84f2b19c7,true,913ff6f45610599020c02f543a0d5a1f46cf772412e25a568b683d23db8c447d,5.646375764301419,102400,mathzip-fast,mathzip,fast,,1,ok,,3,3,101589,1.007983147781748,0.007919921875000013,0.7919921875000013,7.936640625,0.0,0.06451934600045206,0.007104078998963814,1.587120861381368,14.414254122868826,0.06369100000000572,0.0061850000000021055,4272128.0,true,true,789b6ea4d636a3a80a30d5bfc37102837cff2a1fbcc3d60dbffcf951b686eedc,913ff6f45610599020c02f543a0d5a1f46cf772412e25a568b683d23db8c447d,"[{""type"":""xor""}]",7,14628.57142857143,16384.0,"{""recurrence"":7}","{""zero_run"":7}",35,252,101182,120,0.0,0.0,7.9568700249696125,101182,7,0,0.007122622,0.0011776,0.051219477,"[""'<repo>/target/release/mathzip' compress --mode fast --max-input-bytes 8589934592 --no-sync --force '<repo>/datasets/data/calgary/geo' '<work>/archive.mz'"",""'<repo>/target/release/mathzip' compress --mode fast --max-input-bytes 8589934592 --no-sync --force --metrics-output '<work>/metrics-probe.mz.metrics.json' '<repo>/datasets/data/calgary/geo' '<work>/metrics-probe.mz'"",""'<repo>/target/release/mathzip' decompress --max-archive-bytes 17179869184 --max-output-bytes 8589934592 --max-segments 8388608 --no-sync --force '<work>/archive.mz' '<work>/restored.bin'""]",{}
mathzip-benchmark-results-v1,20260724T025637Z-8563453d,quick,calgary_files,datasets/data/calgary/geo,geo,Upstream files retain their original terms; see dataset manifest,datasets/manifests/calgary.json,datasets/data/calgary/dataset.json,83a3c9348bc6c40af11956faf339f4c6287ef14cdb7d5479a8a0a4f84f2b19c7,true,913ff6f45610599020c02f543a0d5a1f46cf772412e25a568b683d23db8c447d,5.646375764301419,102400,raw,raw,default,,1,ok,,3,3,102400,1.0,0.0,0.0,8.0,0.0,0.0003118169988738373,0.0002785910037346184,328.3977472999525,367.56391494085966,0.00031572199999985173,0.0002819560000002497,,true,true,913ff6f45610599020c02f543a0d5a1f46cf772412e25a568b683d23db8c447d,913ff6f45610599020c02f543a0d5a1f46cf772412e25a568b683d23db8c447d,,,,,,,,,,,,,,,,,,,,"[""stdlib:shutil.copyfile""]",{}
mathzip-benchmark-results-v1,20260724T025637Z-8563453d,quick,calgary_files,datasets/data/calgary/geo,geo,Upstream files retain their original terms; see dataset manifest,datasets/manifests/calgary.json,datasets/data/calgary/dataset.json,83a3c9348bc6c40af11956faf339f4c6287ef14cdb7d5479a8a0a4f84f2b19c7,true,913ff6f45610599020c02f543a0d5a1f46cf772412e25a568b683d23db8c447d,5.646375764301419,102400,gzip-fast,gzip,fast,,1,ok,,3,3,69806,1.4669226141019396,0.31830078125000005,31.830078125000007,5.45359375,0.0,0.0069144589942879975,0.004573009995510802,14.809546211003951,22.392253701724524,0.006254000000005533,0.0038949999999928764,462848.0,true,true,7c7ec16b0e846c4742b908d7f78ec29aef7f97ffa6731ce3a787542adc8f592f,913ff6f45610599020c02f543a0d5a1f46cf772412e25a568b683d23db8c447d,,,,,,,,,,,,,,,,,,,,"[""'<external>/gzip' -d -c '<work>/archive.gz'"",""'<external>/gzip' -n -c -1 '<repo>/datasets/data/calgary/geo'""]",{}
mathzip-benchmark-results-v1,20260724T025637Z-8563453d,quick,calgary_files,datasets/data/calgary/geo,geo,Upstream files retain their original terms; see dataset manifest,datasets/manifests/calgary.json,datasets/data/calgary/dataset.json,83a3c9348bc6c40af11956faf339f4c6287ef14cdb7d5479a8a0a4f84f2b19c7,true,913ff6f45610599020c02f543a0d5a1f46cf772412e25a568b683d23db8c447d,5.646375764301419,102400,bzip2-fast,bzip2,fast,,1,ok,,3,3,57195,1.7903662907596818,0.44145507812499996,44.14550781249999,4.468359375,0.0,0.01633662100357469,0.009609266999177635,6.268126069497075,10.656379930827548,0.015670000000000073,0.008911999999995146,2420736.0,true,true,7da0acd9f5934449422e741806ad0634cbd119bd056c7cfecf7dbbd15ee44cae,913ff6f45610599020c02f543a0d5a1f46cf772412e25a568b683d23db8c447d,,,,,,,,,,,,,,,,,,,,"[""'<external>/bzip2' -c -1"",""'<external>/bzip2' -d -c '<work>/archive.bz2'""]",{}
mathzip-benchmark-results-v1,20260724T025637Z-8563453d,quick,calgary_files,datasets/data/calgary/geo,geo,Upstream files retain their original terms; see dataset manifest,datasets/manifests/calgary.json,datasets/data/calgary/dataset.json,83a3c9348bc6c40af11956faf339f4c6287ef14cdb7d5479a8a0a4f84f2b19c7,true,913ff6f45610599020c02f543a0d5a1f46cf772412e25a568b683d23db8c447d,5.646375764301419,102400,xz-fast,xz,fast,,1,ok,,3,3,55680,1.839080459770115,0.45625000000000004,45.62500000000001,4.35,0.0,0.028509128002042416,0.009668320999480784,3.591832061389741,10.591290877237027,0.027312000000009107,0.008259999999992829,4956160.0,true,true,23d90a991a5452f62d187bff16e9a7ff34f301abdd7a69077b8a536e0cd7d500,913ff6f45610599020c02f543a0d5a1f46cf772412e25a568b683d23db8c447d,,,,,,,,,,,,,,,,,,,,"[""'<external>/xz' -c --threads=1 -1 '<repo>/datasets/data/calgary/geo'"",""'<external>/xz' -d -c --threads=1 '<work>/archive.xz'""]",{}
mathzip-benchmark-results-v1,20260724T025637Z-8563453d,quick,calgary_files,datasets/data/calgary/geo,geo,Upstream files retain their original terms; see dataset manifest,datasets/manifests/calgary.json,datasets/data/calgary/dataset.json,83a3c9348bc6c40af11956faf339f4c6287ef14cdb7d5479a8a0a4f84f2b19c7,true,913ff6f45610599020c02f543a0d5a1f46cf772412e25a568b683d23db8c447d,5.646375764301419,102400,zstd-fast,zstd,fast,,1,ok,,3,3,70734,1.4476772132213644,0.30923828124999997,30.923828124999996,5.52609375,0.0,0.005324493999069091,0.005006450999644585,19.231874431242318,20.453610752860566,0.004924000000002593,0.004546999999995194,352256.0,true,true,3e2ca4de115de63f632440fc894948c0b8469366fac62953bc4e4e3b264c0bc5,913ff6f45610599020c02f543a0d5a1f46cf772412e25a568b683d23db8c447d,,,,,,,,,,,,,,,,,,,,"[""'<external>/zstd' -q -d -c '<work>/archive.zst'"",""'<external>/zstd' -q -f -T1 -1 -c '<repo>/datasets/data/calgary/geo'""]",{}
mathzip-benchmark-results-v1,20260724T025637Z-8563453d,quick,calgary_files,datasets/data/calgary/geo,geo,Upstream files retain their original terms; see dataset manifest,datasets/manifests/calgary.json,datasets/data/calgary/dataset.json,83a3c9348bc6c40af11956faf339f4c6287ef14cdb7d5479a8a0a4f84f2b19c7,true,913ff6f45610599020c02f543a0d5a1f46cf772412e25a568b683d23db8c447d,5.646375764301419,102400,lz4-fast,lz4,fast,,1,ok,,3,3,98318,1.0415183384527757,0.03986328125000005,3.986328125000005,7.68109375,0.0,0.0031485400031669997,0.003246410997235216,32.523010632547035,31.54252498750413,0.002517999999994913,0.002577999999999747,458752.0,true,true,8864a5f68cc035a3bc1b12a5d92d8c71fd6635c95fcfe835bcee1e7d98375b93,913ff6f45610599020c02f543a0d5a1f46cf772412e25a568b683d23db8c447d,,,,,,,,,,,,,,,,,,,,"[""'<tmp>/mathzip-toolpkgs.3lRj8c/extracted/usr/bin/lz4' -q -d -f '<work>/archive.lz4' '<work>/restored.bin'"",""'<tmp>/mathzip-toolpkgs.3lRj8c/extracted/usr/bin/lz4' -q -f -1 '<repo>/datasets/data/calgary/geo' '<work>/archive.lz4'""]",{}
mathzip-benchmark-results-v1,20260724T025637Z-8563453d,quick,calgary_files,datasets/data/calgary/geo,geo,Upstream files retain their original terms; see dataset manifest,datasets/manifests/calgary.json,datasets/data/calgary/dataset.json,83a3c9348bc6c40af11956faf339f4c6287ef14cdb7d5479a8a0a4f84f2b19c7,true,913ff6f45610599020c02f543a0d5a1f46cf772412e25a568b683d23db8c447d,5.646375764301419,102400,brotli-fast,brotli,fast,,1,ok,,3,3,69467,1.4740812184202572,0.32161132812500004,32.16113281250001,5.427109375,0.0,0.008134643998346291,0.004824083000130486,12.588135389922055,21.226832124826668,0.007507999999994297,0.004165000000000418,352256.0,true,true,7a4da249f5077e1e7532a8297684c9dab3c4cd50472eeda26f61ba9d153b5450,913ff6f45610599020c02f543a0d5a1f46cf772412e25a568b683d23db8c447d,,,,,,,,,,,,,,,,,,,,"[""'<tmp>/mathzip-toolpkgs.3lRj8c/extracted/usr/bin/brotli' -f -d -o '<work>/restored.bin' '<work>/archive.br'"",""'<tmp>/mathzip-toolpkgs.3lRj8c/extracted/usr/bin/brotli' -f -q 4 -o '<work>/archive.br' '<repo>/datasets/data/calgary/geo'""]",{}
mathzip-benchmark-results-v1,20260724T025637Z-8563453d,quick,calgary_files,datasets/data/calgary/geo,geo,Upstream files retain their original terms; see dataset manifest,datasets/manifests/calgary.json,datasets/data/calgary/dataset.json,83a3c9348bc6c40af11956faf339f4c6287ef14cdb7d5479a8a0a4f84f2b19c7,true,913ff6f45610599020c02f543a0d5a1f46cf772412e25a568b683d23db8c447d,5.646375764301419,102400,7z-fast,7z,fast,,1,ok,,3,3,55541,1.843683044957779,0.45760742187500003,45.7607421875,4.339140625,0.0,0.021035338002548087,0.011448241995822173,4.867998792679058,8.944604773149363,0.02041499999999985,0.01064599999999416,7708672.0,true,true,c600525c4842295a4c2cec4c1bfc5d736734c23f5c8260b224d6bc9cb777f83f,913ff6f45610599020c02f543a0d5a1f46cf772412e25a568b683d23db8c447d,,,,,,,,,,,,,,,,,,,,"[""'<tmp>/mathzip-toolpkgs.3lRj8c/extracted/usr/lib/7zip/7z' a -y -bd -bso0 -bsp0 -t7z -m0=lzma2 -mx=1 -mmt=1 '<work>/archive.7z' '<repo>/datasets/data/calgary/geo'"",""'<tmp>/mathzip-toolpkgs.3lRj8c/extracted/usr/lib/7zip/7z' e -so -bd -mmt=1 '<work>/archive.7z'""]",{}
mathzip-benchmark-results-v1,20260724T025637Z-8563453d,quick,calgary_files,datasets/data/calgary/news,news,Upstream files retain their original terms; see dataset manifest,datasets/manifests/calgary.json,datasets/data/calgary/dataset.json,83a3c9348bc6c40af11956faf339f4c6287ef14cdb7d5479a8a0a4f84f2b19c7,true,7f0482f9774681429eb7021050c17966f6acf19450e170de6611e1ed953d42e8,5.189631614106074,377109,mathzip-fast,mathzip,fast,,1,ok,,3,3,330815,1.1399392409654943,0.12276026294784792,12.276026294784792,7.017917896417217,0.0,0.3430037300058757,0.016505697996763047,1.0994311927556593,22.847201013489727,0.34107899999999347,0.015568999999999278,6053888.0,true,true,d296b10e677d001bbd097ccba9aea06a2de4de148d004b015036e72880e8805b,7f0482f9774681429eb7021050c17966f6acf19450e170de6611e1ed953d42e8,"[{""type"":""xor""}]",24,15712.875,16384.0,"{""raw"":24}","{""bit_pack"":23,""zero_run"":1}",0,864,329831,120,100.0,0.0,6.1790343801544525,329831,0,0,0.027681201,0.004195275,0.304089682,"[""'<repo>/target/release/mathzip' compress --mode fast --max-input-bytes 8589934592 --no-sync --force '<repo>/datasets/data/calgary/news' '<work>/archive.mz'"",""'<repo>/target/release/mathzip' compress --mode fast --max-input-bytes 8589934592 --no-sync --force --metrics-output '<work>/metrics-probe.mz.metrics.json' '<repo>/datasets/data/calgary/news' '<work>/metrics-probe.mz'"",""'<repo>/target/release/mathzip' decompress --max-archive-bytes 17179869184 --max-output-bytes 8589934592 --max-segments 8388608 --no-sync --force '<work>/archive.mz' '<work>/restored.bin'""]",{}
mathzip-benchmark-results-v1,20260724T025637Z-8563453d,quick,calgary_files,datasets/data/calgary/news,news,Upstream files retain their original terms; see dataset manifest,datasets/manifests/calgary.json,datasets/data/calgary/dataset.json,83a3c9348bc6c40af11956faf339f4c6287ef14cdb7d5479a8a0a4f84f2b19c7,true,7f0482f9774681429eb7021050c17966f6acf19450e170de6611e1ed953d42e8,5.189631614106074,377109,raw,raw,default,,1,ok,,3,3,377109,1.0,0.0,0.0,8.0,0.0,0.0005183260000194423,0.000519180997798685,727.5517724093615,726.3536254195226,0.0005245250000012192,0.0005223650000001356,,true,true,7f0482f9774681429eb7021050c17966f6acf19450e170de6611e1ed953d42e8,7f0482f9774681429eb7021050c17966f6acf19450e170de6611e1ed953d42e8,,,,,,,,,,,,,,,,,,,,"[""stdlib:shutil.copyfile""]",{}
mathzip-benchmark-results-v1,20260724T025637Z-8563453d,quick,calgary_files,datasets/data/calgary/news,news,Upstream files retain their original terms; see dataset manifest,datasets/manifests/calgary.json,datasets/data/calgary/dataset.json,83a3c9348bc6c40af11956faf339f4c6287ef14cdb7d5479a8a0a4f84f2b19c7,true,7f0482f9774681429eb7021050c17966f6acf19450e170de6611e1ed953d42e8,5.189631614106074,377109,gzip-fast,gzip,fast,,1,ok,,3,3,164194,2.296728260472368,0.5645980339901726,56.45980339901726,3.483215728078619,0.0,0.012005051001324318,0.009128245997999329,31.41252793998125,41.31231784097979,0.01131600000000077,0.006571000000000993,1679360.0,true,true,6ab5940e50d0c96c3d1e285d0ce332bb2c5390e6fa821915f4f8ecdb69b0fdae,7f0482f9774681429eb7021050c17966f6acf19450e170de6611e1ed953d42e8,,,,,,,,,,,,,,,,,,,,"[""'<external>/gzip' -d -c '<work>/archive.gz'"",""'<external>/gzip' -n -c -1 '<repo>/datasets/data/calgary/news'""]",{}
mathzip-benchmark-results-v1,20260724T025637Z-8563453d,quick,calgary_files,datasets/data/calgary/news,news,Upstream files retain their original terms; see dataset manifest,datasets/manifests/calgary.json,datasets/data/calgary/dataset.json,83a3c9348bc6c40af11956faf339f4c6287ef14cdb7d5479a8a0a4f84f2b19c7,true,7f0482f9774681429eb7021050c17966f6acf19450e170de6611e1ed953d42e8,5.189631614106074,377109,bzip2-fast,bzip2,fast,,1,ok,,3,3,134580,2.8021176995095853,0.6431270534513893,64.31270534513894,2.854983572388885,0.0,0.044578449000255205,0.022976036001637112,8.45944640195627,16.413144546480076,0.04387400000000241,0.022313999999994394,2457600.0,true,true,1e93de2ae4d6069f5c15a24784c0d7596faa6a14902f65f9d75692c67bd15943,7f0482f9774681429eb7021050c17966f6acf19450e170de6611e1ed953d42e8,,,,,,,,,,,,,,,,,,,,"[""'<external>/bzip2' -c -1"",""'<external>/bzip2' -d -c '<work>/archive.bz2'""]",{}
mathzip-benchmark-results-v1,20260724T025637Z-8563453d,quick,calgary_files,datasets/data/calgary/news,news,Upstream files retain their original terms; see dataset manifest,datasets/manifests/calgary.json,datasets/data/calgary/dataset.json,83a3c9348bc6c40af11956faf339f4c6287ef14cdb7d5479a8a0a4f84f2b19c7,true,7f0482f9774681429eb7021050c17966f6acf19450e170de6611e1ed953d42e8,5.189631614106074,377109,xz-fast,xz,fast,,1,ok,,3,3,130084,2.8989652839703575,0.6550493358684094,65.50493358684093,2.7596053130527247,0.0,0.05708068300009472,0.01571795900235884,6.606595790021893,23.992237156453086,0.05445399999999978,0.01410699999999565,6045696.0,true,true,65dce4c10c47501b4bed9ad34a9716bd7d9b0431cd3e596959f9464beca88de8,7f0482f9774681429eb7021050c17966f6acf19450e170de6611e1ed953d42e8,,,,,,,,,,,,,,,,,,,,"[""'<external>/xz' -c --threads=1 -1 '<repo>/datasets/data/calgary/news'"",""'<external>/xz' -d -c --threads=1 '<work>/archive.xz'""]",{}
mathzip-benchmark-results-v1,20260724T025637Z-8563453d,quick,calgary_files,datasets/data/calgary/news,news,Upstream files retain their original terms; see dataset manifest,datasets/manifests/calgary.json,datasets/data/calgary/dataset.json,83a3c9348bc6c40af11956faf339f4c6287ef14cdb7d5479a8a0a4f84f2b19c7,true,7f0482f9774681429eb7021050c17966f6acf19450e170de6611e1ed953d42e8,5.189631614106074,377109,zstd-fast,zstd,fast,,1,ok,,3,3,155689,2.4221942462216344,0.5871511950125825,58.71511950125825,3.3027904398993395,0.0,0.009150931000476703,0.006417910000891425,41.209905306941465,58.75884827733965,0.008438000000005275,0.00574100000000044,356352.0,true,true,1f2243b28415cad205ceeb8a11701f6bd922289e2b35fe6240ce6e9de03db47a,7f0482f9774681429eb7021050c17966f6acf19450e170de6611e1ed953d42e8,,,,,,,,,,,,,,,,,,,,"[""'<external>/zstd' -q -d -c '<work>/archive.zst'"",""'<external>/zstd' -q -f -T1 -1 -c '<repo>/datasets/data/calgary/news'""]",{}
mathzip-benchmark-results-v1,20260724T025637Z-8563453d,quick,calgary_files,datasets/data/calgary/news,news,Upstream files retain their original terms; see dataset manifest,datasets/manifests/calgary.json,datasets/data/calgary/dataset.json,83a3c9348bc6c40af11956faf339f4c6287ef14cdb7d5479a8a0a4f84f2b19c7,true,7f0482f9774681429eb7021050c17966f6acf19450e170de6611e1ed953d42e8,5.189631614106074,377109,lz4-fast,lz4,fast,,1,ok,,3,3,222789,1.6926733366548619,0.40921855484753744,40.92185548475374,4.7262515612197005,0.0,0.005173561999981757,0.00447597599850269,72.89155904603632,84.25179226299494,0.004496000000003164,0.003835999999992623,458752.0,true,true,538ec28dc6263f2794c96c7d9a7717c58b8c03fc6897c5069c26eba9429471c2,7f0482f9774681429eb7021050c17966f6acf19450e170de6611e1ed953d42e8,,,,,,,,,,,,,,,,,,,,"[""'<tmp>/mathzip-toolpkgs.3lRj8c/extracted/usr/bin/lz4' -q -d -f '<work>/archive.lz4' '<work>/restored.bin'"",""'<tmp>/mathzip-toolpkgs.3lRj8c/extracted/usr/bin/lz4' -q -f -1 '<repo>/datasets/data/calgary/news' '<work>/archive.lz4'""]",{}
mathzip-benchmark-results-v1,20260724T025637Z-8563453d,quick,calgary_files,datasets/data/calgary/news,news,Upstream files retain their original terms; see dataset manifest,datasets/manifests/calgary.json,datasets/data/calgary/dataset.json,83a3c9348bc6c40af11956faf339f4c6287ef14cdb7d5479a8a0a4f84f2b19c7,true,7f0482f9774681429eb7021050c17966f6acf19450e170de6611e1ed953d42e8,5.189631614106074,377109,brotli-fast,brotli,fast,,1,ok,,3,3,135924,2.774410700097113,0.6395630971416753,63.956309714167524,2.8834952228665984,0.0,0.019666608997795265,0.006726788000378292,19.17509012571898,56.06078264675394,0.01870699999999914,0.006006000000006395,4124672.0,true,true,7d93dc8b12923a31419ed50fa0569eb1466fc9f50a28dd6ef76f0778e335c293,7f0482f9774681429eb7021050c17966f6acf19450e170de6611e1ed953d42e8,,,,,,,,,,,,,,,,,,,,"[""'<tmp>/mathzip-toolpkgs.3lRj8c/extracted/usr/bin/brotli' -f -d -o '<work>/restored.bin' '<work>/archive.br'"",""'<tmp>/mathzip-toolpkgs.3lRj8c/extracted/usr/bin/brotli' -f -q 4 -o '<work>/archive.br' '<repo>/datasets/data/calgary/news'""]",{}
mathzip-benchmark-results-v1,20260724T025637Z-8563453d,quick,calgary_files,datasets/data/calgary/news,news,Upstream files retain their original terms; see dataset manifest,datasets/manifests/calgary.json,datasets/data/calgary/dataset.json,83a3c9348bc6c40af11956faf339f4c6287ef14cdb7d5479a8a0a4f84f2b19c7,true,7f0482f9774681429eb7021050c17966f6acf19450e170de6611e1ed953d42e8,5.189631614106074,377109,7z-fast,7z,fast,,1,ok,,3,3,128095,2.943979078028026,0.6603236729964015,66.03236729964014,2.7174106160287876,0.0,0.045880618999945,0.018219892001070548,8.21935292547932,20.697652871808582,0.04495099999999752,0.016602000000006,8978432.0,true,true,88ae0c7a060296fb08038ae2bd71457b14bc6cf43dc823ab8f6696f6fa6d972a,7f0482f9774681429eb7021050c17966f6acf19450e170de6611e1ed953d42e8,,,,,,,,,,,,,,,,,,,,"[""'<tmp>/mathzip-toolpkgs.3lRj8c/extracted/usr/lib/7zip/7z' a -y -bd -bso0 -bsp0 -t7z -m0=lzma2 -mx=1 -mmt=1 '<work>/archive.7z' '<repo>/datasets/data/calgary/news'"",""'<tmp>/mathzip-toolpkgs.3lRj8c/extracted/usr/lib/7zip/7z' e -so -bd -mmt=1 '<work>/archive.7z'""]",{}
mathzip-benchmark-results-v1,20260724T025637Z-8563453d,quick,calgary_files,datasets/data/calgary/obj1,obj1,Upstream files retain their original terms; see dataset manifest,datasets/manifests/calgary.json,datasets/data/calgary/dataset.json,83a3c9348bc6c40af11956faf339f4c6287ef14cdb7d5479a8a0a4f84f2b19c7,true,8c06109caffd7e794516e4ed10095b0238ea8df63ed66840907cd4dd23e2cf72,5.948170510344817,21504,mathzip-fast,mathzip,fast,,1,ok,,3,3,18582,1.1572489505973522,0.1358816964285714,13.588169642857139,6.912946428571429,0.0,0.017252090001420584,0.004814341002202127,1.2464576754601502,4.466654935777058,0.016545999999998173,0.004071999999993636,3502080.0,true,true,00a2da2c83127376850d8af4e5a103cc05e4b85c90f726cae02b1aea9de5f9f4,8c06109caffd7e794516e4ed10095b0238ea8df63ed66840907cd4dd23e2cf72,"[{""type"":""delta""}]",2,10752.0,10752.0,"{""recurrence"":2}","{""zero_run"":2}",10,72,18380,120,0.0,0.0,7.2212949101146595,18380,2,0,0.001373125,0.000317734,0.011437886,"[""'<repo>/target/release/mathzip' compress --mode fast --max-input-bytes 8589934592 --no-sync --force '<repo>/datasets/data/calgary/obj1' '<work>/archive.mz'"",""'<repo>/target/release/mathzip' compress --mode fast --max-input-bytes 8589934592 --no-sync --force --metrics-output '<work>/metrics-probe.mz.metrics.json' '<repo>/datasets/data/calgary/obj1' '<work>/metrics-probe.mz'"",""'<repo>/target/release/mathzip' decompress --max-archive-bytes 17179869184 --max-output-bytes 8589934592 --max-segments 8388608 --no-sync --force '<work>/archive.mz' '<work>/restored.bin'""]",{}
mathzip-benchmark-results-v1,20260724T025637Z-8563453d,quick,calgary_files,datasets/data/calgary/obj1,obj1,Upstream files retain their original terms; see dataset manifest,datasets/manifests/calgary.json,datasets/data/calgary/dataset.json,83a3c9348bc6c40af11956faf339f4c6287ef14cdb7d5479a8a0a4f84f2b19c7,true,8c06109caffd7e794516e4ed10095b0238ea8df63ed66840907cd4dd23e2cf72,5.948170510344817,21504,raw,raw,default,,1,ok,,3,3,21504,1.0,0.0,0.0,8.0,0.0,0.00023051999596646056,0.00020940499962307513,93.28474915958579,102.69095789836334,0.000234312999999986,0.00021293700000057925,,true,true,8c06109caffd7e794516e4ed10095b0238ea8df63ed66840907cd4dd23e2cf72,8c06109caffd7e794516e4ed10095b0238ea8df63ed66840907cd4dd23e2cf72,,,,,,,,,,,,,,,,,,,,"[""stdlib:shutil.copyfile""]",{}
mathzip-benchmark-results-v1,20260724T025637Z-8563453d,quick,calgary_files,datasets/data/calgary/obj1,obj1,Upstream files retain their original terms; see dataset manifest,datasets/manifests/calgary.json,datasets/data/calgary/dataset.json,83a3c9348bc6c40af11956faf339f4c6287ef14cdb7d5479a8a0a4f84f2b19c7,true,8c06109caffd7e794516e4ed10095b0238ea8df63ed66840907cd4dd23e2cf72,5.948170510344817,21504,gzip-fast,gzip,fast,,1,ok,,3,3,10702,2.009344047841525,0.5023251488095238,50.23251488095239,3.9813988095238093,0.0,0.003158175000862684,0.0027732439993997104,6.808995699771541,7.754095926883715,0.0026410000000041123,0.00211699999999837,573440.0,true,true,f129f4b8e875d4b9269a0a07de61932eb501bbfa284f80af002da09cebf58368,8c06109caffd7e794516e4ed10095b0238ea8df63ed66840907cd4dd23e2cf72,,,,,,,,,,,,,,,,,,,,"[""'<external>/gzip' -d -c '<work>/archive.gz'"",""'<external>/gzip' -n -c -1 '<repo>/datasets/data/calgary/obj1'""]",{}
mathzip-benchmark-results-v1,20260724T025637Z-8563453d,quick,calgary_files,datasets/data/calgary/obj1,obj1,Upstream files retain their original terms; see dataset manifest,datasets/manifests/calgary.json,datasets/data/calgary/dataset.json,83a3c9348bc6c40af11956faf339f4c6287ef14cdb7d5479a8a0a4f84f2b19c7,true,8c06109caffd7e794516e4ed10095b0238ea8df63ed66840907cd4dd23e2cf72,5.948170510344817,21504,bzip2-fast,bzip2,fast,,1,ok,,3,3,10787,1.9935107073329008,0.49837239583333337,49.837239583333336,4.013020833333333,0.0,0.006483475997811183,0.004239305002556648,3.316739355132915,5.072529574312612,0.005915999999999144,0.0036459999999962633,344064.0,true,true,aa23a8fedb4fe1c98f5b85f8d7519ec5a48e19a4d6221a300a3cb630b45c7306,8c06109caffd7e794516e4ed10095b0238ea8df63ed66840907cd4dd23e2cf72,,,,,,,,,,,,,,,,,,,,"[""'<external>/bzip2' -c -1"",""'<external>/bzip2' -d -c '<work>/archive.bz2'""]",{}
mathzip-benchmark-results-v1,20260724T025637Z-8563453d,quick,calgary_files,datasets/data/calgary/obj1,obj1,Upstream files retain their original terms; see dataset manifest,datasets/manifests/calgary.json,datasets/data/calgary/dataset.json,83a3c9348bc6c40af11956faf339f4c6287ef14cdb7d5479a8a0a4f84f2b19c7,true,8c06109caffd7e794516e4ed10095b0238ea8df63ed66840907cd4dd23e2cf72,5.948170510344817,21504,xz-fast,xz,fast,,1,ok,,3,3,9608,2.238134887593672,0.5531994047619048,55.319940476190474,3.574404761904762,0.0,0.011947553997742943,0.004715833994850982,1.79986631607293,4.5599569500282024,0.010969000000002893,0.003272000000002606,364544.0,true,true,04ec83723bd42d4a7a3a9621c4029fb7ce43cf31867df89f1fd1bbd65515d47e,8c06109caffd7e794516e4ed10095b0238ea8df63ed66840907cd4dd23e2cf72,,,,,,,,,,,,,,,,,,,,"[""'<external>/xz' -c --threads=1 -1 '<repo>/datasets/data/calgary/obj1'"",""'<external>/xz' -d -c --threads=1 '<work>/archive.xz'""]",{}
mathzip-benchmark-results-v1,20260724T025637Z-8563453d,quick,calgary_files,datasets/data/calgary/obj1,obj1,Upstream files retain their original terms; see dataset manifest,datasets/manifests/calgary.json,datasets/data/calgary/dataset.json,83a3c9348bc6c40af11956faf339f4c6287ef14cdb7d5479a8a0a4f84f2b19c7,true,8c06109caffd7e794516e4ed10095b0238ea8df63ed66840907cd4dd23e2cf72,5.948170510344817,21504,zstd-fast,zstd,fast,,1,ok,,3,3,11149,1.9287828504798636,0.48153831845238093,48.153831845238095,4.1476934523809526,0.0,0.004610076997778378,0.004123571998206899,4.664564173301855,5.214896213610635,0.00411900000000287,0.0036460000000033688,344064.0,true,true,b4c347d5cfebe37592597b547157e591c93174bb2ada005606a350332d31293f,8c06109caffd7e794516e4ed10095b0238ea8df63ed66840907cd4dd23e2cf72,,,,,,,,,,,,,,,,,,,,"[""'<external>/zstd' -q -d -c '<work>/archive.zst'"",""'<external>/zstd' -q -f -T1 -1 -c '<repo>/datasets/data/calgary/obj1'""]",{}
mathzip-benchmark-results-v1,20260724T025637Z-8563453d,quick,calgary_files,datasets/data/calgary/obj1,obj1,Upstream files retain their original terms; see dataset manifest,datasets/manifests/calgary.json,datasets/data/calgary/dataset.json,83a3c9348bc6c40af11956faf339f4c6287ef14cdb7d5479a8a0a4f84f2b19c7,true,8c06109caffd7e794516e4ed10095b0238ea8df63ed66840907cd4dd23e2cf72,5.948170510344817,21504,lz4-fast,lz4,fast,,1,ok,,3,3,12944,1.661310259579728,0.39806547619047616,39.80654761904761,4.815476190476191,0.0,0.002880437001294922,0.002625505003379658,7.46553387223283,8.190424307826177,0.0022360000000034574,0.002040999999998405,364544.0,true,true,24f499248b3adbaed68f36cff08580b632815c157bf05be8b2c58d8ea4845191,8c06109caffd7e794516e4ed10095b0238ea8df63ed66840907cd4dd23e2cf72,,,,,,,,,,,,,,,,,,,,"[""'<tmp>/mathzip-toolpkgs.3lRj8c/extracted/usr/bin/lz4' -q -d -f '<work>/archive.lz4' '<work>/restored.bin'"",""'<tmp>/mathzip-toolpkgs.3lRj8c/extracted/usr/bin/lz4' -q -f -1 '<repo>/datasets/data/calgary/obj1' '<work>/archive.lz4'""]",{}
mathzip-benchmark-results-v1,20260724T025637Z-8563453d,quick,calgary_files,datasets/data/calgary/obj1,obj1,Upstream files retain their original terms; see dataset manifest,datasets/manifests/calgary.json,datasets/data/calgary/dataset.json,83a3c9348bc6c40af11956faf339f4c6287ef14cdb7d5479a8a0a4f84f2b19c7,true,8c06109caffd7e794516e4ed10095b0238ea8df63ed66840907cd4dd23e2cf72,5.948170510344817,21504,brotli-fast,brotli,fast,,1,ok,,3,3,10686,2.0123526108927567,0.5030691964285714,50.30691964285714,3.9754464285714284,0.0,0.005109480996907223,0.003603871002269443,4.208646634172121,5.966917236066002,0.004417000000003668,0.0029749999999921783,339968.0,true,true,3f8bae6fface95ed948e00e815cfcb8fb54075bf0dadb87725d39320cd73ea49,8c06109caffd7e794516e4ed10095b0238ea8df63ed66840907cd4dd23e2cf72,,,,,,,,,,,,,,,,,,,,"[""'<tmp>/mathzip-toolpkgs.3lRj8c/extracted/usr/bin/brotli' -f -d -o '<work>/restored.bin' '<work>/archive.br'"",""'<tmp>/mathzip-toolpkgs.3lRj8c/extracted/usr/bin/brotli' -f -q 4 -o '<work>/archive.br' '<repo>/datasets/data/calgary/obj1'""]",{}
mathzip-benchmark-results-v1,20260724T025637Z-8563453d,quick,calgary_files,datasets/data/calgary/obj1,obj1,Upstream files retain their original terms; see dataset manifest,datasets/manifests/calgary.json,datasets/data/calgary/dataset.json,83a3c9348bc6c40af11956faf339f4c6287ef14cdb7d5479a8a0a4f84f2b19c7,true,8c06109caffd7e794516e4ed10095b0238ea8df63ed66840907cd4dd23e2cf72,5.948170510344817,21504,7z-fast,7z,fast,,1,ok,,3,3,9688,2.2196531791907512,0.5494791666666667,54.94791666666667,3.6041666666666665,0.0,0.010845331999007612,0.008100024999293964,1.982788539988236,2.6548066211986243,0.010093999999995162,0.007486000000000104,569344.0,true,true,8de86977b6901e4c4be6cee70f374a3633174693b320811127feff640386c839,8c06109caffd7e794516e4ed10095b0238ea8df63ed66840907cd4dd23e2cf72,,,,,,,,,,,,,,,,,,,,"[""'<tmp>/mathzip-toolpkgs.3lRj8c/extracted/usr/lib/7zip/7z' a -y -bd -bso0 -bsp0 -t7z -m0=lzma2 -mx=1 -mmt=1 '<work>/archive.7z' '<repo>/datasets/data/calgary/obj1'"",""'<tmp>/mathzip-toolpkgs.3lRj8c/extracted/usr/lib/7zip/7z' e -so -bd -mmt=1 '<work>/archive.7z'""]",{}
mathzip-benchmark-results-v1,20260724T025637Z-8563453d,quick,calgary_files,datasets/data/calgary/obj2,obj2,Upstream files retain their original terms; see dataset manifest,datasets/manifests/calgary.json,datasets/data/calgary/dataset.json,83a3c9348bc6c40af11956faf339f4c6287ef14cdb7d5479a8a0a4f84f2b19c7,true,8b3e7f028bfefaebdd48a791060a1ab11d1ffd9bf27e0d63b15e58dda0deb984,6.2603809013450515,246814,mathzip-fast,mathzip,fast,,1,ok,,3,3,244562,1.0092082989180657,0.009124279822052217,0.9124279822052217,7.927005761423582,0.0,0.1488542920051259,0.009548574998916592,1.6580912560552892,25.848254847242043,0.14783199999999397,0.008741000000000554,5070848.0,true,true,f54b86c5608722e3b177b8359701d30c72cc7bd599e0c34b2150442e26e52fcb,8b3e7f028bfefaebdd48a791060a1ab11d1ffd9bf27e0d63b15e58dda0deb984,"[{""type"":""identity""}]",16,15425.875,16384.0,"{""periodic"":1,""raw"":13,""recurrence"":2}","{""raw"":13,""zero_run"":3}",19,576,243847,120,86.29656340402084,86.29656340402084,6.407965335440119,243847,3,0,0.01814461,0.002757158,0.122556708,"[""'<repo>/target/release/mathzip' compress --mode fast --max-input-bytes 8589934592 --no-sync --force '<repo>/datasets/data/calgary/obj2' '<work>/archive.mz'"",""'<repo>/target/release/mathzip' compress --mode fast --max-input-bytes 8589934592 --no-sync --force --metrics-output '<work>/metrics-probe.mz.metrics.json' '<repo>/datasets/data/calgary/obj2' '<work>/metrics-probe.mz'"",""'<repo>/target/release/mathzip' decompress --max-archive-bytes 17179869184 --max-output-bytes 8589934592 --max-segments 8388608 --no-sync --force '<work>/archive.mz' '<work>/restored.bin'""]",{}
mathzip-benchmark-results-v1,20260724T025637Z-8563453d,quick,calgary_files,datasets/data/calgary/obj2,obj2,Upstream files retain their original terms; see dataset manifest,datasets/manifests/calgary.json,datasets/data/calgary/dataset.json,83a3c9348bc6c40af11956faf339f4c6287ef14cdb7d5479a8a0a4f84f2b19c7,true,8b3e7f028bfefaebdd48a791060a1ab11d1ffd9bf27e0d63b15e58dda0deb984,6.2603809013450515,246814,raw,raw,default,,1,ok,,3,3,246814,1.0,0.0,0.0,8.0,0.0,0.0004301670051063411,0.000408741005230695,573.763206080823,603.8395875175216,0.0004344729999985475,0.00041225600000061036,,true,true,8b3e7f028bfefaebdd48a791060a1ab11d1ffd9bf27e0d63b15e58dda0deb984,8b3e7f028bfefaebdd48a791060a1ab11d1ffd9bf27e0d63b15e58dda0deb984,,,,,,,,,,,,,,,,,,,,"[""stdlib:shutil.copyfile""]",{}
mathzip-benchmark-results-v1,20260724T025637Z-8563453d,quick,calgary_files,datasets/data/calgary/obj2,obj2,Upstream files retain their original terms; see dataset manifest,datasets/manifests/calgary.json,datasets/data/calgary/dataset.json,83a3c9348bc6c40af11956faf339f4c6287ef14cdb7d5479a8a0a4f84f2b19c7,true,8b3e7f028bfefaebdd48a791060a1ab11d1ffd9bf27e0d63b15e58dda0deb984,6.2603809013450515,246814,gzip-fast,gzip,fast,,1,ok,,3,3,93901,2.6284491112980692,0.6195475135121995,61.95475135121995,3.0436198919024045,0.0,0.008788952000031713,0.0057146170001942664,28.082301507518693,43.189946061408776,0.007994000000010715,0.004927999999992494,364544.0,true,true,24b8ed35b6450a05d55141b78d993e4d555b4e478f9043070bfa9e2c85828be9,8b3e7f028bfefaebdd48a791060a1ab11d1ffd9bf27e0d63b15e58dda0deb984,,,,,,,,,,,,,,,,,,,,"[""'<external>/gzip' -d -c '<work>/archive.gz'"",""'<external>/gzip' -n -c -1 '<repo>/datasets/data/calgary/obj2'""]",{}
mathzip-benchmark-results-v1,20260724T025637Z-8563453d,quick,calgary_files,datasets/data/calgary/obj2,obj2,Upstream files retain their original terms; see dataset manifest,datasets/manifests/calgary.json,datasets/data/calgary/dataset.json,83a3c9348bc6c40af11956faf339f4c6287ef14cdb7d5479a8a0a4f84f2b19c7,true,8b3e7f028bfefaebdd48a791060a1ab11d1ffd9bf27e0d63b15e58dda0deb984,6.2603809013450515,246814,bzip2-fast,bzip2,fast,,1,ok,,3,3,80055,3.0830553994129035,0.6756464382085294,67.56464382085295,2.594828494331764,0.0,0.03143150499818148,0.014894902000378352,7.852439773860011,16.570367498472336,0.030664999999999054,0.013822000000004664,2457600.0,true,true,a2ec3cdb97fc73897764225f611dab5f10cbcff1420f6ab4da0860ccb17e11ef,8b3e7f028bfefaebdd48a791060a1ab11d1ffd9bf27e0d63b15e58dda0deb984,,,,,,,,,,,,,,,,,,,,"[""'<external>/bzip2' -c -1"",""'<external>/bzip2' -d -c '<work>/archive.bz2'""]",{}
mathzip-benchmark-results-v1,20260724T025637Z-8563453d,quick,calgary_files,datasets/data/calgary/obj2,obj2,Upstream files retain their original terms; see dataset manifest,datasets/manifests/calgary.json,datasets/data/calgary/dataset.json,83a3c9348bc6c40af11956faf339f4c6287ef14cdb7d5479a8a0a4f84f2b19c7,true,8b3e7f028bfefaebdd48a791060a1ab11d1ffd9bf27e0d63b15e58dda0deb984,6.2603809013450515,246814,xz-fast,xz,fast,,1,ok,,3,3,67456,3.6588887571157493,0.7266929752769291,72.6692975276929,2.1864561977845667,0.0,0.03668563800601987,0.0112495499997749,6.727809939123846,21.939899818653963,0.034048999999996,0.009782999999998765,5746688.0,true,true,115309119724ca00d9a8b09d9d80f4b224e3b4d53774bddb2e9c6c83493f335d,8b3e7f028bfefaebdd48a791060a1ab11d1ffd9bf27e0d63b15e58dda0deb984,,,,,,,,,,,,,,,,,,,,"[""'<external>/xz' -c --threads=1 -1 '<repo>/datasets/data/calgary/obj2'"",""'<external>/xz' -d -c --threads=1 '<work>/archive.xz'""]",{}
mathzip-benchmark-results-v1,20260724T025637Z-8563453d,quick,calgary_files,datasets/data/calgary/obj2,obj2,Upstream files retain their original terms; see dataset manifest,datasets/manifests/calgary.json,datasets/data/calgary/dataset.json,83a3c9348bc6c40af11956faf339f4c6287ef14cdb7d5479a8a0a4f84f2b19c7,true,8b3e7f028bfefaebdd48a791060a1ab11d1ffd9bf27e0d63b15e58dda0deb984,6.2603809013450515,246814,zstd-fast,zstd,fast,,1,ok,,3,3,88994,2.773377980538014,0.6394288816679767,63.94288816679767,2.8845689466561866,0.0,0.0075325319994590245,0.00690208900050493,32.766405774011425,35.75931866163187,0.006855999999999085,0.0055210000000016635,344064.0,true,true,2dbc4398a726475f9b51b86c256730864c3599e5911d6fdb12588422b3f27a1d,8b3e7f028bfefaebdd48a791060a1ab11d1ffd9bf27e0d63b15e58dda0deb984,,,,,,,,,,,,,,,,,,,,"[""'<external>/zstd' -q -d -c '<work>/archive.zst'"",""'<external>/zstd' -q -f -T1 -1 -c '<repo>/datasets/data/calgary/obj2'""]",{}
mathzip-benchmark-results-v1,20260724T025637Z-8563453d,quick,calgary_files,datasets/data/calgary/obj2,obj2,Upstream files retain their original terms; see dataset manifest,datasets/manifests/calgary.json,datasets/data/calgary/dataset.json,83a3c9348bc6c40af11956faf339f4c6287ef14cdb7d5479a8a0a4f84f2b19c7,true,8b3e7f028bfefaebdd48a791060a1ab11d1ffd9bf27e0d63b15e58dda0deb984,6.2603809013450515,246814,lz4-fast,lz4,fast,,1,ok,,3,3,117758,2.0959425261977955,0.5228876806015866,52.28876806015867,3.816898555187307,0.0,0.004250821999448817,0.004312094002671074,58.062652360414795,57.23762048023862,0.0036220000000071195,0.0035809999999969477,733184.0,true,true,9187128be7546328920466d5020e9682ecd1435091a948d5d2cd8591d026ee20,8b3e7f028bfefaebdd48a791060a1ab11d1ffd9bf27e0d63b15e58dda0deb984,,,,,,,,,,,,,,,,,,,,"[""'<tmp>/mathzip-toolpkgs.3lRj8c/extracted/usr/bin/lz4' -q -d -f '<work>/archive.lz4' '<work>/restored.bin'"",""'<tmp>/mathzip-toolpkgs.3lRj8c/extracted/usr/bin/lz4' -q -f -1 '<repo>/datasets/data/calgary/obj2' '<work>/archive.lz4'""]",{}
mathzip-benchmark-results-v1,20260724T025637Z-8563453d,quick,calgary_files,datasets/data/calgary/obj2,obj2,Upstream files retain their original terms; see dataset manifest,datasets/manifests/calgary.json,datasets/data/calgary/dataset.json,83a3c9348bc6c40af11956faf339f4c6287ef14cdb7d5479a8a0a4f84f2b19c7,true,8b3e7f028bfefaebdd48a791060a1ab11d1ffd9bf27e0d63b15e58dda0deb984,6.2603809013450515,246814,brotli-fast,brotli,fast,,1,ok,,3,3,81599,3.024718440176963,0.6693907152754706,66.93907152754706,2.644874277796235,0.0,0.014451492999796756,0.006033507001120597,17.078789022246433,40.907220287331974,0.013272999999998092,0.005268999999998414,4182016.0,true,true,6eeba45f9632d4701879f4a44bbbc411f8e11991cba7857299d559ff827b735d,8b3e7f028bfefaebdd48a791060a1ab11d1ffd9bf27e0d63b15e58dda0deb984,,,,,,,,,,,,,,,,,,,,"[""'<tmp>/mathzip-toolpkgs.3lRj8c/extracted/usr/bin/brotli' -f -d -o '<work>/restored.bin' '<work>/archive.br'"",""'<tmp>/mathzip-toolpkgs.3lRj8c/extracted/usr/bin/brotli' -f -q 4 -o '<work>/archive.br' '<repo>/datasets/data/calgary/obj2'""]",{}
mathzip-benchmark-results-v1,20260724T025637Z-8563453d,quick,calgary_files,datasets/data/calgary/obj2,obj2,Upstream files retain their original terms; see dataset manifest,datasets/manifests/calgary.json,datasets/data/calgary/dataset.json,83a3c9348bc6c40af11956faf339f4c6287ef14cdb7d5479a8a0a4f84f2b19c7,true,8b3e7f028bfefaebdd48a791060a1ab11d1ffd9bf27e0d63b15e58dda0deb984,6.2603809013450515,246814,7z-fast,7z,fast,,1,ok,,3,3,67062,3.6803853150815664,0.7282893190823859,72.82893190823859,2.1736854473409126,0.0,0.029212256995378993,0.013455520995194092,8.448987698521304,18.34295380224627,0.026697999999996114,0.012440000000012219,8642560.0,true,true,8a7927976f55b53f4fc9d80624ce34f24062ad0f37ee109b66b765d2e0818094,8b3e7f028bfefaebdd48a791060a1ab11d1ffd9bf27e0d63b15e58dda0deb984,,,,,,,,,,,,,,,,,,,,"[""'<tmp>/mathzip-toolpkgs.3lRj8c/extracted/usr/lib/7zip/7z' a -y -bd -bso0 -bsp0 -t7z -m0=lzma2 -mx=1 -mmt=1 '<work>/archive.7z' '<repo>/datasets/data/calgary/obj2'"",""'<tmp>/mathzip-toolpkgs.3lRj8c/extracted/usr/lib/7zip/7z' e -so -bd -mmt=1 '<work>/archive.7z'""]",{}
mathzip-benchmark-results-v1,20260724T025637Z-8563453d,quick,calgary_files,datasets/data/calgary/paper1,paper1,Upstream files retain their original terms; see dataset manifest,datasets/manifests/calgary.json,datasets/data/calgary/dataset.json,83a3c9348bc6c40af11956faf339f4c6287ef14cdb7d5479a8a0a4f84f2b19c7,true,8d9c42d9fa58b5bce1a8b5fae3cc27c9eb7cc7a032bc12a633d44e816497e143,4.982982517726421,53161,mathzip-fast,mathzip,fast,,1,ok,,3,3,46784,1.1363072845417237,0.11995635898497015,11.995635898497014,7.040349128120239,0.0,0.048968121998768765,0.006666514003882185,1.085624643749594,7.9743326075730385,0.046939000000008946,0.005253999999993653,3768320.0,true,true,e5c6b548e9a4e14d6bca0555602b44be52d62badd7327d3a30a1a9b0b9003042,8d9c42d9fa58b5bce1a8b5fae3cc27c9eb7cc7a032bc12a633d44e816497e143,"[{""type"":""identity""}]",4,13290.25,16384.0,"{""raw"":4}","{""bit_pack"":4}",0,144,46520,120,100.0,0.0,4.982982517726421,46520,0,0,0.003648784,0.000636762,0.039028651,"[""'<repo>/target/release/mathzip' compress --mode fast --max-input-bytes 8589934592 --no-sync --force '<repo>/datasets/data/calgary/paper1' '<work>/archive.mz'"",""'<repo>/target/release/mathzip' compress --mode fast --max-input-bytes 8589934592 --no-sync --force --metrics-output '<work>/metrics-probe.mz.metrics.json' '<repo>/datasets/data/calgary/paper1' '<work>/metrics-probe.mz'"",""'<repo>/target/release/mathzip' decompress --max-archive-bytes 17179869184 --max-output-bytes 8589934592 --max-segments 8388608 --no-sync --force '<work>/archive.mz' '<work>/restored.bin'""]",{}
mathzip-benchmark-results-v1,20260724T025637Z-8563453d,quick,calgary_files,datasets/data/calgary/paper1,paper1,Upstream files retain their original terms; see dataset manifest,datasets/manifests/calgary.json,datasets/data/calgary/dataset.json,83a3c9348bc6c40af11956faf339f4c6287ef14cdb7d5479a8a0a4f84f2b19c7,true,8d9c42d9fa58b5bce1a8b5fae3cc27c9eb7cc7a032bc12a633d44e816497e143,4.982982517726421,53161,raw,raw,default,,1,ok,,3,3,53161,1.0,0.0,0.0,8.0,0.0,0.000250516997766681,0.00022817299759481102,212.2051616214541,232.9855003018506,0.00025443400000035865,0.0002314300000012537,,true,true,8d9c42d9fa58b5bce1a8b5fae3cc27c9eb7cc7a032bc12a633d44e816497e143,8d9c42d9fa58b5bce1a8b5fae3cc27c9eb7cc7a032bc12a633d44e816497e143,,,,,,,,,,,,,,,,,,,,"[""stdlib:shutil.copyfile""]",{}
mathzip-benchmark-results-v1,20260724T025637Z-8563453d,quick,calgary_files,datasets/data/calgary/paper1,paper1,Upstream files retain their original terms; see dataset manifest,datasets/manifests/calgary.json,datasets/data/calgary/dataset.json,83a3c9348bc6c40af11956faf339f4c6287ef14cdb7d5479a8a0a4f84f2b19c7,true,8d9c42d9fa58b5bce1a8b5fae3cc27c9eb7cc7a032bc12a633d44e816497e143,4.982982517726421,53161,gzip-fast,gzip,fast,,1,ok,,3,3,21605,2.4605878268919232,0.593593047534847,59.3593047534847,3.251255619721224,0.0,0.004077856996445917,0.0032840500061865896,13.036504234045681,16.18763414072677,0.003433999999998605,0.0026210000000048694,458752.0,true,true,db37e5a6ce92f81e10572fa2a4b4c047cbe0cc89eed1116dfb9dbc543d86f5ab,8d9c42d9fa58b5bce1a8b5fae3cc27c9eb7cc7a032bc12a633d44e816497e143,,,,,,,,,,,,,,,,,,,,"[""'<external>/gzip' -d -c '<work>/archive.gz'"",""'<external>/gzip' -n -c -1 '<repo>/datasets/data/calgary/paper1'""]",{}
mathzip-benchmark-results-v1,20260724T025637Z-8563453d,quick,calgary_files,datasets/data/calgary/paper1,paper1,Upstream files retain their original terms; see dataset manifest,datasets/manifests/calgary.json,datasets/data/calgary/dataset.json,83a3c9348bc6c40af11956faf339f4c6287ef14cdb7d5479a8a0a4f84f2b19c7,true,8d9c42d9fa58b5bce1a8b5fae3cc27c9eb7cc7a032bc12a633d44e816497e143,4.982982517726421,53161,bzip2-fast,bzip2,fast,,1,ok,,3,3,16558,3.2105930667955067,0.6885310660070352,68.85310660070351,2.491751471943718,0.0,0.009855916992819402,0.0053981089949957095,5.393815718895646,9.848078289875703,0.009168999999999983,0.0046859999999924185,335872.0,true,true,6f09d644dd44845fc718053c53add1bdf1dbed70ee52e0f6d4a44925f939d9c5,8d9c42d9fa58b5bce1a8b5fae3cc27c9eb7cc7a032bc12a633d44e816497e143,,,,,,,,,,,,,,,,,,,,"[""'<external>/bzip2' -c -1"",""'<external>/bzip2' -d -c '<work>/archive.bz2'""]",{}
mathzip-benchmark-results-v1,20260724T025637Z-8563453d,quick,calgary_files,datasets/data/calgary/paper1,paper1,Upstream files retain their original terms; see dataset manifest,datasets/manifests/calgary.json,datasets/data/calgary/dataset.json,83a3c9348bc6c40af11956faf339f4c6287ef14cdb7d5479a8a0a4f84f2b19c7,true,8d9c42d9fa58b5bce1a8b5fae3cc27c9eb7cc7a032bc12a633d44e816497e143,4.982982517726421,53161,xz-fast,xz,fast,,1,ok,,3,3,18416,2.8866746307558646,0.6535806324185023,65.35806324185023,2.7713549406519817,0.0,0.015821316999790724,0.008166790001268964,3.36008690052182,6.509411897666009,0.014526000000003592,0.004151000000007343,4657152.0,true,true,280b4e69b1a9c1d14667edce9c47f88a317466619de1003d394e8437a672aff0,8d9c42d9fa58b5bce1a8b5fae3cc27c9eb7cc7a032bc12a633d44e816497e143,,,,,,,,,,,,,,,,,,,,"[""'<external>/xz' -c --threads=1 -1 '<repo>/datasets/data/calgary/paper1'"",""'<external>/xz' -d -c --threads=1 '<work>/archive.xz'""]",{}
mathzip-benchmark-results-v1,20260724T025637Z-8563453d,quick,calgary_files,datasets/data/calgary/paper1,paper1,Upstream files retain their original terms; see dataset manifest,datasets/manifests/calgary.json,datasets/data/calgary/dataset.json,83a3c9348bc6c40af11956faf339f4c6287ef14cdb7d5479a8a0a4f84f2b19c7,true,8d9c42d9fa58b5bce1a8b5fae3cc27c9eb7cc7a032bc12a633d44e816497e143,4.982982517726421,53161,zstd-fast,zstd,fast,,1,ok,,3,3,20700,2.5681642512077296,0.610616805552943,61.061680555294295,3.1150655555764564,0.0,0.0077210899980855174,0.0061144149949541315,6.885167769470572,8.694372240659272,0.004697999999990543,0.003959999999992192,380928.0,true,true,2ba749693145b88f129f0ad9dcef4ac13a759d97519d7f03db3d020cc4a6d129,8d9c42d9fa58b5bce1a8b5fae3cc27c9eb7cc7a032bc12a633d44e816497e143,,,,,,,,,,,,,,,,,,,,"[""'<external>/zstd' -q -d -c '<work>/archive.zst'"",""'<external>/zstd' -q -f -T1 -1 -c '<repo>/datasets/data/calgary/paper1'""]",{}
mathzip-benchmark-results-v1,20260724T025637Z-8563453d,quick,calgary_files,datasets/data/calgary/paper1,paper1,Upstream files retain their original terms; see dataset manifest,datasets/manifests/calgary.json,datasets/data/calgary/dataset.json,83a3c9348bc6c40af11956faf339f4c6287ef14cdb7d5479a8a0a4f84f2b19c7,true,8d9c42d9fa58b5bce1a8b5fae3cc27c9eb7cc7a032bc12a633d44e816497e143,4.982982517726421,53161,lz4-fast,lz4,fast,,1,ok,,3,3,28952,1.836177120751589,0.45539022967965237,45.53902296796524,4.356878162562781,0.0,0.004108617999008857,0.005198012993787415,12.938900626153199,10.227177204739043,0.0028480000000001837,0.003093000000006896,454656.0,true,true,0324992a88aa169af006811f1a9a8e0414424423f0abb9db665022c0ec131988,8d9c42d9fa58b5bce1a8b5fae3cc27c9eb7cc7a032bc12a633d44e816497e143,,,,,,,,,,,,,,,,,,,,"[""'<tmp>/mathzip-toolpkgs.3lRj8c/extracted/usr/bin/lz4' -q -d -f '<work>/archive.lz4' '<work>/restored.bin'"",""'<tmp>/mathzip-toolpkgs.3lRj8c/extracted/usr/bin/lz4' -q -f -1 '<repo>/datasets/data/calgary/paper1' '<work>/archive.lz4'""]",{}
mathzip-benchmark-results-v1,20260724T025637Z-8563453d,quick,calgary_files,datasets/data/calgary/paper1,paper1,Upstream files retain their original terms; see dataset manifest,datasets/manifests/calgary.json,datasets/data/calgary/dataset.json,83a3c9348bc6c40af11956faf339f4c6287ef14cdb7d5479a8a0a4f84f2b19c7,true,8d9c42d9fa58b5bce1a8b5fae3cc27c9eb7cc7a032bc12a633d44e816497e143,4.982982517726421,53161,brotli-fast,brotli,fast,,1,ok,,3,3,19011,2.7963284414286464,0.642388216925942,64.2388216925942,2.8608942645924644,0.0,0.006942961997992825,0.005665130993293133,7.656818518575872,9.383895988095693,0.00591700000001083,0.0032700000000005502,454656.0,true,true,9f0a91287076416d31aa7e7e36e6e3aeeda9845a8d75fac653bef782e709d808,8d9c42d9fa58b5bce1a8b5fae3cc27c9eb7cc7a032bc12a633d44e816497e143,,,,,,,,,,,,,,,,,,,,"[""'<tmp>/mathzip-toolpkgs.3lRj8c/extracted/usr/bin/brotli' -f -d -o '<work>/restored.bin' '<work>/archive.br'"",""'<tmp>/mathzip-toolpkgs.3lRj8c/extracted/usr/bin/brotli' -f -q 4 -o '<work>/archive.br' '<repo>/datasets/data/calgary/paper1'""]",{}
mathzip-benchmark-results-v1,20260724T025637Z-8563453d,quick,calgary_files,datasets/data/calgary/paper1,paper1,Upstream files retain their original terms; see dataset manifest,datasets/manifests/calgary.json,datasets/data/calgary/dataset.json,83a3c9348bc6c40af11956faf339f4c6287ef14cdb7d5479a8a0a4f84f2b19c7,true,8d9c42d9fa58b5bce1a8b5fae3cc27c9eb7cc7a032bc12a633d44e816497e143,4.982982517726421,53161,7z-fast,7z,fast,,1,ok,,3,3,18239,2.9146883052798946,0.6569101408927598,65.69101408927598,2.744718872857922,0.0,0.014662478999525774,0.009277623998059426,3.6256488416262607,5.730023119186501,0.013679000000010433,0.008318000000002712,7700480.0,true,true,8ca3dd1b6b28df7956b8958f467e369b71fff38e30bdef75dde599775cdba728,8d9c42d9fa58b5bce1a8b5fae3cc27c9eb7cc7a032bc12a633d44e816497e143,,,,,,,,,,,,,,,,,,,,"[""'<tmp>/mathzip-toolpkgs.3lRj8c/extracted/usr/lib/7zip/7z' a -y -bd -bso0 -bsp0 -t7z -m0=lzma2 -mx=1 -mmt=1 '<work>/archive.7z' '<repo>/datasets/data/calgary/paper1'"",""'<tmp>/mathzip-toolpkgs.3lRj8c/extracted/usr/lib/7zip/7z' e -so -bd -mmt=1 '<work>/archive.7z'""]",{}
mathzip-benchmark-results-v1,20260724T025637Z-8563453d,quick,calgary_files,datasets/data/calgary/paper2,paper2,Upstream files retain their original terms; see dataset manifest,datasets/manifests/calgary.json,datasets/data/calgary/dataset.json,83a3c9348bc6c40af11956faf339f4c6287ef14cdb7d5479a8a0a4f84f2b19c7,true,dc4b9cf68094c632a920f4e76d0a0a8b9617b624c36928ca46a5d29798c5bbbe,4.601434708427095,82199,mathzip-fast,mathzip,fast,,1,ok,,3,3,72267,1.1374347904299333,0.12082872054404559,12.08287205440456,7.033370235647635,0.0,0.07162344099924667,0.010284331001457758,1.1476549974869898,7.992644342966854,0.07071499999999276,0.006122000000004846,3973120.0,true,true,7d233f24d1bc6aa5ff9e9c19fde6d39aa3d53b6ac134bbaab5b426c115fcfe36,dc4b9cf68094c632a920f4e76d0a0a8b9617b624c36928ca46a5d29798c5bbbe,"[{""type"":""identity""}]",6,13699.833333333334,16384.0,"{""raw"":6}","{""bit_pack"":6}",0,216,71931,120,100.0,0.0,4.601434708427093,71931,0,0,0.005703999,0.000945459,0.060207656,"[""'<repo>/target/release/mathzip' compress --mode fast --max-input-bytes 8589934592 --no-sync --force '<repo>/datasets/data/calgary/paper2' '<work>/archive.mz'"",""'<repo>/target/release/mathzip' compress --mode fast --max-input-bytes 8589934592 --no-sync --force --metrics-output '<work>/metrics-probe.mz.metrics.json' '<repo>/datasets/data/calgary/paper2' '<work>/metrics-probe.mz'"",""'<repo>/target/release/mathzip' decompress --max-archive-bytes 17179869184 --max-output-bytes 8589934592 --max-segments 8388608 --no-sync --force '<work>/archive.mz' '<work>/restored.bin'""]",{}
mathzip-benchmark-results-v1,20260724T025637Z-8563453d,quick,calgary_files,datasets/data/calgary/paper2,paper2,Upstream files retain their original terms; see dataset manifest,datasets/manifests/calgary.json,datasets/data/calgary/dataset.json,83a3c9348bc6c40af11956faf339f4c6287ef14cdb7d5479a8a0a4f84f2b19c7,true,dc4b9cf68094c632a920f4e76d0a0a8b9617b624c36928ca46a5d29798c5bbbe,4.601434708427095,82199,raw,raw,default,,1,ok,,3,3,82199,1.0,0.0,0.0,8.0,0.0,0.0002880789979826659,0.00026596100360620767,285.33492748730686,309.06410671282873,0.00029213200000022255,0.0002695169999995528,,true,true,dc4b9cf68094c632a920f4e76d0a0a8b9617b624c36928ca46a5d29798c5bbbe,dc4b9cf68094c632a920f4e76d0a0a8b9617b624c36928ca46a5d29798c5bbbe,,,,,,,,,,,,,,,,,,,,"[""stdlib:shutil.copyfile""]",{}
mathzip-benchmark-results-v1,20260724T025637Z-8563453d,quick,calgary_files,datasets/data/calgary/paper2,paper2,Upstream files retain their original terms; see dataset manifest,datasets/manifests/calgary.json,datasets/data/calgary/dataset.json,83a3c9348bc6c40af11956faf339f4c6287ef14cdb7d5479a8a0a4f84f2b19c7,true,dc4b9cf68094c632a920f4e76d0a0a8b9617b624c36928ca46a5d29798c5bbbe,4.601434708427095,82199,gzip-fast,gzip,fast,,1,ok,,3,3,35071,2.3437883151321603,0.5733403082762565,57.33403082762565,3.4132775337899486,0.0,0.005058529000962153,0.005531684000743553,16.24958559778256,14.859670217776547,0.004352000000011458,0.0030539999999916745,471040.0,true,true,51e178929151ca84f120a3e897ac77e0467ef33794e23b3aa78cd66413c7c205,dc4b9cf68094c632a920f4e76d0a0a8b9617b624c36928ca46a5d29798c5bbbe,,,,,,,,,,,,,,,,,,,,"[""'<external>/gzip' -d -c '<work>/archive.gz'"",""'<external>/gzip' -n -c -1 '<repo>/datasets/data/calgary/paper2'""]",{}
mathzip-benchmark-results-v1,20260724T025637Z-8563453d,quick,calgary_files,datasets/data/calgary/paper2,paper2,Upstream files retain their original terms; see dataset manifest,datasets/manifests/calgary.json,datasets/data/calgary/dataset.json,83a3c9348bc6c40af11956faf339f4c6287ef14cdb7d5479a8a0a4f84f2b19c7,true,dc4b9cf68094c632a920f4e76d0a0a8b9617b624c36928ca46a5d29798c5bbbe,4.601434708427095,82199,bzip2-fast,bzip2,fast,,1,ok,,3,3,25041,3.2825765744179547,0.6953612574362218,69.53612574362218,2.4371099405102252,0.0,0.013583378997282125,0.009394674998475239,6.051439779192427,8.749530985727652,0.012493000000006305,0.006781000000003701,2326528.0,true,true,7208602f45f87612d0198eda6f268ac066b0a036957d982fa802f6d692f3c72c,dc4b9cf68094c632a920f4e76d0a0a8b9617b624c36928ca46a5d29798c5bbbe,,,,,,,,,,,,,,,,,,,,"[""'<external>/bzip2' -c -1"",""'<external>/bzip2' -d -c '<work>/archive.bz2'""]",{}
mathzip-benchmark-results-v1,20260724T025637Z-8563453d,quick,calgary_files,datasets/data/calgary/paper2,paper2,Upstream files retain their original terms; see dataset manifest,datasets/manifests/calgary.json,datasets/data/calgary/dataset.json,83a3c9348bc6c40af11956faf339f4c6287ef14cdb7d5479a8a0a4f84f2b19c7,true,dc4b9cf68094c632a920f4e76d0a0a8b9617b624c36928ca46a5d29798c5bbbe,4.601434708427095,82199,xz-fast,xz,fast,,1,ok,,3,3,29536,2.7830105633802815,0.6406768938794876,64.06768938794876,2.8745848489640995,0.0,0.02085749300022144,0.007916192997072358,3.9409817852570925,10.383652853132764,0.01922500000000582,0.0051339999999981956,4665344.0,true,true,4d073d73c0dde6eaa0bc1b4334eb7ec5e486b245c5ba3aa227c44720b6eb7e83,dc4b9cf68094c632a920f4e76d0a0a8b9617b624c36928ca46a5d29798c5bbbe,,,,,,,,,,,,,,,,,,,,"[""'<external>/xz' -c --threads=1 -1 '<repo>/datasets/data/calgary/paper2'"",""'<external>/xz' -d -c --threads=1 '<work>/archive.xz'""]",{}
mathzip-benchmark-results-v1,20260724T025637Z-8563453d,quick,calgary_files,datasets/data/calgary/paper2,paper2,Upstream files retain their original terms; see dataset manifest,datasets/manifests/calgary.json,datasets/data/calgary/dataset.json,83a3c9348bc6c40af11956faf339f4c6287ef14cdb7d5479a8a0a4f84f2b19c7,true,dc4b9cf68094c632a920f4e76d0a0a8b9617b624c36928ca46a5d29798c5bbbe,4.601434708427095,82199,zstd-fast,zstd,fast,,1,ok,,3,3,32874,2.500425868467482,0.6000681273494811,60.00681273494811,3.199454981204151,0.0,0.007684941992920358,0.004830308003874961,10.696111964895069,17.017341323588155,0.004783000000003312,0.004192000000003304,364544.0,true,true,adaa0cf51f3f779702d0afd96fb421493204ae93544efe4cc0f03c153e99fef4,dc4b9cf68094c632a920f4e76d0a0a8b9617b624c36928ca46a5d29798c5bbbe,,,,,,,,,,,,,,,,,,,,"[""'<external>/zstd' -q -d -c '<work>/archive.zst'"",""'<external>/zstd' -q -f -T1 -1 -c '<repo>/datasets/data/calgary/paper2'""]",{}
mathzip-benchmark-results-v1,20260724T025637Z-8563453d,quick,calgary_files,datasets/data/calgary/paper2,paper2,Upstream files retain their original terms; see dataset manifest,datasets/manifests/calgary.json,datasets/data/calgary/dataset.json,83a3c9348bc6c40af11956faf339f4c6287ef14cdb7d5479a8a0a4f84f2b19c7,true,dc4b9cf68094c632a920f4e76d0a0a8b9617b624c36928ca46a5d29798c5bbbe,4.601434708427095,82199,lz4-fast,lz4,fast,,1,ok,,3,3,47843,1.7180987814309303,0.417961289066777,41.7961289066777,4.656309687465784,0.0,0.003270777000579983,0.003361616996699013,25.131337289403785,24.452220488150928,0.0026069999999975835,0.0024879999999996016,499712.0,true,true,1bc52357dd42ddf9077b09d189d6ed7cbfdd1a582659b699119ca839daef696a,dc4b9cf68094c632a920f4e76d0a0a8b9617b624c36928ca46a5d29798c5bbbe,,,,,,,,,,,,,,,,,,,,"[""'<tmp>/mathzip-toolpkgs.3lRj8c/extracted/usr/bin/lz4' -q -d -f '<work>/archive.lz4' '<work>/restored.bin'"",""'<tmp>/mathzip-toolpkgs.3lRj8c/extracted/usr/bin/lz4' -q -f -1 '<repo>/datasets/data/calgary/paper2' '<work>/archive.lz4'""]",{}
mathzip-benchmark-results-v1,20260724T025637Z-8563453d,quick,calgary_files,datasets/data/calgary/paper2,paper2,Upstream files retain their original terms; see dataset manifest,datasets/manifests/calgary.json,datasets/data/calgary/dataset.json,83a3c9348bc6c40af11956faf339f4c6287ef14cdb7d5479a8a0a4f84f2b19c7,true,dc4b9cf68094c632a920f4e76d0a0a8b9617b624c36928ca46a5d29798c5bbbe,4.601434708427095,82199,brotli-fast,brotli,fast,,1,ok,,3,3,30266,2.7158858124628296,0.6317960072506965,63.17960072506965,2.9456319419944283,0.0,0.010327041003620252,0.004799722999450751,7.959588808757927,17.12577996884535,0.007293000000004213,0.0035609999999905995,643072.0,true,true,15f8ace6a03e47353878ee4b278d22bbaea7a809a137bbc42c4e4e407ec5b711,dc4b9cf68094c632a920f4e76d0a0a8b9617b624c36928ca46a5d29798c5bbbe,,,,,,,,,,,,,,,,,,,,"[""'<tmp>/mathzip-toolpkgs.3lRj8c/extracted/usr/bin/brotli' -f -d -o '<work>/restored.bin' '<work>/archive.br'"",""'<tmp>/mathzip-toolpkgs.3lRj8c/extracted/usr/bin/brotli' -f -q 4 -o '<work>/archive.br' '<repo>/datasets/data/calgary/paper2'""]",{}
mathzip-benchmark-results-v1,20260724T025637Z-8563453d,quick,calgary_files,datasets/data/calgary/paper2,paper2,Upstream files retain their original terms; see dataset manifest,datasets/manifests/calgary.json,datasets/data/calgary/dataset.json,83a3c9348bc6c40af11956faf339f4c6287ef14cdb7d5479a8a0a4f84f2b19c7,true,dc4b9cf68094c632a920f4e76d0a0a8b9617b624c36928ca46a5d29798c5bbbe,4.601434708427095,82199,7z-fast,7z,fast,,1,ok,,3,3,29040,2.830544077134986,0.6467110305478169,64.67110305478168,2.826311755617465,0.0,0.017862734996015206,0.009634788002585992,4.60170293173676,8.531479880817061,0.016515999999995756,0.008713999999997668,7745536.0,true,true,e15403cddf3d162fcc3655522ab117e75407da7244aeb5380c4fea902c577835,dc4b9cf68094c632a920f4e76d0a0a8b9617b624c36928ca46a5d29798c5bbbe,,,,,,,,,,,,,,,,,,,,"[""'<tmp>/mathzip-toolpkgs.3lRj8c/extracted/usr/lib/7zip/7z' a -y -bd -bso0 -bsp0 -t7z -m0=lzma2 -mx=1 -mmt=1 '<work>/archive.7z' '<repo>/datasets/data/calgary/paper2'"",""'<tmp>/mathzip-toolpkgs.3lRj8c/extracted/usr/lib/7zip/7z' e -so -bd -mmt=1 '<work>/archive.7z'""]",{}
mathzip-benchmark-results-v1,20260724T025637Z-8563453d,quick,calgary_files,datasets/data/calgary/pic,pic,Upstream files retain their original terms; see dataset manifest,datasets/manifests/calgary.json,datasets/data/calgary/dataset.json,83a3c9348bc6c40af11956faf339f4c6287ef14cdb7d5479a8a0a4f84f2b19c7,true,0ec3a75089bb52342813496b17e51377bc9eba3cb519a444d67025354841d650,1.210175941358675,513216,mathzip-fast,mathzip,fast,,1,ok,,3,3,101743,5.04423891569936,0.8017540372864447,80.17540372864447,1.5859677017084424,0.0,0.23369594600080745,0.011565843000425957,2.196084308617946,44.373419212166276,0.23296700000000214,0.010813999999996327,5447680.0,true,true,963826572ef6c3c3821248045805ed999c870185cf44c147e467a010f2a92e8e,0ec3a75089bb52342813496b17e51377bc9eba3cb519a444d67025354841d650,"[{""type"":""identity""}]",32,16038.0,16384.0,"{""raw"":25,""recurrence"":7}","{""sparse"":7,""zero_run"":25}",21,1152,100450,120,77.65307394937025,0.0,1.2803009200446887,100450,7,0,0.025824257,0.009214965,0.192942105,"[""'<repo>/target/release/mathzip' compress --mode fast --max-input-bytes 8589934592 --no-sync --force '<repo>/datasets/data/calgary/pic' '<work>/archive.mz'"",""'<repo>/target/release/mathzip' compress --mode fast --max-input-bytes 8589934592 --no-sync --force --metrics-output '<work>/metrics-probe.mz.metrics.json' '<repo>/datasets/data/calgary/pic' '<work>/metrics-probe.mz'"",""'<repo>/target/release/mathzip' decompress --max-archive-bytes 17179869184 --max-output-bytes 8589934592 --max-segments 8388608 --no-sync --force '<work>/archive.mz' '<work>/restored.bin'""]",{}
mathzip-benchmark-results-v1,20260724T025637Z-8563453d,quick,calgary_files,datasets/data/calgary/pic,pic,Upstream files retain their original terms; see dataset manifest,datasets/manifests/calgary.json,datasets/data/calgary/dataset.json,83a3c9348bc6c40af11956faf339f4c6287ef14cdb7d5479a8a0a4f84f2b19c7,true,0ec3a75089bb52342813496b17e51377bc9eba3cb519a444d67025354841d650,1.210175941358675,513216,raw,raw,default,,1,ok,,3,3,513216,1.0,0.0,0.0,8.0,0.0,0.0006789609979023226,0.0006372189964167774,755.8843609361975,805.3997179712571,0.0006830540000013485,0.0006404999999993777,,true,true,0ec3a75089bb52342813496b17e51377bc9eba3cb519a444d67025354841d650,0ec3a75089bb52342813496b17e51377bc9eba3cb519a444d67025354841d650,,,,,,,,,,,,,,,,,,,,"[""stdlib:shutil.copyfile""]",{}
mathzip-benchmark-results-v1,20260724T025637Z-8563453d,quick,calgary_files,datasets/data/calgary/pic,pic,Upstream files retain their original terms; see dataset manifest,datasets/manifests/calgary.json,datasets/data/calgary/dataset.json,83a3c9348bc6c40af11956faf339f4c6287ef14cdb7d5479a8a0a4f84f2b19c7,true,0ec3a75089bb52342813496b17e51377bc9eba3cb519a444d67025354841d650,1.210175941358675,513216,gzip-fast,gzip,fast,,1,ok,,3,3,65536,7.8310546875,0.8723032797106871,87.2303279710687,1.0215737623145031,0.0,0.008877941996615846,0.006310467004368547,57.807992009367844,81.3277368607927,0.007910999999992896,0.005471000000000004,344064.0,true,true,30f4593cabe414f17847f4e05c1e0a212bf021a814654c671cbd48ae1f66094a,0ec3a75089bb52342813496b17e51377bc9eba3cb519a444d67025354841d650,,,,,,,,,,,,,,,,,,,,"[""'<external>/gzip' -d -c '<work>/archive.gz'"",""'<external>/gzip' -n -c -1 '<repo>/datasets/data/calgary/pic'""]",{}
mathzip-benchmark-results-v1,20260724T025637Z-8563453d,quick,calgary_files,datasets/data/calgary/pic,pic,Upstream files retain their original terms; see dataset manifest,datasets/manifests/calgary.json,datasets/data/calgary/dataset.json,83a3c9348bc6c40af11956faf339f4c6287ef14cdb7d5479a8a0a4f84f2b19c7,true,0ec3a75089bb52342813496b17e51377bc9eba3cb519a444d67025354841d650,1.210175941358675,513216,bzip2-fast,bzip2,fast,,1,ok,,3,3,49912,10.282417054015067,0.9027466018206759,90.27466018206759,0.7780271854345928,0.0,0.02028704700205708,0.012508779000199866,25.297718290294323,41.02846488788393,0.019442999999995436,0.011718999999999369,2420736.0,true,true,e8f6b822c3c9797f6b38b1c35305e6f7fb74381718ff499446e8a7d37af3c0fa,0ec3a75089bb52342813496b17e51377bc9eba3cb519a444d67025354841d650,,,,,,,,,,,,,,,,,,,,"[""'<external>/bzip2' -c -1"",""'<external>/bzip2' -d -c '<work>/archive.bz2'""]",{}
mathzip-benchmark-results-v1,20260724T025637Z-8563453d,quick,calgary_files,datasets/data/calgary/pic,pic,Upstream files retain their original terms; see dataset manifest,datasets/manifests/calgary.json,datasets/data/calgary/dataset.json,83a3c9348bc6c40af11956faf339f4c6287ef14cdb7d5479a8a0a4f84f2b19c7,true,0ec3a75089bb52342813496b17e51377bc9eba3cb519a444d67025354841d650,1.210175941358675,513216,xz-fast,xz,fast,,1,ok,,3,3,48580,10.564347468093866,0.9053420002494077,90.53420002494077,0.7572639980047388,0.0,0.03276793900295161,0.010319920002075378,15.662138529791926,49.73061805680569,0.03041600000000244,0.00887399999999161,6242304.0,true,true,1b538e209072caa2be9f39f4ff0e6ee87f47f80928e5615893852406ac7a4504,0ec3a75089bb52342813496b17e51377bc9eba3cb519a444d67025354841d650,,,,,,,,,,,,,,,,,,,,"[""'<external>/xz' -c --threads=1 -1 '<repo>/datasets/data/calgary/pic'"",""'<external>/xz' -d -c --threads=1 '<work>/archive.xz'""]",{}
mathzip-benchmark-results-v1,20260724T025637Z-8563453d,quick,calgary_files,datasets/data/calgary/pic,pic,Upstream files retain their original terms; see dataset manifest,datasets/manifests/calgary.json,datasets/data/calgary/dataset.json,83a3c9348bc6c40af11956faf339f4c6287ef14cdb7d5479a8a0a4f84f2b19c7,true,0ec3a75089bb52342813496b17e51377bc9eba3cb519a444d67025354841d650,1.210175941358675,513216,zstd-fast,zstd,fast,,1,ok,,3,3,51670,9.932572092123088,0.8993211435341065,89.93211435341065,0.805430851727148,0.0,0.007663983997190371,0.006331812001008075,66.96464922005916,81.05357517220851,0.008010000000012951,0.005844999999993661,352256.0,true,true,b3a26842038a3990f161b13a0918c84eed8ef2cbfb393ec8fc26a6cfea51b412,0ec3a75089bb52342813496b17e51377bc9eba3cb519a444d67025354841d650,,,,,,,,,,,,,,,,,,,,"[""'<external>/zstd' -q -d -c '<work>/archive.zst'"",""'<external>/zstd' -q -f -T1 -1 -c '<repo>/datasets/data/calgary/pic'""]",{}
mathzip-benchmark-results-v1,20260724T025637Z-8563453d,quick,calgary_files,datasets/data/calgary/pic,pic,Upstream files retain their original terms; see dataset manifest,datasets/manifests/calgary.json,datasets/data/calgary/dataset.json,83a3c9348bc6c40af11956faf339f4c6287ef14cdb7d5479a8a0a4f84f2b19c7,true,0ec3a75089bb52342813496b17e51377bc9eba3cb519a444d67025354841d650,1.210175941358675,513216,lz4-fast,lz4,fast,,1,ok,,3,3,86904,5.905550952775476,0.8306677890011224,83.06677890011224,1.3546576879910213,0.0,0.0044360050014802255,0.004845035997277591,115.69328705191899,105.9261479766867,0.003771000000000413,0.004136000000002582,339968.0,true,true,41fe23cc43df386a8e7f9539942b9e71ae6aa22131c933b0c0e3933424607632,0ec3a75089bb52342813496b17e51377bc9eba3cb519a444d67025354841d650,,,,,,,,,,,,,,,,,,,,"[""'<tmp>/mathzip-toolpkgs.3lRj8c/extracted/usr/bin/lz4' -q -d -f '<work>/archive.lz4' '<work>/restored.bin'"",""'<tmp>/mathzip-toolpkgs.3lRj8c/extracted/usr/bin/lz4' -q -f -1 '<repo>/datasets/data/calgary/pic' '<work>/archive.lz4'""]",{}
mathzip-benchmark-results-v1,20260724T025637Z-8563453d,quick,calgary_files,datasets/data/calgary/pic,pic,Upstream files retain their original terms; see dataset manifest,datasets/manifests/calgary.json,datasets/data/calgary/dataset.json,83a3c9348bc6c40af11956faf339f4c6287ef14cdb7d5479a8a0a4f84f2b19c7,true,0ec3a75089bb52342813496b17e51377bc9eba3cb519a444d67025354841d650,1.210175941358675,513216,brotli-fast,brotli,fast,,1,ok,,3,3,53296,9.629540678474932,0.8961528868936276,89.61528868936276,0.8307769048509789,0.0,0.012612507001904305,0.006614653000724502,40.69103786602551,77.58774344531565,0.011868000000006873,0.005681000000009817,364544.0,true,true,1a7b8673968c8fd3ef3c25d614f6fcdc1ab735b573fe4ea805664b24901d8267,0ec3a75089bb52342813496b17e51377bc9eba3cb519a444d67025354841d650,,,,,,,,,,,,,,,,,,,,"[""'<tmp>/mathzip-toolpkgs.3lRj8c/extracted/usr/bin/brotli' -f -d -o '<work>/restored.bin' '<work>/archive.br'"",""'<tmp>/mathzip-toolpkgs.3lRj8c/extracted/usr/bin/brotli' -f -q 4 -o '<work>/archive.br' '<repo>/datasets/data/calgary/pic'""]",{}
mathzip-benchmark-results-v1,20260724T025637Z-8563453d,quick,calgary_files,datasets/data/calgary/pic,pic,Upstream files retain their original terms; see dataset manifest,datasets/manifests/calgary.json,datasets/data/calgary/dataset.json,83a3c9348bc6c40af11956faf339f4c6287ef14cdb7d5479a8a0a4f84f2b19c7,true,0ec3a75089bb52342813496b17e51377bc9eba3cb519a444d67025354841d650,1.210175941358675,513216,7z-fast,7z,fast,,1,ok,,3,3,50265,10.210205908683974,0.9020587822671156,90.20587822671156,0.7835297418630752,0.0,0.02488408600038383,0.012880390997452196,20.62426564480141,39.84475316793696,0.023966000000015697,0.012194000000008032,8556544.0,true,true,630a2eeb410366dcacefc59a0b14a5c410d97dd4152668543cbe1ca2287859ef,0ec3a75089bb52342813496b17e51377bc9eba3cb519a444d67025354841d650,,,,,,,,,,,,,,,,,,,,"[""'<tmp>/mathzip-toolpkgs.3lRj8c/extracted/usr/lib/7zip/7z' a -y -bd -bso0 -bsp0 -t7z -m0=lzma2 -mx=1 -mmt=1 '<work>/archive.7z' '<repo>/datasets/data/calgary/pic'"",""'<tmp>/mathzip-toolpkgs.3lRj8c/extracted/usr/lib/7zip/7z' e -so -bd -mmt=1 '<work>/archive.7z'""]",{}
mathzip-benchmark-results-v1,20260724T025637Z-8563453d,quick,calgary_files,datasets/data/calgary/progc,progc,Upstream files retain their original terms; see dataset manifest,datasets/manifests/calgary.json,datasets/data/calgary/dataset.json,83a3c9348bc6c40af11956faf339f4c6287ef14cdb7d5479a8a0a4f84f2b19c7,true,151377a9d6aa9b7e872000269707a15e2b038c826340628e6f4d8b4db9ec3c19,5.1990160325343595,39611,mathzip-fast,mathzip,fast,,1,ok,,3,3,34891,1.1352784385658192,0.11915881951983032,11.915881951983032,7.0467294438413575,0.0,0.03855475500313332,0.0058943299954989925,1.0273959722161594,6.720187032325576,0.037825999999995474,0.0049500000000080036,3612672.0,true,true,be5e7424d2006699e7e56064170985a267596eaed11f97fdfc013255fe4e6144,151377a9d6aa9b7e872000269707a15e2b038c826340628e6f4d8b4db9ec3c19,"[{""type"":""identity""}]",3,13203.666666666666,16384.0,"{""raw"":3}","{""bit_pack"":3}",0,108,34663,120,100.0,0.0,5.199016032534358,34663,0,0,0.002693488,0.000499453,0.030888786,"[""'<repo>/target/release/mathzip' compress --mode fast --max-input-bytes 8589934592 --no-sync --force '<repo>/datasets/data/calgary/progc' '<work>/archive.mz'"",""'<repo>/target/release/mathzip' compress --mode fast --max-input-bytes 8589934592 --no-sync --force --metrics-output '<work>/metrics-probe.mz.metrics.json' '<repo>/datasets/data/calgary/progc' '<work>/metrics-probe.mz'"",""'<repo>/target/release/mathzip' decompress --max-archive-bytes 17179869184 --max-output-bytes 8589934592 --max-segments 8388608 --no-sync --force '<work>/archive.mz' '<work>/restored.bin'""]",{}
mathzip-benchmark-results-v1,20260724T025637Z-8563453d,quick,calgary_files,datasets/data/calgary/progc,progc,Upstream files retain their original terms; see dataset manifest,datasets/manifests/calgary.json,datasets/data/calgary/dataset.json,83a3c9348bc6c40af11956faf339f4c6287ef14cdb7d5479a8a0a4f84f2b19c7,true,151377a9d6aa9b7e872000269707a15e2b038c826340628e6f4d8b4db9ec3c19,5.1990160325343595,39611,raw,raw,default,,1,ok,,3,3,39611,1.0,0.0,0.0,8.0,0.0,0.00024446399766020477,0.0002207750003435649,162.03203898783377,179.41795918178366,0.00024838599999910116,0.0002240179999990488,,true,true,151377a9d6aa9b7e872000269707a15e2b038c826340628e6f4d8b4db9ec3c19,151377a9d6aa9b7e872000269707a15e2b038c826340628e6f4d8b4db9ec3c19,,,,,,,,,,,,,,,,,,,,"[""stdlib:shutil.copyfile""]",{}
mathzip-benchmark-results-v1,20260724T025637Z-8563453d,quick,calgary_files,datasets/data/calgary/progc,progc,Upstream files retain their original terms; see dataset manifest,datasets/manifests/calgary.json,datasets/data/calgary/dataset.json,83a3c9348bc6c40af11956faf339f4c6287ef14cdb7d5479a8a0a4f84f2b19c7,true,151377a9d6aa9b7e872000269707a15e2b038c826340628e6f4d8b4db9ec3c19,5.1990160325343595,39611,gzip-fast,gzip,fast,,1,ok,,3,3,15449,2.5639847239303513,0.6099820756860468,60.99820756860468,3.1201433945116257,0.0,0.003753657001652755,0.0030085329999565147,10.552642391821914,13.166217555390796,0.003204999999994129,0.0023160000000075343,348160.0,true,true,677a4e29eccd0c56298e96f73ba1b0972aefa73c4267d891e7e6366e44ac1d65,151377a9d6aa9b7e872000269707a15e2b038c826340628e6f4d8b4db9ec3c19,,,,,,,,,,,,,,,,,,,,"[""'<external>/gzip' -d -c '<work>/archive.gz'"",""'<external>/gzip' -n -c -1 '<repo>/datasets/data/calgary/progc'""]",{}
mathzip-benchmark-results-v1,20260724T025637Z-8563453d,quick,calgary_files,datasets/data/calgary/progc,progc,Upstream files retain their original terms; see dataset manifest,datasets/manifests/calgary.json,datasets/data/calgary/dataset.json,83a3c9348bc6c40af11956faf339f4c6287ef14cdb7d5479a8a0a4f84f2b19c7,true,151377a9d6aa9b7e872000269707a15e2b038c826340628e6f4d8b4db9ec3c19,5.1990160325343595,39611,bzip2-fast,bzip2,fast,,1,ok,,3,3,12544,3.157764668367347,0.6833202898184847,68.33202898184847,2.533437681452122,0.0,0.007927186001325026,0.004775632005475927,4.996855125309162,8.29439955896528,0.007373999999998659,0.004181999999985919,339968.0,true,true,bcb79732bc4dd8d090c89259ffa0f07e52ff1525f59975886644b4290024c691,151377a9d6aa9b7e872000269707a15e2b038c826340628e6f4d8b4db9ec3c19,,,,,,,,,,,,,,,,,,,,"[""'<external>/bzip2' -c -1"",""'<external>/bzip2' -d -c '<work>/archive.bz2'""]",{}
mathzip-benchmark-results-v1,20260724T025637Z-8563453d,quick,calgary_files,datasets/data/calgary/progc,progc,Upstream files retain their original terms; see dataset manifest,datasets/manifests/calgary.json,datasets/data/calgary/dataset.json,83a3c9348bc6c40af11956faf339f4c6287ef14cdb7d5479a8a0a4f84f2b19c7,true,151377a9d6aa9b7e872000269707a15e2b038c826340628e6f4d8b4db9ec3c19,5.1990160325343595,39611,xz-fast,xz,fast,,1,ok,,3,3,13304,2.9773752254960915,0.6641337002347832,66.41337002347832,2.686930398121734,0.0,0.013505479997547809,0.008082738997472916,2.932957585157445,4.900690225477336,0.012610000000009336,0.003816999999997961,4694016.0,true,true,d6744770234b7b58f4f4521aa7c94dd16be5b1a7fda93f1b6f912308d0a01cad,151377a9d6aa9b7e872000269707a15e2b038c826340628e6f4d8b4db9ec3c19,,,,,,,,,,,,,,,,,,,,"[""'<external>/xz' -c --threads=1 -1 '<repo>/datasets/data/calgary/progc'"",""'<external>/xz' -d -c --threads=1 '<work>/archive.xz'""]",{}
mathzip-benchmark-results-v1,20260724T025637Z-8563453d,quick,calgary_files,datasets/data/calgary/progc,progc,Upstream files retain their original terms; see dataset manifest,datasets/manifests/calgary.json,datasets/data/calgary/dataset.json,83a3c9348bc6c40af11956faf339f4c6287ef14cdb7d5479a8a0a4f84f2b19c7,true,151377a9d6aa9b7e872000269707a15e2b038c826340628e6f4d8b4db9ec3c19,5.1990160325343595,39611,zstd-fast,zstd,fast,,1,ok,,3,3,14969,2.646202151112299,0.6220999217389109,62.209992173891095,3.0232006260887125,0.0,0.006875813000078779,0.004423910002515186,5.760918745106384,8.953843992639865,0.0043730000000010705,0.0038049999999998363,352256.0,true,true,b2dd8763f8370e5ad105cb74f57d581cd5e851a5924bb0812e83e5be322e0911,151377a9d6aa9b7e872000269707a15e2b038c826340628e6f4d8b4db9ec3c19,,,,,,,,,,,,,,,,,,,,"[""'<external>/zstd' -q -d -c '<work>/archive.zst'"",""'<external>/zstd' -q -f -T1 -1 -c '<repo>/datasets/data/calgary/progc'""]",{}
mathzip-benchmark-results-v1,20260724T025637Z-8563453d,quick,calgary_files,datasets/data/calgary/progc,progc,Upstream files retain their original terms; see dataset manifest,datasets/manifests/calgary.json,datasets/data/calgary/dataset.json,83a3c9348bc6c40af11956faf339f4c6287ef14cdb7d5479a8a0a4f84f2b19c7,true,151377a9d6aa9b7e872000269707a15e2b038c826340628e6f4d8b4db9ec3c19,5.1990160325343595,39611,lz4-fast,lz4,fast,,1,ok,,3,3,20922,1.8932702418506835,0.47181338517078586,47.181338517078586,4.225492918633713,0.0,0.003008698004123289,0.004497985006310046,13.165495488651521,8.806387736826888,0.0024000000000086175,0.0020999999999986585,358400.0,true,true,f43ecceb861eb6ef8b9e24177b12067902dc748e48c00a4ffffced8deb86e0c0,151377a9d6aa9b7e872000269707a15e2b038c826340628e6f4d8b4db9ec3c19,,,,,,,,,,,,,,,,,,,,"[""'<tmp>/mathzip-toolpkgs.3lRj8c/extracted/usr/bin/lz4' -q -d -f '<work>/archive.lz4' '<work>/restored.bin'"",""'<tmp>/mathzip-toolpkgs.3lRj8c/extracted/usr/bin/lz4' -q -f -1 '<repo>/datasets/data/calgary/progc' '<work>/archive.lz4'""]",{}
mathzip-benchmark-results-v1,20260724T025637Z-8563453d,quick,calgary_files,datasets/data/calgary/progc,progc,Upstream files retain their original terms; see dataset manifest,datasets/manifests/calgary.json,datasets/data/calgary/dataset.json,83a3c9348bc6c40af11956faf339f4c6287ef14cdb7d5479a8a0a4f84f2b19c7,true,151377a9d6aa9b7e872000269707a15e2b038c826340628e6f4d8b4db9ec3c19,5.1990160325343595,39611,brotli-fast,brotli,fast,,1,ok,,3,3,13687,2.894060056988383,0.6544646689051021,65.44646689051021,2.764282648759183,0.0,0.007962347001011949,0.003770991002966184,4.974789467849839,10.50413537683935,0.005567999999996687,0.0031800000000004047,352256.0,true,true,500e69ecef93e09a39a20ef0e42f74743b2081423341b922e2f85ec918fc8734,151377a9d6aa9b7e872000269707a15e2b038c826340628e6f4d8b4db9ec3c19,,,,,,,,,,,,,,,,,,,,"[""'<tmp>/mathzip-toolpkgs.3lRj8c/extracted/usr/bin/brotli' -f -d -o '<work>/restored.bin' '<work>/archive.br'"",""'<tmp>/mathzip-toolpkgs.3lRj8c/extracted/usr/bin/brotli' -f -q 4 -o '<work>/archive.br' '<repo>/datasets/data/calgary/progc'""]",{}
mathzip-benchmark-results-v1,20260724T025637Z-8563453d,quick,calgary_files,datasets/data/calgary/progc,progc,Upstream files retain their original terms; see dataset manifest,datasets/manifests/calgary.json,datasets/data/calgary/dataset.json,83a3c9348bc6c40af11956faf339f4c6287ef14cdb7d5479a8a0a4f84f2b19c7,true,151377a9d6aa9b7e872000269707a15e2b038c826340628e6f4d8b4db9ec3c19,5.1990160325343595,39611,7z-fast,7z,fast,,1,ok,,3,3,13228,2.9944814030843663,0.6660523591931534,66.60523591931535,2.6715811264547726,0.0,0.013497646999894641,0.010207757994066924,2.934659648478671,3.8804799274260993,0.012371000000015897,0.008047999999988065,573440.0,true,true,9463b09fdb4953df339c17fac95066c945a161409feb0a1a4afcbb9a6a7e1475,151377a9d6aa9b7e872000269707a15e2b038c826340628e6f4d8b4db9ec3c19,,,,,,,,,,,,,,,,,,,,"[""'<tmp>/mathzip-toolpkgs.3lRj8c/extracted/usr/lib/7zip/7z' a -y -bd -bso0 -bsp0 -t7z -m0=lzma2 -mx=1 -mmt=1 '<work>/archive.7z' '<repo>/datasets/data/calgary/progc'"",""'<tmp>/mathzip-toolpkgs.3lRj8c/extracted/usr/lib/7zip/7z' e -so -bd -mmt=1 '<work>/archive.7z'""]",{}
mathzip-benchmark-results-v1,20260724T025637Z-8563453d,quick,calgary_files,datasets/data/calgary/progl,progl,Upstream files retain their original terms; see dataset manifest,datasets/manifests/calgary.json,datasets/data/calgary/dataset.json,83a3c9348bc6c40af11956faf339f4c6287ef14cdb7d5479a8a0a4f84f2b19c7,true,9388db0cfb71ffbe5687d381819a5ff69cdd992d6931e0cf81a310a1caed0ba0,4.770085093315094,71646,mathzip-fast,mathzip,fast,,1,ok,,3,3,62996,1.1373103054162168,0.12073249029952826,12.073249029952827,7.034140077603774,0.0,0.06661439999879804,0.007020066004770342,1.0755332180623522,10.205886946264384,0.06460800000000688,0.005782999999993876,3874816.0,true,true,03ac7db745c65985fb7ac84bb43da956d22cf36cc61476318d545b2ca53f3e09,9388db0cfb71ffbe5687d381819a5ff69cdd992d6931e0cf81a310a1caed0ba0,"[{""type"":""identity""}]",5,14329.2,16384.0,"{""raw"":5}","{""bit_pack"":5}",0,180,62696,120,100.0,0.0,4.770085093315093,62696,0,0,0.004862722,0.00085533,0.055112027,"[""'<repo>/target/release/mathzip' compress --mode fast --max-input-bytes 8589934592 --no-sync --force '<repo>/datasets/data/calgary/progl' '<work>/archive.mz'"",""'<repo>/target/release/mathzip' compress --mode fast --max-input-bytes 8589934592 --no-sync --force --metrics-output '<work>/metrics-probe.mz.metrics.json' '<repo>/datasets/data/calgary/progl' '<work>/metrics-probe.mz'"",""'<repo>/target/release/mathzip' decompress --max-archive-bytes 17179869184 --max-output-bytes 8589934592 --max-segments 8388608 --no-sync --force '<work>/archive.mz' '<work>/restored.bin'""]",{}
mathzip-benchmark-results-v1,20260724T025637Z-8563453d,quick,calgary_files,datasets/data/calgary/progl,progl,Upstream files retain their original terms; see dataset manifest,datasets/manifests/calgary.json,datasets/data/calgary/dataset.json,83a3c9348bc6c40af11956faf339f4c6287ef14cdb7d5479a8a0a4f84f2b19c7,true,9388db0cfb71ffbe5687d381819a5ff69cdd992d6931e0cf81a310a1caed0ba0,4.770085093315094,71646,raw,raw,default,,1,ok,,3,3,71646,1.0,0.0,0.0,8.0,0.0,0.00026679399888962507,0.00026534700009506196,268.5442712286814,270.00870548501564,0.0002706699999990292,0.00026866199999986407,,true,true,9388db0cfb71ffbe5687d381819a5ff69cdd992d6931e0cf81a310a1caed0ba0,9388db0cfb71ffbe5687d381819a5ff69cdd992d6931e0cf81a310a1caed0ba0,,,,,,,,,,,,,,,,,,,,"[""stdlib:shutil.copyfile""]",{}
mathzip-benchmark-results-v1,20260724T025637Z-8563453d,quick,calgary_files,datasets/data/calgary/progl,progl,Upstream files retain their original terms; see dataset manifest,datasets/manifests/calgary.json,datasets/data/calgary/dataset.json,83a3c9348bc6c40af11956faf339f4c6287ef14cdb7d5479a8a0a4f84f2b19c7,true,9388db0cfb71ffbe5687d381819a5ff69cdd992d6931e0cf81a310a1caed0ba0,4.770085093315094,71646,gzip-fast,gzip,fast,,1,ok,,3,3,20032,3.576577476038339,0.7204030929849539,72.04030929849539,2.2367752561203695,0.0,0.004085849999682978,0.005377613000746351,17.535151805758662,13.323011527615758,0.0034470000000084156,0.0026209999999906586,348160.0,true,true,24d769a59fd749eb284127bf7f392a8292bc563e2f0b3358db271c477dc3e2a3,9388db0cfb71ffbe5687d381819a5ff69cdd992d6931e0cf81a310a1caed0ba0,,,,,,,,,,,,,,,,,,,,"[""'<external>/gzip' -d -c '<work>/archive.gz'"",""'<external>/gzip' -n -c -1 '<repo>/datasets/data/calgary/progl'""]",{}
mathzip-benchmark-results-v1,20260724T025637Z-8563453d,quick,calgary_files,datasets/data/calgary/progl,progl,Upstream files retain their original terms; see dataset manifest,datasets/manifests/calgary.json,datasets/data/calgary/dataset.json,83a3c9348bc6c40af11956faf339f4c6287ef14cdb7d5479a8a0a4f84f2b19c7,true,9388db0cfb71ffbe5687d381819a5ff69cdd992d6931e0cf81a310a1caed0ba0,4.770085093315094,71646,bzip2-fast,bzip2,fast,,1,ok,,3,3,15579,4.598883111881379,0.7825558998408844,78.25558998408843,1.739552801272925,0.0,0.011441458998888265,0.006056493002688512,6.261963619059566,11.829618224308346,0.010553999999999064,0.005352000000002022,348160.0,true,true,3f57b649acc27569ab267c6b0367fde72fc037b79ace2416c748bac7ef64588b,9388db0cfb71ffbe5687d381819a5ff69cdd992d6931e0cf81a310a1caed0ba0,,,,,,,,,,,,,,,,,,,,"[""'<external>/bzip2' -c -1"",""'<external>/bzip2' -d -c '<work>/archive.bz2'""]",{}
mathzip-benchmark-results-v1,20260724T025637Z-8563453d,quick,calgary_files,datasets/data/calgary/progl,progl,Upstream files retain their original terms; see dataset manifest,datasets/manifests/calgary.json,datasets/data/calgary/dataset.json,83a3c9348bc6c40af11956faf339f4c6287ef14cdb7d5479a8a0a4f84f2b19c7,true,9388db0cfb71ffbe5687d381819a5ff69cdd992d6931e0cf81a310a1caed0ba0,4.770085093315094,71646,xz-fast,xz,fast,,1,ok,,3,3,16356,4.3804108584005865,0.7717109119839209,77.17109119839209,1.8263127041286324,0.0,0.015036534001410473,0.005552991999138612,4.764794865178331,12.902233608676877,0.014270000000010441,0.004045999999988226,4751360.0,true,true,96b09e60cbfc370f3b37a0b247c8058b4dc172a21c937a5168be3663c86f52a4,9388db0cfb71ffbe5687d381819a5ff69cdd992d6931e0cf81a310a1caed0ba0,,,,,,,,,,,,,,,,,,,,"[""'<external>/xz' -c --threads=1 -1 '<repo>/datasets/data/calgary/progl'"",""'<external>/xz' -d -c --threads=1 '<work>/archive.xz'""]",{}
mathzip-benchmark-results-v1,20260724T025637Z-8563453d,quick,calgary_files,datasets/data/calgary/progl,progl,Upstream files retain their original terms; see dataset manifest,datasets/manifests/calgary.json,datasets/data/calgary/dataset.json,83a3c9348bc6c40af11956faf339f4c6287ef14cdb7d5479a8a0a4f84f2b19c7,true,9388db0cfb71ffbe5687d381819a5ff69cdd992d6931e0cf81a310a1caed0ba0,4.770085093315094,71646,zstd-fast,zstd,fast,,1,ok,,3,3,18503,3.872128843971248,0.741744130865645,74.1744130865645,2.06604695307484,0.0,0.005089348000183236,0.0046360409978660755,14.077638235275025,15.454134256573218,0.004443999999992343,0.0040300000000002,364544.0,true,true,5f6798835befa7b38c26c9c08aee9d2e27c553a2b5bc28683b665c0b57108b69,9388db0cfb71ffbe5687d381819a5ff69cdd992d6931e0cf81a310a1caed0ba0,,,,,,,,,,,,,,,,,,,,"[""'<external>/zstd' -q -d -c '<work>/archive.zst'"",""'<external>/zstd' -q -f -T1 -1 -c '<repo>/datasets/data/calgary/progl'""]",{}
mathzip-benchmark-results-v1,20260724T025637Z-8563453d,quick,calgary_files,datasets/data/calgary/progl,progl,Upstream files retain their original terms; see dataset manifest,datasets/manifests/calgary.json,datasets/data/calgary/dataset.json,83a3c9348bc6c40af11956faf339f4c6287ef14cdb7d5479a8a0a4f84f2b19c7,true,9388db0cfb71ffbe5687d381819a5ff69cdd992d6931e0cf81a310a1caed0ba0,4.770085093315094,71646,lz4-fast,lz4,fast,,1,ok,,3,3,27005,2.6530642473615997,0.6230773525388718,62.307735253887174,3.0153811796890264,0.0,0.00337007999769412,0.003183761000400409,21.2594359923271,22.503573600841698,0.002613999999994121,0.0025770000000164828,425984.0,true,true,92010c2b8677988a07705c6b72cbdf97952a0473f4d66a90c48bb46677c9b180,9388db0cfb71ffbe5687d381819a5ff69cdd992d6931e0cf81a310a1caed0ba0,,,,,,,,,,,,,,,,,,,,"[""'<tmp>/mathzip-toolpkgs.3lRj8c/extracted/usr/bin/lz4' -q -d -f '<work>/archive.lz4' '<work>/restored.bin'"",""'<tmp>/mathzip-toolpkgs.3lRj8c/extracted/usr/bin/lz4' -q -f -1 '<repo>/datasets/data/calgary/progl' '<work>/archive.lz4'""]",{}
mathzip-benchmark-results-v1,20260724T025637Z-8563453d,quick,calgary_files,datasets/data/calgary/progl,progl,Upstream files retain their original terms; see dataset manifest,datasets/manifests/calgary.json,datasets/data/calgary/dataset.json,83a3c9348bc6c40af11956faf339f4c6287ef14cdb7d5479a8a0a4f84f2b19c7,true,9388db0cfb71ffbe5687d381819a5ff69cdd992d6931e0cf81a310a1caed0ba0,4.770085093315094,71646,brotli-fast,brotli,fast,,1,ok,,3,3,16862,4.248962163444431,0.7646484102392318,76.46484102392319,1.8828127180861458,0.0,0.007675086002564058,0.0042283579969080165,9.334879110939582,16.944166045635466,0.006197999999997705,0.003595999999987498,352256.0,true,true,ff5caa8bdf3447c40853d652648f1c8f58ef0f0403a2d47a6a1f3d30d4cf52e3,9388db0cfb71ffbe5687d381819a5ff69cdd992d6931e0cf81a310a1caed0ba0,,,,,,,,,,,,,,,,,,,,"[""'<tmp>/mathzip-toolpkgs.3lRj8c/extracted/usr/bin/brotli' -f -d -o '<work>/restored.bin' '<work>/archive.br'"",""'<tmp>/mathzip-toolpkgs.3lRj8c/extracted/usr/bin/brotli' -f -q 4 -o '<work>/archive.br' '<repo>/datasets/data/calgary/progl'""]",{}
mathzip-benchmark-results-v1,20260724T025637Z-8563453d,quick,calgary_files,datasets/data/calgary/progl,progl,Upstream files retain their original terms; see dataset manifest,datasets/manifests/calgary.json,datasets/data/calgary/dataset.json,83a3c9348bc6c40af11956faf339f4c6287ef14cdb7d5479a8a0a4f84f2b19c7,true,9388db0cfb71ffbe5687d381819a5ff69cdd992d6931e0cf81a310a1caed0ba0,4.770085093315094,71646,7z-fast,7z,fast,,1,ok,,3,3,16154,4.435186331558747,0.7745303296764648,77.45303296764648,1.8037573625882812,0.0,0.013963461999082938,0.009324637001554947,5.13096250805892,7.68351625785031,0.013284999999996217,0.008036000000004151,7794688.0,true,true,26027cc94bea2429727b6d5904be9d1e6fc994f6b07db38b436575c408d77d7f,9388db0cfb71ffbe5687d381819a5ff69cdd992d6931e0cf81a310a1caed0ba0,,,,,,,,,,,,,,,,,,,,"[""'<tmp>/mathzip-toolpkgs.3lRj8c/extracted/usr/lib/7zip/7z' a -y -bd -bso0 -bsp0 -t7z -m0=lzma2 -mx=1 -mmt=1 '<work>/archive.7z' '<repo>/datasets/data/calgary/progl'"",""'<tmp>/mathzip-toolpkgs.3lRj8c/extracted/usr/lib/7zip/7z' e -so -bd -mmt=1 '<work>/archive.7z'""]",{}
mathzip-benchmark-results-v1,20260724T025637Z-8563453d,quick,calgary_files,datasets/data/calgary/progp,progp,Upstream files retain their original terms; see dataset manifest,datasets/manifests/calgary.json,datasets/data/calgary/dataset.json,83a3c9348bc6c40af11956faf339f4c6287ef14cdb7d5479a8a0a4f84f2b19c7,true,d0cd70ab5f7381a8584b25fa73b3608571a17ee1042cc5c546f63b904614d1bc,4.868772210245372,49379,mathzip-fast,mathzip,fast,,1,ok,,3,3,43475,1.1358021851638873,0.1195649972660443,11.95649972660443,7.043480021871646,0.0,0.047581458995409776,0.005643220996716991,1.0377781817233396,8.750144647662532,0.046686999999991485,0.004964000000001079,3653632.0,true,true,2f70f5cd4cc54ff64df469144e1a7e6e22ccff6ca17ec95571cb21c5a9480d9b,d0cd70ab5f7381a8584b25fa73b3608571a17ee1042cc5c546f63b904614d1bc,"[{""type"":""identity""}]",4,12344.75,16384.0,"{""raw"":4}","{""bit_pack"":4}",0,144,43211,120,100.0,0.0,4.86877221024537,43211,0,0,0.003289707,0.000615994,0.038575529,"[""'<repo>/target/release/mathzip' compress --mode fast --max-input-bytes 8589934592 --no-sync --force '<repo>/datasets/data/calgary/progp' '<work>/archive.mz'"",""'<repo>/target/release/mathzip' compress --mode fast --max-input-bytes 8589934592 --no-sync --force --metrics-output '<work>/metrics-probe.mz.metrics.json' '<repo>/datasets/data/calgary/progp' '<work>/metrics-probe.mz'"",""'<repo>/target/release/mathzip' decompress --max-archive-bytes 17179869184 --max-output-bytes 8589934592 --max-segments 8388608 --no-sync --force '<work>/archive.mz' '<work>/restored.bin'""]",{}
mathzip-benchmark-results-v1,20260724T025637Z-8563453d,quick,calgary_files,datasets/data/calgary/progp,progp,Upstream files retain their original terms; see dataset manifest,datasets/manifests/calgary.json,datasets/data/calgary/dataset.json,83a3c9348bc6c40af11956faf339f4c6287ef14cdb7d5479a8a0a4f84f2b19c7,true,d0cd70ab5f7381a8584b25fa73b3608571a17ee1042cc5c546f63b904614d1bc,4.868772210245372,49379,raw,raw,default,,1,ok,,3,3,49379,1.0,0.0,0.0,8.0,0.0,0.00026188999618170783,0.00023638900165678933,188.54863003525816,208.88873701363164,0.0002657520000006741,0.00023968700000054355,,true,true,d0cd70ab5f7381a8584b25fa73b3608571a17ee1042cc5c546f63b904614d1bc,d0cd70ab5f7381a8584b25fa73b3608571a17ee1042cc5c546f63b904614d1bc,,,,,,,,,,,,,,,,,,,,"[""stdlib:shutil.copyfile""]",{}
mathzip-benchmark-results-v1,20260724T025637Z-8563453d,quick,calgary_files,datasets/data/calgary/progp,progp,Upstream files retain their original terms; see dataset manifest,datasets/manifests/calgary.json,datasets/data/calgary/dataset.json,83a3c9348bc6c40af11956faf339f4c6287ef14cdb7d5479a8a0a4f84f2b19c7,true,d0cd70ab5f7381a8584b25fa73b3608571a17ee1042cc5c546f63b904614d1bc,4.868772210245372,49379,gzip-fast,gzip,fast,,1,ok,,3,3,13376,3.6916118421052633,0.7291156159501002,72.91156159501003,2.167075072399198,0.0,0.0037690360040869564,0.00321705499663949,13.101227992106166,15.349131442136024,0.0031320000000079062,0.002437999999997942,344064.0,true,true,708e19e598241013edd9547622c63a2e240286ee969b2a22348c6c71322cf2bc,d0cd70ab5f7381a8584b25fa73b3608571a17ee1042cc5c546f63b904614d1bc,,,,,,,,,,,,,,,,,,,,"[""'<external>/gzip' -d -c '<work>/archive.gz'"",""'<external>/gzip' -n -c -1 '<repo>/datasets/data/calgary/progp'""]",{}
mathzip-benchmark-results-v1,20260724T025637Z-8563453d,quick,calgary_files,datasets/data/calgary/progp,progp,Upstream files retain their original terms; see dataset manifest,datasets/manifests/calgary.json,datasets/data/calgary/dataset.json,83a3c9348bc6c40af11956faf339f4c6287ef14cdb7d5479a8a0a4f84f2b19c7,true,d0cd70ab5f7381a8584b25fa73b3608571a17ee1042cc5c546f63b904614d1bc,4.868772210245372,49379,bzip2-fast,bzip2,fast,,1,ok,,3,3,10710,4.610550887021475,0.7831061787399501,78.31061787399501,1.7351505700803986,0.0,0.008667567999509629,0.0046922449982957914,5.696984437017816,10.52353404776057,0.008020000000001914,0.0040180000000020755,360448.0,true,true,55564bf0f2ad57362ae66dfb416aa79d630836ec74ad7c8d7c99a142f7b9f27b,d0cd70ab5f7381a8584b25fa73b3608571a17ee1042cc5c546f63b904614d1bc,,,,,,,,,,,,,,,,,,,,"[""'<external>/bzip2' -c -1"",""'<external>/bzip2' -d -c '<work>/archive.bz2'""]",{}
mathzip-benchmark-results-v1,20260724T025637Z-8563453d,quick,calgary_files,datasets/data/calgary/progp,progp,Upstream files retain their original terms; see dataset manifest,datasets/manifests/calgary.json,datasets/data/calgary/dataset.json,83a3c9348bc6c40af11956faf339f4c6287ef14cdb7d5479a8a0a4f84f2b19c7,true,d0cd70ab5f7381a8584b25fa73b3608571a17ee1042cc5c546f63b904614d1bc,4.868772210245372,49379,xz-fast,xz,fast,,1,ok,,3,3,11084,4.45498015156983,0.7755321087911865,77.55321087911865,1.7957431296705078,0.0,0.012519055999291595,0.00469804200110957,3.9443069831139157,10.510548860214065,0.011697000000012281,0.003258999999999901,364544.0,true,true,2fafae714c4c733706e252b1f0a01896bb5059b4ce3ed666fdce33dd4a086762,d0cd70ab5f7381a8584b25fa73b3608571a17ee1042cc5c546f63b904614d1bc,,,,,,,,,,,,,,,,,,,,"[""'<external>/xz' -c --threads=1 -1 '<repo>/datasets/data/calgary/progp'"",""'<external>/xz' -d -c --threads=1 '<work>/archive.xz'""]",{}
mathzip-benchmark-results-v1,20260724T025637Z-8563453d,quick,calgary_files,datasets/data/calgary/progp,progp,Upstream files retain their original terms; see dataset manifest,datasets/manifests/calgary.json,datasets/data/calgary/dataset.json,83a3c9348bc6c40af11956faf339f4c6287ef14cdb7d5479a8a0a4f84f2b19c7,true,d0cd70ab5f7381a8584b25fa73b3608571a17ee1042cc5c546f63b904614d1bc,4.868772210245372,49379,zstd-fast,zstd,fast,,1,ok,,3,3,12843,3.8448181888966753,0.7399096782032848,73.99096782032848,2.0807225743737217,0.0,0.004729722997581121,0.004259665998688433,10.44014628874745,11.592223431415508,0.004075000000000273,0.003794999999996662,352256.0,true,true,db5015a38085bbd0b89fb64ae4dbc7c91a6a39ecfac439e48b19da262d04aa14,d0cd70ab5f7381a8584b25fa73b3608571a17ee1042cc5c546f63b904614d1bc,,,,,,,,,,,,,,,,,,,,"[""'<external>/zstd' -q -d -c '<work>/archive.zst'"",""'<external>/zstd' -q -f -T1 -1 -c '<repo>/datasets/data/calgary/progp'""]",{}
mathzip-benchmark-results-v1,20260724T025637Z-8563453d,quick,calgary_files,datasets/data/calgary/progp,progp,Upstream files retain their original terms; see dataset manifest,datasets/manifests/calgary.json,datasets/data/calgary/dataset.json,83a3c9348bc6c40af11956faf339f4c6287ef14cdb7d5479a8a0a4f84f2b19c7,true,d0cd70ab5f7381a8584b25fa73b3608571a17ee1042cc5c546f63b904614d1bc,4.868772210245372,49379,lz4-fast,lz4,fast,,1,ok,,3,3,18736,2.635514517506405,0.6205674477004395,62.05674477004395,3.035460418396484,0.0,0.0031330740021076053,0.0026628490013536066,15.76055974636506,18.54367257583857,0.0022519999999985885,0.002088000000000534,471040.0,true,true,ab469d1f5147bae6c5217133280b803997350f952095bda70a78b022cc864ab8,d0cd70ab5f7381a8584b25fa73b3608571a17ee1042cc5c546f63b904614d1bc,,,,,,,,,,,,,,,,,,,,"[""'<tmp>/mathzip-toolpkgs.3lRj8c/extracted/usr/bin/lz4' -q -d -f '<work>/archive.lz4' '<work>/restored.bin'"",""'<tmp>/mathzip-toolpkgs.3lRj8c/extracted/usr/bin/lz4' -q -f -1 '<repo>/datasets/data/calgary/progp' '<work>/archive.lz4'""]",{}
mathzip-benchmark-results-v1,20260724T025637Z-8563453d,quick,calgary_files,datasets/data/calgary/progp,progp,Upstream files retain their original terms; see dataset manifest,datasets/manifests/calgary.json,datasets/data/calgary/dataset.json,83a3c9348bc6c40af11956faf339f4c6287ef14cdb7d5479a8a0a4f84f2b19c7,true,d0cd70ab5f7381a8584b25fa73b3608571a17ee1042cc5c546f63b904614d1bc,4.868772210245372,49379,brotli-fast,brotli,fast,,1,ok,,3,3,11708,4.217543559959003,0.762895157860629,76.2895157860629,1.896838737114968,0.0,0.00602601699938532,0.003823425999144092,8.19430147725054,12.914856992407836,0.005480999999988967,0.0031010000000151194,352256.0,true,true,6748d4944bb405b7239619ef2f2e8c91c2dba29136e3004752068aad1e307aa0,d0cd70ab5f7381a8584b25fa73b3608571a17ee1042cc5c546f63b904614d1bc,,,,,,,,,,,,,,,,,,,,"[""'<tmp>/mathzip-toolpkgs.3lRj8c/extracted/usr/bin/brotli' -f -d -o '<work>/restored.bin' '<work>/archive.br'"",""'<tmp>/mathzip-toolpkgs.3lRj8c/extracted/usr/bin/brotli' -f -q 4 -o '<work>/archive.br' '<repo>/datasets/data/calgary/progp'""]",{}
mathzip-benchmark-results-v1,20260724T025637Z-8563453d,quick,calgary_files,datasets/data/calgary/progp,progp,Upstream files retain their original terms; see dataset manifest,datasets/manifests/calgary.json,datasets/data/calgary/dataset.json,83a3c9348bc6c40af11956faf339f4c6287ef14cdb7d5479a8a0a4f84f2b19c7,true,d0cd70ab5f7381a8584b25fa73b3608571a17ee1042cc5c546f63b904614d1bc,4.868772210245372,49379,7z-fast,7z,fast,,1,ok,,3,3,11050,4.468687782805429,0.7762206606047105,77.62206606047106,1.790234715162316,0.0,0.012992639996809885,0.008274242005427368,3.800536304563518,5.967797408827367,0.012360999999998512,0.007594999999994911,4747264.0,true,true,6577e7d08d826410e51dfd15bea9bec7468dcb8e20769b66bb382be156811c22,d0cd70ab5f7381a8584b25fa73b3608571a17ee1042cc5c546f63b904614d1bc,,,,,,,,,,,,,,,,,,,,"[""'<tmp>/mathzip-toolpkgs.3lRj8c/extracted/usr/lib/7zip/7z' a -y -bd -bso0 -bsp0 -t7z -m0=lzma2 -mx=1 -mmt=1 '<work>/archive.7z' '<repo>/datasets/data/calgary/progp'"",""'<tmp>/mathzip-toolpkgs.3lRj8c/extracted/usr/lib/7zip/7z' e -so -bd -mmt=1 '<work>/archive.7z'""]",{}
mathzip-benchmark-results-v1,20260724T025637Z-8563453d,quick,calgary_files,datasets/data/calgary/trans,trans,Upstream files retain their original terms; see dataset manifest,datasets/manifests/calgary.json,datasets/data/calgary/dataset.json,83a3c9348bc6c40af11956faf339f4c6287ef14cdb7d5479a8a0a4f84f2b19c7,true,117a00c6af3e1c57f20013a8f1b468158f70634f685a348bedb7e4069cdd576a,5.532780979531252,93695,mathzip-fast,mathzip,fast,,1,ok,,3,3,82326,1.1380973204091052,0.12134051977159932,12.134051977159931,7.029275841827205,0.0,0.08382925600017188,0.0070837439998285845,1.1176885549337083,13.226762571073612,0.08312899999999956,0.006414000000006581,4059136.0,true,true,56ac47696179aea67619ff773c53f1d1bfce654e3243133ee45e8bfd0943fe26,117a00c6af3e1c57f20013a8f1b468158f70634f685a348bedb7e4069cdd576a,"[{""type"":""identity""}]",6,15615.833333333334,16384.0,"{""raw"":6}","{""bit_pack"":6}",0,216,81990,120,100.0,0.0,5.532780979531253,81990,0,0,0.006301508,0.001057387,0.071925375,"[""'<repo>/target/release/mathzip' compress --mode fast --max-input-bytes 8589934592 --no-sync --force '<repo>/datasets/data/calgary/trans' '<work>/archive.mz'"",""'<repo>/target/release/mathzip' compress --mode fast --max-input-bytes 8589934592 --no-sync --force --metrics-output '<work>/metrics-probe.mz.metrics.json' '<repo>/datasets/data/calgary/trans' '<work>/metrics-probe.mz'"",""'<repo>/target/release/mathzip' decompress --max-archive-bytes 17179869184 --max-output-bytes 8589934592 --max-segments 8388608 --no-sync --force '<work>/archive.mz' '<work>/restored.bin'""]",{}
mathzip-benchmark-results-v1,20260724T025637Z-8563453d,quick,calgary_files,datasets/data/calgary/trans,trans,Upstream files retain their original terms; see dataset manifest,datasets/manifests/calgary.json,datasets/data/calgary/dataset.json,83a3c9348bc6c40af11956faf339f4c6287ef14cdb7d5479a8a0a4f84f2b19c7,true,117a00c6af3e1c57f20013a8f1b468158f70634f685a348bedb7e4069cdd576a,5.532780979531252,93695,raw,raw,default,,1,ok,,3,3,93695,1.0,0.0,0.0,8.0,0.0,0.0002895799989346415,0.00028801099688280374,323.5548046988807,325.3174393133537,0.0002933879999993394,0.0002915849999993725,,true,true,117a00c6af3e1c57f20013a8f1b468158f70634f685a348bedb7e4069cdd576a,117a00c6af3e1c57f20013a8f1b468158f70634f685a348bedb7e4069cdd576a,,,,,,,,,,,,,,,,,,,,"[""stdlib:shutil.copyfile""]",{}
mathzip-benchmark-results-v1,20260724T025637Z-8563453d,quick,calgary_files,datasets/data/calgary/trans,trans,Upstream files retain their original terms; see dataset manifest,datasets/manifests/calgary.json,datasets/data/calgary/dataset.json,83a3c9348bc6c40af11956faf339f4c6287ef14cdb7d5479a8a0a4f84f2b19c7,true,117a00c6af3e1c57f20013a8f1b468158f70634f685a348bedb7e4069cdd576a,5.532780979531252,93695,gzip-fast,gzip,fast,,1,ok,,3,3,23960,3.910475792988314,0.7442766422968141,74.42766422968141,2.045786861625487,0.0,0.00430322700412944,0.0033290209976257756,21.773194839614295,28.144911091525806,0.0036860000000018545,0.0027419999999978018,344064.0,true,true,a69a4811bd67a276ee1724fdbbe7d41a1f192d60bdec945ac182f36f5eb11a33,117a00c6af3e1c57f20013a8f1b468158f70634f685a348bedb7e4069cdd576a,,,,,,,,,,,,,,,,,,,,"[""'<external>/gzip' -d -c '<work>/archive.gz'"",""'<external>/gzip' -n -c -1 '<repo>/datasets/data/calgary/trans'""]",{}
mathzip-benchmark-results-v1,20260724T025637Z-8563453d,quick,calgary_files,datasets/data/calgary/trans,trans,Upstream files retain their original terms; see dataset manifest,datasets/manifests/calgary.json,datasets/data/calgary/dataset.json,83a3c9348bc6c40af11956faf339f4c6287ef14cdb7d5479a8a0a4f84f2b19c7,true,117a00c6af3e1c57f20013a8f1b468158f70634f685a348bedb7e4069cdd576a,5.532780979531252,93695,bzip2-fast,bzip2,fast,,1,ok,,3,3,17899,5.234649980445835,0.8089652596189765,80.89652596189765,1.5282779230481882,0.0,0.014306351993582211,0.007370931998593733,6.549188782858923,12.711418314247867,0.013676000000003796,0.006447000000008529,2359296.0,true,true,297b1b4c748475441074b0a9ca3416dc651f0453960a2f6253f6d6cbc206f381,117a00c6af3e1c57f20013a8f1b468158f70634f685a348bedb7e4069cdd576a,,,,,,,,,,,,,,,,,,,,"[""'<external>/bzip2' -c -1"",""'<external>/bzip2' -d -c '<work>/archive.bz2'""]",{}
mathzip-benchmark-results-v1,20260724T025637Z-8563453d,quick,calgary_files,datasets/data/calgary/trans,trans,Upstream files retain their original terms; see dataset manifest,datasets/manifests/calgary.json,datasets/data/calgary/dataset.json,83a3c9348bc6c40af11956faf339f4c6287ef14cdb7d5479a8a0a4f84f2b19c7,true,117a00c6af3e1c57f20013a8f1b468158f70634f685a348bedb7e4069cdd576a,5.532780979531252,93695,xz-fast,xz,fast,,1,ok,,3,3,18216,5.143555116381203,0.8055819414056247,80.55819414056246,1.5553444687550029,0.0,0.01626624300115509,0.005761644999438431,5.760088546159466,16.26184883121611,0.015380999999990763,0.004295999999996525,4784128.0,true,true,57c27e8c28651a661dd6994f32e5f5ad84cf8c05472e7da9b8a5447330573bfc,117a00c6af3e1c57f20013a8f1b468158f70634f685a348bedb7e4069cdd576a,,,,,,,,,,,,,,,,,,,,"[""'<external>/xz' -c --threads=1 -1 '<repo>/datasets/data/calgary/trans'"",""'<external>/xz' -d -c --threads=1 '<work>/archive.xz'""]",{}
mathzip-benchmark-results-v1,20260724T025637Z-8563453d,quick,calgary_files,datasets/data/calgary/trans,trans,Upstream files retain their original terms; see dataset manifest,datasets/manifests/calgary.json,datasets/data/calgary/dataset.json,83a3c9348bc6c40af11956faf339f4c6287ef14cdb7d5479a8a0a4f84f2b19c7,true,117a00c6af3e1c57f20013a8f1b468158f70634f685a348bedb7e4069cdd576a,5.532780979531252,93695,zstd-fast,zstd,fast,,1,ok,,3,3,21879,4.282416929475753,0.7664870057100166,76.64870057100165,1.8681039543198676,0.0,0.00478673999896273,0.004615885998646263,19.573864471499054,20.29837825879553,0.0043679999999852726,0.004162000000007993,360448.0,true,true,c8223f27af76fd3e4c3c7e19fd46c2775104887df9618224c4f3e415fe2dc579,117a00c6af3e1c57f20013a8f1b468158f70634f685a348bedb7e4069cdd576a,,,,,,,,,,,,,,,,,,,,"[""'<external>/zstd' -q -d -c '<work>/archive.zst'"",""'<external>/zstd' -q -f -T1 -1 -c '<repo>/datasets/data/calgary/trans'""]",{}
mathzip-benchmark-results-v1,20260724T025637Z-8563453d,quick,calgary_files,datasets/data/calgary/trans,trans,Upstream files retain their original terms; see dataset manifest,datasets/manifests/calgary.json,datasets/data/calgary/dataset.json,83a3c9348bc6c40af11956faf339f4c6287ef14cdb7d5479a8a0a4f84f2b19c7,true,117a00c6af3e1c57f20013a8f1b468158f70634f685a348bedb7e4069cdd576a,5.532780979531252,93695,lz4-fast,lz4,fast,,1,ok,,3,3,30055,3.1174513392114456,0.6792251454186455,67.92251454186456,2.5661988366508353,0.0,0.0031302950010285713,0.003199751998181455,29.931683745210318,29.281956868298092,0.0025649999999899364,0.0025669999999990978,344064.0,true,true,4891fbb10c10bcf573902f41a81fa4d2a9d9ce68f099e9216fc81726713d15af,117a00c6af3e1c57f20013a8f1b468158f70634f685a348bedb7e4069cdd576a,,,,,,,,,,,,,,,,,,,,"[""'<tmp>/mathzip-toolpkgs.3lRj8c/extracted/usr/bin/lz4' -q -d -f '<work>/archive.lz4' '<work>/restored.bin'"",""'<tmp>/mathzip-toolpkgs.3lRj8c/extracted/usr/bin/lz4' -q -f -1 '<repo>/datasets/data/calgary/trans' '<work>/archive.lz4'""]",{}
mathzip-benchmark-results-v1,20260724T025637Z-8563453d,quick,calgary_files,datasets/data/calgary/trans,trans,Upstream files retain their original terms; see dataset manifest,datasets/manifests/calgary.json,datasets/data/calgary/dataset.json,83a3c9348bc6c40af11956faf339f4c6287ef14cdb7d5479a8a0a4f84f2b19c7,true,117a00c6af3e1c57f20013a8f1b468158f70634f685a348bedb7e4069cdd576a,5.532780979531252,93695,brotli-fast,brotli,fast,,1,ok,,3,3,19415,4.825907803244914,0.7927851005923475,79.27851005923475,1.65771919526122,0.0,0.007110947000910528,0.004162810000707395,13.176163454460108,22.507633061340346,0.006477000000003841,0.0034880000000043765,352256.0,true,true,6d3037a150b9a6c7e423793b6082f85c811a42ec35217dd7c3c74bcfeda64a78,117a00c6af3e1c57f20013a8f1b468158f70634f685a348bedb7e4069cdd576a,,,,,,,,,,,,,,,,,,,,"[""'<tmp>/mathzip-toolpkgs.3lRj8c/extracted/usr/bin/brotli' -f -d -o '<work>/restored.bin' '<work>/archive.br'"",""'<tmp>/mathzip-toolpkgs.3lRj8c/extracted/usr/bin/brotli' -f -q 4 -o '<work>/archive.br' '<repo>/datasets/data/calgary/trans'""]",{}
mathzip-benchmark-results-v1,20260724T025637Z-8563453d,quick,calgary_files,datasets/data/calgary/trans,trans,Upstream files retain their original terms; see dataset manifest,datasets/manifests/calgary.json,datasets/data/calgary/dataset.json,83a3c9348bc6c40af11956faf339f4c6287ef14cdb7d5479a8a0a4f84f2b19c7,true,117a00c6af3e1c57f20013a8f1b468158f70634f685a348bedb7e4069cdd576a,5.532780979531252,93695,7z-fast,7z,fast,,1,ok,,3,3,18191,5.150623934912869,0.8058487646085704,80.58487646085703,1.5532098831314372,0.0,0.014871225001115818,0.008888595002645161,6.3004224596810205,10.541036009866268,0.014149000000003298,0.008135000000009995,7839744.0,true,true,2d4d4f2f47b37cca91cc38ab997a9bf7fa0fea0869c0edb2baeda3bd4b8bb2fd,117a00c6af3e1c57f20013a8f1b468158f70634f685a348bedb7e4069cdd576a,,,,,,,,,,,,,,,,,,,,"[""'<tmp>/mathzip-toolpkgs.3lRj8c/extracted/usr/lib/7zip/7z' a -y -bd -bso0 -bsp0 -t7z -m0=lzma2 -mx=1 -mmt=1 '<work>/archive.7z' '<repo>/datasets/data/calgary/trans'"",""'<tmp>/mathzip-toolpkgs.3lRj8c/extracted/usr/lib/7zip/7z' e -so -bd -mmt=1 '<work>/archive.7z'""]",{}
mathzip-benchmark-results-v1,20260724T025637Z-8563453d,quick,calgary_combined,datasets/data/calgary/combined.bin,combined.bin,Upstream files retain their original terms; see dataset manifest,datasets/manifests/calgary.json,datasets/data/calgary/dataset.json,83a3c9348bc6c40af11956faf339f4c6287ef14cdb7d5479a8a0a4f84f2b19c7,true,3a1586fb28c0d9b767e561b604092ce73336cd3eedc5df0f29c9db1a63f0f124,5.3634917945462295,3141622,mathzip-fast,mathzip,fast,,1,ok,,3,3,2455746,1.2792943569896886,0.21831907212261692,21.83190721226169,6.253447423019065,0.0,2.3549821010019514,0.09035547499661334,1.3340322198896393,34.76958092597878,2.3498719999999906,0.08911999999999409,23543808.0,true,true,147ed8b8fb4716a509395e1b4ac7837c9ebb11127e93f344c8a713bfd9a5f9d8,3a1586fb28c0d9b767e561b604092ce73336cd3eedc5df0f29c9db1a63f0f124,"[{""type"":""identity""}]",192,16362.614583333334,16384.0,"{""raw"":177,""recurrence"":15}","{""bit_pack"":135,""raw"":14,""sparse"":7,""zero_run"":36}",57,6912,2448657,120,92.17728931106288,7.301196643007975,5.463961286008807,2448657,15,0,0.222831803,0.038215634,2.080909776,"[""'<repo>/target/release/mathzip' compress --mode fast --max-input-bytes 8589934592 --no-sync --force '<repo>/datasets/data/calgary/combined.bin' '<work>/archive.mz'"",""'<repo>/target/release/mathzip' compress --mode fast --max-input-bytes 8589934592 --no-sync --force --metrics-output '<work>/metrics-probe.mz.metrics.json' '<repo>/datasets/data/calgary/combined.bin' '<work>/metrics-probe.mz'"",""'<repo>/target/release/mathzip' decompress --max-archive-bytes 17179869184 --max-output-bytes 8589934592 --max-segments 8388608 --no-sync --force '<work>/archive.mz' '<work>/restored.bin'""]",{}
mathzip-benchmark-results-v1,20260724T025637Z-8563453d,quick,calgary_combined,datasets/data/calgary/combined.bin,combined.bin,Upstream files retain their original terms; see dataset manifest,datasets/manifests/calgary.json,datasets/data/calgary/dataset.json,83a3c9348bc6c40af11956faf339f4c6287ef14cdb7d5479a8a0a4f84f2b19c7,true,3a1586fb28c0d9b767e561b604092ce73336cd3eedc5df0f29c9db1a63f0f124,5.3634917945462295,3141622,raw,raw,default,,1,ok,,3,3,3141622,1.0,0.0,0.0,8.0,0.0,0.0030274849996203557,0.003002001001732424,1037.7002694956232,1046.5093110185514,0.003032457999999849,0.0030054399999990267,,true,true,3a1586fb28c0d9b767e561b604092ce73336cd3eedc5df0f29c9db1a63f0f124,3a1586fb28c0d9b767e561b604092ce73336cd3eedc5df0f29c9db1a63f0f124,,,,,,,,,,,,,,,,,,,,"[""stdlib:shutil.copyfile""]",{}
mathzip-benchmark-results-v1,20260724T025637Z-8563453d,quick,calgary_combined,datasets/data/calgary/combined.bin,combined.bin,Upstream files retain their original terms; see dataset manifest,datasets/manifests/calgary.json,datasets/data/calgary/dataset.json,83a3c9348bc6c40af11956faf339f4c6287ef14cdb7d5479a8a0a4f84f2b19c7,true,3a1586fb28c0d9b767e561b604092ce73336cd3eedc5df0f29c9db1a63f0f124,5.3634917945462295,3141622,gzip-fast,gzip,fast,,1,ok,,3,3,1196883,2.6248363457413966,0.6190238672889354,61.902386728893546,3.0478090616885165,0.0,0.07039901299867779,0.03703584399772808,44.62593815141989,84.82652643727302,0.0687899999999928,0.03614600000001644,1970176.0,true,true,000181f73dde27e95ea5722a48719ec0f21964c1051ccbbe5d4dadba078b2930,3a1586fb28c0d9b767e561b604092ce73336cd3eedc5df0f29c9db1a63f0f124,,,,,,,,,,,,,,,,,,,,"[""'<external>/gzip' -d -c '<work>/archive.gz'"",""'<external>/gzip' -n -c -1 '<repo>/datasets/data/calgary/combined.bin'""]",{}
mathzip-benchmark-results-v1,20260724T025637Z-8563453d,quick,calgary_combined,datasets/data/calgary/combined.bin,combined.bin,Upstream files retain their original terms; see dataset manifest,datasets/manifests/calgary.json,datasets/data/calgary/dataset.json,83a3c9348bc6c40af11956faf339f4c6287ef14cdb7d5479a8a0a4f84f2b19c7,true,3a1586fb28c0d9b767e561b604092ce73336cd3eedc5df0f29c9db1a63f0f124,5.3634917945462295,3141622,bzip2-fast,bzip2,fast,,1,ok,,3,3,924922,3.3966345270195757,0.7055909336005414,70.55909336005413,2.355272531195669,0.0,0.30676378100179136,0.1421576510037994,10.24117641835186,22.099563251196624,0.30582599999999616,0.1413920000000104,2457600.0,true,true,0f7e7567bc05f20e3daa0f114fff4289813f47ef2302b135018093c945f87c8f,3a1586fb28c0d9b767e561b604092ce73336cd3eedc5df0f29c9db1a63f0f124,,,,,,,,,,,,,,,,,,,,"[""'<external>/bzip2' -c -1"",""'<external>/bzip2' -d -c '<work>/archive.bz2'""]",{}
mathzip-benchmark-results-v1,20260724T025637Z-8563453d,quick,calgary_combined,datasets/data/calgary/combined.bin,combined.bin,Upstream files retain their original terms; see dataset manifest,datasets/manifests/calgary.json,datasets/data/calgary/dataset.json,83a3c9348bc6c40af11956faf339f4c6287ef14cdb7d5479a8a0a4f84f2b19c7,true,3a1586fb28c0d9b767e561b604092ce73336cd3eedc5df0f29c9db1a63f0f124,5.3634917945462295,3141622,xz-fast,xz,fast,,1,ok,,3,3,940132,3.3416818063846354,0.7007494854568754,70.07494854568755,2.394004116344996,0.0,0.42087581499799853,0.08625758899870561,7.464486881991402,36.421398238329424,0.4193699999999865,0.08436100000001545,10850304.0,true,true,edddaae678770bf6eab670385f25c75ee2cc319ebd0c63bc48b950e272de4cfd,3a1586fb28c0d9b767e561b604092ce73336cd3eedc5df0f29c9db1a63f0f124,,,,,,,,,,,,,,,,,,,,"[""'<external>/xz' -c --threads=1 -1 '<repo>/datasets/data/calgary/combined.bin'"",""'<external>/xz' -d -c --threads=1 '<work>/archive.xz'""]",{}
mathzip-benchmark-results-v1,20260724T025637Z-8563453d,quick,calgary_combined,datasets/data/calgary/combined.bin,combined.bin,Upstream files retain their original terms; see dataset manifest,datasets/manifests/calgary.json,datasets/data/calgary/dataset.json,83a3c9348bc6c40af11956faf339f4c6287ef14cdb7d5479a8a0a4f84f2b19c7,true,3a1586fb28c0d9b767e561b604092ce73336cd3eedc5df0f29c9db1a63f0f124,5.3634917945462295,3141622,zstd-fast,zstd,fast,,1,ok,,3,3,1136806,2.763551564646914,0.6381467916891339,63.81467916891339,2.894825666486929,0.0,0.03363609599909978,0.013704949000384659,93.40031613906919,229.23266623697933,0.037980000000004566,0.017688999999990074,8052736.0,true,true,d9c620f588dd8767ffff393fb60b3ceace74350e5e13adb2123044911f11764f,3a1586fb28c0d9b767e561b604092ce73336cd3eedc5df0f29c9db1a63f0f124,,,,,,,,,,,,,,,,,,,,"[""'<external>/zstd' -q -d -c '<work>/archive.zst'"",""'<external>/zstd' -q -f -T1 -1 -c '<repo>/datasets/data/calgary/combined.bin'""]",{}
mathzip-benchmark-results-v1,20260724T025637Z-8563453d,quick,calgary_combined,datasets/data/calgary/combined.bin,combined.bin,Upstream files retain their original terms; see dataset manifest,datasets/manifests/calgary.json,datasets/data/calgary/dataset.json,83a3c9348bc6c40af11956faf339f4c6287ef14cdb7d5479a8a0a4f84f2b19c7,true,3a1586fb28c0d9b767e561b604092ce73336cd3eedc5df0f29c9db1a63f0f124,5.3634917945462295,3141622,lz4-fast,lz4,fast,,1,ok,,3,3,1622118,1.9367407303291129,0.4836686272250449,48.366862722504486,4.130650982199641,0.0,0.02335930400295183,0.017544191003253218,134.49125023600894,179.06907188923384,0.022591999999988843,0.01669300000000362,6553600.0,true,true,9f241ae2e447ec40cc050f8d1341ffa5e80e30da9151d3ecb35cae1ce454e605,3a1586fb28c0d9b767e561b604092ce73336cd3eedc5df0f29c9db1a63f0f124,,,,,,,,,,,,,,,,,,,,"[""'<tmp>/mathzip-toolpkgs.3lRj8c/extracted/usr/bin/lz4' -q -d -f '<work>/archive.lz4' '<work>/restored.bin'"",""'<tmp>/mathzip-toolpkgs.3lRj8c/extracted/usr/bin/lz4' -q -f -1 '<repo>/datasets/data/calgary/combined.bin' '<work>/archive.lz4'""]",{}
mathzip-benchmark-results-v1,20260724T025637Z-8563453d,quick,calgary_combined,datasets/data/calgary/combined.bin,combined.bin,Upstream files retain their original terms; see dataset manifest,datasets/manifests/calgary.json,datasets/data/calgary/dataset.json,83a3c9348bc6c40af11956faf339f4c6287ef14cdb7d5479a8a0a4f84f2b19c7,true,3a1586fb28c0d9b767e561b604092ce73336cd3eedc5df0f29c9db1a63f0f124,5.3634917945462295,3141622,brotli-fast,brotli,fast,,1,ok,,3,3,990929,3.170380521712454,0.6845804492074476,68.45804492074477,2.5233564063404192,0.0,0.14871636099996977,0.025790653999138158,21.124925185606436,121.81242089110974,0.1478299999999848,0.025032000000010157,14663680.0,true,true,152e5efb2d14ab3815a7b5e5292f8b7b1e8f2287c57be372ef387e3679500968,3a1586fb28c0d9b767e561b604092ce73336cd3eedc5df0f29c9db1a63f0f124,,,,,,,,,,,,,,,,,,,,"[""'<tmp>/mathzip-toolpkgs.3lRj8c/extracted/usr/bin/brotli' -f -d -o '<work>/restored.bin' '<work>/archive.br'"",""'<tmp>/mathzip-toolpkgs.3lRj8c/extracted/usr/bin/brotli' -f -q 4 -o '<work>/archive.br' '<repo>/datasets/data/calgary/combined.bin'""]",{}
mathzip-benchmark-results-v1,20260724T025637Z-8563453d,quick,calgary_combined,datasets/data/calgary/combined.bin,combined.bin,Upstream files retain their original terms; see dataset manifest,datasets/manifests/calgary.json,datasets/data/calgary/dataset.json,83a3c9348bc6c40af11956faf339f4c6287ef14cdb7d5479a8a0a4f84f2b19c7,true,3a1586fb28c0d9b767e561b604092ce73336cd3eedc5df0f29c9db1a63f0f124,5.3634917945462295,3141622,7z-fast,7z,fast,,1,ok,,3,3,919765,3.4156790049632244,0.7072324423498435,70.72324423498435,2.342140461201252,0.0,0.2726966589980293,0.07818492700607749,11.520573855005328,40.18193941340886,0.27166799999999114,0.076753999999994,11739136.0,true,true,36561004fdfbdbf37e15a40d1b8b8113fdd8fdaa78166b0a5a0428241bd5a236,3a1586fb28c0d9b767e561b604092ce73336cd3eedc5df0f29c9db1a63f0f124,,,,,,,,,,,,,,,,,,,,"[""'<tmp>/mathzip-toolpkgs.3lRj8c/extracted/usr/lib/7zip/7z' a -y -bd -bso0 -bsp0 -t7z -m0=lzma2 -mx=1 -mmt=1 '<work>/archive.7z' '<repo>/datasets/data/calgary/combined.bin'"",""'<tmp>/mathzip-toolpkgs.3lRj8c/extracted/usr/lib/7zip/7z' e -so -bd -mmt=1 '<work>/archive.7z'""]",{}
mathzip-benchmark-results-v1,20260724T025637Z-8563453d,quick,silesia_quick_subset,datasets/data/silesia/dickens,dickens,Per-file upstream terms; see Silesia provenance,datasets/manifests/silesia.json,datasets/data/silesia/dataset.json,7b9daf7c42ff8dff9effce4fef13077fe99c06d23a7969f92fbeec67c7701f30,true,b24c37886142e11d0ee687db6ab06f936207aa7f2ea1fd1d9a36763c7a507e6a,4.532332261326248,10192446,mathzip-fast,mathzip,fast,,1,ok,,3,3,8951797,1.138592173169253,0.12172240108017252,12.172240108017252,7.02622079135862,0.0,8.53740158900473,0.32984744099667296,1.1938580953163538,30.900485294663262,8.493678999999986,0.3228979999999808,73715712.0,true,true,7545edd53009fbd40b4c6cf36d12e70a79d743e72359f9efa6c2e47123b02e29,b24c37886142e11d0ee687db6ab06f936207aa7f2ea1fd1d9a36763c7a507e6a,"[{""type"":""identity""}]",623,16360.266452648475,16384.0,"{""raw"":623}","{""bit_pack"":618,""raw"":5}",0,22428,8929249,120,100.0,0.8037324897281771,4.532332261326248,8929249,0,0,0.77613502,0.110923302,7.557734234,"[""'<repo>/target/release/mathzip' compress --mode fast --max-input-bytes 8589934592 --no-sync --force '<repo>/datasets/data/silesia/dickens' '<work>/archive.mz'"",""'<repo>/target/release/mathzip' compress --mode fast --max-input-bytes 8589934592 --no-sync --force --metrics-output '<work>/metrics-probe.mz.metrics.json' '<repo>/datasets/data/silesia/dickens' '<work>/metrics-probe.mz'"",""'<repo>/target/release/mathzip' decompress --max-archive-bytes 17179869184 --max-output-bytes 8589934592 --max-segments 8388608 --no-sync --force '<work>/archive.mz' '<work>/restored.bin'""]",{}
mathzip-benchmark-results-v1,20260724T025637Z-8563453d,quick,silesia_quick_subset,datasets/data/silesia/dickens,dickens,Per-file upstream terms; see Silesia provenance,datasets/manifests/silesia.json,datasets/data/silesia/dataset.json,7b9daf7c42ff8dff9effce4fef13077fe99c06d23a7969f92fbeec67c7701f30,true,b24c37886142e11d0ee687db6ab06f936207aa7f2ea1fd1d9a36763c7a507e6a,4.532332261326248,10192446,raw,raw,default,,1,ok,,3,3,10192446,1.0,0.0,0.0,8.0,0.0,0.010236308000457939,0.010873792998609133,995.7150565950169,937.3404479286773,0.010244687000000141,0.010881108999999611,,true,true,b24c37886142e11d0ee687db6ab06f936207aa7f2ea1fd1d9a36763c7a507e6a,b24c37886142e11d0ee687db6ab06f936207aa7f2ea1fd1d9a36763c7a507e6a,,,,,,,,,,,,,,,,,,,,"[""stdlib:shutil.copyfile""]",{}
mathzip-benchmark-results-v1,20260724T025637Z-8563453d,quick,silesia_quick_subset,datasets/data/silesia/dickens,dickens,Per-file upstream terms; see Silesia provenance,datasets/manifests/silesia.json,datasets/data/silesia/dataset.json,7b9daf7c42ff8dff9effce4fef13077fe99c06d23a7969f92fbeec67c7701f30,true,b24c37886142e11d0ee687db6ab06f936207aa7f2ea1fd1d9a36763c7a507e6a,4.532332261326248,10192446,gzip-fast,gzip,fast,,1,ok,,3,3,4582034,2.2244370076695197,0.5504480475049855,55.04480475049856,3.5964156199601156,0.0,0.241791831998853,0.12183109400211833,42.15380608906735,83.66046519965404,0.24103900000000067,0.12073900000001458,1978368.0,true,true,45239d5ec60732ece47095c983172e71c9cffc4f3764752648b990a833174ff0,b24c37886142e11d0ee687db6ab06f936207aa7f2ea1fd1d9a36763c7a507e6a,,,,,,,,,,,,,,,,,,,,"[""'<external>/gzip' -d -c '<work>/archive.gz'"",""'<external>/gzip' -n -c -1 '<repo>/datasets/data/silesia/dickens'""]",{}
mathzip-benchmark-results-v1,20260724T025637Z-8563453d,quick,silesia_quick_subset,datasets/data/silesia/dickens,dickens,Per-file upstream terms; see Silesia provenance,datasets/manifests/silesia.json,datasets/data/silesia/dataset.json,7b9daf7c42ff8dff9effce4fef13077fe99c06d23a7969f92fbeec67c7701f30,true,b24c37886142e11d0ee687db6ab06f936207aa7f2ea1fd1d9a36763c7a507e6a,4.532332261326248,10192446,bzip2-fast,bzip2,fast,,1,ok,,3,3,3302765,3.0860342773403495,0.6759595292435201,67.595952924352,2.592323766051839,0.0,1.0980892709994805,0.5293817689962452,9.281983049267788,19.253488875005615,1.0958689999999933,0.5280450000000201,2453504.0,true,true,b7bff4adefbe1361f88837c9f13fe15045406bd6f90d48c291eb9ad686fd4a5f,b24c37886142e11d0ee687db6ab06f936207aa7f2ea1fd1d9a36763c7a507e6a,,,,,,,,,,,,,,,,,,,,"[""'<external>/bzip2' -c -1"",""'<external>/bzip2' -d -c '<work>/archive.bz2'""]",{}
mathzip-benchmark-results-v1,20260724T025637Z-8563453d,quick,silesia_quick_subset,datasets/data/silesia/dickens,dickens,Per-file upstream terms; see Silesia provenance,datasets/manifests/silesia.json,datasets/data/silesia/dataset.json,7b9daf7c42ff8dff9effce4fef13077fe99c06d23a7969f92fbeec67c7701f30,true,b24c37886142e11d0ee687db6ab06f936207aa7f2ea1fd1d9a36763c7a507e6a,4.532332261326248,10192446,xz-fast,xz,fast,,1,ok,,3,3,3662084,2.7832365396315324,0.640706068003696,64.0706068003696,2.8743514559704315,0.0,1.6798928520001937,0.29826466299709864,6.0673191078015405,34.17248928378467,1.6777540000000215,0.29260199999998804,10846208.0,true,true,27970c05d43716b73ffdb6d2ffe5fbdb4c69884e54b1406aacf957e1abac1d5d,b24c37886142e11d0ee687db6ab06f936207aa7f2ea1fd1d9a36763c7a507e6a,,,,,,,,,,,,,,,,,,,,"[""'<external>/xz' -c --threads=1 -1 '<repo>/datasets/data/silesia/dickens'"",""'<external>/xz' -d -c --threads=1 '<work>/archive.xz'""]",{}
mathzip-benchmark-results-v1,20260724T025637Z-8563453d,quick,silesia_quick_subset,datasets/data/silesia/dickens,dickens,Per-file upstream terms; see Silesia provenance,datasets/manifests/silesia.json,datasets/data/silesia/dataset.json,7b9daf7c42ff8dff9effce4fef13077fe99c06d23a7969f92fbeec67c7701f30,true,b24c37886142e11d0ee687db6ab06f936207aa7f2ea1fd1d9a36763c7a507e6a,4.532332261326248,10192446,zstd-fast,zstd,fast,,1,ok,,3,3,4262734,2.3910584146231035,0.5817751695716612,58.17751695716612,3.3457986434267104,0.0,0.10578449899912812,0.029272070998558775,96.35103532592244,348.19695540168067,0.12556700000001797,0.04215400000001068,13410304.0,true,true,870439a968e672dff9905b3256ecd2213a16bec81afe46cac561bd3d8e6caed5,b24c37886142e11d0ee687db6ab06f936207aa7f2ea1fd1d9a36763c7a507e6a,,,,,,,,,,,,,,,,,,,,"[""'<external>/zstd' -q -d -c '<work>/archive.zst'"",""'<external>/zstd' -q -f -T1 -1 -c '<repo>/datasets/data/silesia/dickens'""]",{}
mathzip-benchmark-results-v1,20260724T025637Z-8563453d,quick,silesia_quick_subset,datasets/data/silesia/dickens,dickens,Per-file upstream terms; see Silesia provenance,datasets/manifests/silesia.json,datasets/data/silesia/dataset.json,7b9daf7c42ff8dff9effce4fef13077fe99c06d23a7969f92fbeec67c7701f30,true,b24c37886142e11d0ee687db6ab06f936207aa7f2ea1fd1d9a36763c7a507e6a,4.532332261326248,10192446,lz4-fast,lz4,fast,,1,ok,,3,3,6431133,1.584860086084365,0.3690294753585155,36.90294753585155,5.047764197131876,0.0,0.06794616200204473,0.03744209599972237,150.00767813336205,272.218895012597,0.06620999999998389,0.03664200000000051,8630272.0,true,true,b0f9ada76d2d200f51222c6e17bd0918b475da04c87484b4195dc1f37ab90931,b24c37886142e11d0ee687db6ab06f936207aa7f2ea1fd1d9a36763c7a507e6a,,,,,,,,,,,,,,,,,,,,"[""'<tmp>/mathzip-toolpkgs.3lRj8c/extracted/usr/bin/lz4' -q -d -f '<work>/archive.lz4' '<work>/restored.bin'"",""'<tmp>/mathzip-toolpkgs.3lRj8c/extracted/usr/bin/lz4' -q -f -1 '<repo>/datasets/data/silesia/dickens' '<work>/archive.lz4'""]",{}
mathzip-benchmark-results-v1,20260724T025637Z-8563453d,quick,silesia_quick_subset,datasets/data/silesia/dickens,dickens,Per-file upstream terms; see Silesia provenance,datasets/manifests/silesia.json,datasets/data/silesia/dataset.json,7b9daf7c42ff8dff9effce4fef13077fe99c06d23a7969f92fbeec67c7701f30,true,b24c37886142e11d0ee687db6ab06f936207aa7f2ea1fd1d9a36763c7a507e6a,4.532332261326248,10192446,brotli-fast,brotli,fast,,1,ok,,3,3,3438421,2.964280988279213,0.6626500645674257,66.26500645674257,2.6987994834605944,0.0,1.239518850998138,0.07454176600003848,8.222905195667177,136.73469984591912,1.2387119999999925,0.07364300000000412,45477888.0,true,true,b1a8c29bdfd9bcf1b8c82ef686bfa49684fc533d9ec6c83917221de9b7338ae0,b24c37886142e11d0ee687db6ab06f936207aa7f2ea1fd1d9a36763c7a507e6a,,,,,,,,,,,,,,,,,,,,"[""'<tmp>/mathzip-toolpkgs.3lRj8c/extracted/usr/bin/brotli' -f -d -o '<work>/restored.bin' '<work>/archive.br'"",""'<tmp>/mathzip-toolpkgs.3lRj8c/extracted/usr/bin/brotli' -f -q 4 -o '<work>/archive.br' '<repo>/datasets/data/silesia/dickens'""]",{}
mathzip-benchmark-results-v1,20260724T025637Z-8563453d,quick,silesia_quick_subset,datasets/data/silesia/dickens,dickens,Per-file upstream terms; see Silesia provenance,datasets/manifests/silesia.json,datasets/data/silesia/dataset.json,7b9daf7c42ff8dff9effce4fef13077fe99c06d23a7969f92fbeec67c7701f30,true,b24c37886142e11d0ee687db6ab06f936207aa7f2ea1fd1d9a36763c7a507e6a,4.532332261326248,10192446,7z-fast,7z,fast,,1,ok,,3,3,3508145,2.9053662263104862,0.6558093121121269,65.58093121121269,2.7535255031029844,0.0,1.1612716739982716,0.2418142539972905,8.776969444976896,42.1498974171895,1.1441499999999962,0.24085600000000795,11784192.0,true,true,4ab64dfbf0532388e32b7f710a2d9cd21a42a60ee07a1ad70989df366d331655,b24c37886142e11d0ee687db6ab06f936207aa7f2ea1fd1d9a36763c7a507e6a,,,,,,,,,,,,,,,,,,,,"[""'<tmp>/mathzip-toolpkgs.3lRj8c/extracted/usr/lib/7zip/7z' a -y -bd -bso0 -bsp0 -t7z -m0=lzma2 -mx=1 -mmt=1 '<work>/archive.7z' '<repo>/datasets/data/silesia/dickens'"",""'<tmp>/mathzip-toolpkgs.3lRj8c/extracted/usr/lib/7zip/7z' e -so -bd -mmt=1 '<work>/archive.7z'""]",{}
mathzip-benchmark-results-v1,20260724T025637Z-8563453d,quick,silesia_quick_subset,datasets/data/silesia/mozilla,mozilla,Per-file upstream terms; see Silesia provenance,datasets/manifests/silesia.json,datasets/data/silesia/dataset.json,7b9daf7c42ff8dff9effce4fef13077fe99c06d23a7969f92fbeec67c7701f30,true,657fc3764b0c75ac9de9623125705831ebbfbe08fed248df73bc2dc66e2a963b,6.222428869049127,51220480,mathzip-fast,mathzip,fast,,1,ok,,3,3,45185547,1.1335589231662948,0.11782265609381248,11.782265609381248,7.0574187512495,0.0,31.102037295000628,1.0869033350027166,1.6468528898662607,47.12514751817555,31.042831999999976,1.0837780000000237,344694784.0,true,true,ee4a876bfb1943884f15db1c7ee52725b548e10585994ed33aad4b05cbcfc30f,657fc3764b0c75ac9de9623125705831ebbfbe08fed248df73bc2dc66e2a963b,"[{""type"":""identity""}]",3127,16380.070354972817,16384.0,"{""constant"":4,""periodic"":144,""raw"":2728,""recurrence"":251}","{""bit_pack"":185,""raw"":1516,""sparse"":42,""zero_run"":1384}",2719,112572,45070136,120,87.23710515793682,48.49260295881648,6.321875020062975,45070136,399,0,4.234101974,0.595806399,25.86400984,"[""'<repo>/target/release/mathzip' compress --mode fast --max-input-bytes 8589934592 --no-sync --force '<repo>/datasets/data/silesia/mozilla' '<work>/archive.mz'"",""'<repo>/target/release/mathzip' compress --mode fast --max-input-bytes 8589934592 --no-sync --force --metrics-output '<work>/metrics-probe.mz.metrics.json' '<repo>/datasets/data/silesia/mozilla' '<work>/metrics-probe.mz'"",""'<repo>/target/release/mathzip' decompress --max-archive-bytes 17179869184 --max-output-bytes 8589934592 --max-segments 8388608 --no-sync --force '<work>/archive.mz' '<work>/restored.bin'""]",{}
mathzip-benchmark-results-v1,20260724T025637Z-8563453d,quick,silesia_quick_subset,datasets/data/silesia/mozilla,mozilla,Per-file upstream terms; see Silesia provenance,datasets/manifests/silesia.json,datasets/data/silesia/dataset.json,7b9daf7c42ff8dff9effce4fef13077fe99c06d23a7969f92fbeec67c7701f30,true,657fc3764b0c75ac9de9623125705831ebbfbe08fed248df73bc2dc66e2a963b,6.222428869049127,51220480,raw,raw,default,,1,ok,,3,3,51220480,1.0,0.0,0.0,8.0,0.0,0.050265002995729446,0.04971312900306657,1019.0087923470677,1030.3209841577352,0.05017228300000198,0.049719251999995606,,true,true,657fc3764b0c75ac9de9623125705831ebbfbe08fed248df73bc2dc66e2a963b,657fc3764b0c75ac9de9623125705831ebbfbe08fed248df73bc2dc66e2a963b,,,,,,,,,,,,,,,,,,,,"[""stdlib:shutil.copyfile""]",{}
mathzip-benchmark-results-v1,20260724T025637Z-8563453d,quick,silesia_quick_subset,datasets/data/silesia/mozilla,mozilla,Per-file upstream terms; see Silesia provenance,datasets/manifests/silesia.json,datasets/data/silesia/dataset.json,7b9daf7c42ff8dff9effce4fef13077fe99c06d23a7969f92fbeec67c7701f30,true,657fc3764b0c75ac9de9623125705831ebbfbe08fed248df73bc2dc66e2a963b,6.222428869049127,51220480,gzip-fast,gzip,fast,,1,ok,,3,3,20686601,2.476022039580113,0.5961263736692823,59.61263736692823,3.2309890106457417,0.0,1.1567279390001204,0.5412476909987163,44.280490055660934,94.63408500734184,1.1457189999999855,0.5388660000000414,1966080.0,true,true,1867dcf54a0c1d66d1e8ef2c5909215a0b6a928f7cc79369a2371ed17b2249c7,657fc3764b0c75ac9de9623125705831ebbfbe08fed248df73bc2dc66e2a963b,,,,,,,,,,,,,,,,,,,,"[""'<external>/gzip' -d -c '<work>/archive.gz'"",""'<external>/gzip' -n -c -1 '<repo>/datasets/data/silesia/mozilla'""]",{}
mathzip-benchmark-results-v1,20260724T025637Z-8563453d,quick,silesia_quick_subset,datasets/data/silesia/mozilla,mozilla,Per-file upstream terms; see Silesia provenance,datasets/manifests/silesia.json,datasets/data/silesia/dataset.json,7b9daf7c42ff8dff9effce4fef13077fe99c06d23a7969f92fbeec67c7701f30,true,657fc3764b0c75ac9de9623125705831ebbfbe08fed248df73bc2dc66e2a963b,6.222428869049127,51220480,bzip2-fast,bzip2,fast,,1,ok,,3,3,18670806,2.7433459487501506,0.6354816276614355,63.54816276614355,2.916146978708517,0.0,5.435148052005388,2.344758768005704,9.423934639848744,21.844669353156846,5.4115170000000035,2.343435999999997,2551808.0,true,true,8c60bb5fcbdf0d40e6d151bad26d484ed61a2979890ba83bb1716a6973595f12,657fc3764b0c75ac9de9623125705831ebbfbe08fed248df73bc2dc66e2a963b,,,,,,,,,,,,,,,,,,,,"[""'<external>/bzip2' -c -1"",""'<external>/bzip2' -d -c '<work>/archive.bz2'""]",{}
mathzip-benchmark-results-v1,20260724T025637Z-8563453d,quick,silesia_quick_subset,datasets/data/silesia/mozilla,mozilla,Per-file upstream terms; see Silesia provenance,datasets/manifests/silesia.json,datasets/data/silesia/dataset.json,7b9daf7c42ff8dff9effce4fef13077fe99c06d23a7969f92fbeec67c7701f30,true,657fc3764b0c75ac9de9623125705831ebbfbe08fed248df73bc2dc66e2a963b,6.222428869049127,51220480,xz-fast,xz,fast,,1,ok,,3,3,15109144,3.390031890621997,0.7050175242403038,70.50175242403039,2.359859806077569,0.0,6.752440367999952,1.4589344420019188,7.585476836305823,35.108143673485664,6.737056999999993,1.4565960000000473,10850304.0,true,true,05eb6cf654fd0b0a62a2e33ad60f4628c2861f3292b3c8556968e0b754cd5786,657fc3764b0c75ac9de9623125705831ebbfbe08fed248df73bc2dc66e2a963b,,,,,,,,,,,,,,,,,,,,"[""'<external>/xz' -c --threads=1 -1 '<repo>/datasets/data/silesia/mozilla'"",""'<external>/xz' -d -c --threads=1 '<work>/archive.xz'""]",{}
mathzip-benchmark-results-v1,20260724T025637Z-8563453d,quick,silesia_quick_subset,datasets/data/silesia/mozilla,mozilla,Per-file upstream terms; see Silesia provenance,datasets/manifests/silesia.json,datasets/data/silesia/dataset.json,7b9daf7c42ff8dff9effce4fef13077fe99c06d23a7969f92fbeec67c7701f30,true,657fc3764b0c75ac9de9623125705831ebbfbe08fed248df73bc2dc66e2a963b,6.222428869049127,51220480,zstd-fast,zstd,fast,,1,ok,,3,3,20119027,2.5458726209771476,0.6072073709578669,60.72073709578669,3.142341032337065,0.0,0.29761204100213945,0.11124240099888993,172.1048645327888,460.4402596498355,0.37090200000000095,0.1761640000000284,16187392.0,true,true,3ff5e793c17049302af37d189bd139559a513c444f96777e28c313d3bdf8a8db,657fc3764b0c75ac9de9623125705831ebbfbe08fed248df73bc2dc66e2a963b,,,,,,,,,,,,,,,,,,,,"[""'<external>/zstd' -q -d -c '<work>/archive.zst'"",""'<external>/zstd' -q -f -T1 -1 -c '<repo>/datasets/data/silesia/mozilla'""]",{}
mathzip-benchmark-results-v1,20260724T025637Z-8563453d,quick,silesia_quick_subset,datasets/data/silesia/mozilla,mozilla,Per-file upstream terms; see Silesia provenance,datasets/manifests/silesia.json,datasets/data/silesia/dataset.json,7b9daf7c42ff8dff9effce4fef13077fe99c06d23a7969f92fbeec67c7701f30,true,657fc3764b0c75ac9de9623125705831ebbfbe08fed248df73bc2dc66e2a963b,6.222428869049127,51220480,lz4-fast,lz4,fast,,1,ok,,3,3,26441791,1.9371032771569823,0.48376526342587967,48.376526342587965,4.129877892592963,0.0,0.19642886699875817,0.1342399569984991,260.7584149040773,381.5591210340799,0.19316099999997505,0.1316680000000474,9428992.0,true,true,6cd3a409c9eda52e53f14bb7f0258b5555e38197cc1143a98bff9780d1e1d20f,657fc3764b0c75ac9de9623125705831ebbfbe08fed248df73bc2dc66e2a963b,,,,,,,,,,,,,,,,,,,,"[""'<tmp>/mathzip-toolpkgs.3lRj8c/extracted/usr/bin/lz4' -q -d -f '<work>/archive.lz4' '<work>/restored.bin'"",""'<tmp>/mathzip-toolpkgs.3lRj8c/extracted/usr/bin/lz4' -q -f -1 '<repo>/datasets/data/silesia/mozilla' '<work>/archive.lz4'""]",{}
mathzip-benchmark-results-v1,20260724T025637Z-8563453d,quick,silesia_quick_subset,datasets/data/silesia/mozilla,mozilla,Per-file upstream terms; see Silesia provenance,datasets/manifests/silesia.json,datasets/data/silesia/dataset.json,7b9daf7c42ff8dff9effce4fef13077fe99c06d23a7969f92fbeec67c7701f30,true,657fc3764b0c75ac9de9623125705831ebbfbe08fed248df73bc2dc66e2a963b,6.222428869049127,51220480,brotli-fast,brotli,fast,,1,ok,,3,3,18039758,2.8393108155885463,0.6478018558201719,64.7801855820172,2.8175851534386247,0.0,2.5415574319995358,0.3298096290018293,20.153186135047513,155.30316733025373,2.5400840000000358,0.3288959999999861,76193792.0,true,true,5ef37e5822699152e341c756ee42303e42efe9f22ad1e9104a57a7d42657ef3e,657fc3764b0c75ac9de9623125705831ebbfbe08fed248df73bc2dc66e2a963b,,,,,,,,,,,,,,,,,,,,"[""'<tmp>/mathzip-toolpkgs.3lRj8c/extracted/usr/bin/brotli' -f -d -o '<work>/restored.bin' '<work>/archive.br'"",""'<tmp>/mathzip-toolpkgs.3lRj8c/extracted/usr/bin/brotli' -f -q 4 -o '<work>/archive.br' '<repo>/datasets/data/silesia/mozilla'""]",{}
mathzip-benchmark-results-v1,20260724T025637Z-8563453d,quick,silesia_quick_subset,datasets/data/silesia/mozilla,mozilla,Per-file upstream terms; see Silesia provenance,datasets/manifests/silesia.json,datasets/data/silesia/dataset.json,7b9daf7c42ff8dff9effce4fef13077fe99c06d23a7969f92fbeec67c7701f30,true,657fc3764b0c75ac9de9623125705831ebbfbe08fed248df73bc2dc66e2a963b,6.222428869049127,51220480,7z-fast,7z,fast,,1,ok,,3,3,15380917,3.330131747021325,0.6997115802116654,69.97115802116653,2.402307358306677,0.0,3.6594217639940325,1.269694474998687,13.996878005145822,40.3407914333509,3.6336760000000368,1.2684439999999313,11808768.0,true,true,8972887f511fee24a4afe2f27e4f0efbe73eace6ac33203998dbff3b73bce352,657fc3764b0c75ac9de9623125705831ebbfbe08fed248df73bc2dc66e2a963b,,,,,,,,,,,,,,,,,,,,"[""'<tmp>/mathzip-toolpkgs.3lRj8c/extracted/usr/lib/7zip/7z' a -y -bd -bso0 -bsp0 -t7z -m0=lzma2 -mx=1 -mmt=1 '<work>/archive.7z' '<repo>/datasets/data/silesia/mozilla'"",""'<tmp>/mathzip-toolpkgs.3lRj8c/extracted/usr/lib/7zip/7z' e -so -bd -mmt=1 '<work>/archive.7z'""]",{}
mathzip-benchmark-results-v1,20260724T025637Z-8563453d,quick,silesia_quick_subset,datasets/data/silesia/nci,nci,Per-file upstream terms; see Silesia provenance,datasets/manifests/silesia.json,datasets/data/silesia/dataset.json,7b9daf7c42ff8dff9effce4fef13077fe99c06d23a7969f92fbeec67c7701f30,true,fc63a31770947b8c2062d3b19ca94c00485a232bb91b502021948fee983e1635,2.4292555992818246,33553445,mathzip-fast,mathzip,fast,,1,ok,,3,3,29434021,1.13995451046257,0.1227720134251491,12.27720134251491,7.017823892598807,0.0,23.791456373000983,1.0622200869984226,1.41031488253393,31.588034730932208,23.703350999999884,1.058766999999989,251236352.0,true,true,bb24fcbed38f9878cd713d2be8c8606918da2815b79e5445335983acc15c0b19,fc63a31770947b8c2062d3b19ca94c00485a232bb91b502021948fee983e1635,"[{""type"":""identity""}]",2048,16383.51806640625,16384.0,"{""raw"":2047,""recurrence"":1}","{""bit_pack"":2047,""rle"":1}",5,73728,29360168,120,99.95117043868372,0.0,2.435374640672302,29360168,1,0,2.641016978,0.405216364,20.618607109,"[""'<repo>/target/release/mathzip' compress --mode fast --max-input-bytes 8589934592 --no-sync --force '<repo>/datasets/data/silesia/nci' '<work>/archive.mz'"",""'<repo>/target/release/mathzip' compress --mode fast --max-input-bytes 8589934592 --no-sync --force --metrics-output '<work>/metrics-probe.mz.metrics.json' '<repo>/datasets/data/silesia/nci' '<work>/metrics-probe.mz'"",""'<repo>/target/release/mathzip' decompress --max-archive-bytes 17179869184 --max-output-bytes 8589934592 --max-segments 8388608 --no-sync --force '<work>/archive.mz' '<work>/restored.bin'""]",{}
mathzip-benchmark-results-v1,20260724T025637Z-8563453d,quick,silesia_quick_subset,datasets/data/silesia/nci,nci,Per-file upstream terms; see Silesia provenance,datasets/manifests/silesia.json,datasets/data/silesia/dataset.json,7b9daf7c42ff8dff9effce4fef13077fe99c06d23a7969f92fbeec67c7701f30,true,fc63a31770947b8c2062d3b19ca94c00485a232bb91b502021948fee983e1635,2.4292555992818246,33553445,raw,raw,default,,1,ok,,3,3,33553445,1.0,0.0,0.0,8.0,0.0,0.03314955099631334,0.032722215000831056,1012.1839962095289,1025.4026201816666,0.03307843399999655,0.032728286000001106,,true,true,fc63a31770947b8c2062d3b19ca94c00485a232bb91b502021948fee983e1635,fc63a31770947b8c2062d3b19ca94c00485a232bb91b502021948fee983e1635,,,,,,,,,,,,,,,,,,,,"[""stdlib:shutil.copyfile""]",{}
mathzip-benchmark-results-v1,20260724T025637Z-8563453d,quick,silesia_quick_subset,datasets/data/silesia/nci,nci,Per-file upstream terms; see Silesia provenance,datasets/manifests/silesia.json,datasets/data/silesia/dataset.json,7b9daf7c42ff8dff9effce4fef13077fe99c06d23a7969f92fbeec67c7701f30,true,fc63a31770947b8c2062d3b19ca94c00485a232bb91b502021948fee983e1635,2.4292555992818246,33553445,gzip-fast,gzip,fast,,1,ok,,3,3,4623393,7.25732054359212,0.8622080981550478,86.22080981550478,1.102335214759617,0.0,0.3323478639940731,0.22981066100328462,100.95881043664049,146.00473647965546,0.3297840000001315,0.22737800000004427,1974272.0,true,true,ef4b69d3c1d5247b341839521d91ef24f2723dd2d21cdb73a18b84eb52d590b8,fc63a31770947b8c2062d3b19ca94c00485a232bb91b502021948fee983e1635,,,,,,,,,,,,,,,,,,,,"[""'<external>/gzip' -d -c '<work>/archive.gz'"",""'<external>/gzip' -n -c -1 '<repo>/datasets/data/silesia/nci'""]",{}
mathzip-benchmark-results-v1,20260724T025637Z-8563453d,quick,silesia_quick_subset,datasets/data/silesia/nci,nci,Per-file upstream terms; see Silesia provenance,datasets/manifests/silesia.json,datasets/data/silesia/dataset.json,7b9daf7c42ff8dff9effce4fef13077fe99c06d23a7969f92fbeec67c7701f30,true,fc63a31770947b8c2062d3b19ca94c00485a232bb91b502021948fee983e1635,2.4292555992818246,33553445,bzip2-fast,bzip2,fast,,1,ok,,3,3,2358098,14.229029073431214,0.9297211359370103,92.97211359370104,0.5622309125039172,0.0,4.118861938004557,1.0205815649969736,8.146290287228094,32.876789225660275,4.117403000000081,1.0194349999999304,2449408.0,true,true,44ce9b916613a6fe93b148f3dfaf614f1882ddcde3910379d7f35dc79083e325,fc63a31770947b8c2062d3b19ca94c00485a232bb91b502021948fee983e1635,,,,,,,,,,,,,,,,,,,,"[""'<external>/bzip2' -c -1"",""'<external>/bzip2' -d -c '<work>/archive.bz2'""]",{}
mathzip-benchmark-results-v1,20260724T025637Z-8563453d,quick,silesia_quick_subset,datasets/data/silesia/nci,nci,Per-file upstream terms; see Silesia provenance,datasets/manifests/silesia.json,datasets/data/silesia/dataset.json,7b9daf7c42ff8dff9effce4fef13077fe99c06d23a7969f92fbeec67c7701f30,true,fc63a31770947b8c2062d3b19ca94c00485a232bb91b502021948fee983e1635,2.4292555992818246,33553445,xz-fast,xz,fast,,1,ok,,3,3,2355892,14.242352790365603,0.9297868817941048,92.97868817941048,0.5617049456471608,0.0,1.412600736002787,0.27107896999950754,23.752957325327205,123.77738118180454,1.4036360000000059,0.265863999999965,10850304.0,true,true,7c80e198de8825bdb380bc7581e6ff05fbae711f3efaaeaf46de5187e7093e9b,fc63a31770947b8c2062d3b19ca94c00485a232bb91b502021948fee983e1635,,,,,,,,,,,,,,,,,,,,"[""'<external>/xz' -c --threads=1 -1 '<repo>/datasets/data/silesia/nci'"",""'<external>/xz' -d -c --threads=1 '<work>/archive.xz'""]",{}
mathzip-benchmark-results-v1,20260724T025637Z-8563453d,quick,silesia_quick_subset,datasets/data/silesia/nci,nci,Per-file upstream terms; see Silesia provenance,datasets/manifests/silesia.json,datasets/data/silesia/dataset.json,7b9daf7c42ff8dff9effce4fef13077fe99c06d23a7969f92fbeec67c7701f30,true,fc63a31770947b8c2062d3b19ca94c00485a232bb91b502021948fee983e1635,2.4292555992818246,33553445,zstd-fast,zstd,fast,,1,ok,,3,3,2853911,11.757004685850399,0.914944322408623,91.4944322408623,0.6804454207310159,0.0,0.10394569600612158,0.05206034800357884,322.7978289550726,644.5105783329263,0.13919899999996233,0.08842100000003938,12353536.0,true,true,8d3ec6a641be1f4da01522e1c54ab5df3dad27ef8decfd42f3bd9c3cdf3d7041,fc63a31770947b8c2062d3b19ca94c00485a232bb91b502021948fee983e1635,,,,,,,,,,,,,,,,,,,,"[""'<external>/zstd' -q -d -c '<work>/archive.zst'"",""'<external>/zstd' -q -f -T1 -1 -c '<repo>/datasets/data/silesia/nci'""]",{}
mathzip-benchmark-results-v1,20260724T025637Z-8563453d,quick,silesia_quick_subset,datasets/data/silesia/nci,nci,Per-file upstream terms; see Silesia provenance,datasets/manifests/silesia.json,datasets/data/silesia/dataset.json,7b9daf7c42ff8dff9effce4fef13077fe99c06d23a7969f92fbeec67c7701f30,true,fc63a31770947b8c2062d3b19ca94c00485a232bb91b502021948fee983e1635,2.4292555992818246,33553445,lz4-fast,lz4,fast,,1,ok,,3,3,5539348,6.057291399637647,0.8349097089732515,83.49097089732514,1.3207223282139882,0.0,0.09080192099645501,0.07698853199690348,369.52351483081463,435.82393545768014,0.09001999999998134,0.07494900000006055,6737920.0,true,true,2f035638f18352ec1f70145039d6a27cf36ff0916cffb39a3514992d5147f9bc,fc63a31770947b8c2062d3b19ca94c00485a232bb91b502021948fee983e1635,,,,,,,,,,,,,,,,,,,,"[""'<tmp>/mathzip-toolpkgs.3lRj8c/extracted/usr/bin/lz4' -q -d -f '<work>/archive.lz4' '<work>/restored.bin'"",""'<tmp>/mathzip-toolpkgs.3lRj8c/extracted/usr/bin/lz4' -q -f -1 '<repo>/datasets/data/silesia/nci' '<work>/archive.lz4'""]",{}
mathzip-benchmark-results-v1,20260724T025637Z-8563453d,quick,silesia_quick_subset,datasets/data/silesia/nci,nci,Per-file upstream terms; see Silesia provenance,datasets/manifests/silesia.json,datasets/data/silesia/dataset.json,7b9daf7c42ff8dff9effce4fef13077fe99c06d23a7969f92fbeec67c7701f30,true,fc63a31770947b8c2062d3b19ca94c00485a232bb91b502021948fee983e1635,2.4292555992818246,33553445,brotli-fast,brotli,fast,,1,ok,,3,3,2615981,12.826333601046796,0.9220353975575384,92.20353975575384,0.6237168195396926,0.0,0.6421195049988455,0.10677987600502092,52.25420617001866,314.2300427322305,0.6408120000000963,0.1060179999999491,49831936.0,true,true,d1ea92a362c626238595b04a3a730d8b7ea659de9654a019cd3f0162e79b2a77,fc63a31770947b8c2062d3b19ca94c00485a232bb91b502021948fee983e1635,,,,,,,,,,,,,,,,,,,,"[""'<tmp>/mathzip-toolpkgs.3lRj8c/extracted/usr/bin/brotli' -f -d -o '<work>/restored.bin' '<work>/archive.br'"",""'<tmp>/mathzip-toolpkgs.3lRj8c/extracted/usr/bin/brotli' -f -q 4 -o '<work>/archive.br' '<repo>/datasets/data/silesia/nci'""]",{}
mathzip-benchmark-results-v1,20260724T025637Z-8563453d,quick,silesia_quick_subset,datasets/data/silesia/nci,nci,Per-file upstream terms; see Silesia provenance,datasets/manifests/silesia.json,datasets/data/silesia/dataset.json,7b9daf7c42ff8dff9effce4fef13077fe99c06d23a7969f92fbeec67c7701f30,true,fc63a31770947b8c2062d3b19ca94c00485a232bb91b502021948fee983e1635,2.4292555992818246,33553445,7z-fast,7z,fast,,1,ok,,3,3,2473797,13.563540177306384,0.9262729356106355,92.62729356106355,0.589816515114916,0.0,0.8127880199972424,0.2531577539994032,41.28191382559236,132.53966931654443,0.8056739999999536,0.25161500000001524,11812864.0,true,true,b5ebe9041595db5bb481c8a4a41e087f28ffb25d498e15d88f6821116fda9ff9,fc63a31770947b8c2062d3b19ca94c00485a232bb91b502021948fee983e1635,,,,,,,,,,,,,,,,,,,,"[""'<tmp>/mathzip-toolpkgs.3lRj8c/extracted/usr/lib/7zip/7z' a -y -bd -bso0 -bsp0 -t7z -m0=lzma2 -mx=1 -mmt=1 '<work>/archive.7z' '<repo>/datasets/data/silesia/nci'"",""'<tmp>/mathzip-toolpkgs.3lRj8c/extracted/usr/lib/7zip/7z' e -so -bd -mmt=1 '<work>/archive.7z'""]",{}
mathzip-benchmark-results-v1,20260724T025637Z-8563453d,quick,silesia_quick_subset,datasets/data/silesia/xml,xml,Per-file upstream terms; see Silesia provenance,datasets/manifests/silesia.json,datasets/data/silesia/dataset.json,7b9daf7c42ff8dff9effce4fef13077fe99c06d23a7969f92fbeec67c7701f30,true,0e82e54e695c1938e4193448022543845b33020c8be6bf3bf3ead2224903e08c,5.518154617082,5345280,mathzip-fast,mathzip,fast,,1,ok,,3,3,4694694,1.138579000037063,0.12171223958333333,12.171223958333332,7.026302083333333,0.0,3.883312919999298,0.1724716540047666,1.3764741884362401,30.99222321977774,3.8811540000000377,0.16926699999999073,40779776.0,true,true,da2ec2173e2ea010e47ca7185aed4935fd792f53aa3bcf6c786c8ca3660b0271,0e82e54e695c1938e4193448022543845b33020c8be6bf3bf3ead2224903e08c,"[{""type"":""identity""}]",327,16346.422018348623,16384.0,"{""raw"":326,""recurrence"":1}","{""bit_pack"":320,""raw"":4,""sparse"":1,""zero_run"":2}",3,11772,4682799,120,99.69348659003832,1.2260536398467432,5.540414033615906,4682799,1,0,0.399463806,0.058157435,3.400344941,"[""'<repo>/target/release/mathzip' compress --mode fast --max-input-bytes 8589934592 --no-sync --force '<repo>/datasets/data/silesia/xml' '<work>/archive.mz'"",""'<repo>/target/release/mathzip' compress --mode fast --max-input-bytes 8589934592 --no-sync --force --metrics-output '<work>/metrics-probe.mz.metrics.json' '<repo>/datasets/data/silesia/xml' '<work>/metrics-probe.mz'"",""'<repo>/target/release/mathzip' decompress --max-archive-bytes 17179869184 --max-output-bytes 8589934592 --max-segments 8388608 --no-sync --force '<work>/archive.mz' '<work>/restored.bin'""]",{}
mathzip-benchmark-results-v1,20260724T025637Z-8563453d,quick,silesia_quick_subset,datasets/data/silesia/xml,xml,Per-file upstream terms; see Silesia provenance,datasets/manifests/silesia.json,datasets/data/silesia/dataset.json,7b9daf7c42ff8dff9effce4fef13077fe99c06d23a7969f92fbeec67c7701f30,true,0e82e54e695c1938e4193448022543845b33020c8be6bf3bf3ead2224903e08c,5.518154617082,5345280,raw,raw,default,,1,ok,,3,3,5345280,1.0,0.0,0.0,8.0,0.0,0.00558315100352047,0.005133443999511655,957.394846857898,1041.2658637180996,0.005589575999991325,0.005136995000000866,,true,true,0e82e54e695c1938e4193448022543845b33020c8be6bf3bf3ead2224903e08c,0e82e54e695c1938e4193448022543845b33020c8be6bf3bf3ead2224903e08c,,,,,,,,,,,,,,,,,,,,"[""stdlib:shutil.copyfile""]",{}
mathzip-benchmark-results-v1,20260724T025637Z-8563453d,quick,silesia_quick_subset,datasets/data/silesia/xml,xml,Per-file upstream terms; see Silesia provenance,datasets/manifests/silesia.json,datasets/data/silesia/dataset.json,7b9daf7c42ff8dff9effce4fef13077fe99c06d23a7969f92fbeec67c7701f30,true,0e82e54e695c1938e4193448022543845b33020c8be6bf3bf3ead2224903e08c,5.518154617082,5345280,gzip-fast,gzip,fast,,1,ok,,3,3,967164,5.526756579028996,0.8190620510057471,81.90620510057471,1.447503591954023,0.0,0.06678721600474091,0.04271051599789644,80.03447844899783,125.15137958678054,0.06457399999987956,0.04138000000000375,1970176.0,true,true,db353f82b201ec602f94969e6a252072281165a2632f8771af5efeed1b7ffd13,0e82e54e695c1938e4193448022543845b33020c8be6bf3bf3ead2224903e08c,,,,,,,,,,,,,,,,,,,,"[""'<external>/gzip' -d -c '<work>/archive.gz'"",""'<external>/gzip' -n -c -1 '<repo>/datasets/data/silesia/xml'""]",{}
mathzip-benchmark-results-v1,20260724T025637Z-8563453d,quick,silesia_quick_subset,datasets/data/silesia/xml,xml,Per-file upstream terms; see Silesia provenance,datasets/manifests/silesia.json,datasets/data/silesia/dataset.json,7b9daf7c42ff8dff9effce4fef13077fe99c06d23a7969f92fbeec67c7701f30,true,0e82e54e695c1938e4193448022543845b33020c8be6bf3bf3ead2224903e08c,5.518154617082,5345280,bzip2-fast,bzip2,fast,,1,ok,,3,3,567188,9.424176816152668,0.8938899365421455,89.38899365421456,0.8488805076628353,0.0,0.649562333994254,0.17436413199902745,8.229048576648664,30.655846123386283,0.6485250000000633,0.17341299999998228,2457600.0,true,true,2ce9931879d8db03307845f0e16625b741d5f8ecbdc954060651dd3fd25d9a76,0e82e54e695c1938e4193448022543845b33020c8be6bf3bf3ead2224903e08c,,,,,,,,,,,,,,,,,,,,"[""'<external>/bzip2' -c -1"",""'<external>/bzip2' -d -c '<work>/archive.bz2'""]",{}
mathzip-benchmark-results-v1,20260724T025637Z-8563453d,quick,silesia_quick_subset,datasets/data/silesia/xml,xml,Per-file upstream terms; see Silesia provenance,datasets/manifests/silesia.json,datasets/data/silesia/dataset.json,7b9daf7c42ff8dff9effce4fef13077fe99c06d23a7969f92fbeec67c7701f30,true,0e82e54e695c1938e4193448022543845b33020c8be6bf3bf3ead2224903e08c,5.518154617082,5345280,xz-fast,xz,fast,,1,ok,,3,3,560200,9.541735094609068,0.8951972581417624,89.51972581417624,0.8384219348659003,0.0,0.2869051089946879,0.06160451500181807,18.630828913189443,86.76766629592409,0.2855400000000827,0.060199999999895226,10846208.0,true,true,a789ac74792585c2c09977d8ce3fbc6ac3996f62aa48d7ea27b6340a317340ca,0e82e54e695c1938e4193448022543845b33020c8be6bf3bf3ead2224903e08c,,,,,,,,,,,,,,,,,,,,"[""'<external>/xz' -c --threads=1 -1 '<repo>/datasets/data/silesia/xml'"",""'<external>/xz' -d -c --threads=1 '<work>/archive.xz'""]",{}
mathzip-benchmark-results-v1,20260724T025637Z-8563453d,quick,silesia_quick_subset,datasets/data/silesia/xml,xml,Per-file upstream terms; see Silesia provenance,datasets/manifests/silesia.json,datasets/data/silesia/dataset.json,7b9daf7c42ff8dff9effce4fef13077fe99c06d23a7969f92fbeec67c7701f30,true,0e82e54e695c1938e4193448022543845b33020c8be6bf3bf3ead2224903e08c,5.518154617082,5345280,zstd-fast,zstd,fast,,1,ok,,3,3,697810,7.660079391238303,0.8694530501676245,86.94530501676245,1.0443755986590038,0.0,0.03180666400294285,0.01557381799648283,168.05534838565396,343.2221951744377,0.03817399999991267,0.019238000000086686,9531392.0,true,true,33bc62a5a7cb033df6c2a936a8cd90cf74808ca57bc682656b810475eb011ece,0e82e54e695c1938e4193448022543845b33020c8be6bf3bf3ead2224903e08c,,,,,,,,,,,,,,,,,,,,"[""'<external>/zstd' -q -d -c '<work>/archive.zst'"",""'<external>/zstd' -q -f -T1 -1 -c '<repo>/datasets/data/silesia/xml'""]",{}
mathzip-benchmark-results-v1,20260724T025637Z-8563453d,quick,silesia_quick_subset,datasets/data/silesia/xml,xml,Per-file upstream terms; see Silesia provenance,datasets/manifests/silesia.json,datasets/data/silesia/dataset.json,7b9daf7c42ff8dff9effce4fef13077fe99c06d23a7969f92fbeec67c7701f30,true,0e82e54e695c1938e4193448022543845b33020c8be6bf3bf3ead2224903e08c,5.518154617082,5345280,lz4-fast,lz4,fast,,1,ok,,3,3,1228106,4.352458175434368,0.7702447767001915,77.02447767001915,1.8380417863984675,0.0,0.026292909002222586,0.0230124590016203,203.297398532363,232.27765444899393,0.024228000000107386,0.02174499999989621,6721536.0,true,true,625db192a431f4ee5f4adec5597b9a7efe2dc17faeb9e40b58227a466cc1d14a,0e82e54e695c1938e4193448022543845b33020c8be6bf3bf3ead2224903e08c,,,,,,,,,,,,,,,,,,,,"[""'<tmp>/mathzip-toolpkgs.3lRj8c/extracted/usr/bin/lz4' -q -d -f '<work>/archive.lz4' '<work>/restored.bin'"",""'<tmp>/mathzip-toolpkgs.3lRj8c/extracted/usr/bin/lz4' -q -f -1 '<repo>/datasets/data/silesia/xml' '<work>/archive.lz4'""]",{}
mathzip-benchmark-results-v1,20260724T025637Z-8563453d,quick,silesia_quick_subset,datasets/data/silesia/xml,xml,Per-file upstream terms; see Silesia provenance,datasets/manifests/silesia.json,datasets/data/silesia/dataset.json,7b9daf7c42ff8dff9effce4fef13077fe99c06d23a7969f92fbeec67c7701f30,true,0e82e54e695c1938e4193448022543845b33020c8be6bf3bf3ead2224903e08c,5.518154617082,5345280,brotli-fast,brotli,fast,,1,ok,,3,3,581027,9.199710168374276,0.8913009234315135,89.13009234315135,0.8695926125478928,0.0,0.11722943800123176,0.02651480000349693,45.596738252245444,201.59608970443045,0.11578800000006595,0.025527000000124644,15597568.0,true,true,722babb1847922fc70281e2537e9418d79d2fa28a3c36299c6832c8d5c59dd17,0e82e54e695c1938e4193448022543845b33020c8be6bf3bf3ead2224903e08c,,,,,,,,,,,,,,,,,,,,"[""'<tmp>/mathzip-toolpkgs.3lRj8c/extracted/usr/bin/brotli' -f -d -o '<work>/restored.bin' '<work>/archive.br'"",""'<tmp>/mathzip-toolpkgs.3lRj8c/extracted/usr/bin/brotli' -f -q 4 -o '<work>/archive.br' '<repo>/datasets/data/silesia/xml'""]",{}
mathzip-benchmark-results-v1,20260724T025637Z-8563453d,quick,silesia_quick_subset,datasets/data/silesia/xml,xml,Per-file upstream terms; see Silesia provenance,datasets/manifests/silesia.json,datasets/data/silesia/dataset.json,7b9daf7c42ff8dff9effce4fef13077fe99c06d23a7969f92fbeec67c7701f30,true,0e82e54e695c1938e4193448022543845b33020c8be6bf3bf3ead2224903e08c,5.518154617082,5345280,7z-fast,7z,fast,,1,ok,,3,3,562427,9.503953401952609,0.8947806288912835,89.47806288912835,0.8417549688697318,0.0,0.18509945899859304,0.058247021996066906,28.8778801889455,91.76915517433555,0.1843420000000151,0.057540000000017244,11812864.0,true,true,1e77af5eb5464ef6d352d957560fd8a45091f7c1822288c19ab9d7df6f8ca34c,0e82e54e695c1938e4193448022543845b33020c8be6bf3bf3ead2224903e08c,,,,,,,,,,,,,,,,,,,,"[""'<tmp>/mathzip-toolpkgs.3lRj8c/extracted/usr/lib/7zip/7z' a -y -bd -bso0 -bsp0 -t7z -m0=lzma2 -mx=1 -mmt=1 '<work>/archive.7z' '<repo>/datasets/data/silesia/xml'"",""'<tmp>/mathzip-toolpkgs.3lRj8c/extracted/usr/lib/7zip/7z' e -so -bd -mmt=1 '<work>/archive.7z'""]",{}
