schema_version,run_id,profile,corpus,input_path,input_name,input_license,input_provenance,input_manifest,input_manifest_sha256,input_manifest_verified,input_sha256,input_entropy_bits_per_byte,original_bytes,codec,codec_family,codec_level,variant,threads,status,error,successful_repeats,requested_repeats,compressed_bytes,ratio,savings,savings_percent,bits_per_byte,expansion_percent,compression_seconds,decompression_seconds,compression_mbps,decompression_mbps,compression_cpu_seconds,decompression_cpu_seconds,peak_rss_bytes,roundtrip_verified,deterministic_archive,archive_sha256,restored_sha256,transform,segment_count,mean_segment_size,median_segment_size,model_distribution_json,residual_distribution_json,model_parameter_bytes,partition_metadata_bytes,residual_bytes,container_overhead_bytes,raw_model_percent,raw_fallback_percent,estimated_residual_entropy,actual_residual_coded_bytes,math_segments_winning_raw,math_segments_winning_zstd,search_seconds,model_fitting_seconds,residual_coding_seconds,command_lines_json,tags_json
mathzip-benchmark-results-v1,20260724T165449Z-4ef6e508,silesia,silesia,datasets/data/silesia/dickens,dickens,Per-file upstream terms; see Silesia provenance,datasets/manifests/silesia.json,datasets/data/silesia/dataset.json,7b9daf7c42ff8dff9effce4fef13077fe99c06d23a7969f92fbeec67c7701f30,true,b24c37886142e11d0ee687db6ab06f936207aa7f2ea1fd1d9a36763c7a507e6a,4.532332261326248,10192446,mathzip-fast,mathzip,fast,,1,ok,,3,3,8951797,1.138592173169253,0.12172240108017252,12.172240108017252,7.02622079135862,0.0,8.04702748201089,0.3277062749984907,1.2666100647456702,31.102382766539773,8.041748000000002,0.32326400000000177,73650176.0,true,true,7545edd53009fbd40b4c6cf36d12e70a79d743e72359f9efa6c2e47123b02e29,b24c37886142e11d0ee687db6ab06f936207aa7f2ea1fd1d9a36763c7a507e6a,"[{""type"":""identity""}]",623,16360.266452648475,16384.0,"{""raw"":623}","{""bit_pack"":618,""raw"":5}",0,22428,8929249,120,100.0,0.8037324897281771,4.532332261326248,8929249,0,0,0.775232556,0.112234264,7.197122994,"[""'<repo>/target/release/mathzip' compress --mode fast --max-input-bytes 8589934592 --no-sync --force '<repo>/datasets/data/silesia/dickens' '<work>/archive.mz'"",""'<repo>/target/release/mathzip' compress --mode fast --max-input-bytes 8589934592 --no-sync --force --metrics-output '<work>/metrics-probe.mz.metrics.json' '<repo>/datasets/data/silesia/dickens' '<work>/metrics-probe.mz'"",""'<repo>/target/release/mathzip' decompress --max-archive-bytes 17179869184 --max-output-bytes 8589934592 --max-segments 8388608 --no-sync --force '<work>/archive.mz' '<work>/restored.bin'""]",{}
mathzip-benchmark-results-v1,20260724T165449Z-4ef6e508,silesia,silesia,datasets/data/silesia/dickens,dickens,Per-file upstream terms; see Silesia provenance,datasets/manifests/silesia.json,datasets/data/silesia/dataset.json,7b9daf7c42ff8dff9effce4fef13077fe99c06d23a7969f92fbeec67c7701f30,true,b24c37886142e11d0ee687db6ab06f936207aa7f2ea1fd1d9a36763c7a507e6a,4.532332261326248,10192446,raw,raw,default,,1,ok,,3,3,10192446,1.0,0.0,0.0,8.0,0.0,0.010465108003700152,0.010314629005733877,973.9456101548358,988.1543964726259,0.010401158999999716,0.010321157999999997,,true,true,b24c37886142e11d0ee687db6ab06f936207aa7f2ea1fd1d9a36763c7a507e6a,b24c37886142e11d0ee687db6ab06f936207aa7f2ea1fd1d9a36763c7a507e6a,,,,,,,,,,,,,,,,,,,,"[""stdlib:shutil.copyfile""]",{}
mathzip-benchmark-results-v1,20260724T165449Z-4ef6e508,silesia,silesia,datasets/data/silesia/dickens,dickens,Per-file upstream terms; see Silesia provenance,datasets/manifests/silesia.json,datasets/data/silesia/dataset.json,7b9daf7c42ff8dff9effce4fef13077fe99c06d23a7969f92fbeec67c7701f30,true,b24c37886142e11d0ee687db6ab06f936207aa7f2ea1fd1d9a36763c7a507e6a,4.532332261326248,10192446,gzip-fast,gzip,fast,,1,ok,,3,3,4582034,2.2244370076695197,0.5504480475049855,55.04480475049856,3.5964156199601156,0.0,0.2417115680000279,0.12194969500706065,42.16780390088249,83.57910201751531,0.24055299999999846,0.12106299999999948,1974272.0,true,true,45239d5ec60732ece47095c983172e71c9cffc4f3764752648b990a833174ff0,b24c37886142e11d0ee687db6ab06f936207aa7f2ea1fd1d9a36763c7a507e6a,,,,,,,,,,,,,,,,,,,,"[""'<external>/gzip' -d -c '<work>/archive.gz'"",""'<external>/gzip' -n -c -1 '<repo>/datasets/data/silesia/dickens'""]",{}
mathzip-benchmark-results-v1,20260724T165449Z-4ef6e508,silesia,silesia,datasets/data/silesia/dickens,dickens,Per-file upstream terms; see Silesia provenance,datasets/manifests/silesia.json,datasets/data/silesia/dataset.json,7b9daf7c42ff8dff9effce4fef13077fe99c06d23a7969f92fbeec67c7701f30,true,b24c37886142e11d0ee687db6ab06f936207aa7f2ea1fd1d9a36763c7a507e6a,4.532332261326248,10192446,bzip2-fast,bzip2,fast,,1,ok,,3,3,3302765,3.0860342773403495,0.6759595292435201,67.595952924352,2.592323766051839,0.0,1.0973159350105561,0.5285309989994857,9.288524548676994,19.284480984643093,1.0959950000000163,0.5275150000000011,2453504.0,true,true,b7bff4adefbe1361f88837c9f13fe15045406bd6f90d48c291eb9ad686fd4a5f,b24c37886142e11d0ee687db6ab06f936207aa7f2ea1fd1d9a36763c7a507e6a,,,,,,,,,,,,,,,,,,,,"[""'<external>/bzip2' -c -1"",""'<external>/bzip2' -d -c '<work>/archive.bz2'""]",{}
mathzip-benchmark-results-v1,20260724T165449Z-4ef6e508,silesia,silesia,datasets/data/silesia/dickens,dickens,Per-file upstream terms; see Silesia provenance,datasets/manifests/silesia.json,datasets/data/silesia/dataset.json,7b9daf7c42ff8dff9effce4fef13077fe99c06d23a7969f92fbeec67c7701f30,true,b24c37886142e11d0ee687db6ab06f936207aa7f2ea1fd1d9a36763c7a507e6a,4.532332261326248,10192446,xz-fast,xz,fast,,1,ok,,3,3,3662084,2.7832365396315324,0.640706068003696,64.0706068003696,2.8743514559704315,0.0,1.6407930740097072,0.29313819800154306,6.21190213528394,34.77010525918,1.6390059999999806,0.28995600000000366,10854400.0,true,true,27970c05d43716b73ffdb6d2ffe5fbdb4c69884e54b1406aacf957e1abac1d5d,b24c37886142e11d0ee687db6ab06f936207aa7f2ea1fd1d9a36763c7a507e6a,,,,,,,,,,,,,,,,,,,,"[""'<external>/xz' -c --threads=1 -1 '<repo>/datasets/data/silesia/dickens'"",""'<external>/xz' -d -c --threads=1 '<work>/archive.xz'""]",{}
mathzip-benchmark-results-v1,20260724T165449Z-4ef6e508,silesia,silesia,datasets/data/silesia/dickens,dickens,Per-file upstream terms; see Silesia provenance,datasets/manifests/silesia.json,datasets/data/silesia/dataset.json,7b9daf7c42ff8dff9effce4fef13077fe99c06d23a7969f92fbeec67c7701f30,true,b24c37886142e11d0ee687db6ab06f936207aa7f2ea1fd1d9a36763c7a507e6a,4.532332261326248,10192446,zstd-fast,zstd,fast,,1,ok,,3,3,4262734,2.3910584146231035,0.5817751695716612,58.17751695716612,3.3457986434267104,0.0,0.09373156299989205,0.027108462993055582,108.74080911263306,375.9876021968127,0.11374200000000201,0.038523000000012075,14094336.0,true,true,870439a968e672dff9905b3256ecd2213a16bec81afe46cac561bd3d8e6caed5,b24c37886142e11d0ee687db6ab06f936207aa7f2ea1fd1d9a36763c7a507e6a,,,,,,,,,,,,,,,,,,,,"[""'<external>/zstd' -q -d -c '<work>/archive.zst'"",""'<external>/zstd' -q -f -T1 -1 -c '<repo>/datasets/data/silesia/dickens'""]",{}
mathzip-benchmark-results-v1,20260724T165449Z-4ef6e508,silesia,silesia,datasets/data/silesia/dickens,dickens,Per-file upstream terms; see Silesia provenance,datasets/manifests/silesia.json,datasets/data/silesia/dataset.json,7b9daf7c42ff8dff9effce4fef13077fe99c06d23a7969f92fbeec67c7701f30,true,b24c37886142e11d0ee687db6ab06f936207aa7f2ea1fd1d9a36763c7a507e6a,4.532332261326248,10192446,lz4-fast,lz4,fast,,1,ok,,3,3,6431133,1.584860086084365,0.3690294753585155,36.90294753585155,5.047764197131876,0.0,0.06575949299440254,0.03628126499825157,154.99581179659617,280.92862805338194,0.06482199999999239,0.03546700000001124,8630272.0,true,true,b0f9ada76d2d200f51222c6e17bd0918b475da04c87484b4195dc1f37ab90931,b24c37886142e11d0ee687db6ab06f936207aa7f2ea1fd1d9a36763c7a507e6a,,,,,,,,,,,,,,,,,,,,"[""'<tmp>/mathzip-baselines.1ujJRr/extracted/usr/bin/lz4' -q -d -f '<work>/archive.lz4' '<work>/restored.bin'"",""'<tmp>/mathzip-baselines.1ujJRr/extracted/usr/bin/lz4' -q -f -1 '<repo>/datasets/data/silesia/dickens' '<work>/archive.lz4'""]",{}
mathzip-benchmark-results-v1,20260724T165449Z-4ef6e508,silesia,silesia,datasets/data/silesia/dickens,dickens,Per-file upstream terms; see Silesia provenance,datasets/manifests/silesia.json,datasets/data/silesia/dataset.json,7b9daf7c42ff8dff9effce4fef13077fe99c06d23a7969f92fbeec67c7701f30,true,b24c37886142e11d0ee687db6ab06f936207aa7f2ea1fd1d9a36763c7a507e6a,4.532332261326248,10192446,brotli-fast,brotli,fast,,1,ok,,3,3,3438421,2.964280988279213,0.6626500645674257,66.26500645674257,2.6987994834605944,0.0,1.221235531003913,0.07292738198884763,8.346011675259179,139.761578189639,1.2154179999999997,0.07198099999999386,45461504.0,true,true,b1a8c29bdfd9bcf1b8c82ef686bfa49684fc533d9ec6c83917221de9b7338ae0,b24c37886142e11d0ee687db6ab06f936207aa7f2ea1fd1d9a36763c7a507e6a,,,,,,,,,,,,,,,,,,,,"[""'<tmp>/mathzip-baselines.1ujJRr/extracted/usr/bin/brotli' -f -d -o '<work>/restored.bin' '<work>/archive.br'"",""'<tmp>/mathzip-baselines.1ujJRr/extracted/usr/bin/brotli' -f -q 4 -o '<work>/archive.br' '<repo>/datasets/data/silesia/dickens'""]",{}
mathzip-benchmark-results-v1,20260724T165449Z-4ef6e508,silesia,silesia,datasets/data/silesia/dickens,dickens,Per-file upstream terms; see Silesia provenance,datasets/manifests/silesia.json,datasets/data/silesia/dataset.json,7b9daf7c42ff8dff9effce4fef13077fe99c06d23a7969f92fbeec67c7701f30,true,b24c37886142e11d0ee687db6ab06f936207aa7f2ea1fd1d9a36763c7a507e6a,4.532332261326248,10192446,7z-fast,7z,fast,,1,ok,,3,3,3508145,2.9053662263104862,0.6558093121121269,65.58093121121269,2.7535255031029844,0.0,1.1081734919862356,0.2450370459991973,9.197518325160045,41.59553082448353,1.1071740000000005,0.2409239999999926,11816960.0,true,true,4ab64dfbf0532388e32b7f710a2d9cd21a42a60ee07a1ad70989df366d331655,b24c37886142e11d0ee687db6ab06f936207aa7f2ea1fd1d9a36763c7a507e6a,,,,,,,,,,,,,,,,,,,,"[""'<tmp>/mathzip-baselines.1ujJRr/extracted/usr/lib/7zip/7z' a -y -bd -bso0 -bsp0 -t7z -m0=lzma2 -mx=1 -mmt=1 '<work>/archive.7z' '<repo>/datasets/data/silesia/dickens'"",""'<tmp>/mathzip-baselines.1ujJRr/extracted/usr/lib/7zip/7z' e -so -bd -mmt=1 '<work>/archive.7z'""]",{}
mathzip-benchmark-results-v1,20260724T165449Z-4ef6e508,silesia,silesia,datasets/data/silesia/mozilla,mozilla,Per-file upstream terms; see Silesia provenance,datasets/manifests/silesia.json,datasets/data/silesia/dataset.json,7b9daf7c42ff8dff9effce4fef13077fe99c06d23a7969f92fbeec67c7701f30,true,657fc3764b0c75ac9de9623125705831ebbfbe08fed248df73bc2dc66e2a963b,6.222428869049127,51220480,mathzip-fast,mathzip,fast,,1,ok,,3,3,45185547,1.1335589231662948,0.11782265609381248,11.782265609381248,7.0574187512495,0.0,28.679949202007265,1.0736589919979451,1.785933428236866,47.70646954177238,28.573791,1.0722989999999868,344719360.0,true,true,ee4a876bfb1943884f15db1c7ee52725b548e10585994ed33aad4b05cbcfc30f,657fc3764b0c75ac9de9623125705831ebbfbe08fed248df73bc2dc66e2a963b,"[{""type"":""identity""}]",3127,16380.070354972817,16384.0,"{""constant"":4,""periodic"":144,""raw"":2728,""recurrence"":251}","{""bit_pack"":185,""raw"":1516,""sparse"":42,""zero_run"":1384}",2719,112572,45070136,120,87.23710515793682,48.49260295881648,6.321875020062975,45070136,399,0,4.227674941,0.596633717,23.598274152,"[""'<repo>/target/release/mathzip' compress --mode fast --max-input-bytes 8589934592 --no-sync --force '<repo>/datasets/data/silesia/mozilla' '<work>/archive.mz'"",""'<repo>/target/release/mathzip' compress --mode fast --max-input-bytes 8589934592 --no-sync --force --metrics-output '<work>/metrics-probe.mz.metrics.json' '<repo>/datasets/data/silesia/mozilla' '<work>/metrics-probe.mz'"",""'<repo>/target/release/mathzip' decompress --max-archive-bytes 17179869184 --max-output-bytes 8589934592 --max-segments 8388608 --no-sync --force '<work>/archive.mz' '<work>/restored.bin'""]",{}
mathzip-benchmark-results-v1,20260724T165449Z-4ef6e508,silesia,silesia,datasets/data/silesia/mozilla,mozilla,Per-file upstream terms; see Silesia provenance,datasets/manifests/silesia.json,datasets/data/silesia/dataset.json,7b9daf7c42ff8dff9effce4fef13077fe99c06d23a7969f92fbeec67c7701f30,true,657fc3764b0c75ac9de9623125705831ebbfbe08fed248df73bc2dc66e2a963b,6.222428869049127,51220480,raw,raw,default,,1,ok,,3,3,51220480,1.0,0.0,0.0,8.0,0.0,0.0532583309977781,0.05435744399437681,961.7364840467284,942.2900753997683,0.052419275000001875,0.05358696200000068,,true,true,657fc3764b0c75ac9de9623125705831ebbfbe08fed248df73bc2dc66e2a963b,657fc3764b0c75ac9de9623125705831ebbfbe08fed248df73bc2dc66e2a963b,,,,,,,,,,,,,,,,,,,,"[""stdlib:shutil.copyfile""]",{}
mathzip-benchmark-results-v1,20260724T165449Z-4ef6e508,silesia,silesia,datasets/data/silesia/mozilla,mozilla,Per-file upstream terms; see Silesia provenance,datasets/manifests/silesia.json,datasets/data/silesia/dataset.json,7b9daf7c42ff8dff9effce4fef13077fe99c06d23a7969f92fbeec67c7701f30,true,657fc3764b0c75ac9de9623125705831ebbfbe08fed248df73bc2dc66e2a963b,6.222428869049127,51220480,gzip-fast,gzip,fast,,1,ok,,3,3,20686601,2.476022039580113,0.5961263736692823,59.61263736692823,3.2309890106457417,0.0,1.1575074040010804,0.540695792005863,44.250671592207105,94.73067990779664,1.1472309999999766,0.539115000000038,1966080.0,true,true,1867dcf54a0c1d66d1e8ef2c5909215a0b6a928f7cc79369a2371ed17b2249c7,657fc3764b0c75ac9de9623125705831ebbfbe08fed248df73bc2dc66e2a963b,,,,,,,,,,,,,,,,,,,,"[""'<external>/gzip' -d -c '<work>/archive.gz'"",""'<external>/gzip' -n -c -1 '<repo>/datasets/data/silesia/mozilla'""]",{}
mathzip-benchmark-results-v1,20260724T165449Z-4ef6e508,silesia,silesia,datasets/data/silesia/mozilla,mozilla,Per-file upstream terms; see Silesia provenance,datasets/manifests/silesia.json,datasets/data/silesia/dataset.json,7b9daf7c42ff8dff9effce4fef13077fe99c06d23a7969f92fbeec67c7701f30,true,657fc3764b0c75ac9de9623125705831ebbfbe08fed248df73bc2dc66e2a963b,6.222428869049127,51220480,bzip2-fast,bzip2,fast,,1,ok,,3,3,18670806,2.7433459487501506,0.6354816276614355,63.54816276614355,2.916146978708517,0.0,5.456957118003629,2.373850730000413,9.386271303289714,21.576959053356774,5.404198999999949,2.3426339999999755,2555904.0,true,true,8c60bb5fcbdf0d40e6d151bad26d484ed61a2979890ba83bb1716a6973595f12,657fc3764b0c75ac9de9623125705831ebbfbe08fed248df73bc2dc66e2a963b,,,,,,,,,,,,,,,,,,,,"[""'<external>/bzip2' -c -1"",""'<external>/bzip2' -d -c '<work>/archive.bz2'""]",{}
mathzip-benchmark-results-v1,20260724T165449Z-4ef6e508,silesia,silesia,datasets/data/silesia/mozilla,mozilla,Per-file upstream terms; see Silesia provenance,datasets/manifests/silesia.json,datasets/data/silesia/dataset.json,7b9daf7c42ff8dff9effce4fef13077fe99c06d23a7969f92fbeec67c7701f30,true,657fc3764b0c75ac9de9623125705831ebbfbe08fed248df73bc2dc66e2a963b,6.222428869049127,51220480,xz-fast,xz,fast,,1,ok,,3,3,15109144,3.390031890621997,0.7050175242403038,70.50175242403039,2.359859806077569,0.0,6.486187646994949,1.4767287949944148,7.896854483346693,34.68509598622253,6.482980999999995,1.4752069999999549,10850304.0,true,true,05eb6cf654fd0b0a62a2e33ad60f4628c2861f3292b3c8556968e0b754cd5786,657fc3764b0c75ac9de9623125705831ebbfbe08fed248df73bc2dc66e2a963b,,,,,,,,,,,,,,,,,,,,"[""'<external>/xz' -c --threads=1 -1 '<repo>/datasets/data/silesia/mozilla'"",""'<external>/xz' -d -c --threads=1 '<work>/archive.xz'""]",{}
mathzip-benchmark-results-v1,20260724T165449Z-4ef6e508,silesia,silesia,datasets/data/silesia/mozilla,mozilla,Per-file upstream terms; see Silesia provenance,datasets/manifests/silesia.json,datasets/data/silesia/dataset.json,7b9daf7c42ff8dff9effce4fef13077fe99c06d23a7969f92fbeec67c7701f30,true,657fc3764b0c75ac9de9623125705831ebbfbe08fed248df73bc2dc66e2a963b,6.222428869049127,51220480,zstd-fast,zstd,fast,,1,ok,,3,3,20119027,2.5458726209771476,0.6072073709578669,60.72073709578669,3.142341032337065,0.0,0.29738151001220103,0.11189513599674683,172.23828071186577,457.75430311366847,0.3631730000000175,0.17964799999998604,16064512.0,true,true,3ff5e793c17049302af37d189bd139559a513c444f96777e28c313d3bdf8a8db,657fc3764b0c75ac9de9623125705831ebbfbe08fed248df73bc2dc66e2a963b,,,,,,,,,,,,,,,,,,,,"[""'<external>/zstd' -q -d -c '<work>/archive.zst'"",""'<external>/zstd' -q -f -T1 -1 -c '<repo>/datasets/data/silesia/mozilla'""]",{}
mathzip-benchmark-results-v1,20260724T165449Z-4ef6e508,silesia,silesia,datasets/data/silesia/mozilla,mozilla,Per-file upstream terms; see Silesia provenance,datasets/manifests/silesia.json,datasets/data/silesia/dataset.json,7b9daf7c42ff8dff9effce4fef13077fe99c06d23a7969f92fbeec67c7701f30,true,657fc3764b0c75ac9de9623125705831ebbfbe08fed248df73bc2dc66e2a963b,6.222428869049127,51220480,lz4-fast,lz4,fast,,1,ok,,3,3,26441791,1.9371032771569823,0.48376526342587967,48.376526342587965,4.129877892592963,0.0,0.1995437830046285,0.13552713200624567,256.687926973961,377.93524618848676,0.19851099999999633,0.13232599999997774,9433088.0,true,true,6cd3a409c9eda52e53f14bb7f0258b5555e38197cc1143a98bff9780d1e1d20f,657fc3764b0c75ac9de9623125705831ebbfbe08fed248df73bc2dc66e2a963b,,,,,,,,,,,,,,,,,,,,"[""'<tmp>/mathzip-baselines.1ujJRr/extracted/usr/bin/lz4' -q -d -f '<work>/archive.lz4' '<work>/restored.bin'"",""'<tmp>/mathzip-baselines.1ujJRr/extracted/usr/bin/lz4' -q -f -1 '<repo>/datasets/data/silesia/mozilla' '<work>/archive.lz4'""]",{}
mathzip-benchmark-results-v1,20260724T165449Z-4ef6e508,silesia,silesia,datasets/data/silesia/mozilla,mozilla,Per-file upstream terms; see Silesia provenance,datasets/manifests/silesia.json,datasets/data/silesia/dataset.json,7b9daf7c42ff8dff9effce4fef13077fe99c06d23a7969f92fbeec67c7701f30,true,657fc3764b0c75ac9de9623125705831ebbfbe08fed248df73bc2dc66e2a963b,6.222428869049127,51220480,brotli-fast,brotli,fast,,1,ok,,3,3,18039758,2.8393108155885463,0.6478018558201719,64.7801855820172,2.8175851534386247,0.0,2.4915653329953784,0.3227301339939004,20.557550436946542,158.70993937296254,2.4891770000000406,0.320604000000003,76263424.0,true,true,5ef37e5822699152e341c756ee42303e42efe9f22ad1e9104a57a7d42657ef3e,657fc3764b0c75ac9de9623125705831ebbfbe08fed248df73bc2dc66e2a963b,,,,,,,,,,,,,,,,,,,,"[""'<tmp>/mathzip-baselines.1ujJRr/extracted/usr/bin/brotli' -f -d -o '<work>/restored.bin' '<work>/archive.br'"",""'<tmp>/mathzip-baselines.1ujJRr/extracted/usr/bin/brotli' -f -q 4 -o '<work>/archive.br' '<repo>/datasets/data/silesia/mozilla'""]",{}
mathzip-benchmark-results-v1,20260724T165449Z-4ef6e508,silesia,silesia,datasets/data/silesia/mozilla,mozilla,Per-file upstream terms; see Silesia provenance,datasets/manifests/silesia.json,datasets/data/silesia/dataset.json,7b9daf7c42ff8dff9effce4fef13077fe99c06d23a7969f92fbeec67c7701f30,true,657fc3764b0c75ac9de9623125705831ebbfbe08fed248df73bc2dc66e2a963b,6.222428869049127,51220480,7z-fast,7z,fast,,1,ok,,3,3,15380917,3.330131747021325,0.6997115802116654,69.97115802116653,2.402307358306677,0.0,3.6930096590076573,1.2745555440051248,13.869576505186659,40.18693437168404,3.646194000000037,1.2698200000000384,11808768.0,true,true,8972887f511fee24a4afe2f27e4f0efbe73eace6ac33203998dbff3b73bce352,657fc3764b0c75ac9de9623125705831ebbfbe08fed248df73bc2dc66e2a963b,,,,,,,,,,,,,,,,,,,,"[""'<tmp>/mathzip-baselines.1ujJRr/extracted/usr/lib/7zip/7z' a -y -bd -bso0 -bsp0 -t7z -m0=lzma2 -mx=1 -mmt=1 '<work>/archive.7z' '<repo>/datasets/data/silesia/mozilla'"",""'<tmp>/mathzip-baselines.1ujJRr/extracted/usr/lib/7zip/7z' e -so -bd -mmt=1 '<work>/archive.7z'""]",{}
mathzip-benchmark-results-v1,20260724T165449Z-4ef6e508,silesia,silesia,datasets/data/silesia/mr,mr,Per-file upstream terms; see Silesia provenance,datasets/manifests/silesia.json,datasets/data/silesia/dataset.json,7b9daf7c42ff8dff9effce4fef13077fe99c06d23a7969f92fbeec67c7701f30,true,68637ed52e3e4860174ed2dc0840ac77d5f1a60abbcb13770d5754e3774d53e6,3.6842814884513517,9970564,mathzip-fast,mathzip,fast,,1,ok,,3,3,6866866,1.4519817337341372,0.3112861017691677,31.128610176916773,5.509711185846658,0.0,5.352025318003143,0.22663355500844773,1.8629515758195343,43.994209064180055,5.289732999999956,0.22584500000004937,64835584.0,true,true,7b4dcfce0137baaf17f68e5278f088c61975b04aac1812bf14109a84b435f835,68637ed52e3e4860174ed2dc0840ac77d5f1a60abbcb13770d5754e3774d53e6,"[{""type"":""xor""}]",609,16372.026272577998,16384.0,"{""raw"":411,""recurrence"":198}","{""bit_pack"":91,""rle"":273,""zero_run"":245}",990,21924,6843832,120,67.46390675592674,0.0,5.4180906122757655,6843832,198,0,0.679099911,0.137673936,4.519015024,"[""'<repo>/target/release/mathzip' compress --mode fast --max-input-bytes 8589934592 --no-sync --force '<repo>/datasets/data/silesia/mr' '<work>/archive.mz'"",""'<repo>/target/release/mathzip' compress --mode fast --max-input-bytes 8589934592 --no-sync --force --metrics-output '<work>/metrics-probe.mz.metrics.json' '<repo>/datasets/data/silesia/mr' '<work>/metrics-probe.mz'"",""'<repo>/target/release/mathzip' decompress --max-archive-bytes 17179869184 --max-output-bytes 8589934592 --max-segments 8388608 --no-sync --force '<work>/archive.mz' '<work>/restored.bin'""]",{}
mathzip-benchmark-results-v1,20260724T165449Z-4ef6e508,silesia,silesia,datasets/data/silesia/mr,mr,Per-file upstream terms; see Silesia provenance,datasets/manifests/silesia.json,datasets/data/silesia/dataset.json,7b9daf7c42ff8dff9effce4fef13077fe99c06d23a7969f92fbeec67c7701f30,true,68637ed52e3e4860174ed2dc0840ac77d5f1a60abbcb13770d5754e3774d53e6,3.6842814884513517,9970564,raw,raw,default,,1,ok,,3,3,9970564,1.0,0.0,0.0,8.0,0.0,0.009340014003100805,0.009435579995624721,1067.5106050900843,1056.6985818172652,0.009346867000004977,0.00944025999999809,,true,true,68637ed52e3e4860174ed2dc0840ac77d5f1a60abbcb13770d5754e3774d53e6,68637ed52e3e4860174ed2dc0840ac77d5f1a60abbcb13770d5754e3774d53e6,,,,,,,,,,,,,,,,,,,,"[""stdlib:shutil.copyfile""]",{}
mathzip-benchmark-results-v1,20260724T165449Z-4ef6e508,silesia,silesia,datasets/data/silesia/mr,mr,Per-file upstream terms; see Silesia provenance,datasets/manifests/silesia.json,datasets/data/silesia/dataset.json,7b9daf7c42ff8dff9effce4fef13077fe99c06d23a7969f92fbeec67c7701f30,true,68637ed52e3e4860174ed2dc0840ac77d5f1a60abbcb13770d5754e3774d53e6,3.6842814884513517,9970564,gzip-fast,gzip,fast,,1,ok,,3,3,3846502,2.592112002021577,0.6142142009218334,61.42142009218334,3.086286392625332,0.0,0.19682626500434708,0.11041682599170599,50.65667429994564,90.29931725033414,0.19470799999999144,0.10813600000000179,1974272.0,true,true,8ba7eade1641a0e72a10809632ac8ebd759a21a1cb50661470ef260f4ccd0672,68637ed52e3e4860174ed2dc0840ac77d5f1a60abbcb13770d5754e3774d53e6,,,,,,,,,,,,,,,,,,,,"[""'<external>/gzip' -d -c '<work>/archive.gz'"",""'<external>/gzip' -n -c -1 '<repo>/datasets/data/silesia/mr'""]",{}
mathzip-benchmark-results-v1,20260724T165449Z-4ef6e508,silesia,silesia,datasets/data/silesia/mr,mr,Per-file upstream terms; see Silesia provenance,datasets/manifests/silesia.json,datasets/data/silesia/dataset.json,7b9daf7c42ff8dff9effce4fef13077fe99c06d23a7969f92fbeec67c7701f30,true,68637ed52e3e4860174ed2dc0840ac77d5f1a60abbcb13770d5754e3774d53e6,3.6842814884513517,9970564,bzip2-fast,bzip2,fast,,1,ok,,3,3,2575307,3.8716021041374873,0.7417089945964943,74.17089945964943,2.066328043228046,0.0,0.7953210330015281,0.3692231519962661,12.536527498048505,27.004167929590803,0.7852359999999976,0.36453199999999697,2457600.0,true,true,94f515d34ab2585ff7354114513bd58e89a6f868563c3c22a94317ac26145b12,68637ed52e3e4860174ed2dc0840ac77d5f1a60abbcb13770d5754e3774d53e6,,,,,,,,,,,,,,,,,,,,"[""'<external>/bzip2' -c -1"",""'<external>/bzip2' -d -c '<work>/archive.bz2'""]",{}
mathzip-benchmark-results-v1,20260724T165449Z-4ef6e508,silesia,silesia,datasets/data/silesia/mr,mr,Per-file upstream terms; see Silesia provenance,datasets/manifests/silesia.json,datasets/data/silesia/dataset.json,7b9daf7c42ff8dff9effce4fef13077fe99c06d23a7969f92fbeec67c7701f30,true,68637ed52e3e4860174ed2dc0840ac77d5f1a60abbcb13770d5754e3774d53e6,3.6842814884513517,9970564,xz-fast,xz,fast,,1,ok,,3,3,3085820,3.2310906015256884,0.6905069763355414,69.05069763355414,2.4759441893156695,0.0,1.3200482510001166,0.28639610800019,7.553181478363339,34.8138948871239,1.3162130000000047,0.28363500000000386,10850304.0,true,true,7eb7187349325346658bd36abc3cc45123e60359b3278eb61744e1ed445a9dc4,68637ed52e3e4860174ed2dc0840ac77d5f1a60abbcb13770d5754e3774d53e6,,,,,,,,,,,,,,,,,,,,"[""'<external>/xz' -c --threads=1 -1 '<repo>/datasets/data/silesia/mr'"",""'<external>/xz' -d -c --threads=1 '<work>/archive.xz'""]",{}
mathzip-benchmark-results-v1,20260724T165449Z-4ef6e508,silesia,silesia,datasets/data/silesia/mr,mr,Per-file upstream terms; see Silesia provenance,datasets/manifests/silesia.json,datasets/data/silesia/dataset.json,7b9daf7c42ff8dff9effce4fef13077fe99c06d23a7969f92fbeec67c7701f30,true,68637ed52e3e4860174ed2dc0840ac77d5f1a60abbcb13770d5754e3774d53e6,3.6842814884513517,9970564,zstd-fast,zstd,fast,,1,ok,,3,3,3822027,2.608711032130333,0.6166689266524943,61.66689266524943,3.0666485867800457,0.0,0.07518912600062322,0.025751780995051377,132.6064622684583,387.1795897113293,0.09523000000001502,0.03835299999991548,14102528.0,true,true,36bb18ff4fe7257b3225935bbc4d31ff73e495bbaf85c9e7b6dbfeaa8ee69baa,68637ed52e3e4860174ed2dc0840ac77d5f1a60abbcb13770d5754e3774d53e6,,,,,,,,,,,,,,,,,,,,"[""'<external>/zstd' -q -d -c '<work>/archive.zst'"",""'<external>/zstd' -q -f -T1 -1 -c '<repo>/datasets/data/silesia/mr'""]",{}
mathzip-benchmark-results-v1,20260724T165449Z-4ef6e508,silesia,silesia,datasets/data/silesia/mr,mr,Per-file upstream terms; see Silesia provenance,datasets/manifests/silesia.json,datasets/data/silesia/dataset.json,7b9daf7c42ff8dff9effce4fef13077fe99c06d23a7969f92fbeec67c7701f30,true,68637ed52e3e4860174ed2dc0840ac77d5f1a60abbcb13770d5754e3774d53e6,3.6842814884513517,9970564,lz4-fast,lz4,fast,,1,ok,,3,3,5442522,1.8319749557282452,0.4541410094754921,45.41410094754921,4.366871924196063,0.0,0.0507967259909492,0.04141726599482354,196.28359516273792,240.73448018626223,0.04862800000000789,0.04055599999998094,8323072.0,true,true,ad3ee9283c3040c5647197fbc97fc3f59db3de42f9263e44f5e22244936d733d,68637ed52e3e4860174ed2dc0840ac77d5f1a60abbcb13770d5754e3774d53e6,,,,,,,,,,,,,,,,,,,,"[""'<tmp>/mathzip-baselines.1ujJRr/extracted/usr/bin/lz4' -q -d -f '<work>/archive.lz4' '<work>/restored.bin'"",""'<tmp>/mathzip-baselines.1ujJRr/extracted/usr/bin/lz4' -q -f -1 '<repo>/datasets/data/silesia/mr' '<work>/archive.lz4'""]",{}
mathzip-benchmark-results-v1,20260724T165449Z-4ef6e508,silesia,silesia,datasets/data/silesia/mr,mr,Per-file upstream terms; see Silesia provenance,datasets/manifests/silesia.json,datasets/data/silesia/dataset.json,7b9daf7c42ff8dff9effce4fef13077fe99c06d23a7969f92fbeec67c7701f30,true,68637ed52e3e4860174ed2dc0840ac77d5f1a60abbcb13770d5754e3774d53e6,3.6842814884513517,9970564,brotli-fast,brotli,fast,,1,ok,,3,3,3376430,2.95298999238841,0.6613601798253339,66.13601798253339,2.709118561397329,0.0,0.7791729159944225,0.07556807600485627,12.796343141977706,131.94148279439133,0.7772510000000352,0.07457100000004857,35823616.0,true,true,680ddbb1367ca199c455c877a7387597a2c9fe81b6698fda9f3399e0667d7b41,68637ed52e3e4860174ed2dc0840ac77d5f1a60abbcb13770d5754e3774d53e6,,,,,,,,,,,,,,,,,,,,"[""'<tmp>/mathzip-baselines.1ujJRr/extracted/usr/bin/brotli' -f -d -o '<work>/restored.bin' '<work>/archive.br'"",""'<tmp>/mathzip-baselines.1ujJRr/extracted/usr/bin/brotli' -f -q 4 -o '<work>/archive.br' '<repo>/datasets/data/silesia/mr'""]",{}
mathzip-benchmark-results-v1,20260724T165449Z-4ef6e508,silesia,silesia,datasets/data/silesia/mr,mr,Per-file upstream terms; see Silesia provenance,datasets/manifests/silesia.json,datasets/data/silesia/dataset.json,7b9daf7c42ff8dff9effce4fef13077fe99c06d23a7969f92fbeec67c7701f30,true,68637ed52e3e4860174ed2dc0840ac77d5f1a60abbcb13770d5754e3774d53e6,3.6842814884513517,9970564,7z-fast,7z,fast,,1,ok,,3,3,3109025,3.206974533816872,0.6881796255457565,68.81796255457566,2.494562995633948,0.0,0.8370832880027592,0.2384930690022884,11.911077598728902,41.80651472057802,0.834619000000032,0.23741699999999355,11808768.0,true,true,9bed23e8232edf29546e48e72d90bbfdcb88f01578b5809ffa82ffb81cec6ede,68637ed52e3e4860174ed2dc0840ac77d5f1a60abbcb13770d5754e3774d53e6,,,,,,,,,,,,,,,,,,,,"[""'<tmp>/mathzip-baselines.1ujJRr/extracted/usr/lib/7zip/7z' a -y -bd -bso0 -bsp0 -t7z -m0=lzma2 -mx=1 -mmt=1 '<work>/archive.7z' '<repo>/datasets/data/silesia/mr'"",""'<tmp>/mathzip-baselines.1ujJRr/extracted/usr/lib/7zip/7z' e -so -bd -mmt=1 '<work>/archive.7z'""]",{}
mathzip-benchmark-results-v1,20260724T165449Z-4ef6e508,silesia,silesia,datasets/data/silesia/nci,nci,Per-file upstream terms; see Silesia provenance,datasets/manifests/silesia.json,datasets/data/silesia/dataset.json,7b9daf7c42ff8dff9effce4fef13077fe99c06d23a7969f92fbeec67c7701f30,true,fc63a31770947b8c2062d3b19ca94c00485a232bb91b502021948fee983e1635,2.4292555992818246,33553445,mathzip-fast,mathzip,fast,,1,ok,,3,3,29434021,1.13995451046257,0.1227720134251491,12.27720134251491,7.017823892598807,0.0,21.481236623993027,1.051310688999365,1.5619885199031405,31.91582217425763,21.427697999999964,1.0488900000000285,251187200.0,true,true,bb24fcbed38f9878cd713d2be8c8606918da2815b79e5445335983acc15c0b19,fc63a31770947b8c2062d3b19ca94c00485a232bb91b502021948fee983e1635,"[{""type"":""identity""}]",2048,16383.51806640625,16384.0,"{""raw"":2047,""recurrence"":1}","{""bit_pack"":2047,""rle"":1}",5,73728,29360168,120,99.95117043868372,0.0,2.435374640672302,29360168,1,0,2.575671863,0.401731333,18.327268148,"[""'<repo>/target/release/mathzip' compress --mode fast --max-input-bytes 8589934592 --no-sync --force '<repo>/datasets/data/silesia/nci' '<work>/archive.mz'"",""'<repo>/target/release/mathzip' compress --mode fast --max-input-bytes 8589934592 --no-sync --force --metrics-output '<work>/metrics-probe.mz.metrics.json' '<repo>/datasets/data/silesia/nci' '<work>/metrics-probe.mz'"",""'<repo>/target/release/mathzip' decompress --max-archive-bytes 17179869184 --max-output-bytes 8589934592 --max-segments 8388608 --no-sync --force '<work>/archive.mz' '<work>/restored.bin'""]",{}
mathzip-benchmark-results-v1,20260724T165449Z-4ef6e508,silesia,silesia,datasets/data/silesia/nci,nci,Per-file upstream terms; see Silesia provenance,datasets/manifests/silesia.json,datasets/data/silesia/dataset.json,7b9daf7c42ff8dff9effce4fef13077fe99c06d23a7969f92fbeec67c7701f30,true,fc63a31770947b8c2062d3b19ca94c00485a232bb91b502021948fee983e1635,2.4292555992818246,33553445,raw,raw,default,,1,ok,,3,3,33553445,1.0,0.0,0.0,8.0,0.0,0.0319894989952445,0.03226669300056528,1048.8893560036058,1039.8786451221442,0.031980351999997936,0.032273646999996686,,true,true,fc63a31770947b8c2062d3b19ca94c00485a232bb91b502021948fee983e1635,fc63a31770947b8c2062d3b19ca94c00485a232bb91b502021948fee983e1635,,,,,,,,,,,,,,,,,,,,"[""stdlib:shutil.copyfile""]",{}
mathzip-benchmark-results-v1,20260724T165449Z-4ef6e508,silesia,silesia,datasets/data/silesia/nci,nci,Per-file upstream terms; see Silesia provenance,datasets/manifests/silesia.json,datasets/data/silesia/dataset.json,7b9daf7c42ff8dff9effce4fef13077fe99c06d23a7969f92fbeec67c7701f30,true,fc63a31770947b8c2062d3b19ca94c00485a232bb91b502021948fee983e1635,2.4292555992818246,33553445,gzip-fast,gzip,fast,,1,ok,,3,3,4623393,7.25732054359212,0.8622080981550478,86.22080981550478,1.102335214759617,0.0,0.32600737700704485,0.2253156099905027,102.92234889910154,148.91753394899854,0.32415000000003147,0.22424699999987752,1974272.0,true,true,ef4b69d3c1d5247b341839521d91ef24f2723dd2d21cdb73a18b84eb52d590b8,fc63a31770947b8c2062d3b19ca94c00485a232bb91b502021948fee983e1635,,,,,,,,,,,,,,,,,,,,"[""'<external>/gzip' -d -c '<work>/archive.gz'"",""'<external>/gzip' -n -c -1 '<repo>/datasets/data/silesia/nci'""]",{}
mathzip-benchmark-results-v1,20260724T165449Z-4ef6e508,silesia,silesia,datasets/data/silesia/nci,nci,Per-file upstream terms; see Silesia provenance,datasets/manifests/silesia.json,datasets/data/silesia/dataset.json,7b9daf7c42ff8dff9effce4fef13077fe99c06d23a7969f92fbeec67c7701f30,true,fc63a31770947b8c2062d3b19ca94c00485a232bb91b502021948fee983e1635,2.4292555992818246,33553445,bzip2-fast,bzip2,fast,,1,ok,,3,3,2358098,14.229029073431214,0.9297211359370103,92.97211359370104,0.5622309125039172,0.0,4.126783824001905,1.0196084190101828,8.130652447760617,32.908167855825546,4.123136000000045,1.0173589999999422,2453504.0,true,true,44ce9b916613a6fe93b148f3dfaf614f1882ddcde3910379d7f35dc79083e325,fc63a31770947b8c2062d3b19ca94c00485a232bb91b502021948fee983e1635,,,,,,,,,,,,,,,,,,,,"[""'<external>/bzip2' -c -1"",""'<external>/bzip2' -d -c '<work>/archive.bz2'""]",{}
mathzip-benchmark-results-v1,20260724T165449Z-4ef6e508,silesia,silesia,datasets/data/silesia/nci,nci,Per-file upstream terms; see Silesia provenance,datasets/manifests/silesia.json,datasets/data/silesia/dataset.json,7b9daf7c42ff8dff9effce4fef13077fe99c06d23a7969f92fbeec67c7701f30,true,fc63a31770947b8c2062d3b19ca94c00485a232bb91b502021948fee983e1635,2.4292555992818246,33553445,xz-fast,xz,fast,,1,ok,,3,3,2355892,14.242352790365603,0.9297868817941048,92.97868817941048,0.5617049456471608,0.0,1.2771583989961073,0.26540904700232204,26.27195266176398,126.42163249132366,1.2740409999998974,0.2635899999999083,10846208.0,true,true,7c80e198de8825bdb380bc7581e6ff05fbae711f3efaaeaf46de5187e7093e9b,fc63a31770947b8c2062d3b19ca94c00485a232bb91b502021948fee983e1635,,,,,,,,,,,,,,,,,,,,"[""'<external>/xz' -c --threads=1 -1 '<repo>/datasets/data/silesia/nci'"",""'<external>/xz' -d -c --threads=1 '<work>/archive.xz'""]",{}
mathzip-benchmark-results-v1,20260724T165449Z-4ef6e508,silesia,silesia,datasets/data/silesia/nci,nci,Per-file upstream terms; see Silesia provenance,datasets/manifests/silesia.json,datasets/data/silesia/dataset.json,7b9daf7c42ff8dff9effce4fef13077fe99c06d23a7969f92fbeec67c7701f30,true,fc63a31770947b8c2062d3b19ca94c00485a232bb91b502021948fee983e1635,2.4292555992818246,33553445,zstd-fast,zstd,fast,,1,ok,,3,3,2853911,11.757004685850399,0.914944322408623,91.4944322408623,0.6804454207310159,0.0,0.11007536300166976,0.05368837600690313,304.82247875476935,624.9666593693536,0.13609900000005837,0.0819930000000113,12402688.0,true,true,8d3ec6a641be1f4da01522e1c54ab5df3dad27ef8decfd42f3bd9c3cdf3d7041,fc63a31770947b8c2062d3b19ca94c00485a232bb91b502021948fee983e1635,,,,,,,,,,,,,,,,,,,,"[""'<external>/zstd' -q -d -c '<work>/archive.zst'"",""'<external>/zstd' -q -f -T1 -1 -c '<repo>/datasets/data/silesia/nci'""]",{}
mathzip-benchmark-results-v1,20260724T165449Z-4ef6e508,silesia,silesia,datasets/data/silesia/nci,nci,Per-file upstream terms; see Silesia provenance,datasets/manifests/silesia.json,datasets/data/silesia/dataset.json,7b9daf7c42ff8dff9effce4fef13077fe99c06d23a7969f92fbeec67c7701f30,true,fc63a31770947b8c2062d3b19ca94c00485a232bb91b502021948fee983e1635,2.4292555992818246,33553445,lz4-fast,lz4,fast,,1,ok,,3,3,5539348,6.057291399637647,0.8349097089732515,83.49097089732514,1.3207223282139882,0.0,0.09432555000239518,0.07490019900433253,355.7195796806697,447.9753785174741,0.09331100000008519,0.07364799999993465,6737920.0,true,true,2f035638f18352ec1f70145039d6a27cf36ff0916cffb39a3514992d5147f9bc,fc63a31770947b8c2062d3b19ca94c00485a232bb91b502021948fee983e1635,,,,,,,,,,,,,,,,,,,,"[""'<tmp>/mathzip-baselines.1ujJRr/extracted/usr/bin/lz4' -q -d -f '<work>/archive.lz4' '<work>/restored.bin'"",""'<tmp>/mathzip-baselines.1ujJRr/extracted/usr/bin/lz4' -q -f -1 '<repo>/datasets/data/silesia/nci' '<work>/archive.lz4'""]",{}
mathzip-benchmark-results-v1,20260724T165449Z-4ef6e508,silesia,silesia,datasets/data/silesia/nci,nci,Per-file upstream terms; see Silesia provenance,datasets/manifests/silesia.json,datasets/data/silesia/dataset.json,7b9daf7c42ff8dff9effce4fef13077fe99c06d23a7969f92fbeec67c7701f30,true,fc63a31770947b8c2062d3b19ca94c00485a232bb91b502021948fee983e1635,2.4292555992818246,33553445,brotli-fast,brotli,fast,,1,ok,,3,3,2615981,12.826333601046796,0.9220353975575384,92.20353975575384,0.6237168195396926,0.0,0.6016485059953993,0.10481193799932953,55.76918194866519,320.12999320950104,0.6004110000000082,0.10107300000004216,49823744.0,true,true,d1ea92a362c626238595b04a3a730d8b7ea659de9654a019cd3f0162e79b2a77,fc63a31770947b8c2062d3b19ca94c00485a232bb91b502021948fee983e1635,,,,,,,,,,,,,,,,,,,,"[""'<tmp>/mathzip-baselines.1ujJRr/extracted/usr/bin/brotli' -f -d -o '<work>/restored.bin' '<work>/archive.br'"",""'<tmp>/mathzip-baselines.1ujJRr/extracted/usr/bin/brotli' -f -q 4 -o '<work>/archive.br' '<repo>/datasets/data/silesia/nci'""]",{}
mathzip-benchmark-results-v1,20260724T165449Z-4ef6e508,silesia,silesia,datasets/data/silesia/nci,nci,Per-file upstream terms; see Silesia provenance,datasets/manifests/silesia.json,datasets/data/silesia/dataset.json,7b9daf7c42ff8dff9effce4fef13077fe99c06d23a7969f92fbeec67c7701f30,true,fc63a31770947b8c2062d3b19ca94c00485a232bb91b502021948fee983e1635,2.4292555992818246,33553445,7z-fast,7z,fast,,1,ok,,3,3,2473797,13.563540177306384,0.9262729356106355,92.62729356106355,0.589816515114916,0.0,0.7479740900016623,0.2550347979995422,44.859100667411404,131.56418364548134,0.7470570000000407,0.2535859999999275,11812864.0,true,true,b5ebe9041595db5bb481c8a4a41e087f28ffb25d498e15d88f6821116fda9ff9,fc63a31770947b8c2062d3b19ca94c00485a232bb91b502021948fee983e1635,,,,,,,,,,,,,,,,,,,,"[""'<tmp>/mathzip-baselines.1ujJRr/extracted/usr/lib/7zip/7z' a -y -bd -bso0 -bsp0 -t7z -m0=lzma2 -mx=1 -mmt=1 '<work>/archive.7z' '<repo>/datasets/data/silesia/nci'"",""'<tmp>/mathzip-baselines.1ujJRr/extracted/usr/lib/7zip/7z' e -so -bd -mmt=1 '<work>/archive.7z'""]",{}
mathzip-benchmark-results-v1,20260724T165449Z-4ef6e508,silesia,silesia,datasets/data/silesia/ooffice,ooffice,Per-file upstream terms; see Silesia provenance,datasets/manifests/silesia.json,datasets/data/silesia/dataset.json,7b9daf7c42ff8dff9effce4fef13077fe99c06d23a7969f92fbeec67c7701f30,true,e7ee013880d34dd5208283d0d3d91b07f442e067454276095ded14f322a656eb,6.639858949477124,6152192,mathzip-fast,mathzip,fast,,1,ok,,3,3,5990681,1.0269603739541464,0.02625259419732029,2.625259419732029,7.789979246421438,0.0,3.3908241280005313,0.14673384100024123,1.8143648174486025,41.92756052770326,3.388761000000045,0.1457759999998416,48312320.0,true,true,b571940622caa91e08684dfa662086b8f394e6d144f8947149dad6747ea12988,e7ee013880d34dd5208283d0d3d91b07f442e067454276095ded14f322a656eb,"[{""type"":""xor""}]",376,16362.212765957447,16384.0,"{""periodic"":2,""raw"":177,""recurrence"":197}","{""raw"":71,""rle"":11,""sparse"":1,""zero_run"":293}",987,13536,5976038,120,47.00399467376831,18.908122503328894,7.700556311914368,5976038,199,0,0.475321694,0.067857623,2.844548811,"[""'<repo>/target/release/mathzip' compress --mode fast --max-input-bytes 8589934592 --no-sync --force '<repo>/datasets/data/silesia/ooffice' '<work>/archive.mz'"",""'<repo>/target/release/mathzip' compress --mode fast --max-input-bytes 8589934592 --no-sync --force --metrics-output '<work>/metrics-probe.mz.metrics.json' '<repo>/datasets/data/silesia/ooffice' '<work>/metrics-probe.mz'"",""'<repo>/target/release/mathzip' decompress --max-archive-bytes 17179869184 --max-output-bytes 8589934592 --max-segments 8388608 --no-sync --force '<work>/archive.mz' '<work>/restored.bin'""]",{}
mathzip-benchmark-results-v1,20260724T165449Z-4ef6e508,silesia,silesia,datasets/data/silesia/ooffice,ooffice,Per-file upstream terms; see Silesia provenance,datasets/manifests/silesia.json,datasets/data/silesia/dataset.json,7b9daf7c42ff8dff9effce4fef13077fe99c06d23a7969f92fbeec67c7701f30,true,e7ee013880d34dd5208283d0d3d91b07f442e067454276095ded14f322a656eb,6.639858949477124,6152192,raw,raw,default,,1,ok,,3,3,6152192,1.0,0.0,0.0,8.0,0.0,0.005671716993674636,0.00609161400643643,1084.7142068021399,1009.9444898346421,0.005677349999999137,0.006096558000002972,,true,true,e7ee013880d34dd5208283d0d3d91b07f442e067454276095ded14f322a656eb,e7ee013880d34dd5208283d0d3d91b07f442e067454276095ded14f322a656eb,,,,,,,,,,,,,,,,,,,,"[""stdlib:shutil.copyfile""]",{}
mathzip-benchmark-results-v1,20260724T165449Z-4ef6e508,silesia,silesia,datasets/data/silesia/ooffice,ooffice,Per-file upstream terms; see Silesia provenance,datasets/manifests/silesia.json,datasets/data/silesia/dataset.json,7b9daf7c42ff8dff9effce4fef13077fe99c06d23a7969f92fbeec67c7701f30,true,e7ee013880d34dd5208283d0d3d91b07f442e067454276095ded14f322a656eb,6.639858949477124,6152192,gzip-fast,gzip,fast,,1,ok,,3,3,3294584,1.8673653487056332,0.4644861538781625,46.44861538781625,4.2841107689747,0.0,0.19157092299428768,0.08690523500263225,32.11443523808385,70.79196091942744,0.18702699999994365,0.08552799999995386,1949696.0,true,true,255c92ebd3e3ab05146e144d85fd367330dd023c0ed987a0b24fa566af336c29,e7ee013880d34dd5208283d0d3d91b07f442e067454276095ded14f322a656eb,,,,,,,,,,,,,,,,,,,,"[""'<external>/gzip' -d -c '<work>/archive.gz'"",""'<external>/gzip' -n -c -1 '<repo>/datasets/data/silesia/ooffice'""]",{}
mathzip-benchmark-results-v1,20260724T165449Z-4ef6e508,silesia,silesia,datasets/data/silesia/ooffice,ooffice,Per-file upstream terms; see Silesia provenance,datasets/manifests/silesia.json,datasets/data/silesia/dataset.json,7b9daf7c42ff8dff9effce4fef13077fe99c06d23a7969f92fbeec67c7701f30,true,e7ee013880d34dd5208283d0d3d91b07f442e067454276095ded14f322a656eb,6.639858949477124,6152192,bzip2-fast,bzip2,fast,,1,ok,,3,3,3003039,2.048655378767975,0.5118749544877663,51.18749544877663,3.9050003640978694,0.0,0.716980274009984,0.36542860299232416,8.58069911127615,16.835551321441653,0.7156910000001062,0.3638029999999617,2457600.0,true,true,cb0684a8b4d21d11a967fe476590570a1b0a135b711ec5031c934b8fda2c5da7,e7ee013880d34dd5208283d0d3d91b07f442e067454276095ded14f322a656eb,,,,,,,,,,,,,,,,,,,,"[""'<external>/bzip2' -c -1"",""'<external>/bzip2' -d -c '<work>/archive.bz2'""]",{}
mathzip-benchmark-results-v1,20260724T165449Z-4ef6e508,silesia,silesia,datasets/data/silesia/ooffice,ooffice,Per-file upstream terms; see Silesia provenance,datasets/manifests/silesia.json,datasets/data/silesia/dataset.json,7b9daf7c42ff8dff9effce4fef13077fe99c06d23a7969f92fbeec67c7701f30,true,e7ee013880d34dd5208283d0d3d91b07f442e067454276095ded14f322a656eb,6.639858949477124,6152192,xz-fast,xz,fast,,1,ok,,3,3,2668664,2.3053452963730168,0.5662255014147803,56.62255014147804,3.4701959886817577,0.0,0.9621749219950289,0.25057707699306775,6.394047339379508,24.552094205210167,0.9601330000000416,0.24669599999992897,10850304.0,true,true,b8e914fd507bb6aea837f390c7d0f23233aca707945cbd94130c17ef5801040c,e7ee013880d34dd5208283d0d3d91b07f442e067454276095ded14f322a656eb,,,,,,,,,,,,,,,,,,,,"[""'<external>/xz' -c --threads=1 -1 '<repo>/datasets/data/silesia/ooffice'"",""'<external>/xz' -d -c --threads=1 '<work>/archive.xz'""]",{}
mathzip-benchmark-results-v1,20260724T165449Z-4ef6e508,silesia,silesia,datasets/data/silesia/ooffice,ooffice,Per-file upstream terms; see Silesia provenance,datasets/manifests/silesia.json,datasets/data/silesia/dataset.json,7b9daf7c42ff8dff9effce4fef13077fe99c06d23a7969f92fbeec67c7701f30,true,e7ee013880d34dd5208283d0d3d91b07f442e067454276095ded14f322a656eb,6.639858949477124,6152192,zstd-fast,zstd,fast,,1,ok,,3,3,3606274,1.7059690971900638,0.41382291059836884,41.38229105983689,4.689416715213049,0.0,0.058885180987999775,0.02074849500786513,104.47776328060802,296.5126867113923,0.07491400000003523,0.028878999999960797,12951552.0,true,true,07a3fafc1e3c862e195f070cad23d894ed16184f162c83548aa8c8f0e5a2cf60,e7ee013880d34dd5208283d0d3d91b07f442e067454276095ded14f322a656eb,,,,,,,,,,,,,,,,,,,,"[""'<external>/zstd' -q -d -c '<work>/archive.zst'"",""'<external>/zstd' -q -f -T1 -1 -c '<repo>/datasets/data/silesia/ooffice'""]",{}
mathzip-benchmark-results-v1,20260724T165449Z-4ef6e508,silesia,silesia,datasets/data/silesia/ooffice,ooffice,Per-file upstream terms; see Silesia provenance,datasets/manifests/silesia.json,datasets/data/silesia/dataset.json,7b9daf7c42ff8dff9effce4fef13077fe99c06d23a7969f92fbeec67c7701f30,true,e7ee013880d34dd5208283d0d3d91b07f442e067454276095ded14f322a656eb,6.639858949477124,6152192,lz4-fast,lz4,fast,,1,ok,,3,3,4339335,1.4177729997799202,0.2946684693845706,29.46684693845706,5.642652244923435,0.0,0.03878847100713756,0.02797911899688188,158.60877833694246,219.88512221151882,0.03798299999994015,0.02711099999999078,9129984.0,true,true,efa77963b44dff5af0ef193c6ca2ba72ae7410d16cde129c37284b8fd68c5082,e7ee013880d34dd5208283d0d3d91b07f442e067454276095ded14f322a656eb,,,,,,,,,,,,,,,,,,,,"[""'<tmp>/mathzip-baselines.1ujJRr/extracted/usr/bin/lz4' -q -d -f '<work>/archive.lz4' '<work>/restored.bin'"",""'<tmp>/mathzip-baselines.1ujJRr/extracted/usr/bin/lz4' -q -f -1 '<repo>/datasets/data/silesia/ooffice' '<work>/archive.lz4'""]",{}
mathzip-benchmark-results-v1,20260724T165449Z-4ef6e508,silesia,silesia,datasets/data/silesia/ooffice,ooffice,Per-file upstream terms; see Silesia provenance,datasets/manifests/silesia.json,datasets/data/silesia/dataset.json,7b9daf7c42ff8dff9effce4fef13077fe99c06d23a7969f92fbeec67c7701f30,true,e7ee013880d34dd5208283d0d3d91b07f442e067454276095ded14f322a656eb,6.639858949477124,6152192,brotli-fast,brotli,fast,,1,ok,,3,3,3194975,1.9255837682610975,0.48067696846912455,48.067696846912455,4.154584252247004,0.0,0.3470864279952366,0.058618330003810115,17.72524507954668,104.95338232256218,0.34517300000004525,0.05785000000003038,21303296.0,true,true,3b86ce45810fc2a25384fc9c3690e93b29c226f39cceeaead17b82deb7363988,e7ee013880d34dd5208283d0d3d91b07f442e067454276095ded14f322a656eb,,,,,,,,,,,,,,,,,,,,"[""'<tmp>/mathzip-baselines.1ujJRr/extracted/usr/bin/brotli' -f -d -o '<work>/restored.bin' '<work>/archive.br'"",""'<tmp>/mathzip-baselines.1ujJRr/extracted/usr/bin/brotli' -f -q 4 -o '<work>/archive.br' '<repo>/datasets/data/silesia/ooffice'""]",{}
mathzip-benchmark-results-v1,20260724T165449Z-4ef6e508,silesia,silesia,datasets/data/silesia/ooffice,ooffice,Per-file upstream terms; see Silesia provenance,datasets/manifests/silesia.json,datasets/data/silesia/dataset.json,7b9daf7c42ff8dff9effce4fef13077fe99c06d23a7969f92fbeec67c7701f30,true,e7ee013880d34dd5208283d0d3d91b07f442e067454276095ded14f322a656eb,6.639858949477124,6152192,7z-fast,7z,fast,,1,ok,,3,3,2703638,2.2755235723125655,0.5605406983397137,56.05406983397137,3.5156744132822904,0.0,0.608839271008037,0.21833452899591066,10.10478839483202,28.17782431525171,0.6076170000001184,0.2176009999999451,11812864.0,true,true,0a0d4cec12cd9745567306148e5f39e357886bab623030a7ca2ec9ae5e5ec5d9,e7ee013880d34dd5208283d0d3d91b07f442e067454276095ded14f322a656eb,,,,,,,,,,,,,,,,,,,,"[""'<tmp>/mathzip-baselines.1ujJRr/extracted/usr/lib/7zip/7z' a -y -bd -bso0 -bsp0 -t7z -m0=lzma2 -mx=1 -mmt=1 '<work>/archive.7z' '<repo>/datasets/data/silesia/ooffice'"",""'<tmp>/mathzip-baselines.1ujJRr/extracted/usr/lib/7zip/7z' e -so -bd -mmt=1 '<work>/archive.7z'""]",{}
mathzip-benchmark-results-v1,20260724T165449Z-4ef6e508,silesia,silesia,datasets/data/silesia/osdb,osdb,Per-file upstream terms; see Silesia provenance,datasets/manifests/silesia.json,datasets/data/silesia/dataset.json,7b9daf7c42ff8dff9effce4fef13077fe99c06d23a7969f92fbeec67c7701f30,true,60f027179302ca3ad87c58ac90b6be72ec23588aaa7a3b7fe8ecc0f11def3fa3,6.593520633853192,10085684,mathzip-fast,mathzip,fast,,1,ok,,3,3,9862649,1.022614107021349,0.022114018246060407,2.2114018246060407,7.823087854031517,0.0,5.569670823999331,0.2648853159917053,1.8108222763437791,38.07566290430319,5.555176999999958,0.2639519999999038,87351296.0,true,true,6325e4b4cb4dea68c0baeced10937fc14b683d8038e17eddf3af2d7cfa102934,60f027179302ca3ad87c58ac90b6be72ec23588aaa7a3b7fe8ecc0f11def3fa3,"[{""type"":""delta""}]",616,16372.863636363636,16384.0,"{""recurrence"":616}","{""zero_run"":616}",3080,22176,9837273,120,0.0,0.0,7.578688071896194,9837273,616,0,0.764392386,0.10897664,4.569736677,"[""'<repo>/target/release/mathzip' compress --mode fast --max-input-bytes 8589934592 --no-sync --force '<repo>/datasets/data/silesia/osdb' '<work>/archive.mz'"",""'<repo>/target/release/mathzip' compress --mode fast --max-input-bytes 8589934592 --no-sync --force --metrics-output '<work>/metrics-probe.mz.metrics.json' '<repo>/datasets/data/silesia/osdb' '<work>/metrics-probe.mz'"",""'<repo>/target/release/mathzip' decompress --max-archive-bytes 17179869184 --max-output-bytes 8589934592 --max-segments 8388608 --no-sync --force '<work>/archive.mz' '<work>/restored.bin'""]",{}
mathzip-benchmark-results-v1,20260724T165449Z-4ef6e508,silesia,silesia,datasets/data/silesia/osdb,osdb,Per-file upstream terms; see Silesia provenance,datasets/manifests/silesia.json,datasets/data/silesia/dataset.json,7b9daf7c42ff8dff9effce4fef13077fe99c06d23a7969f92fbeec67c7701f30,true,60f027179302ca3ad87c58ac90b6be72ec23588aaa7a3b7fe8ecc0f11def3fa3,6.593520633853192,10085684,raw,raw,default,,1,ok,,3,3,10085684,1.0,0.0,0.0,8.0,0.0,0.009400889000971802,0.00973408498975914,1072.8436426552223,1036.1203965869174,0.009406976000001066,0.009739141000004281,,true,true,60f027179302ca3ad87c58ac90b6be72ec23588aaa7a3b7fe8ecc0f11def3fa3,60f027179302ca3ad87c58ac90b6be72ec23588aaa7a3b7fe8ecc0f11def3fa3,,,,,,,,,,,,,,,,,,,,"[""stdlib:shutil.copyfile""]",{}
mathzip-benchmark-results-v1,20260724T165449Z-4ef6e508,silesia,silesia,datasets/data/silesia/osdb,osdb,Per-file upstream terms; see Silesia provenance,datasets/manifests/silesia.json,datasets/data/silesia/dataset.json,7b9daf7c42ff8dff9effce4fef13077fe99c06d23a7969f92fbeec67c7701f30,true,60f027179302ca3ad87c58ac90b6be72ec23588aaa7a3b7fe8ecc0f11def3fa3,6.593520633853192,10085684,gzip-fast,gzip,fast,,1,ok,,3,3,4069488,2.4783668117463424,0.5965084767676639,59.650847676766396,3.2279321858586885,0.0,0.2174299640028039,0.10666404099902138,46.3858973911707,94.55561504642914,0.21517900000003465,0.1044449999999415,1937408.0,true,true,3b2f82ee74803010c229fb240852790257374245d0cc06de9e28bde748ea95c9,60f027179302ca3ad87c58ac90b6be72ec23588aaa7a3b7fe8ecc0f11def3fa3,,,,,,,,,,,,,,,,,,,,"[""'<external>/gzip' -d -c '<work>/archive.gz'"",""'<external>/gzip' -n -c -1 '<repo>/datasets/data/silesia/osdb'""]",{}
mathzip-benchmark-results-v1,20260724T165449Z-4ef6e508,silesia,silesia,datasets/data/silesia/osdb,osdb,Per-file upstream terms; see Silesia provenance,datasets/manifests/silesia.json,datasets/data/silesia/dataset.json,7b9daf7c42ff8dff9effce4fef13077fe99c06d23a7969f92fbeec67c7701f30,true,60f027179302ca3ad87c58ac90b6be72ec23588aaa7a3b7fe8ecc0f11def3fa3,6.593520633853192,10085684,bzip2-fast,bzip2,fast,,1,ok,,3,3,3755782,2.685375242759031,0.6276125645023183,62.761256450231826,2.9790994839814533,0.0,1.1476585460040951,0.5438354660000186,8.788052888305693,18.545469412249872,1.1405320000001211,0.5426449999998795,2457600.0,true,true,07224e9afa565ec9d531bf8303f140f0030ae11939fa4cc7b377ec6da0b3dc30,60f027179302ca3ad87c58ac90b6be72ec23588aaa7a3b7fe8ecc0f11def3fa3,,,,,,,,,,,,,,,,,,,,"[""'<external>/bzip2' -c -1"",""'<external>/bzip2' -d -c '<work>/archive.bz2'""]",{}
mathzip-benchmark-results-v1,20260724T165449Z-4ef6e508,silesia,silesia,datasets/data/silesia/osdb,osdb,Per-file upstream terms; see Silesia provenance,datasets/manifests/silesia.json,datasets/data/silesia/dataset.json,7b9daf7c42ff8dff9effce4fef13077fe99c06d23a7969f92fbeec67c7701f30,true,60f027179302ca3ad87c58ac90b6be72ec23588aaa7a3b7fe8ecc0f11def3fa3,6.593520633853192,10085684,xz-fast,xz,fast,,1,ok,,3,3,3414108,2.9541197876575667,0.6614896917254199,66.148969172542,2.7080824661966405,0.0,1.3754663879954023,0.31113702300353907,7.332555770191393,32.415570164677185,1.3734899999998333,0.3095580000001519,10846208.0,true,true,f141ac9eb1bbd8bf1bdfc894e1bda1309ae3c1c046f530f9ffae633dacb31746,60f027179302ca3ad87c58ac90b6be72ec23588aaa7a3b7fe8ecc0f11def3fa3,,,,,,,,,,,,,,,,,,,,"[""'<external>/xz' -c --threads=1 -1 '<repo>/datasets/data/silesia/osdb'"",""'<external>/xz' -d -c --threads=1 '<work>/archive.xz'""]",{}
mathzip-benchmark-results-v1,20260724T165449Z-4ef6e508,silesia,silesia,datasets/data/silesia/osdb,osdb,Per-file upstream terms; see Silesia provenance,datasets/manifests/silesia.json,datasets/data/silesia/dataset.json,7b9daf7c42ff8dff9effce4fef13077fe99c06d23a7969f92fbeec67c7701f30,true,60f027179302ca3ad87c58ac90b6be72ec23588aaa7a3b7fe8ecc0f11def3fa3,6.593520633853192,10085684,zstd-fast,zstd,fast,,1,ok,,3,3,3728615,2.704941110841425,0.630306184488826,63.030618448882606,2.9575505240893922,0.0,0.07752935300231911,0.02667293100967072,130.08858721803483,378.12432373267364,0.10217599999998583,0.03882399999997688,13266944.0,true,true,7e1c447ae1853aeb69cdab5d01858f869faa02d502be5455822d58a79cf77de6,60f027179302ca3ad87c58ac90b6be72ec23588aaa7a3b7fe8ecc0f11def3fa3,,,,,,,,,,,,,,,,,,,,"[""'<external>/zstd' -q -d -c '<work>/archive.zst'"",""'<external>/zstd' -q -f -T1 -1 -c '<repo>/datasets/data/silesia/osdb'""]",{}
mathzip-benchmark-results-v1,20260724T165449Z-4ef6e508,silesia,silesia,datasets/data/silesia/osdb,osdb,Per-file upstream terms; see Silesia provenance,datasets/manifests/silesia.json,datasets/data/silesia/dataset.json,7b9daf7c42ff8dff9effce4fef13077fe99c06d23a7969f92fbeec67c7701f30,true,60f027179302ca3ad87c58ac90b6be72ec23588aaa7a3b7fe8ecc0f11def3fa3,6.593520633853192,10085684,lz4-fast,lz4,fast,,1,ok,,3,3,5261242,1.9169777782508388,0.4783455440404438,47.83455440404438,4.173235647676449,0.0,0.05296710100083146,0.03768498600402381,190.4141213966322,267.63135851829963,0.05133499999988089,0.03675799999996343,8171520.0,true,true,3cb6d63d01490d4fa138e53cca4107d721359f26491a1aa083df7793db1dd1d5,60f027179302ca3ad87c58ac90b6be72ec23588aaa7a3b7fe8ecc0f11def3fa3,,,,,,,,,,,,,,,,,,,,"[""'<tmp>/mathzip-baselines.1ujJRr/extracted/usr/bin/lz4' -q -d -f '<work>/archive.lz4' '<work>/restored.bin'"",""'<tmp>/mathzip-baselines.1ujJRr/extracted/usr/bin/lz4' -q -f -1 '<repo>/datasets/data/silesia/osdb' '<work>/archive.lz4'""]",{}
mathzip-benchmark-results-v1,20260724T165449Z-4ef6e508,silesia,silesia,datasets/data/silesia/osdb,osdb,Per-file upstream terms; see Silesia provenance,datasets/manifests/silesia.json,datasets/data/silesia/dataset.json,7b9daf7c42ff8dff9effce4fef13077fe99c06d23a7969f92fbeec67c7701f30,true,60f027179302ca3ad87c58ac90b6be72ec23588aaa7a3b7fe8ecc0f11def3fa3,6.593520633853192,10085684,brotli-fast,brotli,fast,,1,ok,,3,3,3472433,2.904500677190892,0.6557067423488581,65.5706742348858,2.7543460612091355,0.0,0.5632733779930277,0.06643890700070187,17.905486738847515,151.80388202192208,0.5621909999999843,0.06568900000002031,29233152.0,true,true,e55792c36df4139b71d95ee6dd915f46cdcfa7cf829731660900497e9e414d2f,60f027179302ca3ad87c58ac90b6be72ec23588aaa7a3b7fe8ecc0f11def3fa3,,,,,,,,,,,,,,,,,,,,"[""'<tmp>/mathzip-baselines.1ujJRr/extracted/usr/bin/brotli' -f -d -o '<work>/restored.bin' '<work>/archive.br'"",""'<tmp>/mathzip-baselines.1ujJRr/extracted/usr/bin/brotli' -f -q 4 -o '<work>/archive.br' '<repo>/datasets/data/silesia/osdb'""]",{}
mathzip-benchmark-results-v1,20260724T165449Z-4ef6e508,silesia,silesia,datasets/data/silesia/osdb,osdb,Per-file upstream terms; see Silesia provenance,datasets/manifests/silesia.json,datasets/data/silesia/dataset.json,7b9daf7c42ff8dff9effce4fef13077fe99c06d23a7969f92fbeec67c7701f30,true,60f027179302ca3ad87c58ac90b6be72ec23588aaa7a3b7fe8ecc0f11def3fa3,6.593520633853192,10085684,7z-fast,7z,fast,,1,ok,,3,3,3290769,3.0648410751407953,0.6737188077675247,67.37188077675246,2.610249537859802,0.0,0.8927019080001628,0.2592665999982273,11.297930372518215,38.90082255126175,0.8912920000000213,0.258295999999973,11780096.0,true,true,cd4d1c859e39b976bf4a97ec82140dfcf754844cb374b1f41e4c8a1fa57f11b2,60f027179302ca3ad87c58ac90b6be72ec23588aaa7a3b7fe8ecc0f11def3fa3,,,,,,,,,,,,,,,,,,,,"[""'<tmp>/mathzip-baselines.1ujJRr/extracted/usr/lib/7zip/7z' a -y -bd -bso0 -bsp0 -t7z -m0=lzma2 -mx=1 -mmt=1 '<work>/archive.7z' '<repo>/datasets/data/silesia/osdb'"",""'<tmp>/mathzip-baselines.1ujJRr/extracted/usr/lib/7zip/7z' e -so -bd -mmt=1 '<work>/archive.7z'""]",{}
mathzip-benchmark-results-v1,20260724T165449Z-4ef6e508,silesia,silesia,datasets/data/silesia/reymont,reymont,Per-file upstream terms; see Silesia provenance,datasets/manifests/silesia.json,datasets/data/silesia/dataset.json,7b9daf7c42ff8dff9effce4fef13077fe99c06d23a7969f92fbeec67c7701f30,true,0eac0114a3dfe6e2ee1f345a0f79d653cb26c3bc9f0ed79238af4933422b7578,4.8421685530417635,6627202,mathzip-fast,mathzip,fast,,1,ok,,3,3,5817128,1.1392566916182694,0.12223469271043796,12.223469271043797,7.022122458316496,0.0,4.806754717006697,0.2106255609978689,1.3787268937506647,31.464376729028885,4.803358999999887,0.20623599999998987,49045504.0,true,true,63dc36e74ba3b62f2ffdcdc0455fe2c3674040ce84280f4ab672ab3d80199276,0eac0114a3dfe6e2ee1f345a0f79d653cb26c3bc9f0ed79238af4933422b7578,"[{""type"":""identity""}]",405,16363.461728395061,16384.0,"{""constant"":2,""periodic"":1,""raw"":398,""recurrence"":4}","{""bit_pack"":397,""raw"":1,""zero_run"":7}",31,14580,5802397,120,98.39494857709181,0.24722348888716536,4.898532903375478,5802397,7,0,0.486159318,0.071985639,4.215004785,"[""'<repo>/target/release/mathzip' compress --mode fast --max-input-bytes 8589934592 --no-sync --force '<repo>/datasets/data/silesia/reymont' '<work>/archive.mz'"",""'<repo>/target/release/mathzip' compress --mode fast --max-input-bytes 8589934592 --no-sync --force --metrics-output '<work>/metrics-probe.mz.metrics.json' '<repo>/datasets/data/silesia/reymont' '<work>/metrics-probe.mz'"",""'<repo>/target/release/mathzip' decompress --max-archive-bytes 17179869184 --max-output-bytes 8589934592 --max-segments 8388608 --no-sync --force '<work>/archive.mz' '<work>/restored.bin'""]",{}
mathzip-benchmark-results-v1,20260724T165449Z-4ef6e508,silesia,silesia,datasets/data/silesia/reymont,reymont,Per-file upstream terms; see Silesia provenance,datasets/manifests/silesia.json,datasets/data/silesia/dataset.json,7b9daf7c42ff8dff9effce4fef13077fe99c06d23a7969f92fbeec67c7701f30,true,0eac0114a3dfe6e2ee1f345a0f79d653cb26c3bc9f0ed79238af4933422b7578,4.8421685530417635,6627202,raw,raw,default,,1,ok,,3,3,6627202,1.0,0.0,0.0,8.0,0.0,0.00588003899611067,0.00601174398616422,1127.067695364527,1102.375952011967,0.005884899999998083,0.0060153579999990825,,true,true,0eac0114a3dfe6e2ee1f345a0f79d653cb26c3bc9f0ed79238af4933422b7578,0eac0114a3dfe6e2ee1f345a0f79d653cb26c3bc9f0ed79238af4933422b7578,,,,,,,,,,,,,,,,,,,,"[""stdlib:shutil.copyfile""]",{}
mathzip-benchmark-results-v1,20260724T165449Z-4ef6e508,silesia,silesia,datasets/data/silesia/reymont,reymont,Per-file upstream terms; see Silesia provenance,datasets/manifests/silesia.json,datasets/data/silesia/dataset.json,7b9daf7c42ff8dff9effce4fef13077fe99c06d23a7969f92fbeec67c7701f30,true,0eac0114a3dfe6e2ee1f345a0f79d653cb26c3bc9f0ed79238af4933422b7578,4.8421685530417635,6627202,gzip-fast,gzip,fast,,1,ok,,3,3,2376301,2.7888731267629816,0.6414322364098756,64.14322364098756,2.8685421087209955,0.0,0.14073010999709368,0.0744879400008358,47.09157123615453,88.97013395625704,0.13918699999999262,0.07336199999997461,1974272.0,true,true,0489c2aed562c26c611168d3110ac52c7419c05cba5c73eed7766e1e08d496a8,0eac0114a3dfe6e2ee1f345a0f79d653cb26c3bc9f0ed79238af4933422b7578,,,,,,,,,,,,,,,,,,,,"[""'<external>/gzip' -d -c '<work>/archive.gz'"",""'<external>/gzip' -n -c -1 '<repo>/datasets/data/silesia/reymont'""]",{}
mathzip-benchmark-results-v1,20260724T165449Z-4ef6e508,silesia,silesia,datasets/data/silesia/reymont,reymont,Per-file upstream terms; see Silesia provenance,datasets/manifests/silesia.json,datasets/data/silesia/dataset.json,7b9daf7c42ff8dff9effce4fef13077fe99c06d23a7969f92fbeec67c7701f30,true,0eac0114a3dfe6e2ee1f345a0f79d653cb26c3bc9f0ed79238af4933422b7578,4.8421685530417635,6627202,bzip2-fast,bzip2,fast,,1,ok,,3,3,1480083,4.4775880812089595,0.776665476621959,77.6665476621959,1.786676187024328,0.0,0.6490868710097857,0.2829862700018566,10.210038588039916,23.418811096229227,0.6480199999998604,0.2812420000001339,2453504.0,true,true,b2003f66f56a8a9ddcc37eccb9c8f46b973715b23abb65a3324df562a535cd05,0eac0114a3dfe6e2ee1f345a0f79d653cb26c3bc9f0ed79238af4933422b7578,,,,,,,,,,,,,,,,,,,,"[""'<external>/bzip2' -c -1"",""'<external>/bzip2' -d -c '<work>/archive.bz2'""]",{}
mathzip-benchmark-results-v1,20260724T165449Z-4ef6e508,silesia,silesia,datasets/data/silesia/reymont,reymont,Per-file upstream terms; see Silesia provenance,datasets/manifests/silesia.json,datasets/data/silesia/dataset.json,7b9daf7c42ff8dff9effce4fef13077fe99c06d23a7969f92fbeec67c7701f30,true,0eac0114a3dfe6e2ee1f345a0f79d653cb26c3bc9f0ed79238af4933422b7578,4.8421685530417635,6627202,xz-fast,xz,fast,,1,ok,,3,3,1848176,3.585806762992269,0.7211227302261196,72.11227302261196,2.2310181581910435,0.0,0.7419581290014321,0.1678921540005831,8.932043118011594,39.4729702495626,0.7397830000001022,0.1647850000000517,10850304.0,true,true,9419848c34ab4a17bc28b8bde4bfb75bf032171b39e86ac65280361b90104a3d,0eac0114a3dfe6e2ee1f345a0f79d653cb26c3bc9f0ed79238af4933422b7578,,,,,,,,,,,,,,,,,,,,"[""'<external>/xz' -c --threads=1 -1 '<repo>/datasets/data/silesia/reymont'"",""'<external>/xz' -d -c --threads=1 '<work>/archive.xz'""]",{}
mathzip-benchmark-results-v1,20260724T165449Z-4ef6e508,silesia,silesia,datasets/data/silesia/reymont,reymont,Per-file upstream terms; see Silesia provenance,datasets/manifests/silesia.json,datasets/data/silesia/dataset.json,7b9daf7c42ff8dff9effce4fef13077fe99c06d23a7969f92fbeec67c7701f30,true,0eac0114a3dfe6e2ee1f345a0f79d653cb26c3bc9f0ed79238af4933422b7578,4.8421685530417635,6627202,zstd-fast,zstd,fast,,1,ok,,3,3,2149498,3.0831394120859845,0.675655276540537,67.56552765405371,2.5947577876757038,0.0,0.06810552599199582,0.0261829879891593,97.30784548641279,253.11098957628136,0.08740699999998469,0.03643499999986943,11243520.0,true,true,163dac6f66ecb97ff3eb33dd9dd84398797dfcc7d69155db1f87635d61802ddf,0eac0114a3dfe6e2ee1f345a0f79d653cb26c3bc9f0ed79238af4933422b7578,,,,,,,,,,,,,,,,,,,,"[""'<external>/zstd' -q -d -c '<work>/archive.zst'"",""'<external>/zstd' -q -f -T1 -1 -c '<repo>/datasets/data/silesia/reymont'""]",{}
mathzip-benchmark-results-v1,20260724T165449Z-4ef6e508,silesia,silesia,datasets/data/silesia/reymont,reymont,Per-file upstream terms; see Silesia provenance,datasets/manifests/silesia.json,datasets/data/silesia/dataset.json,7b9daf7c42ff8dff9effce4fef13077fe99c06d23a7969f92fbeec67c7701f30,true,0eac0114a3dfe6e2ee1f345a0f79d653cb26c3bc9f0ed79238af4933422b7578,4.8421685530417635,6627202,lz4-fast,lz4,fast,,1,ok,,3,3,3182851,2.082159045459558,0.5197292914868146,51.97292914868146,3.842165668105484,0.0,0.04930574700119905,0.026399264999781735,134.41033557079734,251.03736789849233,0.04822300000000723,0.025251999999909458,7995392.0,true,true,71272f10c64aa3e6e5f31852e2d7e6a1018d1fe0817557f7422d436ca1f2c2fd,0eac0114a3dfe6e2ee1f345a0f79d653cb26c3bc9f0ed79238af4933422b7578,,,,,,,,,,,,,,,,,,,,"[""'<tmp>/mathzip-baselines.1ujJRr/extracted/usr/bin/lz4' -q -d -f '<work>/archive.lz4' '<work>/restored.bin'"",""'<tmp>/mathzip-baselines.1ujJRr/extracted/usr/bin/lz4' -q -f -1 '<repo>/datasets/data/silesia/reymont' '<work>/archive.lz4'""]",{}
mathzip-benchmark-results-v1,20260724T165449Z-4ef6e508,silesia,silesia,datasets/data/silesia/reymont,reymont,Per-file upstream terms; see Silesia provenance,datasets/manifests/silesia.json,datasets/data/silesia/dataset.json,7b9daf7c42ff8dff9effce4fef13077fe99c06d23a7969f92fbeec67c7701f30,true,0eac0114a3dfe6e2ee1f345a0f79d653cb26c3bc9f0ed79238af4933422b7578,4.8421685530417635,6627202,brotli-fast,brotli,fast,,1,ok,,3,3,1763431,3.7581294646629213,0.7339101780811872,73.39101780811872,2.1287185753505025,0.0,0.4172158019937342,0.040543928000261076,15.884350420887289,163.457324607456,0.4159459999999626,0.03937699999994493,28487680.0,true,true,2f5fd3bd971a3b86257f5520885d3a2081103e27d06c0d9cd92a4da7e5427ea8,0eac0114a3dfe6e2ee1f345a0f79d653cb26c3bc9f0ed79238af4933422b7578,,,,,,,,,,,,,,,,,,,,"[""'<tmp>/mathzip-baselines.1ujJRr/extracted/usr/bin/brotli' -f -d -o '<work>/restored.bin' '<work>/archive.br'"",""'<tmp>/mathzip-baselines.1ujJRr/extracted/usr/bin/brotli' -f -q 4 -o '<work>/archive.br' '<repo>/datasets/data/silesia/reymont'""]",{}
mathzip-benchmark-results-v1,20260724T165449Z-4ef6e508,silesia,silesia,datasets/data/silesia/reymont,reymont,Per-file upstream terms; see Silesia provenance,datasets/manifests/silesia.json,datasets/data/silesia/dataset.json,7b9daf7c42ff8dff9effce4fef13077fe99c06d23a7969f92fbeec67c7701f30,true,0eac0114a3dfe6e2ee1f345a0f79d653cb26c3bc9f0ed79238af4933422b7578,4.8421685530417635,6627202,7z-fast,7z,fast,,1,ok,,3,3,1747873,3.7915809672670724,0.7362577751515647,73.62577751515647,2.1099377987874823,0.0,0.561307615993428,0.13838258299801964,11.806720256718542,47.890434304834734,0.5602699999999459,0.13761699999997745,11808768.0,true,true,fa143470ef74fd72fcc4a89609adfbc60fe748a68aa5cd3e7d86dcd146a4be07,0eac0114a3dfe6e2ee1f345a0f79d653cb26c3bc9f0ed79238af4933422b7578,,,,,,,,,,,,,,,,,,,,"[""'<tmp>/mathzip-baselines.1ujJRr/extracted/usr/lib/7zip/7z' a -y -bd -bso0 -bsp0 -t7z -m0=lzma2 -mx=1 -mmt=1 '<work>/archive.7z' '<repo>/datasets/data/silesia/reymont'"",""'<tmp>/mathzip-baselines.1ujJRr/extracted/usr/lib/7zip/7z' e -so -bd -mmt=1 '<work>/archive.7z'""]",{}
mathzip-benchmark-results-v1,20260724T165449Z-4ef6e508,silesia,silesia,datasets/data/silesia/samba,samba,Per-file upstream terms; see Silesia provenance,datasets/manifests/silesia.json,datasets/data/silesia/dataset.json,7b9daf7c42ff8dff9effce4fef13077fe99c06d23a7969f92fbeec67c7701f30,true,93ba07bc44d8267789c1d911992f40b089ffa2140b4a160fac11ccae9a40e7b2,6.094505845097855,21606400,mathzip-fast,mathzip,fast,,1,ok,,3,3,18637672,1.1592864173164974,0.13740039988151653,13.740039988151654,6.900796800947868,0.0,15.090828133004834,0.6046197020041291,1.4317570785095017,35.735520904101215,15.083683999999948,0.6032240000000684,152006656.0,true,true,b2a5f1f714a83a8a6665f0a5c245071bdea86a36123dbd8f1cf10fbfae6dfa91,93ba07bc44d8267789c1d911992f40b089ffa2140b4a160fac11ccae9a40e7b2,"[{""type"":""identity""}]",1319,16380.894617134192,16384.0,"{""constant"":54,""raw"":970,""recurrence"":295}","{""bit_pack"":860,""raw"":38,""zero_run"":421}",1039,47484,18589029,120,73.53554502369668,2.881516587677725,6.561937425501654,18589029,349,1,1.581904663,0.249711548,13.143983144,"[""'<repo>/target/release/mathzip' compress --mode fast --max-input-bytes 8589934592 --no-sync --force '<repo>/datasets/data/silesia/samba' '<work>/archive.mz'"",""'<repo>/target/release/mathzip' compress --mode fast --max-input-bytes 8589934592 --no-sync --force --metrics-output '<work>/metrics-probe.mz.metrics.json' '<repo>/datasets/data/silesia/samba' '<work>/metrics-probe.mz'"",""'<repo>/target/release/mathzip' decompress --max-archive-bytes 17179869184 --max-output-bytes 8589934592 --max-segments 8388608 --no-sync --force '<work>/archive.mz' '<work>/restored.bin'""]",{}
mathzip-benchmark-results-v1,20260724T165449Z-4ef6e508,silesia,silesia,datasets/data/silesia/samba,samba,Per-file upstream terms; see Silesia provenance,datasets/manifests/silesia.json,datasets/data/silesia/dataset.json,7b9daf7c42ff8dff9effce4fef13077fe99c06d23a7969f92fbeec67c7701f30,true,93ba07bc44d8267789c1d911992f40b089ffa2140b4a160fac11ccae9a40e7b2,6.094505845097855,21606400,raw,raw,default,,1,ok,,3,3,21606400,1.0,0.0,0.0,8.0,0.0,0.020924464988638647,0.020992899997509085,1032.590320074211,1029.2241663878601,0.020879907999997727,0.02099998700001038,,true,true,93ba07bc44d8267789c1d911992f40b089ffa2140b4a160fac11ccae9a40e7b2,93ba07bc44d8267789c1d911992f40b089ffa2140b4a160fac11ccae9a40e7b2,,,,,,,,,,,,,,,,,,,,"[""stdlib:shutil.copyfile""]",{}
mathzip-benchmark-results-v1,20260724T165449Z-4ef6e508,silesia,silesia,datasets/data/silesia/samba,samba,Per-file upstream terms; see Silesia provenance,datasets/manifests/silesia.json,datasets/data/silesia/dataset.json,7b9daf7c42ff8dff9effce4fef13077fe99c06d23a7969f92fbeec67c7701f30,true,93ba07bc44d8267789c1d911992f40b089ffa2140b4a160fac11ccae9a40e7b2,6.094505845097855,21606400,gzip-fast,gzip,fast,,1,ok,,3,3,6347055,3.4041614575578754,0.7062419005479859,70.62419005479859,2.3500647956161136,0.0,0.3517310349998297,0.1854717870010063,61.42875620859121,116.49426766930742,0.3499340000000757,0.1846339999998463,1966080.0,true,true,b29d82a8e17ee32c2f87682376caf3ebea360bfe48b774cadd98ecd566ccfb4b,93ba07bc44d8267789c1d911992f40b089ffa2140b4a160fac11ccae9a40e7b2,,,,,,,,,,,,,,,,,,,,"[""'<external>/gzip' -d -c '<work>/archive.gz'"",""'<external>/gzip' -n -c -1 '<repo>/datasets/data/silesia/samba'""]",{}
mathzip-benchmark-results-v1,20260724T165449Z-4ef6e508,silesia,silesia,datasets/data/silesia/samba,samba,Per-file upstream terms; see Silesia provenance,datasets/manifests/silesia.json,datasets/data/silesia/dataset.json,7b9daf7c42ff8dff9effce4fef13077fe99c06d23a7969f92fbeec67c7701f30,true,93ba07bc44d8267789c1d911992f40b089ffa2140b4a160fac11ccae9a40e7b2,6.094505845097855,21606400,bzip2-fast,bzip2,fast,,1,ok,,3,3,5081043,4.252355274300966,0.764836205938981,76.48362059389811,1.8813103524881516,0.0,2.087280630003079,0.7824261439964175,10.351459065649514,27.614619176246403,2.0850810000000592,0.7814560000000483,2453504.0,true,true,6d3fe84cadf078aba216c3ac6f2df45fa09b19125b86124b811240356300e57a,93ba07bc44d8267789c1d911992f40b089ffa2140b4a160fac11ccae9a40e7b2,,,,,,,,,,,,,,,,,,,,"[""'<external>/bzip2' -c -1"",""'<external>/bzip2' -d -c '<work>/archive.bz2'""]",{}
mathzip-benchmark-results-v1,20260724T165449Z-4ef6e508,silesia,silesia,datasets/data/silesia/samba,samba,Per-file upstream terms; see Silesia provenance,datasets/manifests/silesia.json,datasets/data/silesia/dataset.json,7b9daf7c42ff8dff9effce4fef13077fe99c06d23a7969f92fbeec67c7701f30,true,93ba07bc44d8267789c1d911992f40b089ffa2140b4a160fac11ccae9a40e7b2,6.094505845097855,21606400,xz-fast,xz,fast,,1,ok,,3,3,4542840,4.756143733875725,0.7897456309241706,78.97456309241706,1.6820349526066352,0.0,1.7919158049917314,0.4191456940025091,12.05770937440875,51.54866269452993,1.7896989999999278,0.4172330000000102,10842112.0,true,true,d1fc7242f36d7bb497a1af113b3f00ad69a41c7fb62c045230438e6f25962a26,93ba07bc44d8267789c1d911992f40b089ffa2140b4a160fac11ccae9a40e7b2,,,,,,,,,,,,,,,,,,,,"[""'<external>/xz' -c --threads=1 -1 '<repo>/datasets/data/silesia/samba'"",""'<external>/xz' -d -c --threads=1 '<work>/archive.xz'""]",{}
mathzip-benchmark-results-v1,20260724T165449Z-4ef6e508,silesia,silesia,datasets/data/silesia/samba,samba,Per-file upstream terms; see Silesia provenance,datasets/manifests/silesia.json,datasets/data/silesia/dataset.json,7b9daf7c42ff8dff9effce4fef13077fe99c06d23a7969f92fbeec67c7701f30,true,93ba07bc44d8267789c1d911992f40b089ffa2140b4a160fac11ccae9a40e7b2,6.094505845097855,21606400,zstd-fast,zstd,fast,,1,ok,,3,3,5514871,3.9178432278832998,0.7447575255479858,74.47575255479858,2.0419397956161136,0.0,0.11774572600552347,0.04833595700620208,183.50050344066366,447.0047008116058,0.14292100000000119,0.06984199999999419,13926400.0,true,true,b3ed01710ac72e955f46373a4810445e72078891fce52dc87699e92a89ecdc39,93ba07bc44d8267789c1d911992f40b089ffa2140b4a160fac11ccae9a40e7b2,,,,,,,,,,,,,,,,,,,,"[""'<external>/zstd' -q -d -c '<work>/archive.zst'"",""'<external>/zstd' -q -f -T1 -1 -c '<repo>/datasets/data/silesia/samba'""]",{}
mathzip-benchmark-results-v1,20260724T165449Z-4ef6e508,silesia,silesia,datasets/data/silesia/samba,samba,Per-file upstream terms; see Silesia provenance,datasets/manifests/silesia.json,datasets/data/silesia/dataset.json,7b9daf7c42ff8dff9effce4fef13077fe99c06d23a7969f92fbeec67c7701f30,true,93ba07bc44d8267789c1d911992f40b089ffa2140b4a160fac11ccae9a40e7b2,6.094505845097855,21606400,lz4-fast,lz4,fast,,1,ok,,3,3,7721752,2.798121462590355,0.6426173726303317,64.26173726303317,2.859061018957346,0.0,0.0836331120081013,0.055943964995094575,258.34743537831105,386.2150278746698,0.0825000000000955,0.054726999999957116,8224768.0,true,true,61a94b1a67b313e2b09cba67e5bfa2748542998e7871a11931df3754d835f239,93ba07bc44d8267789c1d911992f40b089ffa2140b4a160fac11ccae9a40e7b2,,,,,,,,,,,,,,,,,,,,"[""'<tmp>/mathzip-baselines.1ujJRr/extracted/usr/bin/lz4' -q -d -f '<work>/archive.lz4' '<work>/restored.bin'"",""'<tmp>/mathzip-baselines.1ujJRr/extracted/usr/bin/lz4' -q -f -1 '<repo>/datasets/data/silesia/samba' '<work>/archive.lz4'""]",{}
mathzip-benchmark-results-v1,20260724T165449Z-4ef6e508,silesia,silesia,datasets/data/silesia/samba,samba,Per-file upstream terms; see Silesia provenance,datasets/manifests/silesia.json,datasets/data/silesia/dataset.json,7b9daf7c42ff8dff9effce4fef13077fe99c06d23a7969f92fbeec67c7701f30,true,93ba07bc44d8267789c1d911992f40b089ffa2140b4a160fac11ccae9a40e7b2,6.094505845097855,21606400,brotli-fast,brotli,fast,,1,ok,,3,3,4637466,4.659096152942146,0.7853660952310426,78.53660952310426,1.7170712381516589,0.0,0.79691494499275,0.10447756599751301,27.112554653114916,206.80420522540044,0.7949390000001131,0.1033669999999347,43847680.0,true,true,08db195a533f8ac030662cccfe0f4442be313a22a66373a0b39eb36ac1fc6bf1,93ba07bc44d8267789c1d911992f40b089ffa2140b4a160fac11ccae9a40e7b2,,,,,,,,,,,,,,,,,,,,"[""'<tmp>/mathzip-baselines.1ujJRr/extracted/usr/bin/brotli' -f -d -o '<work>/restored.bin' '<work>/archive.br'"",""'<tmp>/mathzip-baselines.1ujJRr/extracted/usr/bin/brotli' -f -q 4 -o '<work>/archive.br' '<repo>/datasets/data/silesia/samba'""]",{}
mathzip-benchmark-results-v1,20260724T165449Z-4ef6e508,silesia,silesia,datasets/data/silesia/samba,samba,Per-file upstream terms; see Silesia provenance,datasets/manifests/silesia.json,datasets/data/silesia/dataset.json,7b9daf7c42ff8dff9effce4fef13077fe99c06d23a7969f92fbeec67c7701f30,true,93ba07bc44d8267789c1d911992f40b089ffa2140b4a160fac11ccae9a40e7b2,6.094505845097855,21606400,7z-fast,7z,fast,,1,ok,,3,3,4599798,4.6972497487933165,0.7871094675651659,78.71094675651659,1.703124259478673,0.0,1.1693216269923141,0.37337880399718415,18.47772204091973,57.86723769184002,1.1648380000000316,0.37227600000005623,11771904.0,true,true,471a17229524dfb6ae736e940a14b870c445e91d85f1208d888a7628b5f6c23e,93ba07bc44d8267789c1d911992f40b089ffa2140b4a160fac11ccae9a40e7b2,,,,,,,,,,,,,,,,,,,,"[""'<tmp>/mathzip-baselines.1ujJRr/extracted/usr/lib/7zip/7z' a -y -bd -bso0 -bsp0 -t7z -m0=lzma2 -mx=1 -mmt=1 '<work>/archive.7z' '<repo>/datasets/data/silesia/samba'"",""'<tmp>/mathzip-baselines.1ujJRr/extracted/usr/lib/7zip/7z' e -so -bd -mmt=1 '<work>/archive.7z'""]",{}
mathzip-benchmark-results-v1,20260724T165449Z-4ef6e508,silesia,silesia,datasets/data/silesia/sao,sao,Per-file upstream terms; see Silesia provenance,datasets/manifests/silesia.json,datasets/data/silesia/dataset.json,7b9daf7c42ff8dff9effce4fef13077fe99c06d23a7969f92fbeec67c7701f30,true,c2d0ea2cc59d4c21b7fe43a71499342a00cbe530a1d5548770e91ecd6214adcc,7.525199903781792,7251944,mathzip-fast,mathzip,fast,,1,ok,,3,3,7252100,0.9999784889893962,-2.1511473337287867e-05,-0.0021511473337287867,8.000172091786698,0.0021511473337287867,3.8665389369998593,0.15131856899824925,1.8755647151524506,47.92501044656261,3.864025999999967,0.14957299999991847,47153152.0,true,true,5ab227e249edb6df475e3689b2075d9ec44845520d8c1010f5994b3f79295a56,c2d0ea2cc59d4c21b7fe43a71499342a00cbe530a1d5548770e91ecd6214adcc,"[{""type"":""identity""}]",1,7251944.0,7251944.0,"{""raw"":1}","{""raw"":1}",0,36,7251944,120,100.0,100.0,7.525199903781795,7251944,0,0,0.567404813,0.078006052,3.18393735,"[""'<repo>/target/release/mathzip' compress --mode fast --max-input-bytes 8589934592 --no-sync --force '<repo>/datasets/data/silesia/sao' '<work>/archive.mz'"",""'<repo>/target/release/mathzip' compress --mode fast --max-input-bytes 8589934592 --no-sync --force --metrics-output '<work>/metrics-probe.mz.metrics.json' '<repo>/datasets/data/silesia/sao' '<work>/metrics-probe.mz'"",""'<repo>/target/release/mathzip' decompress --max-archive-bytes 17179869184 --max-output-bytes 8589934592 --max-segments 8388608 --no-sync --force '<work>/archive.mz' '<work>/restored.bin'""]",{}
mathzip-benchmark-results-v1,20260724T165449Z-4ef6e508,silesia,silesia,datasets/data/silesia/sao,sao,Per-file upstream terms; see Silesia provenance,datasets/manifests/silesia.json,datasets/data/silesia/dataset.json,7b9daf7c42ff8dff9effce4fef13077fe99c06d23a7969f92fbeec67c7701f30,true,c2d0ea2cc59d4c21b7fe43a71499342a00cbe530a1d5548770e91ecd6214adcc,7.525199903781792,7251944,raw,raw,default,,1,ok,,3,3,7251944,1.0,0.0,0.0,8.0,0.0,0.006474926994997077,0.006477331000496633,1120.003979288615,1119.5882994776669,0.006479190999996831,0.006481064999988462,,true,true,c2d0ea2cc59d4c21b7fe43a71499342a00cbe530a1d5548770e91ecd6214adcc,c2d0ea2cc59d4c21b7fe43a71499342a00cbe530a1d5548770e91ecd6214adcc,,,,,,,,,,,,,,,,,,,,"[""stdlib:shutil.copyfile""]",{}
mathzip-benchmark-results-v1,20260724T165449Z-4ef6e508,silesia,silesia,datasets/data/silesia/sao,sao,Per-file upstream terms; see Silesia provenance,datasets/manifests/silesia.json,datasets/data/silesia/dataset.json,7b9daf7c42ff8dff9effce4fef13077fe99c06d23a7969f92fbeec67c7701f30,true,c2d0ea2cc59d4c21b7fe43a71499342a00cbe530a1d5548770e91ecd6214adcc,7.525199903781792,7251944,gzip-fast,gzip,fast,,1,ok,,3,3,5568179,1.3023906020262639,0.23218119169149676,23.218119169149677,6.142550466468026,0.0,0.27664359399932437,0.09806963900336996,26.214031907124916,73.94688176379238,0.27582200000006196,0.09726999999998043,1933312.0,true,true,4afe542677bf210097ec75d80d08b3d5af9c9a176dbb0e42f9348bb74bc3ab22,c2d0ea2cc59d4c21b7fe43a71499342a00cbe530a1d5548770e91ecd6214adcc,,,,,,,,,,,,,,,,,,,,"[""'<external>/gzip' -d -c '<work>/archive.gz'"",""'<external>/gzip' -n -c -1 '<repo>/datasets/data/silesia/sao'""]",{}
mathzip-benchmark-results-v1,20260724T165449Z-4ef6e508,silesia,silesia,datasets/data/silesia/sao,sao,Per-file upstream terms; see Silesia provenance,datasets/manifests/silesia.json,datasets/data/silesia/dataset.json,7b9daf7c42ff8dff9effce4fef13077fe99c06d23a7969f92fbeec67c7701f30,true,c2d0ea2cc59d4c21b7fe43a71499342a00cbe530a1d5548770e91ecd6214adcc,7.525199903781792,7251944,bzip2-fast,bzip2,fast,,1,ok,,3,3,5067350,1.431111725063396,0.3012425357945401,30.124253579454006,5.590059713643679,0.0,1.0147552310081664,0.5169154309987789,7.1464958035201676,14.029265843327341,1.0131489999999985,0.5126460000000179,2453504.0,true,true,ac72f1f67b34a0304de826f386120e25ef11ba34d7b60a948b59b11b0823006a,c2d0ea2cc59d4c21b7fe43a71499342a00cbe530a1d5548770e91ecd6214adcc,,,,,,,,,,,,,,,,,,,,"[""'<external>/bzip2' -c -1"",""'<external>/bzip2' -d -c '<work>/archive.bz2'""]",{}
mathzip-benchmark-results-v1,20260724T165449Z-4ef6e508,silesia,silesia,datasets/data/silesia/sao,sao,Per-file upstream terms; see Silesia provenance,datasets/manifests/silesia.json,datasets/data/silesia/dataset.json,7b9daf7c42ff8dff9effce4fef13077fe99c06d23a7969f92fbeec67c7701f30,true,c2d0ea2cc59d4c21b7fe43a71499342a00cbe530a1d5548770e91ecd6214adcc,7.525199903781792,7251944,xz-fast,xz,fast,,1,ok,,3,3,4925436,1.4723455953950066,0.3208116334047808,32.08116334047808,5.433506932761754,0.0,1.6566235439968295,0.4544560720096342,4.377544932449589,15.957414691218522,1.654470999999944,0.45300200000008317,10850304.0,true,true,660afd73bb2f08a6352010e48fbcef89c4836ee871f8510890fea48e80e17429,c2d0ea2cc59d4c21b7fe43a71499342a00cbe530a1d5548770e91ecd6214adcc,,,,,,,,,,,,,,,,,,,,"[""'<external>/xz' -c --threads=1 -1 '<repo>/datasets/data/silesia/sao'"",""'<external>/xz' -d -c --threads=1 '<work>/archive.xz'""]",{}
mathzip-benchmark-results-v1,20260724T165449Z-4ef6e508,silesia,silesia,datasets/data/silesia/sao,sao,Per-file upstream terms; see Silesia provenance,datasets/manifests/silesia.json,datasets/data/silesia/dataset.json,7b9daf7c42ff8dff9effce4fef13077fe99c06d23a7969f92fbeec67c7701f30,true,c2d0ea2cc59d4c21b7fe43a71499342a00cbe530a1d5548770e91ecd6214adcc,7.525199903781792,7251944,zstd-fast,zstd,fast,,1,ok,,3,3,6251839,1.1599697305064958,0.13790853873113196,13.790853873113196,6.896731690150944,0.0,0.07490725300158374,0.02388674599933438,96.81230734554735,303.5969822010114,0.09249999999997272,0.03490399999998317,15060992.0,true,true,2c302d5ea002fca73f99c79fe35dd402df7f74c2362bbe5501dda44fe80397ed,c2d0ea2cc59d4c21b7fe43a71499342a00cbe530a1d5548770e91ecd6214adcc,,,,,,,,,,,,,,,,,,,,"[""'<external>/zstd' -q -d -c '<work>/archive.zst'"",""'<external>/zstd' -q -f -T1 -1 -c '<repo>/datasets/data/silesia/sao'""]",{}
mathzip-benchmark-results-v1,20260724T165449Z-4ef6e508,silesia,silesia,datasets/data/silesia/sao,sao,Per-file upstream terms; see Silesia provenance,datasets/manifests/silesia.json,datasets/data/silesia/dataset.json,7b9daf7c42ff8dff9effce4fef13077fe99c06d23a7969f92fbeec67c7701f30,true,c2d0ea2cc59d4c21b7fe43a71499342a00cbe530a1d5548770e91ecd6214adcc,7.525199903781792,7251944,lz4-fast,lz4,fast,,1,ok,,3,3,6790464,1.067960009801981,0.06363535074181492,6.363535074181492,7.490917194065481,0.0,0.04616227599035483,0.031162143000983633,157.09676016657465,232.7164726691323,0.04500600000005761,0.030304999999998472,9887744.0,true,true,16dc1ef4b5e8012ed6efc6d12bb9c935716cdb83c60415a89fe33ed72768c4e2,c2d0ea2cc59d4c21b7fe43a71499342a00cbe530a1d5548770e91ecd6214adcc,,,,,,,,,,,,,,,,,,,,"[""'<tmp>/mathzip-baselines.1ujJRr/extracted/usr/bin/lz4' -q -d -f '<work>/archive.lz4' '<work>/restored.bin'"",""'<tmp>/mathzip-baselines.1ujJRr/extracted/usr/bin/lz4' -q -f -1 '<repo>/datasets/data/silesia/sao' '<work>/archive.lz4'""]",{}
mathzip-benchmark-results-v1,20260724T165449Z-4ef6e508,silesia,silesia,datasets/data/silesia/sao,sao,Per-file upstream terms; see Silesia provenance,datasets/manifests/silesia.json,datasets/data/silesia/dataset.json,7b9daf7c42ff8dff9effce4fef13077fe99c06d23a7969f92fbeec67c7701f30,true,c2d0ea2cc59d4c21b7fe43a71499342a00cbe530a1d5548770e91ecd6214adcc,7.525199903781792,7251944,brotli-fast,brotli,fast,,1,ok,,3,3,5697644,1.2727969666058463,0.214328737232389,21.4328737232389,6.285370102140888,0.0,0.4714117989933584,0.09070578699174803,15.383458826201698,79.95018003272213,0.4698569999999336,0.08981400000004669,19894272.0,true,true,ac219eaf8ba79657460b2396e25928e61a6b3e111c1b76cddac2891a7f572c1a,c2d0ea2cc59d4c21b7fe43a71499342a00cbe530a1d5548770e91ecd6214adcc,,,,,,,,,,,,,,,,,,,,"[""'<tmp>/mathzip-baselines.1ujJRr/extracted/usr/bin/brotli' -f -d -o '<work>/restored.bin' '<work>/archive.br'"",""'<tmp>/mathzip-baselines.1ujJRr/extracted/usr/bin/brotli' -f -q 4 -o '<work>/archive.br' '<repo>/datasets/data/silesia/sao'""]",{}
mathzip-benchmark-results-v1,20260724T165449Z-4ef6e508,silesia,silesia,datasets/data/silesia/sao,sao,Per-file upstream terms; see Silesia provenance,datasets/manifests/silesia.json,datasets/data/silesia/dataset.json,7b9daf7c42ff8dff9effce4fef13077fe99c06d23a7969f92fbeec67c7701f30,true,c2d0ea2cc59d4c21b7fe43a71499342a00cbe530a1d5548770e91ecd6214adcc,7.525199903781792,7251944,7z-fast,7z,fast,,1,ok,,3,3,4854484,1.4938650534227738,0.330595492739602,33.0595492739602,5.355236058083184,0.0,0.9848435390013037,0.3788832949940115,7.363549348512708,19.14031073899582,0.9839560000000347,0.37638300000003255,11812864.0,true,true,6d30caf1298178a138dc615c8060a2cffed043e8f79837e9d9655a7acce54a26,c2d0ea2cc59d4c21b7fe43a71499342a00cbe530a1d5548770e91ecd6214adcc,,,,,,,,,,,,,,,,,,,,"[""'<tmp>/mathzip-baselines.1ujJRr/extracted/usr/lib/7zip/7z' a -y -bd -bso0 -bsp0 -t7z -m0=lzma2 -mx=1 -mmt=1 '<work>/archive.7z' '<repo>/datasets/data/silesia/sao'"",""'<tmp>/mathzip-baselines.1ujJRr/extracted/usr/lib/7zip/7z' e -so -bd -mmt=1 '<work>/archive.7z'""]",{}
mathzip-benchmark-results-v1,20260724T165449Z-4ef6e508,silesia,silesia,datasets/data/silesia/webster,webster,Per-file upstream terms; see Silesia provenance,datasets/manifests/silesia.json,datasets/data/silesia/dataset.json,7b9daf7c42ff8dff9effce4fef13077fe99c06d23a7969f92fbeec67c7701f30,true,6a68f69b26daf09f9dd84f7470368553194a0b294fcfa80f1604efb11143a383,4.970730978411171,41458703,mathzip-fast,mathzip,fast,,1,ok,,3,3,36370133,1.139910678907883,0.12273828247834961,12.273828247834961,7.018093740173203,0.0,30.942310057012946,1.2990563700004714,1.3398709703189584,31.91447573594128,30.922800000000052,1.2977840000000924,289308672.0,true,true,262c87741636d38728b726ffbf8dce88ae40e4e8bdd5a91aaffad8542f4bef48,6a68f69b26daf09f9dd84f7470368553194a0b294fcfa80f1604efb11143a383,"[{""type"":""identity""}]",2531,16380.364677992888,16384.0,"{""raw"":2531}","{""bit_pack"":2531}",0,91116,36278897,120,100.0,0.0,4.970730978411171,36278897,0,0,3.450498672,0.450017803,26.949694955,"[""'<repo>/target/release/mathzip' compress --mode fast --max-input-bytes 8589934592 --no-sync --force '<repo>/datasets/data/silesia/webster' '<work>/archive.mz'"",""'<repo>/target/release/mathzip' compress --mode fast --max-input-bytes 8589934592 --no-sync --force --metrics-output '<work>/metrics-probe.mz.metrics.json' '<repo>/datasets/data/silesia/webster' '<work>/metrics-probe.mz'"",""'<repo>/target/release/mathzip' decompress --max-archive-bytes 17179869184 --max-output-bytes 8589934592 --max-segments 8388608 --no-sync --force '<work>/archive.mz' '<work>/restored.bin'""]",{}
mathzip-benchmark-results-v1,20260724T165449Z-4ef6e508,silesia,silesia,datasets/data/silesia/webster,webster,Per-file upstream terms; see Silesia provenance,datasets/manifests/silesia.json,datasets/data/silesia/dataset.json,7b9daf7c42ff8dff9effce4fef13077fe99c06d23a7969f92fbeec67c7701f30,true,6a68f69b26daf09f9dd84f7470368553194a0b294fcfa80f1604efb11143a383,4.970730978411171,41458703,raw,raw,default,,1,ok,,3,3,41458703,1.0,0.0,0.0,8.0,0.0,0.04099459700228181,0.03977688099257648,1011.3211503870219,1042.281394756351,0.040993528000001334,0.03978308599999991,,true,true,6a68f69b26daf09f9dd84f7470368553194a0b294fcfa80f1604efb11143a383,6a68f69b26daf09f9dd84f7470368553194a0b294fcfa80f1604efb11143a383,,,,,,,,,,,,,,,,,,,,"[""stdlib:shutil.copyfile""]",{}
mathzip-benchmark-results-v1,20260724T165449Z-4ef6e508,silesia,silesia,datasets/data/silesia/webster,webster,Per-file upstream terms; see Silesia provenance,datasets/manifests/silesia.json,datasets/data/silesia/dataset.json,7b9daf7c42ff8dff9effce4fef13077fe99c06d23a7969f92fbeec67c7701f30,true,6a68f69b26daf09f9dd84f7470368553194a0b294fcfa80f1604efb11143a383,4.970730978411171,41458703,gzip-fast,gzip,fast,,1,ok,,3,3,14977096,2.7681402990272614,0.6387466342109158,63.87466342109158,2.890026926312673,0.0,0.8065958880033577,0.42550172499613836,51.39959627444495,97.43486468915316,0.8051539999999022,0.4244100000000799,1970176.0,true,true,1af3be7a186667da3209a97c805ab9fbcb994d1e3ad36ed5ca32a219bea710b3,6a68f69b26daf09f9dd84f7470368553194a0b294fcfa80f1604efb11143a383,,,,,,,,,,,,,,,,,,,,"[""'<external>/gzip' -d -c '<work>/archive.gz'"",""'<external>/gzip' -n -c -1 '<repo>/datasets/data/silesia/webster'""]",{}
mathzip-benchmark-results-v1,20260724T165449Z-4ef6e508,silesia,silesia,datasets/data/silesia/webster,webster,Per-file upstream terms; see Silesia provenance,datasets/manifests/silesia.json,datasets/data/silesia/dataset.json,7b9daf7c42ff8dff9effce4fef13077fe99c06d23a7969f92fbeec67c7701f30,true,6a68f69b26daf09f9dd84f7470368553194a0b294fcfa80f1604efb11143a383,4.970730978411171,41458703,bzip2-fast,bzip2,fast,,1,ok,,3,3,10315781,4.018959204349143,0.7511793603384072,75.11793603384072,1.990565117292743,0.0,4.411356251992402,1.8077382650080835,9.398176123561786,22.934018603525335,4.40841300000011,1.8055560000000241,2457600.0,true,true,b94ab765afe3509677ee6d0d7ad4389925690038b48c82448262cb6af7de7a6f,6a68f69b26daf09f9dd84f7470368553194a0b294fcfa80f1604efb11143a383,,,,,,,,,,,,,,,,,,,,"[""'<external>/bzip2' -c -1"",""'<external>/bzip2' -d -c '<work>/archive.bz2'""]",{}
mathzip-benchmark-results-v1,20260724T165449Z-4ef6e508,silesia,silesia,datasets/data/silesia/webster,webster,Per-file upstream terms; see Silesia provenance,datasets/manifests/silesia.json,datasets/data/silesia/dataset.json,7b9daf7c42ff8dff9effce4fef13077fe99c06d23a7969f92fbeec67c7701f30,true,6a68f69b26daf09f9dd84f7470368553194a0b294fcfa80f1604efb11143a383,4.970730978411171,41458703,xz-fast,xz,fast,,1,ok,,3,3,11272028,3.6780163250126776,0.7281143117284687,72.81143117284688,2.1750855061722505,0.0,4.553225370007567,0.9271687589935027,9.105348325846453,44.715379587429055,4.549763999999868,0.9252390000001469,10846208.0,true,true,b7c681c8ee0a57d240cf9af5c6127d5887f5fa2ef5219723057f5fad3de114a7,6a68f69b26daf09f9dd84f7470368553194a0b294fcfa80f1604efb11143a383,,,,,,,,,,,,,,,,,,,,"[""'<external>/xz' -c --threads=1 -1 '<repo>/datasets/data/silesia/webster'"",""'<external>/xz' -d -c --threads=1 '<work>/archive.xz'""]",{}
mathzip-benchmark-results-v1,20260724T165449Z-4ef6e508,silesia,silesia,datasets/data/silesia/webster,webster,Per-file upstream terms; see Silesia provenance,datasets/manifests/silesia.json,datasets/data/silesia/dataset.json,7b9daf7c42ff8dff9effce4fef13077fe99c06d23a7969f92fbeec67c7701f30,true,6a68f69b26daf09f9dd84f7470368553194a0b294fcfa80f1604efb11143a383,4.970730978411171,41458703,zstd-fast,zstd,fast,,1,ok,,3,3,13669548,3.0329242049554237,0.6702851992258416,67.02851992258417,2.6377184061932666,0.0,0.2880132459977176,0.090732515003765,143.94720929025794,456.9332504260424,0.3393540000001849,0.13791900000001078,13238272.0,true,true,422d86f47d7f9bc4a968bf5f7961b82ccfa578e79ad25850fbacca26d37cffd7,6a68f69b26daf09f9dd84f7470368553194a0b294fcfa80f1604efb11143a383,,,,,,,,,,,,,,,,,,,,"[""'<external>/zstd' -q -d -c '<work>/archive.zst'"",""'<external>/zstd' -q -f -T1 -1 -c '<repo>/datasets/data/silesia/webster'""]",{}
mathzip-benchmark-results-v1,20260724T165449Z-4ef6e508,silesia,silesia,datasets/data/silesia/webster,webster,Per-file upstream terms; see Silesia provenance,datasets/manifests/silesia.json,datasets/data/silesia/dataset.json,7b9daf7c42ff8dff9effce4fef13077fe99c06d23a7969f92fbeec67c7701f30,true,6a68f69b26daf09f9dd84f7470368553194a0b294fcfa80f1604efb11143a383,4.970730978411171,41458703,lz4-fast,lz4,fast,,1,ok,,3,3,20149249,2.0575805579652124,0.5139922973470733,51.39922973470733,3.8880616212234136,0.0,0.19971144100418314,0.10781911498634145,207.5930291801941,384.52089877803206,0.1985610000001543,0.10643000000004577,8052736.0,true,true,1fb677685f93efd5e391ab0af8b98f9353b1771904c70e2afe13de8a1c9586b3,6a68f69b26daf09f9dd84f7470368553194a0b294fcfa80f1604efb11143a383,,,,,,,,,,,,,,,,,,,,"[""'<tmp>/mathzip-baselines.1ujJRr/extracted/usr/bin/lz4' -q -d -f '<work>/archive.lz4' '<work>/restored.bin'"",""'<tmp>/mathzip-baselines.1ujJRr/extracted/usr/bin/lz4' -q -f -1 '<repo>/datasets/data/silesia/webster' '<work>/archive.lz4'""]",{}
mathzip-benchmark-results-v1,20260724T165449Z-4ef6e508,silesia,silesia,datasets/data/silesia/webster,webster,Per-file upstream terms; see Silesia provenance,datasets/manifests/silesia.json,datasets/data/silesia/dataset.json,7b9daf7c42ff8dff9effce4fef13077fe99c06d23a7969f92fbeec67c7701f30,true,6a68f69b26daf09f9dd84f7470368553194a0b294fcfa80f1604efb11143a383,4.970730978411171,41458703,brotli-fast,brotli,fast,,1,ok,,3,3,10950286,3.786084034700098,0.7358748535862301,73.58748535862301,2.113001171310159,0.0,2.5535402730019996,0.22235096100484952,16.235774089147306,186.4561448830247,2.551985000000059,0.21979699999997138,65040384.0,true,true,1b94bbbe67b253e32530f5263fe297e1938969ccef4bdf0dd541df82d59b1c57,6a68f69b26daf09f9dd84f7470368553194a0b294fcfa80f1604efb11143a383,,,,,,,,,,,,,,,,,,,,"[""'<tmp>/mathzip-baselines.1ujJRr/extracted/usr/bin/brotli' -f -d -o '<work>/restored.bin' '<work>/archive.br'"",""'<tmp>/mathzip-baselines.1ujJRr/extracted/usr/bin/brotli' -f -q 4 -o '<work>/archive.br' '<repo>/datasets/data/silesia/webster'""]",{}
mathzip-benchmark-results-v1,20260724T165449Z-4ef6e508,silesia,silesia,datasets/data/silesia/webster,webster,Per-file upstream terms; see Silesia provenance,datasets/manifests/silesia.json,datasets/data/silesia/dataset.json,7b9daf7c42ff8dff9effce4fef13077fe99c06d23a7969f92fbeec67c7701f30,true,6a68f69b26daf09f9dd84f7470368553194a0b294fcfa80f1604efb11143a383,4.970730978411171,41458703,7z-fast,7z,fast,,1,ok,,3,3,11132785,3.7240190123136303,0.7314729069069044,73.14729069069044,2.1482167447447647,0.0,3.000453065003967,0.8027723189879907,13.817480927649568,51.64441027596046,2.9983640000000378,0.8012719999999263,11771904.0,true,true,d02dcbc4b262ffce1f005c18ade916dcfa84aac350937ff23a40799bd9e79231,6a68f69b26daf09f9dd84f7470368553194a0b294fcfa80f1604efb11143a383,,,,,,,,,,,,,,,,,,,,"[""'<tmp>/mathzip-baselines.1ujJRr/extracted/usr/lib/7zip/7z' a -y -bd -bso0 -bsp0 -t7z -m0=lzma2 -mx=1 -mmt=1 '<work>/archive.7z' '<repo>/datasets/data/silesia/webster'"",""'<tmp>/mathzip-baselines.1ujJRr/extracted/usr/lib/7zip/7z' e -so -bd -mmt=1 '<work>/archive.7z'""]",{}
mathzip-benchmark-results-v1,20260724T165449Z-4ef6e508,silesia,silesia,datasets/data/silesia/x-ray,x-ray,Per-file upstream terms; see Silesia provenance,datasets/manifests/silesia.json,datasets/data/silesia/dataset.json,7b9daf7c42ff8dff9effce4fef13077fe99c06d23a7969f92fbeec67c7701f30,true,7de9fce1405dc44ae5e6813ed21cd5751e761bd4265655a005d39b9685d1c9ad,6.604646126833166,8474240,mathzip-fast,mathzip,fast,,1,ok,,3,3,8474396,0.9999815916084167,-1.840873045844127e-05,-0.001840873045844127,8.000147269843668,0.001840873045844127,4.367445238007349,0.17923671599419322,1.9403196922204295,47.27959867483034,4.3648060000002715,0.17790499999978238,54321152.0,true,true,accedd513fb8eaaad1fe94431266e845a94d799cec13079f4888fb0f585affe1,7de9fce1405dc44ae5e6813ed21cd5751e761bd4265655a005d39b9685d1c9ad,"[{""type"":""identity""}]",1,8474240.0,8474240.0,"{""raw"":1}","{""raw"":1}",0,36,8474240,120,100.0,100.0,6.604646126833163,8474240,0,0,0.649491117,0.095550766,3.656568643,"[""'<repo>/target/release/mathzip' compress --mode fast --max-input-bytes 8589934592 --no-sync --force '<repo>/datasets/data/silesia/x-ray' '<work>/archive.mz'"",""'<repo>/target/release/mathzip' compress --mode fast --max-input-bytes 8589934592 --no-sync --force --metrics-output '<work>/metrics-probe.mz.metrics.json' '<repo>/datasets/data/silesia/x-ray' '<work>/metrics-probe.mz'"",""'<repo>/target/release/mathzip' decompress --max-archive-bytes 17179869184 --max-output-bytes 8589934592 --max-segments 8388608 --no-sync --force '<work>/archive.mz' '<work>/restored.bin'""]",{}
mathzip-benchmark-results-v1,20260724T165449Z-4ef6e508,silesia,silesia,datasets/data/silesia/x-ray,x-ray,Per-file upstream terms; see Silesia provenance,datasets/manifests/silesia.json,datasets/data/silesia/dataset.json,7b9daf7c42ff8dff9effce4fef13077fe99c06d23a7969f92fbeec67c7701f30,true,7de9fce1405dc44ae5e6813ed21cd5751e761bd4265655a005d39b9685d1c9ad,6.604646126833166,8474240,raw,raw,default,,1,ok,,3,3,8474240,1.0,0.0,0.0,8.0,0.0,0.0077901190088596195,0.007845782005460933,1087.819068022239,1080.1013836608815,0.007796216000002687,0.007849635999988891,,true,true,7de9fce1405dc44ae5e6813ed21cd5751e761bd4265655a005d39b9685d1c9ad,7de9fce1405dc44ae5e6813ed21cd5751e761bd4265655a005d39b9685d1c9ad,,,,,,,,,,,,,,,,,,,,"[""stdlib:shutil.copyfile""]",{}
mathzip-benchmark-results-v1,20260724T165449Z-4ef6e508,silesia,silesia,datasets/data/silesia/x-ray,x-ray,Per-file upstream terms; see Silesia provenance,datasets/manifests/silesia.json,datasets/data/silesia/dataset.json,7b9daf7c42ff8dff9effce4fef13077fe99c06d23a7969f92fbeec67c7701f30,true,7de9fce1405dc44ae5e6813ed21cd5751e761bd4265655a005d39b9685d1c9ad,6.604646126833166,8474240,gzip-fast,gzip,fast,,1,ok,,3,3,6028239,1.4057571373663187,0.28863957121818595,28.863957121818594,5.690883430254512,0.0,0.2840082600014284,0.1316432039893698,29.838005415607906,64.37278752866192,0.28282800000010866,0.1290169999997488,1949696.0,true,true,629ae3355b4defbe2dec0a7195aa1466c82b5833f44d999e9d386a8f43f99f56,7de9fce1405dc44ae5e6813ed21cd5751e761bd4265655a005d39b9685d1c9ad,,,,,,,,,,,,,,,,,,,,"[""'<external>/gzip' -d -c '<work>/archive.gz'"",""'<external>/gzip' -n -c -1 '<repo>/datasets/data/silesia/x-ray'""]",{}
mathzip-benchmark-results-v1,20260724T165449Z-4ef6e508,silesia,silesia,datasets/data/silesia/x-ray,x-ray,Per-file upstream terms; see Silesia provenance,datasets/manifests/silesia.json,datasets/data/silesia/dataset.json,7b9daf7c42ff8dff9effce4fef13077fe99c06d23a7969f92fbeec67c7701f30,true,7de9fce1405dc44ae5e6813ed21cd5751e761bd4265655a005d39b9685d1c9ad,6.604646126833166,8474240,bzip2-fast,bzip2,fast,,1,ok,,3,3,4331799,1.9562865220662362,0.4888274346726078,48.88274346726078,4.0893805226191375,0.0,0.9256467219965998,0.47889378100808244,9.154939782772901,17.695448001353306,0.9231519999998454,0.47746600000027684,2457600.0,true,true,c94ec53e750b83271108578dbd95ea8d1a31c901277ea7763f6e9acc4e4e2b8d,7de9fce1405dc44ae5e6813ed21cd5751e761bd4265655a005d39b9685d1c9ad,,,,,,,,,,,,,,,,,,,,"[""'<external>/bzip2' -c -1"",""'<external>/bzip2' -d -c '<work>/archive.bz2'""]",{}
mathzip-benchmark-results-v1,20260724T165449Z-4ef6e508,silesia,silesia,datasets/data/silesia/x-ray,x-ray,Per-file upstream terms; see Silesia provenance,datasets/manifests/silesia.json,datasets/data/silesia/dataset.json,7b9daf7c42ff8dff9effce4fef13077fe99c06d23a7969f92fbeec67c7701f30,true,7de9fce1405dc44ae5e6813ed21cd5751e761bd4265655a005d39b9685d1c9ad,6.604646126833166,8474240,xz-fast,xz,fast,,1,ok,,3,3,4973432,1.7039018528854923,0.41311173627369535,41.311173627369534,4.695106109810437,0.0,1.8949145109945675,0.41022205199988093,4.472096208473383,20.65769004539634,1.8915349999999762,0.4087379999998575,10846208.0,true,true,d875d3fbc2fee7b94ee2c6e0de63dc9a7e0bae9ba94932c0ec257771390e1508,7de9fce1405dc44ae5e6813ed21cd5751e761bd4265655a005d39b9685d1c9ad,,,,,,,,,,,,,,,,,,,,"[""'<external>/xz' -c --threads=1 -1 '<repo>/datasets/data/silesia/x-ray'"",""'<external>/xz' -d -c --threads=1 '<work>/archive.xz'""]",{}
mathzip-benchmark-results-v1,20260724T165449Z-4ef6e508,silesia,silesia,datasets/data/silesia/x-ray,x-ray,Per-file upstream terms; see Silesia provenance,datasets/manifests/silesia.json,datasets/data/silesia/dataset.json,7b9daf7c42ff8dff9effce4fef13077fe99c06d23a7969f92fbeec67c7701f30,true,7de9fce1405dc44ae5e6813ed21cd5751e761bd4265655a005d39b9685d1c9ad,6.604646126833166,8474240,zstd-fast,zstd,fast,,1,ok,,3,3,6772338,1.2513019875853804,0.20083240502983157,20.08324050298316,6.393340759761347,0.0,0.056412136007566005,0.022748076997231692,150.2201582805415,372.52555462298045,0.07584399999996094,0.034407999999984895,16011264.0,true,true,4ecf13a1ba0ea8da95255602a308792f68fcb9efc457f1a1b01fa56f8b4a758c,7de9fce1405dc44ae5e6813ed21cd5751e761bd4265655a005d39b9685d1c9ad,,,,,,,,,,,,,,,,,,,,"[""'<external>/zstd' -q -d -c '<work>/archive.zst'"",""'<external>/zstd' -q -f -T1 -1 -c '<repo>/datasets/data/silesia/x-ray'""]",{}
mathzip-benchmark-results-v1,20260724T165449Z-4ef6e508,silesia,silesia,datasets/data/silesia/x-ray,x-ray,Per-file upstream terms; see Silesia provenance,datasets/manifests/silesia.json,datasets/data/silesia/dataset.json,7b9daf7c42ff8dff9effce4fef13077fe99c06d23a7969f92fbeec67c7701f30,true,7de9fce1405dc44ae5e6813ed21cd5751e761bd4265655a005d39b9685d1c9ad,6.604646126833166,8474240,lz4-fast,lz4,fast,,1,ok,,3,3,8406634,1.008041982082246,0.007977824560078561,0.7977824560078561,7.9361774035193715,0.0,0.04036332700343337,0.03262722499493975,209.94899650564403,259.72910663760996,0.03938900000002832,0.03186400000026879,10149888.0,true,true,910e494fbdf0f6a0b50a189f2e8f4202fdbb6e5cdbf7dadb63d4742bfd3efc29,7de9fce1405dc44ae5e6813ed21cd5751e761bd4265655a005d39b9685d1c9ad,,,,,,,,,,,,,,,,,,,,"[""'<tmp>/mathzip-baselines.1ujJRr/extracted/usr/bin/lz4' -q -d -f '<work>/archive.lz4' '<work>/restored.bin'"",""'<tmp>/mathzip-baselines.1ujJRr/extracted/usr/bin/lz4' -q -f -1 '<repo>/datasets/data/silesia/x-ray' '<work>/archive.lz4'""]",{}
mathzip-benchmark-results-v1,20260724T165449Z-4ef6e508,silesia,silesia,datasets/data/silesia/x-ray,x-ray,Per-file upstream terms; see Silesia provenance,datasets/manifests/silesia.json,datasets/data/silesia/dataset.json,7b9daf7c42ff8dff9effce4fef13077fe99c06d23a7969f92fbeec67c7701f30,true,7de9fce1405dc44ae5e6813ed21cd5751e761bd4265655a005d39b9685d1c9ad,6.604646126833166,8474240,brotli-fast,brotli,fast,,1,ok,,3,3,6438116,1.3162608440108876,0.24027216599954682,24.02721659995468,6.0778226720036255,0.0,0.3295535190118244,0.11080246500205249,25.714305905184233,76.48060898142496,0.32844799999975294,0.1093500000001768,19558400.0,true,true,77c108858535abe0d0383dc48e184887f535c665f71be5857b29a8b9e69378ba,7de9fce1405dc44ae5e6813ed21cd5751e761bd4265655a005d39b9685d1c9ad,,,,,,,,,,,,,,,,,,,,"[""'<tmp>/mathzip-baselines.1ujJRr/extracted/usr/bin/brotli' -f -d -o '<work>/restored.bin' '<work>/archive.br'"",""'<tmp>/mathzip-baselines.1ujJRr/extracted/usr/bin/brotli' -f -q 4 -o '<work>/archive.br' '<repo>/datasets/data/silesia/x-ray'""]",{}
mathzip-benchmark-results-v1,20260724T165449Z-4ef6e508,silesia,silesia,datasets/data/silesia/x-ray,x-ray,Per-file upstream terms; see Silesia provenance,datasets/manifests/silesia.json,datasets/data/silesia/dataset.json,7b9daf7c42ff8dff9effce4fef13077fe99c06d23a7969f92fbeec67c7701f30,true,7de9fce1405dc44ae5e6813ed21cd5751e761bd4265655a005d39b9685d1c9ad,6.604646126833166,8474240,7z-fast,7z,fast,,1,ok,,3,3,5092503,1.6640618572046006,0.3990608007325731,39.906080073257314,4.807513594139415,0.0,0.9751997849962208,0.3725974910048535,8.689747609032583,22.74368508801798,0.9740329999999631,0.3713870000001407,11776000.0,true,true,3d43ed15823df3b07b007d3cf7a7017376fb706bb1d7fc58f5d6a301c7267fe3,7de9fce1405dc44ae5e6813ed21cd5751e761bd4265655a005d39b9685d1c9ad,,,,,,,,,,,,,,,,,,,,"[""'<tmp>/mathzip-baselines.1ujJRr/extracted/usr/lib/7zip/7z' a -y -bd -bso0 -bsp0 -t7z -m0=lzma2 -mx=1 -mmt=1 '<work>/archive.7z' '<repo>/datasets/data/silesia/x-ray'"",""'<tmp>/mathzip-baselines.1ujJRr/extracted/usr/lib/7zip/7z' e -so -bd -mmt=1 '<work>/archive.7z'""]",{}
mathzip-benchmark-results-v1,20260724T165449Z-4ef6e508,silesia,silesia,datasets/data/silesia/xml,xml,Per-file upstream terms; see Silesia provenance,datasets/manifests/silesia.json,datasets/data/silesia/dataset.json,7b9daf7c42ff8dff9effce4fef13077fe99c06d23a7969f92fbeec67c7701f30,true,0e82e54e695c1938e4193448022543845b33020c8be6bf3bf3ead2224903e08c,5.518154617082,5345280,mathzip-fast,mathzip,fast,,1,ok,,3,3,4694694,1.138579000037063,0.12171223958333333,12.171223958333332,7.026302083333333,0.0,3.6460528540046653,0.16809229900536593,1.4660456702181313,31.79967215410246,3.6437439999999697,0.16709499999979016,40796160.0,true,true,da2ec2173e2ea010e47ca7185aed4935fd792f53aa3bcf6c786c8ca3660b0271,0e82e54e695c1938e4193448022543845b33020c8be6bf3bf3ead2224903e08c,"[{""type"":""identity""}]",327,16346.422018348623,16384.0,"{""raw"":326,""recurrence"":1}","{""bit_pack"":320,""raw"":4,""sparse"":1,""zero_run"":2}",3,11772,4682799,120,99.69348659003832,1.2260536398467432,5.540414033615906,4682799,1,0,0.394872875,0.059203851,3.20649178,"[""'<repo>/target/release/mathzip' compress --mode fast --max-input-bytes 8589934592 --no-sync --force '<repo>/datasets/data/silesia/xml' '<work>/archive.mz'"",""'<repo>/target/release/mathzip' compress --mode fast --max-input-bytes 8589934592 --no-sync --force --metrics-output '<work>/metrics-probe.mz.metrics.json' '<repo>/datasets/data/silesia/xml' '<work>/metrics-probe.mz'"",""'<repo>/target/release/mathzip' decompress --max-archive-bytes 17179869184 --max-output-bytes 8589934592 --max-segments 8388608 --no-sync --force '<work>/archive.mz' '<work>/restored.bin'""]",{}
mathzip-benchmark-results-v1,20260724T165449Z-4ef6e508,silesia,silesia,datasets/data/silesia/xml,xml,Per-file upstream terms; see Silesia provenance,datasets/manifests/silesia.json,datasets/data/silesia/dataset.json,7b9daf7c42ff8dff9effce4fef13077fe99c06d23a7969f92fbeec67c7701f30,true,0e82e54e695c1938e4193448022543845b33020c8be6bf3bf3ead2224903e08c,5.518154617082,5345280,raw,raw,default,,1,ok,,3,3,5345280,1.0,0.0,0.0,8.0,0.0,0.00499340399983339,0.005090395003207959,1070.4681616344983,1050.0717521197103,0.004998301000000538,0.005093888000004654,,true,true,0e82e54e695c1938e4193448022543845b33020c8be6bf3bf3ead2224903e08c,0e82e54e695c1938e4193448022543845b33020c8be6bf3bf3ead2224903e08c,,,,,,,,,,,,,,,,,,,,"[""stdlib:shutil.copyfile""]",{}
mathzip-benchmark-results-v1,20260724T165449Z-4ef6e508,silesia,silesia,datasets/data/silesia/xml,xml,Per-file upstream terms; see Silesia provenance,datasets/manifests/silesia.json,datasets/data/silesia/dataset.json,7b9daf7c42ff8dff9effce4fef13077fe99c06d23a7969f92fbeec67c7701f30,true,0e82e54e695c1938e4193448022543845b33020c8be6bf3bf3ead2224903e08c,5.518154617082,5345280,gzip-fast,gzip,fast,,1,ok,,3,3,967164,5.526756579028996,0.8190620510057471,81.90620510057471,1.447503591954023,0.0,0.06436978999408893,0.04223252000520006,83.040196348176,126.56786758975878,0.06365099999993618,0.04133999999999105,1974272.0,true,true,db353f82b201ec602f94969e6a252072281165a2632f8771af5efeed1b7ffd13,0e82e54e695c1938e4193448022543845b33020c8be6bf3bf3ead2224903e08c,,,,,,,,,,,,,,,,,,,,"[""'<external>/gzip' -d -c '<work>/archive.gz'"",""'<external>/gzip' -n -c -1 '<repo>/datasets/data/silesia/xml'""]",{}
mathzip-benchmark-results-v1,20260724T165449Z-4ef6e508,silesia,silesia,datasets/data/silesia/xml,xml,Per-file upstream terms; see Silesia provenance,datasets/manifests/silesia.json,datasets/data/silesia/dataset.json,7b9daf7c42ff8dff9effce4fef13077fe99c06d23a7969f92fbeec67c7701f30,true,0e82e54e695c1938e4193448022543845b33020c8be6bf3bf3ead2224903e08c,5.518154617082,5345280,bzip2-fast,bzip2,fast,,1,ok,,3,3,567188,9.424176816152668,0.8938899365421455,89.38899365421456,0.8488805076628353,0.0,0.6460494959901553,0.17790734699519817,8.273793313324484,30.045302177117353,0.6448629999999866,0.1769890000000487,2453504.0,true,true,2ce9931879d8db03307845f0e16625b741d5f8ecbdc954060651dd3fd25d9a76,0e82e54e695c1938e4193448022543845b33020c8be6bf3bf3ead2224903e08c,,,,,,,,,,,,,,,,,,,,"[""'<external>/bzip2' -c -1"",""'<external>/bzip2' -d -c '<work>/archive.bz2'""]",{}
mathzip-benchmark-results-v1,20260724T165449Z-4ef6e508,silesia,silesia,datasets/data/silesia/xml,xml,Per-file upstream terms; see Silesia provenance,datasets/manifests/silesia.json,datasets/data/silesia/dataset.json,7b9daf7c42ff8dff9effce4fef13077fe99c06d23a7969f92fbeec67c7701f30,true,0e82e54e695c1938e4193448022543845b33020c8be6bf3bf3ead2224903e08c,5.518154617082,5345280,xz-fast,xz,fast,,1,ok,,3,3,560200,9.541735094609068,0.8951972581417624,89.51972581417624,0.8384219348659003,0.0,0.2783677989937132,0.06183267901360523,19.202221015947035,86.44749160591702,0.27679600000010396,0.0597419999999147,10850304.0,true,true,a789ac74792585c2c09977d8ce3fbc6ac3996f62aa48d7ea27b6340a317340ca,0e82e54e695c1938e4193448022543845b33020c8be6bf3bf3ead2224903e08c,,,,,,,,,,,,,,,,,,,,"[""'<external>/xz' -c --threads=1 -1 '<repo>/datasets/data/silesia/xml'"",""'<external>/xz' -d -c --threads=1 '<work>/archive.xz'""]",{}
mathzip-benchmark-results-v1,20260724T165449Z-4ef6e508,silesia,silesia,datasets/data/silesia/xml,xml,Per-file upstream terms; see Silesia provenance,datasets/manifests/silesia.json,datasets/data/silesia/dataset.json,7b9daf7c42ff8dff9effce4fef13077fe99c06d23a7969f92fbeec67c7701f30,true,0e82e54e695c1938e4193448022543845b33020c8be6bf3bf3ead2224903e08c,5.518154617082,5345280,zstd-fast,zstd,fast,,1,ok,,3,3,697810,7.660079391238303,0.8694530501676245,86.94530501676245,1.0443755986590038,0.0,0.028114750995882787,0.013665781007148325,190.12368278782833,391.1433965760156,0.03725499999973181,0.018952000000126645,9588736.0,true,true,33bc62a5a7cb033df6c2a936a8cd90cf74808ca57bc682656b810475eb011ece,0e82e54e695c1938e4193448022543845b33020c8be6bf3bf3ead2224903e08c,,,,,,,,,,,,,,,,,,,,"[""'<external>/zstd' -q -d -c '<work>/archive.zst'"",""'<external>/zstd' -q -f -T1 -1 -c '<repo>/datasets/data/silesia/xml'""]",{}
mathzip-benchmark-results-v1,20260724T165449Z-4ef6e508,silesia,silesia,datasets/data/silesia/xml,xml,Per-file upstream terms; see Silesia provenance,datasets/manifests/silesia.json,datasets/data/silesia/dataset.json,7b9daf7c42ff8dff9effce4fef13077fe99c06d23a7969f92fbeec67c7701f30,true,0e82e54e695c1938e4193448022543845b33020c8be6bf3bf3ead2224903e08c,5.518154617082,5345280,lz4-fast,lz4,fast,,1,ok,,3,3,1228106,4.352458175434368,0.7702447767001915,77.02447767001915,1.8380417863984675,0.0,0.028101521005737595,0.026605545994243585,190.2131916243478,200.9084873190166,0.026857999999947424,0.025314999999864085,6787072.0,true,true,625db192a431f4ee5f4adec5597b9a7efe2dc17faeb9e40b58227a466cc1d14a,0e82e54e695c1938e4193448022543845b33020c8be6bf3bf3ead2224903e08c,,,,,,,,,,,,,,,,,,,,"[""'<tmp>/mathzip-baselines.1ujJRr/extracted/usr/bin/lz4' -q -d -f '<work>/archive.lz4' '<work>/restored.bin'"",""'<tmp>/mathzip-baselines.1ujJRr/extracted/usr/bin/lz4' -q -f -1 '<repo>/datasets/data/silesia/xml' '<work>/archive.lz4'""]",{}
mathzip-benchmark-results-v1,20260724T165449Z-4ef6e508,silesia,silesia,datasets/data/silesia/xml,xml,Per-file upstream terms; see Silesia provenance,datasets/manifests/silesia.json,datasets/data/silesia/dataset.json,7b9daf7c42ff8dff9effce4fef13077fe99c06d23a7969f92fbeec67c7701f30,true,0e82e54e695c1938e4193448022543845b33020c8be6bf3bf3ead2224903e08c,5.518154617082,5345280,brotli-fast,brotli,fast,,1,ok,,3,3,581027,9.199710168374276,0.8913009234315135,89.13009234315135,0.8695926125478928,0.0,0.10506679200625513,0.02593124700069893,50.8750662119937,206.13277872274816,0.10409699999991062,0.02454600000010032,15675392.0,true,true,722babb1847922fc70281e2537e9418d79d2fa28a3c36299c6832c8d5c59dd17,0e82e54e695c1938e4193448022543845b33020c8be6bf3bf3ead2224903e08c,,,,,,,,,,,,,,,,,,,,"[""'<tmp>/mathzip-baselines.1ujJRr/extracted/usr/bin/brotli' -f -d -o '<work>/restored.bin' '<work>/archive.br'"",""'<tmp>/mathzip-baselines.1ujJRr/extracted/usr/bin/brotli' -f -q 4 -o '<work>/archive.br' '<repo>/datasets/data/silesia/xml'""]",{}
mathzip-benchmark-results-v1,20260724T165449Z-4ef6e508,silesia,silesia,datasets/data/silesia/xml,xml,Per-file upstream terms; see Silesia provenance,datasets/manifests/silesia.json,datasets/data/silesia/dataset.json,7b9daf7c42ff8dff9effce4fef13077fe99c06d23a7969f92fbeec67c7701f30,true,0e82e54e695c1938e4193448022543845b33020c8be6bf3bf3ead2224903e08c,5.518154617082,5345280,7z-fast,7z,fast,,1,ok,,3,3,562427,9.503953401952609,0.8947806288912835,89.47806288912835,0.8417549688697318,0.0,0.1780293730116682,0.05753144100890495,30.024708336470212,92.91058778056048,0.17530299999975796,0.05649700000003577,11812864.0,true,true,1e77af5eb5464ef6d352d957560fd8a45091f7c1822288c19ab9d7df6f8ca34c,0e82e54e695c1938e4193448022543845b33020c8be6bf3bf3ead2224903e08c,,,,,,,,,,,,,,,,,,,,"[""'<tmp>/mathzip-baselines.1ujJRr/extracted/usr/lib/7zip/7z' a -y -bd -bso0 -bsp0 -t7z -m0=lzma2 -mx=1 -mmt=1 '<work>/archive.7z' '<repo>/datasets/data/silesia/xml'"",""'<tmp>/mathzip-baselines.1ujJRr/extracted/usr/lib/7zip/7z' e -so -bd -mmt=1 '<work>/archive.7z'""]",{}
