schema_version,run_id,profile,corpus,input_path,input_name,input_license,input_provenance,input_manifest,input_manifest_sha256,input_manifest_verified,input_sha256,input_entropy_bits_per_byte,original_bytes,codec,codec_family,codec_level,variant,threads,status,error,successful_repeats,requested_repeats,compressed_bytes,ratio,savings,savings_percent,bits_per_byte,expansion_percent,compression_seconds,decompression_seconds,compression_mbps,decompression_mbps,compression_cpu_seconds,decompression_cpu_seconds,peak_rss_bytes,roundtrip_verified,deterministic_archive,archive_sha256,restored_sha256,transform,segment_count,mean_segment_size,median_segment_size,model_distribution_json,residual_distribution_json,model_parameter_bytes,partition_metadata_bytes,residual_bytes,container_overhead_bytes,raw_model_percent,raw_fallback_percent,estimated_residual_entropy,actual_residual_coded_bytes,math_segments_winning_raw,math_segments_winning_zstd,search_seconds,model_fitting_seconds,residual_coding_seconds,command_lines_json,tags_json
mathzip-benchmark-results-v1,20260725T170925Z-dde3921f,ablation,synthetic_ablation,datasets/synthetic/constant_00/s0000065536_n000p000_seed1297748005.bin,s0000065536_n000p000_seed1297748005.bin,CC0-1.0,python/mathzip_bench/synthetic.py and datasets/synthetic/manifest.json,datasets/synthetic/manifest.json,c7188cafa911c31e5d80193ab1dae1d468dfe9e6deafecb9be709a46aae23de1,true,de2f256064a0af797747c2b97505dc0b9f3df0de4f489eac731c23ae9ca9cc31,-0.0,65536,ablation-01-raw-only,mathzip,balanced,01 raw only,1,ok,,3,3,65692,0.9976252816172441,-0.00238037109375,-0.238037109375,8.01904296875,0.238037109375,0.006872002006275579,0.006624553992878646,9.536667762924383,9.892892422712652,0.006265999999999994,0.0043330000000000035,430080.0,true,true,870829ee00b2a7f7bfb6903157c16f6e6c2f75076917466ab6bd3a628bed436a,de2f256064a0af797747c2b97505dc0b9f3df0de4f489eac731c23ae9ca9cc31,"[{""type"":""identity""}]",1,65536.0,65536.0,"{""raw"":1}","{""raw"":1}",0,36,65536,120,100.0,100.0,0.0,65536,0,0,0.002425598,0.000165822,1.7467e-05,"[""'<repo>/target/release/mathzip' compress --mode balanced --max-input-bytes 8589934592 --no-sync --force --models raw --residual-coders raw --transforms identity --segmentation fixed --metrics-output '<work>/archive.mz.metrics.json' '<repo>/datasets/synthetic/constant_00/s0000065536_n000p000_seed1297748005.bin' '<work>/archive.mz'"",""'<repo>/target/release/mathzip' decompress --max-archive-bytes 17179869184 --max-output-bytes 8589934592 --max-segments 8388608 --no-sync --force '<work>/archive.mz' '<work>/restored.bin'""]","{""family"":""constant_00"",""noise_density"":0.0,""seed"":1297748005,""size_requested"":65536}"
mathzip-benchmark-results-v1,20260725T170925Z-dde3921f,ablation,synthetic_ablation,datasets/synthetic/constant_00/s0000065536_n000p000_seed1297748005.bin,s0000065536_n000p000_seed1297748005.bin,CC0-1.0,python/mathzip_bench/synthetic.py and datasets/synthetic/manifest.json,datasets/synthetic/manifest.json,c7188cafa911c31e5d80193ab1dae1d468dfe9e6deafecb9be709a46aae23de1,true,de2f256064a0af797747c2b97505dc0b9f3df0de4f489eac731c23ae9ca9cc31,-0.0,65536,ablation-02-residual-only,mathzip,balanced,02 residual coder only,1,ok,,3,3,712,92.04494382022472,0.9891357421875,98.91357421875,0.0869140625,0.0,0.007015949988272041,0.005997634987579659,9.341001590597266,10.926973738101225,0.005786999999999987,0.003907999999999995,2342912.0,true,true,7090753e5e0932ea6759b91873be5d151e042e797251f9c3154bf75f02c36b90,de2f256064a0af797747c2b97505dc0b9f3df0de4f489eac731c23ae9ca9cc31,"[{""type"":""identity""}]",16,4096.0,4096.0,"{""raw"":16}","{""sparse"":16}",0,576,16,120,100.0,0.0,0.0,16,0,0,0.001691077,0.000166187,0.000312669,"[""'<repo>/target/release/mathzip' compress --mode balanced --max-input-bytes 8589934592 --no-sync --force --models raw --residual-coders raw,rle,zero-run,sparse,bit-pack --transforms identity --segmentation fixed --metrics-output '<work>/archive.mz.metrics.json' '<repo>/datasets/synthetic/constant_00/s0000065536_n000p000_seed1297748005.bin' '<work>/archive.mz'"",""'<repo>/target/release/mathzip' decompress --max-archive-bytes 17179869184 --max-output-bytes 8589934592 --max-segments 8388608 --no-sync --force '<work>/archive.mz' '<work>/restored.bin'""]","{""family"":""constant_00"",""noise_density"":0.0,""seed"":1297748005,""size_requested"":65536}"
mathzip-benchmark-results-v1,20260725T170925Z-dde3921f,ablation,synthetic_ablation,datasets/synthetic/constant_00/s0000065536_n000p000_seed1297748005.bin,s0000065536_n000p000_seed1297748005.bin,CC0-1.0,python/mathzip_bench/synthetic.py and datasets/synthetic/manifest.json,datasets/synthetic/manifest.json,c7188cafa911c31e5d80193ab1dae1d468dfe9e6deafecb9be709a46aae23de1,true,de2f256064a0af797747c2b97505dc0b9f3df0de4f489eac731c23ae9ca9cc31,-0.0,65536,ablation-03-fixed-constant,mathzip,balanced,03 fixed segmentation + constant,1,ok,,3,3,712,92.04494382022472,0.9891357421875,98.91357421875,0.0869140625,0.0,0.00706695398548618,0.004905367997707799,9.27358521572309,13.360057804149237,0.006408999999999998,0.0037800000000000056,421888.0,true,true,7090753e5e0932ea6759b91873be5d151e042e797251f9c3154bf75f02c36b90,de2f256064a0af797747c2b97505dc0b9f3df0de4f489eac731c23ae9ca9cc31,"[{""type"":""identity""}]",16,4096.0,4096.0,"{""raw"":16}","{""sparse"":16}",0,576,16,120,100.0,0.0,0.0,16,0,0,0.001672291,0.000175033,0.001065374,"[""'<repo>/target/release/mathzip' compress --mode balanced --max-input-bytes 8589934592 --no-sync --force --models raw,constant --transforms identity --segmentation fixed --segment-size 4096 --metrics-output '<work>/archive.mz.metrics.json' '<repo>/datasets/synthetic/constant_00/s0000065536_n000p000_seed1297748005.bin' '<work>/archive.mz'"",""'<repo>/target/release/mathzip' decompress --max-archive-bytes 17179869184 --max-output-bytes 8589934592 --max-segments 8388608 --no-sync --force '<work>/archive.mz' '<work>/restored.bin'""]","{""family"":""constant_00"",""noise_density"":0.0,""seed"":1297748005,""size_requested"":65536}"
mathzip-benchmark-results-v1,20260725T170925Z-dde3921f,ablation,synthetic_ablation,datasets/synthetic/constant_00/s0000065536_n000p000_seed1297748005.bin,s0000065536_n000p000_seed1297748005.bin,CC0-1.0,python/mathzip_bench/synthetic.py and datasets/synthetic/manifest.json,datasets/synthetic/manifest.json,c7188cafa911c31e5d80193ab1dae1d468dfe9e6deafecb9be709a46aae23de1,true,de2f256064a0af797747c2b97505dc0b9f3df0de4f489eac731c23ae9ca9cc31,-0.0,65536,ablation-04-fixed-all-models,mathzip,balanced,04 fixed segmentation + all models,1,ok,,3,3,712,92.04494382022472,0.9891357421875,98.91357421875,0.0869140625,0.0,0.023789352999301627,0.0049965000071097165,2.754845833845246,13.116381448363104,0.023080999999999963,0.004097000000000017,3698688.0,true,true,7090753e5e0932ea6759b91873be5d151e042e797251f9c3154bf75f02c36b90,de2f256064a0af797747c2b97505dc0b9f3df0de4f489eac731c23ae9ca9cc31,"[{""type"":""identity""}]",16,4096.0,4096.0,"{""raw"":16}","{""sparse"":16}",0,576,16,120,100.0,0.0,0.0,16,0,0,0.001726761,0.000678134,0.01696338,"[""'<repo>/target/release/mathzip' compress --mode balanced --max-input-bytes 8589934592 --no-sync --force --models raw,constant,affine,polynomial,periodic,recurrence,piecewise-linear,run,sparse,copy --transforms identity --segmentation fixed --segment-size 4096 --metrics-output '<work>/archive.mz.metrics.json' '<repo>/datasets/synthetic/constant_00/s0000065536_n000p000_seed1297748005.bin' '<work>/archive.mz'"",""'<repo>/target/release/mathzip' decompress --max-archive-bytes 17179869184 --max-output-bytes 8589934592 --max-segments 8388608 --no-sync --force '<work>/archive.mz' '<work>/restored.bin'""]","{""family"":""constant_00"",""noise_density"":0.0,""seed"":1297748005,""size_requested"":65536}"
mathzip-benchmark-results-v1,20260725T170925Z-dde3921f,ablation,synthetic_ablation,datasets/synthetic/constant_00/s0000065536_n000p000_seed1297748005.bin,s0000065536_n000p000_seed1297748005.bin,CC0-1.0,python/mathzip_bench/synthetic.py and datasets/synthetic/manifest.json,datasets/synthetic/manifest.json,c7188cafa911c31e5d80193ab1dae1d468dfe9e6deafecb9be709a46aae23de1,true,de2f256064a0af797747c2b97505dc0b9f3df0de4f489eac731c23ae9ca9cc31,-0.0,65536,ablation-05-adaptive-constant,mathzip,balanced,05 adaptive segmentation + constant,1,ok,,3,3,194,337.8144329896907,0.997039794921875,99.7039794921875,0.023681640625,0.0,0.04154983500484377,0.0060075979854445904,1.5772866484875327,10.908852449645067,0.040783000000000014,0.004241999999999968,3756032.0,true,true,ca46fdf9f778e30ef31cdd40665f2697f335b9eaa24658a13b03153f9c775193,de2f256064a0af797747c2b97505dc0b9f3df0de4f489eac731c23ae9ca9cc31,"[{""type"":""identity""}]",2,32768.0,32768.0,"{""raw"":2}","{""sparse"":2}",0,72,2,120,100.0,0.0,0.0,2,0,0,0.005806253,0.004115647,0.027299869,"[""'<repo>/target/release/mathzip' compress --mode balanced --max-input-bytes 8589934592 --no-sync --force --models raw,constant --transforms identity --segmentation adaptive --metrics-output '<work>/archive.mz.metrics.json' '<repo>/datasets/synthetic/constant_00/s0000065536_n000p000_seed1297748005.bin' '<work>/archive.mz'"",""'<repo>/target/release/mathzip' decompress --max-archive-bytes 17179869184 --max-output-bytes 8589934592 --max-segments 8388608 --no-sync --force '<work>/archive.mz' '<work>/restored.bin'""]","{""family"":""constant_00"",""noise_density"":0.0,""seed"":1297748005,""size_requested"":65536}"
mathzip-benchmark-results-v1,20260725T170925Z-dde3921f,ablation,synthetic_ablation,datasets/synthetic/constant_00/s0000065536_n000p000_seed1297748005.bin,s0000065536_n000p000_seed1297748005.bin,CC0-1.0,python/mathzip_bench/synthetic.py and datasets/synthetic/manifest.json,datasets/synthetic/manifest.json,c7188cafa911c31e5d80193ab1dae1d468dfe9e6deafecb9be709a46aae23de1,true,de2f256064a0af797747c2b97505dc0b9f3df0de4f489eac731c23ae9ca9cc31,-0.0,65536,ablation-06-adaptive-linear,mathzip,balanced,06 adaptive + constant/linear,1,ok,,3,3,194,337.8144329896907,0.997039794921875,99.7039794921875,0.023681640625,0.0,0.06544158802716993,0.006568696000613272,1.0014426907365217,9.977018268752484,0.06455899999999992,0.004202000000000039,3764224.0,true,true,ca46fdf9f778e30ef31cdd40665f2697f335b9eaa24658a13b03153f9c775193,de2f256064a0af797747c2b97505dc0b9f3df0de4f489eac731c23ae9ca9cc31,"[{""type"":""identity""}]",2,32768.0,32768.0,"{""raw"":2}","{""sparse"":2}",0,72,2,120,100.0,0.0,0.0,2,0,0,0.005819962,0.008221943,0.046776228,"[""'<repo>/target/release/mathzip' compress --mode balanced --max-input-bytes 8589934592 --no-sync --force --models raw,constant,affine --transforms identity --segmentation adaptive --metrics-output '<work>/archive.mz.metrics.json' '<repo>/datasets/synthetic/constant_00/s0000065536_n000p000_seed1297748005.bin' '<work>/archive.mz'"",""'<repo>/target/release/mathzip' decompress --max-archive-bytes 17179869184 --max-output-bytes 8589934592 --max-segments 8388608 --no-sync --force '<work>/archive.mz' '<work>/restored.bin'""]","{""family"":""constant_00"",""noise_density"":0.0,""seed"":1297748005,""size_requested"":65536}"
mathzip-benchmark-results-v1,20260725T170925Z-dde3921f,ablation,synthetic_ablation,datasets/synthetic/constant_00/s0000065536_n000p000_seed1297748005.bin,s0000065536_n000p000_seed1297748005.bin,CC0-1.0,python/mathzip_bench/synthetic.py and datasets/synthetic/manifest.json,datasets/synthetic/manifest.json,c7188cafa911c31e5d80193ab1dae1d468dfe9e6deafecb9be709a46aae23de1,true,de2f256064a0af797747c2b97505dc0b9f3df0de4f489eac731c23ae9ca9cc31,-0.0,65536,ablation-07-add-polynomial,mathzip,balanced,07 add polynomial,1,ok,,3,3,194,337.8144329896907,0.997039794921875,99.7039794921875,0.023681640625,0.0,0.12398231498082168,0.005015859991544858,0.5285915173477563,13.065755445820422,0.12207000000000012,0.004191000000000056,3776512.0,true,true,ca46fdf9f778e30ef31cdd40665f2697f335b9eaa24658a13b03153f9c775193,de2f256064a0af797747c2b97505dc0b9f3df0de4f489eac731c23ae9ca9cc31,"[{""type"":""identity""}]",2,32768.0,32768.0,"{""raw"":2}","{""sparse"":2}",0,72,2,120,100.0,0.0,0.0,2,0,0,0.005876454,0.008316739,0.103578069,"[""'<repo>/target/release/mathzip' compress --mode balanced --max-input-bytes 8589934592 --no-sync --force --models raw,constant,affine,polynomial --transforms identity --segmentation adaptive --metrics-output '<work>/archive.mz.metrics.json' '<repo>/datasets/synthetic/constant_00/s0000065536_n000p000_seed1297748005.bin' '<work>/archive.mz'"",""'<repo>/target/release/mathzip' decompress --max-archive-bytes 17179869184 --max-output-bytes 8589934592 --max-segments 8388608 --no-sync --force '<work>/archive.mz' '<work>/restored.bin'""]","{""family"":""constant_00"",""noise_density"":0.0,""seed"":1297748005,""size_requested"":65536}"
mathzip-benchmark-results-v1,20260725T170925Z-dde3921f,ablation,synthetic_ablation,datasets/synthetic/constant_00/s0000065536_n000p000_seed1297748005.bin,s0000065536_n000p000_seed1297748005.bin,CC0-1.0,python/mathzip_bench/synthetic.py and datasets/synthetic/manifest.json,datasets/synthetic/manifest.json,c7188cafa911c31e5d80193ab1dae1d468dfe9e6deafecb9be709a46aae23de1,true,de2f256064a0af797747c2b97505dc0b9f3df0de4f489eac731c23ae9ca9cc31,-0.0,65536,ablation-08-add-periodic,mathzip,balanced,08 add periodic,1,ok,,3,3,194,337.8144329896907,0.997039794921875,99.7039794921875,0.023681640625,0.0,0.2065596370084677,0.004651249008020386,0.317273988999668,14.089978817946088,0.2057749999999996,0.004081000000000223,3813376.0,true,true,ca46fdf9f778e30ef31cdd40665f2697f335b9eaa24658a13b03153f9c775193,de2f256064a0af797747c2b97505dc0b9f3df0de4f489eac731c23ae9ca9cc31,"[{""type"":""identity""}]",2,32768.0,32768.0,"{""raw"":2}","{""sparse"":2}",0,72,2,120,100.0,0.0,0.0,2,0,0,0.005829308,0.009347475,0.186979118,"[""'<repo>/target/release/mathzip' compress --mode balanced --max-input-bytes 8589934592 --no-sync --force --models raw,constant,affine,polynomial,periodic --transforms identity --segmentation adaptive --metrics-output '<work>/archive.mz.metrics.json' '<repo>/datasets/synthetic/constant_00/s0000065536_n000p000_seed1297748005.bin' '<work>/archive.mz'"",""'<repo>/target/release/mathzip' decompress --max-archive-bytes 17179869184 --max-output-bytes 8589934592 --max-segments 8388608 --no-sync --force '<work>/archive.mz' '<work>/restored.bin'""]","{""family"":""constant_00"",""noise_density"":0.0,""seed"":1297748005,""size_requested"":65536}"
mathzip-benchmark-results-v1,20260725T170925Z-dde3921f,ablation,synthetic_ablation,datasets/synthetic/constant_00/s0000065536_n000p000_seed1297748005.bin,s0000065536_n000p000_seed1297748005.bin,CC0-1.0,python/mathzip_bench/synthetic.py and datasets/synthetic/manifest.json,datasets/synthetic/manifest.json,c7188cafa911c31e5d80193ab1dae1d468dfe9e6deafecb9be709a46aae23de1,true,de2f256064a0af797747c2b97505dc0b9f3df0de4f489eac731c23ae9ca9cc31,-0.0,65536,ablation-09-add-recurrence,mathzip,balanced,09 add recurrence,1,ok,,3,3,194,337.8144329896907,0.997039794921875,99.7039794921875,0.023681640625,0.0,0.32960092899156734,0.005359134986065328,0.19883439103315362,12.228839200804767,0.3255680000000001,0.004561999999999955,3776512.0,true,true,ca46fdf9f778e30ef31cdd40665f2697f335b9eaa24658a13b03153f9c775193,de2f256064a0af797747c2b97505dc0b9f3df0de4f489eac731c23ae9ca9cc31,"[{""type"":""identity""}]",2,32768.0,32768.0,"{""raw"":2}","{""sparse"":2}",0,72,2,120,100.0,0.0,0.0,2,0,0,0.005918037,0.009599681,0.309076651,"[""'<repo>/target/release/mathzip' compress --mode balanced --max-input-bytes 8589934592 --no-sync --force --models raw,constant,affine,polynomial,periodic,recurrence --transforms identity --segmentation adaptive --metrics-output '<work>/archive.mz.metrics.json' '<repo>/datasets/synthetic/constant_00/s0000065536_n000p000_seed1297748005.bin' '<work>/archive.mz'"",""'<repo>/target/release/mathzip' decompress --max-archive-bytes 17179869184 --max-output-bytes 8589934592 --max-segments 8388608 --no-sync --force '<work>/archive.mz' '<work>/restored.bin'""]","{""family"":""constant_00"",""noise_density"":0.0,""seed"":1297748005,""size_requested"":65536}"
mathzip-benchmark-results-v1,20260725T170925Z-dde3921f,ablation,synthetic_ablation,datasets/synthetic/constant_00/s0000065536_n000p000_seed1297748005.bin,s0000065536_n000p000_seed1297748005.bin,CC0-1.0,python/mathzip_bench/synthetic.py and datasets/synthetic/manifest.json,datasets/synthetic/manifest.json,c7188cafa911c31e5d80193ab1dae1d468dfe9e6deafecb9be709a46aae23de1,true,de2f256064a0af797747c2b97505dc0b9f3df0de4f489eac731c23ae9ca9cc31,-0.0,65536,ablation-10-add-bit-plane,mathzip,balanced,10 add bit-plane,1,ok,,3,3,194,337.8144329896907,0.997039794921875,99.7039794921875,0.023681640625,0.0,0.6778012040012982,0.005018277995986864,0.09668911712330697,13.059459849057662,0.6767219999999998,0.0042119999999998825,3772416.0,true,true,ca46fdf9f778e30ef31cdd40665f2697f335b9eaa24658a13b03153f9c775193,de2f256064a0af797747c2b97505dc0b9f3df0de4f489eac731c23ae9ca9cc31,"[{""type"":""identity""}]",2,32768.0,32768.0,"{""raw"":2}","{""sparse"":2}",0,72,2,120,100.0,0.0,0.0,2,0,0,0.015871425,0.019849906,0.637711948,"[""'<repo>/target/release/mathzip' compress --mode balanced --max-input-bytes 8589934592 --no-sync --force --models raw,constant,affine,polynomial,periodic,recurrence --transforms identity,bit-plane --segmentation adaptive --metrics-output '<work>/archive.mz.metrics.json' '<repo>/datasets/synthetic/constant_00/s0000065536_n000p000_seed1297748005.bin' '<work>/archive.mz'"",""'<repo>/target/release/mathzip' decompress --max-archive-bytes 17179869184 --max-output-bytes 8589934592 --max-segments 8388608 --no-sync --force '<work>/archive.mz' '<work>/restored.bin'""]","{""family"":""constant_00"",""noise_density"":0.0,""seed"":1297748005,""size_requested"":65536}"
mathzip-benchmark-results-v1,20260725T170925Z-dde3921f,ablation,synthetic_ablation,datasets/synthetic/constant_00/s0000065536_n000p000_seed1297748005.bin,s0000065536_n000p000_seed1297748005.bin,CC0-1.0,python/mathzip_bench/synthetic.py and datasets/synthetic/manifest.json,datasets/synthetic/manifest.json,c7188cafa911c31e5d80193ab1dae1d468dfe9e6deafecb9be709a46aae23de1,true,de2f256064a0af797747c2b97505dc0b9f3df0de4f489eac731c23ae9ca9cc31,-0.0,65536,ablation-11-add-stride,mathzip,balanced,11 add stride transpose,1,ok,,3,3,194,337.8144329896907,0.997039794921875,99.7039794921875,0.023681640625,0.0,2.2790563809976447,0.004686035012127832,0.02875576073783307,13.985384195890047,2.2769400000000015,0.004016999999999271,3780608.0,true,true,ca46fdf9f778e30ef31cdd40665f2697f335b9eaa24658a13b03153f9c775193,de2f256064a0af797747c2b97505dc0b9f3df0de4f489eac731c23ae9ca9cc31,"[{""type"":""identity""}]",2,32768.0,32768.0,"{""raw"":2}","{""sparse"":2}",0,72,2,120,100.0,0.0,0.0,2,0,0,0.039053514,0.066938842,2.166519601,"[""'<repo>/target/release/mathzip' compress --mode balanced --max-input-bytes 8589934592 --no-sync --force --models raw,constant,affine,polynomial,periodic,recurrence --transforms identity,bit-plane,stride --segmentation adaptive --metrics-output '<work>/archive.mz.metrics.json' '<repo>/datasets/synthetic/constant_00/s0000065536_n000p000_seed1297748005.bin' '<work>/archive.mz'"",""'<repo>/target/release/mathzip' decompress --max-archive-bytes 17179869184 --max-output-bytes 8589934592 --max-segments 8388608 --no-sync --force '<work>/archive.mz' '<work>/restored.bin'""]","{""family"":""constant_00"",""noise_density"":0.0,""seed"":1297748005,""size_requested"":65536}"
mathzip-benchmark-results-v1,20260725T170925Z-dde3921f,ablation,synthetic_ablation,datasets/synthetic/constant_00/s0000065536_n000p000_seed1297748005.bin,s0000065536_n000p000_seed1297748005.bin,CC0-1.0,python/mathzip_bench/synthetic.py and datasets/synthetic/manifest.json,datasets/synthetic/manifest.json,c7188cafa911c31e5d80193ab1dae1d468dfe9e6deafecb9be709a46aae23de1,true,de2f256064a0af797747c2b97505dc0b9f3df0de4f489eac731c23ae9ca9cc31,-0.0,65536,ablation-12-add-copy,mathzip,balanced,12 add copy/reference,1,ok,,3,3,194,337.8144329896907,0.997039794921875,99.7039794921875,0.023681640625,0.0,2.3941232110082638,0.00489475901122205,0.027373695597061647,13.389014627634948,2.3921920000000014,0.0041569999999993,3768320.0,true,true,ca46fdf9f778e30ef31cdd40665f2697f335b9eaa24658a13b03153f9c775193,de2f256064a0af797747c2b97505dc0b9f3df0de4f489eac731c23ae9ca9cc31,"[{""type"":""identity""}]",2,32768.0,32768.0,"{""raw"":2}","{""sparse"":2}",0,72,2,120,100.0,0.0,0.0,2,0,0,0.03935041,0.073788961,2.274188268,"[""'<repo>/target/release/mathzip' compress --mode balanced --max-input-bytes 8589934592 --no-sync --force --models raw,constant,affine,polynomial,periodic,recurrence,copy --transforms identity,bit-plane,stride --segmentation adaptive --metrics-output '<work>/archive.mz.metrics.json' '<repo>/datasets/synthetic/constant_00/s0000065536_n000p000_seed1297748005.bin' '<work>/archive.mz'"",""'<repo>/target/release/mathzip' decompress --max-archive-bytes 17179869184 --max-output-bytes 8589934592 --max-segments 8388608 --no-sync --force '<work>/archive.mz' '<work>/restored.bin'""]","{""family"":""constant_00"",""noise_density"":0.0,""seed"":1297748005,""size_requested"":65536}"
mathzip-benchmark-results-v1,20260725T170925Z-dde3921f,ablation,synthetic_ablation,datasets/synthetic/constant_00/s0000065536_n000p000_seed1297748005.bin,s0000065536_n000p000_seed1297748005.bin,CC0-1.0,python/mathzip_bench/synthetic.py and datasets/synthetic/manifest.json,datasets/synthetic/manifest.json,c7188cafa911c31e5d80193ab1dae1d468dfe9e6deafecb9be709a46aae23de1,true,de2f256064a0af797747c2b97505dc0b9f3df0de4f489eac731c23ae9ca9cc31,-0.0,65536,ablation-13-custom-residual,mathzip,balanced,13 custom residual coders,1,ok,,3,3,194,337.8144329896907,0.997039794921875,99.7039794921875,0.023681640625,0.0,4.009840339014772,0.004723527992609888,0.016343792884307796,13.874375276812836,4.006438000000003,0.004065000000004204,3776512.0,true,true,ca46fdf9f778e30ef31cdd40665f2697f335b9eaa24658a13b03153f9c775193,de2f256064a0af797747c2b97505dc0b9f3df0de4f489eac731c23ae9ca9cc31,"[{""type"":""identity""}]",2,32768.0,32768.0,"{""raw"":2}","{""sparse"":2}",0,72,2,120,100.0,0.0,0.0,2,0,0,0.048902066,0.114774265,3.841148146,"[""'<repo>/target/release/mathzip' compress --mode balanced --max-input-bytes 8589934592 --no-sync --force --residual-coders raw,rle,zero-run,sparse,bit-pack --metrics-output '<work>/archive.mz.metrics.json' '<repo>/datasets/synthetic/constant_00/s0000065536_n000p000_seed1297748005.bin' '<work>/archive.mz'"",""'<repo>/target/release/mathzip' decompress --max-archive-bytes 17179869184 --max-output-bytes 8589934592 --max-segments 8388608 --no-sync --force '<work>/archive.mz' '<work>/restored.bin'""]","{""family"":""constant_00"",""noise_density"":0.0,""seed"":1297748005,""size_requested"":65536}"
mathzip-benchmark-results-v1,20260725T170925Z-dde3921f,ablation,synthetic_ablation,datasets/synthetic/constant_00/s0000065536_n000p000_seed1297748005.bin,s0000065536_n000p000_seed1297748005.bin,CC0-1.0,python/mathzip_bench/synthetic.py and datasets/synthetic/manifest.json,datasets/synthetic/manifest.json,c7188cafa911c31e5d80193ab1dae1d468dfe9e6deafecb9be709a46aae23de1,true,de2f256064a0af797747c2b97505dc0b9f3df0de4f489eac731c23ae9ca9cc31,-0.0,65536,ablation-14-zstd-residual,mathzip,balanced,14 Zstd residual coder,1,ok,,3,3,230,284.9391304347826,0.996490478515625,99.6490478515625,0.028076171875,0.0,2.3073615369794425,0.00520366700948216,0.028403004448879263,12.594195570273774,2.305720000000008,0.004554999999996312,4829184.0,true,true,d100c5c825e3ad0aa5f91e2d8a9b8c35e6cddbe06bdbfa5108021daa6728a6d1,de2f256064a0af797747c2b97505dc0b9f3df0de4f489eac731c23ae9ca9cc31,"[{""type"":""identity""}]",2,32768.0,32768.0,"{""raw"":2}","{""zstd"":2}",0,72,38,120,100.0,0.0,0.0,38,0,0,0.048664765,0.114520386,2.139422898,"[""'<repo>/target/release/mathzip' compress --mode balanced --max-input-bytes 8589934592 --no-sync --force --residual-coders zstd --metrics-output '<work>/archive.mz.metrics.json' '<repo>/datasets/synthetic/constant_00/s0000065536_n000p000_seed1297748005.bin' '<work>/archive.mz'"",""'<repo>/target/release/mathzip' decompress --max-archive-bytes 17179869184 --max-output-bytes 8589934592 --max-segments 8388608 --no-sync --force '<work>/archive.mz' '<work>/restored.bin'""]","{""family"":""constant_00"",""noise_density"":0.0,""seed"":1297748005,""size_requested"":65536}"
mathzip-benchmark-results-v1,20260725T170925Z-dde3921f,ablation,synthetic_ablation,datasets/synthetic/constant_00/s0000065536_n000p000_seed1297748005.bin,s0000065536_n000p000_seed1297748005.bin,CC0-1.0,python/mathzip_bench/synthetic.py and datasets/synthetic/manifest.json,datasets/synthetic/manifest.json,c7188cafa911c31e5d80193ab1dae1d468dfe9e6deafecb9be709a46aae23de1,true,de2f256064a0af797747c2b97505dc0b9f3df0de4f489eac731c23ae9ca9cc31,-0.0,65536,ablation-15-no-transform,mathzip,balanced,15 identity transform only,1,ok,,3,3,194,337.8144329896907,0.997039794921875,99.7039794921875,0.023681640625,0.0,0.4450630630017258,0.004999335011234507,0.14725104248820997,13.10894346002568,0.4440349999999995,0.004183000000004711,3735552.0,true,true,ca46fdf9f778e30ef31cdd40665f2697f335b9eaa24658a13b03153f9c775193,de2f256064a0af797747c2b97505dc0b9f3df0de4f489eac731c23ae9ca9cc31,"[{""type"":""identity""}]",2,32768.0,32768.0,"{""raw"":2}","{""sparse"":2}",0,72,2,120,100.0,0.0,0.0,2,0,0,0.005960369,0.012639021,0.421379322,"[""'<repo>/target/release/mathzip' compress --mode balanced --max-input-bytes 8589934592 --no-sync --force --transforms identity --metrics-output '<work>/archive.mz.metrics.json' '<repo>/datasets/synthetic/constant_00/s0000065536_n000p000_seed1297748005.bin' '<work>/archive.mz'"",""'<repo>/target/release/mathzip' decompress --max-archive-bytes 17179869184 --max-output-bytes 8589934592 --max-segments 8388608 --no-sync --force '<work>/archive.mz' '<work>/restored.bin'""]","{""family"":""constant_00"",""noise_density"":0.0,""seed"":1297748005,""size_requested"":65536}"
mathzip-benchmark-results-v1,20260725T170925Z-dde3921f,ablation,synthetic_ablation,datasets/synthetic/constant_00/s0000065536_n000p000_seed1297748005.bin,s0000065536_n000p000_seed1297748005.bin,CC0-1.0,python/mathzip_bench/synthetic.py and datasets/synthetic/manifest.json,datasets/synthetic/manifest.json,c7188cafa911c31e5d80193ab1dae1d468dfe9e6deafecb9be709a46aae23de1,true,de2f256064a0af797747c2b97505dc0b9f3df0de4f489eac731c23ae9ca9cc31,-0.0,65536,ablation-16-no-adaptive-partition,mathzip,balanced,16 fixed partition,1,ok,,3,3,712,92.04494382022472,0.9891357421875,98.91357421875,0.0869140625,0.0,0.18937747398740612,0.004559057008009404,0.346060165552521,14.374902503931317,0.18858699999999828,0.0037680000000008818,3678208.0,true,true,7090753e5e0932ea6759b91873be5d151e042e797251f9c3154bf75f02c36b90,de2f256064a0af797747c2b97505dc0b9f3df0de4f489eac731c23ae9ca9cc31,"[{""type"":""identity""}]",16,4096.0,4096.0,"{""raw"":16}","{""sparse"":16}",0,576,16,120,100.0,0.0,0.0,16,0,0,0.008792036,0.00672166,0.169515137,"[""'<repo>/target/release/mathzip' compress --mode balanced --max-input-bytes 8589934592 --no-sync --force --segmentation fixed --segment-size 4096 --metrics-output '<work>/archive.mz.metrics.json' '<repo>/datasets/synthetic/constant_00/s0000065536_n000p000_seed1297748005.bin' '<work>/archive.mz'"",""'<repo>/target/release/mathzip' decompress --max-archive-bytes 17179869184 --max-output-bytes 8589934592 --max-segments 8388608 --no-sync --force '<work>/archive.mz' '<work>/restored.bin'""]","{""family"":""constant_00"",""noise_density"":0.0,""seed"":1297748005,""size_requested"":65536}"
mathzip-benchmark-results-v1,20260725T170925Z-dde3921f,ablation,synthetic_ablation,datasets/synthetic/constant_00/s0000065536_n000p000_seed1297748005.bin,s0000065536_n000p000_seed1297748005.bin,CC0-1.0,python/mathzip_bench/synthetic.py and datasets/synthetic/manifest.json,datasets/synthetic/manifest.json,c7188cafa911c31e5d80193ab1dae1d468dfe9e6deafecb9be709a46aae23de1,true,de2f256064a0af797747c2b97505dc0b9f3df0de4f489eac731c23ae9ca9cc31,-0.0,65536,ablation-17-no-raw-fallback,mathzip,balanced,17 no raw fallback,1,ok,,3,3,194,337.8144329896907,0.997039794921875,99.7039794921875,0.023681640625,0.0,3.9931374129955657,0.005444701004307717,0.016412157464632877,12.036657283503628,3.9900909999999925,0.0046449999999964575,3739648.0,true,true,ca46fdf9f778e30ef31cdd40665f2697f335b9eaa24658a13b03153f9c775193,de2f256064a0af797747c2b97505dc0b9f3df0de4f489eac731c23ae9ca9cc31,"[{""type"":""identity""}]",2,32768.0,32768.0,"{""raw"":2}","{""sparse"":2}",0,72,2,120,100.0,0.0,0.0,2,0,0,0.047791143,0.114916386,3.825881311,"[""'<repo>/target/release/mathzip' compress --mode balanced --max-input-bytes 8589934592 --no-sync --force --no-raw-fallback --metrics-output '<work>/archive.mz.metrics.json' '<repo>/datasets/synthetic/constant_00/s0000065536_n000p000_seed1297748005.bin' '<work>/archive.mz'"",""'<repo>/target/release/mathzip' decompress --max-archive-bytes 17179869184 --max-output-bytes 8589934592 --max-segments 8388608 --no-sync --force '<work>/archive.mz' '<work>/restored.bin'""]","{""family"":""constant_00"",""noise_density"":0.0,""seed"":1297748005,""size_requested"":65536}"
mathzip-benchmark-results-v1,20260725T170925Z-dde3921f,ablation,synthetic_ablation,datasets/synthetic/constant_00/s0000065536_n000p000_seed1297748005.bin,s0000065536_n000p000_seed1297748005.bin,CC0-1.0,python/mathzip_bench/synthetic.py and datasets/synthetic/manifest.json,datasets/synthetic/manifest.json,c7188cafa911c31e5d80193ab1dae1d468dfe9e6deafecb9be709a46aae23de1,true,de2f256064a0af797747c2b97505dc0b9f3df0de4f489eac731c23ae9ca9cc31,-0.0,65536,ablation-18-fast,mathzip,fast,18 fast mode,1,ok,,3,3,268,244.53731343283582,0.99591064453125,99.591064453125,0.03271484375,0.0,0.024779158004093915,0.004762494994793087,2.6448033459882856,13.76085435714926,0.024093999999990956,0.004112999999989597,3637248.0,true,true,7eb2ce390fa2153f1edc9d0dd73d27c22ae8e2b5a06c4b6f38fc8037777987ef,de2f256064a0af797747c2b97505dc0b9f3df0de4f489eac731c23ae9ca9cc31,"[{""type"":""identity""}]",4,16384.0,16384.0,"{""raw"":4}","{""sparse"":4}",0,144,4,120,100.0,0.0,0.0,4,0,0,0.002782957,0.00098946,0.01679239,"[""'<repo>/target/release/mathzip' compress --mode fast --max-input-bytes 8589934592 --no-sync --force --metrics-output '<work>/archive.mz.metrics.json' '<repo>/datasets/synthetic/constant_00/s0000065536_n000p000_seed1297748005.bin' '<work>/archive.mz'"",""'<repo>/target/release/mathzip' decompress --max-archive-bytes 17179869184 --max-output-bytes 8589934592 --max-segments 8388608 --no-sync --force '<work>/archive.mz' '<work>/restored.bin'""]","{""family"":""constant_00"",""noise_density"":0.0,""seed"":1297748005,""size_requested"":65536}"
mathzip-benchmark-results-v1,20260725T170925Z-dde3921f,ablation,synthetic_ablation,datasets/synthetic/constant_00/s0000065536_n000p000_seed1297748005.bin,s0000065536_n000p000_seed1297748005.bin,CC0-1.0,python/mathzip_bench/synthetic.py and datasets/synthetic/manifest.json,datasets/synthetic/manifest.json,c7188cafa911c31e5d80193ab1dae1d468dfe9e6deafecb9be709a46aae23de1,true,de2f256064a0af797747c2b97505dc0b9f3df0de4f489eac731c23ae9ca9cc31,-0.0,65536,ablation-19-balanced,mathzip,balanced,19 balanced mode,1,ok,,3,3,194,337.8144329896907,0.997039794921875,99.7039794921875,0.023681640625,0.0,3.9932510819926392,0.00517014300567098,0.016411690288029027,12.67585827473543,3.990643999999989,0.004520999999996889,3690496.0,true,true,ca46fdf9f778e30ef31cdd40665f2697f335b9eaa24658a13b03153f9c775193,de2f256064a0af797747c2b97505dc0b9f3df0de4f489eac731c23ae9ca9cc31,"[{""type"":""identity""}]",2,32768.0,32768.0,"{""raw"":2}","{""sparse"":2}",0,72,2,120,100.0,0.0,0.0,2,0,0,0.048647818,0.114344743,3.820731663,"[""'<repo>/target/release/mathzip' compress --mode balanced --max-input-bytes 8589934592 --no-sync --force --metrics-output '<work>/archive.mz.metrics.json' '<repo>/datasets/synthetic/constant_00/s0000065536_n000p000_seed1297748005.bin' '<work>/archive.mz'"",""'<repo>/target/release/mathzip' decompress --max-archive-bytes 17179869184 --max-output-bytes 8589934592 --max-segments 8388608 --no-sync --force '<work>/archive.mz' '<work>/restored.bin'""]","{""family"":""constant_00"",""noise_density"":0.0,""seed"":1297748005,""size_requested"":65536}"
mathzip-benchmark-results-v1,20260725T170925Z-dde3921f,ablation,synthetic_ablation,datasets/synthetic/constant_00/s0000065536_n000p000_seed1297748005.bin,s0000065536_n000p000_seed1297748005.bin,CC0-1.0,python/mathzip_bench/synthetic.py and datasets/synthetic/manifest.json,datasets/synthetic/manifest.json,c7188cafa911c31e5d80193ab1dae1d468dfe9e6deafecb9be709a46aae23de1,true,de2f256064a0af797747c2b97505dc0b9f3df0de4f489eac731c23ae9ca9cc31,-0.0,65536,ablation-20-max,mathzip,max,20 max mode,1,ok,,3,3,416,157.53846153846155,0.99365234375,99.365234375,0.05078125,0.0,10.002542009984609,0.004932126990752295,0.006551934491710357,13.287573520081612,9.994207000000003,0.004290999999994938,3694592.0,true,true,f58f49dfd31de7e315e5da34e48374498010ea0d6d2dac831695f13058fa3b7d,de2f256064a0af797747c2b97505dc0b9f3df0de4f489eac731c23ae9ca9cc31,"[{""type"":""identity""}]",8,8192.0,8192.0,"{""raw"":8}","{""sparse"":8}",0,288,8,120,100.0,0.0,0.0,8,0,0,0.064850456,0.285092944,9.64584485,"[""'<repo>/target/release/mathzip' compress --mode max --max-input-bytes 8589934592 --no-sync --force --metrics-output '<work>/archive.mz.metrics.json' '<repo>/datasets/synthetic/constant_00/s0000065536_n000p000_seed1297748005.bin' '<work>/archive.mz'"",""'<repo>/target/release/mathzip' decompress --max-archive-bytes 17179869184 --max-output-bytes 8589934592 --max-segments 8388608 --no-sync --force '<work>/archive.mz' '<work>/restored.bin'""]","{""family"":""constant_00"",""noise_density"":0.0,""seed"":1297748005,""size_requested"":65536}"
mathzip-benchmark-results-v1,20260725T170925Z-dde3921f,ablation,synthetic_ablation,datasets/synthetic/constant_00/s0000065536_n000p000_seed1297748005.bin,s0000065536_n000p000_seed1297748005.bin,CC0-1.0,python/mathzip_bench/synthetic.py and datasets/synthetic/manifest.json,datasets/synthetic/manifest.json,c7188cafa911c31e5d80193ab1dae1d468dfe9e6deafecb9be709a46aae23de1,true,de2f256064a0af797747c2b97505dc0b9f3df0de4f489eac731c23ae9ca9cc31,-0.0,65536,zstd-default,zstd,default,,1,ok,,3,3,24,2730.6666666666665,0.9996337890625,99.96337890625,0.0029296875,0.0,0.005097346002003178,0.004466446000151336,12.856886696379913,14.67296369367937,0.004504999999994652,0.00401899999998534,360448.0,true,true,40eb9372c2afad4b3e9046218632fdd43b7c6a3c132b15acb74578752b42e505,de2f256064a0af797747c2b97505dc0b9f3df0de4f489eac731c23ae9ca9cc31,,,,,,,,,,,,,,,,,,,,"[""'<external>/zstd' -q -d -c '<work>/archive.zst'"",""'<external>/zstd' -q -f -T1 -3 -c '<repo>/datasets/synthetic/constant_00/s0000065536_n000p000_seed1297748005.bin'""]","{""family"":""constant_00"",""noise_density"":0.0,""seed"":1297748005,""size_requested"":65536}"
mathzip-benchmark-results-v1,20260725T170925Z-dde3921f,ablation,synthetic_ablation,datasets/synthetic/linear/s0000065536_n000p000_seed1297748005.bin,s0000065536_n000p000_seed1297748005.bin,CC0-1.0,python/mathzip_bench/synthetic.py and datasets/synthetic/manifest.json,datasets/synthetic/manifest.json,c7188cafa911c31e5d80193ab1dae1d468dfe9e6deafecb9be709a46aae23de1,true,35171a3b38d84c658143e78203683076d07beca32140221055c899b2dcf1cbc5,8.0,65536,ablation-01-raw-only,mathzip,balanced,01 raw only,1,ok,,3,3,65692,0.9976252816172441,-0.00238037109375,-0.238037109375,8.01904296875,0.238037109375,0.007077227986883372,0.0050468989938963205,9.26012276578649,12.985399565011845,0.006281000000015524,0.004412999999985345,425984.0,true,true,7ad6d659d847331a6fbaf0db7fc2ed752391cd3550c897d0970b66912863c5b4,35171a3b38d84c658143e78203683076d07beca32140221055c899b2dcf1cbc5,"[{""type"":""identity""}]",1,65536.0,65536.0,"{""raw"":1}","{""raw"":1}",0,36,65536,120,100.0,100.0,8.0,65536,0,0,0.002434341,5.0865e-05,1.7694e-05,"[""'<repo>/target/release/mathzip' compress --mode balanced --max-input-bytes 8589934592 --no-sync --force --models raw --residual-coders raw --transforms identity --segmentation fixed --metrics-output '<work>/archive.mz.metrics.json' '<repo>/datasets/synthetic/linear/s0000065536_n000p000_seed1297748005.bin' '<work>/archive.mz'"",""'<repo>/target/release/mathzip' decompress --max-archive-bytes 17179869184 --max-output-bytes 8589934592 --max-segments 8388608 --no-sync --force '<work>/archive.mz' '<work>/restored.bin'""]","{""family"":""linear"",""noise_density"":0.0,""seed"":1297748005,""size_requested"":65536}"
mathzip-benchmark-results-v1,20260725T170925Z-dde3921f,ablation,synthetic_ablation,datasets/synthetic/linear/s0000065536_n000p000_seed1297748005.bin,s0000065536_n000p000_seed1297748005.bin,CC0-1.0,python/mathzip_bench/synthetic.py and datasets/synthetic/manifest.json,datasets/synthetic/manifest.json,c7188cafa911c31e5d80193ab1dae1d468dfe9e6deafecb9be709a46aae23de1,true,35171a3b38d84c658143e78203683076d07beca32140221055c899b2dcf1cbc5,8.0,65536,ablation-02-residual-only,mathzip,balanced,02 residual coder only,1,ok,,3,3,65692,0.9976252816172441,-0.00238037109375,-0.238037109375,8.01904296875,0.238037109375,0.007349024002905935,0.005135485989740118,8.917646747933588,12.76140177014025,0.006543000000007737,0.004554999999996312,589824.0,true,true,7ad6d659d847331a6fbaf0db7fc2ed752391cd3550c897d0970b66912863c5b4,35171a3b38d84c658143e78203683076d07beca32140221055c899b2dcf1cbc5,"[{""type"":""identity""}]",1,65536.0,65536.0,"{""raw"":1}","{""raw"":1}",0,36,65536,120,100.0,100.0,8.0,65536,0,0,0.002386412,5.0804e-05,0.000475069,"[""'<repo>/target/release/mathzip' compress --mode balanced --max-input-bytes 8589934592 --no-sync --force --models raw --residual-coders raw,rle,zero-run,sparse,bit-pack --transforms identity --segmentation fixed --metrics-output '<work>/archive.mz.metrics.json' '<repo>/datasets/synthetic/linear/s0000065536_n000p000_seed1297748005.bin' '<work>/archive.mz'"",""'<repo>/target/release/mathzip' decompress --max-archive-bytes 17179869184 --max-output-bytes 8589934592 --max-segments 8388608 --no-sync --force '<work>/archive.mz' '<work>/restored.bin'""]","{""family"":""linear"",""noise_density"":0.0,""seed"":1297748005,""size_requested"":65536}"
mathzip-benchmark-results-v1,20260725T170925Z-dde3921f,ablation,synthetic_ablation,datasets/synthetic/linear/s0000065536_n000p000_seed1297748005.bin,s0000065536_n000p000_seed1297748005.bin,CC0-1.0,python/mathzip_bench/synthetic.py and datasets/synthetic/manifest.json,datasets/synthetic/manifest.json,c7188cafa911c31e5d80193ab1dae1d468dfe9e6deafecb9be709a46aae23de1,true,35171a3b38d84c658143e78203683076d07beca32140221055c899b2dcf1cbc5,8.0,65536,ablation-03-fixed-constant,mathzip,balanced,03 fixed segmentation + constant,1,ok,,3,3,65692,0.9976252816172441,-0.00238037109375,-0.238037109375,8.01904296875,0.238037109375,0.008578028006013483,0.004911844996968284,7.6399843826643,13.342440577919394,0.007820000000009486,0.004340999999996598,425984.0,true,true,7ad6d659d847331a6fbaf0db7fc2ed752391cd3550c897d0970b66912863c5b4,35171a3b38d84c658143e78203683076d07beca32140221055c899b2dcf1cbc5,"[{""type"":""identity""}]",1,65536.0,65536.0,"{""raw"":1}","{""raw"":1}",0,36,65536,120,100.0,100.0,8.0,65536,0,0,0.002410494,5.1206e-05,0.001567086,"[""'<repo>/target/release/mathzip' compress --mode balanced --max-input-bytes 8589934592 --no-sync --force --models raw,constant --transforms identity --segmentation fixed --segment-size 4096 --metrics-output '<work>/archive.mz.metrics.json' '<repo>/datasets/synthetic/linear/s0000065536_n000p000_seed1297748005.bin' '<work>/archive.mz'"",""'<repo>/target/release/mathzip' decompress --max-archive-bytes 17179869184 --max-output-bytes 8589934592 --max-segments 8388608 --no-sync --force '<work>/archive.mz' '<work>/restored.bin'""]","{""family"":""linear"",""noise_density"":0.0,""seed"":1297748005,""size_requested"":65536}"
mathzip-benchmark-results-v1,20260725T170925Z-dde3921f,ablation,synthetic_ablation,datasets/synthetic/linear/s0000065536_n000p000_seed1297748005.bin,s0000065536_n000p000_seed1297748005.bin,CC0-1.0,python/mathzip_bench/synthetic.py and datasets/synthetic/manifest.json,datasets/synthetic/manifest.json,c7188cafa911c31e5d80193ab1dae1d468dfe9e6deafecb9be709a46aae23de1,true,35171a3b38d84c658143e78203683076d07beca32140221055c899b2dcf1cbc5,8.0,65536,ablation-04-fixed-all-models,mathzip,balanced,04 fixed segmentation + all models,1,ok,,3,3,744,88.08602150537635,0.9886474609375,98.86474609375,0.0908203125,0.0,0.032923783001024276,0.004905357985990122,1.990536749618388,13.36008507170591,0.03231400000001372,0.004283999999984189,3698688.0,true,true,43d630bcc1531d8f50e8cdfe31539f2332d2e5a0b2e297dbbd169bbfc733abca,35171a3b38d84c658143e78203683076d07beca32140221055c899b2dcf1cbc5,"[{""type"":""identity""}]",16,4096.0,4096.0,"{""affine"":16}","{""sparse"":16}",32,576,16,120,0.0,0.0,0.0,16,16,16,0.001706573,0.007265257,0.019892133,"[""'<repo>/target/release/mathzip' compress --mode balanced --max-input-bytes 8589934592 --no-sync --force --models raw,constant,affine,polynomial,periodic,recurrence,piecewise-linear,run,sparse,copy --transforms identity --segmentation fixed --segment-size 4096 --metrics-output '<work>/archive.mz.metrics.json' '<repo>/datasets/synthetic/linear/s0000065536_n000p000_seed1297748005.bin' '<work>/archive.mz'"",""'<repo>/target/release/mathzip' decompress --max-archive-bytes 17179869184 --max-output-bytes 8589934592 --max-segments 8388608 --no-sync --force '<work>/archive.mz' '<work>/restored.bin'""]","{""family"":""linear"",""noise_density"":0.0,""seed"":1297748005,""size_requested"":65536}"
mathzip-benchmark-results-v1,20260725T170925Z-dde3921f,ablation,synthetic_ablation,datasets/synthetic/linear/s0000065536_n000p000_seed1297748005.bin,s0000065536_n000p000_seed1297748005.bin,CC0-1.0,python/mathzip_bench/synthetic.py and datasets/synthetic/manifest.json,datasets/synthetic/manifest.json,c7188cafa911c31e5d80193ab1dae1d468dfe9e6deafecb9be709a46aae23de1,true,35171a3b38d84c658143e78203683076d07beca32140221055c899b2dcf1cbc5,8.0,65536,ablation-05-adaptive-constant,mathzip,balanced,05 adaptive segmentation + constant,1,ok,,3,3,65692,0.9976252816172441,-0.00238037109375,-0.238037109375,8.01904296875,0.238037109375,0.05286507200798951,0.005353688989998773,1.2396843040352905,12.241278886843784,0.05218200000001616,0.004717999999996891,4001792.0,true,true,7ad6d659d847331a6fbaf0db7fc2ed752391cd3550c897d0970b66912863c5b4,35171a3b38d84c658143e78203683076d07beca32140221055c899b2dcf1cbc5,"[{""type"":""identity""}]",1,65536.0,65536.0,"{""raw"":1}","{""raw"":1}",0,36,65536,120,100.0,100.0,8.0,65536,0,0,0.007993737,0.00117129,0.039254318,"[""'<repo>/target/release/mathzip' compress --mode balanced --max-input-bytes 8589934592 --no-sync --force --models raw,constant --transforms identity --segmentation adaptive --metrics-output '<work>/archive.mz.metrics.json' '<repo>/datasets/synthetic/linear/s0000065536_n000p000_seed1297748005.bin' '<work>/archive.mz'"",""'<repo>/target/release/mathzip' decompress --max-archive-bytes 17179869184 --max-output-bytes 8589934592 --max-segments 8388608 --no-sync --force '<work>/archive.mz' '<work>/restored.bin'""]","{""family"":""linear"",""noise_density"":0.0,""seed"":1297748005,""size_requested"":65536}"
mathzip-benchmark-results-v1,20260725T170925Z-dde3921f,ablation,synthetic_ablation,datasets/synthetic/linear/s0000065536_n000p000_seed1297748005.bin,s0000065536_n000p000_seed1297748005.bin,CC0-1.0,python/mathzip_bench/synthetic.py and datasets/synthetic/manifest.json,datasets/synthetic/manifest.json,c7188cafa911c31e5d80193ab1dae1d468dfe9e6deafecb9be709a46aae23de1,true,35171a3b38d84c658143e78203683076d07beca32140221055c899b2dcf1cbc5,8.0,65536,ablation-06-adaptive-linear,mathzip,balanced,06 adaptive + constant/linear,1,ok,,3,3,198,330.989898989899,0.996978759765625,99.6978759765625,0.024169921875,0.0,0.07607295000343584,0.008688022993737832,0.8614888734700056,7.543258120660725,0.07507799999999065,0.00774100000000999,3796992.0,true,true,41ef2d7c3539c76cb5f51c5ddcabf8cb089ccb33b0218327880ef441c95162bd,35171a3b38d84c658143e78203683076d07beca32140221055c899b2dcf1cbc5,"[{""type"":""identity""}]",2,32768.0,32768.0,"{""affine"":2}","{""sparse"":2}",4,72,2,120,0.0,0.0,0.0,2,2,2,0.007496797,0.005276702,0.058400618,"[""'<repo>/target/release/mathzip' compress --mode balanced --max-input-bytes 8589934592 --no-sync --force --models raw,constant,affine --transforms identity --segmentation adaptive --metrics-output '<work>/archive.mz.metrics.json' '<repo>/datasets/synthetic/linear/s0000065536_n000p000_seed1297748005.bin' '<work>/archive.mz'"",""'<repo>/target/release/mathzip' decompress --max-archive-bytes 17179869184 --max-output-bytes 8589934592 --max-segments 8388608 --no-sync --force '<work>/archive.mz' '<work>/restored.bin'""]","{""family"":""linear"",""noise_density"":0.0,""seed"":1297748005,""size_requested"":65536}"
mathzip-benchmark-results-v1,20260725T170925Z-dde3921f,ablation,synthetic_ablation,datasets/synthetic/linear/s0000065536_n000p000_seed1297748005.bin,s0000065536_n000p000_seed1297748005.bin,CC0-1.0,python/mathzip_bench/synthetic.py and datasets/synthetic/manifest.json,datasets/synthetic/manifest.json,c7188cafa911c31e5d80193ab1dae1d468dfe9e6deafecb9be709a46aae23de1,true,35171a3b38d84c658143e78203683076d07beca32140221055c899b2dcf1cbc5,8.0,65536,ablation-07-add-polynomial,mathzip,balanced,07 add polynomial,1,ok,,3,3,198,330.989898989899,0.996978759765625,99.6978759765625,0.024169921875,0.0,0.13721071599866264,0.004978572018444538,0.47763033319233433,13.163613935321859,0.13621299999999792,0.00381300000000806,3723264.0,true,true,41ef2d7c3539c76cb5f51c5ddcabf8cb089ccb33b0218327880ef441c95162bd,35171a3b38d84c658143e78203683076d07beca32140221055c899b2dcf1cbc5,"[{""type"":""identity""}]",2,32768.0,32768.0,"{""affine"":2}","{""sparse"":2}",4,72,2,120,0.0,0.0,0.0,2,2,2,0.008821511,0.005287414,0.115252454,"[""'<repo>/target/release/mathzip' compress --mode balanced --max-input-bytes 8589934592 --no-sync --force --models raw,constant,affine,polynomial --transforms identity --segmentation adaptive --metrics-output '<work>/archive.mz.metrics.json' '<repo>/datasets/synthetic/linear/s0000065536_n000p000_seed1297748005.bin' '<work>/archive.mz'"",""'<repo>/target/release/mathzip' decompress --max-archive-bytes 17179869184 --max-output-bytes 8589934592 --max-segments 8388608 --no-sync --force '<work>/archive.mz' '<work>/restored.bin'""]","{""family"":""linear"",""noise_density"":0.0,""seed"":1297748005,""size_requested"":65536}"
mathzip-benchmark-results-v1,20260725T170925Z-dde3921f,ablation,synthetic_ablation,datasets/synthetic/linear/s0000065536_n000p000_seed1297748005.bin,s0000065536_n000p000_seed1297748005.bin,CC0-1.0,python/mathzip_bench/synthetic.py and datasets/synthetic/manifest.json,datasets/synthetic/manifest.json,c7188cafa911c31e5d80193ab1dae1d468dfe9e6deafecb9be709a46aae23de1,true,35171a3b38d84c658143e78203683076d07beca32140221055c899b2dcf1cbc5,8.0,65536,ablation-08-add-periodic,mathzip,balanced,08 add periodic,1,ok,,3,3,198,330.989898989899,0.996978759765625,99.6978759765625,0.024169921875,0.0,0.28183516999706626,0.00520422201952897,0.23253307953255867,12.592852448276526,0.2802329999999955,0.004392999999993208,3801088.0,true,true,41ef2d7c3539c76cb5f51c5ddcabf8cb089ccb33b0218327880ef441c95162bd,35171a3b38d84c658143e78203683076d07beca32140221055c899b2dcf1cbc5,"[{""type"":""identity""}]",2,32768.0,32768.0,"{""affine"":2}","{""sparse"":2}",4,72,2,120,0.0,0.0,0.0,2,2,2,0.007527686,0.045722116,0.223206478,"[""'<repo>/target/release/mathzip' compress --mode balanced --max-input-bytes 8589934592 --no-sync --force --models raw,constant,affine,polynomial,periodic --transforms identity --segmentation adaptive --metrics-output '<work>/archive.mz.metrics.json' '<repo>/datasets/synthetic/linear/s0000065536_n000p000_seed1297748005.bin' '<work>/archive.mz'"",""'<repo>/target/release/mathzip' decompress --max-archive-bytes 17179869184 --max-output-bytes 8589934592 --max-segments 8388608 --no-sync --force '<work>/archive.mz' '<work>/restored.bin'""]","{""family"":""linear"",""noise_density"":0.0,""seed"":1297748005,""size_requested"":65536}"
mathzip-benchmark-results-v1,20260725T170925Z-dde3921f,ablation,synthetic_ablation,datasets/synthetic/linear/s0000065536_n000p000_seed1297748005.bin,s0000065536_n000p000_seed1297748005.bin,CC0-1.0,python/mathzip_bench/synthetic.py and datasets/synthetic/manifest.json,datasets/synthetic/manifest.json,c7188cafa911c31e5d80193ab1dae1d468dfe9e6deafecb9be709a46aae23de1,true,35171a3b38d84c658143e78203683076d07beca32140221055c899b2dcf1cbc5,8.0,65536,ablation-09-add-recurrence,mathzip,balanced,09 add recurrence,1,ok,,3,3,198,330.989898989899,0.996978759765625,99.6978759765625,0.024169921875,0.0,0.4368202010227833,0.00847007500124164,0.1500296914990473,7.73735769640682,0.4350949999999898,0.0040909999999882984,3768320.0,true,true,41ef2d7c3539c76cb5f51c5ddcabf8cb089ccb33b0218327880ef441c95162bd,35171a3b38d84c658143e78203683076d07beca32140221055c899b2dcf1cbc5,"[{""type"":""identity""}]",2,32768.0,32768.0,"{""affine"":2}","{""sparse"":2}",4,72,2,120,0.0,0.0,0.0,2,2,2,0.007650814,0.045618388,0.378123031,"[""'<repo>/target/release/mathzip' compress --mode balanced --max-input-bytes 8589934592 --no-sync --force --models raw,constant,affine,polynomial,periodic,recurrence --transforms identity --segmentation adaptive --metrics-output '<work>/archive.mz.metrics.json' '<repo>/datasets/synthetic/linear/s0000065536_n000p000_seed1297748005.bin' '<work>/archive.mz'"",""'<repo>/target/release/mathzip' decompress --max-archive-bytes 17179869184 --max-output-bytes 8589934592 --max-segments 8388608 --no-sync --force '<work>/archive.mz' '<work>/restored.bin'""]","{""family"":""linear"",""noise_density"":0.0,""seed"":1297748005,""size_requested"":65536}"
mathzip-benchmark-results-v1,20260725T170925Z-dde3921f,ablation,synthetic_ablation,datasets/synthetic/linear/s0000065536_n000p000_seed1297748005.bin,s0000065536_n000p000_seed1297748005.bin,CC0-1.0,python/mathzip_bench/synthetic.py and datasets/synthetic/manifest.json,datasets/synthetic/manifest.json,c7188cafa911c31e5d80193ab1dae1d468dfe9e6deafecb9be709a46aae23de1,true,35171a3b38d84c658143e78203683076d07beca32140221055c899b2dcf1cbc5,8.0,65536,ablation-10-add-bit-plane,mathzip,balanced,10 add bit-plane,1,ok,,3,3,198,330.989898989899,0.996978759765625,99.6978759765625,0.024169921875,0.0,0.9857290929940064,0.005044593999627978,0.06648479837492073,12.991332901088386,0.983462000000003,0.004273000000011962,3768320.0,true,true,41ef2d7c3539c76cb5f51c5ddcabf8cb089ccb33b0218327880ef441c95162bd,35171a3b38d84c658143e78203683076d07beca32140221055c899b2dcf1cbc5,"[{""type"":""identity""}]",2,32768.0,32768.0,"{""affine"":2}","{""sparse"":2}",4,72,2,120,0.0,0.0,0.0,2,2,2,0.017891281,0.11307038,0.84921436,"[""'<repo>/target/release/mathzip' compress --mode balanced --max-input-bytes 8589934592 --no-sync --force --models raw,constant,affine,polynomial,periodic,recurrence --transforms identity,bit-plane --segmentation adaptive --metrics-output '<work>/archive.mz.metrics.json' '<repo>/datasets/synthetic/linear/s0000065536_n000p000_seed1297748005.bin' '<work>/archive.mz'"",""'<repo>/target/release/mathzip' decompress --max-archive-bytes 17179869184 --max-output-bytes 8589934592 --max-segments 8388608 --no-sync --force '<work>/archive.mz' '<work>/restored.bin'""]","{""family"":""linear"",""noise_density"":0.0,""seed"":1297748005,""size_requested"":65536}"
mathzip-benchmark-results-v1,20260725T170925Z-dde3921f,ablation,synthetic_ablation,datasets/synthetic/linear/s0000065536_n000p000_seed1297748005.bin,s0000065536_n000p000_seed1297748005.bin,CC0-1.0,python/mathzip_bench/synthetic.py and datasets/synthetic/manifest.json,datasets/synthetic/manifest.json,c7188cafa911c31e5d80193ab1dae1d468dfe9e6deafecb9be709a46aae23de1,true,35171a3b38d84c658143e78203683076d07beca32140221055c899b2dcf1cbc5,8.0,65536,ablation-11-add-stride,mathzip,balanced,11 add stride transpose,1,ok,,3,3,198,330.989898989899,0.996978759765625,99.6978759765625,0.024169921875,0.0,3.4411955780233257,0.005092443985631689,0.019044543826144535,12.869262810726944,3.4391630000000077,0.004392999999964786,3796992.0,true,true,41ef2d7c3539c76cb5f51c5ddcabf8cb089ccb33b0218327880ef441c95162bd,35171a3b38d84c658143e78203683076d07beca32140221055c899b2dcf1cbc5,"[{""type"":""identity""}]",2,32768.0,32768.0,"{""affine"":2}","{""sparse"":2}",4,72,2,120,0.0,0.0,0.0,2,2,2,0.045766522,0.473588415,2.916549114,"[""'<repo>/target/release/mathzip' compress --mode balanced --max-input-bytes 8589934592 --no-sync --force --models raw,constant,affine,polynomial,periodic,recurrence --transforms identity,bit-plane,stride --segmentation adaptive --metrics-output '<work>/archive.mz.metrics.json' '<repo>/datasets/synthetic/linear/s0000065536_n000p000_seed1297748005.bin' '<work>/archive.mz'"",""'<repo>/target/release/mathzip' decompress --max-archive-bytes 17179869184 --max-output-bytes 8589934592 --max-segments 8388608 --no-sync --force '<work>/archive.mz' '<work>/restored.bin'""]","{""family"":""linear"",""noise_density"":0.0,""seed"":1297748005,""size_requested"":65536}"
mathzip-benchmark-results-v1,20260725T170925Z-dde3921f,ablation,synthetic_ablation,datasets/synthetic/linear/s0000065536_n000p000_seed1297748005.bin,s0000065536_n000p000_seed1297748005.bin,CC0-1.0,python/mathzip_bench/synthetic.py and datasets/synthetic/manifest.json,datasets/synthetic/manifest.json,c7188cafa911c31e5d80193ab1dae1d468dfe9e6deafecb9be709a46aae23de1,true,35171a3b38d84c658143e78203683076d07beca32140221055c899b2dcf1cbc5,8.0,65536,ablation-12-add-copy,mathzip,balanced,12 add copy/reference,1,ok,,3,3,198,330.989898989899,0.996978759765625,99.6978759765625,0.024169921875,0.0,3.474669589981204,0.004970662004780024,0.01886107392454386,13.184561721754058,3.47280600000002,0.00423399999999674,3878912.0,true,true,41ef2d7c3539c76cb5f51c5ddcabf8cb089ccb33b0218327880ef441c95162bd,35171a3b38d84c658143e78203683076d07beca32140221055c899b2dcf1cbc5,"[{""type"":""identity""}]",2,32768.0,32768.0,"{""affine"":2}","{""sparse"":2}",4,72,2,120,0.0,0.0,0.0,2,2,2,0.04548154,0.478237545,2.945127523,"[""'<repo>/target/release/mathzip' compress --mode balanced --max-input-bytes 8589934592 --no-sync --force --models raw,constant,affine,polynomial,periodic,recurrence,copy --transforms identity,bit-plane,stride --segmentation adaptive --metrics-output '<work>/archive.mz.metrics.json' '<repo>/datasets/synthetic/linear/s0000065536_n000p000_seed1297748005.bin' '<work>/archive.mz'"",""'<repo>/target/release/mathzip' decompress --max-archive-bytes 17179869184 --max-output-bytes 8589934592 --max-segments 8388608 --no-sync --force '<work>/archive.mz' '<work>/restored.bin'""]","{""family"":""linear"",""noise_density"":0.0,""seed"":1297748005,""size_requested"":65536}"
mathzip-benchmark-results-v1,20260725T170925Z-dde3921f,ablation,synthetic_ablation,datasets/synthetic/linear/s0000065536_n000p000_seed1297748005.bin,s0000065536_n000p000_seed1297748005.bin,CC0-1.0,python/mathzip_bench/synthetic.py and datasets/synthetic/manifest.json,datasets/synthetic/manifest.json,c7188cafa911c31e5d80193ab1dae1d468dfe9e6deafecb9be709a46aae23de1,true,35171a3b38d84c658143e78203683076d07beca32140221055c899b2dcf1cbc5,8.0,65536,ablation-13-custom-residual,mathzip,balanced,13 custom residual coders,1,ok,,3,3,198,330.989898989899,0.996978759765625,99.6978759765625,0.024169921875,0.0,5.286424562014872,0.004870595003012568,0.012397036831075398,13.455440240764132,5.282904000000002,0.004185000000006767,4276224.0,true,true,41ef2d7c3539c76cb5f51c5ddcabf8cb089ccb33b0218327880ef441c95162bd,35171a3b38d84c658143e78203683076d07beca32140221055c899b2dcf1cbc5,"[{""type"":""identity""}]",2,32768.0,32768.0,"{""affine"":2}","{""sparse"":2}",4,72,2,120,0.0,0.0,0.0,2,2,2,0.059308686,0.618012402,4.600376388,"[""'<repo>/target/release/mathzip' compress --mode balanced --max-input-bytes 8589934592 --no-sync --force --residual-coders raw,rle,zero-run,sparse,bit-pack --metrics-output '<work>/archive.mz.metrics.json' '<repo>/datasets/synthetic/linear/s0000065536_n000p000_seed1297748005.bin' '<work>/archive.mz'"",""'<repo>/target/release/mathzip' decompress --max-archive-bytes 17179869184 --max-output-bytes 8589934592 --max-segments 8388608 --no-sync --force '<work>/archive.mz' '<work>/restored.bin'""]","{""family"":""linear"",""noise_density"":0.0,""seed"":1297748005,""size_requested"":65536}"
mathzip-benchmark-results-v1,20260725T170925Z-dde3921f,ablation,synthetic_ablation,datasets/synthetic/linear/s0000065536_n000p000_seed1297748005.bin,s0000065536_n000p000_seed1297748005.bin,CC0-1.0,python/mathzip_bench/synthetic.py and datasets/synthetic/manifest.json,datasets/synthetic/manifest.json,c7188cafa911c31e5d80193ab1dae1d468dfe9e6deafecb9be709a46aae23de1,true,35171a3b38d84c658143e78203683076d07beca32140221055c899b2dcf1cbc5,8.0,65536,ablation-14-zstd-residual,mathzip,balanced,14 Zstd residual coder,1,ok,,3,3,230,284.9391304347826,0.996490478515625,99.6490478515625,0.028076171875,0.0,3.234791458991822,0.00567320198751986,0.020259729516049055,11.551853810981655,3.2315260000000023,0.00478800000001911,5062656.0,true,true,eaf4b3414b73ec5e9c4f0576261d37148d1bd042f8c5d61e4f644b05e4abbd25,35171a3b38d84c658143e78203683076d07beca32140221055c899b2dcf1cbc5,"[{""type"":""delta""}]",2,32768.0,32768.0,"{""raw"":2}","{""zstd"":2}",0,72,38,120,100.0,0.0,0.00026615423635777775,38,0,0,0.059270053,0.640511112,2.526029838,"[""'<repo>/target/release/mathzip' compress --mode balanced --max-input-bytes 8589934592 --no-sync --force --residual-coders zstd --metrics-output '<work>/archive.mz.metrics.json' '<repo>/datasets/synthetic/linear/s0000065536_n000p000_seed1297748005.bin' '<work>/archive.mz'"",""'<repo>/target/release/mathzip' decompress --max-archive-bytes 17179869184 --max-output-bytes 8589934592 --max-segments 8388608 --no-sync --force '<work>/archive.mz' '<work>/restored.bin'""]","{""family"":""linear"",""noise_density"":0.0,""seed"":1297748005,""size_requested"":65536}"
mathzip-benchmark-results-v1,20260725T170925Z-dde3921f,ablation,synthetic_ablation,datasets/synthetic/linear/s0000065536_n000p000_seed1297748005.bin,s0000065536_n000p000_seed1297748005.bin,CC0-1.0,python/mathzip_bench/synthetic.py and datasets/synthetic/manifest.json,datasets/synthetic/manifest.json,c7188cafa911c31e5d80193ab1dae1d468dfe9e6deafecb9be709a46aae23de1,true,35171a3b38d84c658143e78203683076d07beca32140221055c899b2dcf1cbc5,8.0,65536,ablation-15-no-transform,mathzip,balanced,15 identity transform only,1,ok,,3,3,198,330.989898989899,0.996978759765625,99.6978759765625,0.024169921875,0.0,0.558902753982693,0.005829088011523709,0.11725832362248369,11.242925114604516,0.5577380000000289,0.004118000000005395,4296704.0,true,true,41ef2d7c3539c76cb5f51c5ddcabf8cb089ccb33b0218327880ef441c95162bd,35171a3b38d84c658143e78203683076d07beca32140221055c899b2dcf1cbc5,"[{""type"":""identity""}]",2,32768.0,32768.0,"{""affine"":2}","{""sparse"":2}",4,72,2,120,0.0,0.0,0.0,2,2,2,0.007610237,0.059290042,0.487292652,"[""'<repo>/target/release/mathzip' compress --mode balanced --max-input-bytes 8589934592 --no-sync --force --transforms identity --metrics-output '<work>/archive.mz.metrics.json' '<repo>/datasets/synthetic/linear/s0000065536_n000p000_seed1297748005.bin' '<work>/archive.mz'"",""'<repo>/target/release/mathzip' decompress --max-archive-bytes 17179869184 --max-output-bytes 8589934592 --max-segments 8388608 --no-sync --force '<work>/archive.mz' '<work>/restored.bin'""]","{""family"":""linear"",""noise_density"":0.0,""seed"":1297748005,""size_requested"":65536}"
mathzip-benchmark-results-v1,20260725T170925Z-dde3921f,ablation,synthetic_ablation,datasets/synthetic/linear/s0000065536_n000p000_seed1297748005.bin,s0000065536_n000p000_seed1297748005.bin,CC0-1.0,python/mathzip_bench/synthetic.py and datasets/synthetic/manifest.json,datasets/synthetic/manifest.json,c7188cafa911c31e5d80193ab1dae1d468dfe9e6deafecb9be709a46aae23de1,true,35171a3b38d84c658143e78203683076d07beca32140221055c899b2dcf1cbc5,8.0,65536,ablation-16-no-adaptive-partition,mathzip,balanced,16 fixed partition,1,ok,,3,3,730,89.77534246575343,0.988861083984375,98.8861083984375,0.089111328125,0.0,0.2583156839828007,0.005079894996015355,0.2537050750831047,12.90105406733921,0.2574880000000235,0.004220000000003665,3682304.0,true,true,722407fd49534cda02010938dab56ded9d26518e9aac430ea4a7d81b45514dee,35171a3b38d84c658143e78203683076d07beca32140221055c899b2dcf1cbc5,"[{""type"":""delta""}]",16,4096.0,4096.0,"{""constant"":16}","{""sparse"":16}",16,576,18,120,0.0,0.0,0.00026615423635777775,18,16,16,0.009330585,0.04976274,0.191457777,"[""'<repo>/target/release/mathzip' compress --mode balanced --max-input-bytes 8589934592 --no-sync --force --segmentation fixed --segment-size 4096 --metrics-output '<work>/archive.mz.metrics.json' '<repo>/datasets/synthetic/linear/s0000065536_n000p000_seed1297748005.bin' '<work>/archive.mz'"",""'<repo>/target/release/mathzip' decompress --max-archive-bytes 17179869184 --max-output-bytes 8589934592 --max-segments 8388608 --no-sync --force '<work>/archive.mz' '<work>/restored.bin'""]","{""family"":""linear"",""noise_density"":0.0,""seed"":1297748005,""size_requested"":65536}"
mathzip-benchmark-results-v1,20260725T170925Z-dde3921f,ablation,synthetic_ablation,datasets/synthetic/linear/s0000065536_n000p000_seed1297748005.bin,s0000065536_n000p000_seed1297748005.bin,CC0-1.0,python/mathzip_bench/synthetic.py and datasets/synthetic/manifest.json,datasets/synthetic/manifest.json,c7188cafa911c31e5d80193ab1dae1d468dfe9e6deafecb9be709a46aae23de1,true,35171a3b38d84c658143e78203683076d07beca32140221055c899b2dcf1cbc5,8.0,65536,ablation-17-no-raw-fallback,mathzip,balanced,17 no raw fallback,1,ok,,3,3,198,330.989898989899,0.996978759765625,99.6978759765625,0.024169921875,0.0,5.312476035993313,0.0053379450109787285,0.012336243882509344,12.277383874358003,5.3078290000000266,0.004643000000015718,4239360.0,true,true,41ef2d7c3539c76cb5f51c5ddcabf8cb089ccb33b0218327880ef441c95162bd,35171a3b38d84c658143e78203683076d07beca32140221055c899b2dcf1cbc5,"[{""type"":""identity""}]",2,32768.0,32768.0,"{""affine"":2}","{""sparse"":2}",4,72,2,120,0.0,0.0,0.0,2,2,2,0.054614503,0.619091209,4.633458526,"[""'<repo>/target/release/mathzip' compress --mode balanced --max-input-bytes 8589934592 --no-sync --force --no-raw-fallback --metrics-output '<work>/archive.mz.metrics.json' '<repo>/datasets/synthetic/linear/s0000065536_n000p000_seed1297748005.bin' '<work>/archive.mz'"",""'<repo>/target/release/mathzip' decompress --max-archive-bytes 17179869184 --max-output-bytes 8589934592 --max-segments 8388608 --no-sync --force '<work>/archive.mz' '<work>/restored.bin'""]","{""family"":""linear"",""noise_density"":0.0,""seed"":1297748005,""size_requested"":65536}"
mathzip-benchmark-results-v1,20260725T170925Z-dde3921f,ablation,synthetic_ablation,datasets/synthetic/linear/s0000065536_n000p000_seed1297748005.bin,s0000065536_n000p000_seed1297748005.bin,CC0-1.0,python/mathzip_bench/synthetic.py and datasets/synthetic/manifest.json,datasets/synthetic/manifest.json,c7188cafa911c31e5d80193ab1dae1d468dfe9e6deafecb9be709a46aae23de1,true,35171a3b38d84c658143e78203683076d07beca32140221055c899b2dcf1cbc5,8.0,65536,ablation-18-fast,mathzip,fast,18 fast mode,1,ok,,3,3,274,239.1824817518248,0.995819091796875,99.5819091796875,0.033447265625,0.0,0.03414495897595771,0.005067382997367531,1.9193462802560544,12.932908373818494,0.03235300000000052,0.004154999999997244,3727360.0,true,true,abea5a1912992bc7eff009759e2226367bb5e132e3214208c90dd99bea9ec0f2,35171a3b38d84c658143e78203683076d07beca32140221055c899b2dcf1cbc5,"[{""type"":""delta""}]",4,16384.0,16384.0,"{""constant"":4}","{""sparse"":4}",4,144,6,120,0.0,0.0,0.00026615423635777775,6,4,4,0.003676579,0.000925545,0.022941558,"[""'<repo>/target/release/mathzip' compress --mode fast --max-input-bytes 8589934592 --no-sync --force --metrics-output '<work>/archive.mz.metrics.json' '<repo>/datasets/synthetic/linear/s0000065536_n000p000_seed1297748005.bin' '<work>/archive.mz'"",""'<repo>/target/release/mathzip' decompress --max-archive-bytes 17179869184 --max-output-bytes 8589934592 --max-segments 8388608 --no-sync --force '<work>/archive.mz' '<work>/restored.bin'""]","{""family"":""linear"",""noise_density"":0.0,""seed"":1297748005,""size_requested"":65536}"
mathzip-benchmark-results-v1,20260725T170925Z-dde3921f,ablation,synthetic_ablation,datasets/synthetic/linear/s0000065536_n000p000_seed1297748005.bin,s0000065536_n000p000_seed1297748005.bin,CC0-1.0,python/mathzip_bench/synthetic.py and datasets/synthetic/manifest.json,datasets/synthetic/manifest.json,c7188cafa911c31e5d80193ab1dae1d468dfe9e6deafecb9be709a46aae23de1,true,35171a3b38d84c658143e78203683076d07beca32140221055c899b2dcf1cbc5,8.0,65536,ablation-19-balanced,mathzip,balanced,19 balanced mode,1,ok,,3,3,198,330.989898989899,0.996978759765625,99.6978759765625,0.024169921875,0.0,5.302167170011671,0.005465058027766645,0.012360228921234812,11.991821434836986,5.2992109999999855,0.004277999999999338,4214784.0,true,true,41ef2d7c3539c76cb5f51c5ddcabf8cb089ccb33b0218327880ef441c95162bd,35171a3b38d84c658143e78203683076d07beca32140221055c899b2dcf1cbc5,"[{""type"":""identity""}]",2,32768.0,32768.0,"{""affine"":2}","{""sparse"":2}",4,72,2,120,0.0,0.0,0.0,2,2,2,0.057286977,0.622302898,4.614796005,"[""'<repo>/target/release/mathzip' compress --mode balanced --max-input-bytes 8589934592 --no-sync --force --metrics-output '<work>/archive.mz.metrics.json' '<repo>/datasets/synthetic/linear/s0000065536_n000p000_seed1297748005.bin' '<work>/archive.mz'"",""'<repo>/target/release/mathzip' decompress --max-archive-bytes 17179869184 --max-output-bytes 8589934592 --max-segments 8388608 --no-sync --force '<work>/archive.mz' '<work>/restored.bin'""]","{""family"":""linear"",""noise_density"":0.0,""seed"":1297748005,""size_requested"":65536}"
mathzip-benchmark-results-v1,20260725T170925Z-dde3921f,ablation,synthetic_ablation,datasets/synthetic/linear/s0000065536_n000p000_seed1297748005.bin,s0000065536_n000p000_seed1297748005.bin,CC0-1.0,python/mathzip_bench/synthetic.py and datasets/synthetic/manifest.json,datasets/synthetic/manifest.json,c7188cafa911c31e5d80193ab1dae1d468dfe9e6deafecb9be709a46aae23de1,true,35171a3b38d84c658143e78203683076d07beca32140221055c899b2dcf1cbc5,8.0,65536,ablation-20-max,mathzip,max,20 max mode,1,ok,,3,3,426,153.84037558685446,0.993499755859375,99.3499755859375,0.052001953125,0.0,15.483497053006431,0.0053824789938516915,0.004232635545810038,12.175802278998317,15.471807000000013,0.004246000000023287,3829760.0,true,true,f0e3f8259601e5a43ca982aeb6b5d4040bb84e623d0b4f4f5b71648efaaa5eeb,35171a3b38d84c658143e78203683076d07beca32140221055c899b2dcf1cbc5,"[{""type"":""delta""}]",8,8192.0,8192.0,"{""constant"":8}","{""sparse"":8}",8,288,10,120,0.0,0.0,0.00026615423635777775,10,8,8,0.088263476,4.375845973,11.009837116,"[""'<repo>/target/release/mathzip' compress --mode max --max-input-bytes 8589934592 --no-sync --force --metrics-output '<work>/archive.mz.metrics.json' '<repo>/datasets/synthetic/linear/s0000065536_n000p000_seed1297748005.bin' '<work>/archive.mz'"",""'<repo>/target/release/mathzip' decompress --max-archive-bytes 17179869184 --max-output-bytes 8589934592 --max-segments 8388608 --no-sync --force '<work>/archive.mz' '<work>/restored.bin'""]","{""family"":""linear"",""noise_density"":0.0,""seed"":1297748005,""size_requested"":65536}"
mathzip-benchmark-results-v1,20260725T170925Z-dde3921f,ablation,synthetic_ablation,datasets/synthetic/linear/s0000065536_n000p000_seed1297748005.bin,s0000065536_n000p000_seed1297748005.bin,CC0-1.0,python/mathzip_bench/synthetic.py and datasets/synthetic/manifest.json,datasets/synthetic/manifest.json,c7188cafa911c31e5d80193ab1dae1d468dfe9e6deafecb9be709a46aae23de1,true,35171a3b38d84c658143e78203683076d07beca32140221055c899b2dcf1cbc5,8.0,65536,zstd-default,zstd,default,,1,ok,,3,3,281,233.22419928825622,0.9957122802734375,99.57122802734375,0.0343017578125,0.0,0.006356257013976574,0.007522042986238375,10.310470431874442,8.712526652652546,0.005143999999972948,0.004042000000026746,360448.0,true,true,c2bc1fa3d957f726ea60e7ad05e39d5c195bc6ee4478879bcdc2b48c0c68c2af,35171a3b38d84c658143e78203683076d07beca32140221055c899b2dcf1cbc5,,,,,,,,,,,,,,,,,,,,"[""'<external>/zstd' -q -d -c '<work>/archive.zst'"",""'<external>/zstd' -q -f -T1 -3 -c '<repo>/datasets/synthetic/linear/s0000065536_n000p000_seed1297748005.bin'""]","{""family"":""linear"",""noise_density"":0.0,""seed"":1297748005,""size_requested"":65536}"
mathzip-benchmark-results-v1,20260725T170925Z-dde3921f,ablation,synthetic_ablation,datasets/synthetic/linear/s0000065536_n005p000_seed1297748005.bin,s0000065536_n005p000_seed1297748005.bin,CC0-1.0,python/mathzip_bench/synthetic.py and datasets/synthetic/manifest.json,datasets/synthetic/manifest.json,c7188cafa911c31e5d80193ab1dae1d468dfe9e6deafecb9be709a46aae23de1,true,6d4dc987463f20cf02ac2d7b5a56d7f1ac84c5d7ed37c15f903ebb76c3362922,7.999728456073299,65536,ablation-01-raw-only,mathzip,balanced,01 raw only,1,ok,,3,3,65692,0.9976252816172441,-0.00238037109375,-0.238037109375,8.01904296875,0.238037109375,0.011891244008438662,0.005371701990952715,5.511282078939105,12.200230040754112,0.010982000000012704,0.004417999999986932,425984.0,true,true,d516e8c0a6061feefd96c1766cfa73bd33af137c612cd8b7c5a6f7153723b7e4,6d4dc987463f20cf02ac2d7b5a56d7f1ac84c5d7ed37c15f903ebb76c3362922,"[{""type"":""identity""}]",1,65536.0,65536.0,"{""raw"":1}","{""raw"":1}",0,36,65536,120,100.0,100.0,7.999728456073311,65536,0,0,0.004583625,0.00010606,3.1842e-05,"[""'<repo>/target/release/mathzip' compress --mode balanced --max-input-bytes 8589934592 --no-sync --force --models raw --residual-coders raw --transforms identity --segmentation fixed --metrics-output '<work>/archive.mz.metrics.json' '<repo>/datasets/synthetic/linear/s0000065536_n005p000_seed1297748005.bin' '<work>/archive.mz'"",""'<repo>/target/release/mathzip' decompress --max-archive-bytes 17179869184 --max-output-bytes 8589934592 --max-segments 8388608 --no-sync --force '<work>/archive.mz' '<work>/restored.bin'""]","{""family"":""linear"",""noise_density"":0.05,""seed"":1297748005,""size_requested"":65536}"
mathzip-benchmark-results-v1,20260725T170925Z-dde3921f,ablation,synthetic_ablation,datasets/synthetic/linear/s0000065536_n005p000_seed1297748005.bin,s0000065536_n005p000_seed1297748005.bin,CC0-1.0,python/mathzip_bench/synthetic.py and datasets/synthetic/manifest.json,datasets/synthetic/manifest.json,c7188cafa911c31e5d80193ab1dae1d468dfe9e6deafecb9be709a46aae23de1,true,6d4dc987463f20cf02ac2d7b5a56d7f1ac84c5d7ed37c15f903ebb76c3362922,7.999728456073299,65536,ablation-02-residual-only,mathzip,balanced,02 residual coder only,1,ok,,3,3,65692,0.9976252816172441,-0.00238037109375,-0.238037109375,8.01904296875,0.238037109375,0.01430596801219508,0.006258389010326937,4.581025201799279,10.471704442127098,0.013440000000002783,0.005242000000009739,606208.0,true,true,d516e8c0a6061feefd96c1766cfa73bd33af137c612cd8b7c5a6f7153723b7e4,6d4dc987463f20cf02ac2d7b5a56d7f1ac84c5d7ed37c15f903ebb76c3362922,"[{""type"":""identity""}]",1,65536.0,65536.0,"{""raw"":1}","{""raw"":1}",0,36,65536,120,100.0,100.0,7.999728456073311,65536,0,0,0.005076898,0.000107048,0.000947333,"[""'<repo>/target/release/mathzip' compress --mode balanced --max-input-bytes 8589934592 --no-sync --force --models raw --residual-coders raw,rle,zero-run,sparse,bit-pack --transforms identity --segmentation fixed --metrics-output '<work>/archive.mz.metrics.json' '<repo>/datasets/synthetic/linear/s0000065536_n005p000_seed1297748005.bin' '<work>/archive.mz'"",""'<repo>/target/release/mathzip' decompress --max-archive-bytes 17179869184 --max-output-bytes 8589934592 --max-segments 8388608 --no-sync --force '<work>/archive.mz' '<work>/restored.bin'""]","{""family"":""linear"",""noise_density"":0.05,""seed"":1297748005,""size_requested"":65536}"
mathzip-benchmark-results-v1,20260725T170925Z-dde3921f,ablation,synthetic_ablation,datasets/synthetic/linear/s0000065536_n005p000_seed1297748005.bin,s0000065536_n005p000_seed1297748005.bin,CC0-1.0,python/mathzip_bench/synthetic.py and datasets/synthetic/manifest.json,datasets/synthetic/manifest.json,c7188cafa911c31e5d80193ab1dae1d468dfe9e6deafecb9be709a46aae23de1,true,6d4dc987463f20cf02ac2d7b5a56d7f1ac84c5d7ed37c15f903ebb76c3362922,7.999728456073299,65536,ablation-03-fixed-constant,mathzip,balanced,03 fixed segmentation + constant,1,ok,,3,3,65692,0.9976252816172441,-0.00238037109375,-0.238037109375,8.01904296875,0.238037109375,0.013688917009858415,0.005509553011506796,4.787522632564914,11.89497584706544,0.013025999999968008,0.0047200000000202635,3829760.0,true,true,d516e8c0a6061feefd96c1766cfa73bd33af137c612cd8b7c5a6f7153723b7e4,6d4dc987463f20cf02ac2d7b5a56d7f1ac84c5d7ed37c15f903ebb76c3362922,"[{""type"":""identity""}]",1,65536.0,65536.0,"{""raw"":1}","{""raw"":1}",0,36,65536,120,100.0,100.0,7.999728456073311,65536,0,0,0.003772734,9.6899e-05,0.002771863,"[""'<repo>/target/release/mathzip' compress --mode balanced --max-input-bytes 8589934592 --no-sync --force --models raw,constant --transforms identity --segmentation fixed --segment-size 4096 --metrics-output '<work>/archive.mz.metrics.json' '<repo>/datasets/synthetic/linear/s0000065536_n005p000_seed1297748005.bin' '<work>/archive.mz'"",""'<repo>/target/release/mathzip' decompress --max-archive-bytes 17179869184 --max-output-bytes 8589934592 --max-segments 8388608 --no-sync --force '<work>/archive.mz' '<work>/restored.bin'""]","{""family"":""linear"",""noise_density"":0.05,""seed"":1297748005,""size_requested"":65536}"
mathzip-benchmark-results-v1,20260725T170925Z-dde3921f,ablation,synthetic_ablation,datasets/synthetic/linear/s0000065536_n005p000_seed1297748005.bin,s0000065536_n005p000_seed1297748005.bin,CC0-1.0,python/mathzip_bench/synthetic.py and datasets/synthetic/manifest.json,datasets/synthetic/manifest.json,c7188cafa911c31e5d80193ab1dae1d468dfe9e6deafecb9be709a46aae23de1,true,6d4dc987463f20cf02ac2d7b5a56d7f1ac84c5d7ed37c15f903ebb76c3362922,7.999728456073299,65536,ablation-04-fixed-all-models,mathzip,balanced,04 fixed segmentation + all models,1,ok,,3,3,8119,8.0719300406454,0.8761138916015625,87.61138916015625,0.9910888671875,0.0,0.03615580601035617,0.004650765011319891,1.81259961349578,14.091445136549876,0.03512599999999111,0.004074000000002798,3784704.0,true,true,c71999a49137b1222fad6e59df8d51c540079a26a4bbe2e6936329a59749f229,6d4dc987463f20cf02ac2d7b5a56d7f1ac84c5d7ed37c15f903ebb76c3362922,"[{""type"":""identity""}]",16,4096.0,4096.0,"{""affine"":16}","{""rle"":2,""sparse"":14}",32,576,7391,120,0.0,0.0,1.313745959004969,7391,16,16,0.001764849,0.007565443,0.022413134,"[""'<repo>/target/release/mathzip' compress --mode balanced --max-input-bytes 8589934592 --no-sync --force --models raw,constant,affine,polynomial,periodic,recurrence,piecewise-linear,run,sparse,copy --transforms identity --segmentation fixed --segment-size 4096 --metrics-output '<work>/archive.mz.metrics.json' '<repo>/datasets/synthetic/linear/s0000065536_n005p000_seed1297748005.bin' '<work>/archive.mz'"",""'<repo>/target/release/mathzip' decompress --max-archive-bytes 17179869184 --max-output-bytes 8589934592 --max-segments 8388608 --no-sync --force '<work>/archive.mz' '<work>/restored.bin'""]","{""family"":""linear"",""noise_density"":0.05,""seed"":1297748005,""size_requested"":65536}"
mathzip-benchmark-results-v1,20260725T170925Z-dde3921f,ablation,synthetic_ablation,datasets/synthetic/linear/s0000065536_n005p000_seed1297748005.bin,s0000065536_n005p000_seed1297748005.bin,CC0-1.0,python/mathzip_bench/synthetic.py and datasets/synthetic/manifest.json,datasets/synthetic/manifest.json,c7188cafa911c31e5d80193ab1dae1d468dfe9e6deafecb9be709a46aae23de1,true,6d4dc987463f20cf02ac2d7b5a56d7f1ac84c5d7ed37c15f903ebb76c3362922,7.999728456073299,65536,ablation-05-adaptive-constant,mathzip,balanced,05 adaptive segmentation + constant,1,ok,,3,3,65692,0.9976252816172441,-0.00238037109375,-0.238037109375,8.01904296875,0.238037109375,0.052855595014989376,0.0049007290217559785,1.2399065790748278,13.372704287273125,0.052133000000026186,0.004316000000017084,4071424.0,true,true,d516e8c0a6061feefd96c1766cfa73bd33af137c612cd8b7c5a6f7153723b7e4,6d4dc987463f20cf02ac2d7b5a56d7f1ac84c5d7ed37c15f903ebb76c3362922,"[{""type"":""identity""}]",1,65536.0,65536.0,"{""raw"":1}","{""raw"":1}",0,36,65536,120,100.0,100.0,7.999728456073311,65536,0,0,0.007972484,0.001173025,0.039497015,"[""'<repo>/target/release/mathzip' compress --mode balanced --max-input-bytes 8589934592 --no-sync --force --models raw,constant --transforms identity --segmentation adaptive --metrics-output '<work>/archive.mz.metrics.json' '<repo>/datasets/synthetic/linear/s0000065536_n005p000_seed1297748005.bin' '<work>/archive.mz'"",""'<repo>/target/release/mathzip' decompress --max-archive-bytes 17179869184 --max-output-bytes 8589934592 --max-segments 8388608 --no-sync --force '<work>/archive.mz' '<work>/restored.bin'""]","{""family"":""linear"",""noise_density"":0.05,""seed"":1297748005,""size_requested"":65536}"
mathzip-benchmark-results-v1,20260725T170925Z-dde3921f,ablation,synthetic_ablation,datasets/synthetic/linear/s0000065536_n005p000_seed1297748005.bin,s0000065536_n005p000_seed1297748005.bin,CC0-1.0,python/mathzip_bench/synthetic.py and datasets/synthetic/manifest.json,datasets/synthetic/manifest.json,c7188cafa911c31e5d80193ab1dae1d468dfe9e6deafecb9be709a46aae23de1,true,6d4dc987463f20cf02ac2d7b5a56d7f1ac84c5d7ed37c15f903ebb76c3362922,7.999728456073299,65536,ablation-06-adaptive-linear,mathzip,balanced,06 adaptive + constant/linear,1,ok,,3,3,6757,9.698978836761876,0.8968963623046875,89.68963623046875,0.8248291015625,0.0,0.08731407698360272,0.004870370990829542,0.7505777105369553,13.456059122271839,0.08666600000003655,0.004148999999983971,3837952.0,true,true,d0ed14a5e2fe6677e2de6b3f35226bbdb04254b95587f25ec87bd2a53c2c9dfe,6d4dc987463f20cf02ac2d7b5a56d7f1ac84c5d7ed37c15f903ebb76c3362922,"[{""type"":""identity""}]",2,32768.0,32768.0,"{""affine"":2}","{""sparse"":2}",4,72,6561,120,0.0,0.0,0.6833443192921628,6561,2,2,0.007550808,0.004901197,0.070030014,"[""'<repo>/target/release/mathzip' compress --mode balanced --max-input-bytes 8589934592 --no-sync --force --models raw,constant,affine --transforms identity --segmentation adaptive --metrics-output '<work>/archive.mz.metrics.json' '<repo>/datasets/synthetic/linear/s0000065536_n005p000_seed1297748005.bin' '<work>/archive.mz'"",""'<repo>/target/release/mathzip' decompress --max-archive-bytes 17179869184 --max-output-bytes 8589934592 --max-segments 8388608 --no-sync --force '<work>/archive.mz' '<work>/restored.bin'""]","{""family"":""linear"",""noise_density"":0.05,""seed"":1297748005,""size_requested"":65536}"
mathzip-benchmark-results-v1,20260725T170925Z-dde3921f,ablation,synthetic_ablation,datasets/synthetic/linear/s0000065536_n005p000_seed1297748005.bin,s0000065536_n005p000_seed1297748005.bin,CC0-1.0,python/mathzip_bench/synthetic.py and datasets/synthetic/manifest.json,datasets/synthetic/manifest.json,c7188cafa911c31e5d80193ab1dae1d468dfe9e6deafecb9be709a46aae23de1,true,6d4dc987463f20cf02ac2d7b5a56d7f1ac84c5d7ed37c15f903ebb76c3362922,7.999728456073299,65536,ablation-07-add-polynomial,mathzip,balanced,07 add polynomial,1,ok,,3,3,6757,9.698978836761876,0.8968963623046875,89.68963623046875,0.8248291015625,0.0,0.15677378699183464,0.007270940986927599,0.41802906759797387,9.013413823303884,0.15602000000001226,0.006338999999968564,3919872.0,true,true,d0ed14a5e2fe6677e2de6b3f35226bbdb04254b95587f25ec87bd2a53c2c9dfe,6d4dc987463f20cf02ac2d7b5a56d7f1ac84c5d7ed37c15f903ebb76c3362922,"[{""type"":""identity""}]",2,32768.0,32768.0,"{""affine"":2}","{""sparse"":2}",4,72,6561,120,0.0,0.0,0.6833443192921628,6561,2,2,0.007552741,0.004962438,0.139775588,"[""'<repo>/target/release/mathzip' compress --mode balanced --max-input-bytes 8589934592 --no-sync --force --models raw,constant,affine,polynomial --transforms identity --segmentation adaptive --metrics-output '<work>/archive.mz.metrics.json' '<repo>/datasets/synthetic/linear/s0000065536_n005p000_seed1297748005.bin' '<work>/archive.mz'"",""'<repo>/target/release/mathzip' decompress --max-archive-bytes 17179869184 --max-output-bytes 8589934592 --max-segments 8388608 --no-sync --force '<work>/archive.mz' '<work>/restored.bin'""]","{""family"":""linear"",""noise_density"":0.05,""seed"":1297748005,""size_requested"":65536}"
mathzip-benchmark-results-v1,20260725T170925Z-dde3921f,ablation,synthetic_ablation,datasets/synthetic/linear/s0000065536_n005p000_seed1297748005.bin,s0000065536_n005p000_seed1297748005.bin,CC0-1.0,python/mathzip_bench/synthetic.py and datasets/synthetic/manifest.json,datasets/synthetic/manifest.json,c7188cafa911c31e5d80193ab1dae1d468dfe9e6deafecb9be709a46aae23de1,true,6d4dc987463f20cf02ac2d7b5a56d7f1ac84c5d7ed37c15f903ebb76c3362922,7.999728456073299,65536,ablation-08-add-periodic,mathzip,balanced,08 add periodic,1,ok,,3,3,6757,9.698978836761876,0.8968963623046875,89.68963623046875,0.8248291015625,0.0,0.3260852310049813,0.0045503150031436235,0.20097813015947005,14.402519376070426,0.3253429999999753,0.003951000000029126,3858432.0,true,true,d0ed14a5e2fe6677e2de6b3f35226bbdb04254b95587f25ec87bd2a53c2c9dfe,6d4dc987463f20cf02ac2d7b5a56d7f1ac84c5d7ed37c15f903ebb76c3362922,"[{""type"":""identity""}]",2,32768.0,32768.0,"{""affine"":2}","{""sparse"":2}",4,72,6561,120,0.0,0.0,0.6833443192921628,6561,2,2,0.007503155,0.045536482,0.267823804,"[""'<repo>/target/release/mathzip' compress --mode balanced --max-input-bytes 8589934592 --no-sync --force --models raw,constant,affine,polynomial,periodic --transforms identity --segmentation adaptive --metrics-output '<work>/archive.mz.metrics.json' '<repo>/datasets/synthetic/linear/s0000065536_n005p000_seed1297748005.bin' '<work>/archive.mz'"",""'<repo>/target/release/mathzip' decompress --max-archive-bytes 17179869184 --max-output-bytes 8589934592 --max-segments 8388608 --no-sync --force '<work>/archive.mz' '<work>/restored.bin'""]","{""family"":""linear"",""noise_density"":0.05,""seed"":1297748005,""size_requested"":65536}"
mathzip-benchmark-results-v1,20260725T170925Z-dde3921f,ablation,synthetic_ablation,datasets/synthetic/linear/s0000065536_n005p000_seed1297748005.bin,s0000065536_n005p000_seed1297748005.bin,CC0-1.0,python/mathzip_bench/synthetic.py and datasets/synthetic/manifest.json,datasets/synthetic/manifest.json,c7188cafa911c31e5d80193ab1dae1d468dfe9e6deafecb9be709a46aae23de1,true,6d4dc987463f20cf02ac2d7b5a56d7f1ac84c5d7ed37c15f903ebb76c3362922,7.999728456073299,65536,ablation-09-add-recurrence,mathzip,balanced,09 add recurrence,1,ok,,3,3,6757,9.698978836761876,0.8968963623046875,89.68963623046875,0.8248291015625,0.0,0.4948042719915975,0.004948729008901864,0.13244833100614964,13.242996309176082,0.49357499999996435,0.004074000000002798,3928064.0,true,true,d0ed14a5e2fe6677e2de6b3f35226bbdb04254b95587f25ec87bd2a53c2c9dfe,6d4dc987463f20cf02ac2d7b5a56d7f1ac84c5d7ed37c15f903ebb76c3362922,"[{""type"":""identity""}]",2,32768.0,32768.0,"{""affine"":2}","{""sparse"":2}",4,72,6561,120,0.0,0.0,0.6833443192921628,6561,2,2,0.007495617,0.04545078,0.437125807,"[""'<repo>/target/release/mathzip' compress --mode balanced --max-input-bytes 8589934592 --no-sync --force --models raw,constant,affine,polynomial,periodic,recurrence --transforms identity --segmentation adaptive --metrics-output '<work>/archive.mz.metrics.json' '<repo>/datasets/synthetic/linear/s0000065536_n005p000_seed1297748005.bin' '<work>/archive.mz'"",""'<repo>/target/release/mathzip' decompress --max-archive-bytes 17179869184 --max-output-bytes 8589934592 --max-segments 8388608 --no-sync --force '<work>/archive.mz' '<work>/restored.bin'""]","{""family"":""linear"",""noise_density"":0.05,""seed"":1297748005,""size_requested"":65536}"
mathzip-benchmark-results-v1,20260725T170925Z-dde3921f,ablation,synthetic_ablation,datasets/synthetic/linear/s0000065536_n005p000_seed1297748005.bin,s0000065536_n005p000_seed1297748005.bin,CC0-1.0,python/mathzip_bench/synthetic.py and datasets/synthetic/manifest.json,datasets/synthetic/manifest.json,c7188cafa911c31e5d80193ab1dae1d468dfe9e6deafecb9be709a46aae23de1,true,6d4dc987463f20cf02ac2d7b5a56d7f1ac84c5d7ed37c15f903ebb76c3362922,7.999728456073299,65536,ablation-10-add-bit-plane,mathzip,balanced,10 add bit-plane,1,ok,,3,3,6757,9.698978836761876,0.8968963623046875,89.68963623046875,0.8248291015625,0.0,1.2305007190152537,0.005543523991946131,0.053259619427485756,11.822082865558714,1.2285689999999931,0.004437000000052649,3923968.0,true,true,d0ed14a5e2fe6677e2de6b3f35226bbdb04254b95587f25ec87bd2a53c2c9dfe,6d4dc987463f20cf02ac2d7b5a56d7f1ac84c5d7ed37c15f903ebb76c3362922,"[{""type"":""identity""}]",2,32768.0,32768.0,"{""affine"":2}","{""sparse"":2}",4,72,6561,120,0.0,0.0,0.6833443192921628,6561,2,2,0.019160298,0.127368736,1.078784984,"[""'<repo>/target/release/mathzip' compress --mode balanced --max-input-bytes 8589934592 --no-sync --force --models raw,constant,affine,polynomial,periodic,recurrence --transforms identity,bit-plane --segmentation adaptive --metrics-output '<work>/archive.mz.metrics.json' '<repo>/datasets/synthetic/linear/s0000065536_n005p000_seed1297748005.bin' '<work>/archive.mz'"",""'<repo>/target/release/mathzip' decompress --max-archive-bytes 17179869184 --max-output-bytes 8589934592 --max-segments 8388608 --no-sync --force '<work>/archive.mz' '<work>/restored.bin'""]","{""family"":""linear"",""noise_density"":0.05,""seed"":1297748005,""size_requested"":65536}"
mathzip-benchmark-results-v1,20260725T170925Z-dde3921f,ablation,synthetic_ablation,datasets/synthetic/linear/s0000065536_n005p000_seed1297748005.bin,s0000065536_n005p000_seed1297748005.bin,CC0-1.0,python/mathzip_bench/synthetic.py and datasets/synthetic/manifest.json,datasets/synthetic/manifest.json,c7188cafa911c31e5d80193ab1dae1d468dfe9e6deafecb9be709a46aae23de1,true,6d4dc987463f20cf02ac2d7b5a56d7f1ac84c5d7ed37c15f903ebb76c3362922,7.999728456073299,65536,ablation-11-add-stride,mathzip,balanced,11 add stride transpose,1,ok,,3,3,6757,9.698978836761876,0.8968963623046875,89.68963623046875,0.8248291015625,0.0,3.999680947017623,0.005098535999422893,0.01638530694526201,12.85388590125049,3.9956830000000423,0.0042410000000359105,3919872.0,true,true,d0ed14a5e2fe6677e2de6b3f35226bbdb04254b95587f25ec87bd2a53c2c9dfe,6d4dc987463f20cf02ac2d7b5a56d7f1ac84c5d7ed37c15f903ebb76c3362922,"[{""type"":""identity""}]",2,32768.0,32768.0,"{""affine"":2}","{""sparse"":2}",4,72,6561,120,0.0,0.0,0.6833443192921628,6561,2,2,0.04958642,0.493777505,3.451052727,"[""'<repo>/target/release/mathzip' compress --mode balanced --max-input-bytes 8589934592 --no-sync --force --models raw,constant,affine,polynomial,periodic,recurrence --transforms identity,bit-plane,stride --segmentation adaptive --metrics-output '<work>/archive.mz.metrics.json' '<repo>/datasets/synthetic/linear/s0000065536_n005p000_seed1297748005.bin' '<work>/archive.mz'"",""'<repo>/target/release/mathzip' decompress --max-archive-bytes 17179869184 --max-output-bytes 8589934592 --max-segments 8388608 --no-sync --force '<work>/archive.mz' '<work>/restored.bin'""]","{""family"":""linear"",""noise_density"":0.05,""seed"":1297748005,""size_requested"":65536}"
mathzip-benchmark-results-v1,20260725T170925Z-dde3921f,ablation,synthetic_ablation,datasets/synthetic/linear/s0000065536_n005p000_seed1297748005.bin,s0000065536_n005p000_seed1297748005.bin,CC0-1.0,python/mathzip_bench/synthetic.py and datasets/synthetic/manifest.json,datasets/synthetic/manifest.json,c7188cafa911c31e5d80193ab1dae1d468dfe9e6deafecb9be709a46aae23de1,true,6d4dc987463f20cf02ac2d7b5a56d7f1ac84c5d7ed37c15f903ebb76c3362922,7.999728456073299,65536,ablation-12-add-copy,mathzip,balanced,12 add copy/reference,1,ok,,3,3,6757,9.698978836761876,0.8968963623046875,89.68963623046875,0.8248291015625,0.0,4.027154498005984,0.006005505012581125,0.01627352514845151,10.912654283479329,4.021757000000036,0.004712000000040462,3981312.0,true,true,d0ed14a5e2fe6677e2de6b3f35226bbdb04254b95587f25ec87bd2a53c2c9dfe,6d4dc987463f20cf02ac2d7b5a56d7f1ac84c5d7ed37c15f903ebb76c3362922,"[{""type"":""identity""}]",2,32768.0,32768.0,"{""affine"":2}","{""sparse"":2}",4,72,6561,120,0.0,0.0,0.6833443192921628,6561,2,2,0.049578623,0.496055949,3.474684242,"[""'<repo>/target/release/mathzip' compress --mode balanced --max-input-bytes 8589934592 --no-sync --force --models raw,constant,affine,polynomial,periodic,recurrence,copy --transforms identity,bit-plane,stride --segmentation adaptive --metrics-output '<work>/archive.mz.metrics.json' '<repo>/datasets/synthetic/linear/s0000065536_n005p000_seed1297748005.bin' '<work>/archive.mz'"",""'<repo>/target/release/mathzip' decompress --max-archive-bytes 17179869184 --max-output-bytes 8589934592 --max-segments 8388608 --no-sync --force '<work>/archive.mz' '<work>/restored.bin'""]","{""family"":""linear"",""noise_density"":0.05,""seed"":1297748005,""size_requested"":65536}"
mathzip-benchmark-results-v1,20260725T170925Z-dde3921f,ablation,synthetic_ablation,datasets/synthetic/linear/s0000065536_n005p000_seed1297748005.bin,s0000065536_n005p000_seed1297748005.bin,CC0-1.0,python/mathzip_bench/synthetic.py and datasets/synthetic/manifest.json,datasets/synthetic/manifest.json,c7188cafa911c31e5d80193ab1dae1d468dfe9e6deafecb9be709a46aae23de1,true,6d4dc987463f20cf02ac2d7b5a56d7f1ac84c5d7ed37c15f903ebb76c3362922,7.999728456073299,65536,ablation-13-custom-residual,mathzip,balanced,13 custom residual coders,1,ok,,3,3,6757,9.698978836761876,0.8968963623046875,89.68963623046875,0.8248291015625,0.0,6.019161845004419,0.005390313977841288,0.01088789464174175,12.158104383048544,6.014626999999962,0.004367999999999483,4329472.0,true,true,d0ed14a5e2fe6677e2de6b3f35226bbdb04254b95587f25ec87bd2a53c2c9dfe,6d4dc987463f20cf02ac2d7b5a56d7f1ac84c5d7ed37c15f903ebb76c3362922,"[{""type"":""identity""}]",2,32768.0,32768.0,"{""affine"":2}","{""sparse"":2}",4,72,6561,120,0.0,0.0,0.6833443192921628,6561,2,2,0.060304618,0.668656754,5.283477473,"[""'<repo>/target/release/mathzip' compress --mode balanced --max-input-bytes 8589934592 --no-sync --force --residual-coders raw,rle,zero-run,sparse,bit-pack --metrics-output '<work>/archive.mz.metrics.json' '<repo>/datasets/synthetic/linear/s0000065536_n005p000_seed1297748005.bin' '<work>/archive.mz'"",""'<repo>/target/release/mathzip' decompress --max-archive-bytes 17179869184 --max-output-bytes 8589934592 --max-segments 8388608 --no-sync --force '<work>/archive.mz' '<work>/restored.bin'""]","{""family"":""linear"",""noise_density"":0.05,""seed"":1297748005,""size_requested"":65536}"
mathzip-benchmark-results-v1,20260725T170925Z-dde3921f,ablation,synthetic_ablation,datasets/synthetic/linear/s0000065536_n005p000_seed1297748005.bin,s0000065536_n005p000_seed1297748005.bin,CC0-1.0,python/mathzip_bench/synthetic.py and datasets/synthetic/manifest.json,datasets/synthetic/manifest.json,c7188cafa911c31e5d80193ab1dae1d468dfe9e6deafecb9be709a46aae23de1,true,6d4dc987463f20cf02ac2d7b5a56d7f1ac84c5d7ed37c15f903ebb76c3362922,7.999728456073299,65536,ablation-14-zstd-residual,mathzip,balanced,14 Zstd residual coder,1,ok,,3,3,8715,7.519908204245554,0.8670196533203125,86.70196533203125,1.0638427734375,0.0,5.784579248022055,0.0058683420065790415,0.0113294324772902,11.167719932909007,5.781610999999998,0.004502999999999702,5070848.0,true,true,af76ca8c5e0a314fc3c0a57ff5c2c65e4e4477d547a61d2f5a15ecf75c141360,6d4dc987463f20cf02ac2d7b5a56d7f1ac84c5d7ed37c15f903ebb76c3362922,"[{""type"":""identity""}]",2,32768.0,32768.0,"{""affine"":2}","{""zstd"":2}",4,72,8519,120,0.0,0.0,0.6833443192921628,8519,2,2,0.061086125,0.677392893,5.040919577,"[""'<repo>/target/release/mathzip' compress --mode balanced --max-input-bytes 8589934592 --no-sync --force --residual-coders zstd --metrics-output '<work>/archive.mz.metrics.json' '<repo>/datasets/synthetic/linear/s0000065536_n005p000_seed1297748005.bin' '<work>/archive.mz'"",""'<repo>/target/release/mathzip' decompress --max-archive-bytes 17179869184 --max-output-bytes 8589934592 --max-segments 8388608 --no-sync --force '<work>/archive.mz' '<work>/restored.bin'""]","{""family"":""linear"",""noise_density"":0.05,""seed"":1297748005,""size_requested"":65536}"
mathzip-benchmark-results-v1,20260725T170925Z-dde3921f,ablation,synthetic_ablation,datasets/synthetic/linear/s0000065536_n005p000_seed1297748005.bin,s0000065536_n005p000_seed1297748005.bin,CC0-1.0,python/mathzip_bench/synthetic.py and datasets/synthetic/manifest.json,datasets/synthetic/manifest.json,c7188cafa911c31e5d80193ab1dae1d468dfe9e6deafecb9be709a46aae23de1,true,6d4dc987463f20cf02ac2d7b5a56d7f1ac84c5d7ed37c15f903ebb76c3362922,7.999728456073299,65536,ablation-15-no-transform,mathzip,balanced,15 identity transform only,1,ok,,3,3,6757,9.698978836761876,0.8968963623046875,89.68963623046875,0.8248291015625,0.0,0.6255910680047236,0.005994293023832142,0.10475852893651794,10.933065790985129,0.6233639999999809,0.005313000000001011,4354048.0,true,true,d0ed14a5e2fe6677e2de6b3f35226bbdb04254b95587f25ec87bd2a53c2c9dfe,6d4dc987463f20cf02ac2d7b5a56d7f1ac84c5d7ed37c15f903ebb76c3362922,"[{""type"":""identity""}]",2,32768.0,32768.0,"{""affine"":2}","{""sparse"":2}",4,72,6561,120,0.0,0.0,0.6833443192921628,6561,2,2,0.007563138,0.06143605,0.547497918,"[""'<repo>/target/release/mathzip' compress --mode balanced --max-input-bytes 8589934592 --no-sync --force --transforms identity --metrics-output '<work>/archive.mz.metrics.json' '<repo>/datasets/synthetic/linear/s0000065536_n005p000_seed1297748005.bin' '<work>/archive.mz'"",""'<repo>/target/release/mathzip' decompress --max-archive-bytes 17179869184 --max-output-bytes 8589934592 --max-segments 8388608 --no-sync --force '<work>/archive.mz' '<work>/restored.bin'""]","{""family"":""linear"",""noise_density"":0.05,""seed"":1297748005,""size_requested"":65536}"
mathzip-benchmark-results-v1,20260725T170925Z-dde3921f,ablation,synthetic_ablation,datasets/synthetic/linear/s0000065536_n005p000_seed1297748005.bin,s0000065536_n005p000_seed1297748005.bin,CC0-1.0,python/mathzip_bench/synthetic.py and datasets/synthetic/manifest.json,datasets/synthetic/manifest.json,c7188cafa911c31e5d80193ab1dae1d468dfe9e6deafecb9be709a46aae23de1,true,6d4dc987463f20cf02ac2d7b5a56d7f1ac84c5d7ed37c15f903ebb76c3362922,7.999728456073299,65536,ablation-16-no-adaptive-partition,mathzip,balanced,16 fixed partition,1,ok,,3,3,7321,8.951782543368392,0.8882904052734375,88.82904052734375,0.8936767578125,0.0,0.3072523739829194,0.004723701014881954,0.21329696871160136,13.873867078701585,0.3060939999999732,0.003908000000080847,3796992.0,true,true,071758f04737d29960f681b6a87523e2bf53ece3655fe8716ab08de425ed8017,6d4dc987463f20cf02ac2d7b5a56d7f1ac84c5d7ed37c15f903ebb76c3362922,"[{""stride"":2,""type"":""stride""}]",16,4096.0,4096.0,"{""affine"":16}","{""sparse"":16}",32,576,6591,122,0.0,0.0,0.6833443192921628,6591,16,16,0.01131729,0.060924734,0.227980787,"[""'<repo>/target/release/mathzip' compress --mode balanced --max-input-bytes 8589934592 --no-sync --force --segmentation fixed --segment-size 4096 --metrics-output '<work>/archive.mz.metrics.json' '<repo>/datasets/synthetic/linear/s0000065536_n005p000_seed1297748005.bin' '<work>/archive.mz'"",""'<repo>/target/release/mathzip' decompress --max-archive-bytes 17179869184 --max-output-bytes 8589934592 --max-segments 8388608 --no-sync --force '<work>/archive.mz' '<work>/restored.bin'""]","{""family"":""linear"",""noise_density"":0.05,""seed"":1297748005,""size_requested"":65536}"
mathzip-benchmark-results-v1,20260725T170925Z-dde3921f,ablation,synthetic_ablation,datasets/synthetic/linear/s0000065536_n005p000_seed1297748005.bin,s0000065536_n005p000_seed1297748005.bin,CC0-1.0,python/mathzip_bench/synthetic.py and datasets/synthetic/manifest.json,datasets/synthetic/manifest.json,c7188cafa911c31e5d80193ab1dae1d468dfe9e6deafecb9be709a46aae23de1,true,6d4dc987463f20cf02ac2d7b5a56d7f1ac84c5d7ed37c15f903ebb76c3362922,7.999728456073299,65536,ablation-17-no-raw-fallback,mathzip,balanced,17 no raw fallback,1,ok,,3,3,6757,9.698978836761876,0.8968963623046875,89.68963623046875,0.8248291015625,0.0,6.035625880991574,0.0049410079955123365,0.01085819454224245,13.263690335964439,6.031924000000004,0.004300000000000637,4296704.0,true,true,d0ed14a5e2fe6677e2de6b3f35226bbdb04254b95587f25ec87bd2a53c2c9dfe,6d4dc987463f20cf02ac2d7b5a56d7f1ac84c5d7ed37c15f903ebb76c3362922,"[{""type"":""identity""}]",2,32768.0,32768.0,"{""affine"":2}","{""sparse"":2}",4,72,6561,120,0.0,0.0,0.6833443192921628,6561,2,2,0.059290091,0.67396884,5.297128742,"[""'<repo>/target/release/mathzip' compress --mode balanced --max-input-bytes 8589934592 --no-sync --force --no-raw-fallback --metrics-output '<work>/archive.mz.metrics.json' '<repo>/datasets/synthetic/linear/s0000065536_n005p000_seed1297748005.bin' '<work>/archive.mz'"",""'<repo>/target/release/mathzip' decompress --max-archive-bytes 17179869184 --max-output-bytes 8589934592 --max-segments 8388608 --no-sync --force '<work>/archive.mz' '<work>/restored.bin'""]","{""family"":""linear"",""noise_density"":0.05,""seed"":1297748005,""size_requested"":65536}"
mathzip-benchmark-results-v1,20260725T170925Z-dde3921f,ablation,synthetic_ablation,datasets/synthetic/linear/s0000065536_n005p000_seed1297748005.bin,s0000065536_n005p000_seed1297748005.bin,CC0-1.0,python/mathzip_bench/synthetic.py and datasets/synthetic/manifest.json,datasets/synthetic/manifest.json,c7188cafa911c31e5d80193ab1dae1d468dfe9e6deafecb9be709a46aae23de1,true,6d4dc987463f20cf02ac2d7b5a56d7f1ac84c5d7ed37c15f903ebb76c3362922,7.999728456073299,65536,ablation-18-fast,mathzip,fast,18 fast mode,1,ok,,3,3,6837,9.585490712300716,0.8956756591796875,89.56756591796875,0.8345947265625,0.0,0.03460532400640659,0.0044427430257201195,1.8938126395772834,14.751247060790183,0.032488999999998214,0.003848000000061802,3739648.0,true,true,b2ef71dc0529ea2de29b2743188b3103d9b5895a5d2989e0e1bb2d548a6fe46e,6d4dc987463f20cf02ac2d7b5a56d7f1ac84c5d7ed37c15f903ebb76c3362922,"[{""type"":""identity""}]",4,16384.0,16384.0,"{""affine"":4}","{""sparse"":4}",8,144,6565,120,0.0,0.0,0.6833443192921628,6565,4,4,0.003658575,0.000827479,0.024659333,"[""'<repo>/target/release/mathzip' compress --mode fast --max-input-bytes 8589934592 --no-sync --force --metrics-output '<work>/archive.mz.metrics.json' '<repo>/datasets/synthetic/linear/s0000065536_n005p000_seed1297748005.bin' '<work>/archive.mz'"",""'<repo>/target/release/mathzip' decompress --max-archive-bytes 17179869184 --max-output-bytes 8589934592 --max-segments 8388608 --no-sync --force '<work>/archive.mz' '<work>/restored.bin'""]","{""family"":""linear"",""noise_density"":0.05,""seed"":1297748005,""size_requested"":65536}"
mathzip-benchmark-results-v1,20260725T170925Z-dde3921f,ablation,synthetic_ablation,datasets/synthetic/linear/s0000065536_n005p000_seed1297748005.bin,s0000065536_n005p000_seed1297748005.bin,CC0-1.0,python/mathzip_bench/synthetic.py and datasets/synthetic/manifest.json,datasets/synthetic/manifest.json,c7188cafa911c31e5d80193ab1dae1d468dfe9e6deafecb9be709a46aae23de1,true,6d4dc987463f20cf02ac2d7b5a56d7f1ac84c5d7ed37c15f903ebb76c3362922,7.999728456073299,65536,ablation-19-balanced,mathzip,balanced,19 balanced mode,1,ok,,3,3,6757,9.698978836761876,0.8968963623046875,89.68963623046875,0.8248291015625,0.0,6.091777720983373,0.0049343580030836165,0.010758107567559239,13.281565698930791,6.031223000000011,0.004212999999992917,4399104.0,true,true,d0ed14a5e2fe6677e2de6b3f35226bbdb04254b95587f25ec87bd2a53c2c9dfe,6d4dc987463f20cf02ac2d7b5a56d7f1ac84c5d7ed37c15f903ebb76c3362922,"[{""type"":""identity""}]",2,32768.0,32768.0,"{""affine"":2}","{""sparse"":2}",4,72,6561,120,0.0,0.0,0.6833443192921628,6561,2,2,0.06044858,0.680147432,5.344560508,"[""'<repo>/target/release/mathzip' compress --mode balanced --max-input-bytes 8589934592 --no-sync --force --metrics-output '<work>/archive.mz.metrics.json' '<repo>/datasets/synthetic/linear/s0000065536_n005p000_seed1297748005.bin' '<work>/archive.mz'"",""'<repo>/target/release/mathzip' decompress --max-archive-bytes 17179869184 --max-output-bytes 8589934592 --max-segments 8388608 --no-sync --force '<work>/archive.mz' '<work>/restored.bin'""]","{""family"":""linear"",""noise_density"":0.05,""seed"":1297748005,""size_requested"":65536}"
mathzip-benchmark-results-v1,20260725T170925Z-dde3921f,ablation,synthetic_ablation,datasets/synthetic/linear/s0000065536_n005p000_seed1297748005.bin,s0000065536_n005p000_seed1297748005.bin,CC0-1.0,python/mathzip_bench/synthetic.py and datasets/synthetic/manifest.json,datasets/synthetic/manifest.json,c7188cafa911c31e5d80193ab1dae1d468dfe9e6deafecb9be709a46aae23de1,true,6d4dc987463f20cf02ac2d7b5a56d7f1ac84c5d7ed37c15f903ebb76c3362922,7.999728456073299,65536,ablation-20-max,mathzip,max,20 max mode,1,ok,,3,3,6997,9.366299842789767,0.8932342529296875,89.32342529296875,0.8541259765625,0.0,18.185277435026364,0.007979643996804953,0.0036037943459565915,8.212897721532514,18.102737000000047,0.004470000000083019,4067328.0,true,true,bc2b78c68851c8ad6c16581aecd7251acb1d9ea5dfbcb386dbdd2eb73c71f611,6d4dc987463f20cf02ac2d7b5a56d7f1ac84c5d7ed37c15f903ebb76c3362922,"[{""type"":""identity""}]",8,8192.0,8192.0,"{""affine"":8}","{""sparse"":8}",16,288,6573,120,0.0,0.0,0.6833443192921628,6573,8,8,0.097310552,4.943396129,13.134141433,"[""'<repo>/target/release/mathzip' compress --mode max --max-input-bytes 8589934592 --no-sync --force --metrics-output '<work>/archive.mz.metrics.json' '<repo>/datasets/synthetic/linear/s0000065536_n005p000_seed1297748005.bin' '<work>/archive.mz'"",""'<repo>/target/release/mathzip' decompress --max-archive-bytes 17179869184 --max-output-bytes 8589934592 --max-segments 8388608 --no-sync --force '<work>/archive.mz' '<work>/restored.bin'""]","{""family"":""linear"",""noise_density"":0.05,""seed"":1297748005,""size_requested"":65536}"
mathzip-benchmark-results-v1,20260725T170925Z-dde3921f,ablation,synthetic_ablation,datasets/synthetic/linear/s0000065536_n005p000_seed1297748005.bin,s0000065536_n005p000_seed1297748005.bin,CC0-1.0,python/mathzip_bench/synthetic.py and datasets/synthetic/manifest.json,datasets/synthetic/manifest.json,c7188cafa911c31e5d80193ab1dae1d468dfe9e6deafecb9be709a46aae23de1,true,6d4dc987463f20cf02ac2d7b5a56d7f1ac84c5d7ed37c15f903ebb76c3362922,7.999728456073299,65536,zstd-default,zstd,default,,1,ok,,3,3,10355,6.32892322549493,0.8419952392578125,84.19952392578125,1.2640380859375,0.0,0.007877096999436617,0.004211325984215364,8.319816298401205,15.561844475027117,0.004723000000012689,0.003827000000114822,360448.0,true,true,5755cf36390aa17718150bd0f2c47f1051fe51e4584d5443dfa9d22aeb176258,6d4dc987463f20cf02ac2d7b5a56d7f1ac84c5d7ed37c15f903ebb76c3362922,,,,,,,,,,,,,,,,,,,,"[""'<external>/zstd' -q -d -c '<work>/archive.zst'"",""'<external>/zstd' -q -f -T1 -3 -c '<repo>/datasets/synthetic/linear/s0000065536_n005p000_seed1297748005.bin'""]","{""family"":""linear"",""noise_density"":0.05,""seed"":1297748005,""size_requested"":65536}"
mathzip-benchmark-results-v1,20260725T170925Z-dde3921f,ablation,synthetic_ablation,datasets/synthetic/periodic/s0000065536_n000p000_seed1297748005.bin,s0000065536_n000p000_seed1297748005.bin,CC0-1.0,python/mathzip_bench/synthetic.py and datasets/synthetic/manifest.json,datasets/synthetic/manifest.json,c7188cafa911c31e5d80193ab1dae1d468dfe9e6deafecb9be709a46aae23de1,true,742efc49d53b0f51b7a9cdc8afdf6fb69b22e359571f016274fae0b527f1d1c8,2.8073549203781116,65536,ablation-01-raw-only,mathzip,balanced,01 raw only,1,ok,,3,3,65692,0.9976252816172441,-0.00238037109375,-0.238037109375,8.01904296875,0.238037109375,0.008657919999677688,0.005582964018685743,7.56948551181343,11.738567502970849,0.006412000000068474,0.004283999999984189,413696.0,true,true,a5399806b0e7e49ff70a1bfcccc6bf19848db3527e396173fcd73795bf4be35b,742efc49d53b0f51b7a9cdc8afdf6fb69b22e359571f016274fae0b527f1d1c8,"[{""type"":""identity""}]",1,65536.0,65536.0,"{""raw"":1}","{""raw"":1}",0,36,65536,120,100.0,100.0,2.8073549203781116,65536,0,0,0.002430283,5.1713e-05,1.7522e-05,"[""'<repo>/target/release/mathzip' compress --mode balanced --max-input-bytes 8589934592 --no-sync --force --models raw --residual-coders raw --transforms identity --segmentation fixed --metrics-output '<work>/archive.mz.metrics.json' '<repo>/datasets/synthetic/periodic/s0000065536_n000p000_seed1297748005.bin' '<work>/archive.mz'"",""'<repo>/target/release/mathzip' decompress --max-archive-bytes 17179869184 --max-output-bytes 8589934592 --max-segments 8388608 --no-sync --force '<work>/archive.mz' '<work>/restored.bin'""]","{""family"":""periodic"",""noise_density"":0.0,""seed"":1297748005,""size_requested"":65536}"
mathzip-benchmark-results-v1,20260725T170925Z-dde3921f,ablation,synthetic_ablation,datasets/synthetic/periodic/s0000065536_n000p000_seed1297748005.bin,s0000065536_n000p000_seed1297748005.bin,CC0-1.0,python/mathzip_bench/synthetic.py and datasets/synthetic/manifest.json,datasets/synthetic/manifest.json,c7188cafa911c31e5d80193ab1dae1d468dfe9e6deafecb9be709a46aae23de1,true,742efc49d53b0f51b7a9cdc8afdf6fb69b22e359571f016274fae0b527f1d1c8,2.8073549203781116,65536,ablation-02-residual-only,mathzip,balanced,02 residual coder only,1,ok,,3,3,41672,1.5726626991745056,0.3641357421875,36.41357421875,5.0869140625,0.0,0.00867425897740759,0.005898400995647535,7.555227503662365,11.110807835608227,0.006916000000046552,0.005244000000061533,430080.0,true,true,91a32387ab6ad135833b73d0556b5a3f44e7d58caabb38548525f08595a5afef,742efc49d53b0f51b7a9cdc8afdf6fb69b22e359571f016274fae0b527f1d1c8,"[{""type"":""identity""}]",16,4096.0,4096.0,"{""raw"":16}","{""bit_pack"":16}",0,576,40976,120,100.0,0.0,2.8073549203781116,40976,0,0,0.002164379,5.4136e-05,0.000756071,"[""'<repo>/target/release/mathzip' compress --mode balanced --max-input-bytes 8589934592 --no-sync --force --models raw --residual-coders raw,rle,zero-run,sparse,bit-pack --transforms identity --segmentation fixed --metrics-output '<work>/archive.mz.metrics.json' '<repo>/datasets/synthetic/periodic/s0000065536_n000p000_seed1297748005.bin' '<work>/archive.mz'"",""'<repo>/target/release/mathzip' decompress --max-archive-bytes 17179869184 --max-output-bytes 8589934592 --max-segments 8388608 --no-sync --force '<work>/archive.mz' '<work>/restored.bin'""]","{""family"":""periodic"",""noise_density"":0.0,""seed"":1297748005,""size_requested"":65536}"
mathzip-benchmark-results-v1,20260725T170925Z-dde3921f,ablation,synthetic_ablation,datasets/synthetic/periodic/s0000065536_n000p000_seed1297748005.bin,s0000065536_n000p000_seed1297748005.bin,CC0-1.0,python/mathzip_bench/synthetic.py and datasets/synthetic/manifest.json,datasets/synthetic/manifest.json,c7188cafa911c31e5d80193ab1dae1d468dfe9e6deafecb9be709a46aae23de1,true,742efc49d53b0f51b7a9cdc8afdf6fb69b22e359571f016274fae0b527f1d1c8,2.8073549203781116,65536,ablation-03-fixed-constant,mathzip,balanced,03 fixed segmentation + constant,1,ok,,3,3,41672,1.5726626991745056,0.3641357421875,36.41357421875,5.0869140625,0.0,0.011917964002350345,0.006812935025664046,5.498925822151806,9.619349040190253,0.010045999999988453,0.005020000000172331,1236992.0,true,true,91a32387ab6ad135833b73d0556b5a3f44e7d58caabb38548525f08595a5afef,742efc49d53b0f51b7a9cdc8afdf6fb69b22e359571f016274fae0b527f1d1c8,"[{""type"":""identity""}]",16,4096.0,4096.0,"{""raw"":16}","{""bit_pack"":16}",0,576,40976,120,100.0,0.0,2.8073549203781116,40976,0,0,0.002484867,7.2044e-05,0.003073648,"[""'<repo>/target/release/mathzip' compress --mode balanced --max-input-bytes 8589934592 --no-sync --force --models raw,constant --transforms identity --segmentation fixed --segment-size 4096 --metrics-output '<work>/archive.mz.metrics.json' '<repo>/datasets/synthetic/periodic/s0000065536_n000p000_seed1297748005.bin' '<work>/archive.mz'"",""'<repo>/target/release/mathzip' decompress --max-archive-bytes 17179869184 --max-output-bytes 8589934592 --max-segments 8388608 --no-sync --force '<work>/archive.mz' '<work>/restored.bin'""]","{""family"":""periodic"",""noise_density"":0.0,""seed"":1297748005,""size_requested"":65536}"
mathzip-benchmark-results-v1,20260725T170925Z-dde3921f,ablation,synthetic_ablation,datasets/synthetic/periodic/s0000065536_n000p000_seed1297748005.bin,s0000065536_n000p000_seed1297748005.bin,CC0-1.0,python/mathzip_bench/synthetic.py and datasets/synthetic/manifest.json,datasets/synthetic/manifest.json,c7188cafa911c31e5d80193ab1dae1d468dfe9e6deafecb9be709a46aae23de1,true,742efc49d53b0f51b7a9cdc8afdf6fb69b22e359571f016274fae0b527f1d1c8,2.8073549203781116,65536,ablation-04-fixed-all-models,mathzip,balanced,04 fixed segmentation + all models,1,ok,,3,3,795,82.43522012578616,0.9878692626953125,98.78692626953125,0.0970458984375,0.0,0.03182220002054237,0.005231287010246888,2.059442777611044,12.527701093751892,0.030768999999963853,0.0043100000000322325,3698688.0,true,true,edfbb5080215bdbfa5978bc7221ce4a1db7b19ba8216d4aaf129787f762e8f38,742efc49d53b0f51b7a9cdc8afdf6fb69b22e359571f016274fae0b527f1d1c8,"[{""type"":""identity""}]",16,4096.0,4096.0,"{""copy"":9,""periodic"":7}","{""sparse"":16}",83,576,16,120,0.0,0.0,0.0,16,16,16,0.001721424,0.002779235,0.022691789,"[""'<repo>/target/release/mathzip' compress --mode balanced --max-input-bytes 8589934592 --no-sync --force --models raw,constant,affine,polynomial,periodic,recurrence,piecewise-linear,run,sparse,copy --transforms identity --segmentation fixed --segment-size 4096 --metrics-output '<work>/archive.mz.metrics.json' '<repo>/datasets/synthetic/periodic/s0000065536_n000p000_seed1297748005.bin' '<work>/archive.mz'"",""'<repo>/target/release/mathzip' decompress --max-archive-bytes 17179869184 --max-output-bytes 8589934592 --max-segments 8388608 --no-sync --force '<work>/archive.mz' '<work>/restored.bin'""]","{""family"":""periodic"",""noise_density"":0.0,""seed"":1297748005,""size_requested"":65536}"
mathzip-benchmark-results-v1,20260725T170925Z-dde3921f,ablation,synthetic_ablation,datasets/synthetic/periodic/s0000065536_n000p000_seed1297748005.bin,s0000065536_n000p000_seed1297748005.bin,CC0-1.0,python/mathzip_bench/synthetic.py and datasets/synthetic/manifest.json,datasets/synthetic/manifest.json,c7188cafa911c31e5d80193ab1dae1d468dfe9e6deafecb9be709a46aae23de1,true,742efc49d53b0f51b7a9cdc8afdf6fb69b22e359571f016274fae0b527f1d1c8,2.8073549203781116,65536,ablation-05-adaptive-constant,mathzip,balanced,05 adaptive segmentation + constant,1,ok,,3,3,41154,1.5924575982893523,0.372039794921875,37.2039794921875,5.023681640625,0.0,0.07052598398877308,0.005662092997226864,0.9292461628104696,11.574518474369409,0.0696739999999636,0.004977000000053522,3948544.0,true,true,d4f1d558b8560ed6a945e9d85ddbefd95ca5e091ed3dec0397655d0ac56e17f5,742efc49d53b0f51b7a9cdc8afdf6fb69b22e359571f016274fae0b527f1d1c8,"[{""type"":""identity""}]",2,32768.0,32768.0,"{""raw"":2}","{""bit_pack"":2}",0,72,40962,120,100.0,0.0,2.8073549203781116,40962,0,0,0.006356337,0.001155623,0.058127028,"[""'<repo>/target/release/mathzip' compress --mode balanced --max-input-bytes 8589934592 --no-sync --force --models raw,constant --transforms identity --segmentation adaptive --metrics-output '<work>/archive.mz.metrics.json' '<repo>/datasets/synthetic/periodic/s0000065536_n000p000_seed1297748005.bin' '<work>/archive.mz'"",""'<repo>/target/release/mathzip' decompress --max-archive-bytes 17179869184 --max-output-bytes 8589934592 --max-segments 8388608 --no-sync --force '<work>/archive.mz' '<work>/restored.bin'""]","{""family"":""periodic"",""noise_density"":0.0,""seed"":1297748005,""size_requested"":65536}"
mathzip-benchmark-results-v1,20260725T170925Z-dde3921f,ablation,synthetic_ablation,datasets/synthetic/periodic/s0000065536_n000p000_seed1297748005.bin,s0000065536_n000p000_seed1297748005.bin,CC0-1.0,python/mathzip_bench/synthetic.py and datasets/synthetic/manifest.json,datasets/synthetic/manifest.json,c7188cafa911c31e5d80193ab1dae1d468dfe9e6deafecb9be709a46aae23de1,true,742efc49d53b0f51b7a9cdc8afdf6fb69b22e359571f016274fae0b527f1d1c8,2.8073549203781116,65536,ablation-06-adaptive-linear,mathzip,balanced,06 adaptive + constant/linear,1,ok,,3,3,41154,1.5924575982893523,0.372039794921875,37.2039794921875,5.023681640625,0.0,0.11325731000397354,0.0058788820169866085,0.5786469764971526,11.14769777835963,0.11250699999993685,0.005121000000031017,3960832.0,true,true,d4f1d558b8560ed6a945e9d85ddbefd95ca5e091ed3dec0397655d0ac56e17f5,742efc49d53b0f51b7a9cdc8afdf6fb69b22e359571f016274fae0b527f1d1c8,"[{""type"":""identity""}]",2,32768.0,32768.0,"{""raw"":2}","{""bit_pack"":2}",0,72,40962,120,100.0,0.0,2.8073549203781116,40962,0,0,0.006407804,0.003309875,0.098343394,"[""'<repo>/target/release/mathzip' compress --mode balanced --max-input-bytes 8589934592 --no-sync --force --models raw,constant,affine --transforms identity --segmentation adaptive --metrics-output '<work>/archive.mz.metrics.json' '<repo>/datasets/synthetic/periodic/s0000065536_n000p000_seed1297748005.bin' '<work>/archive.mz'"",""'<repo>/target/release/mathzip' decompress --max-archive-bytes 17179869184 --max-output-bytes 8589934592 --max-segments 8388608 --no-sync --force '<work>/archive.mz' '<work>/restored.bin'""]","{""family"":""periodic"",""noise_density"":0.0,""seed"":1297748005,""size_requested"":65536}"
mathzip-benchmark-results-v1,20260725T170925Z-dde3921f,ablation,synthetic_ablation,datasets/synthetic/periodic/s0000065536_n000p000_seed1297748005.bin,s0000065536_n000p000_seed1297748005.bin,CC0-1.0,python/mathzip_bench/synthetic.py and datasets/synthetic/manifest.json,datasets/synthetic/manifest.json,c7188cafa911c31e5d80193ab1dae1d468dfe9e6deafecb9be709a46aae23de1,true,742efc49d53b0f51b7a9cdc8afdf6fb69b22e359571f016274fae0b527f1d1c8,2.8073549203781116,65536,ablation-07-add-polynomial,mathzip,balanced,07 add polynomial,1,ok,,3,3,41154,1.5924575982893523,0.372039794921875,37.2039794921875,5.023681640625,0.0,0.18637601201771758,0.006096920988056809,0.3516332348272905,10.749032196477163,0.18560999999999694,0.005324999999857027,3993600.0,true,true,d4f1d558b8560ed6a945e9d85ddbefd95ca5e091ed3dec0397655d0ac56e17f5,742efc49d53b0f51b7a9cdc8afdf6fb69b22e359571f016274fae0b527f1d1c8,"[{""type"":""identity""}]",2,32768.0,32768.0,"{""raw"":2}","{""bit_pack"":2}",0,72,40962,120,100.0,0.0,2.8073549203781116,40962,0,0,0.006415017,0.003387068,0.171233194,"[""'<repo>/target/release/mathzip' compress --mode balanced --max-input-bytes 8589934592 --no-sync --force --models raw,constant,affine,polynomial --transforms identity --segmentation adaptive --metrics-output '<work>/archive.mz.metrics.json' '<repo>/datasets/synthetic/periodic/s0000065536_n000p000_seed1297748005.bin' '<work>/archive.mz'"",""'<repo>/target/release/mathzip' decompress --max-archive-bytes 17179869184 --max-output-bytes 8589934592 --max-segments 8388608 --no-sync --force '<work>/archive.mz' '<work>/restored.bin'""]","{""family"":""periodic"",""noise_density"":0.0,""seed"":1297748005,""size_requested"":65536}"
mathzip-benchmark-results-v1,20260725T170925Z-dde3921f,ablation,synthetic_ablation,datasets/synthetic/periodic/s0000065536_n000p000_seed1297748005.bin,s0000065536_n000p000_seed1297748005.bin,CC0-1.0,python/mathzip_bench/synthetic.py and datasets/synthetic/manifest.json,datasets/synthetic/manifest.json,c7188cafa911c31e5d80193ab1dae1d468dfe9e6deafecb9be709a46aae23de1,true,742efc49d53b0f51b7a9cdc8afdf6fb69b22e359571f016274fae0b527f1d1c8,2.8073549203781116,65536,ablation-08-add-periodic,mathzip,balanced,08 add periodic,1,ok,,3,3,210,312.0761904761905,0.996795654296875,99.6795654296875,0.025634765625,0.0,0.2878711560042575,0.006079587008571252,0.2276574037832076,10.779679591328266,0.28636599999992995,0.004900000000134241,3805184.0,true,true,a1c000a36ee3335a97be88b6e3f60a9d401ba3c045eb8df38fd60e48d76ae3e1,742efc49d53b0f51b7a9cdc8afdf6fb69b22e359571f016274fae0b527f1d1c8,"[{""type"":""identity""}]",2,32768.0,32768.0,"{""periodic"":2}","{""sparse"":2}",16,72,2,120,0.0,0.0,0.0,2,2,2,0.008895398,0.016327903,0.254977936,"[""'<repo>/target/release/mathzip' compress --mode balanced --max-input-bytes 8589934592 --no-sync --force --models raw,constant,affine,polynomial,periodic --transforms identity --segmentation adaptive --metrics-output '<work>/archive.mz.metrics.json' '<repo>/datasets/synthetic/periodic/s0000065536_n000p000_seed1297748005.bin' '<work>/archive.mz'"",""'<repo>/target/release/mathzip' decompress --max-archive-bytes 17179869184 --max-output-bytes 8589934592 --max-segments 8388608 --no-sync --force '<work>/archive.mz' '<work>/restored.bin'""]","{""family"":""periodic"",""noise_density"":0.0,""seed"":1297748005,""size_requested"":65536}"
mathzip-benchmark-results-v1,20260725T170925Z-dde3921f,ablation,synthetic_ablation,datasets/synthetic/periodic/s0000065536_n000p000_seed1297748005.bin,s0000065536_n000p000_seed1297748005.bin,CC0-1.0,python/mathzip_bench/synthetic.py and datasets/synthetic/manifest.json,datasets/synthetic/manifest.json,c7188cafa911c31e5d80193ab1dae1d468dfe9e6deafecb9be709a46aae23de1,true,742efc49d53b0f51b7a9cdc8afdf6fb69b22e359571f016274fae0b527f1d1c8,2.8073549203781116,65536,ablation-09-add-recurrence,mathzip,balanced,09 add recurrence,1,ok,,3,3,210,312.0761904761905,0.996795654296875,99.6795654296875,0.025634765625,0.0,0.4858419270021841,0.005350372986868024,0.13489161053756768,12.248865669898493,0.4848970000000463,0.004654999999956999,3764224.0,true,true,a1c000a36ee3335a97be88b6e3f60a9d401ba3c045eb8df38fd60e48d76ae3e1,742efc49d53b0f51b7a9cdc8afdf6fb69b22e359571f016274fae0b527f1d1c8,"[{""type"":""identity""}]",2,32768.0,32768.0,"{""periodic"":2}","{""sparse"":2}",16,72,2,120,0.0,0.0,0.0,2,2,2,0.006126162,0.016351151,0.458586638,"[""'<repo>/target/release/mathzip' compress --mode balanced --max-input-bytes 8589934592 --no-sync --force --models raw,constant,affine,polynomial,periodic,recurrence --transforms identity --segmentation adaptive --metrics-output '<work>/archive.mz.metrics.json' '<repo>/datasets/synthetic/periodic/s0000065536_n000p000_seed1297748005.bin' '<work>/archive.mz'"",""'<repo>/target/release/mathzip' decompress --max-archive-bytes 17179869184 --max-output-bytes 8589934592 --max-segments 8388608 --no-sync --force '<work>/archive.mz' '<work>/restored.bin'""]","{""family"":""periodic"",""noise_density"":0.0,""seed"":1297748005,""size_requested"":65536}"
mathzip-benchmark-results-v1,20260725T170925Z-dde3921f,ablation,synthetic_ablation,datasets/synthetic/periodic/s0000065536_n000p000_seed1297748005.bin,s0000065536_n000p000_seed1297748005.bin,CC0-1.0,python/mathzip_bench/synthetic.py and datasets/synthetic/manifest.json,datasets/synthetic/manifest.json,c7188cafa911c31e5d80193ab1dae1d468dfe9e6deafecb9be709a46aae23de1,true,742efc49d53b0f51b7a9cdc8afdf6fb69b22e359571f016274fae0b527f1d1c8,2.8073549203781116,65536,ablation-10-add-bit-plane,mathzip,balanced,10 add bit-plane,1,ok,,3,3,210,312.0761904761905,0.996795654296875,99.6795654296875,0.025634765625,0.0,0.993868837977061,0.005468591989483684,0.06594029060554225,11.984071974290325,0.9923799999999119,0.0047649999999066495,3772416.0,true,true,a1c000a36ee3335a97be88b6e3f60a9d401ba3c045eb8df38fd60e48d76ae3e1,742efc49d53b0f51b7a9cdc8afdf6fb69b22e359571f016274fae0b527f1d1c8,"[{""type"":""identity""}]",2,32768.0,32768.0,"{""periodic"":2}","{""sparse"":2}",16,72,2,120,0.0,0.0,0.0,2,2,2,0.016530056,0.064256323,0.90863225,"[""'<repo>/target/release/mathzip' compress --mode balanced --max-input-bytes 8589934592 --no-sync --force --models raw,constant,affine,polynomial,periodic,recurrence --transforms identity,bit-plane --segmentation adaptive --metrics-output '<work>/archive.mz.metrics.json' '<repo>/datasets/synthetic/periodic/s0000065536_n000p000_seed1297748005.bin' '<work>/archive.mz'"",""'<repo>/target/release/mathzip' decompress --max-archive-bytes 17179869184 --max-output-bytes 8589934592 --max-segments 8388608 --no-sync --force '<work>/archive.mz' '<work>/restored.bin'""]","{""family"":""periodic"",""noise_density"":0.0,""seed"":1297748005,""size_requested"":65536}"
mathzip-benchmark-results-v1,20260725T170925Z-dde3921f,ablation,synthetic_ablation,datasets/synthetic/periodic/s0000065536_n000p000_seed1297748005.bin,s0000065536_n000p000_seed1297748005.bin,CC0-1.0,python/mathzip_bench/synthetic.py and datasets/synthetic/manifest.json,datasets/synthetic/manifest.json,c7188cafa911c31e5d80193ab1dae1d468dfe9e6deafecb9be709a46aae23de1,true,742efc49d53b0f51b7a9cdc8afdf6fb69b22e359571f016274fae0b527f1d1c8,2.8073549203781116,65536,ablation-11-add-stride,mathzip,balanced,11 add stride transpose,1,ok,,3,3,210,312.0761904761905,0.996795654296875,99.6795654296875,0.025634765625,0.0,3.5878359859925695,0.005197977006901056,0.018266163853604796,12.607981896224553,3.5858759999999847,0.004421999999976833,3842048.0,true,true,a1c000a36ee3335a97be88b6e3f60a9d401ba3c045eb8df38fd60e48d76ae3e1,742efc49d53b0f51b7a9cdc8afdf6fb69b22e359571f016274fae0b527f1d1c8,"[{""type"":""identity""}]",2,32768.0,32768.0,"{""periodic"":2}","{""sparse"":2}",16,72,2,120,0.0,0.0,0.0,2,2,2,0.041633367,0.205178093,3.334795383,"[""'<repo>/target/release/mathzip' compress --mode balanced --max-input-bytes 8589934592 --no-sync --force --models raw,constant,affine,polynomial,periodic,recurrence --transforms identity,bit-plane,stride --segmentation adaptive --metrics-output '<work>/archive.mz.metrics.json' '<repo>/datasets/synthetic/periodic/s0000065536_n000p000_seed1297748005.bin' '<work>/archive.mz'"",""'<repo>/target/release/mathzip' decompress --max-archive-bytes 17179869184 --max-output-bytes 8589934592 --max-segments 8388608 --no-sync --force '<work>/archive.mz' '<work>/restored.bin'""]","{""family"":""periodic"",""noise_density"":0.0,""seed"":1297748005,""size_requested"":65536}"
mathzip-benchmark-results-v1,20260725T170925Z-dde3921f,ablation,synthetic_ablation,datasets/synthetic/periodic/s0000065536_n000p000_seed1297748005.bin,s0000065536_n000p000_seed1297748005.bin,CC0-1.0,python/mathzip_bench/synthetic.py and datasets/synthetic/manifest.json,datasets/synthetic/manifest.json,c7188cafa911c31e5d80193ab1dae1d468dfe9e6deafecb9be709a46aae23de1,true,742efc49d53b0f51b7a9cdc8afdf6fb69b22e359571f016274fae0b527f1d1c8,2.8073549203781116,65536,ablation-12-add-copy,mathzip,balanced,12 add copy/reference,1,ok,,3,3,210,312.0761904761905,0.996795654296875,99.6795654296875,0.025634765625,0.0,3.627048010996077,0.005306334001943469,0.018068688311077025,12.350522974241187,3.624198999999976,0.004646999999977197,3760128.0,true,true,a1c000a36ee3335a97be88b6e3f60a9d401ba3c045eb8df38fd60e48d76ae3e1,742efc49d53b0f51b7a9cdc8afdf6fb69b22e359571f016274fae0b527f1d1c8,"[{""type"":""identity""}]",2,32768.0,32768.0,"{""periodic"":2}","{""sparse"":2}",16,72,2,120,0.0,0.0,0.0,2,2,2,0.041272556,0.207979768,3.370767019,"[""'<repo>/target/release/mathzip' compress --mode balanced --max-input-bytes 8589934592 --no-sync --force --models raw,constant,affine,polynomial,periodic,recurrence,copy --transforms identity,bit-plane,stride --segmentation adaptive --metrics-output '<work>/archive.mz.metrics.json' '<repo>/datasets/synthetic/periodic/s0000065536_n000p000_seed1297748005.bin' '<work>/archive.mz'"",""'<repo>/target/release/mathzip' decompress --max-archive-bytes 17179869184 --max-output-bytes 8589934592 --max-segments 8388608 --no-sync --force '<work>/archive.mz' '<work>/restored.bin'""]","{""family"":""periodic"",""noise_density"":0.0,""seed"":1297748005,""size_requested"":65536}"
mathzip-benchmark-results-v1,20260725T170925Z-dde3921f,ablation,synthetic_ablation,datasets/synthetic/periodic/s0000065536_n000p000_seed1297748005.bin,s0000065536_n000p000_seed1297748005.bin,CC0-1.0,python/mathzip_bench/synthetic.py and datasets/synthetic/manifest.json,datasets/synthetic/manifest.json,c7188cafa911c31e5d80193ab1dae1d468dfe9e6deafecb9be709a46aae23de1,true,742efc49d53b0f51b7a9cdc8afdf6fb69b22e359571f016274fae0b527f1d1c8,2.8073549203781116,65536,ablation-13-custom-residual,mathzip,balanced,13 custom residual coders,1,ok,,3,3,210,312.0761904761905,0.996795654296875,99.6795654296875,0.025634765625,0.0,5.633715100993868,0.005824057006975636,0.011632821118064438,11.252637108720897,5.630365999999981,0.005085000000008222,4276224.0,true,true,a1c000a36ee3335a97be88b6e3f60a9d401ba3c045eb8df38fd60e48d76ae3e1,742efc49d53b0f51b7a9cdc8afdf6fb69b22e359571f016274fae0b527f1d1c8,"[{""type"":""identity""}]",2,32768.0,32768.0,"{""periodic"":2}","{""sparse"":2}",16,72,2,120,0.0,0.0,0.0,2,2,2,0.051512997,0.340597311,5.235248722,"[""'<repo>/target/release/mathzip' compress --mode balanced --max-input-bytes 8589934592 --no-sync --force --residual-coders raw,rle,zero-run,sparse,bit-pack --metrics-output '<work>/archive.mz.metrics.json' '<repo>/datasets/synthetic/periodic/s0000065536_n000p000_seed1297748005.bin' '<work>/archive.mz'"",""'<repo>/target/release/mathzip' decompress --max-archive-bytes 17179869184 --max-output-bytes 8589934592 --max-segments 8388608 --no-sync --force '<work>/archive.mz' '<work>/restored.bin'""]","{""family"":""periodic"",""noise_density"":0.0,""seed"":1297748005,""size_requested"":65536}"
mathzip-benchmark-results-v1,20260725T170925Z-dde3921f,ablation,synthetic_ablation,datasets/synthetic/periodic/s0000065536_n000p000_seed1297748005.bin,s0000065536_n000p000_seed1297748005.bin,CC0-1.0,python/mathzip_bench/synthetic.py and datasets/synthetic/manifest.json,datasets/synthetic/manifest.json,c7188cafa911c31e5d80193ab1dae1d468dfe9e6deafecb9be709a46aae23de1,true,742efc49d53b0f51b7a9cdc8afdf6fb69b22e359571f016274fae0b527f1d1c8,2.8073549203781116,65536,ablation-14-zstd-residual,mathzip,balanced,14 Zstd residual coder,1,ok,,3,3,242,270.8099173553719,0.996307373046875,99.6307373046875,0.029541015625,0.0,2.5778146990051027,0.005614147987216711,0.02542308414382669,11.673365246022014,2.576084000000037,0.004333999999971638,4927488.0,true,true,fc91b8f5c5171ae54dc5be8086ce616b9183adca181a2e337e473e58ebf9d7db,742efc49d53b0f51b7a9cdc8afdf6fb69b22e359571f016274fae0b527f1d1c8,"[{""type"":""identity""}]",2,32768.0,32768.0,"{""raw"":2}","{""zstd"":2}",0,72,50,120,100.0,0.0,2.8073549203781116,50,0,0,0.051228448,0.340222448,2.180391086,"[""'<repo>/target/release/mathzip' compress --mode balanced --max-input-bytes 8589934592 --no-sync --force --residual-coders zstd --metrics-output '<work>/archive.mz.metrics.json' '<repo>/datasets/synthetic/periodic/s0000065536_n000p000_seed1297748005.bin' '<work>/archive.mz'"",""'<repo>/target/release/mathzip' decompress --max-archive-bytes 17179869184 --max-output-bytes 8589934592 --max-segments 8388608 --no-sync --force '<work>/archive.mz' '<work>/restored.bin'""]","{""family"":""periodic"",""noise_density"":0.0,""seed"":1297748005,""size_requested"":65536}"
mathzip-benchmark-results-v1,20260725T170925Z-dde3921f,ablation,synthetic_ablation,datasets/synthetic/periodic/s0000065536_n000p000_seed1297748005.bin,s0000065536_n000p000_seed1297748005.bin,CC0-1.0,python/mathzip_bench/synthetic.py and datasets/synthetic/manifest.json,datasets/synthetic/manifest.json,c7188cafa911c31e5d80193ab1dae1d468dfe9e6deafecb9be709a46aae23de1,true,742efc49d53b0f51b7a9cdc8afdf6fb69b22e359571f016274fae0b527f1d1c8,2.8073549203781116,65536,ablation-15-no-transform,mathzip,balanced,15 identity transform only,1,ok,,3,3,210,312.0761904761905,0.996795654296875,99.6795654296875,0.025634765625,0.0,0.613828685018234,0.005303445010213181,0.10676594561241991,12.35725078204698,0.6127510000000029,0.004597999999987223,4218880.0,true,true,a1c000a36ee3335a97be88b6e3f60a9d401ba3c045eb8df38fd60e48d76ae3e1,742efc49d53b0f51b7a9cdc8afdf6fb69b22e359571f016274fae0b527f1d1c8,"[{""type"":""identity""}]",2,32768.0,32768.0,"{""periodic"":2}","{""sparse"":2}",16,72,2,120,0.0,0.0,0.0,2,2,2,0.00623326,0.029215855,0.573398566,"[""'<repo>/target/release/mathzip' compress --mode balanced --max-input-bytes 8589934592 --no-sync --force --transforms identity --metrics-output '<work>/archive.mz.metrics.json' '<repo>/datasets/synthetic/periodic/s0000065536_n000p000_seed1297748005.bin' '<work>/archive.mz'"",""'<repo>/target/release/mathzip' decompress --max-archive-bytes 17179869184 --max-output-bytes 8589934592 --max-segments 8388608 --no-sync --force '<work>/archive.mz' '<work>/restored.bin'""]","{""family"":""periodic"",""noise_density"":0.0,""seed"":1297748005,""size_requested"":65536}"
mathzip-benchmark-results-v1,20260725T170925Z-dde3921f,ablation,synthetic_ablation,datasets/synthetic/periodic/s0000065536_n000p000_seed1297748005.bin,s0000065536_n000p000_seed1297748005.bin,CC0-1.0,python/mathzip_bench/synthetic.py and datasets/synthetic/manifest.json,datasets/synthetic/manifest.json,c7188cafa911c31e5d80193ab1dae1d468dfe9e6deafecb9be709a46aae23de1,true,742efc49d53b0f51b7a9cdc8afdf6fb69b22e359571f016274fae0b527f1d1c8,2.8073549203781116,65536,ablation-16-no-adaptive-partition,mathzip,balanced,16 fixed partition,1,ok,,3,3,790,82.95696202531646,0.987945556640625,98.7945556640625,0.096435546875,0.0,0.2590720370062627,0.007676467997953296,0.2529643907436284,8.537259585720053,0.256375999999932,0.00665399999991223,3653632.0,true,true,40b76edf71116fba3eb9d792ff9ef326fbc751b4e90bb5ed32236095fb9263ba,742efc49d53b0f51b7a9cdc8afdf6fb69b22e359571f016274fae0b527f1d1c8,"[{""stride"":8,""type"":""stride""}]",16,4096.0,4096.0,"{""copy"":9,""periodic"":7}","{""sparse"":16}",76,576,16,122,0.0,0.0,0.0,16,16,16,0.008933207,0.026127494,0.218041649,"[""'<repo>/target/release/mathzip' compress --mode balanced --max-input-bytes 8589934592 --no-sync --force --segmentation fixed --segment-size 4096 --metrics-output '<work>/archive.mz.metrics.json' '<repo>/datasets/synthetic/periodic/s0000065536_n000p000_seed1297748005.bin' '<work>/archive.mz'"",""'<repo>/target/release/mathzip' decompress --max-archive-bytes 17179869184 --max-output-bytes 8589934592 --max-segments 8388608 --no-sync --force '<work>/archive.mz' '<work>/restored.bin'""]","{""family"":""periodic"",""noise_density"":0.0,""seed"":1297748005,""size_requested"":65536}"
mathzip-benchmark-results-v1,20260725T170925Z-dde3921f,ablation,synthetic_ablation,datasets/synthetic/periodic/s0000065536_n000p000_seed1297748005.bin,s0000065536_n000p000_seed1297748005.bin,CC0-1.0,python/mathzip_bench/synthetic.py and datasets/synthetic/manifest.json,datasets/synthetic/manifest.json,c7188cafa911c31e5d80193ab1dae1d468dfe9e6deafecb9be709a46aae23de1,true,742efc49d53b0f51b7a9cdc8afdf6fb69b22e359571f016274fae0b527f1d1c8,2.8073549203781116,65536,ablation-17-no-raw-fallback,mathzip,balanced,17 no raw fallback,1,ok,,3,3,210,312.0761904761905,0.996795654296875,99.6795654296875,0.025634765625,0.0,5.617202492983779,0.005387222015997395,0.01166701753797524,12.165082449802583,5.614390000000071,0.004638999999883708,4214784.0,true,true,a1c000a36ee3335a97be88b6e3f60a9d401ba3c045eb8df38fd60e48d76ae3e1,742efc49d53b0f51b7a9cdc8afdf6fb69b22e359571f016274fae0b527f1d1c8,"[{""type"":""identity""}]",2,32768.0,32768.0,"{""periodic"":2}","{""sparse"":2}",16,72,2,120,0.0,0.0,0.0,2,2,2,0.050276309,0.337315641,5.224547742,"[""'<repo>/target/release/mathzip' compress --mode balanced --max-input-bytes 8589934592 --no-sync --force --no-raw-fallback --metrics-output '<work>/archive.mz.metrics.json' '<repo>/datasets/synthetic/periodic/s0000065536_n000p000_seed1297748005.bin' '<work>/archive.mz'"",""'<repo>/target/release/mathzip' decompress --max-archive-bytes 17179869184 --max-output-bytes 8589934592 --max-segments 8388608 --no-sync --force '<work>/archive.mz' '<work>/restored.bin'""]","{""family"":""periodic"",""noise_density"":0.0,""seed"":1297748005,""size_requested"":65536}"
mathzip-benchmark-results-v1,20260725T170925Z-dde3921f,ablation,synthetic_ablation,datasets/synthetic/periodic/s0000065536_n000p000_seed1297748005.bin,s0000065536_n000p000_seed1297748005.bin,CC0-1.0,python/mathzip_bench/synthetic.py and datasets/synthetic/manifest.json,datasets/synthetic/manifest.json,c7188cafa911c31e5d80193ab1dae1d468dfe9e6deafecb9be709a46aae23de1,true,742efc49d53b0f51b7a9cdc8afdf6fb69b22e359571f016274fae0b527f1d1c8,2.8073549203781116,65536,ablation-18-fast,mathzip,fast,18 fast mode,1,ok,,3,3,300,218.45333333333335,0.99542236328125,99.542236328125,0.03662109375,0.0,0.035916826978791505,0.005295489972922951,1.8246600691842376,12.375814199460395,0.03492600000004131,0.0046689999999216525,3739648.0,true,true,38adab40302d8c78ec585ecc5288ce440c556a0d90a8739e5849127db6730a70,742efc49d53b0f51b7a9cdc8afdf6fb69b22e359571f016274fae0b527f1d1c8,"[{""type"":""identity""}]",4,16384.0,16384.0,"{""periodic"":4}","{""sparse"":4}",32,144,4,120,0.0,0.0,0.0,4,4,4,0.002859601,0.000583442,0.027585427,"[""'<repo>/target/release/mathzip' compress --mode fast --max-input-bytes 8589934592 --no-sync --force --metrics-output '<work>/archive.mz.metrics.json' '<repo>/datasets/synthetic/periodic/s0000065536_n000p000_seed1297748005.bin' '<work>/archive.mz'"",""'<repo>/target/release/mathzip' decompress --max-archive-bytes 17179869184 --max-output-bytes 8589934592 --max-segments 8388608 --no-sync --force '<work>/archive.mz' '<work>/restored.bin'""]","{""family"":""periodic"",""noise_density"":0.0,""seed"":1297748005,""size_requested"":65536}"
mathzip-benchmark-results-v1,20260725T170925Z-dde3921f,ablation,synthetic_ablation,datasets/synthetic/periodic/s0000065536_n000p000_seed1297748005.bin,s0000065536_n000p000_seed1297748005.bin,CC0-1.0,python/mathzip_bench/synthetic.py and datasets/synthetic/manifest.json,datasets/synthetic/manifest.json,c7188cafa911c31e5d80193ab1dae1d468dfe9e6deafecb9be709a46aae23de1,true,742efc49d53b0f51b7a9cdc8afdf6fb69b22e359571f016274fae0b527f1d1c8,2.8073549203781116,65536,ablation-19-balanced,mathzip,balanced,19 balanced mode,1,ok,,3,3,210,312.0761904761905,0.996795654296875,99.6795654296875,0.025634765625,0.0,5.638331139023649,0.0055128500098362565,0.01162329745878466,11.88786197394595,5.631191000000058,0.004635999999891283,4214784.0,true,true,a1c000a36ee3335a97be88b6e3f60a9d401ba3c045eb8df38fd60e48d76ae3e1,742efc49d53b0f51b7a9cdc8afdf6fb69b22e359571f016274fae0b527f1d1c8,"[{""type"":""identity""}]",2,32768.0,32768.0,"{""periodic"":2}","{""sparse"":2}",16,72,2,120,0.0,0.0,0.0,2,2,2,0.05132242,0.339804594,5.242268263,"[""'<repo>/target/release/mathzip' compress --mode balanced --max-input-bytes 8589934592 --no-sync --force --metrics-output '<work>/archive.mz.metrics.json' '<repo>/datasets/synthetic/periodic/s0000065536_n000p000_seed1297748005.bin' '<work>/archive.mz'"",""'<repo>/target/release/mathzip' decompress --max-archive-bytes 17179869184 --max-output-bytes 8589934592 --max-segments 8388608 --no-sync --force '<work>/archive.mz' '<work>/restored.bin'""]","{""family"":""periodic"",""noise_density"":0.0,""seed"":1297748005,""size_requested"":65536}"
mathzip-benchmark-results-v1,20260725T170925Z-dde3921f,ablation,synthetic_ablation,datasets/synthetic/periodic/s0000065536_n000p000_seed1297748005.bin,s0000065536_n000p000_seed1297748005.bin,CC0-1.0,python/mathzip_bench/synthetic.py and datasets/synthetic/manifest.json,datasets/synthetic/manifest.json,c7188cafa911c31e5d80193ab1dae1d468dfe9e6deafecb9be709a46aae23de1,true,742efc49d53b0f51b7a9cdc8afdf6fb69b22e359571f016274fae0b527f1d1c8,2.8073549203781116,65536,ablation-20-max,mathzip,max,20 max mode,1,ok,,3,3,444,147.6036036036036,0.99322509765625,99.322509765625,0.05419921875,0.0,15.165648602007423,0.0048155309923458844,0.004321345015954361,13.609298767709552,15.159013999999956,0.004107000000090011,3874816.0,true,true,edc48a5dd9a70b388143422a725217042b6b5596a6a450451ccae1fac088d6fa,742efc49d53b0f51b7a9cdc8afdf6fb69b22e359571f016274fae0b527f1d1c8,"[{""type"":""identity""}]",8,8192.0,8192.0,"{""copy"":6,""periodic"":2}","{""sparse"":8}",28,288,8,120,0.0,0.0,0.0,8,8,8,0.070259488,2.006877958,13.083959942,"[""'<repo>/target/release/mathzip' compress --mode max --max-input-bytes 8589934592 --no-sync --force --metrics-output '<work>/archive.mz.metrics.json' '<repo>/datasets/synthetic/periodic/s0000065536_n000p000_seed1297748005.bin' '<work>/archive.mz'"",""'<repo>/target/release/mathzip' decompress --max-archive-bytes 17179869184 --max-output-bytes 8589934592 --max-segments 8388608 --no-sync --force '<work>/archive.mz' '<work>/restored.bin'""]","{""family"":""periodic"",""noise_density"":0.0,""seed"":1297748005,""size_requested"":65536}"
mathzip-benchmark-results-v1,20260725T170925Z-dde3921f,ablation,synthetic_ablation,datasets/synthetic/periodic/s0000065536_n000p000_seed1297748005.bin,s0000065536_n000p000_seed1297748005.bin,CC0-1.0,python/mathzip_bench/synthetic.py and datasets/synthetic/manifest.json,datasets/synthetic/manifest.json,c7188cafa911c31e5d80193ab1dae1d468dfe9e6deafecb9be709a46aae23de1,true,742efc49d53b0f51b7a9cdc8afdf6fb69b22e359571f016274fae0b527f1d1c8,2.8073549203781116,65536,zstd-default,zstd,default,,1,ok,,3,3,29,2259.862068965517,0.9995574951171875,99.95574951171875,0.0035400390625,0.0,0.004860665008891374,0.004397387005155906,13.482928751542893,14.903396022037516,0.004390999999941414,0.0036700000000564614,344064.0,true,true,f5e7e860e2d7e692debe0ba95d092d05ada0c1a9d3c46610b5293395b32960e9,742efc49d53b0f51b7a9cdc8afdf6fb69b22e359571f016274fae0b527f1d1c8,,,,,,,,,,,,,,,,,,,,"[""'<external>/zstd' -q -d -c '<work>/archive.zst'"",""'<external>/zstd' -q -f -T1 -3 -c '<repo>/datasets/synthetic/periodic/s0000065536_n000p000_seed1297748005.bin'""]","{""family"":""periodic"",""noise_density"":0.0,""seed"":1297748005,""size_requested"":65536}"
mathzip-benchmark-results-v1,20260725T170925Z-dde3921f,ablation,synthetic_ablation,datasets/synthetic/piecewise_mixed/s0000065536_n001p000_seed1297748005.bin,s0000065536_n001p000_seed1297748005.bin,CC0-1.0,python/mathzip_bench/synthetic.py and datasets/synthetic/manifest.json,datasets/synthetic/manifest.json,c7188cafa911c31e5d80193ab1dae1d468dfe9e6deafecb9be709a46aae23de1,true,a9eed5b582fa42393e69d5b7974ab65ce3ca8752b202ecf832436ebf8ec91664,6.9116712252463195,65536,ablation-01-raw-only,mathzip,balanced,01 raw only,1,ok,,3,3,65692,0.9976252816172441,-0.00238037109375,-0.238037109375,8.01904296875,0.238037109375,0.006614281999645755,0.005665248987497762,9.908256104518971,11.568070555173616,0.005993999999986954,0.004762000000027911,430080.0,true,true,0cc72f7b2dc7866d45b7a0ad24cc16b0c5b1824df752341ee5bcf7224f1ce1d4,a9eed5b582fa42393e69d5b7974ab65ce3ca8752b202ecf832436ebf8ec91664,"[{""type"":""identity""}]",1,65536.0,65536.0,"{""raw"":1}","{""raw"":1}",0,36,65536,120,100.0,100.0,6.911671225246323,65536,0,0,0.002392759,7.0679e-05,1.8089e-05,"[""'<repo>/target/release/mathzip' compress --mode balanced --max-input-bytes 8589934592 --no-sync --force --models raw --residual-coders raw --transforms identity --segmentation fixed --metrics-output '<work>/archive.mz.metrics.json' '<repo>/datasets/synthetic/piecewise_mixed/s0000065536_n001p000_seed1297748005.bin' '<work>/archive.mz'"",""'<repo>/target/release/mathzip' decompress --max-archive-bytes 17179869184 --max-output-bytes 8589934592 --max-segments 8388608 --no-sync --force '<work>/archive.mz' '<work>/restored.bin'""]","{""family"":""piecewise_mixed"",""noise_density"":0.01,""seed"":1297748005,""size_requested"":65536}"
mathzip-benchmark-results-v1,20260725T170925Z-dde3921f,ablation,synthetic_ablation,datasets/synthetic/piecewise_mixed/s0000065536_n001p000_seed1297748005.bin,s0000065536_n001p000_seed1297748005.bin,CC0-1.0,python/mathzip_bench/synthetic.py and datasets/synthetic/manifest.json,datasets/synthetic/manifest.json,c7188cafa911c31e5d80193ab1dae1d468dfe9e6deafecb9be709a46aae23de1,true,a9eed5b582fa42393e69d5b7974ab65ce3ca8752b202ecf832436ebf8ec91664,6.9116712252463195,65536,ablation-02-residual-only,mathzip,balanced,02 residual coder only,1,ok,,3,3,57180,1.1461350122420426,0.12750244140625,12.750244140625,6.97998046875,0.0,0.00833598998724483,0.004766693018609658,7.861813665836784,13.748735180583424,0.006344000000012784,0.0041629999999486245,430080.0,true,true,a328bae425f3a5c8b3226da081a19f0f88e4fdf047149af5f2fa62dc26e26ede,a9eed5b582fa42393e69d5b7974ab65ce3ca8752b202ecf832436ebf8ec91664,"[{""type"":""identity""}]",16,4096.0,4096.0,"{""raw"":16}","{""raw"":13,""rle"":3}",0,576,56484,120,100.0,81.25,6.911671225246323,56484,0,0,0.00227294,7.0307e-05,0.000462085,"[""'<repo>/target/release/mathzip' compress --mode balanced --max-input-bytes 8589934592 --no-sync --force --models raw --residual-coders raw,rle,zero-run,sparse,bit-pack --transforms identity --segmentation fixed --metrics-output '<work>/archive.mz.metrics.json' '<repo>/datasets/synthetic/piecewise_mixed/s0000065536_n001p000_seed1297748005.bin' '<work>/archive.mz'"",""'<repo>/target/release/mathzip' decompress --max-archive-bytes 17179869184 --max-output-bytes 8589934592 --max-segments 8388608 --no-sync --force '<work>/archive.mz' '<work>/restored.bin'""]","{""family"":""piecewise_mixed"",""noise_density"":0.01,""seed"":1297748005,""size_requested"":65536}"
mathzip-benchmark-results-v1,20260725T170925Z-dde3921f,ablation,synthetic_ablation,datasets/synthetic/piecewise_mixed/s0000065536_n001p000_seed1297748005.bin,s0000065536_n001p000_seed1297748005.bin,CC0-1.0,python/mathzip_bench/synthetic.py and datasets/synthetic/manifest.json,datasets/synthetic/manifest.json,c7188cafa911c31e5d80193ab1dae1d468dfe9e6deafecb9be709a46aae23de1,true,a9eed5b582fa42393e69d5b7974ab65ce3ca8752b202ecf832436ebf8ec91664,6.9116712252463195,65536,ablation-03-fixed-constant,mathzip,balanced,03 fixed segmentation + constant,1,ok,,3,3,55624,1.1781964619588667,0.1512451171875,15.12451171875,6.7900390625,0.0,0.008101085986709222,0.00524014700204134,8.089779581098073,12.506519373305737,0.00736800000004223,0.004460000000108266,438272.0,true,true,6722201df25857ff7815c9591da91cecf88d84dc7c655e0a333340bdefb63747,a9eed5b582fa42393e69d5b7974ab65ce3ca8752b202ecf832436ebf8ec91664,"[{""type"":""identity""}]",16,4096.0,4096.0,"{""constant"":3,""raw"":13}","{""raw"":13,""sparse"":2,""zero_run"":1}",3,576,54925,120,81.25,81.25,6.912269028968093,54925,3,2,0.002204421,7.1309e-05,0.001523932,"[""'<repo>/target/release/mathzip' compress --mode balanced --max-input-bytes 8589934592 --no-sync --force --models raw,constant --transforms identity --segmentation fixed --segment-size 4096 --metrics-output '<work>/archive.mz.metrics.json' '<repo>/datasets/synthetic/piecewise_mixed/s0000065536_n001p000_seed1297748005.bin' '<work>/archive.mz'"",""'<repo>/target/release/mathzip' decompress --max-archive-bytes 17179869184 --max-output-bytes 8589934592 --max-segments 8388608 --no-sync --force '<work>/archive.mz' '<work>/restored.bin'""]","{""family"":""piecewise_mixed"",""noise_density"":0.01,""seed"":1297748005,""size_requested"":65536}"
mathzip-benchmark-results-v1,20260725T170925Z-dde3921f,ablation,synthetic_ablation,datasets/synthetic/piecewise_mixed/s0000065536_n001p000_seed1297748005.bin,s0000065536_n001p000_seed1297748005.bin,CC0-1.0,python/mathzip_bench/synthetic.py and datasets/synthetic/manifest.json,datasets/synthetic/manifest.json,c7188cafa911c31e5d80193ab1dae1d468dfe9e6deafecb9be709a46aae23de1,true,a9eed5b582fa42393e69d5b7974ab65ce3ca8752b202ecf832436ebf8ec91664,6.9116712252463195,65536,ablation-04-fixed-all-models,mathzip,balanced,04 fixed segmentation + all models,1,ok,,3,3,18880,3.471186440677966,0.7119140625,71.19140625,2.3046875,0.0,0.03292170699569397,0.005062854994321242,1.9906622705976897,12.944475019234906,0.032146000000011554,0.004429000000072847,3715072.0,true,true,a7456958d17a0c71994214ee470b8348d5a64981fd7ee8465c8915950138a918,a9eed5b582fa42393e69d5b7974ab65ce3ca8752b202ecf832436ebf8ec91664,"[{""type"":""identity""}]",16,4096.0,4096.0,"{""affine"":3,""constant"":2,""periodic"":2,""polynomial"":2,""raw"":3,""recurrence"":4}","{""raw"":3,""rle"":1,""sparse"":8,""zero_run"":4}",52,576,18132,120,18.75,18.75,3.0392678835549485,18132,13,12,0.001815075,0.005921392,0.020581902,"[""'<repo>/target/release/mathzip' compress --mode balanced --max-input-bytes 8589934592 --no-sync --force --models raw,constant,affine,polynomial,periodic,recurrence,piecewise-linear,run,sparse,copy --transforms identity --segmentation fixed --segment-size 4096 --metrics-output '<work>/archive.mz.metrics.json' '<repo>/datasets/synthetic/piecewise_mixed/s0000065536_n001p000_seed1297748005.bin' '<work>/archive.mz'"",""'<repo>/target/release/mathzip' decompress --max-archive-bytes 17179869184 --max-output-bytes 8589934592 --max-segments 8388608 --no-sync --force '<work>/archive.mz' '<work>/restored.bin'""]","{""family"":""piecewise_mixed"",""noise_density"":0.01,""seed"":1297748005,""size_requested"":65536}"
mathzip-benchmark-results-v1,20260725T170925Z-dde3921f,ablation,synthetic_ablation,datasets/synthetic/piecewise_mixed/s0000065536_n001p000_seed1297748005.bin,s0000065536_n001p000_seed1297748005.bin,CC0-1.0,python/mathzip_bench/synthetic.py and datasets/synthetic/manifest.json,datasets/synthetic/manifest.json,c7188cafa911c31e5d80193ab1dae1d468dfe9e6deafecb9be709a46aae23de1,true,a9eed5b582fa42393e69d5b7974ab65ce3ca8752b202ecf832436ebf8ec91664,6.9116712252463195,65536,ablation-05-adaptive-constant,mathzip,balanced,05 adaptive segmentation + constant,1,ok,,3,3,55190,1.1874614966479435,0.157867431640625,15.7867431640625,6.737060546875,0.0,0.05599191598594189,0.0059549180150497705,1.170454678072713,11.005357224796697,0.0548390000000154,0.004791999999952168,4083712.0,true,true,72b617053a756f6c3be12c171fd2d5c3ad2c92d6dae79be78521aecbef54aa5d,a9eed5b582fa42393e69d5b7974ab65ce3ca8752b202ecf832436ebf8ec91664,"[{""type"":""identity""}]",5,13107.2,13312.0,"{""constant"":2,""raw"":3}","{""raw"":3,""sparse"":1,""zero_run"":1}",2,180,54888,120,82.8125,82.8125,6.912290682639034,54888,2,1,0.007408204,0.001548532,0.04197267,"[""'<repo>/target/release/mathzip' compress --mode balanced --max-input-bytes 8589934592 --no-sync --force --models raw,constant --transforms identity --segmentation adaptive --metrics-output '<work>/archive.mz.metrics.json' '<repo>/datasets/synthetic/piecewise_mixed/s0000065536_n001p000_seed1297748005.bin' '<work>/archive.mz'"",""'<repo>/target/release/mathzip' decompress --max-archive-bytes 17179869184 --max-output-bytes 8589934592 --max-segments 8388608 --no-sync --force '<work>/archive.mz' '<work>/restored.bin'""]","{""family"":""piecewise_mixed"",""noise_density"":0.01,""seed"":1297748005,""size_requested"":65536}"
mathzip-benchmark-results-v1,20260725T170925Z-dde3921f,ablation,synthetic_ablation,datasets/synthetic/piecewise_mixed/s0000065536_n001p000_seed1297748005.bin,s0000065536_n001p000_seed1297748005.bin,CC0-1.0,python/mathzip_bench/synthetic.py and datasets/synthetic/manifest.json,datasets/synthetic/manifest.json,c7188cafa911c31e5d80193ab1dae1d468dfe9e6deafecb9be709a46aae23de1,true,a9eed5b582fa42393e69d5b7974ab65ce3ca8752b202ecf832436ebf8ec91664,6.9116712252463195,65536,ablation-06-adaptive-linear,mathzip,balanced,06 adaptive + constant/linear,1,ok,,3,3,44876,1.4603797129868972,0.31524658203125,31.524658203125,5.47802734375,0.0,0.10884613401140086,0.008841867005685344,0.6020976362204611,7.412009246221434,0.10567800000001171,0.007922000000007756,4128768.0,true,true,29bf8eb4236534ca067eb260b93a998d4d2254e8309bc84c05969887eb4274c4,a9eed5b582fa42393e69d5b7974ab65ce3ca8752b202ecf832436ebf8ec91664,"[{""type"":""identity""}]",6,10922.666666666666,10240.0,"{""affine"":2,""constant"":2,""raw"":2}","{""raw"":2,""sparse"":2,""zero_run"":2}",6,216,44534,120,65.625,65.625,5.878784668403757,44534,4,2,0.007393405,0.004455174,0.09000797,"[""'<repo>/target/release/mathzip' compress --mode balanced --max-input-bytes 8589934592 --no-sync --force --models raw,constant,affine --transforms identity --segmentation adaptive --metrics-output '<work>/archive.mz.metrics.json' '<repo>/datasets/synthetic/piecewise_mixed/s0000065536_n001p000_seed1297748005.bin' '<work>/archive.mz'"",""'<repo>/target/release/mathzip' decompress --max-archive-bytes 17179869184 --max-output-bytes 8589934592 --max-segments 8388608 --no-sync --force '<work>/archive.mz' '<work>/restored.bin'""]","{""family"":""piecewise_mixed"",""noise_density"":0.01,""seed"":1297748005,""size_requested"":65536}"
mathzip-benchmark-results-v1,20260725T170925Z-dde3921f,ablation,synthetic_ablation,datasets/synthetic/piecewise_mixed/s0000065536_n001p000_seed1297748005.bin,s0000065536_n001p000_seed1297748005.bin,CC0-1.0,python/mathzip_bench/synthetic.py and datasets/synthetic/manifest.json,datasets/synthetic/manifest.json,c7188cafa911c31e5d80193ab1dae1d468dfe9e6deafecb9be709a46aae23de1,true,a9eed5b582fa42393e69d5b7974ab65ce3ca8752b202ecf832436ebf8ec91664,6.9116712252463195,65536,ablation-07-add-polynomial,mathzip,balanced,07 add polynomial,1,ok,,3,3,37074,1.767707827588067,0.434295654296875,43.4295654296875,4.525634765625,0.0,0.18258844001684338,0.0050116690108552575,0.35892743261268045,13.076681612063616,0.1815039999999044,0.004299999999943793,4087808.0,true,true,6c633882264e357bf8009997bb6acb14c03bfc5d1a2b3b4e40e1e41dbab3a199,a9eed5b582fa42393e69d5b7974ab65ce3ca8752b202ecf832436ebf8ec91664,"[{""type"":""identity""}]",7,9362.285714285714,10240.0,"{""affine"":2,""constant"":2,""polynomial"":1,""raw"":2}","{""raw"":2,""sparse"":3,""zero_run"":2}",11,252,36691,120,53.125,53.125,4.9442570789519715,36691,5,3,0.007335891,0.004558118,0.165996759,"[""'<repo>/target/release/mathzip' compress --mode balanced --max-input-bytes 8589934592 --no-sync --force --models raw,constant,affine,polynomial --transforms identity --segmentation adaptive --metrics-output '<work>/archive.mz.metrics.json' '<repo>/datasets/synthetic/piecewise_mixed/s0000065536_n001p000_seed1297748005.bin' '<work>/archive.mz'"",""'<repo>/target/release/mathzip' decompress --max-archive-bytes 17179869184 --max-output-bytes 8589934592 --max-segments 8388608 --no-sync --force '<work>/archive.mz' '<work>/restored.bin'""]","{""family"":""piecewise_mixed"",""noise_density"":0.01,""seed"":1297748005,""size_requested"":65536}"
mathzip-benchmark-results-v1,20260725T170925Z-dde3921f,ablation,synthetic_ablation,datasets/synthetic/piecewise_mixed/s0000065536_n001p000_seed1297748005.bin,s0000065536_n001p000_seed1297748005.bin,CC0-1.0,python/mathzip_bench/synthetic.py and datasets/synthetic/manifest.json,datasets/synthetic/manifest.json,c7188cafa911c31e5d80193ab1dae1d468dfe9e6deafecb9be709a46aae23de1,true,a9eed5b582fa42393e69d5b7974ab65ce3ca8752b202ecf832436ebf8ec91664,6.9116712252463195,65536,ablation-08-add-periodic,mathzip,balanced,08 add periodic,1,ok,,3,3,26097,2.511246503429513,0.6017913818359375,60.17913818359375,3.1856689453125,0.0,0.3630667910038028,0.005617015995085239,0.18050673216023652,11.667404909892102,0.36199199999998655,0.004488000000037573,4034560.0,true,true,71b611e971c8fd64dc706a7a5ae68c84af28cc6f104035242e01696a90891aa1,a9eed5b582fa42393e69d5b7974ab65ce3ca8752b202ecf832436ebf8ec91664,"[{""type"":""identity""}]",8,8192.0,10240.0,"{""affine"":2,""constant"":2,""periodic"":2,""polynomial"":1,""raw"":1}","{""raw"":1,""sparse"":4,""zero_run"":3}",84,288,25605,120,20.3125,20.3125,3.741100233293001,25605,7,4,0.007260209,0.066507785,0.284172552,"[""'<repo>/target/release/mathzip' compress --mode balanced --max-input-bytes 8589934592 --no-sync --force --models raw,constant,affine,polynomial,periodic --transforms identity --segmentation adaptive --metrics-output '<work>/archive.mz.metrics.json' '<repo>/datasets/synthetic/piecewise_mixed/s0000065536_n001p000_seed1297748005.bin' '<work>/archive.mz'"",""'<repo>/target/release/mathzip' decompress --max-archive-bytes 17179869184 --max-output-bytes 8589934592 --max-segments 8388608 --no-sync --force '<work>/archive.mz' '<work>/restored.bin'""]","{""family"":""piecewise_mixed"",""noise_density"":0.01,""seed"":1297748005,""size_requested"":65536}"
mathzip-benchmark-results-v1,20260725T170925Z-dde3921f,ablation,synthetic_ablation,datasets/synthetic/piecewise_mixed/s0000065536_n001p000_seed1297748005.bin,s0000065536_n001p000_seed1297748005.bin,CC0-1.0,python/mathzip_bench/synthetic.py and datasets/synthetic/manifest.json,datasets/synthetic/manifest.json,c7188cafa911c31e5d80193ab1dae1d468dfe9e6deafecb9be709a46aae23de1,true,a9eed5b582fa42393e69d5b7974ab65ce3ca8752b202ecf832436ebf8ec91664,6.9116712252463195,65536,ablation-09-add-recurrence,mathzip,balanced,09 add recurrence,1,ok,,3,3,16383,4.000244155527071,0.7500152587890625,75.00152587890625,1.9998779296875,0.0,0.5357465489942115,0.006732353998813778,0.12232649957901658,9.73448514613867,0.5336800000000039,0.004790999999954693,4046848.0,true,true,d4d0b4a4898565bf224905ae6c6c8446e1cdb33aee2488b09d777c433c0bb14b,a9eed5b582fa42393e69d5b7974ab65ce3ca8752b202ecf832436ebf8ec91664,"[{""type"":""identity""}]",8,8192.0,10240.0,"{""affine"":2,""constant"":1,""periodic"":1,""polynomial"":1,""raw"":1,""recurrence"":2}","{""raw"":1,""rle"":1,""sparse"":4,""zero_run"":2}",26,288,15949,120,20.3125,20.3125,2.649049317644352,15949,7,6,0.007206226,0.066546153,0.454154751,"[""'<repo>/target/release/mathzip' compress --mode balanced --max-input-bytes 8589934592 --no-sync --force --models raw,constant,affine,polynomial,periodic,recurrence --transforms identity --segmentation adaptive --metrics-output '<work>/archive.mz.metrics.json' '<repo>/datasets/synthetic/piecewise_mixed/s0000065536_n001p000_seed1297748005.bin' '<work>/archive.mz'"",""'<repo>/target/release/mathzip' decompress --max-archive-bytes 17179869184 --max-output-bytes 8589934592 --max-segments 8388608 --no-sync --force '<work>/archive.mz' '<work>/restored.bin'""]","{""family"":""piecewise_mixed"",""noise_density"":0.01,""seed"":1297748005,""size_requested"":65536}"
mathzip-benchmark-results-v1,20260725T170925Z-dde3921f,ablation,synthetic_ablation,datasets/synthetic/piecewise_mixed/s0000065536_n001p000_seed1297748005.bin,s0000065536_n001p000_seed1297748005.bin,CC0-1.0,python/mathzip_bench/synthetic.py and datasets/synthetic/manifest.json,datasets/synthetic/manifest.json,c7188cafa911c31e5d80193ab1dae1d468dfe9e6deafecb9be709a46aae23de1,true,a9eed5b582fa42393e69d5b7974ab65ce3ca8752b202ecf832436ebf8ec91664,6.9116712252463195,65536,ablation-10-add-bit-plane,mathzip,balanced,10 add bit-plane,1,ok,,3,3,16383,4.000244155527071,0.7500152587890625,75.00152587890625,1.9998779296875,0.0,1.4921391419775318,0.008724507002625614,0.04392083697579647,7.511713840137572,1.4896969999999783,0.004442000000040025,4075520.0,true,true,d4d0b4a4898565bf224905ae6c6c8446e1cdb33aee2488b09d777c433c0bb14b,a9eed5b582fa42393e69d5b7974ab65ce3ca8752b202ecf832436ebf8ec91664,"[{""type"":""identity""}]",8,8192.0,10240.0,"{""affine"":2,""constant"":1,""periodic"":1,""polynomial"":1,""raw"":1,""recurrence"":2}","{""raw"":1,""rle"":1,""sparse"":4,""zero_run"":2}",26,288,15949,120,20.3125,20.3125,2.649049317644352,15949,7,6,0.019356285,0.298594879,1.1689046539999999,"[""'<repo>/target/release/mathzip' compress --mode balanced --max-input-bytes 8589934592 --no-sync --force --models raw,constant,affine,polynomial,periodic,recurrence --transforms identity,bit-plane --segmentation adaptive --metrics-output '<work>/archive.mz.metrics.json' '<repo>/datasets/synthetic/piecewise_mixed/s0000065536_n001p000_seed1297748005.bin' '<work>/archive.mz'"",""'<repo>/target/release/mathzip' decompress --max-archive-bytes 17179869184 --max-output-bytes 8589934592 --max-segments 8388608 --no-sync --force '<work>/archive.mz' '<work>/restored.bin'""]","{""family"":""piecewise_mixed"",""noise_density"":0.01,""seed"":1297748005,""size_requested"":65536}"
mathzip-benchmark-results-v1,20260725T170925Z-dde3921f,ablation,synthetic_ablation,datasets/synthetic/piecewise_mixed/s0000065536_n001p000_seed1297748005.bin,s0000065536_n001p000_seed1297748005.bin,CC0-1.0,python/mathzip_bench/synthetic.py and datasets/synthetic/manifest.json,datasets/synthetic/manifest.json,c7188cafa911c31e5d80193ab1dae1d468dfe9e6deafecb9be709a46aae23de1,true,a9eed5b582fa42393e69d5b7974ab65ce3ca8752b202ecf832436ebf8ec91664,6.9116712252463195,65536,ablation-11-add-stride,mathzip,balanced,11 add stride transpose,1,ok,,3,3,16383,4.000244155527071,0.7500152587890625,75.00152587890625,1.9998779296875,0.0,5.097597331012366,0.005685381998773664,0.012856252807827165,11.527105832842208,5.063081000000011,0.004520000000070468,4055040.0,true,true,d4d0b4a4898565bf224905ae6c6c8446e1cdb33aee2488b09d777c433c0bb14b,a9eed5b582fa42393e69d5b7974ab65ce3ca8752b202ecf832436ebf8ec91664,"[{""type"":""identity""}]",8,8192.0,10240.0,"{""affine"":2,""constant"":1,""periodic"":1,""polynomial"":1,""raw"":1,""recurrence"":2}","{""raw"":1,""rle"":1,""sparse"":4,""zero_run"":2}",26,288,15949,120,20.3125,20.3125,2.649049317644352,15949,7,6,0.049808554,1.126520047,3.915003909,"[""'<repo>/target/release/mathzip' compress --mode balanced --max-input-bytes 8589934592 --no-sync --force --models raw,constant,affine,polynomial,periodic,recurrence --transforms identity,bit-plane,stride --segmentation adaptive --metrics-output '<work>/archive.mz.metrics.json' '<repo>/datasets/synthetic/piecewise_mixed/s0000065536_n001p000_seed1297748005.bin' '<work>/archive.mz'"",""'<repo>/target/release/mathzip' decompress --max-archive-bytes 17179869184 --max-output-bytes 8589934592 --max-segments 8388608 --no-sync --force '<work>/archive.mz' '<work>/restored.bin'""]","{""family"":""piecewise_mixed"",""noise_density"":0.01,""seed"":1297748005,""size_requested"":65536}"
mathzip-benchmark-results-v1,20260725T170925Z-dde3921f,ablation,synthetic_ablation,datasets/synthetic/piecewise_mixed/s0000065536_n001p000_seed1297748005.bin,s0000065536_n001p000_seed1297748005.bin,CC0-1.0,python/mathzip_bench/synthetic.py and datasets/synthetic/manifest.json,datasets/synthetic/manifest.json,c7188cafa911c31e5d80193ab1dae1d468dfe9e6deafecb9be709a46aae23de1,true,a9eed5b582fa42393e69d5b7974ab65ce3ca8752b202ecf832436ebf8ec91664,6.9116712252463195,65536,ablation-12-add-copy,mathzip,balanced,12 add copy/reference,1,ok,,3,3,16383,4.000244155527071,0.7500152587890625,75.00152587890625,1.9998779296875,0.0,5.113881269004196,0.0055403439910151064,0.012815315130060017,11.82886840713882,5.110652999999957,0.004533999999921434,3981312.0,true,true,d4d0b4a4898565bf224905ae6c6c8446e1cdb33aee2488b09d777c433c0bb14b,a9eed5b582fa42393e69d5b7974ab65ce3ca8752b202ecf832436ebf8ec91664,"[{""type"":""identity""}]",8,8192.0,10240.0,"{""affine"":2,""constant"":1,""periodic"":1,""polynomial"":1,""raw"":1,""recurrence"":2}","{""raw"":1,""rle"":1,""sparse"":4,""zero_run"":2}",26,288,15949,120,20.3125,20.3125,2.649049317644352,15949,7,6,0.05000475,1.134933441,3.923815266,"[""'<repo>/target/release/mathzip' compress --mode balanced --max-input-bytes 8589934592 --no-sync --force --models raw,constant,affine,polynomial,periodic,recurrence,copy --transforms identity,bit-plane,stride --segmentation adaptive --metrics-output '<work>/archive.mz.metrics.json' '<repo>/datasets/synthetic/piecewise_mixed/s0000065536_n001p000_seed1297748005.bin' '<work>/archive.mz'"",""'<repo>/target/release/mathzip' decompress --max-archive-bytes 17179869184 --max-output-bytes 8589934592 --max-segments 8388608 --no-sync --force '<work>/archive.mz' '<work>/restored.bin'""]","{""family"":""piecewise_mixed"",""noise_density"":0.01,""seed"":1297748005,""size_requested"":65536}"
mathzip-benchmark-results-v1,20260725T170925Z-dde3921f,ablation,synthetic_ablation,datasets/synthetic/piecewise_mixed/s0000065536_n001p000_seed1297748005.bin,s0000065536_n001p000_seed1297748005.bin,CC0-1.0,python/mathzip_bench/synthetic.py and datasets/synthetic/manifest.json,datasets/synthetic/manifest.json,c7188cafa911c31e5d80193ab1dae1d468dfe9e6deafecb9be709a46aae23de1,true,a9eed5b582fa42393e69d5b7974ab65ce3ca8752b202ecf832436ebf8ec91664,6.9116712252463195,65536,ablation-13-custom-residual,mathzip,balanced,13 custom residual coders,1,ok,,3,3,15481,4.233318261094245,0.7637786865234375,76.37786865234375,1.8897705078125,0.0,7.417395008989843,0.00680922600440681,0.008835446935288024,9.624588750261228,7.414128000000005,0.005320000000097025,4411392.0,true,true,16758263a970d63b35052417c70df79daf252a2e8ed0cc2dca03e11e660f62c7,a9eed5b582fa42393e69d5b7974ab65ce3ca8752b202ecf832436ebf8ec91664,"[{""type"":""delta""}]",8,8192.0,10240.0,"{""constant"":1,""copy"":1,""periodic"":1,""polynomial"":1,""raw"":2,""recurrence"":2}","{""raw"":1,""sparse"":1,""zero_run"":6}",23,288,15050,120,32.8125,17.1875,2.3746000937541587,15050,6,5,0.061767357,1.4088185549999999,5.9420836,"[""'<repo>/target/release/mathzip' compress --mode balanced --max-input-bytes 8589934592 --no-sync --force --residual-coders raw,rle,zero-run,sparse,bit-pack --metrics-output '<work>/archive.mz.metrics.json' '<repo>/datasets/synthetic/piecewise_mixed/s0000065536_n001p000_seed1297748005.bin' '<work>/archive.mz'"",""'<repo>/target/release/mathzip' decompress --max-archive-bytes 17179869184 --max-output-bytes 8589934592 --max-segments 8388608 --no-sync --force '<work>/archive.mz' '<work>/restored.bin'""]","{""family"":""piecewise_mixed"",""noise_density"":0.01,""seed"":1297748005,""size_requested"":65536}"
mathzip-benchmark-results-v1,20260725T170925Z-dde3921f,ablation,synthetic_ablation,datasets/synthetic/piecewise_mixed/s0000065536_n001p000_seed1297748005.bin,s0000065536_n001p000_seed1297748005.bin,CC0-1.0,python/mathzip_bench/synthetic.py and datasets/synthetic/manifest.json,datasets/synthetic/manifest.json,c7188cafa911c31e5d80193ab1dae1d468dfe9e6deafecb9be709a46aae23de1,true,a9eed5b582fa42393e69d5b7974ab65ce3ca8752b202ecf832436ebf8ec91664,6.9116712252463195,65536,ablation-14-zstd-residual,mathzip,balanced,14 Zstd residual coder,1,ok,,3,3,13899,4.7151593639830205,0.7879180908203125,78.79180908203125,1.6966552734375,0.0,6.0897007579915226,0.0062660989933647215,0.010761776744776337,10.458819764800584,6.085778999999889,0.004616000000055465,4800512.0,true,true,25c40eb5369f53e50782658dd84adbba1e5d4662b58062a4fc2867b1570199b7,a9eed5b582fa42393e69d5b7974ab65ce3ca8752b202ecf832436ebf8ec91664,"[{""type"":""identity""}]",5,13107.2,12288.0,"{""periodic"":1,""raw"":1,""recurrence"":2,""sparse"":1}","{""zstd"":5}",284,180,13315,120,15.625,0.0,4.974881541773721,13315,4,4,0.061497957,1.414222089,4.605560053,"[""'<repo>/target/release/mathzip' compress --mode balanced --max-input-bytes 8589934592 --no-sync --force --residual-coders zstd --metrics-output '<work>/archive.mz.metrics.json' '<repo>/datasets/synthetic/piecewise_mixed/s0000065536_n001p000_seed1297748005.bin' '<work>/archive.mz'"",""'<repo>/target/release/mathzip' decompress --max-archive-bytes 17179869184 --max-output-bytes 8589934592 --max-segments 8388608 --no-sync --force '<work>/archive.mz' '<work>/restored.bin'""]","{""family"":""piecewise_mixed"",""noise_density"":0.01,""seed"":1297748005,""size_requested"":65536}"
mathzip-benchmark-results-v1,20260725T170925Z-dde3921f,ablation,synthetic_ablation,datasets/synthetic/piecewise_mixed/s0000065536_n001p000_seed1297748005.bin,s0000065536_n001p000_seed1297748005.bin,CC0-1.0,python/mathzip_bench/synthetic.py and datasets/synthetic/manifest.json,datasets/synthetic/manifest.json,c7188cafa911c31e5d80193ab1dae1d468dfe9e6deafecb9be709a46aae23de1,true,a9eed5b582fa42393e69d5b7974ab65ce3ca8752b202ecf832436ebf8ec91664,6.9116712252463195,65536,ablation-15-no-transform,mathzip,balanced,15 identity transform only,1,ok,,3,3,16383,4.000244155527071,0.7500152587890625,75.00152587890625,1.9998779296875,0.0,0.6526957889727782,0.009170168021228164,0.10040818572330835,7.146652040430414,0.6516060000000152,0.008337999999980639,4411392.0,true,true,d4d0b4a4898565bf224905ae6c6c8446e1cdb33aee2488b09d777c433c0bb14b,a9eed5b582fa42393e69d5b7974ab65ce3ca8752b202ecf832436ebf8ec91664,"[{""type"":""identity""}]",8,8192.0,10240.0,"{""affine"":2,""constant"":1,""periodic"":1,""polynomial"":1,""raw"":1,""recurrence"":2}","{""raw"":1,""rle"":1,""sparse"":4,""zero_run"":2}",26,288,15949,120,20.3125,20.3125,2.649049317644352,15949,7,6,0.007174348,0.08058399,0.560027759,"[""'<repo>/target/release/mathzip' compress --mode balanced --max-input-bytes 8589934592 --no-sync --force --transforms identity --metrics-output '<work>/archive.mz.metrics.json' '<repo>/datasets/synthetic/piecewise_mixed/s0000065536_n001p000_seed1297748005.bin' '<work>/archive.mz'"",""'<repo>/target/release/mathzip' decompress --max-archive-bytes 17179869184 --max-output-bytes 8589934592 --max-segments 8388608 --no-sync --force '<work>/archive.mz' '<work>/restored.bin'""]","{""family"":""piecewise_mixed"",""noise_density"":0.01,""seed"":1297748005,""size_requested"":65536}"
mathzip-benchmark-results-v1,20260725T170925Z-dde3921f,ablation,synthetic_ablation,datasets/synthetic/piecewise_mixed/s0000065536_n001p000_seed1297748005.bin,s0000065536_n001p000_seed1297748005.bin,CC0-1.0,python/mathzip_bench/synthetic.py and datasets/synthetic/manifest.json,datasets/synthetic/manifest.json,c7188cafa911c31e5d80193ab1dae1d468dfe9e6deafecb9be709a46aae23de1,true,a9eed5b582fa42393e69d5b7974ab65ce3ca8752b202ecf832436ebf8ec91664,6.9116712252463195,65536,ablation-16-no-adaptive-partition,mathzip,balanced,16 fixed partition,1,ok,,3,3,18880,3.471186440677966,0.7119140625,71.19140625,2.3046875,0.0,0.2992206350027118,0.005853779992321506,0.2190223277863375,11.19550104137234,0.29842500000006567,0.005126000000018394,3883008.0,true,true,a7456958d17a0c71994214ee470b8348d5a64981fd7ee8465c8915950138a918,a9eed5b582fa42393e69d5b7974ab65ce3ca8752b202ecf832436ebf8ec91664,"[{""type"":""identity""}]",16,4096.0,4096.0,"{""affine"":3,""constant"":2,""periodic"":2,""polynomial"":2,""raw"":3,""recurrence"":4}","{""raw"":3,""rle"":1,""sparse"":8,""zero_run"":4}",52,576,18132,120,18.75,18.75,3.0392678835549485,18132,13,12,0.012313425,0.065808164,0.216522816,"[""'<repo>/target/release/mathzip' compress --mode balanced --max-input-bytes 8589934592 --no-sync --force --segmentation fixed --segment-size 4096 --metrics-output '<work>/archive.mz.metrics.json' '<repo>/datasets/synthetic/piecewise_mixed/s0000065536_n001p000_seed1297748005.bin' '<work>/archive.mz'"",""'<repo>/target/release/mathzip' decompress --max-archive-bytes 17179869184 --max-output-bytes 8589934592 --max-segments 8388608 --no-sync --force '<work>/archive.mz' '<work>/restored.bin'""]","{""family"":""piecewise_mixed"",""noise_density"":0.01,""seed"":1297748005,""size_requested"":65536}"
mathzip-benchmark-results-v1,20260725T170925Z-dde3921f,ablation,synthetic_ablation,datasets/synthetic/piecewise_mixed/s0000065536_n001p000_seed1297748005.bin,s0000065536_n001p000_seed1297748005.bin,CC0-1.0,python/mathzip_bench/synthetic.py and datasets/synthetic/manifest.json,datasets/synthetic/manifest.json,c7188cafa911c31e5d80193ab1dae1d468dfe9e6deafecb9be709a46aae23de1,true,a9eed5b582fa42393e69d5b7974ab65ce3ca8752b202ecf832436ebf8ec91664,6.9116712252463195,65536,ablation-17-no-raw-fallback,mathzip,balanced,17 no raw fallback,1,ok,,3,3,15481,4.233318261094245,0.7637786865234375,76.37786865234375,1.8897705078125,0.0,7.423025297001004,0.006706570013193414,0.008828745340053921,9.771910212086826,7.419042999999988,0.0059760000000324,4345856.0,true,true,16758263a970d63b35052417c70df79daf252a2e8ed0cc2dca03e11e660f62c7,a9eed5b582fa42393e69d5b7974ab65ce3ca8752b202ecf832436ebf8ec91664,"[{""type"":""delta""}]",8,8192.0,10240.0,"{""constant"":1,""copy"":1,""periodic"":1,""polynomial"":1,""raw"":2,""recurrence"":2}","{""raw"":1,""sparse"":1,""zero_run"":6}",23,288,15050,120,32.8125,17.1875,2.3746000937541587,15050,6,5,0.060844538,1.411176768,5.946122291,"[""'<repo>/target/release/mathzip' compress --mode balanced --max-input-bytes 8589934592 --no-sync --force --no-raw-fallback --metrics-output '<work>/archive.mz.metrics.json' '<repo>/datasets/synthetic/piecewise_mixed/s0000065536_n001p000_seed1297748005.bin' '<work>/archive.mz'"",""'<repo>/target/release/mathzip' decompress --max-archive-bytes 17179869184 --max-output-bytes 8589934592 --max-segments 8388608 --no-sync --force '<work>/archive.mz' '<work>/restored.bin'""]","{""family"":""piecewise_mixed"",""noise_density"":0.01,""seed"":1297748005,""size_requested"":65536}"
mathzip-benchmark-results-v1,20260725T170925Z-dde3921f,ablation,synthetic_ablation,datasets/synthetic/piecewise_mixed/s0000065536_n001p000_seed1297748005.bin,s0000065536_n001p000_seed1297748005.bin,CC0-1.0,python/mathzip_bench/synthetic.py and datasets/synthetic/manifest.json,datasets/synthetic/manifest.json,c7188cafa911c31e5d80193ab1dae1d468dfe9e6deafecb9be709a46aae23de1,true,a9eed5b582fa42393e69d5b7974ab65ce3ca8752b202ecf832436ebf8ec91664,6.9116712252463195,65536,ablation-18-fast,mathzip,fast,18 fast mode,1,ok,,3,3,34776,1.8845180584311019,0.4693603515625,46.93603515625,4.2451171875,0.0,0.03441605900297873,0.0049340219993609935,1.9042273258053115,13.282470165006881,0.03383399999995618,0.004262000000039734,3817472.0,true,true,43fa49453751851d21e475f28c63282a4b8de4ed5ed11fd7d82876e546babbb3,a9eed5b582fa42393e69d5b7974ab65ce3ca8752b202ecf832436ebf8ec91664,"[{""type"":""delta""}]",4,16384.0,16384.0,"{""constant"":1,""raw"":1,""recurrence"":2}","{""raw"":1,""zero_run"":3}",9,144,34503,120,25.0,25.0,4.5182759531775885,34503,3,1,0.003811998,0.000887031,0.025292131,"[""'<repo>/target/release/mathzip' compress --mode fast --max-input-bytes 8589934592 --no-sync --force --metrics-output '<work>/archive.mz.metrics.json' '<repo>/datasets/synthetic/piecewise_mixed/s0000065536_n001p000_seed1297748005.bin' '<work>/archive.mz'"",""'<repo>/target/release/mathzip' decompress --max-archive-bytes 17179869184 --max-output-bytes 8589934592 --max-segments 8388608 --no-sync --force '<work>/archive.mz' '<work>/restored.bin'""]","{""family"":""piecewise_mixed"",""noise_density"":0.01,""seed"":1297748005,""size_requested"":65536}"
mathzip-benchmark-results-v1,20260725T170925Z-dde3921f,ablation,synthetic_ablation,datasets/synthetic/piecewise_mixed/s0000065536_n001p000_seed1297748005.bin,s0000065536_n001p000_seed1297748005.bin,CC0-1.0,python/mathzip_bench/synthetic.py and datasets/synthetic/manifest.json,datasets/synthetic/manifest.json,c7188cafa911c31e5d80193ab1dae1d468dfe9e6deafecb9be709a46aae23de1,true,a9eed5b582fa42393e69d5b7974ab65ce3ca8752b202ecf832436ebf8ec91664,6.9116712252463195,65536,ablation-19-balanced,mathzip,balanced,19 balanced mode,1,ok,,3,3,15481,4.233318261094245,0.7637786865234375,76.37786865234375,1.8897705078125,0.0,7.41469330000109,0.005125994997797534,0.008838666327572896,12.785030033809747,7.410723999999959,0.0044150000001081935,4395008.0,true,true,16758263a970d63b35052417c70df79daf252a2e8ed0cc2dca03e11e660f62c7,a9eed5b582fa42393e69d5b7974ab65ce3ca8752b202ecf832436ebf8ec91664,"[{""type"":""delta""}]",8,8192.0,10240.0,"{""constant"":1,""copy"":1,""periodic"":1,""polynomial"":1,""raw"":2,""recurrence"":2}","{""raw"":1,""sparse"":1,""zero_run"":6}",23,288,15050,120,32.8125,17.1875,2.3746000937541587,15050,6,5,0.061714121,1.406032967,5.941259575,"[""'<repo>/target/release/mathzip' compress --mode balanced --max-input-bytes 8589934592 --no-sync --force --metrics-output '<work>/archive.mz.metrics.json' '<repo>/datasets/synthetic/piecewise_mixed/s0000065536_n001p000_seed1297748005.bin' '<work>/archive.mz'"",""'<repo>/target/release/mathzip' decompress --max-archive-bytes 17179869184 --max-output-bytes 8589934592 --max-segments 8388608 --no-sync --force '<work>/archive.mz' '<work>/restored.bin'""]","{""family"":""piecewise_mixed"",""noise_density"":0.01,""seed"":1297748005,""size_requested"":65536}"
mathzip-benchmark-results-v1,20260725T170925Z-dde3921f,ablation,synthetic_ablation,datasets/synthetic/piecewise_mixed/s0000065536_n001p000_seed1297748005.bin,s0000065536_n001p000_seed1297748005.bin,CC0-1.0,python/mathzip_bench/synthetic.py and datasets/synthetic/manifest.json,datasets/synthetic/manifest.json,c7188cafa911c31e5d80193ab1dae1d468dfe9e6deafecb9be709a46aae23de1,true,a9eed5b582fa42393e69d5b7974ab65ce3ca8752b202ecf832436ebf8ec91664,6.9116712252463195,65536,ablation-20-max,mathzip,max,20 max mode,1,ok,,3,3,13904,4.713463751438435,0.787841796875,78.7841796875,1.697265625,0.0,24.289769858994987,0.007293278002180159,0.002698090611003904,8.985808573375307,24.274914999999964,0.004412000000002081,4116480.0,true,true,54b28b75400027fef15aa55f7ac941da5a3091e8e50ab89bcf9f23a381ffdb44,a9eed5b582fa42393e69d5b7974ab65ce3ca8752b202ecf832436ebf8ec91664,"[{""type"":""identity""}]",18,3640.8888888888887,3072.0,"{""affine"":2,""constant"":2,""copy"":2,""periodic"":3,""polynomial"":2,""raw"":5,""recurrence"":2}","{""raw"":5,""rle"":1,""sparse"":8,""zero_run"":4}",302,648,12834,120,15.625,15.625,2.140628986212845,12834,13,12,0.101118519,11.176962381,13.006753422,"[""'<repo>/target/release/mathzip' compress --mode max --max-input-bytes 8589934592 --no-sync --force --metrics-output '<work>/archive.mz.metrics.json' '<repo>/datasets/synthetic/piecewise_mixed/s0000065536_n001p000_seed1297748005.bin' '<work>/archive.mz'"",""'<repo>/target/release/mathzip' decompress --max-archive-bytes 17179869184 --max-output-bytes 8589934592 --max-segments 8388608 --no-sync --force '<work>/archive.mz' '<work>/restored.bin'""]","{""family"":""piecewise_mixed"",""noise_density"":0.01,""seed"":1297748005,""size_requested"":65536}"
mathzip-benchmark-results-v1,20260725T170925Z-dde3921f,ablation,synthetic_ablation,datasets/synthetic/piecewise_mixed/s0000065536_n001p000_seed1297748005.bin,s0000065536_n001p000_seed1297748005.bin,CC0-1.0,python/mathzip_bench/synthetic.py and datasets/synthetic/manifest.json,datasets/synthetic/manifest.json,c7188cafa911c31e5d80193ab1dae1d468dfe9e6deafecb9be709a46aae23de1,true,a9eed5b582fa42393e69d5b7974ab65ce3ca8752b202ecf832436ebf8ec91664,6.9116712252463195,65536,zstd-default,zstd,default,,1,ok,,3,3,14790,4.431102096010818,0.774322509765625,77.4322509765625,1.805419921875,0.0,0.008085109991952777,0.005405563017120585,8.105764802857214,12.123806492021894,0.006487999999990279,0.004640999999992346,344064.0,true,true,e6984cffc0db954ae73a9f192e1356cdca68464fd18bc045a95643cc0ac2ba40,a9eed5b582fa42393e69d5b7974ab65ce3ca8752b202ecf832436ebf8ec91664,,,,,,,,,,,,,,,,,,,,"[""'<external>/zstd' -q -d -c '<work>/archive.zst'"",""'<external>/zstd' -q -f -T1 -3 -c '<repo>/datasets/synthetic/piecewise_mixed/s0000065536_n001p000_seed1297748005.bin'""]","{""family"":""piecewise_mixed"",""noise_density"":0.01,""seed"":1297748005,""size_requested"":65536}"
mathzip-benchmark-results-v1,20260725T170925Z-dde3921f,ablation,synthetic_ablation,datasets/synthetic/polynomial_d2/s0000065536_n000p000_seed1297748005.bin,s0000065536_n000p000_seed1297748005.bin,CC0-1.0,python/mathzip_bench/synthetic.py and datasets/synthetic/manifest.json,datasets/synthetic/manifest.json,c7188cafa911c31e5d80193ab1dae1d468dfe9e6deafecb9be709a46aae23de1,true,84d3c13eee3f79467573fc92d68af063eeeb786852df80299fe4c5e51659f4e3,7.0,65536,ablation-01-raw-only,mathzip,balanced,01 raw only,1,ok,,3,3,65692,0.9976252816172441,-0.00238037109375,-0.238037109375,8.01904296875,0.238037109375,0.007045587000902742,0.005808874004287645,9.301708997646747,11.282048801820554,0.006086000000095737,0.0048120000000153595,532480.0,true,true,89d9ae4b9a1d64008c0b8146601f3e508096477f1b5a92b87e1ec10c89927d7a,84d3c13eee3f79467573fc92d68af063eeeb786852df80299fe4c5e51659f4e3,"[{""type"":""identity""}]",1,65536.0,65536.0,"{""raw"":1}","{""raw"":1}",0,36,65536,120,100.0,100.0,7.0,65536,0,0,0.002443059,5.2207e-05,1.8145e-05,"[""'<repo>/target/release/mathzip' compress --mode balanced --max-input-bytes 8589934592 --no-sync --force --models raw --residual-coders raw --transforms identity --segmentation fixed --metrics-output '<work>/archive.mz.metrics.json' '<repo>/datasets/synthetic/polynomial_d2/s0000065536_n000p000_seed1297748005.bin' '<work>/archive.mz'"",""'<repo>/target/release/mathzip' decompress --max-archive-bytes 17179869184 --max-output-bytes 8589934592 --max-segments 8388608 --no-sync --force '<work>/archive.mz' '<work>/restored.bin'""]","{""family"":""polynomial_d2"",""noise_density"":0.0,""seed"":1297748005,""size_requested"":65536}"
mathzip-benchmark-results-v1,20260725T170925Z-dde3921f,ablation,synthetic_ablation,datasets/synthetic/polynomial_d2/s0000065536_n000p000_seed1297748005.bin,s0000065536_n000p000_seed1297748005.bin,CC0-1.0,python/mathzip_bench/synthetic.py and datasets/synthetic/manifest.json,datasets/synthetic/manifest.json,c7188cafa911c31e5d80193ab1dae1d468dfe9e6deafecb9be709a46aae23de1,true,84d3c13eee3f79467573fc92d68af063eeeb786852df80299fe4c5e51659f4e3,7.0,65536,ablation-02-residual-only,mathzip,balanced,02 residual coder only,1,ok,,3,3,65692,0.9976252816172441,-0.00238037109375,-0.238037109375,8.01904296875,0.238037109375,0.008407259010709822,0.010023398994235322,7.795168427250204,6.538301033181578,0.006512000000043372,0.008603999999991174,430080.0,true,true,89d9ae4b9a1d64008c0b8146601f3e508096477f1b5a92b87e1ec10c89927d7a,84d3c13eee3f79467573fc92d68af063eeeb786852df80299fe4c5e51659f4e3,"[{""type"":""identity""}]",1,65536.0,65536.0,"{""raw"":1}","{""raw"":1}",0,36,65536,120,100.0,100.0,7.0,65536,0,0,0.002421481,5.271e-05,0.000467406,"[""'<repo>/target/release/mathzip' compress --mode balanced --max-input-bytes 8589934592 --no-sync --force --models raw --residual-coders raw,rle,zero-run,sparse,bit-pack --transforms identity --segmentation fixed --metrics-output '<work>/archive.mz.metrics.json' '<repo>/datasets/synthetic/polynomial_d2/s0000065536_n000p000_seed1297748005.bin' '<work>/archive.mz'"",""'<repo>/target/release/mathzip' decompress --max-archive-bytes 17179869184 --max-output-bytes 8589934592 --max-segments 8388608 --no-sync --force '<work>/archive.mz' '<work>/restored.bin'""]","{""family"":""polynomial_d2"",""noise_density"":0.0,""seed"":1297748005,""size_requested"":65536}"
mathzip-benchmark-results-v1,20260725T170925Z-dde3921f,ablation,synthetic_ablation,datasets/synthetic/polynomial_d2/s0000065536_n000p000_seed1297748005.bin,s0000065536_n000p000_seed1297748005.bin,CC0-1.0,python/mathzip_bench/synthetic.py and datasets/synthetic/manifest.json,datasets/synthetic/manifest.json,c7188cafa911c31e5d80193ab1dae1d468dfe9e6deafecb9be709a46aae23de1,true,84d3c13eee3f79467573fc92d68af063eeeb786852df80299fe4c5e51659f4e3,7.0,65536,ablation-03-fixed-constant,mathzip,balanced,03 fixed segmentation + constant,1,ok,,3,3,65692,0.9976252816172441,-0.00238037109375,-0.238037109375,8.01904296875,0.238037109375,0.008696703996974975,0.0096244860033039,7.535728480904463,6.80929869683459,0.007582999999954154,0.00867100000004939,540672.0,true,true,89d9ae4b9a1d64008c0b8146601f3e508096477f1b5a92b87e1ec10c89927d7a,84d3c13eee3f79467573fc92d68af063eeeb786852df80299fe4c5e51659f4e3,"[{""type"":""identity""}]",1,65536.0,65536.0,"{""raw"":1}","{""raw"":1}",0,36,65536,120,100.0,100.0,7.0,65536,0,0,0.002420145,5.243e-05,0.001564778,"[""'<repo>/target/release/mathzip' compress --mode balanced --max-input-bytes 8589934592 --no-sync --force --models raw,constant --transforms identity --segmentation fixed --segment-size 4096 --metrics-output '<work>/archive.mz.metrics.json' '<repo>/datasets/synthetic/polynomial_d2/s0000065536_n000p000_seed1297748005.bin' '<work>/archive.mz'"",""'<repo>/target/release/mathzip' decompress --max-archive-bytes 17179869184 --max-output-bytes 8589934592 --max-segments 8388608 --no-sync --force '<work>/archive.mz' '<work>/restored.bin'""]","{""family"":""polynomial_d2"",""noise_density"":0.0,""seed"":1297748005,""size_requested"":65536}"
mathzip-benchmark-results-v1,20260725T170925Z-dde3921f,ablation,synthetic_ablation,datasets/synthetic/polynomial_d2/s0000065536_n000p000_seed1297748005.bin,s0000065536_n000p000_seed1297748005.bin,CC0-1.0,python/mathzip_bench/synthetic.py and datasets/synthetic/manifest.json,datasets/synthetic/manifest.json,c7188cafa911c31e5d80193ab1dae1d468dfe9e6deafecb9be709a46aae23de1,true,84d3c13eee3f79467573fc92d68af063eeeb786852df80299fe4c5e51659f4e3,7.0,65536,ablation-04-fixed-all-models,mathzip,balanced,04 fixed segmentation + all models,1,ok,,3,3,746,87.84986595174263,0.988616943359375,98.8616943359375,0.091064453125,0.0,0.03600454202387482,0.005039149982621893,1.8202147928042718,13.005368013654817,0.03458899999998266,0.0043799999998554995,3747840.0,true,true,ec3e81c13cba03250d9ddca1c8c6efaf5987a56ae9b35c43256f45f4c024c4a2,84d3c13eee3f79467573fc92d68af063eeeb786852df80299fe4c5e51659f4e3,"[{""type"":""identity""}]",16,4096.0,4096.0,"{""copy"":15,""polynomial"":1}","{""sparse"":16}",34,576,16,120,0.0,0.0,0.0,16,16,16,0.001748132,0.007184164,0.021834803,"[""'<repo>/target/release/mathzip' compress --mode balanced --max-input-bytes 8589934592 --no-sync --force --models raw,constant,affine,polynomial,periodic,recurrence,piecewise-linear,run,sparse,copy --transforms identity --segmentation fixed --segment-size 4096 --metrics-output '<work>/archive.mz.metrics.json' '<repo>/datasets/synthetic/polynomial_d2/s0000065536_n000p000_seed1297748005.bin' '<work>/archive.mz'"",""'<repo>/target/release/mathzip' decompress --max-archive-bytes 17179869184 --max-output-bytes 8589934592 --max-segments 8388608 --no-sync --force '<work>/archive.mz' '<work>/restored.bin'""]","{""family"":""polynomial_d2"",""noise_density"":0.0,""seed"":1297748005,""size_requested"":65536}"
mathzip-benchmark-results-v1,20260725T170925Z-dde3921f,ablation,synthetic_ablation,datasets/synthetic/polynomial_d2/s0000065536_n000p000_seed1297748005.bin,s0000065536_n000p000_seed1297748005.bin,CC0-1.0,python/mathzip_bench/synthetic.py and datasets/synthetic/manifest.json,datasets/synthetic/manifest.json,c7188cafa911c31e5d80193ab1dae1d468dfe9e6deafecb9be709a46aae23de1,true,84d3c13eee3f79467573fc92d68af063eeeb786852df80299fe4c5e51659f4e3,7.0,65536,ablation-05-adaptive-constant,mathzip,balanced,05 adaptive segmentation + constant,1,ok,,3,3,65692,0.9976252816172441,-0.00238037109375,-0.238037109375,8.01904296875,0.238037109375,0.05713495600502938,0.005879133997950703,1.1470386009263944,11.147219985603996,0.05623100000002523,0.004918999999972584,4071424.0,true,true,89d9ae4b9a1d64008c0b8146601f3e508096477f1b5a92b87e1ec10c89927d7a,84d3c13eee3f79467573fc92d68af063eeeb786852df80299fe4c5e51659f4e3,"[{""type"":""identity""}]",1,65536.0,65536.0,"{""raw"":1}","{""raw"":1}",0,36,65536,120,100.0,100.0,7.0,65536,0,0,0.009053898,0.001169499,0.039570785,"[""'<repo>/target/release/mathzip' compress --mode balanced --max-input-bytes 8589934592 --no-sync --force --models raw,constant --transforms identity --segmentation adaptive --metrics-output '<work>/archive.mz.metrics.json' '<repo>/datasets/synthetic/polynomial_d2/s0000065536_n000p000_seed1297748005.bin' '<work>/archive.mz'"",""'<repo>/target/release/mathzip' decompress --max-archive-bytes 17179869184 --max-output-bytes 8589934592 --max-segments 8388608 --no-sync --force '<work>/archive.mz' '<work>/restored.bin'""]","{""family"":""polynomial_d2"",""noise_density"":0.0,""seed"":1297748005,""size_requested"":65536}"
mathzip-benchmark-results-v1,20260725T170925Z-dde3921f,ablation,synthetic_ablation,datasets/synthetic/polynomial_d2/s0000065536_n000p000_seed1297748005.bin,s0000065536_n000p000_seed1297748005.bin,CC0-1.0,python/mathzip_bench/synthetic.py and datasets/synthetic/manifest.json,datasets/synthetic/manifest.json,c7188cafa911c31e5d80193ab1dae1d468dfe9e6deafecb9be709a46aae23de1,true,84d3c13eee3f79467573fc92d68af063eeeb786852df80299fe4c5e51659f4e3,7.0,65536,ablation-06-adaptive-linear,mathzip,balanced,06 adaptive + constant/linear,1,ok,,3,3,65692,0.9976252816172441,-0.00238037109375,-0.238037109375,8.01904296875,0.238037109375,0.111140040011378,0.005568077991483733,0.589670473335179,11.769950079764694,0.11023099999988517,0.004382999999961612,4112384.0,true,true,89d9ae4b9a1d64008c0b8146601f3e508096477f1b5a92b87e1ec10c89927d7a,84d3c13eee3f79467573fc92d68af063eeeb786852df80299fe4c5e51659f4e3,"[{""type"":""identity""}]",1,65536.0,65536.0,"{""raw"":1}","{""raw"":1}",0,36,65536,120,100.0,100.0,7.0,65536,0,0,0.007397507,0.003346378,0.095105387,"[""'<repo>/target/release/mathzip' compress --mode balanced --max-input-bytes 8589934592 --no-sync --force --models raw,constant,affine --transforms identity --segmentation adaptive --metrics-output '<work>/archive.mz.metrics.json' '<repo>/datasets/synthetic/polynomial_d2/s0000065536_n000p000_seed1297748005.bin' '<work>/archive.mz'"",""'<repo>/target/release/mathzip' decompress --max-archive-bytes 17179869184 --max-output-bytes 8589934592 --max-segments 8388608 --no-sync --force '<work>/archive.mz' '<work>/restored.bin'""]","{""family"":""polynomial_d2"",""noise_density"":0.0,""seed"":1297748005,""size_requested"":65536}"
mathzip-benchmark-results-v1,20260725T170925Z-dde3921f,ablation,synthetic_ablation,datasets/synthetic/polynomial_d2/s0000065536_n000p000_seed1297748005.bin,s0000065536_n000p000_seed1297748005.bin,CC0-1.0,python/mathzip_bench/synthetic.py and datasets/synthetic/manifest.json,datasets/synthetic/manifest.json,c7188cafa911c31e5d80193ab1dae1d468dfe9e6deafecb9be709a46aae23de1,true,84d3c13eee3f79467573fc92d68af063eeeb786852df80299fe4c5e51659f4e3,7.0,65536,ablation-07-add-polynomial,mathzip,balanced,07 add polynomial,1,ok,,3,3,202,324.43564356435644,0.996917724609375,99.6917724609375,0.024658203125,0.0,0.16700396800297312,0.005573210015427321,0.3924218135872872,11.759111861671892,0.16587400000003072,0.004632999999898857,3727360.0,true,true,b4f85bd915b955e997c21a47e5cb5ff6db0f88f4131de50037d9db8dc6b3c548,84d3c13eee3f79467573fc92d68af063eeeb786852df80299fe4c5e51659f4e3,"[{""type"":""identity""}]",2,32768.0,32768.0,"{""polynomial"":2}","{""sparse"":2}",8,72,2,120,0.0,0.0,0.0,2,2,2,0.006882747,0.003423618,0.151289179,"[""'<repo>/target/release/mathzip' compress --mode balanced --max-input-bytes 8589934592 --no-sync --force --models raw,constant,affine,polynomial --transforms identity --segmentation adaptive --metrics-output '<work>/archive.mz.metrics.json' '<repo>/datasets/synthetic/polynomial_d2/s0000065536_n000p000_seed1297748005.bin' '<work>/archive.mz'"",""'<repo>/target/release/mathzip' decompress --max-archive-bytes 17179869184 --max-output-bytes 8589934592 --max-segments 8388608 --no-sync --force '<work>/archive.mz' '<work>/restored.bin'""]","{""family"":""polynomial_d2"",""noise_density"":0.0,""seed"":1297748005,""size_requested"":65536}"
mathzip-benchmark-results-v1,20260725T170925Z-dde3921f,ablation,synthetic_ablation,datasets/synthetic/polynomial_d2/s0000065536_n000p000_seed1297748005.bin,s0000065536_n000p000_seed1297748005.bin,CC0-1.0,python/mathzip_bench/synthetic.py and datasets/synthetic/manifest.json,datasets/synthetic/manifest.json,c7188cafa911c31e5d80193ab1dae1d468dfe9e6deafecb9be709a46aae23de1,true,84d3c13eee3f79467573fc92d68af063eeeb786852df80299fe4c5e51659f4e3,7.0,65536,ablation-08-add-periodic,mathzip,balanced,08 add periodic,1,ok,,3,3,202,324.43564356435644,0.996917724609375,99.6917724609375,0.024658203125,0.0,0.32082334099686705,0.005498765007359907,0.20427441406340813,11.918312550596784,0.31787500000007185,0.004370999999991909,3780608.0,true,true,b4f85bd915b955e997c21a47e5cb5ff6db0f88f4131de50037d9db8dc6b3c548,84d3c13eee3f79467573fc92d68af063eeeb786852df80299fe4c5e51659f4e3,"[{""type"":""identity""}]",2,32768.0,32768.0,"{""polynomial"":2}","{""sparse"":2}",8,72,2,120,0.0,0.0,0.0,2,2,2,0.007532087,0.043508863,0.262425429,"[""'<repo>/target/release/mathzip' compress --mode balanced --max-input-bytes 8589934592 --no-sync --force --models raw,constant,affine,polynomial,periodic --transforms identity --segmentation adaptive --metrics-output '<work>/archive.mz.metrics.json' '<repo>/datasets/synthetic/polynomial_d2/s0000065536_n000p000_seed1297748005.bin' '<work>/archive.mz'"",""'<repo>/target/release/mathzip' decompress --max-archive-bytes 17179869184 --max-output-bytes 8589934592 --max-segments 8388608 --no-sync --force '<work>/archive.mz' '<work>/restored.bin'""]","{""family"":""polynomial_d2"",""noise_density"":0.0,""seed"":1297748005,""size_requested"":65536}"
mathzip-benchmark-results-v1,20260725T170925Z-dde3921f,ablation,synthetic_ablation,datasets/synthetic/polynomial_d2/s0000065536_n000p000_seed1297748005.bin,s0000065536_n000p000_seed1297748005.bin,CC0-1.0,python/mathzip_bench/synthetic.py and datasets/synthetic/manifest.json,datasets/synthetic/manifest.json,c7188cafa911c31e5d80193ab1dae1d468dfe9e6deafecb9be709a46aae23de1,true,84d3c13eee3f79467573fc92d68af063eeeb786852df80299fe4c5e51659f4e3,7.0,65536,ablation-09-add-recurrence,mathzip,balanced,09 add recurrence,1,ok,,3,3,202,324.43564356435644,0.996917724609375,99.6917724609375,0.024658203125,0.0,0.4791486889880616,0.005528226000024006,0.1367759142541093,11.854797542596017,0.47822499999995216,0.004828999999972439,3772416.0,true,true,b4f85bd915b955e997c21a47e5cb5ff6db0f88f4131de50037d9db8dc6b3c548,84d3c13eee3f79467573fc92d68af063eeeb786852df80299fe4c5e51659f4e3,"[{""type"":""identity""}]",2,32768.0,32768.0,"{""polynomial"":2}","{""sparse"":2}",8,72,2,120,0.0,0.0,0.0,2,2,2,0.00680335,0.043572092,0.423949388,"[""'<repo>/target/release/mathzip' compress --mode balanced --max-input-bytes 8589934592 --no-sync --force --models raw,constant,affine,polynomial,periodic,recurrence --transforms identity --segmentation adaptive --metrics-output '<work>/archive.mz.metrics.json' '<repo>/datasets/synthetic/polynomial_d2/s0000065536_n000p000_seed1297748005.bin' '<work>/archive.mz'"",""'<repo>/target/release/mathzip' decompress --max-archive-bytes 17179869184 --max-output-bytes 8589934592 --max-segments 8388608 --no-sync --force '<work>/archive.mz' '<work>/restored.bin'""]","{""family"":""polynomial_d2"",""noise_density"":0.0,""seed"":1297748005,""size_requested"":65536}"
mathzip-benchmark-results-v1,20260725T170925Z-dde3921f,ablation,synthetic_ablation,datasets/synthetic/polynomial_d2/s0000065536_n000p000_seed1297748005.bin,s0000065536_n000p000_seed1297748005.bin,CC0-1.0,python/mathzip_bench/synthetic.py and datasets/synthetic/manifest.json,datasets/synthetic/manifest.json,c7188cafa911c31e5d80193ab1dae1d468dfe9e6deafecb9be709a46aae23de1,true,84d3c13eee3f79467573fc92d68af063eeeb786852df80299fe4c5e51659f4e3,7.0,65536,ablation-10-add-bit-plane,mathzip,balanced,10 add bit-plane,1,ok,,3,3,202,324.43564356435644,0.996917724609375,99.6917724609375,0.024658203125,0.0,1.0176214279781561,0.006753811991075054,0.06440115960432269,9.703557055867668,1.016603000000032,0.004511999999976979,3796992.0,true,true,b4f85bd915b955e997c21a47e5cb5ff6db0f88f4131de50037d9db8dc6b3c548,84d3c13eee3f79467573fc92d68af063eeeb786852df80299fe4c5e51659f4e3,"[{""type"":""identity""}]",2,32768.0,32768.0,"{""polynomial"":2}","{""sparse"":2}",8,72,2,120,0.0,0.0,0.0,2,2,2,0.018189848,0.110547787,0.882601734,"[""'<repo>/target/release/mathzip' compress --mode balanced --max-input-bytes 8589934592 --no-sync --force --models raw,constant,affine,polynomial,periodic,recurrence --transforms identity,bit-plane --segmentation adaptive --metrics-output '<work>/archive.mz.metrics.json' '<repo>/datasets/synthetic/polynomial_d2/s0000065536_n000p000_seed1297748005.bin' '<work>/archive.mz'"",""'<repo>/target/release/mathzip' decompress --max-archive-bytes 17179869184 --max-output-bytes 8589934592 --max-segments 8388608 --no-sync --force '<work>/archive.mz' '<work>/restored.bin'""]","{""family"":""polynomial_d2"",""noise_density"":0.0,""seed"":1297748005,""size_requested"":65536}"
mathzip-benchmark-results-v1,20260725T170925Z-dde3921f,ablation,synthetic_ablation,datasets/synthetic/polynomial_d2/s0000065536_n000p000_seed1297748005.bin,s0000065536_n000p000_seed1297748005.bin,CC0-1.0,python/mathzip_bench/synthetic.py and datasets/synthetic/manifest.json,datasets/synthetic/manifest.json,c7188cafa911c31e5d80193ab1dae1d468dfe9e6deafecb9be709a46aae23de1,true,84d3c13eee3f79467573fc92d68af063eeeb786852df80299fe4c5e51659f4e3,7.0,65536,ablation-11-add-stride,mathzip,balanced,11 add stride transpose,1,ok,,3,3,202,324.43564356435644,0.996917724609375,99.6917724609375,0.024658203125,0.0,3.5618705810047686,0.00879538498702459,0.018399320949362776,7.451180374330642,3.5592209999999795,0.008124999999949978,3952640.0,true,true,b4f85bd915b955e997c21a47e5cb5ff6db0f88f4131de50037d9db8dc6b3c548,84d3c13eee3f79467573fc92d68af063eeeb786852df80299fe4c5e51659f4e3,"[{""type"":""identity""}]",2,32768.0,32768.0,"{""polynomial"":2}","{""sparse"":2}",8,72,2,120,0.0,0.0,0.0,2,2,2,0.044464771,0.422602365,3.089667867,"[""'<repo>/target/release/mathzip' compress --mode balanced --max-input-bytes 8589934592 --no-sync --force --models raw,constant,affine,polynomial,periodic,recurrence --transforms identity,bit-plane,stride --segmentation adaptive --metrics-output '<work>/archive.mz.metrics.json' '<repo>/datasets/synthetic/polynomial_d2/s0000065536_n000p000_seed1297748005.bin' '<work>/archive.mz'"",""'<repo>/target/release/mathzip' decompress --max-archive-bytes 17179869184 --max-output-bytes 8589934592 --max-segments 8388608 --no-sync --force '<work>/archive.mz' '<work>/restored.bin'""]","{""family"":""polynomial_d2"",""noise_density"":0.0,""seed"":1297748005,""size_requested"":65536}"
mathzip-benchmark-results-v1,20260725T170925Z-dde3921f,ablation,synthetic_ablation,datasets/synthetic/polynomial_d2/s0000065536_n000p000_seed1297748005.bin,s0000065536_n000p000_seed1297748005.bin,CC0-1.0,python/mathzip_bench/synthetic.py and datasets/synthetic/manifest.json,datasets/synthetic/manifest.json,c7188cafa911c31e5d80193ab1dae1d468dfe9e6deafecb9be709a46aae23de1,true,84d3c13eee3f79467573fc92d68af063eeeb786852df80299fe4c5e51659f4e3,7.0,65536,ablation-12-add-copy,mathzip,balanced,12 add copy/reference,1,ok,,3,3,201,326.0497512437811,0.9969329833984375,99.69329833984375,0.0245361328125,0.0,3.584890790982172,0.00577133399201557,0.018281170563091198,11.355433612171234,3.5824759999999287,0.0044309999999541105,3948544.0,true,true,1633de8b1f36e850083271787d895ae39a82adb6a1dd8f5b5e2a94b5eea2d1de,84d3c13eee3f79467573fc92d68af063eeeb786852df80299fe4c5e51659f4e3,"[{""type"":""identity""}]",2,32768.0,32768.0,"{""copy"":1,""polynomial"":1}","{""sparse"":2}",7,72,2,120,0.0,0.0,0.0,2,2,2,0.044189215,0.424776586,3.111598508,"[""'<repo>/target/release/mathzip' compress --mode balanced --max-input-bytes 8589934592 --no-sync --force --models raw,constant,affine,polynomial,periodic,recurrence,copy --transforms identity,bit-plane,stride --segmentation adaptive --metrics-output '<work>/archive.mz.metrics.json' '<repo>/datasets/synthetic/polynomial_d2/s0000065536_n000p000_seed1297748005.bin' '<work>/archive.mz'"",""'<repo>/target/release/mathzip' decompress --max-archive-bytes 17179869184 --max-output-bytes 8589934592 --max-segments 8388608 --no-sync --force '<work>/archive.mz' '<work>/restored.bin'""]","{""family"":""polynomial_d2"",""noise_density"":0.0,""seed"":1297748005,""size_requested"":65536}"
mathzip-benchmark-results-v1,20260725T170925Z-dde3921f,ablation,synthetic_ablation,datasets/synthetic/polynomial_d2/s0000065536_n000p000_seed1297748005.bin,s0000065536_n000p000_seed1297748005.bin,CC0-1.0,python/mathzip_bench/synthetic.py and datasets/synthetic/manifest.json,datasets/synthetic/manifest.json,c7188cafa911c31e5d80193ab1dae1d468dfe9e6deafecb9be709a46aae23de1,true,84d3c13eee3f79467573fc92d68af063eeeb786852df80299fe4c5e51659f4e3,7.0,65536,ablation-13-custom-residual,mathzip,balanced,13 custom residual coders,1,ok,,3,3,201,326.0497512437811,0.9969329833984375,99.69329833984375,0.0245361328125,0.0,5.553172817017185,0.005051565996836871,0.011801541597835924,12.973402711364464,5.546983999999952,0.004335999999966589,4407296.0,true,true,1633de8b1f36e850083271787d895ae39a82adb6a1dd8f5b5e2a94b5eea2d1de,84d3c13eee3f79467573fc92d68af063eeeb786852df80299fe4c5e51659f4e3,"[{""type"":""identity""}]",2,32768.0,32768.0,"{""copy"":1,""polynomial"":1}","{""sparse"":2}",7,72,2,120,0.0,0.0,0.0,2,2,2,0.054791728,0.629286171,4.86399957,"[""'<repo>/target/release/mathzip' compress --mode balanced --max-input-bytes 8589934592 --no-sync --force --residual-coders raw,rle,zero-run,sparse,bit-pack --metrics-output '<work>/archive.mz.metrics.json' '<repo>/datasets/synthetic/polynomial_d2/s0000065536_n000p000_seed1297748005.bin' '<work>/archive.mz'"",""'<repo>/target/release/mathzip' decompress --max-archive-bytes 17179869184 --max-output-bytes 8589934592 --max-segments 8388608 --no-sync --force '<work>/archive.mz' '<work>/restored.bin'""]","{""family"":""polynomial_d2"",""noise_density"":0.0,""seed"":1297748005,""size_requested"":65536}"
mathzip-benchmark-results-v1,20260725T170925Z-dde3921f,ablation,synthetic_ablation,datasets/synthetic/polynomial_d2/s0000065536_n000p000_seed1297748005.bin,s0000065536_n000p000_seed1297748005.bin,CC0-1.0,python/mathzip_bench/synthetic.py and datasets/synthetic/manifest.json,datasets/synthetic/manifest.json,c7188cafa911c31e5d80193ab1dae1d468dfe9e6deafecb9be709a46aae23de1,true,84d3c13eee3f79467573fc92d68af063eeeb786852df80299fe4c5e51659f4e3,7.0,65536,ablation-14-zstd-residual,mathzip,balanced,14 Zstd residual coder,1,ok,,3,3,234,280.0683760683761,0.996429443359375,99.6429443359375,0.028564453125,0.0,3.258282457012683,0.005361985007766634,0.020113664442734006,12.222339283879675,3.25601800000004,0.004374999999754436,4997120.0,true,true,f2a1f62bb9dae5b73d910bfeeef5f5aa22e67f0b61ce1262a1b5d869e4ff46af,84d3c13eee3f79467573fc92d68af063eeeb786852df80299fe4c5e51659f4e3,"[{""type"":""delta""}]",2,32768.0,32768.0,"{""affine"":2}","{""zstd"":2}",4,72,38,120,0.0,0.0,0.9999999993281927,38,2,2,0.055037765,0.629192779,2.569110044,"[""'<repo>/target/release/mathzip' compress --mode balanced --max-input-bytes 8589934592 --no-sync --force --residual-coders zstd --metrics-output '<work>/archive.mz.metrics.json' '<repo>/datasets/synthetic/polynomial_d2/s0000065536_n000p000_seed1297748005.bin' '<work>/archive.mz'"",""'<repo>/target/release/mathzip' decompress --max-archive-bytes 17179869184 --max-output-bytes 8589934592 --max-segments 8388608 --no-sync --force '<work>/archive.mz' '<work>/restored.bin'""]","{""family"":""polynomial_d2"",""noise_density"":0.0,""seed"":1297748005,""size_requested"":65536}"
mathzip-benchmark-results-v1,20260725T170925Z-dde3921f,ablation,synthetic_ablation,datasets/synthetic/polynomial_d2/s0000065536_n000p000_seed1297748005.bin,s0000065536_n000p000_seed1297748005.bin,CC0-1.0,python/mathzip_bench/synthetic.py and datasets/synthetic/manifest.json,datasets/synthetic/manifest.json,c7188cafa911c31e5d80193ab1dae1d468dfe9e6deafecb9be709a46aae23de1,true,84d3c13eee3f79467573fc92d68af063eeeb786852df80299fe4c5e51659f4e3,7.0,65536,ablation-15-no-transform,mathzip,balanced,15 identity transform only,1,ok,,3,3,201,326.0497512437811,0.9969329833984375,99.69329833984375,0.0245361328125,0.0,0.6012760110024828,0.004904522007564083,0.1089948689134205,13.362362305424664,0.6004689999999755,0.004220999999915875,4227072.0,true,true,1633de8b1f36e850083271787d895ae39a82adb6a1dd8f5b5e2a94b5eea2d1de,84d3c13eee3f79467573fc92d68af063eeeb786852df80299fe4c5e51659f4e3,"[{""type"":""identity""}]",2,32768.0,32768.0,"{""copy"":1,""polynomial"":1}","{""sparse"":2}",7,72,2,120,0.0,0.0,0.0,2,2,2,0.006872893,0.05694677,0.532775973,"[""'<repo>/target/release/mathzip' compress --mode balanced --max-input-bytes 8589934592 --no-sync --force --transforms identity --metrics-output '<work>/archive.mz.metrics.json' '<repo>/datasets/synthetic/polynomial_d2/s0000065536_n000p000_seed1297748005.bin' '<work>/archive.mz'"",""'<repo>/target/release/mathzip' decompress --max-archive-bytes 17179869184 --max-output-bytes 8589934592 --max-segments 8388608 --no-sync --force '<work>/archive.mz' '<work>/restored.bin'""]","{""family"":""polynomial_d2"",""noise_density"":0.0,""seed"":1297748005,""size_requested"":65536}"
mathzip-benchmark-results-v1,20260725T170925Z-dde3921f,ablation,synthetic_ablation,datasets/synthetic/polynomial_d2/s0000065536_n000p000_seed1297748005.bin,s0000065536_n000p000_seed1297748005.bin,CC0-1.0,python/mathzip_bench/synthetic.py and datasets/synthetic/manifest.json,datasets/synthetic/manifest.json,c7188cafa911c31e5d80193ab1dae1d468dfe9e6deafecb9be709a46aae23de1,true,84d3c13eee3f79467573fc92d68af063eeeb786852df80299fe4c5e51659f4e3,7.0,65536,ablation-16-no-adaptive-partition,mathzip,balanced,16 fixed partition,1,ok,,3,3,746,87.84986595174263,0.988616943359375,98.8616943359375,0.091064453125,0.0,0.2755473739816807,0.005321857985109091,0.23783931979826106,12.314496212295413,0.27435799999989285,0.004270000000133223,3784704.0,true,true,ec3e81c13cba03250d9ddca1c8c6efaf5987a56ae9b35c43256f45f4c024c4a2,84d3c13eee3f79467573fc92d68af063eeeb786852df80299fe4c5e51659f4e3,"[{""type"":""identity""}]",16,4096.0,4096.0,"{""copy"":15,""polynomial"":1}","{""sparse"":16}",34,576,16,120,0.0,0.0,0.0,16,16,16,0.01025225,0.057168571,0.202240871,"[""'<repo>/target/release/mathzip' compress --mode balanced --max-input-bytes 8589934592 --no-sync --force --segmentation fixed --segment-size 4096 --metrics-output '<work>/archive.mz.metrics.json' '<repo>/datasets/synthetic/polynomial_d2/s0000065536_n000p000_seed1297748005.bin' '<work>/archive.mz'"",""'<repo>/target/release/mathzip' decompress --max-archive-bytes 17179869184 --max-output-bytes 8589934592 --max-segments 8388608 --no-sync --force '<work>/archive.mz' '<work>/restored.bin'""]","{""family"":""polynomial_d2"",""noise_density"":0.0,""seed"":1297748005,""size_requested"":65536}"
mathzip-benchmark-results-v1,20260725T170925Z-dde3921f,ablation,synthetic_ablation,datasets/synthetic/polynomial_d2/s0000065536_n000p000_seed1297748005.bin,s0000065536_n000p000_seed1297748005.bin,CC0-1.0,python/mathzip_bench/synthetic.py and datasets/synthetic/manifest.json,datasets/synthetic/manifest.json,c7188cafa911c31e5d80193ab1dae1d468dfe9e6deafecb9be709a46aae23de1,true,84d3c13eee3f79467573fc92d68af063eeeb786852df80299fe4c5e51659f4e3,7.0,65536,ablation-17-no-raw-fallback,mathzip,balanced,17 no raw fallback,1,ok,,3,3,201,326.0497512437811,0.9969329833984375,99.69329833984375,0.0245361328125,0.0,5.556318204005947,0.0052460980077739805,0.011794860840178377,12.492332377871104,5.552842000000055,0.004552999999987151,4423680.0,true,true,1633de8b1f36e850083271787d895ae39a82adb6a1dd8f5b5e2a94b5eea2d1de,84d3c13eee3f79467573fc92d68af063eeeb786852df80299fe4c5e51659f4e3,"[{""type"":""identity""}]",2,32768.0,32768.0,"{""copy"":1,""polynomial"":1}","{""sparse"":2}",7,72,2,120,0.0,0.0,0.0,2,2,2,0.053621569,0.624908241,4.872986613,"[""'<repo>/target/release/mathzip' compress --mode balanced --max-input-bytes 8589934592 --no-sync --force --no-raw-fallback --metrics-output '<work>/archive.mz.metrics.json' '<repo>/datasets/synthetic/polynomial_d2/s0000065536_n000p000_seed1297748005.bin' '<work>/archive.mz'"",""'<repo>/target/release/mathzip' decompress --max-archive-bytes 17179869184 --max-output-bytes 8589934592 --max-segments 8388608 --no-sync --force '<work>/archive.mz' '<work>/restored.bin'""]","{""family"":""polynomial_d2"",""noise_density"":0.0,""seed"":1297748005,""size_requested"":65536}"
mathzip-benchmark-results-v1,20260725T170925Z-dde3921f,ablation,synthetic_ablation,datasets/synthetic/polynomial_d2/s0000065536_n000p000_seed1297748005.bin,s0000065536_n000p000_seed1297748005.bin,CC0-1.0,python/mathzip_bench/synthetic.py and datasets/synthetic/manifest.json,datasets/synthetic/manifest.json,c7188cafa911c31e5d80193ab1dae1d468dfe9e6deafecb9be709a46aae23de1,true,84d3c13eee3f79467573fc92d68af063eeeb786852df80299fe4c5e51659f4e3,7.0,65536,ablation-18-fast,mathzip,fast,18 fast mode,1,ok,,3,3,280,234.05714285714285,0.9957275390625,99.57275390625,0.0341796875,0.0,0.03629326599184424,0.0048267170204781,1.805734430589056,13.577758903609492,0.033763000000135435,0.004206000000067434,3911680.0,true,true,e7ce6dedf4609330e7b87ff0a18f726e7e7d60a5fd1717632033ae90a07a4872,84d3c13eee3f79467573fc92d68af063eeeb786852df80299fe4c5e51659f4e3,"[{""type"":""delta""}]",4,16384.0,16384.0,"{""affine"":4}","{""rle"":1,""sparse"":3}",8,144,8,120,0.0,0.0,0.8112539389549073,8,4,4,0.00432851,0.000818496,0.025096946,"[""'<repo>/target/release/mathzip' compress --mode fast --max-input-bytes 8589934592 --no-sync --force --metrics-output '<work>/archive.mz.metrics.json' '<repo>/datasets/synthetic/polynomial_d2/s0000065536_n000p000_seed1297748005.bin' '<work>/archive.mz'"",""'<repo>/target/release/mathzip' decompress --max-archive-bytes 17179869184 --max-output-bytes 8589934592 --max-segments 8388608 --no-sync --force '<work>/archive.mz' '<work>/restored.bin'""]","{""family"":""polynomial_d2"",""noise_density"":0.0,""seed"":1297748005,""size_requested"":65536}"
mathzip-benchmark-results-v1,20260725T170925Z-dde3921f,ablation,synthetic_ablation,datasets/synthetic/polynomial_d2/s0000065536_n000p000_seed1297748005.bin,s0000065536_n000p000_seed1297748005.bin,CC0-1.0,python/mathzip_bench/synthetic.py and datasets/synthetic/manifest.json,datasets/synthetic/manifest.json,c7188cafa911c31e5d80193ab1dae1d468dfe9e6deafecb9be709a46aae23de1,true,84d3c13eee3f79467573fc92d68af063eeeb786852df80299fe4c5e51659f4e3,7.0,65536,ablation-19-balanced,mathzip,balanced,19 balanced mode,1,ok,,3,3,201,326.0497512437811,0.9969329833984375,99.69329833984375,0.0245361328125,0.0,5.58217650098959,0.009256634017219767,0.011740223546923318,7.079895335397927,5.572137999999995,0.007069000000001324,4403200.0,true,true,1633de8b1f36e850083271787d895ae39a82adb6a1dd8f5b5e2a94b5eea2d1de,84d3c13eee3f79467573fc92d68af063eeeb786852df80299fe4c5e51659f4e3,"[{""type"":""identity""}]",2,32768.0,32768.0,"{""copy"":1,""polynomial"":1}","{""sparse"":2}",7,72,2,120,0.0,0.0,0.0,2,2,2,0.054836626,0.628190719,4.893809796,"[""'<repo>/target/release/mathzip' compress --mode balanced --max-input-bytes 8589934592 --no-sync --force --metrics-output '<work>/archive.mz.metrics.json' '<repo>/datasets/synthetic/polynomial_d2/s0000065536_n000p000_seed1297748005.bin' '<work>/archive.mz'"",""'<repo>/target/release/mathzip' decompress --max-archive-bytes 17179869184 --max-output-bytes 8589934592 --max-segments 8388608 --no-sync --force '<work>/archive.mz' '<work>/restored.bin'""]","{""family"":""polynomial_d2"",""noise_density"":0.0,""seed"":1297748005,""size_requested"":65536}"
mathzip-benchmark-results-v1,20260725T170925Z-dde3921f,ablation,synthetic_ablation,datasets/synthetic/polynomial_d2/s0000065536_n000p000_seed1297748005.bin,s0000065536_n000p000_seed1297748005.bin,CC0-1.0,python/mathzip_bench/synthetic.py and datasets/synthetic/manifest.json,datasets/synthetic/manifest.json,c7188cafa911c31e5d80193ab1dae1d468dfe9e6deafecb9be709a46aae23de1,true,84d3c13eee3f79467573fc92d68af063eeeb786852df80299fe4c5e51659f4e3,7.0,65536,ablation-20-max,mathzip,max,20 max mode,1,ok,,3,3,434,151.00460829493088,0.993377685546875,99.3377685546875,0.052978515625,0.0,16.51061200600816,0.004826071992283687,0.003969325908461277,13.579573637688007,16.496628999999984,0.004161999999951149,3878912.0,true,true,2dca91363bd4ca5af97c67aa233265a8f9596a5ed2806879757e4674c1d364c9,84d3c13eee3f79467573fc92d68af063eeeb786852df80299fe4c5e51659f4e3,"[{""type"":""identity""}]",8,8192.0,8192.0,"{""copy"":7,""polynomial"":1}","{""sparse"":8}",18,288,8,120,0.0,0.0,0.0,8,8,8,0.085264762,4.864851528,11.551922587,"[""'<repo>/target/release/mathzip' compress --mode max --max-input-bytes 8589934592 --no-sync --force --metrics-output '<work>/archive.mz.metrics.json' '<repo>/datasets/synthetic/polynomial_d2/s0000065536_n000p000_seed1297748005.bin' '<work>/archive.mz'"",""'<repo>/target/release/mathzip' decompress --max-archive-bytes 17179869184 --max-output-bytes 8589934592 --max-segments 8388608 --no-sync --force '<work>/archive.mz' '<work>/restored.bin'""]","{""family"":""polynomial_d2"",""noise_density"":0.0,""seed"":1297748005,""size_requested"":65536}"
mathzip-benchmark-results-v1,20260725T170925Z-dde3921f,ablation,synthetic_ablation,datasets/synthetic/polynomial_d2/s0000065536_n000p000_seed1297748005.bin,s0000065536_n000p000_seed1297748005.bin,CC0-1.0,python/mathzip_bench/synthetic.py and datasets/synthetic/manifest.json,datasets/synthetic/manifest.json,c7188cafa911c31e5d80193ab1dae1d468dfe9e6deafecb9be709a46aae23de1,true,84d3c13eee3f79467573fc92d68af063eeeb786852df80299fe4c5e51659f4e3,7.0,65536,zstd-default,zstd,default,,1,ok,,3,3,281,233.22419928825622,0.9957122802734375,99.57122802734375,0.0343017578125,0.0,0.005648496997309849,0.00678605301072821,11.602378478949737,9.657454767357814,0.005222000000003391,0.0036170000000765867,344064.0,true,true,66d036b22ddd4f7a4fa4cd5f79e9db054e78ed77d8bb0fd1af610d51c61af759,84d3c13eee3f79467573fc92d68af063eeeb786852df80299fe4c5e51659f4e3,,,,,,,,,,,,,,,,,,,,"[""'<external>/zstd' -q -d -c '<work>/archive.zst'"",""'<external>/zstd' -q -f -T1 -3 -c '<repo>/datasets/synthetic/polynomial_d2/s0000065536_n000p000_seed1297748005.bin'""]","{""family"":""polynomial_d2"",""noise_density"":0.0,""seed"":1297748005,""size_requested"":65536}"
mathzip-benchmark-results-v1,20260725T170925Z-dde3921f,ablation,synthetic_ablation,datasets/synthetic/random/s0000065536_n000p000_seed1297748005.bin,s0000065536_n000p000_seed1297748005.bin,CC0-1.0,python/mathzip_bench/synthetic.py and datasets/synthetic/manifest.json,datasets/synthetic/manifest.json,c7188cafa911c31e5d80193ab1dae1d468dfe9e6deafecb9be709a46aae23de1,true,9e4d8d3305ce218314fdc3746942be9b9f0df4e3f1673227fcd510319189dbdc,7.997385715086543,65536,ablation-01-raw-only,mathzip,balanced,01 raw only,1,ok,,3,3,65692,0.9976252816172441,-0.00238037109375,-0.238037109375,8.01904296875,0.238037109375,0.012435889017069712,0.009536655998090282,5.269908722250912,6.872010483876487,0.011266000000205167,0.008649999999988722,430080.0,true,true,4244eaf9c9367d55713d9f90fe9a95e9e8c636ec3ce1d5d1f26a3f1bc5aae922,9e4d8d3305ce218314fdc3746942be9b9f0df4e3f1673227fcd510319189dbdc,"[{""type"":""identity""}]",1,65536.0,65536.0,"{""raw"":1}","{""raw"":1}",0,36,65536,120,100.0,100.0,7.997385715086538,65536,0,0,0.004956297,0.000109555,3.2144e-05,"[""'<repo>/target/release/mathzip' compress --mode balanced --max-input-bytes 8589934592 --no-sync --force --models raw --residual-coders raw --transforms identity --segmentation fixed --metrics-output '<work>/archive.mz.metrics.json' '<repo>/datasets/synthetic/random/s0000065536_n000p000_seed1297748005.bin' '<work>/archive.mz'"",""'<repo>/target/release/mathzip' decompress --max-archive-bytes 17179869184 --max-output-bytes 8589934592 --max-segments 8388608 --no-sync --force '<work>/archive.mz' '<work>/restored.bin'""]","{""family"":""random"",""noise_density"":0.0,""seed"":1297748005,""size_requested"":65536}"
mathzip-benchmark-results-v1,20260725T170925Z-dde3921f,ablation,synthetic_ablation,datasets/synthetic/random/s0000065536_n000p000_seed1297748005.bin,s0000065536_n000p000_seed1297748005.bin,CC0-1.0,python/mathzip_bench/synthetic.py and datasets/synthetic/manifest.json,datasets/synthetic/manifest.json,c7188cafa911c31e5d80193ab1dae1d468dfe9e6deafecb9be709a46aae23de1,true,9e4d8d3305ce218314fdc3746942be9b9f0df4e3f1673227fcd510319189dbdc,7.997385715086543,65536,ablation-02-residual-only,mathzip,balanced,02 residual coder only,1,ok,,3,3,65692,0.9976252816172441,-0.00238037109375,-0.238037109375,8.01904296875,0.238037109375,0.011062214995035902,0.00602039200020954,5.924310821061502,10.885669902843372,0.010366999999860127,0.0048580000000129075,352256.0,true,true,4244eaf9c9367d55713d9f90fe9a95e9e8c636ec3ce1d5d1f26a3f1bc5aae922,9e4d8d3305ce218314fdc3746942be9b9f0df4e3f1673227fcd510319189dbdc,"[{""type"":""identity""}]",1,65536.0,65536.0,"{""raw"":1}","{""raw"":1}",0,36,65536,120,100.0,100.0,7.997385715086538,65536,0,0,0.003686115,6.7217e-05,0.000602474,"[""'<repo>/target/release/mathzip' compress --mode balanced --max-input-bytes 8589934592 --no-sync --force --models raw --residual-coders raw,rle,zero-run,sparse,bit-pack --transforms identity --segmentation fixed --metrics-output '<work>/archive.mz.metrics.json' '<repo>/datasets/synthetic/random/s0000065536_n000p000_seed1297748005.bin' '<work>/archive.mz'"",""'<repo>/target/release/mathzip' decompress --max-archive-bytes 17179869184 --max-output-bytes 8589934592 --max-segments 8388608 --no-sync --force '<work>/archive.mz' '<work>/restored.bin'""]","{""family"":""random"",""noise_density"":0.0,""seed"":1297748005,""size_requested"":65536}"
mathzip-benchmark-results-v1,20260725T170925Z-dde3921f,ablation,synthetic_ablation,datasets/synthetic/random/s0000065536_n000p000_seed1297748005.bin,s0000065536_n000p000_seed1297748005.bin,CC0-1.0,python/mathzip_bench/synthetic.py and datasets/synthetic/manifest.json,datasets/synthetic/manifest.json,c7188cafa911c31e5d80193ab1dae1d468dfe9e6deafecb9be709a46aae23de1,true,9e4d8d3305ce218314fdc3746942be9b9f0df4e3f1673227fcd510319189dbdc,7.997385715086543,65536,ablation-03-fixed-constant,mathzip,balanced,03 fixed segmentation + constant,1,ok,,3,3,65692,0.9976252816172441,-0.00238037109375,-0.238037109375,8.01904296875,0.238037109375,0.00895388299250044,0.005768402013927698,7.319282601178886,11.361205380929512,0.007776000000148997,0.004991000000018175,548864.0,true,true,4244eaf9c9367d55713d9f90fe9a95e9e8c636ec3ce1d5d1f26a3f1bc5aae922,9e4d8d3305ce218314fdc3746942be9b9f0df4e3f1673227fcd510319189dbdc,"[{""type"":""identity""}]",1,65536.0,65536.0,"{""raw"":1}","{""raw"":1}",0,36,65536,120,100.0,100.0,7.997385715086538,65536,0,0,0.002512616,5.4429e-05,0.001583964,"[""'<repo>/target/release/mathzip' compress --mode balanced --max-input-bytes 8589934592 --no-sync --force --models raw,constant --transforms identity --segmentation fixed --segment-size 4096 --metrics-output '<work>/archive.mz.metrics.json' '<repo>/datasets/synthetic/random/s0000065536_n000p000_seed1297748005.bin' '<work>/archive.mz'"",""'<repo>/target/release/mathzip' decompress --max-archive-bytes 17179869184 --max-output-bytes 8589934592 --max-segments 8388608 --no-sync --force '<work>/archive.mz' '<work>/restored.bin'""]","{""family"":""random"",""noise_density"":0.0,""seed"":1297748005,""size_requested"":65536}"
mathzip-benchmark-results-v1,20260725T170925Z-dde3921f,ablation,synthetic_ablation,datasets/synthetic/random/s0000065536_n000p000_seed1297748005.bin,s0000065536_n000p000_seed1297748005.bin,CC0-1.0,python/mathzip_bench/synthetic.py and datasets/synthetic/manifest.json,datasets/synthetic/manifest.json,c7188cafa911c31e5d80193ab1dae1d468dfe9e6deafecb9be709a46aae23de1,true,9e4d8d3305ce218314fdc3746942be9b9f0df4e3f1673227fcd510319189dbdc,7.997385715086543,65536,ablation-04-fixed-all-models,mathzip,balanced,04 fixed segmentation + all models,1,ok,,3,3,65692,0.9976252816172441,-0.00238037109375,-0.238037109375,8.01904296875,0.238037109375,0.03673900800640695,0.004989067994756624,1.7838260627116311,13.135920390116263,0.03568300000006275,0.004227999999784515,3809280.0,true,true,4244eaf9c9367d55713d9f90fe9a95e9e8c636ec3ce1d5d1f26a3f1bc5aae922,9e4d8d3305ce218314fdc3746942be9b9f0df4e3f1673227fcd510319189dbdc,"[{""type"":""identity""}]",1,65536.0,65536.0,"{""raw"":1}","{""raw"":1}",0,36,65536,120,100.0,100.0,7.997385715086538,65536,0,0,0.002346809,0.007420183,0.020959811,"[""'<repo>/target/release/mathzip' compress --mode balanced --max-input-bytes 8589934592 --no-sync --force --models raw,constant,affine,polynomial,periodic,recurrence,piecewise-linear,run,sparse,copy --transforms identity --segmentation fixed --segment-size 4096 --metrics-output '<work>/archive.mz.metrics.json' '<repo>/datasets/synthetic/random/s0000065536_n000p000_seed1297748005.bin' '<work>/archive.mz'"",""'<repo>/target/release/mathzip' decompress --max-archive-bytes 17179869184 --max-output-bytes 8589934592 --max-segments 8388608 --no-sync --force '<work>/archive.mz' '<work>/restored.bin'""]","{""family"":""random"",""noise_density"":0.0,""seed"":1297748005,""size_requested"":65536}"
mathzip-benchmark-results-v1,20260725T170925Z-dde3921f,ablation,synthetic_ablation,datasets/synthetic/random/s0000065536_n000p000_seed1297748005.bin,s0000065536_n000p000_seed1297748005.bin,CC0-1.0,python/mathzip_bench/synthetic.py and datasets/synthetic/manifest.json,datasets/synthetic/manifest.json,c7188cafa911c31e5d80193ab1dae1d468dfe9e6deafecb9be709a46aae23de1,true,9e4d8d3305ce218314fdc3746942be9b9f0df4e3f1673227fcd510319189dbdc,7.997385715086543,65536,ablation-05-adaptive-constant,mathzip,balanced,05 adaptive segmentation + constant,1,ok,,3,3,65692,0.9976252816172441,-0.00238037109375,-0.238037109375,8.01904296875,0.238037109375,0.05367795200436376,0.008588144002715126,1.2209109616304332,7.630985225594833,0.052742000000080225,0.007974000000331216,4087808.0,true,true,4244eaf9c9367d55713d9f90fe9a95e9e8c636ec3ce1d5d1f26a3f1bc5aae922,9e4d8d3305ce218314fdc3746942be9b9f0df4e3f1673227fcd510319189dbdc,"[{""type"":""identity""}]",1,65536.0,65536.0,"{""raw"":1}","{""raw"":1}",0,36,65536,120,100.0,100.0,7.997385715086538,65536,0,0,0.008061998,0.001256995,0.039557397,"[""'<repo>/target/release/mathzip' compress --mode balanced --max-input-bytes 8589934592 --no-sync --force --models raw,constant --transforms identity --segmentation adaptive --metrics-output '<work>/archive.mz.metrics.json' '<repo>/datasets/synthetic/random/s0000065536_n000p000_seed1297748005.bin' '<work>/archive.mz'"",""'<repo>/target/release/mathzip' decompress --max-archive-bytes 17179869184 --max-output-bytes 8589934592 --max-segments 8388608 --no-sync --force '<work>/archive.mz' '<work>/restored.bin'""]","{""family"":""random"",""noise_density"":0.0,""seed"":1297748005,""size_requested"":65536}"
mathzip-benchmark-results-v1,20260725T170925Z-dde3921f,ablation,synthetic_ablation,datasets/synthetic/random/s0000065536_n000p000_seed1297748005.bin,s0000065536_n000p000_seed1297748005.bin,CC0-1.0,python/mathzip_bench/synthetic.py and datasets/synthetic/manifest.json,datasets/synthetic/manifest.json,c7188cafa911c31e5d80193ab1dae1d468dfe9e6deafecb9be709a46aae23de1,true,9e4d8d3305ce218314fdc3746942be9b9f0df4e3f1673227fcd510319189dbdc,7.997385715086543,65536,ablation-06-adaptive-linear,mathzip,balanced,06 adaptive + constant/linear,1,ok,,3,3,65692,0.9976252816172441,-0.00238037109375,-0.238037109375,8.01904296875,0.238037109375,0.11117255600402132,0.005342042015399784,0.5894980052237841,12.267967906481443,0.11030100000016319,0.004738000000088505,4149248.0,true,true,4244eaf9c9367d55713d9f90fe9a95e9e8c636ec3ce1d5d1f26a3f1bc5aae922,9e4d8d3305ce218314fdc3746942be9b9f0df4e3f1673227fcd510319189dbdc,"[{""type"":""identity""}]",1,65536.0,65536.0,"{""raw"":1}","{""raw"":1}",0,36,65536,120,100.0,100.0,7.997385715086538,65536,0,0,0.008074712,0.003268505,0.095138695,"[""'<repo>/target/release/mathzip' compress --mode balanced --max-input-bytes 8589934592 --no-sync --force --models raw,constant,affine --transforms identity --segmentation adaptive --metrics-output '<work>/archive.mz.metrics.json' '<repo>/datasets/synthetic/random/s0000065536_n000p000_seed1297748005.bin' '<work>/archive.mz'"",""'<repo>/target/release/mathzip' decompress --max-archive-bytes 17179869184 --max-output-bytes 8589934592 --max-segments 8388608 --no-sync --force '<work>/archive.mz' '<work>/restored.bin'""]","{""family"":""random"",""noise_density"":0.0,""seed"":1297748005,""size_requested"":65536}"
mathzip-benchmark-results-v1,20260725T170925Z-dde3921f,ablation,synthetic_ablation,datasets/synthetic/random/s0000065536_n000p000_seed1297748005.bin,s0000065536_n000p000_seed1297748005.bin,CC0-1.0,python/mathzip_bench/synthetic.py and datasets/synthetic/manifest.json,datasets/synthetic/manifest.json,c7188cafa911c31e5d80193ab1dae1d468dfe9e6deafecb9be709a46aae23de1,true,9e4d8d3305ce218314fdc3746942be9b9f0df4e3f1673227fcd510319189dbdc,7.997385715086543,65536,ablation-07-add-polynomial,mathzip,balanced,07 add polynomial,1,ok,,3,3,65692,0.9976252816172441,-0.00238037109375,-0.238037109375,8.01904296875,0.238037109375,0.18351191200781614,0.005683013005182147,0.3571212314392359,11.531910966988804,0.18264399999998204,0.004852000000028056,4100096.0,true,true,4244eaf9c9367d55713d9f90fe9a95e9e8c636ec3ce1d5d1f26a3f1bc5aae922,9e4d8d3305ce218314fdc3746942be9b9f0df4e3f1673227fcd510319189dbdc,"[{""type"":""identity""}]",1,65536.0,65536.0,"{""raw"":1}","{""raw"":1}",0,36,65536,120,100.0,100.0,7.997385715086538,65536,0,0,0.008067623,0.003353938,0.167399768,"[""'<repo>/target/release/mathzip' compress --mode balanced --max-input-bytes 8589934592 --no-sync --force --models raw,constant,affine,polynomial --transforms identity --segmentation adaptive --metrics-output '<work>/archive.mz.metrics.json' '<repo>/datasets/synthetic/random/s0000065536_n000p000_seed1297748005.bin' '<work>/archive.mz'"",""'<repo>/target/release/mathzip' decompress --max-archive-bytes 17179869184 --max-output-bytes 8589934592 --max-segments 8388608 --no-sync --force '<work>/archive.mz' '<work>/restored.bin'""]","{""family"":""random"",""noise_density"":0.0,""seed"":1297748005,""size_requested"":65536}"
mathzip-benchmark-results-v1,20260725T170925Z-dde3921f,ablation,synthetic_ablation,datasets/synthetic/random/s0000065536_n000p000_seed1297748005.bin,s0000065536_n000p000_seed1297748005.bin,CC0-1.0,python/mathzip_bench/synthetic.py and datasets/synthetic/manifest.json,datasets/synthetic/manifest.json,c7188cafa911c31e5d80193ab1dae1d468dfe9e6deafecb9be709a46aae23de1,true,9e4d8d3305ce218314fdc3746942be9b9f0df4e3f1673227fcd510319189dbdc,7.997385715086543,65536,ablation-08-add-periodic,mathzip,balanced,08 add periodic,1,ok,,3,3,65692,0.9976252816172441,-0.00238037109375,-0.238037109375,8.01904296875,0.238037109375,0.3398484670033213,0.005546027998207137,0.19283888663049206,11.816745249246091,0.3377450000000408,0.004812000000129046,4120576.0,true,true,4244eaf9c9367d55713d9f90fe9a95e9e8c636ec3ce1d5d1f26a3f1bc5aae922,9e4d8d3305ce218314fdc3746942be9b9f0df4e3f1673227fcd510319189dbdc,"[{""type"":""identity""}]",1,65536.0,65536.0,"{""raw"":1}","{""raw"":1}",0,36,65536,120,100.0,100.0,7.997385715086538,65536,0,0,0.009984795,0.043955995,0.276307703,"[""'<repo>/target/release/mathzip' compress --mode balanced --max-input-bytes 8589934592 --no-sync --force --models raw,constant,affine,polynomial,periodic --transforms identity --segmentation adaptive --metrics-output '<work>/archive.mz.metrics.json' '<repo>/datasets/synthetic/random/s0000065536_n000p000_seed1297748005.bin' '<work>/archive.mz'"",""'<repo>/target/release/mathzip' decompress --max-archive-bytes 17179869184 --max-output-bytes 8589934592 --max-segments 8388608 --no-sync --force '<work>/archive.mz' '<work>/restored.bin'""]","{""family"":""random"",""noise_density"":0.0,""seed"":1297748005,""size_requested"":65536}"
mathzip-benchmark-results-v1,20260725T170925Z-dde3921f,ablation,synthetic_ablation,datasets/synthetic/random/s0000065536_n000p000_seed1297748005.bin,s0000065536_n000p000_seed1297748005.bin,CC0-1.0,python/mathzip_bench/synthetic.py and datasets/synthetic/manifest.json,datasets/synthetic/manifest.json,c7188cafa911c31e5d80193ab1dae1d468dfe9e6deafecb9be709a46aae23de1,true,9e4d8d3305ce218314fdc3746942be9b9f0df4e3f1673227fcd510319189dbdc,7.997385715086543,65536,ablation-09-add-recurrence,mathzip,balanced,09 add recurrence,1,ok,,3,3,65692,0.9976252816172441,-0.00238037109375,-0.238037109375,8.01904296875,0.238037109375,0.49735251200036146,0.005703389993868768,0.13176971749154928,11.490709923475723,0.4905100000000857,0.005004999999982829,4124672.0,true,true,4244eaf9c9367d55713d9f90fe9a95e9e8c636ec3ce1d5d1f26a3f1bc5aae922,9e4d8d3305ce218314fdc3746942be9b9f0df4e3f1673227fcd510319189dbdc,"[{""type"":""identity""}]",1,65536.0,65536.0,"{""raw"":1}","{""raw"":1}",0,36,65536,120,100.0,100.0,7.997385715086538,65536,0,0,0.00813221,0.044132142,0.44013605,"[""'<repo>/target/release/mathzip' compress --mode balanced --max-input-bytes 8589934592 --no-sync --force --models raw,constant,affine,polynomial,periodic,recurrence --transforms identity --segmentation adaptive --metrics-output '<work>/archive.mz.metrics.json' '<repo>/datasets/synthetic/random/s0000065536_n000p000_seed1297748005.bin' '<work>/archive.mz'"",""'<repo>/target/release/mathzip' decompress --max-archive-bytes 17179869184 --max-output-bytes 8589934592 --max-segments 8388608 --no-sync --force '<work>/archive.mz' '<work>/restored.bin'""]","{""family"":""random"",""noise_density"":0.0,""seed"":1297748005,""size_requested"":65536}"
mathzip-benchmark-results-v1,20260725T170925Z-dde3921f,ablation,synthetic_ablation,datasets/synthetic/random/s0000065536_n000p000_seed1297748005.bin,s0000065536_n000p000_seed1297748005.bin,CC0-1.0,python/mathzip_bench/synthetic.py and datasets/synthetic/manifest.json,datasets/synthetic/manifest.json,c7188cafa911c31e5d80193ab1dae1d468dfe9e6deafecb9be709a46aae23de1,true,9e4d8d3305ce218314fdc3746942be9b9f0df4e3f1673227fcd510319189dbdc,7.997385715086543,65536,ablation-10-add-bit-plane,mathzip,balanced,10 add bit-plane,1,ok,,3,3,65692,0.9976252816172441,-0.00238037109375,-0.238037109375,8.01904296875,0.238037109375,1.0295953049790114,0.005377597000915557,0.06365219390868918,12.186855948640673,1.028491000000031,0.004752999999709573,4210688.0,true,true,4244eaf9c9367d55713d9f90fe9a95e9e8c636ec3ce1d5d1f26a3f1bc5aae922,9e4d8d3305ce218314fdc3746942be9b9f0df4e3f1673227fcd510319189dbdc,"[{""type"":""identity""}]",1,65536.0,65536.0,"{""raw"":1}","{""raw"":1}",0,36,65536,120,100.0,100.0,7.997385715086538,65536,0,0,0.022129108,0.097832413,0.901864785,"[""'<repo>/target/release/mathzip' compress --mode balanced --max-input-bytes 8589934592 --no-sync --force --models raw,constant,affine,polynomial,periodic,recurrence --transforms identity,bit-plane --segmentation adaptive --metrics-output '<work>/archive.mz.metrics.json' '<repo>/datasets/synthetic/random/s0000065536_n000p000_seed1297748005.bin' '<work>/archive.mz'"",""'<repo>/target/release/mathzip' decompress --max-archive-bytes 17179869184 --max-output-bytes 8589934592 --max-segments 8388608 --no-sync --force '<work>/archive.mz' '<work>/restored.bin'""]","{""family"":""random"",""noise_density"":0.0,""seed"":1297748005,""size_requested"":65536}"
mathzip-benchmark-results-v1,20260725T170925Z-dde3921f,ablation,synthetic_ablation,datasets/synthetic/random/s0000065536_n000p000_seed1297748005.bin,s0000065536_n000p000_seed1297748005.bin,CC0-1.0,python/mathzip_bench/synthetic.py and datasets/synthetic/manifest.json,datasets/synthetic/manifest.json,c7188cafa911c31e5d80193ab1dae1d468dfe9e6deafecb9be709a46aae23de1,true,9e4d8d3305ce218314fdc3746942be9b9f0df4e3f1673227fcd510319189dbdc,7.997385715086543,65536,ablation-11-add-stride,mathzip,balanced,11 add stride transpose,1,ok,,3,3,65692,0.9976252816172441,-0.00238037109375,-0.238037109375,8.01904296875,0.238037109375,3.45577067398699,0.008817081979941577,0.018964221351062578,7.4328445793167335,3.4538079999997535,0.007690999999795167,4194304.0,true,true,4244eaf9c9367d55713d9f90fe9a95e9e8c636ec3ce1d5d1f26a3f1bc5aae922,9e4d8d3305ce218314fdc3746942be9b9f0df4e3f1673227fcd510319189dbdc,"[{""type"":""identity""}]",1,65536.0,65536.0,"{""raw"":1}","{""raw"":1}",0,36,65536,120,100.0,100.0,7.997385715086538,65536,0,0,0.057535818,0.317981715,3.073576478,"[""'<repo>/target/release/mathzip' compress --mode balanced --max-input-bytes 8589934592 --no-sync --force --models raw,constant,affine,polynomial,periodic,recurrence --transforms identity,bit-plane,stride --segmentation adaptive --metrics-output '<work>/archive.mz.metrics.json' '<repo>/datasets/synthetic/random/s0000065536_n000p000_seed1297748005.bin' '<work>/archive.mz'"",""'<repo>/target/release/mathzip' decompress --max-archive-bytes 17179869184 --max-output-bytes 8589934592 --max-segments 8388608 --no-sync --force '<work>/archive.mz' '<work>/restored.bin'""]","{""family"":""random"",""noise_density"":0.0,""seed"":1297748005,""size_requested"":65536}"
mathzip-benchmark-results-v1,20260725T170925Z-dde3921f,ablation,synthetic_ablation,datasets/synthetic/random/s0000065536_n000p000_seed1297748005.bin,s0000065536_n000p000_seed1297748005.bin,CC0-1.0,python/mathzip_bench/synthetic.py and datasets/synthetic/manifest.json,datasets/synthetic/manifest.json,c7188cafa911c31e5d80193ab1dae1d468dfe9e6deafecb9be709a46aae23de1,true,9e4d8d3305ce218314fdc3746942be9b9f0df4e3f1673227fcd510319189dbdc,7.997385715086543,65536,ablation-12-add-copy,mathzip,balanced,12 add copy/reference,1,ok,,3,3,65692,0.9976252816172441,-0.00238037109375,-0.238037109375,8.01904296875,0.238037109375,3.4556610280124005,0.00530125800287351,0.018964823074008062,12.362348703737238,3.4520920000002207,0.004604999999855863,4206592.0,true,true,4244eaf9c9367d55713d9f90fe9a95e9e8c636ec3ce1d5d1f26a3f1bc5aae922,9e4d8d3305ce218314fdc3746942be9b9f0df4e3f1673227fcd510319189dbdc,"[{""type"":""identity""}]",1,65536.0,65536.0,"{""raw"":1}","{""raw"":1}",0,36,65536,120,100.0,100.0,7.997385715086538,65536,0,0,0.056886788,0.317988271,3.074708327,"[""'<repo>/target/release/mathzip' compress --mode balanced --max-input-bytes 8589934592 --no-sync --force --models raw,constant,affine,polynomial,periodic,recurrence,copy --transforms identity,bit-plane,stride --segmentation adaptive --metrics-output '<work>/archive.mz.metrics.json' '<repo>/datasets/synthetic/random/s0000065536_n000p000_seed1297748005.bin' '<work>/archive.mz'"",""'<repo>/target/release/mathzip' decompress --max-archive-bytes 17179869184 --max-output-bytes 8589934592 --max-segments 8388608 --no-sync --force '<work>/archive.mz' '<work>/restored.bin'""]","{""family"":""random"",""noise_density"":0.0,""seed"":1297748005,""size_requested"":65536}"
mathzip-benchmark-results-v1,20260725T170925Z-dde3921f,ablation,synthetic_ablation,datasets/synthetic/random/s0000065536_n000p000_seed1297748005.bin,s0000065536_n000p000_seed1297748005.bin,CC0-1.0,python/mathzip_bench/synthetic.py and datasets/synthetic/manifest.json,datasets/synthetic/manifest.json,c7188cafa911c31e5d80193ab1dae1d468dfe9e6deafecb9be709a46aae23de1,true,9e4d8d3305ce218314fdc3746942be9b9f0df4e3f1673227fcd510319189dbdc,7.997385715086543,65536,ablation-13-custom-residual,mathzip,balanced,13 custom residual coders,1,ok,,3,3,65692,0.9976252816172441,-0.00238037109375,-0.238037109375,8.01904296875,0.238037109375,5.405215136008337,0.008996193995699286,0.012124586783496144,7.284858466961705,5.4017129999999725,0.008123999999952503,4685824.0,true,true,4244eaf9c9367d55713d9f90fe9a95e9e8c636ec3ce1d5d1f26a3f1bc5aae922,9e4d8d3305ce218314fdc3746942be9b9f0df4e3f1673227fcd510319189dbdc,"[{""type"":""identity""}]",1,65536.0,65536.0,"{""raw"":1}","{""raw"":1}",0,36,65536,120,100.0,100.0,7.997385715086538,65536,0,0,0.069558759,0.518344594,4.811749376,"[""'<repo>/target/release/mathzip' compress --mode balanced --max-input-bytes 8589934592 --no-sync --force --residual-coders raw,rle,zero-run,sparse,bit-pack --metrics-output '<work>/archive.mz.metrics.json' '<repo>/datasets/synthetic/random/s0000065536_n000p000_seed1297748005.bin' '<work>/archive.mz'"",""'<repo>/target/release/mathzip' decompress --max-archive-bytes 17179869184 --max-output-bytes 8589934592 --max-segments 8388608 --no-sync --force '<work>/archive.mz' '<work>/restored.bin'""]","{""family"":""random"",""noise_density"":0.0,""seed"":1297748005,""size_requested"":65536}"
mathzip-benchmark-results-v1,20260725T170925Z-dde3921f,ablation,synthetic_ablation,datasets/synthetic/random/s0000065536_n000p000_seed1297748005.bin,s0000065536_n000p000_seed1297748005.bin,CC0-1.0,python/mathzip_bench/synthetic.py and datasets/synthetic/manifest.json,datasets/synthetic/manifest.json,c7188cafa911c31e5d80193ab1dae1d468dfe9e6deafecb9be709a46aae23de1,true,9e4d8d3305ce218314fdc3746942be9b9f0df4e3f1673227fcd510319189dbdc,7.997385715086543,65536,ablation-14-zstd-residual,mathzip,balanced,14 Zstd residual coder,1,ok,,3,3,65692,0.9976252816172441,-0.00238037109375,-0.238037109375,8.01904296875,0.238037109375,3.2672095040034037,0.005388898018281907,0.02005870756671615,12.16129898499995,3.2656449999999495,0.004644000000098458,4939776.0,true,true,4244eaf9c9367d55713d9f90fe9a95e9e8c636ec3ce1d5d1f26a3f1bc5aae922,9e4d8d3305ce218314fdc3746942be9b9f0df4e3f1673227fcd510319189dbdc,"[{""type"":""identity""}]",1,65536.0,65536.0,"{""raw"":1}","{""raw"":1}",0,36,65536,120,100.0,100.0,7.997385715086538,65536,0,0,0.071908571,0.51043792,2.675598843,"[""'<repo>/target/release/mathzip' compress --mode balanced --max-input-bytes 8589934592 --no-sync --force --residual-coders zstd --metrics-output '<work>/archive.mz.metrics.json' '<repo>/datasets/synthetic/random/s0000065536_n000p000_seed1297748005.bin' '<work>/archive.mz'"",""'<repo>/target/release/mathzip' decompress --max-archive-bytes 17179869184 --max-output-bytes 8589934592 --max-segments 8388608 --no-sync --force '<work>/archive.mz' '<work>/restored.bin'""]","{""family"":""random"",""noise_density"":0.0,""seed"":1297748005,""size_requested"":65536}"
mathzip-benchmark-results-v1,20260725T170925Z-dde3921f,ablation,synthetic_ablation,datasets/synthetic/random/s0000065536_n000p000_seed1297748005.bin,s0000065536_n000p000_seed1297748005.bin,CC0-1.0,python/mathzip_bench/synthetic.py and datasets/synthetic/manifest.json,datasets/synthetic/manifest.json,c7188cafa911c31e5d80193ab1dae1d468dfe9e6deafecb9be709a46aae23de1,true,9e4d8d3305ce218314fdc3746942be9b9f0df4e3f1673227fcd510319189dbdc,7.997385715086543,65536,ablation-15-no-transform,mathzip,balanced,15 identity transform only,1,ok,,3,3,65692,0.9976252816172441,-0.00238037109375,-0.238037109375,8.01904296875,0.238037109375,0.6046922389941756,0.00901140901260078,0.10837909894297691,7.272558587492821,0.5985600000001341,0.004961999999750333,4509696.0,true,true,4244eaf9c9367d55713d9f90fe9a95e9e8c636ec3ce1d5d1f26a3f1bc5aae922,9e4d8d3305ce218314fdc3746942be9b9f0df4e3f1673227fcd510319189dbdc,"[{""type"":""identity""}]",1,65536.0,65536.0,"{""raw"":1}","{""raw"":1}",0,36,65536,120,100.0,100.0,7.997385715086538,65536,0,0,0.008028735,0.059093834,0.530829914,"[""'<repo>/target/release/mathzip' compress --mode balanced --max-input-bytes 8589934592 --no-sync --force --transforms identity --metrics-output '<work>/archive.mz.metrics.json' '<repo>/datasets/synthetic/random/s0000065536_n000p000_seed1297748005.bin' '<work>/archive.mz'"",""'<repo>/target/release/mathzip' decompress --max-archive-bytes 17179869184 --max-output-bytes 8589934592 --max-segments 8388608 --no-sync --force '<work>/archive.mz' '<work>/restored.bin'""]","{""family"":""random"",""noise_density"":0.0,""seed"":1297748005,""size_requested"":65536}"
mathzip-benchmark-results-v1,20260725T170925Z-dde3921f,ablation,synthetic_ablation,datasets/synthetic/random/s0000065536_n000p000_seed1297748005.bin,s0000065536_n000p000_seed1297748005.bin,CC0-1.0,python/mathzip_bench/synthetic.py and datasets/synthetic/manifest.json,datasets/synthetic/manifest.json,c7188cafa911c31e5d80193ab1dae1d468dfe9e6deafecb9be709a46aae23de1,true,9e4d8d3305ce218314fdc3746942be9b9f0df4e3f1673227fcd510319189dbdc,7.997385715086543,65536,ablation-16-no-adaptive-partition,mathzip,balanced,16 fixed partition,1,ok,,3,3,65692,0.9976252816172441,-0.00238037109375,-0.238037109375,8.01904296875,0.238037109375,0.3007067859871313,0.005340631993021816,0.21793987716261448,12.271206869454915,0.2998939999997674,0.004697000000078333,3903488.0,true,true,4244eaf9c9367d55713d9f90fe9a95e9e8c636ec3ce1d5d1f26a3f1bc5aae922,9e4d8d3305ce218314fdc3746942be9b9f0df4e3f1673227fcd510319189dbdc,"[{""type"":""identity""}]",1,65536.0,65536.0,"{""raw"":1}","{""raw"":1}",0,36,65536,120,100.0,100.0,7.997385715086538,65536,0,0,0.015263378,0.071732565,0.208861541,"[""'<repo>/target/release/mathzip' compress --mode balanced --max-input-bytes 8589934592 --no-sync --force --segmentation fixed --segment-size 4096 --metrics-output '<work>/archive.mz.metrics.json' '<repo>/datasets/synthetic/random/s0000065536_n000p000_seed1297748005.bin' '<work>/archive.mz'"",""'<repo>/target/release/mathzip' decompress --max-archive-bytes 17179869184 --max-output-bytes 8589934592 --max-segments 8388608 --no-sync --force '<work>/archive.mz' '<work>/restored.bin'""]","{""family"":""random"",""noise_density"":0.0,""seed"":1297748005,""size_requested"":65536}"
mathzip-benchmark-results-v1,20260725T170925Z-dde3921f,ablation,synthetic_ablation,datasets/synthetic/random/s0000065536_n000p000_seed1297748005.bin,s0000065536_n000p000_seed1297748005.bin,CC0-1.0,python/mathzip_bench/synthetic.py and datasets/synthetic/manifest.json,datasets/synthetic/manifest.json,c7188cafa911c31e5d80193ab1dae1d468dfe9e6deafecb9be709a46aae23de1,true,9e4d8d3305ce218314fdc3746942be9b9f0df4e3f1673227fcd510319189dbdc,7.997385715086543,65536,ablation-17-no-raw-fallback,mathzip,balanced,17 no raw fallback,1,ok,,3,3,65728,0.997078870496592,-0.0029296875,-0.29296875,8.0234375,0.29296875,5.415560102002928,0.008596675004810095,0.012101426032694516,7.623412536048026,5.408760000000029,0.007615999999870837,4677632.0,true,true,5ea32b214052fd4d7b50dc5a472daa35cb6ce87983be6978ea32f95a904bfed1,9e4d8d3305ce218314fdc3746942be9b9f0df4e3f1673227fcd510319189dbdc,"[{""type"":""identity""}]",2,32768.0,32768.0,"{""raw"":2}","{""raw"":2}",0,72,65536,120,100.0,100.0,7.997385715086538,65536,0,0,0.068448942,0.517432155,4.818966316,"[""'<repo>/target/release/mathzip' compress --mode balanced --max-input-bytes 8589934592 --no-sync --force --no-raw-fallback --metrics-output '<work>/archive.mz.metrics.json' '<repo>/datasets/synthetic/random/s0000065536_n000p000_seed1297748005.bin' '<work>/archive.mz'"",""'<repo>/target/release/mathzip' decompress --max-archive-bytes 17179869184 --max-output-bytes 8589934592 --max-segments 8388608 --no-sync --force '<work>/archive.mz' '<work>/restored.bin'""]","{""family"":""random"",""noise_density"":0.0,""seed"":1297748005,""size_requested"":65536}"
mathzip-benchmark-results-v1,20260725T170925Z-dde3921f,ablation,synthetic_ablation,datasets/synthetic/random/s0000065536_n000p000_seed1297748005.bin,s0000065536_n000p000_seed1297748005.bin,CC0-1.0,python/mathzip_bench/synthetic.py and datasets/synthetic/manifest.json,datasets/synthetic/manifest.json,c7188cafa911c31e5d80193ab1dae1d468dfe9e6deafecb9be709a46aae23de1,true,9e4d8d3305ce218314fdc3746942be9b9f0df4e3f1673227fcd510319189dbdc,7.997385715086543,65536,ablation-18-fast,mathzip,fast,18 fast mode,1,ok,,3,3,65692,0.9976252816172441,-0.00238037109375,-0.238037109375,8.01904296875,0.238037109375,0.03666077301022597,0.005553537979722023,1.787632791641347,11.800765609111822,0.03527000000008229,0.004324999999880674,3833856.0,true,true,4244eaf9c9367d55713d9f90fe9a95e9e8c636ec3ce1d5d1f26a3f1bc5aae922,9e4d8d3305ce218314fdc3746942be9b9f0df4e3f1673227fcd510319189dbdc,"[{""type"":""identity""}]",1,65536.0,65536.0,"{""raw"":1}","{""raw"":1}",0,36,65536,120,100.0,100.0,7.997385715086538,65536,0,0,0.004679638,0.000769137,0.02613016,"[""'<repo>/target/release/mathzip' compress --mode fast --max-input-bytes 8589934592 --no-sync --force --metrics-output '<work>/archive.mz.metrics.json' '<repo>/datasets/synthetic/random/s0000065536_n000p000_seed1297748005.bin' '<work>/archive.mz'"",""'<repo>/target/release/mathzip' decompress --max-archive-bytes 17179869184 --max-output-bytes 8589934592 --max-segments 8388608 --no-sync --force '<work>/archive.mz' '<work>/restored.bin'""]","{""family"":""random"",""noise_density"":0.0,""seed"":1297748005,""size_requested"":65536}"
mathzip-benchmark-results-v1,20260725T170925Z-dde3921f,ablation,synthetic_ablation,datasets/synthetic/random/s0000065536_n000p000_seed1297748005.bin,s0000065536_n000p000_seed1297748005.bin,CC0-1.0,python/mathzip_bench/synthetic.py and datasets/synthetic/manifest.json,datasets/synthetic/manifest.json,c7188cafa911c31e5d80193ab1dae1d468dfe9e6deafecb9be709a46aae23de1,true,9e4d8d3305ce218314fdc3746942be9b9f0df4e3f1673227fcd510319189dbdc,7.997385715086543,65536,ablation-19-balanced,mathzip,balanced,19 balanced mode,1,ok,,3,3,65692,0.9976252816172441,-0.00238037109375,-0.238037109375,8.01904296875,0.238037109375,5.406119747000048,0.005537019984330982,0.012122557965233214,11.835969562229867,5.40303300000005,0.004822000000103799,4616192.0,true,true,4244eaf9c9367d55713d9f90fe9a95e9e8c636ec3ce1d5d1f26a3f1bc5aae922,9e4d8d3305ce218314fdc3746942be9b9f0df4e3f1673227fcd510319189dbdc,"[{""type"":""identity""}]",1,65536.0,65536.0,"{""raw"":1}","{""raw"":1}",0,36,65536,120,100.0,100.0,7.997385715086538,65536,0,0,0.069191259,0.516895086,4.815562274,"[""'<repo>/target/release/mathzip' compress --mode balanced --max-input-bytes 8589934592 --no-sync --force --metrics-output '<work>/archive.mz.metrics.json' '<repo>/datasets/synthetic/random/s0000065536_n000p000_seed1297748005.bin' '<work>/archive.mz'"",""'<repo>/target/release/mathzip' decompress --max-archive-bytes 17179869184 --max-output-bytes 8589934592 --max-segments 8388608 --no-sync --force '<work>/archive.mz' '<work>/restored.bin'""]","{""family"":""random"",""noise_density"":0.0,""seed"":1297748005,""size_requested"":65536}"
mathzip-benchmark-results-v1,20260725T170925Z-dde3921f,ablation,synthetic_ablation,datasets/synthetic/random/s0000065536_n000p000_seed1297748005.bin,s0000065536_n000p000_seed1297748005.bin,CC0-1.0,python/mathzip_bench/synthetic.py and datasets/synthetic/manifest.json,datasets/synthetic/manifest.json,c7188cafa911c31e5d80193ab1dae1d468dfe9e6deafecb9be709a46aae23de1,true,9e4d8d3305ce218314fdc3746942be9b9f0df4e3f1673227fcd510319189dbdc,7.997385715086543,65536,ablation-20-max,mathzip,max,20 max mode,1,ok,,3,3,65692,0.9976252816172441,-0.00238037109375,-0.238037109375,8.01904296875,0.238037109375,33.760272460000124,0.005958450987236574,0.0019412165609044897,10.998831766911026,33.73846700000013,0.00465200000007826,4485120.0,true,true,4244eaf9c9367d55713d9f90fe9a95e9e8c636ec3ce1d5d1f26a3f1bc5aae922,9e4d8d3305ce218314fdc3746942be9b9f0df4e3f1673227fcd510319189dbdc,"[{""type"":""identity""}]",1,65536.0,65536.0,"{""raw"":1}","{""raw"":1}",0,36,65536,120,100.0,100.0,7.997385715086538,65536,0,0,0.149292824,20.090127065,13.52327136,"[""'<repo>/target/release/mathzip' compress --mode max --max-input-bytes 8589934592 --no-sync --force --metrics-output '<work>/archive.mz.metrics.json' '<repo>/datasets/synthetic/random/s0000065536_n000p000_seed1297748005.bin' '<work>/archive.mz'"",""'<repo>/target/release/mathzip' decompress --max-archive-bytes 17179869184 --max-output-bytes 8589934592 --max-segments 8388608 --no-sync --force '<work>/archive.mz' '<work>/restored.bin'""]","{""family"":""random"",""noise_density"":0.0,""seed"":1297748005,""size_requested"":65536}"
mathzip-benchmark-results-v1,20260725T170925Z-dde3921f,ablation,synthetic_ablation,datasets/synthetic/random/s0000065536_n000p000_seed1297748005.bin,s0000065536_n000p000_seed1297748005.bin,CC0-1.0,python/mathzip_bench/synthetic.py and datasets/synthetic/manifest.json,datasets/synthetic/manifest.json,c7188cafa911c31e5d80193ab1dae1d468dfe9e6deafecb9be709a46aae23de1,true,9e4d8d3305ce218314fdc3746942be9b9f0df4e3f1673227fcd510319189dbdc,7.997385715086543,65536,zstd-default,zstd,default,,1,ok,,3,3,65550,0.9997864225781846,-0.000213623046875,-0.0213623046875,8.001708984375,0.0213623046875,0.005717780004488304,0.005036000977270305,11.461791105736141,13.013500254625225,0.005294000000048982,0.00408900000002177,360448.0,true,true,97155beee33ca332af86643fc5f276dd42156acf37f326ec9319620f9ed43ffc,9e4d8d3305ce218314fdc3746942be9b9f0df4e3f1673227fcd510319189dbdc,,,,,,,,,,,,,,,,,,,,"[""'<external>/zstd' -q -d -c '<work>/archive.zst'"",""'<external>/zstd' -q -f -T1 -3 -c '<repo>/datasets/synthetic/random/s0000065536_n000p000_seed1297748005.bin'""]","{""family"":""random"",""noise_density"":0.0,""seed"":1297748005,""size_requested"":65536}"
mathzip-benchmark-results-v1,20260725T170925Z-dde3921f,ablation,synthetic_ablation,datasets/synthetic/recurrence/s0000065536_n000p000_seed1297748005.bin,s0000065536_n000p000_seed1297748005.bin,CC0-1.0,python/mathzip_bench/synthetic.py and datasets/synthetic/manifest.json,datasets/synthetic/manifest.json,c7188cafa911c31e5d80193ab1dae1d468dfe9e6deafecb9be709a46aae23de1,true,8d5944aabf5526f28b79d4b3841ec21dbd86daac0caa96729fec8838039fdd69,7.125807747528513,65536,ablation-01-raw-only,mathzip,balanced,01 raw only,1,ok,,3,3,65692,0.9976252816172441,-0.00238037109375,-0.238037109375,8.01904296875,0.238037109375,0.007313211011933163,0.005638444010401145,8.961316703847755,11.623064781543777,0.006240000000161672,0.004355999999916094,425984.0,true,true,cc6681f2876cf6ed9dc8e082bd48bc0e685f48d43ee4db0a79178edad5a925d9,8d5944aabf5526f28b79d4b3841ec21dbd86daac0caa96729fec8838039fdd69,"[{""type"":""identity""}]",1,65536.0,65536.0,"{""raw"":1}","{""raw"":1}",0,36,65536,120,100.0,100.0,7.125807747528515,65536,0,0,0.00241896,5.0833e-05,1.7207e-05,"[""'<repo>/target/release/mathzip' compress --mode balanced --max-input-bytes 8589934592 --no-sync --force --models raw --residual-coders raw --transforms identity --segmentation fixed --metrics-output '<work>/archive.mz.metrics.json' '<repo>/datasets/synthetic/recurrence/s0000065536_n000p000_seed1297748005.bin' '<work>/archive.mz'"",""'<repo>/target/release/mathzip' decompress --max-archive-bytes 17179869184 --max-output-bytes 8589934592 --max-segments 8388608 --no-sync --force '<work>/archive.mz' '<work>/restored.bin'""]","{""family"":""recurrence"",""noise_density"":0.0,""seed"":1297748005,""size_requested"":65536}"
mathzip-benchmark-results-v1,20260725T170925Z-dde3921f,ablation,synthetic_ablation,datasets/synthetic/recurrence/s0000065536_n000p000_seed1297748005.bin,s0000065536_n000p000_seed1297748005.bin,CC0-1.0,python/mathzip_bench/synthetic.py and datasets/synthetic/manifest.json,datasets/synthetic/manifest.json,c7188cafa911c31e5d80193ab1dae1d468dfe9e6deafecb9be709a46aae23de1,true,8d5944aabf5526f28b79d4b3841ec21dbd86daac0caa96729fec8838039fdd69,7.125807747528513,65536,ablation-02-residual-only,mathzip,balanced,02 residual coder only,1,ok,,3,3,65692,0.9976252816172441,-0.00238037109375,-0.238037109375,8.01904296875,0.238037109375,0.0071645099960733205,0.004757054994115606,9.147310846927223,13.776590785909956,0.006420000000161963,0.004223999999794614,446464.0,true,true,cc6681f2876cf6ed9dc8e082bd48bc0e685f48d43ee4db0a79178edad5a925d9,8d5944aabf5526f28b79d4b3841ec21dbd86daac0caa96729fec8838039fdd69,"[{""type"":""identity""}]",1,65536.0,65536.0,"{""raw"":1}","{""raw"":1}",0,36,65536,120,100.0,100.0,7.125807747528515,65536,0,0,0.0024089,5.1488e-05,0.000457954,"[""'<repo>/target/release/mathzip' compress --mode balanced --max-input-bytes 8589934592 --no-sync --force --models raw --residual-coders raw,rle,zero-run,sparse,bit-pack --transforms identity --segmentation fixed --metrics-output '<work>/archive.mz.metrics.json' '<repo>/datasets/synthetic/recurrence/s0000065536_n000p000_seed1297748005.bin' '<work>/archive.mz'"",""'<repo>/target/release/mathzip' decompress --max-archive-bytes 17179869184 --max-output-bytes 8589934592 --max-segments 8388608 --no-sync --force '<work>/archive.mz' '<work>/restored.bin'""]","{""family"":""recurrence"",""noise_density"":0.0,""seed"":1297748005,""size_requested"":65536}"
mathzip-benchmark-results-v1,20260725T170925Z-dde3921f,ablation,synthetic_ablation,datasets/synthetic/recurrence/s0000065536_n000p000_seed1297748005.bin,s0000065536_n000p000_seed1297748005.bin,CC0-1.0,python/mathzip_bench/synthetic.py and datasets/synthetic/manifest.json,datasets/synthetic/manifest.json,c7188cafa911c31e5d80193ab1dae1d468dfe9e6deafecb9be709a46aae23de1,true,8d5944aabf5526f28b79d4b3841ec21dbd86daac0caa96729fec8838039fdd69,7.125807747528513,65536,ablation-03-fixed-constant,mathzip,balanced,03 fixed segmentation + constant,1,ok,,3,3,65692,0.9976252816172441,-0.00238037109375,-0.238037109375,8.01904296875,0.238037109375,0.0082064839953091,0.004760251991683617,7.98588043764674,13.76733839185288,0.0074100000001635635,0.004246999999850232,544768.0,true,true,cc6681f2876cf6ed9dc8e082bd48bc0e685f48d43ee4db0a79178edad5a925d9,8d5944aabf5526f28b79d4b3841ec21dbd86daac0caa96729fec8838039fdd69,"[{""type"":""identity""}]",1,65536.0,65536.0,"{""raw"":1}","{""raw"":1}",0,36,65536,120,100.0,100.0,7.125807747528515,65536,0,0,0.002398379,5.1857e-05,0.00154946,"[""'<repo>/target/release/mathzip' compress --mode balanced --max-input-bytes 8589934592 --no-sync --force --models raw,constant --transforms identity --segmentation fixed --segment-size 4096 --metrics-output '<work>/archive.mz.metrics.json' '<repo>/datasets/synthetic/recurrence/s0000065536_n000p000_seed1297748005.bin' '<work>/archive.mz'"",""'<repo>/target/release/mathzip' decompress --max-archive-bytes 17179869184 --max-output-bytes 8589934592 --max-segments 8388608 --no-sync --force '<work>/archive.mz' '<work>/restored.bin'""]","{""family"":""recurrence"",""noise_density"":0.0,""seed"":1297748005,""size_requested"":65536}"
mathzip-benchmark-results-v1,20260725T170925Z-dde3921f,ablation,synthetic_ablation,datasets/synthetic/recurrence/s0000065536_n000p000_seed1297748005.bin,s0000065536_n000p000_seed1297748005.bin,CC0-1.0,python/mathzip_bench/synthetic.py and datasets/synthetic/manifest.json,datasets/synthetic/manifest.json,c7188cafa911c31e5d80193ab1dae1d468dfe9e6deafecb9be709a46aae23de1,true,8d5944aabf5526f28b79d4b3841ec21dbd86daac0caa96729fec8838039fdd69,7.125807747528513,65536,ablation-04-fixed-all-models,mathzip,balanced,04 fixed segmentation + all models,1,ok,,3,3,753,87.0332005312085,0.9885101318359375,98.85101318359375,0.0919189453125,0.0,0.03632908102008514,0.0055376200180035084,1.8039542471158938,11.83468706536998,0.034159999999928914,0.003804999999829306,3706880.0,true,true,02b9eacdb3dbb1afbeaef34723ee6614679cb75126ed0aad79c6cc3c255c3f79,8d5944aabf5526f28b79d4b3841ec21dbd86daac0caa96729fec8838039fdd69,"[{""type"":""identity""}]",16,4096.0,4096.0,"{""copy"":13,""recurrence"":3}","{""sparse"":16}",41,576,16,120,0.0,0.0,0.0,16,16,16,0.001721187,0.007018678,0.022001437,"[""'<repo>/target/release/mathzip' compress --mode balanced --max-input-bytes 8589934592 --no-sync --force --models raw,constant,affine,polynomial,periodic,recurrence,piecewise-linear,run,sparse,copy --transforms identity --segmentation fixed --segment-size 4096 --metrics-output '<work>/archive.mz.metrics.json' '<repo>/datasets/synthetic/recurrence/s0000065536_n000p000_seed1297748005.bin' '<work>/archive.mz'"",""'<repo>/target/release/mathzip' decompress --max-archive-bytes 17179869184 --max-output-bytes 8589934592 --max-segments 8388608 --no-sync --force '<work>/archive.mz' '<work>/restored.bin'""]","{""family"":""recurrence"",""noise_density"":0.0,""seed"":1297748005,""size_requested"":65536}"
mathzip-benchmark-results-v1,20260725T170925Z-dde3921f,ablation,synthetic_ablation,datasets/synthetic/recurrence/s0000065536_n000p000_seed1297748005.bin,s0000065536_n000p000_seed1297748005.bin,CC0-1.0,python/mathzip_bench/synthetic.py and datasets/synthetic/manifest.json,datasets/synthetic/manifest.json,c7188cafa911c31e5d80193ab1dae1d468dfe9e6deafecb9be709a46aae23de1,true,8d5944aabf5526f28b79d4b3841ec21dbd86daac0caa96729fec8838039fdd69,7.125807747528513,65536,ablation-05-adaptive-constant,mathzip,balanced,05 adaptive segmentation + constant,1,ok,,3,3,65692,0.9976252816172441,-0.00238037109375,-0.238037109375,8.01904296875,0.238037109375,0.05333462098496966,0.005513678013812751,1.228770333222558,11.886076741481926,0.05241300000011506,0.004642999999987296,4116480.0,true,true,cc6681f2876cf6ed9dc8e082bd48bc0e685f48d43ee4db0a79178edad5a925d9,8d5944aabf5526f28b79d4b3841ec21dbd86daac0caa96729fec8838039fdd69,"[{""type"":""identity""}]",1,65536.0,65536.0,"{""raw"":1}","{""raw"":1}",0,36,65536,120,100.0,100.0,7.125807747528515,65536,0,0,0.007536584,0.001241671,0.039594223,"[""'<repo>/target/release/mathzip' compress --mode balanced --max-input-bytes 8589934592 --no-sync --force --models raw,constant --transforms identity --segmentation adaptive --metrics-output '<work>/archive.mz.metrics.json' '<repo>/datasets/synthetic/recurrence/s0000065536_n000p000_seed1297748005.bin' '<work>/archive.mz'"",""'<repo>/target/release/mathzip' decompress --max-archive-bytes 17179869184 --max-output-bytes 8589934592 --max-segments 8388608 --no-sync --force '<work>/archive.mz' '<work>/restored.bin'""]","{""family"":""recurrence"",""noise_density"":0.0,""seed"":1297748005,""size_requested"":65536}"
mathzip-benchmark-results-v1,20260725T170925Z-dde3921f,ablation,synthetic_ablation,datasets/synthetic/recurrence/s0000065536_n000p000_seed1297748005.bin,s0000065536_n000p000_seed1297748005.bin,CC0-1.0,python/mathzip_bench/synthetic.py and datasets/synthetic/manifest.json,datasets/synthetic/manifest.json,c7188cafa911c31e5d80193ab1dae1d468dfe9e6deafecb9be709a46aae23de1,true,8d5944aabf5526f28b79d4b3841ec21dbd86daac0caa96729fec8838039fdd69,7.125807747528513,65536,ablation-06-adaptive-linear,mathzip,balanced,06 adaptive + constant/linear,1,ok,,3,3,65692,0.9976252816172441,-0.00238037109375,-0.238037109375,8.01904296875,0.238037109375,0.11146598099730909,0.00569895701482892,0.5879462003889968,11.499648063579464,0.10972599999968224,0.004900000000134241,4083712.0,true,true,cc6681f2876cf6ed9dc8e082bd48bc0e685f48d43ee4db0a79178edad5a925d9,8d5944aabf5526f28b79d4b3841ec21dbd86daac0caa96729fec8838039fdd69,"[{""type"":""identity""}]",1,65536.0,65536.0,"{""raw"":1}","{""raw"":1}",0,36,65536,120,100.0,100.0,7.125807747528515,65536,0,0,0.007688157,0.003284462,0.095388308,"[""'<repo>/target/release/mathzip' compress --mode balanced --max-input-bytes 8589934592 --no-sync --force --models raw,constant,affine --transforms identity --segmentation adaptive --metrics-output '<work>/archive.mz.metrics.json' '<repo>/datasets/synthetic/recurrence/s0000065536_n000p000_seed1297748005.bin' '<work>/archive.mz'"",""'<repo>/target/release/mathzip' decompress --max-archive-bytes 17179869184 --max-output-bytes 8589934592 --max-segments 8388608 --no-sync --force '<work>/archive.mz' '<work>/restored.bin'""]","{""family"":""recurrence"",""noise_density"":0.0,""seed"":1297748005,""size_requested"":65536}"
mathzip-benchmark-results-v1,20260725T170925Z-dde3921f,ablation,synthetic_ablation,datasets/synthetic/recurrence/s0000065536_n000p000_seed1297748005.bin,s0000065536_n000p000_seed1297748005.bin,CC0-1.0,python/mathzip_bench/synthetic.py and datasets/synthetic/manifest.json,datasets/synthetic/manifest.json,c7188cafa911c31e5d80193ab1dae1d468dfe9e6deafecb9be709a46aae23de1,true,8d5944aabf5526f28b79d4b3841ec21dbd86daac0caa96729fec8838039fdd69,7.125807747528513,65536,ablation-07-add-polynomial,mathzip,balanced,07 add polynomial,1,ok,,3,3,65692,0.9976252816172441,-0.00238037109375,-0.238037109375,8.01904296875,0.238037109375,0.18759498500730842,0.006147492997115478,0.3493483580994812,10.660605881251227,0.1863429999998516,0.004482000000052722,4116480.0,true,true,cc6681f2876cf6ed9dc8e082bd48bc0e685f48d43ee4db0a79178edad5a925d9,8d5944aabf5526f28b79d4b3841ec21dbd86daac0caa96729fec8838039fdd69,"[{""type"":""identity""}]",1,65536.0,65536.0,"{""raw"":1}","{""raw"":1}",0,36,65536,120,100.0,100.0,7.125807747528515,65536,0,0,0.008758177,0.003369813,0.167890673,"[""'<repo>/target/release/mathzip' compress --mode balanced --max-input-bytes 8589934592 --no-sync --force --models raw,constant,affine,polynomial --transforms identity --segmentation adaptive --metrics-output '<work>/archive.mz.metrics.json' '<repo>/datasets/synthetic/recurrence/s0000065536_n000p000_seed1297748005.bin' '<work>/archive.mz'"",""'<repo>/target/release/mathzip' decompress --max-archive-bytes 17179869184 --max-output-bytes 8589934592 --max-segments 8388608 --no-sync --force '<work>/archive.mz' '<work>/restored.bin'""]","{""family"":""recurrence"",""noise_density"":0.0,""seed"":1297748005,""size_requested"":65536}"
mathzip-benchmark-results-v1,20260725T170925Z-dde3921f,ablation,synthetic_ablation,datasets/synthetic/recurrence/s0000065536_n000p000_seed1297748005.bin,s0000065536_n000p000_seed1297748005.bin,CC0-1.0,python/mathzip_bench/synthetic.py and datasets/synthetic/manifest.json,datasets/synthetic/manifest.json,c7188cafa911c31e5d80193ab1dae1d468dfe9e6deafecb9be709a46aae23de1,true,8d5944aabf5526f28b79d4b3841ec21dbd86daac0caa96729fec8838039fdd69,7.125807747528513,65536,ablation-08-add-periodic,mathzip,balanced,08 add periodic,1,ok,,3,3,59189,1.1072327628444474,0.0968475341796875,9.68475341796875,7.2252197265625,0.0,0.34311904999776743,0.0065676360100042075,0.1910007619816691,9.978628520242554,0.3423139999999876,0.0057809999998426065,4395008.0,true,true,46000729338b277b4459b87202da0739be555c8d6f373c6198a9541b7c5bde69,8d5944aabf5526f28b79d4b3841ec21dbd86daac0caa96729fec8838039fdd69,"[{""type"":""identity""}]",2,32768.0,32768.0,"{""periodic"":2}","{""zero_run"":2}",130,72,58867,120,0.0,0.0,5.998529399487917,58867,2,0,0.007518987,0.042807355,0.288085943,"[""'<repo>/target/release/mathzip' compress --mode balanced --max-input-bytes 8589934592 --no-sync --force --models raw,constant,affine,polynomial,periodic --transforms identity --segmentation adaptive --metrics-output '<work>/archive.mz.metrics.json' '<repo>/datasets/synthetic/recurrence/s0000065536_n000p000_seed1297748005.bin' '<work>/archive.mz'"",""'<repo>/target/release/mathzip' decompress --max-archive-bytes 17179869184 --max-output-bytes 8589934592 --max-segments 8388608 --no-sync --force '<work>/archive.mz' '<work>/restored.bin'""]","{""family"":""recurrence"",""noise_density"":0.0,""seed"":1297748005,""size_requested"":65536}"
mathzip-benchmark-results-v1,20260725T170925Z-dde3921f,ablation,synthetic_ablation,datasets/synthetic/recurrence/s0000065536_n000p000_seed1297748005.bin,s0000065536_n000p000_seed1297748005.bin,CC0-1.0,python/mathzip_bench/synthetic.py and datasets/synthetic/manifest.json,datasets/synthetic/manifest.json,c7188cafa911c31e5d80193ab1dae1d468dfe9e6deafecb9be709a46aae23de1,true,8d5944aabf5526f28b79d4b3841ec21dbd86daac0caa96729fec8838039fdd69,7.125807747528513,65536,ablation-09-add-recurrence,mathzip,balanced,09 add recurrence,1,ok,,3,3,204,321.2549019607843,0.99688720703125,99.688720703125,0.02490234375,0.0,0.4954544849751983,0.005347065976820886,0.13227451155938297,12.256441249106228,0.4944230000000971,0.004546000000118511,3899392.0,true,true,a4818269b2284834d2c048a09bcecafdc5a14112c8f1f8a4a54ae5163baa31ef,8d5944aabf5526f28b79d4b3841ec21dbd86daac0caa96729fec8838039fdd69,"[{""type"":""identity""}]",2,32768.0,32768.0,"{""recurrence"":2}","{""sparse"":2}",10,72,2,120,0.0,0.0,0.0,2,2,2,0.006997757,0.042843705,0.440940112,"[""'<repo>/target/release/mathzip' compress --mode balanced --max-input-bytes 8589934592 --no-sync --force --models raw,constant,affine,polynomial,periodic,recurrence --transforms identity --segmentation adaptive --metrics-output '<work>/archive.mz.metrics.json' '<repo>/datasets/synthetic/recurrence/s0000065536_n000p000_seed1297748005.bin' '<work>/archive.mz'"",""'<repo>/target/release/mathzip' decompress --max-archive-bytes 17179869184 --max-output-bytes 8589934592 --max-segments 8388608 --no-sync --force '<work>/archive.mz' '<work>/restored.bin'""]","{""family"":""recurrence"",""noise_density"":0.0,""seed"":1297748005,""size_requested"":65536}"
mathzip-benchmark-results-v1,20260725T170925Z-dde3921f,ablation,synthetic_ablation,datasets/synthetic/recurrence/s0000065536_n000p000_seed1297748005.bin,s0000065536_n000p000_seed1297748005.bin,CC0-1.0,python/mathzip_bench/synthetic.py and datasets/synthetic/manifest.json,datasets/synthetic/manifest.json,c7188cafa911c31e5d80193ab1dae1d468dfe9e6deafecb9be709a46aae23de1,true,8d5944aabf5526f28b79d4b3841ec21dbd86daac0caa96729fec8838039fdd69,7.125807747528513,65536,ablation-10-add-bit-plane,mathzip,balanced,10 add bit-plane,1,ok,,3,3,204,321.2549019607843,0.99688720703125,99.688720703125,0.02490234375,0.0,1.0834692560019903,0.0058957290020771325,0.06048718008098202,11.115843346414145,1.0784069999999701,0.00486100000011902,3911680.0,true,true,a4818269b2284834d2c048a09bcecafdc5a14112c8f1f8a4a54ae5163baa31ef,8d5944aabf5526f28b79d4b3841ec21dbd86daac0caa96729fec8838039fdd69,"[{""type"":""identity""}]",2,32768.0,32768.0,"{""recurrence"":2}","{""sparse"":2}",10,72,2,120,0.0,0.0,0.0,2,2,2,0.017785579,0.107352225,0.949159246,"[""'<repo>/target/release/mathzip' compress --mode balanced --max-input-bytes 8589934592 --no-sync --force --models raw,constant,affine,polynomial,periodic,recurrence --transforms identity,bit-plane --segmentation adaptive --metrics-output '<work>/archive.mz.metrics.json' '<repo>/datasets/synthetic/recurrence/s0000065536_n000p000_seed1297748005.bin' '<work>/archive.mz'"",""'<repo>/target/release/mathzip' decompress --max-archive-bytes 17179869184 --max-output-bytes 8589934592 --max-segments 8388608 --no-sync --force '<work>/archive.mz' '<work>/restored.bin'""]","{""family"":""recurrence"",""noise_density"":0.0,""seed"":1297748005,""size_requested"":65536}"
mathzip-benchmark-results-v1,20260725T170925Z-dde3921f,ablation,synthetic_ablation,datasets/synthetic/recurrence/s0000065536_n000p000_seed1297748005.bin,s0000065536_n000p000_seed1297748005.bin,CC0-1.0,python/mathzip_bench/synthetic.py and datasets/synthetic/manifest.json,datasets/synthetic/manifest.json,c7188cafa911c31e5d80193ab1dae1d468dfe9e6deafecb9be709a46aae23de1,true,8d5944aabf5526f28b79d4b3841ec21dbd86daac0caa96729fec8838039fdd69,7.125807747528513,65536,ablation-11-add-stride,mathzip,balanced,11 add stride transpose,1,ok,,3,3,204,321.2549019607843,0.99688720703125,99.688720703125,0.02490234375,0.0,3.8492734000028577,0.005309237982146442,0.017025550848103265,12.343767640550332,3.8461050000000796,0.0046820000000025175,4177920.0,true,true,a4818269b2284834d2c048a09bcecafdc5a14112c8f1f8a4a54ae5163baa31ef,8d5944aabf5526f28b79d4b3841ec21dbd86daac0caa96729fec8838039fdd69,"[{""type"":""identity""}]",2,32768.0,32768.0,"{""recurrence"":2}","{""sparse"":2}",10,72,2,120,0.0,0.0,0.0,2,2,2,0.044899478,0.468805403,3.330039323,"[""'<repo>/target/release/mathzip' compress --mode balanced --max-input-bytes 8589934592 --no-sync --force --models raw,constant,affine,polynomial,periodic,recurrence --transforms identity,bit-plane,stride --segmentation adaptive --metrics-output '<work>/archive.mz.metrics.json' '<repo>/datasets/synthetic/recurrence/s0000065536_n000p000_seed1297748005.bin' '<work>/archive.mz'"",""'<repo>/target/release/mathzip' decompress --max-archive-bytes 17179869184 --max-output-bytes 8589934592 --max-segments 8388608 --no-sync --force '<work>/archive.mz' '<work>/restored.bin'""]","{""family"":""recurrence"",""noise_density"":0.0,""seed"":1297748005,""size_requested"":65536}"
mathzip-benchmark-results-v1,20260725T170925Z-dde3921f,ablation,synthetic_ablation,datasets/synthetic/recurrence/s0000065536_n000p000_seed1297748005.bin,s0000065536_n000p000_seed1297748005.bin,CC0-1.0,python/mathzip_bench/synthetic.py and datasets/synthetic/manifest.json,datasets/synthetic/manifest.json,c7188cafa911c31e5d80193ab1dae1d468dfe9e6deafecb9be709a46aae23de1,true,8d5944aabf5526f28b79d4b3841ec21dbd86daac0caa96729fec8838039fdd69,7.125807747528513,65536,ablation-12-add-copy,mathzip,balanced,12 add copy/reference,1,ok,,3,3,204,321.2549019607843,0.99688720703125,99.688720703125,0.02490234375,0.0,3.8745709680079017,0.0057266950025223196,0.016914388855211786,11.44394803130509,3.8667570000002343,0.004674999999906504,4026368.0,true,true,a4818269b2284834d2c048a09bcecafdc5a14112c8f1f8a4a54ae5163baa31ef,8d5944aabf5526f28b79d4b3841ec21dbd86daac0caa96729fec8838039fdd69,"[{""type"":""identity""}]",2,32768.0,32768.0,"{""recurrence"":2}","{""sparse"":2}",10,72,2,120,0.0,0.0,0.0,2,2,2,0.045174398,0.470758437,3.347960455,"[""'<repo>/target/release/mathzip' compress --mode balanced --max-input-bytes 8589934592 --no-sync --force --models raw,constant,affine,polynomial,periodic,recurrence,copy --transforms identity,bit-plane,stride --segmentation adaptive --metrics-output '<work>/archive.mz.metrics.json' '<repo>/datasets/synthetic/recurrence/s0000065536_n000p000_seed1297748005.bin' '<work>/archive.mz'"",""'<repo>/target/release/mathzip' decompress --max-archive-bytes 17179869184 --max-output-bytes 8589934592 --max-segments 8388608 --no-sync --force '<work>/archive.mz' '<work>/restored.bin'""]","{""family"":""recurrence"",""noise_density"":0.0,""seed"":1297748005,""size_requested"":65536}"
mathzip-benchmark-results-v1,20260725T170925Z-dde3921f,ablation,synthetic_ablation,datasets/synthetic/recurrence/s0000065536_n000p000_seed1297748005.bin,s0000065536_n000p000_seed1297748005.bin,CC0-1.0,python/mathzip_bench/synthetic.py and datasets/synthetic/manifest.json,datasets/synthetic/manifest.json,c7188cafa911c31e5d80193ab1dae1d468dfe9e6deafecb9be709a46aae23de1,true,8d5944aabf5526f28b79d4b3841ec21dbd86daac0caa96729fec8838039fdd69,7.125807747528513,65536,ablation-13-custom-residual,mathzip,balanced,13 custom residual coders,1,ok,,3,3,204,321.2549019607843,0.99688720703125,99.688720703125,0.02490234375,0.0,5.885329965996789,0.0055767070152796805,0.011135484395716506,11.751738045487631,5.882047999999941,0.004686999999876207,4485120.0,true,true,a4818269b2284834d2c048a09bcecafdc5a14112c8f1f8a4a54ae5163baa31ef,8d5944aabf5526f28b79d4b3841ec21dbd86daac0caa96729fec8838039fdd69,"[{""type"":""identity""}]",2,32768.0,32768.0,"{""recurrence"":2}","{""sparse"":2}",10,72,2,120,0.0,0.0,0.0,2,2,2,0.05671258,0.674299796,5.141807675,"[""'<repo>/target/release/mathzip' compress --mode balanced --max-input-bytes 8589934592 --no-sync --force --residual-coders raw,rle,zero-run,sparse,bit-pack --metrics-output '<work>/archive.mz.metrics.json' '<repo>/datasets/synthetic/recurrence/s0000065536_n000p000_seed1297748005.bin' '<work>/archive.mz'"",""'<repo>/target/release/mathzip' decompress --max-archive-bytes 17179869184 --max-output-bytes 8589934592 --max-segments 8388608 --no-sync --force '<work>/archive.mz' '<work>/restored.bin'""]","{""family"":""recurrence"",""noise_density"":0.0,""seed"":1297748005,""size_requested"":65536}"
mathzip-benchmark-results-v1,20260725T170925Z-dde3921f,ablation,synthetic_ablation,datasets/synthetic/recurrence/s0000065536_n000p000_seed1297748005.bin,s0000065536_n000p000_seed1297748005.bin,CC0-1.0,python/mathzip_bench/synthetic.py and datasets/synthetic/manifest.json,datasets/synthetic/manifest.json,c7188cafa911c31e5d80193ab1dae1d468dfe9e6deafecb9be709a46aae23de1,true,8d5944aabf5526f28b79d4b3841ec21dbd86daac0caa96729fec8838039fdd69,7.125807747528513,65536,ablation-14-zstd-residual,mathzip,balanced,14 Zstd residual coder,1,ok,,3,3,240,273.06666666666666,0.996337890625,99.6337890625,0.029296875,0.0,3.428635257005226,0.005393505998654291,0.01911431082268081,12.150908892351577,3.4252670000000762,0.004529000000047745,4927488.0,true,true,1f3629abb0b12eda8cf9fd42fd409f998121723561b77c00f584691ec0c101f2,8d5944aabf5526f28b79d4b3841ec21dbd86daac0caa96729fec8838039fdd69,"[{""type"":""identity""}]",2,32768.0,32768.0,"{""recurrence"":2}","{""zstd"":2}",10,72,38,120,0.0,0.0,0.0,38,2,2,0.056516875,0.674816654,2.690855223,"[""'<repo>/target/release/mathzip' compress --mode balanced --max-input-bytes 8589934592 --no-sync --force --residual-coders zstd --metrics-output '<work>/archive.mz.metrics.json' '<repo>/datasets/synthetic/recurrence/s0000065536_n000p000_seed1297748005.bin' '<work>/archive.mz'"",""'<repo>/target/release/mathzip' decompress --max-archive-bytes 17179869184 --max-output-bytes 8589934592 --max-segments 8388608 --no-sync --force '<work>/archive.mz' '<work>/restored.bin'""]","{""family"":""recurrence"",""noise_density"":0.0,""seed"":1297748005,""size_requested"":65536}"
mathzip-benchmark-results-v1,20260725T170925Z-dde3921f,ablation,synthetic_ablation,datasets/synthetic/recurrence/s0000065536_n000p000_seed1297748005.bin,s0000065536_n000p000_seed1297748005.bin,CC0-1.0,python/mathzip_bench/synthetic.py and datasets/synthetic/manifest.json,datasets/synthetic/manifest.json,c7188cafa911c31e5d80193ab1dae1d468dfe9e6deafecb9be709a46aae23de1,true,8d5944aabf5526f28b79d4b3841ec21dbd86daac0caa96729fec8838039fdd69,7.125807747528513,65536,ablation-15-no-transform,mathzip,balanced,15 identity transform only,1,ok,,3,3,204,321.2549019607843,0.99688720703125,99.688720703125,0.02490234375,0.0,0.6166448029980529,0.005946599005255848,0.10627836265119213,11.020753197260584,0.6150579999998627,0.005013000000190004,4243456.0,true,true,a4818269b2284834d2c048a09bcecafdc5a14112c8f1f8a4a54ae5163baa31ef,8d5944aabf5526f28b79d4b3841ec21dbd86daac0caa96729fec8838039fdd69,"[{""type"":""identity""}]",2,32768.0,32768.0,"{""recurrence"":2}","{""sparse"":2}",10,72,2,120,0.0,0.0,0.0,2,2,2,0.007271562,0.056683469,0.547615417,"[""'<repo>/target/release/mathzip' compress --mode balanced --max-input-bytes 8589934592 --no-sync --force --transforms identity --metrics-output '<work>/archive.mz.metrics.json' '<repo>/datasets/synthetic/recurrence/s0000065536_n000p000_seed1297748005.bin' '<work>/archive.mz'"",""'<repo>/target/release/mathzip' decompress --max-archive-bytes 17179869184 --max-output-bytes 8589934592 --max-segments 8388608 --no-sync --force '<work>/archive.mz' '<work>/restored.bin'""]","{""family"":""recurrence"",""noise_density"":0.0,""seed"":1297748005,""size_requested"":65536}"
mathzip-benchmark-results-v1,20260725T170925Z-dde3921f,ablation,synthetic_ablation,datasets/synthetic/recurrence/s0000065536_n000p000_seed1297748005.bin,s0000065536_n000p000_seed1297748005.bin,CC0-1.0,python/mathzip_bench/synthetic.py and datasets/synthetic/manifest.json,datasets/synthetic/manifest.json,c7188cafa911c31e5d80193ab1dae1d468dfe9e6deafecb9be709a46aae23de1,true,8d5944aabf5526f28b79d4b3841ec21dbd86daac0caa96729fec8838039fdd69,7.125807747528513,65536,ablation-16-no-adaptive-partition,mathzip,balanced,16 fixed partition,1,ok,,3,3,753,87.0332005312085,0.9885101318359375,98.85101318359375,0.0919189453125,0.0,0.2833131120132748,0.00523498299298808,0.23132003857600938,12.518856333971137,0.282312999999931,0.0045160000001942535,3817472.0,true,true,02b9eacdb3dbb1afbeaef34723ee6614679cb75126ed0aad79c6cc3c255c3f79,8d5944aabf5526f28b79d4b3841ec21dbd86daac0caa96729fec8838039fdd69,"[{""type"":""identity""}]",16,4096.0,4096.0,"{""copy"":13,""recurrence"":3}","{""sparse"":16}",41,576,16,120,0.0,0.0,0.0,16,16,16,0.009630545,0.057587893,0.211247345,"[""'<repo>/target/release/mathzip' compress --mode balanced --max-input-bytes 8589934592 --no-sync --force --segmentation fixed --segment-size 4096 --metrics-output '<work>/archive.mz.metrics.json' '<repo>/datasets/synthetic/recurrence/s0000065536_n000p000_seed1297748005.bin' '<work>/archive.mz'"",""'<repo>/target/release/mathzip' decompress --max-archive-bytes 17179869184 --max-output-bytes 8589934592 --max-segments 8388608 --no-sync --force '<work>/archive.mz' '<work>/restored.bin'""]","{""family"":""recurrence"",""noise_density"":0.0,""seed"":1297748005,""size_requested"":65536}"
mathzip-benchmark-results-v1,20260725T170925Z-dde3921f,ablation,synthetic_ablation,datasets/synthetic/recurrence/s0000065536_n000p000_seed1297748005.bin,s0000065536_n000p000_seed1297748005.bin,CC0-1.0,python/mathzip_bench/synthetic.py and datasets/synthetic/manifest.json,datasets/synthetic/manifest.json,c7188cafa911c31e5d80193ab1dae1d468dfe9e6deafecb9be709a46aae23de1,true,8d5944aabf5526f28b79d4b3841ec21dbd86daac0caa96729fec8838039fdd69,7.125807747528513,65536,ablation-17-no-raw-fallback,mathzip,balanced,17 no raw fallback,1,ok,,3,3,204,321.2549019607843,0.99688720703125,99.688720703125,0.02490234375,0.0,5.921625535003841,0.00561665598070249,0.011067231389861515,11.668152762990344,5.9172259999998005,0.0047649999999066495,4526080.0,true,true,a4818269b2284834d2c048a09bcecafdc5a14112c8f1f8a4a54ae5163baa31ef,8d5944aabf5526f28b79d4b3841ec21dbd86daac0caa96729fec8838039fdd69,"[{""type"":""identity""}]",2,32768.0,32768.0,"{""recurrence"":2}","{""sparse"":2}",10,72,2,120,0.0,0.0,0.0,2,2,2,0.056097138,0.685225057,5.174884047,"[""'<repo>/target/release/mathzip' compress --mode balanced --max-input-bytes 8589934592 --no-sync --force --no-raw-fallback --metrics-output '<work>/archive.mz.metrics.json' '<repo>/datasets/synthetic/recurrence/s0000065536_n000p000_seed1297748005.bin' '<work>/archive.mz'"",""'<repo>/target/release/mathzip' decompress --max-archive-bytes 17179869184 --max-output-bytes 8589934592 --max-segments 8388608 --no-sync --force '<work>/archive.mz' '<work>/restored.bin'""]","{""family"":""recurrence"",""noise_density"":0.0,""seed"":1297748005,""size_requested"":65536}"
mathzip-benchmark-results-v1,20260725T170925Z-dde3921f,ablation,synthetic_ablation,datasets/synthetic/recurrence/s0000065536_n000p000_seed1297748005.bin,s0000065536_n000p000_seed1297748005.bin,CC0-1.0,python/mathzip_bench/synthetic.py and datasets/synthetic/manifest.json,datasets/synthetic/manifest.json,c7188cafa911c31e5d80193ab1dae1d468dfe9e6deafecb9be709a46aae23de1,true,8d5944aabf5526f28b79d4b3841ec21dbd86daac0caa96729fec8838039fdd69,7.125807747528513,65536,ablation-18-fast,mathzip,fast,18 fast mode,1,ok,,3,3,288,227.55555555555554,0.99560546875,99.560546875,0.03515625,0.0,0.0346521929895971,0.005143034999491647,1.8912511545712127,12.742670428351698,0.03382200000010016,0.004451999999901091,3776512.0,true,true,2fffe701f4d52ce57ec4b5dd8c0d5c20f85f9051b4bfcd082daa9842208ff96f,8d5944aabf5526f28b79d4b3841ec21dbd86daac0caa96729fec8838039fdd69,"[{""type"":""identity""}]",4,16384.0,16384.0,"{""recurrence"":4}","{""sparse"":4}",20,144,4,120,0.0,0.0,0.0,4,4,4,0.003558824,0.000714897,0.025570528,"[""'<repo>/target/release/mathzip' compress --mode fast --max-input-bytes 8589934592 --no-sync --force --metrics-output '<work>/archive.mz.metrics.json' '<repo>/datasets/synthetic/recurrence/s0000065536_n000p000_seed1297748005.bin' '<work>/archive.mz'"",""'<repo>/target/release/mathzip' decompress --max-archive-bytes 17179869184 --max-output-bytes 8589934592 --max-segments 8388608 --no-sync --force '<work>/archive.mz' '<work>/restored.bin'""]","{""family"":""recurrence"",""noise_density"":0.0,""seed"":1297748005,""size_requested"":65536}"
mathzip-benchmark-results-v1,20260725T170925Z-dde3921f,ablation,synthetic_ablation,datasets/synthetic/recurrence/s0000065536_n000p000_seed1297748005.bin,s0000065536_n000p000_seed1297748005.bin,CC0-1.0,python/mathzip_bench/synthetic.py and datasets/synthetic/manifest.json,datasets/synthetic/manifest.json,c7188cafa911c31e5d80193ab1dae1d468dfe9e6deafecb9be709a46aae23de1,true,8d5944aabf5526f28b79d4b3841ec21dbd86daac0caa96729fec8838039fdd69,7.125807747528513,65536,ablation-19-balanced,mathzip,balanced,19 balanced mode,1,ok,,3,3,204,321.2549019607843,0.99688720703125,99.688720703125,0.02490234375,0.0,5.883043437992455,0.005806956993183121,0.011139812359156006,11.285773267639788,5.87938599999984,0.004904000000124142,4521984.0,true,true,a4818269b2284834d2c048a09bcecafdc5a14112c8f1f8a4a54ae5163baa31ef,8d5944aabf5526f28b79d4b3841ec21dbd86daac0caa96729fec8838039fdd69,"[{""type"":""identity""}]",2,32768.0,32768.0,"{""recurrence"":2}","{""sparse"":2}",10,72,2,120,0.0,0.0,0.0,2,2,2,0.056554144,0.676814905,5.144499951,"[""'<repo>/target/release/mathzip' compress --mode balanced --max-input-bytes 8589934592 --no-sync --force --metrics-output '<work>/archive.mz.metrics.json' '<repo>/datasets/synthetic/recurrence/s0000065536_n000p000_seed1297748005.bin' '<work>/archive.mz'"",""'<repo>/target/release/mathzip' decompress --max-archive-bytes 17179869184 --max-output-bytes 8589934592 --max-segments 8388608 --no-sync --force '<work>/archive.mz' '<work>/restored.bin'""]","{""family"":""recurrence"",""noise_density"":0.0,""seed"":1297748005,""size_requested"":65536}"
mathzip-benchmark-results-v1,20260725T170925Z-dde3921f,ablation,synthetic_ablation,datasets/synthetic/recurrence/s0000065536_n000p000_seed1297748005.bin,s0000065536_n000p000_seed1297748005.bin,CC0-1.0,python/mathzip_bench/synthetic.py and datasets/synthetic/manifest.json,datasets/synthetic/manifest.json,c7188cafa911c31e5d80193ab1dae1d468dfe9e6deafecb9be709a46aae23de1,true,8d5944aabf5526f28b79d4b3841ec21dbd86daac0caa96729fec8838039fdd69,7.125807747528513,65536,ablation-20-max,mathzip,max,20 max mode,1,ok,,3,3,438,149.6255707762557,0.993316650390625,99.3316650390625,0.053466796875,0.0,17.392721551994327,0.005693192011676729,0.0037680129474898278,11.5112927625813,17.385132000000112,0.004239999999981592,3948544.0,true,true,aad406d3bf8f7c929b42403eb05efa9135ffeb79d5832f76554489cdf6e26bf8,8d5944aabf5526f28b79d4b3841ec21dbd86daac0caa96729fec8838039fdd69,"[{""type"":""identity""}]",8,8192.0,8192.0,"{""copy"":6,""recurrence"":2}","{""sparse"":8}",22,288,8,120,0.0,0.0,0.0,8,8,8,0.089796207,4.987208604,12.305720898,"[""'<repo>/target/release/mathzip' compress --mode max --max-input-bytes 8589934592 --no-sync --force --metrics-output '<work>/archive.mz.metrics.json' '<repo>/datasets/synthetic/recurrence/s0000065536_n000p000_seed1297748005.bin' '<work>/archive.mz'"",""'<repo>/target/release/mathzip' decompress --max-archive-bytes 17179869184 --max-output-bytes 8589934592 --max-segments 8388608 --no-sync --force '<work>/archive.mz' '<work>/restored.bin'""]","{""family"":""recurrence"",""noise_density"":0.0,""seed"":1297748005,""size_requested"":65536}"
mathzip-benchmark-results-v1,20260725T170925Z-dde3921f,ablation,synthetic_ablation,datasets/synthetic/recurrence/s0000065536_n000p000_seed1297748005.bin,s0000065536_n000p000_seed1297748005.bin,CC0-1.0,python/mathzip_bench/synthetic.py and datasets/synthetic/manifest.json,datasets/synthetic/manifest.json,c7188cafa911c31e5d80193ab1dae1d468dfe9e6deafecb9be709a46aae23de1,true,8d5944aabf5526f28b79d4b3841ec21dbd86daac0caa96729fec8838039fdd69,7.125807747528513,65536,zstd-default,zstd,default,,1,ok,,3,3,409,160.23471882640587,0.9937591552734375,99.37591552734375,0.0499267578125,0.0,0.008274026011349633,0.004190803010715172,7.920690593684751,15.638053096849356,0.007918000000017855,0.003809999999930369,360448.0,true,true,6db7ff8e6df4dd84d55f72d9dde9b3e6c3859ecdbdf4612e4e3744986a30c83c,8d5944aabf5526f28b79d4b3841ec21dbd86daac0caa96729fec8838039fdd69,,,,,,,,,,,,,,,,,,,,"[""'<external>/zstd' -q -d -c '<work>/archive.zst'"",""'<external>/zstd' -q -f -T1 -3 -c '<repo>/datasets/synthetic/recurrence/s0000065536_n000p000_seed1297748005.bin'""]","{""family"":""recurrence"",""noise_density"":0.0,""seed"":1297748005,""size_requested"":65536}"
mathzip-benchmark-results-v1,20260725T170925Z-dde3921f,ablation,canterbury_ablation,datasets/data/canterbury/alice29.txt,alice29.txt,Upstream files retain their original terms; see dataset manifest,datasets/manifests/canterbury.json,datasets/data/canterbury/dataset.json,30daaac9157db37ceda0cc444f6c9c304e91cf17e0164d0a12bc354539937151,true,7467306ee0feed4971260f3c87421154a05be571d944e9cb021a5713700c38f0,4.567680212177265,152089,ablation-01-raw-only,mathzip,balanced,01 raw only,1,ok,,3,3,152245,0.9989753358074157,-0.0010257152062278507,-0.10257152062278507,8.008205721649823,0.10257152062278507,0.011710268998285756,0.007407783006783575,12.987660661105567,20.530973958163543,0.010425000000168438,0.0064110000002983725,536576.0,true,true,ef73b80193521aca01bf144b267430f0940747cb6816791189374acf50aab283,7467306ee0feed4971260f3c87421154a05be571d944e9cb021a5713700c38f0,"[{""type"":""identity""}]",1,152089.0,152089.0,"{""raw"":1}","{""raw"":1}",0,36,152089,120,100.0,100.0,4.567680212177265,152089,0,0,0.005943428,0.000124063,0.00018736,"[""'<repo>/target/release/mathzip' compress --mode balanced --max-input-bytes 8589934592 --no-sync --force --models raw --residual-coders raw --transforms identity --segmentation fixed --metrics-output '<work>/archive.mz.metrics.json' '<repo>/datasets/data/canterbury/alice29.txt' '<work>/archive.mz'"",""'<repo>/target/release/mathzip' decompress --max-archive-bytes 17179869184 --max-output-bytes 8589934592 --max-segments 8388608 --no-sync --force '<work>/archive.mz' '<work>/restored.bin'""]",{}
mathzip-benchmark-results-v1,20260725T170925Z-dde3921f,ablation,canterbury_ablation,datasets/data/canterbury/alice29.txt,alice29.txt,Upstream files retain their original terms; see dataset manifest,datasets/manifests/canterbury.json,datasets/data/canterbury/dataset.json,30daaac9157db37ceda0cc444f6c9c304e91cf17e0164d0a12bc354539937151,true,7467306ee0feed4971260f3c87421154a05be571d944e9cb021a5713700c38f0,4.567680212177265,152089,ablation-02-residual-only,mathzip,balanced,02 residual coder only,1,ok,,3,3,134604,1.1298995572196964,0.11496557936471408,11.496557936471408,7.080275365082287,0.0,0.01723925000987947,0.010651853022864088,8.82225154301033,14.278172978311153,0.014277999999876556,0.008046999999805848,4448256.0,true,true,cc2b188ed8fcfef0bb48b6d16ab6111147733a5ed40542236803afac4cb25fff,7467306ee0feed4971260f3c87421154a05be571d944e9cb021a5713700c38f0,"[{""type"":""identity""}]",38,4002.342105263158,4096.0,"{""raw"":38}","{""bit_pack"":38}",0,1368,133116,120,100.0,0.0,4.567680212177265,133116,0,0,0.005721855,0.000134299,0.003869387,"[""'<repo>/target/release/mathzip' compress --mode balanced --max-input-bytes 8589934592 --no-sync --force --models raw --residual-coders raw,rle,zero-run,sparse,bit-pack --transforms identity --segmentation fixed --metrics-output '<work>/archive.mz.metrics.json' '<repo>/datasets/data/canterbury/alice29.txt' '<work>/archive.mz'"",""'<repo>/target/release/mathzip' decompress --max-archive-bytes 17179869184 --max-output-bytes 8589934592 --max-segments 8388608 --no-sync --force '<work>/archive.mz' '<work>/restored.bin'""]",{}
mathzip-benchmark-results-v1,20260725T170925Z-dde3921f,ablation,canterbury_ablation,datasets/data/canterbury/alice29.txt,alice29.txt,Upstream files retain their original terms; see dataset manifest,datasets/manifests/canterbury.json,datasets/data/canterbury/dataset.json,30daaac9157db37ceda0cc444f6c9c304e91cf17e0164d0a12bc354539937151,true,7467306ee0feed4971260f3c87421154a05be571d944e9cb021a5713700c38f0,4.567680212177265,152089,ablation-03-fixed-constant,mathzip,balanced,03 fixed segmentation + constant,1,ok,,3,3,134604,1.1298995572196964,0.11496557936471408,11.496557936471408,7.080275365082287,0.0,0.024238713987870142,0.009188361000269651,6.274631569814735,16.552353569427304,0.023447000000032858,0.007886000000098647,4005888.0,true,true,cc2b188ed8fcfef0bb48b6d16ab6111147733a5ed40542236803afac4cb25fff,7467306ee0feed4971260f3c87421154a05be571d944e9cb021a5713700c38f0,"[{""type"":""identity""}]",38,4002.342105263158,4096.0,"{""raw"":38}","{""bit_pack"":38}",0,1368,133116,120,100.0,0.0,4.567680212177265,133116,0,0,0.006491056,0.000128975,0.009792351,"[""'<repo>/target/release/mathzip' compress --mode balanced --max-input-bytes 8589934592 --no-sync --force --models raw,constant --transforms identity --segmentation fixed --segment-size 4096 --metrics-output '<work>/archive.mz.metrics.json' '<repo>/datasets/data/canterbury/alice29.txt' '<work>/archive.mz'"",""'<repo>/target/release/mathzip' decompress --max-archive-bytes 17179869184 --max-output-bytes 8589934592 --max-segments 8388608 --no-sync --force '<work>/archive.mz' '<work>/restored.bin'""]",{}
mathzip-benchmark-results-v1,20260725T170925Z-dde3921f,ablation,canterbury_ablation,datasets/data/canterbury/alice29.txt,alice29.txt,Upstream files retain their original terms; see dataset manifest,datasets/manifests/canterbury.json,datasets/data/canterbury/dataset.json,30daaac9157db37ceda0cc444f6c9c304e91cf17e0164d0a12bc354539937151,true,7467306ee0feed4971260f3c87421154a05be571d944e9cb021a5713700c38f0,4.567680212177265,152089,ablation-04-fixed-all-models,mathzip,balanced,04 fixed segmentation + all models,1,ok,,3,3,134524,1.1305714965359341,0.11549158716277974,11.549158716277974,7.076067302697762,0.0,0.11702982900897041,0.009300578996771947,1.2995746579134306,16.35263783607313,0.11578300000019226,0.007963999999901716,4194304.0,true,true,9142432c5cba1e722ba2e5595f1e8d2ef4a2a83f1757d27179918a03ac3cc9b8,7467306ee0feed4971260f3c87421154a05be571d944e9cb021a5713700c38f0,"[{""type"":""identity""}]",38,4002.342105263158,4096.0,"{""raw"":37,""recurrence"":1}","{""bit_pack"":37,""zero_run"":1}",3,1368,133033,120,97.3068400739041,0.0,4.7641648894946105,133033,1,0,0.005688155,0.017028818,0.086577184,"[""'<repo>/target/release/mathzip' compress --mode balanced --max-input-bytes 8589934592 --no-sync --force --models raw,constant,affine,polynomial,periodic,recurrence,piecewise-linear,run,sparse,copy --transforms identity --segmentation fixed --segment-size 4096 --metrics-output '<work>/archive.mz.metrics.json' '<repo>/datasets/data/canterbury/alice29.txt' '<work>/archive.mz'"",""'<repo>/target/release/mathzip' decompress --max-archive-bytes 17179869184 --max-output-bytes 8589934592 --max-segments 8388608 --no-sync --force '<work>/archive.mz' '<work>/restored.bin'""]",{}
mathzip-benchmark-results-v1,20260725T170925Z-dde3921f,ablation,canterbury_ablation,datasets/data/canterbury/alice29.txt,alice29.txt,Upstream files retain their original terms; see dataset manifest,datasets/manifests/canterbury.json,datasets/data/canterbury/dataset.json,30daaac9157db37ceda0cc444f6c9c304e91cf17e0164d0a12bc354539937151,true,7467306ee0feed4971260f3c87421154a05be571d944e9cb021a5713700c38f0,4.567680212177265,152089,ablation-05-adaptive-constant,mathzip,balanced,05 adaptive segmentation + constant,1,ok,,3,3,133148,1.142255234776339,0.12453892128950816,12.453892128950816,7.003688629683935,0.0,0.3282877860183362,0.010926476999884471,0.46327949584912437,13.919308117484537,0.32749900000021626,0.008961999999883119,4820992.0,true,true,c0ab223e736f4cd66a79898b92cf1591995e4b41fad2a24ba6657d96a0205d12,7467306ee0feed4971260f3c87421154a05be571d944e9cb021a5713700c38f0,"[{""type"":""identity""}]",7,21727.0,25113.0,"{""constant"":1,""raw"":6}","{""bit_pack"":6,""zero_run"":1}",1,252,132775,120,98.65342003695204,0.0,4.644089878853937,132775,1,0,0.016452384,0.003650244,0.302997115,"[""'<repo>/target/release/mathzip' compress --mode balanced --max-input-bytes 8589934592 --no-sync --force --models raw,constant --transforms identity --segmentation adaptive --metrics-output '<work>/archive.mz.metrics.json' '<repo>/datasets/data/canterbury/alice29.txt' '<work>/archive.mz'"",""'<repo>/target/release/mathzip' decompress --max-archive-bytes 17179869184 --max-output-bytes 8589934592 --max-segments 8388608 --no-sync --force '<work>/archive.mz' '<work>/restored.bin'""]",{}
mathzip-benchmark-results-v1,20260725T170925Z-dde3921f,ablation,canterbury_ablation,datasets/data/canterbury/alice29.txt,alice29.txt,Upstream files retain their original terms; see dataset manifest,datasets/manifests/canterbury.json,datasets/data/canterbury/dataset.json,30daaac9157db37ceda0cc444f6c9c304e91cf17e0164d0a12bc354539937151,true,7467306ee0feed4971260f3c87421154a05be571d944e9cb021a5713700c38f0,4.567680212177265,152089,ablation-06-adaptive-linear,mathzip,balanced,06 adaptive + constant/linear,1,ok,,3,3,133148,1.142255234776339,0.12453892128950816,12.453892128950816,7.003688629683935,0.0,0.5158761430066079,0.009115669992752373,0.2948168897937424,16.68434685776492,0.5145080000002054,0.008362000000033731,4812800.0,true,true,c0ab223e736f4cd66a79898b92cf1591995e4b41fad2a24ba6657d96a0205d12,7467306ee0feed4971260f3c87421154a05be571d944e9cb021a5713700c38f0,"[{""type"":""identity""}]",7,21727.0,25113.0,"{""constant"":1,""raw"":6}","{""bit_pack"":6,""zero_run"":1}",1,252,132775,120,98.65342003695204,0.0,4.644089878853937,132775,1,0,0.017612755,0.010035643,0.480507036,"[""'<repo>/target/release/mathzip' compress --mode balanced --max-input-bytes 8589934592 --no-sync --force --models raw,constant,affine --transforms identity --segmentation adaptive --metrics-output '<work>/archive.mz.metrics.json' '<repo>/datasets/data/canterbury/alice29.txt' '<work>/archive.mz'"",""'<repo>/target/release/mathzip' decompress --max-archive-bytes 17179869184 --max-output-bytes 8589934592 --max-segments 8388608 --no-sync --force '<work>/archive.mz' '<work>/restored.bin'""]",{}
mathzip-benchmark-results-v1,20260725T170925Z-dde3921f,ablation,canterbury_ablation,datasets/data/canterbury/alice29.txt,alice29.txt,Upstream files retain their original terms; see dataset manifest,datasets/manifests/canterbury.json,datasets/data/canterbury/dataset.json,30daaac9157db37ceda0cc444f6c9c304e91cf17e0164d0a12bc354539937151,true,7467306ee0feed4971260f3c87421154a05be571d944e9cb021a5713700c38f0,4.567680212177265,152089,ablation-07-add-polynomial,mathzip,balanced,07 add polynomial,1,ok,,3,3,133148,1.142255234776339,0.12453892128950816,12.453892128950816,7.003688629683935,0.0,0.729598123987671,0.009204187983414158,0.20845585398266464,16.523891110662085,0.7286020000001372,0.008354999999710344,4767744.0,true,true,c0ab223e736f4cd66a79898b92cf1591995e4b41fad2a24ba6657d96a0205d12,7467306ee0feed4971260f3c87421154a05be571d944e9cb021a5713700c38f0,"[{""type"":""identity""}]",7,21727.0,25113.0,"{""constant"":1,""raw"":6}","{""bit_pack"":6,""zero_run"":1}",1,252,132775,120,98.65342003695204,0.0,4.644089878853937,132775,1,0,0.01664539,0.010248248,0.697775175,"[""'<repo>/target/release/mathzip' compress --mode balanced --max-input-bytes 8589934592 --no-sync --force --models raw,constant,affine,polynomial --transforms identity --segmentation adaptive --metrics-output '<work>/archive.mz.metrics.json' '<repo>/datasets/data/canterbury/alice29.txt' '<work>/archive.mz'"",""'<repo>/target/release/mathzip' decompress --max-archive-bytes 17179869184 --max-output-bytes 8589934592 --max-segments 8388608 --no-sync --force '<work>/archive.mz' '<work>/restored.bin'""]",{}
mathzip-benchmark-results-v1,20260725T170925Z-dde3921f,ablation,canterbury_ablation,datasets/data/canterbury/alice29.txt,alice29.txt,Upstream files retain their original terms; see dataset manifest,datasets/manifests/canterbury.json,datasets/data/canterbury/dataset.json,30daaac9157db37ceda0cc444f6c9c304e91cf17e0164d0a12bc354539937151,true,7467306ee0feed4971260f3c87421154a05be571d944e9cb021a5713700c38f0,4.567680212177265,152089,ablation-08-add-periodic,mathzip,balanced,08 add periodic,1,ok,,3,3,133148,1.142255234776339,0.12453892128950816,12.453892128950816,7.003688629683935,0.0,1.5506388029898517,0.009258029982447624,0.09808151305561993,16.427792984938133,1.549265000000105,0.008290999999871929,4804608.0,true,true,c0ab223e736f4cd66a79898b92cf1591995e4b41fad2a24ba6657d96a0205d12,7467306ee0feed4971260f3c87421154a05be571d944e9cb021a5713700c38f0,"[{""type"":""identity""}]",7,21727.0,25113.0,"{""constant"":1,""raw"":6}","{""bit_pack"":6,""zero_run"":1}",1,252,132775,120,98.65342003695204,0.0,4.644089878853937,132775,1,0,0.016663203,0.132647472,1.396400085,"[""'<repo>/target/release/mathzip' compress --mode balanced --max-input-bytes 8589934592 --no-sync --force --models raw,constant,affine,polynomial,periodic --transforms identity --segmentation adaptive --metrics-output '<work>/archive.mz.metrics.json' '<repo>/datasets/data/canterbury/alice29.txt' '<work>/archive.mz'"",""'<repo>/target/release/mathzip' decompress --max-archive-bytes 17179869184 --max-output-bytes 8589934592 --max-segments 8388608 --no-sync --force '<work>/archive.mz' '<work>/restored.bin'""]",{}
mathzip-benchmark-results-v1,20260725T170925Z-dde3921f,ablation,canterbury_ablation,datasets/data/canterbury/alice29.txt,alice29.txt,Upstream files retain their original terms; see dataset manifest,datasets/manifests/canterbury.json,datasets/data/canterbury/dataset.json,30daaac9157db37ceda0cc444f6c9c304e91cf17e0164d0a12bc354539937151,true,7467306ee0feed4971260f3c87421154a05be571d944e9cb021a5713700c38f0,4.567680212177265,152089,ablation-09-add-recurrence,mathzip,balanced,09 add recurrence,1,ok,,3,3,133067,1.1429505437110627,0.12507150418504953,12.507150418504953,6.999427966519604,0.0,2.398853977007093,0.016133153985720128,0.06340069110407144,9.427108929513592,2.3964119999998275,0.015098000000079992,4923392.0,true,true,511131e7072d7be72fb601e17d8d24bd92c5734f00bf5bf230379fd1801f9463,7467306ee0feed4971260f3c87421154a05be571d944e9cb021a5713700c38f0,"[{""type"":""identity""}]",7,21727.0,25113.0,"{""raw"":6,""recurrence"":1}","{""bit_pack"":6,""zero_run"":1}",3,252,132692,120,98.65342003695204,0.0,4.672038093692398,132692,1,0,0.016688861,0.133200846,2.238199379,"[""'<repo>/target/release/mathzip' compress --mode balanced --max-input-bytes 8589934592 --no-sync --force --models raw,constant,affine,polynomial,periodic,recurrence --transforms identity --segmentation adaptive --metrics-output '<work>/archive.mz.metrics.json' '<repo>/datasets/data/canterbury/alice29.txt' '<work>/archive.mz'"",""'<repo>/target/release/mathzip' decompress --max-archive-bytes 17179869184 --max-output-bytes 8589934592 --max-segments 8388608 --no-sync --force '<work>/archive.mz' '<work>/restored.bin'""]",{}
mathzip-benchmark-results-v1,20260725T170925Z-dde3921f,ablation,canterbury_ablation,datasets/data/canterbury/alice29.txt,alice29.txt,Upstream files retain their original terms; see dataset manifest,datasets/manifests/canterbury.json,datasets/data/canterbury/dataset.json,30daaac9157db37ceda0cc444f6c9c304e91cf17e0164d0a12bc354539937151,true,7467306ee0feed4971260f3c87421154a05be571d944e9cb021a5713700c38f0,4.567680212177265,152089,ablation-10-add-bit-plane,mathzip,balanced,10 add bit-plane,1,ok,,3,3,126530,1.2019995258041571,0.16805291638448538,16.805291638448537,6.655576668924117,0.0,4.2368674580066,0.009014891984406859,0.03589656780803717,16.870862153763987,4.234061999999994,0.008278000000245811,5107712.0,true,true,665021530ffbafe6bad157c343a0c144232a5091ae7a8e7b464fc0bfe88b2463,7467306ee0feed4971260f3c87421154a05be571d944e9cb021a5713700c38f0,"[{""type"":""bit_plane_padded""}]",8,19012.0,19012.0,"{""constant"":1,""raw"":7}","{""raw"":6,""sparse"":2}",1,288,126121,120,87.5,75.0,6.673815915438424,126121,1,0,0.049466043,0.339261153,3.842891581,"[""'<repo>/target/release/mathzip' compress --mode balanced --max-input-bytes 8589934592 --no-sync --force --models raw,constant,affine,polynomial,periodic,recurrence --transforms identity,bit-plane --segmentation adaptive --metrics-output '<work>/archive.mz.metrics.json' '<repo>/datasets/data/canterbury/alice29.txt' '<work>/archive.mz'"",""'<repo>/target/release/mathzip' decompress --max-archive-bytes 17179869184 --max-output-bytes 8589934592 --max-segments 8388608 --no-sync --force '<work>/archive.mz' '<work>/restored.bin'""]",{}
mathzip-benchmark-results-v1,20260725T170925Z-dde3921f,ablation,canterbury_ablation,datasets/data/canterbury/alice29.txt,alice29.txt,Upstream files retain their original terms; see dataset manifest,datasets/manifests/canterbury.json,datasets/data/canterbury/dataset.json,30daaac9157db37ceda0cc444f6c9c304e91cf17e0164d0a12bc354539937151,true,7467306ee0feed4971260f3c87421154a05be571d944e9cb021a5713700c38f0,4.567680212177265,152089,ablation-11-add-stride,mathzip,balanced,11 add stride transpose,1,ok,,3,3,126530,1.2019995258041571,0.16805291638448538,16.805291638448537,6.655576668924117,0.0,17.230471857998054,0.009020233002956957,0.008826746084112793,16.860872657074726,17.22179200000005,0.008266000000048734,5230592.0,true,true,665021530ffbafe6bad157c343a0c144232a5091ae7a8e7b464fc0bfe88b2463,7467306ee0feed4971260f3c87421154a05be571d944e9cb021a5713700c38f0,"[{""type"":""bit_plane_padded""}]",8,19012.0,19012.0,"{""constant"":1,""raw"":7}","{""raw"":6,""sparse"":2}",1,288,126121,120,87.5,75.0,6.673815915438424,126121,1,0,0.119566298,0.96243162,16.139875427,"[""'<repo>/target/release/mathzip' compress --mode balanced --max-input-bytes 8589934592 --no-sync --force --models raw,constant,affine,polynomial,periodic,recurrence --transforms identity,bit-plane,stride --segmentation adaptive --metrics-output '<work>/archive.mz.metrics.json' '<repo>/datasets/data/canterbury/alice29.txt' '<work>/archive.mz'"",""'<repo>/target/release/mathzip' decompress --max-archive-bytes 17179869184 --max-output-bytes 8589934592 --max-segments 8388608 --no-sync --force '<work>/archive.mz' '<work>/restored.bin'""]",{}
mathzip-benchmark-results-v1,20260725T170925Z-dde3921f,ablation,canterbury_ablation,datasets/data/canterbury/alice29.txt,alice29.txt,Upstream files retain their original terms; see dataset manifest,datasets/manifests/canterbury.json,datasets/data/canterbury/dataset.json,30daaac9157db37ceda0cc444f6c9c304e91cf17e0164d0a12bc354539937151,true,7467306ee0feed4971260f3c87421154a05be571d944e9cb021a5713700c38f0,4.567680212177265,152089,ablation-12-add-copy,mathzip,balanced,12 add copy/reference,1,ok,,3,3,126530,1.2019995258041571,0.16805291638448538,16.805291638448537,6.655576668924117,0.0,17.220683513995027,0.00939424301031977,0.008831763261684661,16.18959609975249,17.209223000000065,0.00835800000004383,5238784.0,true,true,665021530ffbafe6bad157c343a0c144232a5091ae7a8e7b464fc0bfe88b2463,7467306ee0feed4971260f3c87421154a05be571d944e9cb021a5713700c38f0,"[{""type"":""bit_plane_padded""}]",8,19012.0,19012.0,"{""constant"":1,""raw"":7}","{""raw"":6,""sparse"":2}",1,288,126121,120,87.5,75.0,6.673815915438424,126121,1,0,0.119649535,0.962400505,16.133302014,"[""'<repo>/target/release/mathzip' compress --mode balanced --max-input-bytes 8589934592 --no-sync --force --models raw,constant,affine,polynomial,periodic,recurrence,copy --transforms identity,bit-plane,stride --segmentation adaptive --metrics-output '<work>/archive.mz.metrics.json' '<repo>/datasets/data/canterbury/alice29.txt' '<work>/archive.mz'"",""'<repo>/target/release/mathzip' decompress --max-archive-bytes 17179869184 --max-output-bytes 8589934592 --max-segments 8388608 --no-sync --force '<work>/archive.mz' '<work>/restored.bin'""]",{}
mathzip-benchmark-results-v1,20260725T170925Z-dde3921f,ablation,canterbury_ablation,datasets/data/canterbury/alice29.txt,alice29.txt,Upstream files retain their original terms; see dataset manifest,datasets/manifests/canterbury.json,datasets/data/canterbury/dataset.json,30daaac9157db37ceda0cc444f6c9c304e91cf17e0164d0a12bc354539937151,true,7467306ee0feed4971260f3c87421154a05be571d944e9cb021a5713700c38f0,4.567680212177265,152089,ablation-13-custom-residual,mathzip,balanced,13 custom residual coders,1,ok,,3,3,126530,1.2019995258041571,0.16805291638448538,16.805291638448537,6.655576668924117,0.0,26.098855068004923,0.009615724993636832,0.005827420383143503,15.816696099425087,26.061903999999913,0.008381999999755863,5566464.0,true,true,665021530ffbafe6bad157c343a0c144232a5091ae7a8e7b464fc0bfe88b2463,7467306ee0feed4971260f3c87421154a05be571d944e9cb021a5713700c38f0,"[{""type"":""bit_plane_padded""}]",8,19012.0,19012.0,"{""constant"":1,""raw"":7}","{""raw"":6,""sparse"":2}",1,288,126121,120,87.5,75.0,6.673815915438424,126121,1,0,0.14989826,1.629386853,24.311183509,"[""'<repo>/target/release/mathzip' compress --mode balanced --max-input-bytes 8589934592 --no-sync --force --residual-coders raw,rle,zero-run,sparse,bit-pack --metrics-output '<work>/archive.mz.metrics.json' '<repo>/datasets/data/canterbury/alice29.txt' '<work>/archive.mz'"",""'<repo>/target/release/mathzip' decompress --max-archive-bytes 17179869184 --max-output-bytes 8589934592 --max-segments 8388608 --no-sync --force '<work>/archive.mz' '<work>/restored.bin'""]",{}
mathzip-benchmark-results-v1,20260725T170925Z-dde3921f,ablation,canterbury_ablation,datasets/data/canterbury/alice29.txt,alice29.txt,Upstream files retain their original terms; see dataset manifest,datasets/manifests/canterbury.json,datasets/data/canterbury/dataset.json,30daaac9157db37ceda0cc444f6c9c304e91cf17e0164d0a12bc354539937151,true,7467306ee0feed4971260f3c87421154a05be571d944e9cb021a5713700c38f0,4.567680212177265,152089,ablation-14-zstd-residual,mathzip,balanced,14 Zstd residual coder,1,ok,,3,3,62209,2.444807021492067,0.5909697611267086,59.09697611267086,3.2722419109863305,0.0,17.502168381004594,0.009441184985917062,0.00868972327823476,16.109100735433472,17.492124999999987,0.008557999999993626,5926912.0,true,true,a0efcb824ac49cf4db3ad42f0206d3b69fe8bce5d370aa105a069070e634a8a5,7467306ee0feed4971260f3c87421154a05be571d944e9cb021a5713700c38f0,"[{""type"":""identity""}]",6,25348.166666666668,27404.5,"{""affine"":2,""constant"":1,""raw"":3}","{""zstd"":6}",5,216,61868,120,54.216281256369626,0.0,5.779463171408449,61868,3,3,0.148398668,1.641765279,15.70692116,"[""'<repo>/target/release/mathzip' compress --mode balanced --max-input-bytes 8589934592 --no-sync --force --residual-coders zstd --metrics-output '<work>/archive.mz.metrics.json' '<repo>/datasets/data/canterbury/alice29.txt' '<work>/archive.mz'"",""'<repo>/target/release/mathzip' decompress --max-archive-bytes 17179869184 --max-output-bytes 8589934592 --max-segments 8388608 --no-sync --force '<work>/archive.mz' '<work>/restored.bin'""]",{}
mathzip-benchmark-results-v1,20260725T170925Z-dde3921f,ablation,canterbury_ablation,datasets/data/canterbury/alice29.txt,alice29.txt,Upstream files retain their original terms; see dataset manifest,datasets/manifests/canterbury.json,datasets/data/canterbury/dataset.json,30daaac9157db37ceda0cc444f6c9c304e91cf17e0164d0a12bc354539937151,true,7467306ee0feed4971260f3c87421154a05be571d944e9cb021a5713700c38f0,4.567680212177265,152089,ablation-15-no-transform,mathzip,balanced,15 identity transform only,1,ok,,3,3,133067,1.1429505437110627,0.12507150418504953,12.507150418504953,6.999427966519604,0.0,2.9359382819966413,0.009243316017091274,0.051802519464601605,16.453943554324134,2.9336789999999837,0.00813800000014453,5287936.0,true,true,511131e7072d7be72fb601e17d8d24bd92c5734f00bf5bf230379fd1801f9463,7467306ee0feed4971260f3c87421154a05be571d944e9cb021a5713700c38f0,"[{""type"":""identity""}]",7,21727.0,25113.0,"{""raw"":6,""recurrence"":1}","{""bit_pack"":6,""zero_run"":1}",3,252,132692,120,98.65342003695204,0.0,4.672038093692398,132692,1,0,0.019222697,0.172635468,2.736015712,"[""'<repo>/target/release/mathzip' compress --mode balanced --max-input-bytes 8589934592 --no-sync --force --transforms identity --metrics-output '<work>/archive.mz.metrics.json' '<repo>/datasets/data/canterbury/alice29.txt' '<work>/archive.mz'"",""'<repo>/target/release/mathzip' decompress --max-archive-bytes 17179869184 --max-output-bytes 8589934592 --max-segments 8388608 --no-sync --force '<work>/archive.mz' '<work>/restored.bin'""]",{}
mathzip-benchmark-results-v1,20260725T170925Z-dde3921f,ablation,canterbury_ablation,datasets/data/canterbury/alice29.txt,alice29.txt,Upstream files retain their original terms; see dataset manifest,datasets/manifests/canterbury.json,datasets/data/canterbury/dataset.json,30daaac9157db37ceda0cc444f6c9c304e91cf17e0164d0a12bc354539937151,true,7467306ee0feed4971260f3c87421154a05be571d944e9cb021a5713700c38f0,4.567680212177265,152089,ablation-16-no-adaptive-partition,mathzip,balanced,16 fixed partition,1,ok,,3,3,127665,1.1913132025222262,0.16059018074942966,16.059018074942966,6.715278554004563,0.0,1.0021740939992014,0.013517037004930899,0.15175906153499233,11.251652262586783,0.9993769999998676,0.012845000000197615,4734976.0,true,true,a2f0072fce96989294b30711e29dfd5d0b2b7719040cdb424dad5229c27914d0,7467306ee0feed4971260f3c87421154a05be571d944e9cb021a5713700c38f0,"[{""type"":""bit_plane_padded""}]",40,3802.4,4096.0,"{""constant"":5,""raw"":34,""recurrence"":1}","{""raw"":27,""sparse"":10,""zero_run"":3}",14,1440,126091,120,84.8069640227225,66.92089206816748,6.7219764256087435,126091,6,0,0.033238136,0.162213306,0.798565321,"[""'<repo>/target/release/mathzip' compress --mode balanced --max-input-bytes 8589934592 --no-sync --force --segmentation fixed --segment-size 4096 --metrics-output '<work>/archive.mz.metrics.json' '<repo>/datasets/data/canterbury/alice29.txt' '<work>/archive.mz'"",""'<repo>/target/release/mathzip' decompress --max-archive-bytes 17179869184 --max-output-bytes 8589934592 --max-segments 8388608 --no-sync --force '<work>/archive.mz' '<work>/restored.bin'""]",{}
mathzip-benchmark-results-v1,20260725T170925Z-dde3921f,ablation,canterbury_ablation,datasets/data/canterbury/alice29.txt,alice29.txt,Upstream files retain their original terms; see dataset manifest,datasets/manifests/canterbury.json,datasets/data/canterbury/dataset.json,30daaac9157db37ceda0cc444f6c9c304e91cf17e0164d0a12bc354539937151,true,7467306ee0feed4971260f3c87421154a05be571d944e9cb021a5713700c38f0,4.567680212177265,152089,ablation-17-no-raw-fallback,mathzip,balanced,17 no raw fallback,1,ok,,3,3,126530,1.2019995258041571,0.16805291638448538,16.805291638448537,6.655576668924117,0.0,26.17017545600538,0.008882852998794988,0.005811539179615989,17.12163873708501,26.15988399999992,0.008267999999816311,5632000.0,true,true,665021530ffbafe6bad157c343a0c144232a5091ae7a8e7b464fc0bfe88b2463,7467306ee0feed4971260f3c87421154a05be571d944e9cb021a5713700c38f0,"[{""type"":""bit_plane_padded""}]",8,19012.0,19012.0,"{""constant"":1,""raw"":7}","{""raw"":6,""sparse"":2}",1,288,126121,120,87.5,75.0,6.673815915438424,126121,1,0,0.146439109,1.647825611,24.365779192,"[""'<repo>/target/release/mathzip' compress --mode balanced --max-input-bytes 8589934592 --no-sync --force --no-raw-fallback --metrics-output '<work>/archive.mz.metrics.json' '<repo>/datasets/data/canterbury/alice29.txt' '<work>/archive.mz'"",""'<repo>/target/release/mathzip' decompress --max-archive-bytes 17179869184 --max-output-bytes 8589934592 --max-segments 8388608 --no-sync --force '<work>/archive.mz' '<work>/restored.bin'""]",{}
mathzip-benchmark-results-v1,20260725T170925Z-dde3921f,ablation,canterbury_ablation,datasets/data/canterbury/alice29.txt,alice29.txt,Upstream files retain their original terms; see dataset manifest,datasets/manifests/canterbury.json,datasets/data/canterbury/dataset.json,30daaac9157db37ceda0cc444f6c9c304e91cf17e0164d0a12bc354539937151,true,7467306ee0feed4971260f3c87421154a05be571d944e9cb021a5713700c38f0,4.567680212177265,152089,ablation-18-fast,mathzip,fast,18 fast mode,1,ok,,3,3,133568,1.1386634523239099,0.12177738034966368,12.177738034966367,7.025780957202691,0.0,0.11919430198031478,0.009463460999540985,1.2759754239352639,16.071181569552294,0.11829999999963547,0.008052000000134285,4472832.0,true,true,0f57531997d66a7dbd4b2ea6cfc45c569ae144d343f8a30e86cf3e05891f4375,7467306ee0feed4971260f3c87421154a05be571d944e9cb021a5713700c38f0,"[{""type"":""identity""}]",10,15208.9,16384.0,"{""raw"":10}","{""bit_pack"":10}",0,360,133088,120,100.0,0.0,4.567680212177265,133088,0,0,0.011011021,0.00185839,0.101089061,"[""'<repo>/target/release/mathzip' compress --mode fast --max-input-bytes 8589934592 --no-sync --force --metrics-output '<work>/archive.mz.metrics.json' '<repo>/datasets/data/canterbury/alice29.txt' '<work>/archive.mz'"",""'<repo>/target/release/mathzip' decompress --max-archive-bytes 17179869184 --max-output-bytes 8589934592 --max-segments 8388608 --no-sync --force '<work>/archive.mz' '<work>/restored.bin'""]",{}
mathzip-benchmark-results-v1,20260725T170925Z-dde3921f,ablation,canterbury_ablation,datasets/data/canterbury/alice29.txt,alice29.txt,Upstream files retain their original terms; see dataset manifest,datasets/manifests/canterbury.json,datasets/data/canterbury/dataset.json,30daaac9157db37ceda0cc444f6c9c304e91cf17e0164d0a12bc354539937151,true,7467306ee0feed4971260f3c87421154a05be571d944e9cb021a5713700c38f0,4.567680212177265,152089,ablation-19-balanced,mathzip,balanced,19 balanced mode,1,ok,,3,3,126530,1.2019995258041571,0.16805291638448538,16.805291638448537,6.655576668924117,0.0,26.092471286974614,0.009479909989750013,0.005828846119145601,16.04329578703211,26.076938999999584,0.008589999999912834,5537792.0,true,true,665021530ffbafe6bad157c343a0c144232a5091ae7a8e7b464fc0bfe88b2463,7467306ee0feed4971260f3c87421154a05be571d944e9cb021a5713700c38f0,"[{""type"":""bit_plane_padded""}]",8,19012.0,19012.0,"{""constant"":1,""raw"":7}","{""raw"":6,""sparse"":2}",1,288,126121,120,87.5,75.0,6.673815915438424,126121,1,0,0.14897052,1.643784986,24.289201563,"[""'<repo>/target/release/mathzip' compress --mode balanced --max-input-bytes 8589934592 --no-sync --force --metrics-output '<work>/archive.mz.metrics.json' '<repo>/datasets/data/canterbury/alice29.txt' '<work>/archive.mz'"",""'<repo>/target/release/mathzip' decompress --max-archive-bytes 17179869184 --max-output-bytes 8589934592 --max-segments 8388608 --no-sync --force '<work>/archive.mz' '<work>/restored.bin'""]",{}
mathzip-benchmark-results-v1,20260725T170925Z-dde3921f,ablation,canterbury_ablation,datasets/data/canterbury/alice29.txt,alice29.txt,Upstream files retain their original terms; see dataset manifest,datasets/manifests/canterbury.json,datasets/data/canterbury/dataset.json,30daaac9157db37ceda0cc444f6c9c304e91cf17e0164d0a12bc354539937151,true,7467306ee0feed4971260f3c87421154a05be571d944e9cb021a5713700c38f0,4.567680212177265,152089,ablation-20-max,mathzip,max,20 max mode,1,ok,,3,3,127974,1.1884367137074718,0.15855847562940117,15.855847562940117,6.731532194964791,0.0,70.1676762579882,0.010305071977199987,0.0021675080052645395,14.758654799937112,70.13781499999959,0.00855100000035236,5447680.0,true,true,ffed13ab2861550350b92843fea680cdb3e29034b60f45ebb2d4ed4ed9cdf6da,7467306ee0feed4971260f3c87421154a05be571d944e9cb021a5713700c38f0,"[{""type"":""bit_plane_padded""}]",50,3041.92,2466.0,"{""constant"":5,""raw"":44,""recurrence"":1}","{""raw"":37,""sparse"":8,""zero_run"":5}",14,1800,126040,120,84.8069640227225,66.58426257100778,6.7219764256087435,126040,6,0,0.229450871,17.834163903,52.100196836,"[""'<repo>/target/release/mathzip' compress --mode max --max-input-bytes 8589934592 --no-sync --force --metrics-output '<work>/archive.mz.metrics.json' '<repo>/datasets/data/canterbury/alice29.txt' '<work>/archive.mz'"",""'<repo>/target/release/mathzip' decompress --max-archive-bytes 17179869184 --max-output-bytes 8589934592 --max-segments 8388608 --no-sync --force '<work>/archive.mz' '<work>/restored.bin'""]",{}
mathzip-benchmark-results-v1,20260725T170925Z-dde3921f,ablation,canterbury_ablation,datasets/data/canterbury/alice29.txt,alice29.txt,Upstream files retain their original terms; see dataset manifest,datasets/manifests/canterbury.json,datasets/data/canterbury/dataset.json,30daaac9157db37ceda0cc444f6c9c304e91cf17e0164d0a12bc354539937151,true,7467306ee0feed4971260f3c87421154a05be571d944e9cb021a5713700c38f0,4.567680212177265,152089,zstd-default,zstd,default,,1,ok,,3,3,56999,2.668274882015474,0.6252260189757313,62.522601897573125,2.9981918481941494,0.0,0.008075980003923178,0.005220606020884588,18.83226554871578,29.132441596163538,0.00756699999965349,0.004812000000129046,352256.0,true,true,50aefc02ba3aacc60db19de002314db2d9ed846984367027c69c8518cd7dd670,7467306ee0feed4971260f3c87421154a05be571d944e9cb021a5713700c38f0,,,,,,,,,,,,,,,,,,,,"[""'<external>/zstd' -q -d -c '<work>/archive.zst'"",""'<external>/zstd' -q -f -T1 -3 -c '<repo>/datasets/data/canterbury/alice29.txt'""]",{}
mathzip-benchmark-results-v1,20260725T170925Z-dde3921f,ablation,canterbury_ablation,datasets/data/canterbury/kennedy.xls,kennedy.xls,Upstream files retain their original terms; see dataset manifest,datasets/manifests/canterbury.json,datasets/data/canterbury/dataset.json,30daaac9157db37ceda0cc444f6c9c304e91cf17e0164d0a12bc354539937151,true,9af47239ca29dfe20e633f80bbbb9a4cc9783d0803d7b2b5626f42e4c3790420,3.573470858581421,1029744,ablation-01-raw-only,mathzip,balanced,01 raw only,1,ok,,3,3,1029900,0.9998485289833965,-0.00015149396354829925,-0.015149396354829925,8.001211951708386,0.015149396354829925,0.0504740200121887,0.02591775299515575,20.40146593735416,39.7312220774875,0.04942800000026182,0.024514000000181113,10686464.0,true,true,68475d8d988a50afcb80605ce4296d16c2c05845bbad2f6afe691a6cfa832f43,9af47239ca29dfe20e633f80bbbb9a4cc9783d0803d7b2b5626f42e4c3790420,"[{""type"":""identity""}]",1,1029744.0,1029744.0,"{""raw"":1}","{""raw"":1}",0,36,1029744,120,100.0,100.0,3.573470858581421,1029744,0,0,0.039293698,0.001259076,0.00134318,"[""'<repo>/target/release/mathzip' compress --mode balanced --max-input-bytes 8589934592 --no-sync --force --models raw --residual-coders raw --transforms identity --segmentation fixed --metrics-output '<work>/archive.mz.metrics.json' '<repo>/datasets/data/canterbury/kennedy.xls' '<work>/archive.mz'"",""'<repo>/target/release/mathzip' decompress --max-archive-bytes 17179869184 --max-output-bytes 8589934592 --max-segments 8388608 --no-sync --force '<work>/archive.mz' '<work>/restored.bin'""]",{}
mathzip-benchmark-results-v1,20260725T170925Z-dde3921f,ablation,canterbury_ablation,datasets/data/canterbury/kennedy.xls,kennedy.xls,Upstream files retain their original terms; see dataset manifest,datasets/manifests/canterbury.json,datasets/data/canterbury/dataset.json,30daaac9157db37ceda0cc444f6c9c304e91cf17e0164d0a12bc354539937151,true,9af47239ca29dfe20e633f80bbbb9a4cc9783d0803d7b2b5626f42e4c3790420,3.573470858581421,1029744,ablation-02-residual-only,mathzip,balanced,02 residual coder only,1,ok,,3,3,1029900,0.9998485289833965,-0.00015149396354829925,-0.015149396354829925,8.001211951708386,0.015149396354829925,0.05960772300022654,0.027700114995241165,17.275345344026753,37.17471931711866,0.05891600000040853,0.023029999999835127,9646080.0,true,true,68475d8d988a50afcb80605ce4296d16c2c05845bbad2f6afe691a6cfa832f43,9af47239ca29dfe20e633f80bbbb9a4cc9783d0803d7b2b5626f42e4c3790420,"[{""type"":""identity""}]",1,1029744.0,1029744.0,"{""raw"":1}","{""raw"":1}",0,36,1029744,120,100.0,100.0,3.573470858581421,1029744,0,0,0.040058758,0.001252976,0.007942124,"[""'<repo>/target/release/mathzip' compress --mode balanced --max-input-bytes 8589934592 --no-sync --force --models raw --residual-coders raw,rle,zero-run,sparse,bit-pack --transforms identity --segmentation fixed --metrics-output '<work>/archive.mz.metrics.json' '<repo>/datasets/data/canterbury/kennedy.xls' '<work>/archive.mz'"",""'<repo>/target/release/mathzip' decompress --max-archive-bytes 17179869184 --max-output-bytes 8589934592 --max-segments 8388608 --no-sync --force '<work>/archive.mz' '<work>/restored.bin'""]",{}
mathzip-benchmark-results-v1,20260725T170925Z-dde3921f,ablation,canterbury_ablation,datasets/data/canterbury/kennedy.xls,kennedy.xls,Upstream files retain their original terms; see dataset manifest,datasets/manifests/canterbury.json,datasets/data/canterbury/dataset.json,30daaac9157db37ceda0cc444f6c9c304e91cf17e0164d0a12bc354539937151,true,9af47239ca29dfe20e633f80bbbb9a4cc9783d0803d7b2b5626f42e4c3790420,3.573470858581421,1029744,ablation-03-fixed-constant,mathzip,balanced,03 fixed segmentation + constant,1,ok,,3,3,1029900,0.9998485289833965,-0.00015149396354829925,-0.015149396354829925,8.001211951708386,0.015149396354829925,0.07200001599267125,0.025424138002563268,14.301996823234258,40.50261211987525,0.07111100000020087,0.023650000000088767,10645504.0,true,true,68475d8d988a50afcb80605ce4296d16c2c05845bbad2f6afe691a6cfa832f43,9af47239ca29dfe20e633f80bbbb9a4cc9783d0803d7b2b5626f42e4c3790420,"[{""type"":""identity""}]",1,1029744.0,1029744.0,"{""raw"":1}","{""raw"":1}",0,36,1029744,120,100.0,100.0,3.573470858581421,1029744,0,0,0.03902924,0.001260861,0.024409518,"[""'<repo>/target/release/mathzip' compress --mode balanced --max-input-bytes 8589934592 --no-sync --force --models raw,constant --transforms identity --segmentation fixed --segment-size 4096 --metrics-output '<work>/archive.mz.metrics.json' '<repo>/datasets/data/canterbury/kennedy.xls' '<work>/archive.mz'"",""'<repo>/target/release/mathzip' decompress --max-archive-bytes 17179869184 --max-output-bytes 8589934592 --max-segments 8388608 --no-sync --force '<work>/archive.mz' '<work>/restored.bin'""]",{}
mathzip-benchmark-results-v1,20260725T170925Z-dde3921f,ablation,canterbury_ablation,datasets/data/canterbury/kennedy.xls,kennedy.xls,Upstream files retain their original terms; see dataset manifest,datasets/manifests/canterbury.json,datasets/data/canterbury/dataset.json,30daaac9157db37ceda0cc444f6c9c304e91cf17e0164d0a12bc354539937151,true,9af47239ca29dfe20e633f80bbbb9a4cc9783d0803d7b2b5626f42e4c3790420,3.573470858581421,1029744,ablation-04-fixed-all-models,mathzip,balanced,04 fixed segmentation + all models,1,ok,,3,3,817916,1.2589850302476049,0.20570938019546603,20.570938019546603,6.354324958436272,0.0,0.48189960001036525,0.024788380978861824,2.136843442032015,41.54139799925253,0.4810499999998683,0.024079999999685242,9744384.0,true,true,fd29f9573b25721c319ca278c42edd68e24e8e0cebbb25416151144605d25d42,9af47239ca29dfe20e633f80bbbb9a4cc9783d0803d7b2b5626f42e4c3790420,"[{""type"":""identity""}]",252,4086.285714285714,4096.0,"{""affine"":3,""copy"":94,""periodic"":71,""raw"":84}","{""raw"":84,""sparse"":73,""zero_run"":95}",1672,9072,807052,120,33.41257632965087,33.41257632965087,3.5269829620768096,807052,168,0,0.036395007,0.097906301,0.339973849,"[""'<repo>/target/release/mathzip' compress --mode balanced --max-input-bytes 8589934592 --no-sync --force --models raw,constant,affine,polynomial,periodic,recurrence,piecewise-linear,run,sparse,copy --transforms identity --segmentation fixed --segment-size 4096 --metrics-output '<work>/archive.mz.metrics.json' '<repo>/datasets/data/canterbury/kennedy.xls' '<work>/archive.mz'"",""'<repo>/target/release/mathzip' decompress --max-archive-bytes 17179869184 --max-output-bytes 8589934592 --max-segments 8388608 --no-sync --force '<work>/archive.mz' '<work>/restored.bin'""]",{}
mathzip-benchmark-results-v1,20260725T170925Z-dde3921f,ablation,canterbury_ablation,datasets/data/canterbury/kennedy.xls,kennedy.xls,Upstream files retain their original terms; see dataset manifest,datasets/manifests/canterbury.json,datasets/data/canterbury/dataset.json,30daaac9157db37ceda0cc444f6c9c304e91cf17e0164d0a12bc354539937151,true,9af47239ca29dfe20e633f80bbbb9a4cc9783d0803d7b2b5626f42e4c3790420,3.573470858581421,1029744,ablation-05-adaptive-constant,mathzip,balanced,05 adaptive segmentation + constant,1,ok,,3,3,1029900,0.9998485289833965,-0.00015149396354829925,-0.015149396354829925,8.001211951708386,0.015149396354829925,1.0033287259866484,0.02544870099518448,1.0263276365254823,40.46351914759236,1.0025939999995899,0.024434000000383094,14159872.0,true,true,68475d8d988a50afcb80605ce4296d16c2c05845bbad2f6afe691a6cfa832f43,9af47239ca29dfe20e633f80bbbb9a4cc9783d0803d7b2b5626f42e4c3790420,"[{""type"":""identity""}]",1,1029744.0,1029744.0,"{""raw"":1}","{""raw"":1}",0,36,1029744,120,100.0,100.0,3.573470858581421,1029744,0,0,0.123841681,0.041456869,0.82985061,"[""'<repo>/target/release/mathzip' compress --mode balanced --max-input-bytes 8589934592 --no-sync --force --models raw,constant --transforms identity --segmentation adaptive --metrics-output '<work>/archive.mz.metrics.json' '<repo>/datasets/data/canterbury/kennedy.xls' '<work>/archive.mz'"",""'<repo>/target/release/mathzip' decompress --max-archive-bytes 17179869184 --max-output-bytes 8589934592 --max-segments 8388608 --no-sync --force '<work>/archive.mz' '<work>/restored.bin'""]",{}
mathzip-benchmark-results-v1,20260725T170925Z-dde3921f,ablation,canterbury_ablation,datasets/data/canterbury/kennedy.xls,kennedy.xls,Upstream files retain their original terms; see dataset manifest,datasets/manifests/canterbury.json,datasets/data/canterbury/dataset.json,30daaac9157db37ceda0cc444f6c9c304e91cf17e0164d0a12bc354539937151,true,9af47239ca29dfe20e633f80bbbb9a4cc9783d0803d7b2b5626f42e4c3790420,3.573470858581421,1029744,ablation-06-adaptive-linear,mathzip,balanced,06 adaptive + constant/linear,1,ok,,3,3,1029900,0.9998485289833965,-0.00015149396354829925,-0.015149396354829925,8.001211951708386,0.015149396354829925,2.207540115021402,0.027628128009382635,0.4664667214847041,37.27158060257627,2.1995010000000548,0.02649599999995189,14721024.0,true,true,68475d8d988a50afcb80605ce4296d16c2c05845bbad2f6afe691a6cfa832f43,9af47239ca29dfe20e633f80bbbb9a4cc9783d0803d7b2b5626f42e4c3790420,"[{""type"":""identity""}]",1,1029744.0,1029744.0,"{""raw"":1}","{""raw"":1}",0,36,1029744,120,100.0,100.0,3.573470858581421,1029744,0,0,0.122729383,0.088454097,1.9852238020000001,"[""'<repo>/target/release/mathzip' compress --mode balanced --max-input-bytes 8589934592 --no-sync --force --models raw,constant,affine --transforms identity --segmentation adaptive --metrics-output '<work>/archive.mz.metrics.json' '<repo>/datasets/data/canterbury/kennedy.xls' '<work>/archive.mz'"",""'<repo>/target/release/mathzip' decompress --max-archive-bytes 17179869184 --max-output-bytes 8589934592 --max-segments 8388608 --no-sync --force '<work>/archive.mz' '<work>/restored.bin'""]",{}
mathzip-benchmark-results-v1,20260725T170925Z-dde3921f,ablation,canterbury_ablation,datasets/data/canterbury/kennedy.xls,kennedy.xls,Upstream files retain their original terms; see dataset manifest,datasets/manifests/canterbury.json,datasets/data/canterbury/dataset.json,30daaac9157db37ceda0cc444f6c9c304e91cf17e0164d0a12bc354539937151,true,9af47239ca29dfe20e633f80bbbb9a4cc9783d0803d7b2b5626f42e4c3790420,3.573470858581421,1029744,ablation-07-add-polynomial,mathzip,balanced,07 add polynomial,1,ok,,3,3,1029900,0.9998485289833965,-0.00015149396354829925,-0.015149396354829925,8.001211951708386,0.015149396354829925,3.8000775609980337,0.024938293994637206,0.2709797322477684,41.29167777962032,3.7980830000001333,0.023625000000265572,14700544.0,true,true,68475d8d988a50afcb80605ce4296d16c2c05845bbad2f6afe691a6cfa832f43,9af47239ca29dfe20e633f80bbbb9a4cc9783d0803d7b2b5626f42e4c3790420,"[{""type"":""identity""}]",1,1029744.0,1029744.0,"{""raw"":1}","{""raw"":1}",0,36,1029744,120,100.0,100.0,3.573470858581421,1029744,0,0,0.123863938,0.089444761,3.577314949,"[""'<repo>/target/release/mathzip' compress --mode balanced --max-input-bytes 8589934592 --no-sync --force --models raw,constant,affine,polynomial --transforms identity --segmentation adaptive --metrics-output '<work>/archive.mz.metrics.json' '<repo>/datasets/data/canterbury/kennedy.xls' '<work>/archive.mz'"",""'<repo>/target/release/mathzip' decompress --max-archive-bytes 17179869184 --max-output-bytes 8589934592 --max-segments 8388608 --no-sync --force '<work>/archive.mz' '<work>/restored.bin'""]",{}
mathzip-benchmark-results-v1,20260725T170925Z-dde3921f,ablation,canterbury_ablation,datasets/data/canterbury/kennedy.xls,kennedy.xls,Upstream files retain their original terms; see dataset manifest,datasets/manifests/canterbury.json,datasets/data/canterbury/dataset.json,30daaac9157db37ceda0cc444f6c9c304e91cf17e0164d0a12bc354539937151,true,9af47239ca29dfe20e633f80bbbb9a4cc9783d0803d7b2b5626f42e4c3790420,3.573470858581421,1029744,ablation-08-add-periodic,mathzip,balanced,08 add periodic,1,ok,,3,3,946457,1.0879987152084036,0.08088126757718428,8.088126757718427,7.352949859382526,0.0,6.947473161009839,0.02941668700077571,0.14821849270020399,35.005437559057754,6.926808000000165,0.028267999999570748,10678272.0,true,true,5e355be46672633666a851e396295633996abcc1f3222c54be604d67be8a6c94,9af47239ca29dfe20e633f80bbbb9a4cc9783d0803d7b2b5626f42e4c3790420,"[{""type"":""identity""}]",213,4834.478873239436,4096.0,"{""affine"":8,""periodic"":120,""raw"":85}","{""bit_pack"":1,""raw"":83,""sparse"":1,""zero_run"":128}",2242,7668,936427,120,46.93671436784288,46.638387793471,3.9657207889467947,936427,128,0,0.124782925,0.795198706,6.016118517,"[""'<repo>/target/release/mathzip' compress --mode balanced --max-input-bytes 8589934592 --no-sync --force --models raw,constant,affine,polynomial,periodic --transforms identity --segmentation adaptive --metrics-output '<work>/archive.mz.metrics.json' '<repo>/datasets/data/canterbury/kennedy.xls' '<work>/archive.mz'"",""'<repo>/target/release/mathzip' decompress --max-archive-bytes 17179869184 --max-output-bytes 8589934592 --max-segments 8388608 --no-sync --force '<work>/archive.mz' '<work>/restored.bin'""]",{}
mathzip-benchmark-results-v1,20260725T170925Z-dde3921f,ablation,canterbury_ablation,datasets/data/canterbury/kennedy.xls,kennedy.xls,Upstream files retain their original terms; see dataset manifest,datasets/manifests/canterbury.json,datasets/data/canterbury/dataset.json,30daaac9157db37ceda0cc444f6c9c304e91cf17e0164d0a12bc354539937151,true,9af47239ca29dfe20e633f80bbbb9a4cc9783d0803d7b2b5626f42e4c3790420,3.573470858581421,1029744,ablation-09-add-recurrence,mathzip,balanced,09 add recurrence,1,ok,,3,3,946457,1.0879987152084036,0.08088126757718428,8.088126757718427,7.352949859382526,0.0,10.472193277993938,0.029665926995221525,0.09833126382072072,34.71133735904721,10.464608999999655,0.02866299999959665,10706944.0,true,true,5e355be46672633666a851e396295633996abcc1f3222c54be604d67be8a6c94,9af47239ca29dfe20e633f80bbbb9a4cc9783d0803d7b2b5626f42e4c3790420,"[{""type"":""identity""}]",213,4834.478873239436,4096.0,"{""affine"":8,""periodic"":120,""raw"":85}","{""bit_pack"":1,""raw"":83,""sparse"":1,""zero_run"":128}",2242,7668,936427,120,46.93671436784288,46.638387793471,3.9657207889467947,936427,128,0,0.126516922,0.797569903,9.536995187,"[""'<repo>/target/release/mathzip' compress --mode balanced --max-input-bytes 8589934592 --no-sync --force --models raw,constant,affine,polynomial,periodic,recurrence --transforms identity --segmentation adaptive --metrics-output '<work>/archive.mz.metrics.json' '<repo>/datasets/data/canterbury/kennedy.xls' '<work>/archive.mz'"",""'<repo>/target/release/mathzip' decompress --max-archive-bytes 17179869184 --max-output-bytes 8589934592 --max-segments 8388608 --no-sync --force '<work>/archive.mz' '<work>/restored.bin'""]",{}
mathzip-benchmark-results-v1,20260725T170925Z-dde3921f,ablation,canterbury_ablation,datasets/data/canterbury/kennedy.xls,kennedy.xls,Upstream files retain their original terms; see dataset manifest,datasets/manifests/canterbury.json,datasets/data/canterbury/dataset.json,30daaac9157db37ceda0cc444f6c9c304e91cf17e0164d0a12bc354539937151,true,9af47239ca29dfe20e633f80bbbb9a4cc9783d0803d7b2b5626f42e4c3790420,3.573470858581421,1029744,ablation-10-add-bit-plane,mathzip,balanced,10 add bit-plane,1,ok,,3,3,882024,1.1674784359609263,0.1434531300983546,14.345313009835458,6.852374959213163,0.0,32.09214722100296,0.0412822850048542,0.032087101960135464,24.94396809379415,32.07608900000014,0.04015500000014072,13799424.0,true,true,1fd83a79cc9e83d7551b7b73a7354d974cb44633490d620626bb10ce846b3efd,9af47239ca29dfe20e633f80bbbb9a4cc9783d0803d7b2b5626f42e4c3790420,"[{""type"":""bit_plane_padded""}]",140,7355.314285714286,4096.0,"{""periodic"":73,""raw"":37,""recurrence"":30}","{""raw"":37,""zero_run"":103}",2739,5040,874125,120,34.4870181326621,34.4870181326621,5.792127318359212,874125,103,0,0.345656209,3.432500942,28.305136709,"[""'<repo>/target/release/mathzip' compress --mode balanced --max-input-bytes 8589934592 --no-sync --force --models raw,constant,affine,polynomial,periodic,recurrence --transforms identity,bit-plane --segmentation adaptive --metrics-output '<work>/archive.mz.metrics.json' '<repo>/datasets/data/canterbury/kennedy.xls' '<work>/archive.mz'"",""'<repo>/target/release/mathzip' decompress --max-archive-bytes 17179869184 --max-output-bytes 8589934592 --max-segments 8388608 --no-sync --force '<work>/archive.mz' '<work>/restored.bin'""]",{}
mathzip-benchmark-results-v1,20260725T170925Z-dde3921f,ablation,canterbury_ablation,datasets/data/canterbury/kennedy.xls,kennedy.xls,Upstream files retain their original terms; see dataset manifest,datasets/manifests/canterbury.json,datasets/data/canterbury/dataset.json,30daaac9157db37ceda0cc444f6c9c304e91cf17e0164d0a12bc354539937151,true,9af47239ca29dfe20e633f80bbbb9a4cc9783d0803d7b2b5626f42e4c3790420,3.573470858581421,1029744,ablation-11-add-stride,mathzip,balanced,11 add stride transpose,1,ok,,3,3,882024,1.1674784359609263,0.1434531300983546,14.345313009835458,6.852374959213163,0.0,85.64640694099944,0.0430615299846977,0.012023201401891566,23.91331660454073,85.60708900000009,0.04230100000040693,17387520.0,true,true,1fd83a79cc9e83d7551b7b73a7354d974cb44633490d620626bb10ce846b3efd,9af47239ca29dfe20e633f80bbbb9a4cc9783d0803d7b2b5626f42e4c3790420,"[{""type"":""bit_plane_padded""}]",140,7355.314285714286,4096.0,"{""periodic"":73,""raw"":37,""recurrence"":30}","{""raw"":37,""zero_run"":103}",2739,5040,874125,120,34.4870181326621,34.4870181326621,5.792127318359212,874125,103,0,0.872340684,7.625503417,77.13150747,"[""'<repo>/target/release/mathzip' compress --mode balanced --max-input-bytes 8589934592 --no-sync --force --models raw,constant,affine,polynomial,periodic,recurrence --transforms identity,bit-plane,stride --segmentation adaptive --metrics-output '<work>/archive.mz.metrics.json' '<repo>/datasets/data/canterbury/kennedy.xls' '<work>/archive.mz'"",""'<repo>/target/release/mathzip' decompress --max-archive-bytes 17179869184 --max-output-bytes 8589934592 --max-segments 8388608 --no-sync --force '<work>/archive.mz' '<work>/restored.bin'""]",{}
mathzip-benchmark-results-v1,20260725T170925Z-dde3921f,ablation,canterbury_ablation,datasets/data/canterbury/kennedy.xls,kennedy.xls,Upstream files retain their original terms; see dataset manifest,datasets/manifests/canterbury.json,datasets/data/canterbury/dataset.json,30daaac9157db37ceda0cc444f6c9c304e91cf17e0164d0a12bc354539937151,true,9af47239ca29dfe20e633f80bbbb9a4cc9783d0803d7b2b5626f42e4c3790420,3.573470858581421,1029744,ablation-12-add-copy,mathzip,balanced,12 add copy/reference,1,ok,,3,3,699984,1.4710964822053076,0.3202349321773179,32.02349321773179,5.438120542581457,0.0,88.46388065099018,0.02342444600071758,0.01164027614911639,43.96022855645999,88.42266400000017,0.022402000000056432,15249408.0,true,true,7de3886981f57b5b6d613e53195b2bca580e194678db9a6a6fe283863ad808ef,9af47239ca29dfe20e633f80bbbb9a4cc9783d0803d7b2b5626f42e4c3790420,"[{""type"":""identity""}]",114,9032.842105263158,4096.0,"{""affine"":1,""copy"":62,""periodic"":25,""raw"":26}","{""bit_pack"":1,""raw"":24,""sparse"":43,""zero_run"":46}",785,4104,694975,120,12.330831740704486,12.032505166332603,3.140682222791118,694975,88,0,0.868203856,8.324158483,79.263782502,"[""'<repo>/target/release/mathzip' compress --mode balanced --max-input-bytes 8589934592 --no-sync --force --models raw,constant,affine,polynomial,periodic,recurrence,copy --transforms identity,bit-plane,stride --segmentation adaptive --metrics-output '<work>/archive.mz.metrics.json' '<repo>/datasets/data/canterbury/kennedy.xls' '<work>/archive.mz'"",""'<repo>/target/release/mathzip' decompress --max-archive-bytes 17179869184 --max-output-bytes 8589934592 --max-segments 8388608 --no-sync --force '<work>/archive.mz' '<work>/restored.bin'""]",{}
mathzip-benchmark-results-v1,20260725T170925Z-dde3921f,ablation,canterbury_ablation,datasets/data/canterbury/kennedy.xls,kennedy.xls,Upstream files retain their original terms; see dataset manifest,datasets/manifests/canterbury.json,datasets/data/canterbury/dataset.json,30daaac9157db37ceda0cc444f6c9c304e91cf17e0164d0a12bc354539937151,true,9af47239ca29dfe20e633f80bbbb9a4cc9783d0803d7b2b5626f42e4c3790420,3.573470858581421,1029744,ablation-13-custom-residual,mathzip,balanced,13 custom residual coders,1,ok,,3,3,699984,1.4710964822053076,0.3202349321773179,32.02349321773179,5.438120542581457,0.0,133.57535355500295,0.024009869986912236,0.007709086838209097,42.88836218443968,133.50366299999996,0.022137999999813474,15253504.0,true,true,7de3886981f57b5b6d613e53195b2bca580e194678db9a6a6fe283863ad808ef,9af47239ca29dfe20e633f80bbbb9a4cc9783d0803d7b2b5626f42e4c3790420,"[{""type"":""identity""}]",114,9032.842105263158,4096.0,"{""affine"":1,""copy"":62,""periodic"":25,""raw"":26}","{""bit_pack"":1,""raw"":24,""sparse"":43,""zero_run"":46}",785,4104,694975,120,12.330831740704486,12.032505166332603,3.140682222791118,694975,88,0,1.083527889,12.912988993,119.564370667,"[""'<repo>/target/release/mathzip' compress --mode balanced --max-input-bytes 8589934592 --no-sync --force --residual-coders raw,rle,zero-run,sparse,bit-pack --metrics-output '<work>/archive.mz.metrics.json' '<repo>/datasets/data/canterbury/kennedy.xls' '<work>/archive.mz'"",""'<repo>/target/release/mathzip' decompress --max-archive-bytes 17179869184 --max-output-bytes 8589934592 --max-segments 8388608 --no-sync --force '<work>/archive.mz' '<work>/restored.bin'""]",{}
mathzip-benchmark-results-v1,20260725T170925Z-dde3921f,ablation,canterbury_ablation,datasets/data/canterbury/kennedy.xls,kennedy.xls,Upstream files retain their original terms; see dataset manifest,datasets/manifests/canterbury.json,datasets/data/canterbury/dataset.json,30daaac9157db37ceda0cc444f6c9c304e91cf17e0164d0a12bc354539937151,true,9af47239ca29dfe20e633f80bbbb9a4cc9783d0803d7b2b5626f42e4c3790420,3.573470858581421,1029744,ablation-14-zstd-residual,mathzip,balanced,14 Zstd residual coder,1,ok,,3,3,103087,9.989077187230203,0.899890652434003,89.9890652434003,0.8008747805279759,0.0,139.71841259501525,0.018553950008936226,0.007370138129072462,55.499987846471484,139.65109699999948,0.017677000000730914,14065664.0,true,true,0ba11101b56d6825332d6a774e431acd23051b30dd1dee03540d18e3983f5316,9af47239ca29dfe20e633f80bbbb9a4cc9783d0803d7b2b5626f42e4c3790420,"[{""type"":""identity""}]",46,22385.739130434784,24576.0,"{""affine"":9,""copy"":19,""periodic"":1,""raw"":17}","{""zstd"":46}",115,1656,101196,120,39.539147593965104,0.0,4.075329594508525,101196,29,29,1.016314443,12.964454544,125.676427503,"[""'<repo>/target/release/mathzip' compress --mode balanced --max-input-bytes 8589934592 --no-sync --force --residual-coders zstd --metrics-output '<work>/archive.mz.metrics.json' '<repo>/datasets/data/canterbury/kennedy.xls' '<work>/archive.mz'"",""'<repo>/target/release/mathzip' decompress --max-archive-bytes 17179869184 --max-output-bytes 8589934592 --max-segments 8388608 --no-sync --force '<work>/archive.mz' '<work>/restored.bin'""]",{}
mathzip-benchmark-results-v1,20260725T170925Z-dde3921f,ablation,canterbury_ablation,datasets/data/canterbury/kennedy.xls,kennedy.xls,Upstream files retain their original terms; see dataset manifest,datasets/manifests/canterbury.json,datasets/data/canterbury/dataset.json,30daaac9157db37ceda0cc444f6c9c304e91cf17e0164d0a12bc354539937151,true,9af47239ca29dfe20e633f80bbbb9a4cc9783d0803d7b2b5626f42e4c3790420,3.573470858581421,1029744,ablation-15-no-transform,mathzip,balanced,15 identity transform only,1,ok,,3,3,699984,1.4710964822053076,0.3202349321773179,32.02349321773179,5.438120542581457,0.0,13.051478810986737,0.023084326996468008,0.07889864550315642,44.607928147853514,13.044554999999491,0.022121000000879576,10432512.0,true,true,7de3886981f57b5b6d613e53195b2bca580e194678db9a6a6fe283863ad808ef,9af47239ca29dfe20e633f80bbbb9a4cc9783d0803d7b2b5626f42e4c3790420,"[{""type"":""identity""}]",114,9032.842105263158,4096.0,"{""affine"":1,""copy"":62,""periodic"":25,""raw"":26}","{""bit_pack"":1,""raw"":24,""sparse"":43,""zero_run"":46}",785,4104,694975,120,12.330831740704486,12.032505166332603,3.140682222791118,694975,88,0,0.122291129,1.111232236,11.810107981,"[""'<repo>/target/release/mathzip' compress --mode balanced --max-input-bytes 8589934592 --no-sync --force --transforms identity --metrics-output '<work>/archive.mz.metrics.json' '<repo>/datasets/data/canterbury/kennedy.xls' '<work>/archive.mz'"",""'<repo>/target/release/mathzip' decompress --max-archive-bytes 17179869184 --max-output-bytes 8589934592 --max-segments 8388608 --no-sync --force '<work>/archive.mz' '<work>/restored.bin'""]",{}
mathzip-benchmark-results-v1,20260725T170925Z-dde3921f,ablation,canterbury_ablation,datasets/data/canterbury/kennedy.xls,kennedy.xls,Upstream files retain their original terms; see dataset manifest,datasets/manifests/canterbury.json,datasets/data/canterbury/dataset.json,30daaac9157db37ceda0cc444f6c9c304e91cf17e0164d0a12bc354539937151,true,9af47239ca29dfe20e633f80bbbb9a4cc9783d0803d7b2b5626f42e4c3790420,3.573470858581421,1029744,ablation-16-no-adaptive-partition,mathzip,balanced,16 fixed partition,1,ok,,3,3,797413,1.2913559222134579,0.2256201541353967,22.562015413539672,6.195038766916826,0.0,4.708457097993232,0.026877241005422547,0.2187009414270509,38.312861048209776,4.705696999999418,0.025232000000869448,11038720.0,true,true,4e1ca6205a42b782031ceeee47685f4c35326a7d529dd9844489179c73155433,9af47239ca29dfe20e633f80bbbb9a4cc9783d0803d7b2b5626f42e4c3790420,"[{""stride"":2,""type"":""stride""}]",252,4086.285714285714,4096.0,"{""copy"":114,""periodic"":35,""raw"":30,""recurrence"":73}","{""raw"":30,""sparse"":57,""zero_run"":165}",1233,9072,786986,122,11.933062974875309,11.933062974875309,4.058624062793701,786986,222,0,0.220331524,1.02377609,3.45703268,"[""'<repo>/target/release/mathzip' compress --mode balanced --max-input-bytes 8589934592 --no-sync --force --segmentation fixed --segment-size 4096 --metrics-output '<work>/archive.mz.metrics.json' '<repo>/datasets/data/canterbury/kennedy.xls' '<work>/archive.mz'"",""'<repo>/target/release/mathzip' decompress --max-archive-bytes 17179869184 --max-output-bytes 8589934592 --max-segments 8388608 --no-sync --force '<work>/archive.mz' '<work>/restored.bin'""]",{}
mathzip-benchmark-results-v1,20260725T170925Z-dde3921f,ablation,canterbury_ablation,datasets/data/canterbury/kennedy.xls,kennedy.xls,Upstream files retain their original terms; see dataset manifest,datasets/manifests/canterbury.json,datasets/data/canterbury/dataset.json,30daaac9157db37ceda0cc444f6c9c304e91cf17e0164d0a12bc354539937151,true,9af47239ca29dfe20e633f80bbbb9a4cc9783d0803d7b2b5626f42e4c3790420,3.573470858581421,1029744,ablation-17-no-raw-fallback,mathzip,balanced,17 no raw fallback,1,ok,,3,3,699984,1.4710964822053076,0.3202349321773179,32.02349321773179,5.438120542581457,0.0,133.7128644270124,0.02344660201924853,0.007701158780889696,43.918688053587886,133.6491270000006,0.02225099999941449,15323136.0,true,true,7de3886981f57b5b6d613e53195b2bca580e194678db9a6a6fe283863ad808ef,9af47239ca29dfe20e633f80bbbb9a4cc9783d0803d7b2b5626f42e4c3790420,"[{""type"":""identity""}]",114,9032.842105263158,4096.0,"{""affine"":1,""copy"":62,""periodic"":25,""raw"":26}","{""bit_pack"":1,""raw"":24,""sparse"":43,""zero_run"":46}",785,4104,694975,120,12.330831740704486,12.032505166332603,3.140682222791118,694975,88,0,1.069169614,12.934950785,119.696723788,"[""'<repo>/target/release/mathzip' compress --mode balanced --max-input-bytes 8589934592 --no-sync --force --no-raw-fallback --metrics-output '<work>/archive.mz.metrics.json' '<repo>/datasets/data/canterbury/kennedy.xls' '<work>/archive.mz'"",""'<repo>/target/release/mathzip' decompress --max-archive-bytes 17179869184 --max-output-bytes 8589934592 --max-segments 8388608 --no-sync --force '<work>/archive.mz' '<work>/restored.bin'""]",{}
mathzip-benchmark-results-v1,20260725T170925Z-dde3921f,ablation,canterbury_ablation,datasets/data/canterbury/kennedy.xls,kennedy.xls,Upstream files retain their original terms; see dataset manifest,datasets/manifests/canterbury.json,datasets/data/canterbury/dataset.json,30daaac9157db37ceda0cc444f6c9c304e91cf17e0164d0a12bc354539937151,true,9af47239ca29dfe20e633f80bbbb9a4cc9783d0803d7b2b5626f42e4c3790420,3.573470858581421,1029744,ablation-18-fast,mathzip,fast,18 fast mode,1,ok,,3,3,1018201,1.0113366614253965,0.01120958218741741,1.120958218741741,7.910323342500661,0.0,0.5102048910048325,0.026784626999869943,2.0182950382383664,38.445336573288856,0.5090810000001511,0.026028000000223983,10715136.0,true,true,87e8f0158a6187bd72f6ea4bfd114091057ff82ca0694f4beff640417823527d,9af47239ca29dfe20e633f80bbbb9a4cc9783d0803d7b2b5626f42e4c3790420,"[{""type"":""xor""}]",63,16345.142857142857,16384.0,"{""constant"":1,""periodic"":25,""raw"":37}","{""raw"":37,""zero_run"":26}",205,2268,1015608,120,58.6320483537656,58.6320483537656,5.745126551594269,1015608,26,0,0.078377892,0.012102703,0.411629368,"[""'<repo>/target/release/mathzip' compress --mode fast --max-input-bytes 8589934592 --no-sync --force --metrics-output '<work>/archive.mz.metrics.json' '<repo>/datasets/data/canterbury/kennedy.xls' '<work>/archive.mz'"",""'<repo>/target/release/mathzip' decompress --max-archive-bytes 17179869184 --max-output-bytes 8589934592 --max-segments 8388608 --no-sync --force '<work>/archive.mz' '<work>/restored.bin'""]",{}
mathzip-benchmark-results-v1,20260725T170925Z-dde3921f,ablation,canterbury_ablation,datasets/data/canterbury/kennedy.xls,kennedy.xls,Upstream files retain their original terms; see dataset manifest,datasets/manifests/canterbury.json,datasets/data/canterbury/dataset.json,30daaac9157db37ceda0cc444f6c9c304e91cf17e0164d0a12bc354539937151,true,9af47239ca29dfe20e633f80bbbb9a4cc9783d0803d7b2b5626f42e4c3790420,3.573470858581421,1029744,ablation-19-balanced,mathzip,balanced,19 balanced mode,1,ok,,3,3,699984,1.4710964822053076,0.3202349321773179,32.02349321773179,5.438120542581457,0.0,133.75960129901068,0.023712590016657487,0.007698467923047078,43.426044952349415,133.6758290000007,0.02268499999991036,14995456.0,true,true,7de3886981f57b5b6d613e53195b2bca580e194678db9a6a6fe283863ad808ef,9af47239ca29dfe20e633f80bbbb9a4cc9783d0803d7b2b5626f42e4c3790420,"[{""type"":""identity""}]",114,9032.842105263158,4096.0,"{""affine"":1,""copy"":62,""periodic"":25,""raw"":26}","{""bit_pack"":1,""raw"":24,""sparse"":43,""zero_run"":46}",785,4104,694975,120,12.330831740704486,12.032505166332603,3.140682222791118,694975,88,0,1.096022996,12.977961464,119.680586943,"[""'<repo>/target/release/mathzip' compress --mode balanced --max-input-bytes 8589934592 --no-sync --force --metrics-output '<work>/archive.mz.metrics.json' '<repo>/datasets/data/canterbury/kennedy.xls' '<work>/archive.mz'"",""'<repo>/target/release/mathzip' decompress --max-archive-bytes 17179869184 --max-output-bytes 8589934592 --max-segments 8388608 --no-sync --force '<work>/archive.mz' '<work>/restored.bin'""]",{}
mathzip-benchmark-results-v1,20260725T170925Z-dde3921f,ablation,canterbury_ablation,datasets/data/canterbury/kennedy.xls,kennedy.xls,Upstream files retain their original terms; see dataset manifest,datasets/manifests/canterbury.json,datasets/data/canterbury/dataset.json,30daaac9157db37ceda0cc444f6c9c304e91cf17e0164d0a12bc354539937151,true,9af47239ca29dfe20e633f80bbbb9a4cc9783d0803d7b2b5626f42e4c3790420,3.573470858581421,1029744,ablation-20-max,mathzip,max,20 max mode,1,ok,,3,3,430446,2.392272201391115,0.5819873677341165,58.19873677341165,3.3441010581270683,0.0,334.26166423002724,0.029214651003712788,0.0030806524055698053,35.247520152444515,334.0384690000001,0.02800999999999476,11567104.0,true,true,8d4197aad0edc38ea4bc055e286c1a4abcd21a10a53ae3036929aef0786d2b02,9af47239ca29dfe20e633f80bbbb9a4cc9783d0803d7b2b5626f42e4c3790420,"[{""type"":""identity""}]",537,1917.5865921787708,1024.0,"{""copy"":188,""periodic"":331,""raw"":17,""recurrence"":1}","{""bit_pack"":1,""raw"":15,""sparse"":443,""zero_run"":78}",7969,19332,403025,120,1.6159356111810315,1.3176090368091486,1.9411968944656774,403025,520,22,1.4450603229999999,104.178176916,228.629051684,"[""'<repo>/target/release/mathzip' compress --mode max --max-input-bytes 8589934592 --no-sync --force --metrics-output '<work>/archive.mz.metrics.json' '<repo>/datasets/data/canterbury/kennedy.xls' '<work>/archive.mz'"",""'<repo>/target/release/mathzip' decompress --max-archive-bytes 17179869184 --max-output-bytes 8589934592 --max-segments 8388608 --no-sync --force '<work>/archive.mz' '<work>/restored.bin'""]",{}
mathzip-benchmark-results-v1,20260725T170925Z-dde3921f,ablation,canterbury_ablation,datasets/data/canterbury/kennedy.xls,kennedy.xls,Upstream files retain their original terms; see dataset manifest,datasets/manifests/canterbury.json,datasets/data/canterbury/dataset.json,30daaac9157db37ceda0cc444f6c9c304e91cf17e0164d0a12bc354539937151,true,9af47239ca29dfe20e633f80bbbb9a4cc9783d0803d7b2b5626f42e4c3790420,3.573470858581421,1029744,zstd-default,zstd,default,,1,ok,,3,3,111746,9.215041254273084,0.8914817663419258,89.14817663419258,0.8681458692645939,0.0,0.029939656000351533,0.01199054199969396,34.39398234862516,85.87968750922875,0.03139100000043982,0.01121300000068004,5386240.0,true,true,e67c5f1104550ad9408dac4c41c6e20da8074377e469aa1d0a33181bc94313a1,9af47239ca29dfe20e633f80bbbb9a4cc9783d0803d7b2b5626f42e4c3790420,,,,,,,,,,,,,,,,,,,,"[""'<external>/zstd' -q -d -c '<work>/archive.zst'"",""'<external>/zstd' -q -f -T1 -3 -c '<repo>/datasets/data/canterbury/kennedy.xls'""]",{}
mathzip-benchmark-results-v1,20260725T170925Z-dde3921f,ablation,canterbury_ablation,datasets/data/canterbury/ptt5,ptt5,Upstream files retain their original terms; see dataset manifest,datasets/manifests/canterbury.json,datasets/data/canterbury/dataset.json,30daaac9157db37ceda0cc444f6c9c304e91cf17e0164d0a12bc354539937151,true,0ec3a75089bb52342813496b17e51377bc9eba3cb519a444d67025354841d650,1.210175941358675,513216,ablation-01-raw-only,mathzip,balanced,01 raw only,1,ok,,3,3,513372,0.9996961267852551,-0.00030396558174339283,-0.030396558174339283,8.002431724653947,0.030396558174339283,0.031165122985839844,0.015259128995239735,16.467639169374827,33.633374497332305,0.03015600000071572,0.01369299999987561,6488064.0,true,true,31945c8e53bc8e07077b4eed5cf986e1acfb1691813069c6b699b1aefd636d3b,0ec3a75089bb52342813496b17e51377bc9eba3cb519a444d67025354841d650,"[{""type"":""identity""}]",1,513216.0,513216.0,"{""raw"":1}","{""raw"":1}",0,36,513216,120,100.0,100.0,1.210175941358676,513216,0,0,0.019952871,0.00120563,0.000661993,"[""'<repo>/target/release/mathzip' compress --mode balanced --max-input-bytes 8589934592 --no-sync --force --models raw --residual-coders raw --transforms identity --segmentation fixed --metrics-output '<work>/archive.mz.metrics.json' '<repo>/datasets/data/canterbury/ptt5' '<work>/archive.mz'"",""'<repo>/target/release/mathzip' decompress --max-archive-bytes 17179869184 --max-output-bytes 8589934592 --max-segments 8388608 --no-sync --force '<work>/archive.mz' '<work>/restored.bin'""]",{}
mathzip-benchmark-results-v1,20260725T170925Z-dde3921f,ablation,canterbury_ablation,datasets/data/canterbury/ptt5,ptt5,Upstream files retain their original terms; see dataset manifest,datasets/manifests/canterbury.json,datasets/data/canterbury/dataset.json,30daaac9157db37ceda0cc444f6c9c304e91cf17e0164d0a12bc354539937151,true,0ec3a75089bb52342813496b17e51377bc9eba3cb519a444d67025354841d650,1.210175941358675,513216,ablation-02-residual-only,mathzip,balanced,02 residual coder only,1,ok,,3,3,104482,4.912003981547061,0.7964171031300661,79.64171031300661,1.6286631749594713,0.0,0.027971386996796355,0.015703006007242948,18.347892439469668,32.68265959799552,0.02685899999960384,0.01450499999918975,5541888.0,true,true,d23bd0495d4aa43260cc70b218f257f6a069415d1b801b8a48af29141827742f,0ec3a75089bb52342813496b17e51377bc9eba3cb519a444d67025354841d650,"[{""type"":""identity""}]",126,4073.1428571428573,4096.0,"{""raw"":126}","{""rle"":8,""sparse"":47,""zero_run"":71}",0,4536,99826,120,100.0,0.0,1.210175941358676,99826,0,0,0.015305224,0.001168832,0.003314486,"[""'<repo>/target/release/mathzip' compress --mode balanced --max-input-bytes 8589934592 --no-sync --force --models raw --residual-coders raw,rle,zero-run,sparse,bit-pack --transforms identity --segmentation fixed --metrics-output '<work>/archive.mz.metrics.json' '<repo>/datasets/data/canterbury/ptt5' '<work>/archive.mz'"",""'<repo>/target/release/mathzip' decompress --max-archive-bytes 17179869184 --max-output-bytes 8589934592 --max-segments 8388608 --no-sync --force '<work>/archive.mz' '<work>/restored.bin'""]",{}
mathzip-benchmark-results-v1,20260725T170925Z-dde3921f,ablation,canterbury_ablation,datasets/data/canterbury/ptt5,ptt5,Upstream files retain their original terms; see dataset manifest,datasets/manifests/canterbury.json,datasets/data/canterbury/dataset.json,30daaac9157db37ceda0cc444f6c9c304e91cf17e0164d0a12bc354539937151,true,0ec3a75089bb52342813496b17e51377bc9eba3cb519a444d67025354841d650,1.210175941358675,513216,ablation-03-fixed-constant,mathzip,balanced,03 fixed segmentation + constant,1,ok,,3,3,104482,4.912003981547061,0.7964171031300661,79.64171031300661,1.6286631749594713,0.0,0.03733485197881237,0.01453959901118651,13.746297970894636,35.297809768009465,0.03627100000085193,0.013444000000163214,5357568.0,true,true,d23bd0495d4aa43260cc70b218f257f6a069415d1b801b8a48af29141827742f,0ec3a75089bb52342813496b17e51377bc9eba3cb519a444d67025354841d650,"[{""type"":""identity""}]",126,4073.1428571428573,4096.0,"{""raw"":126}","{""rle"":8,""sparse"":47,""zero_run"":71}",0,4536,99826,120,100.0,0.0,1.210175941358676,99826,0,0,0.016441986,0.00118871,0.010937035,"[""'<repo>/target/release/mathzip' compress --mode balanced --max-input-bytes 8589934592 --no-sync --force --models raw,constant --transforms identity --segmentation fixed --segment-size 4096 --metrics-output '<work>/archive.mz.metrics.json' '<repo>/datasets/data/canterbury/ptt5' '<work>/archive.mz'"",""'<repo>/target/release/mathzip' decompress --max-archive-bytes 17179869184 --max-output-bytes 8589934592 --max-segments 8388608 --no-sync --force '<work>/archive.mz' '<work>/restored.bin'""]",{}
mathzip-benchmark-results-v1,20260725T170925Z-dde3921f,ablation,canterbury_ablation,datasets/data/canterbury/ptt5,ptt5,Upstream files retain their original terms; see dataset manifest,datasets/manifests/canterbury.json,datasets/data/canterbury/dataset.json,30daaac9157db37ceda0cc444f6c9c304e91cf17e0164d0a12bc354539937151,true,0ec3a75089bb52342813496b17e51377bc9eba3cb519a444d67025354841d650,1.210175941358675,513216,ablation-04-fixed-all-models,mathzip,balanced,04 fixed segmentation + all models,1,ok,,3,3,103315,4.967487780090016,0.7986909995011847,79.86909995011847,1.6104720039905225,0.0,0.21709781399113126,0.01635446699219756,2.3639851114344506,31.38078423741029,0.21541700000034325,0.015147000000069966,5439488.0,true,true,c636053add97f730292084c676c17b094430255b7ee7692735bf3faf9d10c645,0ec3a75089bb52342813496b17e51377bc9eba3cb519a444d67025354841d650,"[{""type"":""identity""}]",126,4073.1428571428573,4096.0,"{""raw"":113,""recurrence"":13}","{""sparse"":47,""zero_run"":79}",39,4536,98620,120,89.62464147649332,0.0,1.2228389397838493,98620,13,0,0.014954216,0.031974015,0.16068678,"[""'<repo>/target/release/mathzip' compress --mode balanced --max-input-bytes 8589934592 --no-sync --force --models raw,constant,affine,polynomial,periodic,recurrence,piecewise-linear,run,sparse,copy --transforms identity --segmentation fixed --segment-size 4096 --metrics-output '<work>/archive.mz.metrics.json' '<repo>/datasets/data/canterbury/ptt5' '<work>/archive.mz'"",""'<repo>/target/release/mathzip' decompress --max-archive-bytes 17179869184 --max-output-bytes 8589934592 --max-segments 8388608 --no-sync --force '<work>/archive.mz' '<work>/restored.bin'""]",{}
mathzip-benchmark-results-v1,20260725T170925Z-dde3921f,ablation,canterbury_ablation,datasets/data/canterbury/ptt5,ptt5,Upstream files retain their original terms; see dataset manifest,datasets/manifests/canterbury.json,datasets/data/canterbury/dataset.json,30daaac9157db37ceda0cc444f6c9c304e91cf17e0164d0a12bc354539937151,true,0ec3a75089bb52342813496b17e51377bc9eba3cb519a444d67025354841d650,1.210175941358675,513216,ablation-05-adaptive-constant,mathzip,balanced,05 adaptive segmentation + constant,1,ok,,3,3,100513,5.105966392406953,0.8041506889886519,80.4150688988652,1.5667944880907845,0.0,0.45097274900763296,0.015254783007549122,1.138019982647141,33.64295642527496,0.4493899999997666,0.01389999999992142,6098944.0,true,true,7912d37f976e0245ac2a9e09ca7cd7e2d813c5e356675d1cab0ffcd84118f9b8,0ec3a75089bb52342813496b17e51377bc9eba3cb519a444d67025354841d650,"[{""type"":""identity""}]",62,8277.677419354839,7168.0,"{""raw"":62}","{""rle"":11,""sparse"":20,""zero_run"":31}",0,2232,98161,120,100.0,0.0,1.210175941358676,98161,0,0,0.0512881,0.039377782,0.354362047,"[""'<repo>/target/release/mathzip' compress --mode balanced --max-input-bytes 8589934592 --no-sync --force --models raw,constant --transforms identity --segmentation adaptive --metrics-output '<work>/archive.mz.metrics.json' '<repo>/datasets/data/canterbury/ptt5' '<work>/archive.mz'"",""'<repo>/target/release/mathzip' decompress --max-archive-bytes 17179869184 --max-output-bytes 8589934592 --max-segments 8388608 --no-sync --force '<work>/archive.mz' '<work>/restored.bin'""]",{}
mathzip-benchmark-results-v1,20260725T170925Z-dde3921f,ablation,canterbury_ablation,datasets/data/canterbury/ptt5,ptt5,Upstream files retain their original terms; see dataset manifest,datasets/manifests/canterbury.json,datasets/data/canterbury/dataset.json,30daaac9157db37ceda0cc444f6c9c304e91cf17e0164d0a12bc354539937151,true,0ec3a75089bb52342813496b17e51377bc9eba3cb519a444d67025354841d650,1.210175941358675,513216,ablation-06-adaptive-linear,mathzip,balanced,06 adaptive + constant/linear,1,ok,,3,3,100513,5.105966392406953,0.8041506889886519,80.4150688988652,1.5667944880907845,0.0,0.8067606410186272,0.01681252897833474,0.6361440728590904,30.525806121217666,0.8052490000000034,0.015473999999812804,6090752.0,true,true,7912d37f976e0245ac2a9e09ca7cd7e2d813c5e356675d1cab0ffcd84118f9b8,0ec3a75089bb52342813496b17e51377bc9eba3cb519a444d67025354841d650,"[{""type"":""identity""}]",62,8277.677419354839,7168.0,"{""raw"":62}","{""rle"":11,""sparse"":20,""zero_run"":31}",0,2232,98161,120,100.0,0.0,1.210175941358676,98161,0,0,0.05225788,0.079064029,0.666677417,"[""'<repo>/target/release/mathzip' compress --mode balanced --max-input-bytes 8589934592 --no-sync --force --models raw,constant,affine --transforms identity --segmentation adaptive --metrics-output '<work>/archive.mz.metrics.json' '<repo>/datasets/data/canterbury/ptt5' '<work>/archive.mz'"",""'<repo>/target/release/mathzip' decompress --max-archive-bytes 17179869184 --max-output-bytes 8589934592 --max-segments 8388608 --no-sync --force '<work>/archive.mz' '<work>/restored.bin'""]",{}
mathzip-benchmark-results-v1,20260725T170925Z-dde3921f,ablation,canterbury_ablation,datasets/data/canterbury/ptt5,ptt5,Upstream files retain their original terms; see dataset manifest,datasets/manifests/canterbury.json,datasets/data/canterbury/dataset.json,30daaac9157db37ceda0cc444f6c9c304e91cf17e0164d0a12bc354539937151,true,0ec3a75089bb52342813496b17e51377bc9eba3cb519a444d67025354841d650,1.210175941358675,513216,ablation-07-add-polynomial,mathzip,balanced,07 add polynomial,1,ok,,3,3,100513,5.105966392406953,0.8041506889886519,80.4150688988652,1.5667944880907845,0.0,1.530240001011407,0.015347879991168156,0.33538268484733874,33.438885389729855,1.5273269999997865,0.014051999999537657,6107136.0,true,true,7912d37f976e0245ac2a9e09ca7cd7e2d813c5e356675d1cab0ffcd84118f9b8,0ec3a75089bb52342813496b17e51377bc9eba3cb519a444d67025354841d650,"[{""type"":""identity""}]",62,8277.677419354839,7168.0,"{""raw"":62}","{""rle"":11,""sparse"":20,""zero_run"":31}",0,2232,98161,120,100.0,0.0,1.210175941358676,98161,0,0,0.05332199,0.080198037,1.3864028560000001,"[""'<repo>/target/release/mathzip' compress --mode balanced --max-input-bytes 8589934592 --no-sync --force --models raw,constant,affine,polynomial --transforms identity --segmentation adaptive --metrics-output '<work>/archive.mz.metrics.json' '<repo>/datasets/data/canterbury/ptt5' '<work>/archive.mz'"",""'<repo>/target/release/mathzip' decompress --max-archive-bytes 17179869184 --max-output-bytes 8589934592 --max-segments 8388608 --no-sync --force '<work>/archive.mz' '<work>/restored.bin'""]",{}
mathzip-benchmark-results-v1,20260725T170925Z-dde3921f,ablation,canterbury_ablation,datasets/data/canterbury/ptt5,ptt5,Upstream files retain their original terms; see dataset manifest,datasets/manifests/canterbury.json,datasets/data/canterbury/dataset.json,30daaac9157db37ceda0cc444f6c9c304e91cf17e0164d0a12bc354539937151,true,0ec3a75089bb52342813496b17e51377bc9eba3cb519a444d67025354841d650,1.210175941358675,513216,ablation-08-add-periodic,mathzip,balanced,08 add periodic,1,ok,,3,3,100513,5.105966392406953,0.8041506889886519,80.4150688988652,1.5667944880907845,0.0,3.153392107982654,0.0171533850079868,0.16275045488343154,29.919225841490828,3.150243999999475,0.015870000001086737,6152192.0,true,true,7912d37f976e0245ac2a9e09ca7cd7e2d813c5e356675d1cab0ffcd84118f9b8,0ec3a75089bb52342813496b17e51377bc9eba3cb519a444d67025354841d650,"[{""type"":""identity""}]",62,8277.677419354839,7168.0,"{""raw"":62}","{""rle"":11,""sparse"":20,""zero_run"":31}",0,2232,98161,120,100.0,0.0,1.210175941358676,98161,0,0,0.055329063,0.641068865,2.446562198,"[""'<repo>/target/release/mathzip' compress --mode balanced --max-input-bytes 8589934592 --no-sync --force --models raw,constant,affine,polynomial,periodic --transforms identity --segmentation adaptive --metrics-output '<work>/archive.mz.metrics.json' '<repo>/datasets/data/canterbury/ptt5' '<work>/archive.mz'"",""'<repo>/target/release/mathzip' decompress --max-archive-bytes 17179869184 --max-output-bytes 8589934592 --max-segments 8388608 --no-sync --force '<work>/archive.mz' '<work>/restored.bin'""]",{}
mathzip-benchmark-results-v1,20260725T170925Z-dde3921f,ablation,canterbury_ablation,datasets/data/canterbury/ptt5,ptt5,Upstream files retain their original terms; see dataset manifest,datasets/manifests/canterbury.json,datasets/data/canterbury/dataset.json,30daaac9157db37ceda0cc444f6c9c304e91cf17e0164d0a12bc354539937151,true,0ec3a75089bb52342813496b17e51377bc9eba3cb519a444d67025354841d650,1.210175941358675,513216,ablation-09-add-recurrence,mathzip,balanced,09 add recurrence,1,ok,,3,3,99691,5.148067528663571,0.8057523537847612,80.57523537847612,1.5539811697219104,0.0,4.721620125026675,0.016389586991863325,0.10869489421220657,31.313540741129604,4.717007000000194,0.014989999999670545,6070272.0,true,true,7553bef8872e3481f3b90b16808eeb348c3ebdb8bc1c88b1c96c035f7d2680f2,0ec3a75089bb52342813496b17e51377bc9eba3cb519a444d67025354841d650,"[{""type"":""identity""}]",67,7659.940298507463,6144.0,"{""raw"":48,""recurrence"":19}","{""sparse"":22,""zero_run"":45}",63,2412,97096,120,90.42274597830153,0.0,1.280023082639431,97096,19,0,0.052199102,0.643790024,4.01554523,"[""'<repo>/target/release/mathzip' compress --mode balanced --max-input-bytes 8589934592 --no-sync --force --models raw,constant,affine,polynomial,periodic,recurrence --transforms identity --segmentation adaptive --metrics-output '<work>/archive.mz.metrics.json' '<repo>/datasets/data/canterbury/ptt5' '<work>/archive.mz'"",""'<repo>/target/release/mathzip' decompress --max-archive-bytes 17179869184 --max-output-bytes 8589934592 --max-segments 8388608 --no-sync --force '<work>/archive.mz' '<work>/restored.bin'""]",{}
mathzip-benchmark-results-v1,20260725T170925Z-dde3921f,ablation,canterbury_ablation,datasets/data/canterbury/ptt5,ptt5,Upstream files retain their original terms; see dataset manifest,datasets/manifests/canterbury.json,datasets/data/canterbury/dataset.json,30daaac9157db37ceda0cc444f6c9c304e91cf17e0164d0a12bc354539937151,true,0ec3a75089bb52342813496b17e51377bc9eba3cb519a444d67025354841d650,1.210175941358675,513216,ablation-10-add-bit-plane,mathzip,balanced,10 add bit-plane,1,ok,,3,3,99691,5.148067528663571,0.8057523537847612,80.57523537847612,1.5539811697219104,0.0,16.128840823977953,0.012165764987003058,0.03181976966608952,42.18526336389692,16.117051999999603,0.011238000000048487,6152192.0,true,true,7553bef8872e3481f3b90b16808eeb348c3ebdb8bc1c88b1c96c035f7d2680f2,0ec3a75089bb52342813496b17e51377bc9eba3cb519a444d67025354841d650,"[{""type"":""identity""}]",67,7659.940298507463,6144.0,"{""raw"":48,""recurrence"":19}","{""sparse"":22,""zero_run"":45}",63,2412,97096,120,90.42274597830153,0.0,1.280023082639431,97096,19,0,0.158872189,2.418676449,13.542381176,"[""'<repo>/target/release/mathzip' compress --mode balanced --max-input-bytes 8589934592 --no-sync --force --models raw,constant,affine,polynomial,periodic,recurrence --transforms identity,bit-plane --segmentation adaptive --metrics-output '<work>/archive.mz.metrics.json' '<repo>/datasets/data/canterbury/ptt5' '<work>/archive.mz'"",""'<repo>/target/release/mathzip' decompress --max-archive-bytes 17179869184 --max-output-bytes 8589934592 --max-segments 8388608 --no-sync --force '<work>/archive.mz' '<work>/restored.bin'""]",{}
mathzip-benchmark-results-v1,20260725T170925Z-dde3921f,ablation,canterbury_ablation,datasets/data/canterbury/ptt5,ptt5,Upstream files retain their original terms; see dataset manifest,datasets/manifests/canterbury.json,datasets/data/canterbury/dataset.json,30daaac9157db37ceda0cc444f6c9c304e91cf17e0164d0a12bc354539937151,true,0ec3a75089bb52342813496b17e51377bc9eba3cb519a444d67025354841d650,1.210175941358675,513216,ablation-11-add-stride,mathzip,balanced,11 add stride transpose,1,ok,,3,3,99691,5.148067528663571,0.8057523537847612,80.57523537847612,1.5539811697219104,0.0,41.506619071005844,0.013054550014203414,0.012364678489520806,39.31318961140893,41.476808999999776,0.011682000001201231,6139904.0,true,true,7553bef8872e3481f3b90b16808eeb348c3ebdb8bc1c88b1c96c035f7d2680f2,0ec3a75089bb52342813496b17e51377bc9eba3cb519a444d67025354841d650,"[{""type"":""identity""}]",67,7659.940298507463,6144.0,"{""raw"":48,""recurrence"":19}","{""sparse"":22,""zero_run"":45}",63,2412,97096,120,90.42274597830153,0.0,1.280023082639431,97096,19,0,0.371074657,5.710526005,35.415172376,"[""'<repo>/target/release/mathzip' compress --mode balanced --max-input-bytes 8589934592 --no-sync --force --models raw,constant,affine,polynomial,periodic,recurrence --transforms identity,bit-plane,stride --segmentation adaptive --metrics-output '<work>/archive.mz.metrics.json' '<repo>/datasets/data/canterbury/ptt5' '<work>/archive.mz'"",""'<repo>/target/release/mathzip' decompress --max-archive-bytes 17179869184 --max-output-bytes 8589934592 --max-segments 8388608 --no-sync --force '<work>/archive.mz' '<work>/restored.bin'""]",{}
mathzip-benchmark-results-v1,20260725T170925Z-dde3921f,ablation,canterbury_ablation,datasets/data/canterbury/ptt5,ptt5,Upstream files retain their original terms; see dataset manifest,datasets/manifests/canterbury.json,datasets/data/canterbury/dataset.json,30daaac9157db37ceda0cc444f6c9c304e91cf17e0164d0a12bc354539937151,true,0ec3a75089bb52342813496b17e51377bc9eba3cb519a444d67025354841d650,1.210175941358675,513216,ablation-12-add-copy,mathzip,balanced,12 add copy/reference,1,ok,,3,3,99472,5.159401640662699,0.8061790746975932,80.61790746975932,1.5505674024192542,0.0,44.804170623014215,0.014559533999999985,0.01145464792369977,35.249479825384554,44.770456000000195,0.01352500000029977,6205440.0,true,true,7a19494bdac3194ce1b32a7a8910b7ba31535d9b8aa31d8fa6d9eb126f9ef3f7,0ec3a75089bb52342813496b17e51377bc9eba3cb519a444d67025354841d650,"[{""type"":""identity""}]",68,7547.294117647059,6144.0,"{""copy"":3,""raw"":46,""recurrence"":19}","{""sparse"":21,""zero_run"":47}",72,2448,96832,120,86.83127572016461,0.0,1.2805374750885825,96832,22,0,0.370525297,7.208901246,37.213575575,"[""'<repo>/target/release/mathzip' compress --mode balanced --max-input-bytes 8589934592 --no-sync --force --models raw,constant,affine,polynomial,periodic,recurrence,copy --transforms identity,bit-plane,stride --segmentation adaptive --metrics-output '<work>/archive.mz.metrics.json' '<repo>/datasets/data/canterbury/ptt5' '<work>/archive.mz'"",""'<repo>/target/release/mathzip' decompress --max-archive-bytes 17179869184 --max-output-bytes 8589934592 --max-segments 8388608 --no-sync --force '<work>/archive.mz' '<work>/restored.bin'""]",{}
mathzip-benchmark-results-v1,20260725T170925Z-dde3921f,ablation,canterbury_ablation,datasets/data/canterbury/ptt5,ptt5,Upstream files retain their original terms; see dataset manifest,datasets/manifests/canterbury.json,datasets/data/canterbury/dataset.json,30daaac9157db37ceda0cc444f6c9c304e91cf17e0164d0a12bc354539937151,true,0ec3a75089bb52342813496b17e51377bc9eba3cb519a444d67025354841d650,1.210175941358675,513216,ablation-13-custom-residual,mathzip,balanced,13 custom residual coders,1,ok,,3,3,99472,5.159401640662699,0.8061790746975932,80.61790746975932,1.5505674024192542,0.0,69.4151953800174,0.017559639003593475,0.0073934244107557445,29.22702453592431,69.36556199999995,0.016644000000269443,6164480.0,true,true,7a19494bdac3194ce1b32a7a8910b7ba31535d9b8aa31d8fa6d9eb126f9ef3f7,0ec3a75089bb52342813496b17e51377bc9eba3cb519a444d67025354841d650,"[{""type"":""identity""}]",68,7547.294117647059,6144.0,"{""copy"":3,""raw"":46,""recurrence"":19}","{""sparse"":21,""zero_run"":47}",72,2448,96832,120,86.83127572016461,0.0,1.2805374750885825,96832,22,0,0.458340069,9.620583894,59.325927868,"[""'<repo>/target/release/mathzip' compress --mode balanced --max-input-bytes 8589934592 --no-sync --force --residual-coders raw,rle,zero-run,sparse,bit-pack --metrics-output '<work>/archive.mz.metrics.json' '<repo>/datasets/data/canterbury/ptt5' '<work>/archive.mz'"",""'<repo>/target/release/mathzip' decompress --max-archive-bytes 17179869184 --max-output-bytes 8589934592 --max-segments 8388608 --no-sync --force '<work>/archive.mz' '<work>/restored.bin'""]",{}
mathzip-benchmark-results-v1,20260725T170925Z-dde3921f,ablation,canterbury_ablation,datasets/data/canterbury/ptt5,ptt5,Upstream files retain their original terms; see dataset manifest,datasets/manifests/canterbury.json,datasets/data/canterbury/dataset.json,30daaac9157db37ceda0cc444f6c9c304e91cf17e0164d0a12bc354539937151,true,0ec3a75089bb52342813496b17e51377bc9eba3cb519a444d67025354841d650,1.210175941358675,513216,ablation-14-zstd-residual,mathzip,balanced,14 Zstd residual coder,1,ok,,3,3,55895,9.181787279720906,0.8910887423618905,89.10887423618905,0.871290061104876,0.0,59.67146711697569,0.014606480981456116,0.00860069351058401,35.13618377017444,59.63076599999931,0.013250000000880391,9621504.0,true,true,3ec1d268b5a6893304e95d1c6f9863f1847fde0837a7eb73224285efb22900b4,0ec3a75089bb52342813496b17e51377bc9eba3cb519a444d67025354841d650,"[{""type"":""identity""}]",42,12219.42857142857,9312.0,"{""affine"":3,""periodic"":1,""raw"":37,""sparse"":1}","{""zstd"":42}",26,1512,54237,120,86.63174959471256,0.0,1.47620976815212,54237,5,5,0.457555012,9.719647861,49.488206076,"[""'<repo>/target/release/mathzip' compress --mode balanced --max-input-bytes 8589934592 --no-sync --force --residual-coders zstd --metrics-output '<work>/archive.mz.metrics.json' '<repo>/datasets/data/canterbury/ptt5' '<work>/archive.mz'"",""'<repo>/target/release/mathzip' decompress --max-archive-bytes 17179869184 --max-output-bytes 8589934592 --max-segments 8388608 --no-sync --force '<work>/archive.mz' '<work>/restored.bin'""]",{}
mathzip-benchmark-results-v1,20260725T170925Z-dde3921f,ablation,canterbury_ablation,datasets/data/canterbury/ptt5,ptt5,Upstream files retain their original terms; see dataset manifest,datasets/manifests/canterbury.json,datasets/data/canterbury/dataset.json,30daaac9157db37ceda0cc444f6c9c304e91cf17e0164d0a12bc354539937151,true,0ec3a75089bb52342813496b17e51377bc9eba3cb519a444d67025354841d650,1.210175941358675,513216,ablation-15-no-transform,mathzip,balanced,15 identity transform only,1,ok,,3,3,99472,5.159401640662699,0.8061790746975932,80.61790746975932,1.5505674024192542,0.0,6.525394662981853,0.017367735999869183,0.07864903603630928,29.549965522499054,6.520172000000457,0.016048999999838998,6127616.0,true,true,7a19494bdac3194ce1b32a7a8910b7ba31535d9b8aa31d8fa6d9eb126f9ef3f7,0ec3a75089bb52342813496b17e51377bc9eba3cb519a444d67025354841d650,"[{""type"":""identity""}]",68,7547.294117647059,6144.0,"{""copy"":3,""raw"":46,""recurrence"":19}","{""sparse"":21,""zero_run"":47}",72,2448,96832,120,86.83127572016461,0.0,1.2805374750885825,96832,22,0,0.051821134,0.91491945,5.549431083,"[""'<repo>/target/release/mathzip' compress --mode balanced --max-input-bytes 8589934592 --no-sync --force --transforms identity --metrics-output '<work>/archive.mz.metrics.json' '<repo>/datasets/data/canterbury/ptt5' '<work>/archive.mz'"",""'<repo>/target/release/mathzip' decompress --max-archive-bytes 17179869184 --max-output-bytes 8589934592 --max-segments 8388608 --no-sync --force '<work>/archive.mz' '<work>/restored.bin'""]",{}
mathzip-benchmark-results-v1,20260725T170925Z-dde3921f,ablation,canterbury_ablation,datasets/data/canterbury/ptt5,ptt5,Upstream files retain their original terms; see dataset manifest,datasets/manifests/canterbury.json,datasets/data/canterbury/dataset.json,30daaac9157db37ceda0cc444f6c9c304e91cf17e0164d0a12bc354539937151,true,0ec3a75089bb52342813496b17e51377bc9eba3cb519a444d67025354841d650,1.210175941358675,513216,ablation-16-no-adaptive-partition,mathzip,balanced,16 fixed partition,1,ok,,3,3,103315,4.967487780090016,0.7986909995011847,79.86909995011847,1.6104720039905225,0.0,2.140843858011067,0.015588151989504695,0.23972603049939337,32.923466511331284,2.13836000000083,0.01440199999979086,5627904.0,true,true,c636053add97f730292084c676c17b094430255b7ee7692735bf3faf9d10c645,0ec3a75089bb52342813496b17e51377bc9eba3cb519a444d67025354841d650,"[{""type"":""identity""}]",126,4073.1428571428573,4096.0,"{""raw"":113,""recurrence"":13}","{""sparse"":47,""zero_run"":79}",39,4536,98620,120,89.62464147649332,0.0,1.2228389397838493,98620,13,0,0.080898902,0.347449381,1.7035996230000001,"[""'<repo>/target/release/mathzip' compress --mode balanced --max-input-bytes 8589934592 --no-sync --force --segmentation fixed --segment-size 4096 --metrics-output '<work>/archive.mz.metrics.json' '<repo>/datasets/data/canterbury/ptt5' '<work>/archive.mz'"",""'<repo>/target/release/mathzip' decompress --max-archive-bytes 17179869184 --max-output-bytes 8589934592 --max-segments 8388608 --no-sync --force '<work>/archive.mz' '<work>/restored.bin'""]",{}
mathzip-benchmark-results-v1,20260725T170925Z-dde3921f,ablation,canterbury_ablation,datasets/data/canterbury/ptt5,ptt5,Upstream files retain their original terms; see dataset manifest,datasets/manifests/canterbury.json,datasets/data/canterbury/dataset.json,30daaac9157db37ceda0cc444f6c9c304e91cf17e0164d0a12bc354539937151,true,0ec3a75089bb52342813496b17e51377bc9eba3cb519a444d67025354841d650,1.210175941358675,513216,ablation-17-no-raw-fallback,mathzip,balanced,17 no raw fallback,1,ok,,3,3,99472,5.159401640662699,0.8061790746975932,80.61790746975932,1.5505674024192542,0.0,69.57736621401273,0.011762599984649569,0.007376191826827722,43.63117003636588,69.52922500000022,0.01068200000008801,6066176.0,true,true,7a19494bdac3194ce1b32a7a8910b7ba31535d9b8aa31d8fa6d9eb126f9ef3f7,0ec3a75089bb52342813496b17e51377bc9eba3cb519a444d67025354841d650,"[{""type"":""identity""}]",68,7547.294117647059,6144.0,"{""copy"":3,""raw"":46,""recurrence"":19}","{""sparse"":21,""zero_run"":47}",72,2448,96832,120,86.83127572016461,0.0,1.2805374750885825,96832,22,0,0.455789903,9.637668139,59.46078761,"[""'<repo>/target/release/mathzip' compress --mode balanced --max-input-bytes 8589934592 --no-sync --force --no-raw-fallback --metrics-output '<work>/archive.mz.metrics.json' '<repo>/datasets/data/canterbury/ptt5' '<work>/archive.mz'"",""'<repo>/target/release/mathzip' decompress --max-archive-bytes 17179869184 --max-output-bytes 8589934592 --max-segments 8388608 --no-sync --force '<work>/archive.mz' '<work>/restored.bin'""]",{}
mathzip-benchmark-results-v1,20260725T170925Z-dde3921f,ablation,canterbury_ablation,datasets/data/canterbury/ptt5,ptt5,Upstream files retain their original terms; see dataset manifest,datasets/manifests/canterbury.json,datasets/data/canterbury/dataset.json,30daaac9157db37ceda0cc444f6c9c304e91cf17e0164d0a12bc354539937151,true,0ec3a75089bb52342813496b17e51377bc9eba3cb519a444d67025354841d650,1.210175941358675,513216,ablation-18-fast,mathzip,fast,18 fast mode,1,ok,,3,3,101743,5.04423891569936,0.8017540372864447,80.17540372864447,1.5859677017084424,0.0,0.20919934901758097,0.01259905198821798,2.4532389914696613,40.73449339521217,0.20770599999923434,0.011233000001084292,5492736.0,true,true,963826572ef6c3c3821248045805ed999c870185cf44c147e467a010f2a92e8e,0ec3a75089bb52342813496b17e51377bc9eba3cb519a444d67025354841d650,"[{""type"":""identity""}]",32,16038.0,16384.0,"{""raw"":25,""recurrence"":7}","{""sparse"":7,""zero_run"":25}",21,1152,100450,120,77.65307394937025,0.0,1.2803009200446887,100450,7,0,0.025049473,0.008364922,0.166867114,"[""'<repo>/target/release/mathzip' compress --mode fast --max-input-bytes 8589934592 --no-sync --force --metrics-output '<work>/archive.mz.metrics.json' '<repo>/datasets/data/canterbury/ptt5' '<work>/archive.mz'"",""'<repo>/target/release/mathzip' decompress --max-archive-bytes 17179869184 --max-output-bytes 8589934592 --max-segments 8388608 --no-sync --force '<work>/archive.mz' '<work>/restored.bin'""]",{}
mathzip-benchmark-results-v1,20260725T170925Z-dde3921f,ablation,canterbury_ablation,datasets/data/canterbury/ptt5,ptt5,Upstream files retain their original terms; see dataset manifest,datasets/manifests/canterbury.json,datasets/data/canterbury/dataset.json,30daaac9157db37ceda0cc444f6c9c304e91cf17e0164d0a12bc354539937151,true,0ec3a75089bb52342813496b17e51377bc9eba3cb519a444d67025354841d650,1.210175941358675,513216,ablation-19-balanced,mathzip,balanced,19 balanced mode,1,ok,,3,3,99472,5.159401640662699,0.8061790746975932,80.61790746975932,1.5505674024192542,0.0,69.52048058400396,0.014441322011407465,0.007382227448497909,35.53802066006154,69.4716129999997,0.01318100000207778,6242304.0,true,true,7a19494bdac3194ce1b32a7a8910b7ba31535d9b8aa31d8fa6d9eb126f9ef3f7,0ec3a75089bb52342813496b17e51377bc9eba3cb519a444d67025354841d650,"[{""type"":""identity""}]",68,7547.294117647059,6144.0,"{""copy"":3,""raw"":46,""recurrence"":19}","{""sparse"":21,""zero_run"":47}",72,2448,96832,120,86.83127572016461,0.0,1.2805374750885825,96832,22,0,0.460273036,9.647301617,59.403969229,"[""'<repo>/target/release/mathzip' compress --mode balanced --max-input-bytes 8589934592 --no-sync --force --metrics-output '<work>/archive.mz.metrics.json' '<repo>/datasets/data/canterbury/ptt5' '<work>/archive.mz'"",""'<repo>/target/release/mathzip' decompress --max-archive-bytes 17179869184 --max-output-bytes 8589934592 --max-segments 8388608 --no-sync --force '<work>/archive.mz' '<work>/restored.bin'""]",{}
mathzip-benchmark-results-v1,20260725T170925Z-dde3921f,ablation,canterbury_ablation,datasets/data/canterbury/ptt5,ptt5,Upstream files retain their original terms; see dataset manifest,datasets/manifests/canterbury.json,datasets/data/canterbury/dataset.json,30daaac9157db37ceda0cc444f6c9c304e91cf17e0164d0a12bc354539937151,true,0ec3a75089bb52342813496b17e51377bc9eba3cb519a444d67025354841d650,1.210175941358675,513216,ablation-20-max,mathzip,max,20 max mode,1,ok,,3,3,100522,5.105509241758023,0.8041331525127822,80.41331525127822,1.5669347798977429,0.0,148.22515249898424,0.012971260002814233,0.003462408311595544,39.56562430239261,148.1186230000003,0.011647000001175911,6725632.0,true,true,de01e424895e2db67c0b595d5ffba291f30dd2918d1b12c0840b354d76a966d3,0ec3a75089bb52342813496b17e51377bc9eba3cb519a444d67025354841d650,"[{""type"":""identity""}]",136,3773.6470588235293,2944.0,"{""copy"":17,""periodic"":3,""raw"":95,""recurrence"":21}","{""sparse"":43,""zero_run"":93}",757,4896,94749,120,80.89537348796608,0.0,1.2671819623249845,94749,41,0,0.638935706,36.042612309,111.533807101,"[""'<repo>/target/release/mathzip' compress --mode max --max-input-bytes 8589934592 --no-sync --force --metrics-output '<work>/archive.mz.metrics.json' '<repo>/datasets/data/canterbury/ptt5' '<work>/archive.mz'"",""'<repo>/target/release/mathzip' decompress --max-archive-bytes 17179869184 --max-output-bytes 8589934592 --max-segments 8388608 --no-sync --force '<work>/archive.mz' '<work>/restored.bin'""]",{}
mathzip-benchmark-results-v1,20260725T170925Z-dde3921f,ablation,canterbury_ablation,datasets/data/canterbury/ptt5,ptt5,Upstream files retain their original terms; see dataset manifest,datasets/manifests/canterbury.json,datasets/data/canterbury/dataset.json,30daaac9157db37ceda0cc444f6c9c304e91cf17e0164d0a12bc354539937151,true,0ec3a75089bb52342813496b17e51377bc9eba3cb519a444d67025354841d650,1.210175941358675,513216,zstd-default,zstd,default,,1,ok,,3,3,54450,9.425454545454546,0.8939043209876543,89.39043209876543,0.8487654320987654,0.0,0.014323751995107159,0.012081913009751588,35.82971837094841,42.47804131562375,0.01502500000060536,0.011239000001296517,425984.0,true,true,1ae3ffdd6a1d774b835fccf8bae3e50dc33672ae087f0b1dd7be0e67a1ce1d56,0ec3a75089bb52342813496b17e51377bc9eba3cb519a444d67025354841d650,,,,,,,,,,,,,,,,,,,,"[""'<external>/zstd' -q -d -c '<work>/archive.zst'"",""'<external>/zstd' -q -f -T1 -3 -c '<repo>/datasets/data/canterbury/ptt5'""]",{}
mathzip-benchmark-results-v1,20260725T170925Z-dde3921f,ablation,canterbury_ablation,datasets/data/canterbury/sum,sum,Upstream files retain their original terms; see dataset manifest,datasets/manifests/canterbury.json,datasets/data/canterbury/dataset.json,30daaac9157db37ceda0cc444f6c9c304e91cf17e0164d0a12bc354539937151,true,ee5733cd76ecc2f9d8ff156adc3c02a7a851051dcf43a2d56ff4ee4ff606bdb3,5.328990058101005,38240,ablation-01-raw-only,mathzip,balanced,01 raw only,1,ok,,3,3,38396,0.9959370767788311,-0.004079497907949703,-0.4079497907949703,8.032635983263598,0.4079497907949703,0.009376010013511404,0.008449532993836328,4.078493937708452,4.525693908514813,0.00824800000191317,0.00735500000155298,425984.0,true,true,eeafeedb6320cc9ed7984168bb9e09bfcd32b982848ad07b6c35d432abc680be,ee5733cd76ecc2f9d8ff156adc3c02a7a851051dcf43a2d56ff4ee4ff606bdb3,"[{""type"":""identity""}]",1,38240.0,38240.0,"{""raw"":1}","{""raw"":1}",0,36,38240,120,100.0,100.0,5.328990058101005,38240,0,0,0.002025954,4.6763e-05,1.7748e-05,"[""'<repo>/target/release/mathzip' compress --mode balanced --max-input-bytes 8589934592 --no-sync --force --models raw --residual-coders raw --transforms identity --segmentation fixed --metrics-output '<work>/archive.mz.metrics.json' '<repo>/datasets/data/canterbury/sum' '<work>/archive.mz'"",""'<repo>/target/release/mathzip' decompress --max-archive-bytes 17179869184 --max-output-bytes 8589934592 --max-segments 8388608 --no-sync --force '<work>/archive.mz' '<work>/restored.bin'""]",{}
mathzip-benchmark-results-v1,20260725T170925Z-dde3921f,ablation,canterbury_ablation,datasets/data/canterbury/sum,sum,Upstream files retain their original terms; see dataset manifest,datasets/manifests/canterbury.json,datasets/data/canterbury/dataset.json,30daaac9157db37ceda0cc444f6c9c304e91cf17e0164d0a12bc354539937151,true,ee5733cd76ecc2f9d8ff156adc3c02a7a851051dcf43a2d56ff4ee4ff606bdb3,5.328990058101005,38240,ablation-02-residual-only,mathzip,balanced,02 residual coder only,1,ok,,3,3,32554,1.174663635805124,0.1486924686192469,14.86924686192469,6.810460251046025,0.0,0.009175207989756018,0.005980446003377438,4.167752931889325,6.394171936073678,0.008345000000190339,0.004947999999785679,614400.0,true,true,132a8008c013b799667408811a7bbde269c651175eaa5c4a8e6803d1f5d9d2b4,ee5733cd76ecc2f9d8ff156adc3c02a7a851051dcf43a2d56ff4ee4ff606bdb3,"[{""type"":""identity""}]",10,3824.0,4096.0,"{""raw"":10}","{""bit_pack"":3,""raw"":1,""sparse"":1,""zero_run"":5}",0,360,32074,120,100.0,10.711297071129707,5.328990058101005,32074,0,0,0.002096763,7.1861e-05,0.000893642,"[""'<repo>/target/release/mathzip' compress --mode balanced --max-input-bytes 8589934592 --no-sync --force --models raw --residual-coders raw,rle,zero-run,sparse,bit-pack --transforms identity --segmentation fixed --metrics-output '<work>/archive.mz.metrics.json' '<repo>/datasets/data/canterbury/sum' '<work>/archive.mz'"",""'<repo>/target/release/mathzip' decompress --max-archive-bytes 17179869184 --max-output-bytes 8589934592 --max-segments 8388608 --no-sync --force '<work>/archive.mz' '<work>/restored.bin'""]",{}
mathzip-benchmark-results-v1,20260725T170925Z-dde3921f,ablation,canterbury_ablation,datasets/data/canterbury/sum,sum,Upstream files retain their original terms; see dataset manifest,datasets/manifests/canterbury.json,datasets/data/canterbury/dataset.json,30daaac9157db37ceda0cc444f6c9c304e91cf17e0164d0a12bc354539937151,true,ee5733cd76ecc2f9d8ff156adc3c02a7a851051dcf43a2d56ff4ee4ff606bdb3,5.328990058101005,38240,ablation-03-fixed-constant,mathzip,balanced,03 fixed segmentation + constant,1,ok,,3,3,32554,1.174663635805124,0.1486924686192469,14.86924686192469,6.810460251046025,0.0,0.013254418998258188,0.005607552011497319,2.8850755363192655,6.819375000284523,0.01222799999959534,0.004412000000229455,614400.0,true,true,132a8008c013b799667408811a7bbde269c651175eaa5c4a8e6803d1f5d9d2b4,ee5733cd76ecc2f9d8ff156adc3c02a7a851051dcf43a2d56ff4ee4ff606bdb3,"[{""type"":""identity""}]",10,3824.0,4096.0,"{""raw"":10}","{""bit_pack"":3,""raw"":1,""sparse"":1,""zero_run"":5}",0,360,32074,120,100.0,10.711297071129707,5.328990058101005,32074,0,0,0.002735001,9.6313e-05,0.003344534,"[""'<repo>/target/release/mathzip' compress --mode balanced --max-input-bytes 8589934592 --no-sync --force --models raw,constant --transforms identity --segmentation fixed --segment-size 4096 --metrics-output '<work>/archive.mz.metrics.json' '<repo>/datasets/data/canterbury/sum' '<work>/archive.mz'"",""'<repo>/target/release/mathzip' decompress --max-archive-bytes 17179869184 --max-output-bytes 8589934592 --max-segments 8388608 --no-sync --force '<work>/archive.mz' '<work>/restored.bin'""]",{}
mathzip-benchmark-results-v1,20260725T170925Z-dde3921f,ablation,canterbury_ablation,datasets/data/canterbury/sum,sum,Upstream files retain their original terms; see dataset manifest,datasets/manifests/canterbury.json,datasets/data/canterbury/dataset.json,30daaac9157db37ceda0cc444f6c9c304e91cf17e0164d0a12bc354539937151,true,ee5733cd76ecc2f9d8ff156adc3c02a7a851051dcf43a2d56ff4ee4ff606bdb3,5.328990058101005,38240,ablation-04-fixed-all-models,mathzip,balanced,04 fixed segmentation + all models,1,ok,,3,3,32423,1.1794096783147765,0.15211820083682004,15.211820083682003,6.78305439330544,0.0,0.030255413992563263,0.009371674997964874,1.2639060238739201,4.080380509173023,0.029278999998496147,0.00791399999980058,3665920.0,true,true,e117630723374b7d321151df5402ed2ce40676bcf940268d62609bd044dd47e1,ee5733cd76ecc2f9d8ff156adc3c02a7a851051dcf43a2d56ff4ee4ff606bdb3,"[{""type"":""identity""}]",10,3824.0,4096.0,"{""periodic"":1,""raw"":9}","{""bit_pack"":3,""raw"":1,""sparse"":1,""zero_run"":5}",13,360,31930,120,89.2887029288703,10.711297071129707,5.3707596824292265,31930,1,0,0.002055781,0.004657558,0.016401632,"[""'<repo>/target/release/mathzip' compress --mode balanced --max-input-bytes 8589934592 --no-sync --force --models raw,constant,affine,polynomial,periodic,recurrence,piecewise-linear,run,sparse,copy --transforms identity --segmentation fixed --segment-size 4096 --metrics-output '<work>/archive.mz.metrics.json' '<repo>/datasets/data/canterbury/sum' '<work>/archive.mz'"",""'<repo>/target/release/mathzip' decompress --max-archive-bytes 17179869184 --max-output-bytes 8589934592 --max-segments 8388608 --no-sync --force '<work>/archive.mz' '<work>/restored.bin'""]",{}
mathzip-benchmark-results-v1,20260725T170925Z-dde3921f,ablation,canterbury_ablation,datasets/data/canterbury/sum,sum,Upstream files retain their original terms; see dataset manifest,datasets/manifests/canterbury.json,datasets/data/canterbury/dataset.json,30daaac9157db37ceda0cc444f6c9c304e91cf17e0164d0a12bc354539937151,true,ee5733cd76ecc2f9d8ff156adc3c02a7a851051dcf43a2d56ff4ee4ff606bdb3,5.328990058101005,38240,ablation-05-adaptive-constant,mathzip,balanced,05 adaptive segmentation + constant,1,ok,,3,3,31611,1.2097054822688305,0.17335251046025102,17.335251046025103,6.613179916317992,0.0,0.05459994400735013,0.009201305016176775,0.7003670185971659,4.155932221871835,0.05350899999939429,0.008243999998740037,3809280.0,true,true,2d0b70e97ba26180209748eee2d71fc70902a8d87ffd28782a17abbbd451a87f,ee5733cd76ecc2f9d8ff156adc3c02a7a851051dcf43a2d56ff4ee4ff606bdb3,"[{""type"":""identity""}]",7,5462.857142857143,5120.0,"{""raw"":7}","{""bit_pack"":1,""raw"":1,""sparse"":2,""zero_run"":3}",0,252,31239,120,100.0,16.06694560669456,5.328990058101005,31239,0,0,0.005166156,0.001334516,0.040955124,"[""'<repo>/target/release/mathzip' compress --mode balanced --max-input-bytes 8589934592 --no-sync --force --models raw,constant --transforms identity --segmentation adaptive --metrics-output '<work>/archive.mz.metrics.json' '<repo>/datasets/data/canterbury/sum' '<work>/archive.mz'"",""'<repo>/target/release/mathzip' decompress --max-archive-bytes 17179869184 --max-output-bytes 8589934592 --max-segments 8388608 --no-sync --force '<work>/archive.mz' '<work>/restored.bin'""]",{}
mathzip-benchmark-results-v1,20260725T170925Z-dde3921f,ablation,canterbury_ablation,datasets/data/canterbury/sum,sum,Upstream files retain their original terms; see dataset manifest,datasets/manifests/canterbury.json,datasets/data/canterbury/dataset.json,30daaac9157db37ceda0cc444f6c9c304e91cf17e0164d0a12bc354539937151,true,ee5733cd76ecc2f9d8ff156adc3c02a7a851051dcf43a2d56ff4ee4ff606bdb3,5.328990058101005,38240,ablation-06-adaptive-linear,mathzip,balanced,06 adaptive + constant/linear,1,ok,,3,3,31611,1.2097054822688305,0.17335251046025102,17.335251046025103,6.613179916317992,0.0,0.09452749800402671,0.009185788017930463,0.40453837039430623,4.162952587775413,0.0931349999991653,0.008118000001559267,3772416.0,true,true,2d0b70e97ba26180209748eee2d71fc70902a8d87ffd28782a17abbbd451a87f,ee5733cd76ecc2f9d8ff156adc3c02a7a851051dcf43a2d56ff4ee4ff606bdb3,"[{""type"":""identity""}]",7,5462.857142857143,5120.0,"{""raw"":7}","{""bit_pack"":1,""raw"":1,""sparse"":2,""zero_run"":3}",0,252,31239,120,100.0,16.06694560669456,5.328990058101005,31239,0,0,0.005606183,0.002869641,0.078392278,"[""'<repo>/target/release/mathzip' compress --mode balanced --max-input-bytes 8589934592 --no-sync --force --models raw,constant,affine --transforms identity --segmentation adaptive --metrics-output '<work>/archive.mz.metrics.json' '<repo>/datasets/data/canterbury/sum' '<work>/archive.mz'"",""'<repo>/target/release/mathzip' decompress --max-archive-bytes 17179869184 --max-output-bytes 8589934592 --max-segments 8388608 --no-sync --force '<work>/archive.mz' '<work>/restored.bin'""]",{}
mathzip-benchmark-results-v1,20260725T170925Z-dde3921f,ablation,canterbury_ablation,datasets/data/canterbury/sum,sum,Upstream files retain their original terms; see dataset manifest,datasets/manifests/canterbury.json,datasets/data/canterbury/dataset.json,30daaac9157db37ceda0cc444f6c9c304e91cf17e0164d0a12bc354539937151,true,ee5733cd76ecc2f9d8ff156adc3c02a7a851051dcf43a2d56ff4ee4ff606bdb3,5.328990058101005,38240,ablation-07-add-polynomial,mathzip,balanced,07 add polynomial,1,ok,,3,3,31611,1.2097054822688305,0.17335251046025102,17.335251046025103,6.613179916317992,0.0,0.14472463200218044,0.009290888003306463,0.2642259266509924,4.1158606137961256,0.14337499999965075,0.008031000001210487,3837952.0,true,true,2d0b70e97ba26180209748eee2d71fc70902a8d87ffd28782a17abbbd451a87f,ee5733cd76ecc2f9d8ff156adc3c02a7a851051dcf43a2d56ff4ee4ff606bdb3,"[{""type"":""identity""}]",7,5462.857142857143,5120.0,"{""raw"":7}","{""bit_pack"":1,""raw"":1,""sparse"":2,""zero_run"":3}",0,252,31239,120,100.0,16.06694560669456,5.328990058101005,31239,0,0,0.00513308,0.002947651,0.129491707,"[""'<repo>/target/release/mathzip' compress --mode balanced --max-input-bytes 8589934592 --no-sync --force --models raw,constant,affine,polynomial --transforms identity --segmentation adaptive --metrics-output '<work>/archive.mz.metrics.json' '<repo>/datasets/data/canterbury/sum' '<work>/archive.mz'"",""'<repo>/target/release/mathzip' decompress --max-archive-bytes 17179869184 --max-output-bytes 8589934592 --max-segments 8388608 --no-sync --force '<work>/archive.mz' '<work>/restored.bin'""]",{}
mathzip-benchmark-results-v1,20260725T170925Z-dde3921f,ablation,canterbury_ablation,datasets/data/canterbury/sum,sum,Upstream files retain their original terms; see dataset manifest,datasets/manifests/canterbury.json,datasets/data/canterbury/dataset.json,30daaac9157db37ceda0cc444f6c9c304e91cf17e0164d0a12bc354539937151,true,ee5733cd76ecc2f9d8ff156adc3c02a7a851051dcf43a2d56ff4ee4ff606bdb3,5.328990058101005,38240,ablation-08-add-periodic,mathzip,balanced,08 add periodic,1,ok,,3,3,31100,1.229581993569132,0.18671548117154813,18.671548117154813,6.506276150627615,0.0,0.30710833601187915,0.006472780019976199,0.12451632051603072,5.907817024830796,0.3057890000000043,0.005166999999346444,3780608.0,true,true,4d547cc7768aee0aecec9fa3f64eb847f1a551851a5a3aa2b4c3072ea0785ad8,ee5733cd76ecc2f9d8ff156adc3c02a7a851051dcf43a2d56ff4ee4ff606bdb3,"[{""type"":""identity""}]",10,3824.0,2048.0,"{""periodic"":3,""raw"":7}","{""bit_pack"":1,""raw"":1,""sparse"":5,""zero_run"":3}",39,360,30581,120,86.61087866108787,16.06694560669456,5.291406874978257,30581,3,0,0.004175569,0.069113177,0.227969928,"[""'<repo>/target/release/mathzip' compress --mode balanced --max-input-bytes 8589934592 --no-sync --force --models raw,constant,affine,polynomial,periodic --transforms identity --segmentation adaptive --metrics-output '<work>/archive.mz.metrics.json' '<repo>/datasets/data/canterbury/sum' '<work>/archive.mz'"",""'<repo>/target/release/mathzip' decompress --max-archive-bytes 17179869184 --max-output-bytes 8589934592 --max-segments 8388608 --no-sync --force '<work>/archive.mz' '<work>/restored.bin'""]",{}
mathzip-benchmark-results-v1,20260725T170925Z-dde3921f,ablation,canterbury_ablation,datasets/data/canterbury/sum,sum,Upstream files retain their original terms; see dataset manifest,datasets/manifests/canterbury.json,datasets/data/canterbury/dataset.json,30daaac9157db37ceda0cc444f6c9c304e91cf17e0164d0a12bc354539937151,true,ee5733cd76ecc2f9d8ff156adc3c02a7a851051dcf43a2d56ff4ee4ff606bdb3,5.328990058101005,38240,ablation-09-add-recurrence,mathzip,balanced,09 add recurrence,1,ok,,3,3,31100,1.229581993569132,0.18671548117154813,18.671548117154813,6.506276150627615,0.0,0.4494746800046414,0.00854974499088712,0.0850770948868691,4.472648019415632,0.44802400000116904,0.00745199999983015,3915776.0,true,true,4d547cc7768aee0aecec9fa3f64eb847f1a551851a5a3aa2b4c3072ea0785ad8,ee5733cd76ecc2f9d8ff156adc3c02a7a851051dcf43a2d56ff4ee4ff606bdb3,"[{""type"":""identity""}]",10,3824.0,2048.0,"{""periodic"":3,""raw"":7}","{""bit_pack"":1,""raw"":1,""sparse"":5,""zero_run"":3}",39,360,30581,120,86.61087866108787,16.06694560669456,5.291406874978257,30581,3,0,0.005472249,0.069148529,0.368384853,"[""'<repo>/target/release/mathzip' compress --mode balanced --max-input-bytes 8589934592 --no-sync --force --models raw,constant,affine,polynomial,periodic,recurrence --transforms identity --segmentation adaptive --metrics-output '<work>/archive.mz.metrics.json' '<repo>/datasets/data/canterbury/sum' '<work>/archive.mz'"",""'<repo>/target/release/mathzip' decompress --max-archive-bytes 17179869184 --max-output-bytes 8589934592 --max-segments 8388608 --no-sync --force '<work>/archive.mz' '<work>/restored.bin'""]",{}
mathzip-benchmark-results-v1,20260725T170925Z-dde3921f,ablation,canterbury_ablation,datasets/data/canterbury/sum,sum,Upstream files retain their original terms; see dataset manifest,datasets/manifests/canterbury.json,datasets/data/canterbury/dataset.json,30daaac9157db37ceda0cc444f6c9c304e91cf17e0164d0a12bc354539937151,true,ee5733cd76ecc2f9d8ff156adc3c02a7a851051dcf43a2d56ff4ee4ff606bdb3,5.328990058101005,38240,ablation-10-add-bit-plane,mathzip,balanced,10 add bit-plane,1,ok,,3,3,31100,1.229581993569132,0.18671548117154813,18.671548117154813,6.506276150627615,0.0,0.9548811049899086,0.008849569974699989,0.04004687054772555,4.321113919583012,0.9532769999987067,0.007694999998420826,4042752.0,true,true,4d547cc7768aee0aecec9fa3f64eb847f1a551851a5a3aa2b4c3072ea0785ad8,ee5733cd76ecc2f9d8ff156adc3c02a7a851051dcf43a2d56ff4ee4ff606bdb3,"[{""type"":""identity""}]",10,3824.0,2048.0,"{""periodic"":3,""raw"":7}","{""bit_pack"":1,""raw"":1,""sparse"":5,""zero_run"":3}",39,360,30581,120,86.61087866108787,16.06694560669456,5.291406874978257,30581,3,0,0.013858735,0.19052596,0.743981575,"[""'<repo>/target/release/mathzip' compress --mode balanced --max-input-bytes 8589934592 --no-sync --force --models raw,constant,affine,polynomial,periodic,recurrence --transforms identity,bit-plane --segmentation adaptive --metrics-output '<work>/archive.mz.metrics.json' '<repo>/datasets/data/canterbury/sum' '<work>/archive.mz'"",""'<repo>/target/release/mathzip' decompress --max-archive-bytes 17179869184 --max-output-bytes 8589934592 --max-segments 8388608 --no-sync --force '<work>/archive.mz' '<work>/restored.bin'""]",{}
mathzip-benchmark-results-v1,20260725T170925Z-dde3921f,ablation,canterbury_ablation,datasets/data/canterbury/sum,sum,Upstream files retain their original terms; see dataset manifest,datasets/manifests/canterbury.json,datasets/data/canterbury/dataset.json,30daaac9157db37ceda0cc444f6c9c304e91cf17e0164d0a12bc354539937151,true,ee5733cd76ecc2f9d8ff156adc3c02a7a851051dcf43a2d56ff4ee4ff606bdb3,5.328990058101005,38240,ablation-11-add-stride,mathzip,balanced,11 add stride transpose,1,ok,,3,3,29693,1.2878456201798403,0.2235094142259414,22.35094142259414,6.211924686192469,0.0,3.1583691030100454,0.009951468993676826,0.01210751459148832,3.8426487611324256,3.1549469999990833,0.008531999999831896,4034560.0,true,true,6feb1173a615160a0e6efc968b3f9beabe17b0faea4d7292af9f0e54cf901050,ee5733cd76ecc2f9d8ff156adc3c02a7a851051dcf43a2d56ff4ee4ff606bdb3,"[{""stride"":4,""type"":""stride""}]",15,2549.3333333333335,2048.0,"{""periodic"":1,""raw"":9,""recurrence"":5}","{""bit_pack"":4,""raw"":3,""rle"":2,""zero_run"":6}",41,540,28990,122,65.18828451882845,25.02092050209205,5.803636928603439,28990,6,0,0.029766994,0.639248427,2.479071844,"[""'<repo>/target/release/mathzip' compress --mode balanced --max-input-bytes 8589934592 --no-sync --force --models raw,constant,affine,polynomial,periodic,recurrence --transforms identity,bit-plane,stride --segmentation adaptive --metrics-output '<work>/archive.mz.metrics.json' '<repo>/datasets/data/canterbury/sum' '<work>/archive.mz'"",""'<repo>/target/release/mathzip' decompress --max-archive-bytes 17179869184 --max-output-bytes 8589934592 --max-segments 8388608 --no-sync --force '<work>/archive.mz' '<work>/restored.bin'""]",{}
mathzip-benchmark-results-v1,20260725T170925Z-dde3921f,ablation,canterbury_ablation,datasets/data/canterbury/sum,sum,Upstream files retain their original terms; see dataset manifest,datasets/manifests/canterbury.json,datasets/data/canterbury/dataset.json,30daaac9157db37ceda0cc444f6c9c304e91cf17e0164d0a12bc354539937151,true,ee5733cd76ecc2f9d8ff156adc3c02a7a851051dcf43a2d56ff4ee4ff606bdb3,5.328990058101005,38240,ablation-12-add-copy,mathzip,balanced,12 add copy/reference,1,ok,,3,3,29693,1.2878456201798403,0.2235094142259414,22.35094142259414,6.211924686192469,0.0,3.1491124119784217,0.0071426159993279725,0.012143104150409105,5.353780744141627,3.1456149999994523,0.00588900000002468,4079616.0,true,true,6feb1173a615160a0e6efc968b3f9beabe17b0faea4d7292af9f0e54cf901050,ee5733cd76ecc2f9d8ff156adc3c02a7a851051dcf43a2d56ff4ee4ff606bdb3,"[{""stride"":4,""type"":""stride""}]",15,2549.3333333333335,2048.0,"{""periodic"":1,""raw"":9,""recurrence"":5}","{""bit_pack"":4,""raw"":3,""rle"":2,""zero_run"":6}",41,540,28990,122,65.18828451882845,25.02092050209205,5.803636928603439,28990,6,0,0.028649962,0.638589585,2.471445013,"[""'<repo>/target/release/mathzip' compress --mode balanced --max-input-bytes 8589934592 --no-sync --force --models raw,constant,affine,polynomial,periodic,recurrence,copy --transforms identity,bit-plane,stride --segmentation adaptive --metrics-output '<work>/archive.mz.metrics.json' '<repo>/datasets/data/canterbury/sum' '<work>/archive.mz'"",""'<repo>/target/release/mathzip' decompress --max-archive-bytes 17179869184 --max-output-bytes 8589934592 --max-segments 8388608 --no-sync --force '<work>/archive.mz' '<work>/restored.bin'""]",{}
mathzip-benchmark-results-v1,20260725T170925Z-dde3921f,ablation,canterbury_ablation,datasets/data/canterbury/sum,sum,Upstream files retain their original terms; see dataset manifest,datasets/manifests/canterbury.json,datasets/data/canterbury/dataset.json,30daaac9157db37ceda0cc444f6c9c304e91cf17e0164d0a12bc354539937151,true,ee5733cd76ecc2f9d8ff156adc3c02a7a851051dcf43a2d56ff4ee4ff606bdb3,5.328990058101005,38240,ablation-13-custom-residual,mathzip,balanced,13 custom residual coders,1,ok,,3,3,29693,1.2878456201798403,0.2235094142259414,22.35094142259414,6.211924686192469,0.0,4.786353206000058,0.005780380015494302,0.00798938113302279,6.615482009400373,4.781917999998768,0.004787000001670094,4198400.0,true,true,6feb1173a615160a0e6efc968b3f9beabe17b0faea4d7292af9f0e54cf901050,ee5733cd76ecc2f9d8ff156adc3c02a7a851051dcf43a2d56ff4ee4ff606bdb3,"[{""stride"":4,""type"":""stride""}]",15,2549.3333333333335,2048.0,"{""periodic"":1,""raw"":9,""recurrence"":5}","{""bit_pack"":4,""raw"":3,""rle"":2,""zero_run"":6}",41,540,28990,122,65.18828451882845,25.02092050209205,5.803636928603439,28990,6,0,0.03932087,0.885024006,3.854466171,"[""'<repo>/target/release/mathzip' compress --mode balanced --max-input-bytes 8589934592 --no-sync --force --residual-coders raw,rle,zero-run,sparse,bit-pack --metrics-output '<work>/archive.mz.metrics.json' '<repo>/datasets/data/canterbury/sum' '<work>/archive.mz'"",""'<repo>/target/release/mathzip' decompress --max-archive-bytes 17179869184 --max-output-bytes 8589934592 --max-segments 8388608 --no-sync --force '<work>/archive.mz' '<work>/restored.bin'""]",{}
mathzip-benchmark-results-v1,20260725T170925Z-dde3921f,ablation,canterbury_ablation,datasets/data/canterbury/sum,sum,Upstream files retain their original terms; see dataset manifest,datasets/manifests/canterbury.json,datasets/data/canterbury/dataset.json,30daaac9157db37ceda0cc444f6c9c304e91cf17e0164d0a12bc354539937151,true,ee5733cd76ecc2f9d8ff156adc3c02a7a851051dcf43a2d56ff4ee4ff606bdb3,5.328990058101005,38240,ablation-14-zstd-residual,mathzip,balanced,14 Zstd residual coder,1,ok,,3,3,13675,2.796343692870201,0.6423901673640167,64.23901673640167,2.8608786610878663,0.0,5.080357538012322,0.005796462006401271,0.007527029291517407,6.597127688885048,5.075246000000334,0.004667999999583117,4308992.0,true,true,879a7cdaff1e0f8bf88ffcf3d11b2865d1bd258bcfce420bcb9941551fa4bfe3,ee5733cd76ecc2f9d8ff156adc3c02a7a851051dcf43a2d56ff4ee4ff606bdb3,"[{""type"":""identity""}]",5,7648.0,9216.0,"{""affine"":2,""raw"":3}","{""zstd"":5}",4,180,13371,120,35.73221757322176,0.0,5.7714654255089775,13371,2,2,0.037212258,0.881593872,4.15315598,"[""'<repo>/target/release/mathzip' compress --mode balanced --max-input-bytes 8589934592 --no-sync --force --residual-coders zstd --metrics-output '<work>/archive.mz.metrics.json' '<repo>/datasets/data/canterbury/sum' '<work>/archive.mz'"",""'<repo>/target/release/mathzip' decompress --max-archive-bytes 17179869184 --max-output-bytes 8589934592 --max-segments 8388608 --no-sync --force '<work>/archive.mz' '<work>/restored.bin'""]",{}
mathzip-benchmark-results-v1,20260725T170925Z-dde3921f,ablation,canterbury_ablation,datasets/data/canterbury/sum,sum,Upstream files retain their original terms; see dataset manifest,datasets/manifests/canterbury.json,datasets/data/canterbury/dataset.json,30daaac9157db37ceda0cc444f6c9c304e91cf17e0164d0a12bc354539937151,true,ee5733cd76ecc2f9d8ff156adc3c02a7a851051dcf43a2d56ff4ee4ff606bdb3,5.328990058101005,38240,ablation-15-no-transform,mathzip,balanced,15 identity transform only,1,ok,,3,3,31100,1.229581993569132,0.18671548117154813,18.671548117154813,6.506276150627615,0.0,0.5397982299909927,0.009624222991988063,0.07084128453077383,3.973307770594457,0.5384580000009009,0.008524999999281135,4116480.0,true,true,4d547cc7768aee0aecec9fa3f64eb847f1a551851a5a3aa2b4c3072ea0785ad8,ee5733cd76ecc2f9d8ff156adc3c02a7a851051dcf43a2d56ff4ee4ff606bdb3,"[{""type"":""identity""}]",10,3824.0,2048.0,"{""periodic"":3,""raw"":7}","{""bit_pack"":1,""raw"":1,""sparse"":5,""zero_run"":3}",39,360,30581,120,86.61087866108787,16.06694560669456,5.291406874978257,30581,3,0,0.005915842,0.078556228,0.446682289,"[""'<repo>/target/release/mathzip' compress --mode balanced --max-input-bytes 8589934592 --no-sync --force --transforms identity --metrics-output '<work>/archive.mz.metrics.json' '<repo>/datasets/data/canterbury/sum' '<work>/archive.mz'"",""'<repo>/target/release/mathzip' decompress --max-archive-bytes 17179869184 --max-output-bytes 8589934592 --max-segments 8388608 --no-sync --force '<work>/archive.mz' '<work>/restored.bin'""]",{}
mathzip-benchmark-results-v1,20260725T170925Z-dde3921f,ablation,canterbury_ablation,datasets/data/canterbury/sum,sum,Upstream files retain their original terms; see dataset manifest,datasets/manifests/canterbury.json,datasets/data/canterbury/dataset.json,30daaac9157db37ceda0cc444f6c9c304e91cf17e0164d0a12bc354539937151,true,ee5733cd76ecc2f9d8ff156adc3c02a7a851051dcf43a2d56ff4ee4ff606bdb3,5.328990058101005,38240,ablation-16-no-adaptive-partition,mathzip,balanced,16 fixed partition,1,ok,,3,3,32423,1.1794096783147765,0.15211820083682004,15.211820083682003,6.78305439330544,0.0,0.20993754302617162,0.0061687570123467594,0.18214941190977385,6.1989797820635,0.2086989999988873,0.005022000001190463,3817472.0,true,true,e117630723374b7d321151df5402ed2ce40676bcf940268d62609bd044dd47e1,ee5733cd76ecc2f9d8ff156adc3c02a7a851051dcf43a2d56ff4ee4ff606bdb3,"[{""type"":""identity""}]",10,3824.0,4096.0,"{""periodic"":1,""raw"":9}","{""bit_pack"":3,""raw"":1,""sparse"":1,""zero_run"":5}",13,360,31930,120,89.2887029288703,10.711297071129707,5.3707596824292265,31930,1,0,0.008890081,0.044044239,0.14926058,"[""'<repo>/target/release/mathzip' compress --mode balanced --max-input-bytes 8589934592 --no-sync --force --segmentation fixed --segment-size 4096 --metrics-output '<work>/archive.mz.metrics.json' '<repo>/datasets/data/canterbury/sum' '<work>/archive.mz'"",""'<repo>/target/release/mathzip' decompress --max-archive-bytes 17179869184 --max-output-bytes 8589934592 --max-segments 8388608 --no-sync --force '<work>/archive.mz' '<work>/restored.bin'""]",{}
mathzip-benchmark-results-v1,20260725T170925Z-dde3921f,ablation,canterbury_ablation,datasets/data/canterbury/sum,sum,Upstream files retain their original terms; see dataset manifest,datasets/manifests/canterbury.json,datasets/data/canterbury/dataset.json,30daaac9157db37ceda0cc444f6c9c304e91cf17e0164d0a12bc354539937151,true,ee5733cd76ecc2f9d8ff156adc3c02a7a851051dcf43a2d56ff4ee4ff606bdb3,5.328990058101005,38240,ablation-17-no-raw-fallback,mathzip,balanced,17 no raw fallback,1,ok,,3,3,29693,1.2878456201798403,0.2235094142259414,22.35094142259414,6.211924686192469,0.0,4.768985539005371,0.00659663398982957,0.008018476820119571,5.796895819740329,4.763681000000361,0.005687999999281601,4182016.0,true,true,6feb1173a615160a0e6efc968b3f9beabe17b0faea4d7292af9f0e54cf901050,ee5733cd76ecc2f9d8ff156adc3c02a7a851051dcf43a2d56ff4ee4ff606bdb3,"[{""stride"":4,""type"":""stride""}]",15,2549.3333333333335,2048.0,"{""periodic"":1,""raw"":9,""recurrence"":5}","{""bit_pack"":4,""raw"":3,""rle"":2,""zero_run"":6}",41,540,28990,122,65.18828451882845,25.02092050209205,5.803636928603439,28990,6,0,0.037866833,0.878942494,3.8453875269999997,"[""'<repo>/target/release/mathzip' compress --mode balanced --max-input-bytes 8589934592 --no-sync --force --no-raw-fallback --metrics-output '<work>/archive.mz.metrics.json' '<repo>/datasets/data/canterbury/sum' '<work>/archive.mz'"",""'<repo>/target/release/mathzip' decompress --max-archive-bytes 17179869184 --max-output-bytes 8589934592 --max-segments 8388608 --no-sync --force '<work>/archive.mz' '<work>/restored.bin'""]",{}
mathzip-benchmark-results-v1,20260725T170925Z-dde3921f,ablation,canterbury_ablation,datasets/data/canterbury/sum,sum,Upstream files retain their original terms; see dataset manifest,datasets/manifests/canterbury.json,datasets/data/canterbury/dataset.json,30daaac9157db37ceda0cc444f6c9c304e91cf17e0164d0a12bc354539937151,true,ee5733cd76ecc2f9d8ff156adc3c02a7a851051dcf43a2d56ff4ee4ff606bdb3,5.328990058101005,38240,ablation-18-fast,mathzip,fast,18 fast mode,1,ok,,3,3,34861,1.0969277989730644,0.08836297071129706,8.836297071129707,7.2930962343096235,0.0,0.029059207998216152,0.008621892979135737,1.3159340062656708,4.435220907118381,0.02785300000141433,0.007457000001522829,3694592.0,true,true,6e6f8e2c2d2ed26e6d182534dd1a6b026aac4a81a69536f16b47b96dff19d043,ee5733cd76ecc2f9d8ff156adc3c02a7a851051dcf43a2d56ff4ee4ff606bdb3,"[{""type"":""identity""}]",3,12746.666666666666,16384.0,"{""raw"":3}","{""zero_run"":3}",0,108,34633,120,100.0,0.0,5.328990058101005,34633,0,0,0.003304143,0.000603309,0.017790832,"[""'<repo>/target/release/mathzip' compress --mode fast --max-input-bytes 8589934592 --no-sync --force --metrics-output '<work>/archive.mz.metrics.json' '<repo>/datasets/data/canterbury/sum' '<work>/archive.mz'"",""'<repo>/target/release/mathzip' decompress --max-archive-bytes 17179869184 --max-output-bytes 8589934592 --max-segments 8388608 --no-sync --force '<work>/archive.mz' '<work>/restored.bin'""]",{}
mathzip-benchmark-results-v1,20260725T170925Z-dde3921f,ablation,canterbury_ablation,datasets/data/canterbury/sum,sum,Upstream files retain their original terms; see dataset manifest,datasets/manifests/canterbury.json,datasets/data/canterbury/dataset.json,30daaac9157db37ceda0cc444f6c9c304e91cf17e0164d0a12bc354539937151,true,ee5733cd76ecc2f9d8ff156adc3c02a7a851051dcf43a2d56ff4ee4ff606bdb3,5.328990058101005,38240,ablation-19-balanced,mathzip,balanced,19 balanced mode,1,ok,,3,3,29693,1.2878456201798403,0.2235094142259414,22.35094142259414,6.211924686192469,0.0,4.778988486999879,0.005429730983451009,0.00800169326710516,7.042706188676693,4.77288100000078,0.0043859999987034826,4243456.0,true,true,6feb1173a615160a0e6efc968b3f9beabe17b0faea4d7292af9f0e54cf901050,ee5733cd76ecc2f9d8ff156adc3c02a7a851051dcf43a2d56ff4ee4ff606bdb3,"[{""stride"":4,""type"":""stride""}]",15,2549.3333333333335,2048.0,"{""periodic"":1,""raw"":9,""recurrence"":5}","{""bit_pack"":4,""raw"":3,""rle"":2,""zero_run"":6}",41,540,28990,122,65.18828451882845,25.02092050209205,5.803636928603439,28990,6,0,0.037939728,0.883220858,3.849060096,"[""'<repo>/target/release/mathzip' compress --mode balanced --max-input-bytes 8589934592 --no-sync --force --metrics-output '<work>/archive.mz.metrics.json' '<repo>/datasets/data/canterbury/sum' '<work>/archive.mz'"",""'<repo>/target/release/mathzip' decompress --max-archive-bytes 17179869184 --max-output-bytes 8589934592 --max-segments 8388608 --no-sync --force '<work>/archive.mz' '<work>/restored.bin'""]",{}
mathzip-benchmark-results-v1,20260725T170925Z-dde3921f,ablation,canterbury_ablation,datasets/data/canterbury/sum,sum,Upstream files retain their original terms; see dataset manifest,datasets/manifests/canterbury.json,datasets/data/canterbury/dataset.json,30daaac9157db37ceda0cc444f6c9c304e91cf17e0164d0a12bc354539937151,true,ee5733cd76ecc2f9d8ff156adc3c02a7a851051dcf43a2d56ff4ee4ff606bdb3,5.328990058101005,38240,ablation-20-max,mathzip,max,20 max mode,1,ok,,3,3,29146,1.3120153708913744,0.2378138075313807,23.78138075313807,6.097489539748954,0.0,18.333197811007267,0.0077015970018692315,0.0020858336005648,4.965203968828658,18.3192399999989,0.006586000001334469,4083712.0,true,true,dfe01a2feeec45efd610d434d2a09503dc5040912b9b5f920ef0389f39b06a4c,ee5733cd76ecc2f9d8ff156adc3c02a7a851051dcf43a2d56ff4ee4ff606bdb3,"[{""stride"":4,""type"":""stride""}]",24,1593.3333333333333,1536.0,"{""raw"":16,""recurrence"":8}","{""bit_pack"":6,""raw"":6,""rle"":2,""sparse"":3,""zero_run"":7}",64,864,28096,122,73.89121338912133,24.351464435146443,5.735532582637462,28096,8,0,0.061139313,8.928168592,9.332190567,"[""'<repo>/target/release/mathzip' compress --mode max --max-input-bytes 8589934592 --no-sync --force --metrics-output '<work>/archive.mz.metrics.json' '<repo>/datasets/data/canterbury/sum' '<work>/archive.mz'"",""'<repo>/target/release/mathzip' decompress --max-archive-bytes 17179869184 --max-output-bytes 8589934592 --max-segments 8388608 --no-sync --force '<work>/archive.mz' '<work>/restored.bin'""]",{}
mathzip-benchmark-results-v1,20260725T170925Z-dde3921f,ablation,canterbury_ablation,datasets/data/canterbury/sum,sum,Upstream files retain their original terms; see dataset manifest,datasets/manifests/canterbury.json,datasets/data/canterbury/dataset.json,30daaac9157db37ceda0cc444f6c9c304e91cf17e0164d0a12bc354539937151,true,ee5733cd76ecc2f9d8ff156adc3c02a7a851051dcf43a2d56ff4ee4ff606bdb3,5.328990058101005,38240,zstd-default,zstd,default,,1,ok,,3,3,13379,2.858210628597055,0.6501307531380753,65.01307531380753,2.7989539748953973,0.0,0.0060135840030852705,0.005062574986368418,6.358936697380624,7.553468364017467,0.005490000001373119,0.004544999997960986,380928.0,true,true,57b1f9b3e6d808dbb9516a6412874a9d1158342f495040b6e09098c46d342c17,ee5733cd76ecc2f9d8ff156adc3c02a7a851051dcf43a2d56ff4ee4ff606bdb3,,,,,,,,,,,,,,,,,,,,"[""'<external>/zstd' -q -d -c '<work>/archive.zst'"",""'<external>/zstd' -q -f -T1 -3 -c '<repo>/datasets/data/canterbury/sum'""]",{}
