baseline_codec,baseline_config,mathsvg_profile,dataset,file,original_bytes,baseline_bytes,mathsvg_bytes,baseline_compression_ns,mathsvg_compression_ns,baseline_decompression_ns,mathsvg_decompression_ns,baseline_peak_rss,mathsvg_peak_rss,size_not_worse,compression_not_worse,decompression_not_worse,memory_not_worse,strict_metric_count,confidence_status,roundtrip_ok,native_mathsvg,schema_version,row_scope,experiment_id,machine_id,architecture,source_commit,dataset_manifest_sha256,randomization_seed,measurement_method,measurement_tool_sha256,split,dataset_id,input_sha256,threads,mathsvg_codec,mathsvg_codec_config,mathsvg_config_sha256,mathsvg_executable_sha256,mathsvg_status,baseline_config_sha256,baseline_executable_sha256,baseline_status,size_confidence_status,compression_confidence_status,decompression_confidence_status,memory_confidence_status,comparison_status,certificate_pass,failure_reason
gzip-6,gzip-6,balanced,validation,__aggregate__,79477825,65399882,66766367,4165809910,80744394675.5,1177061333,9245054730.5,2084864,27561984,false,false,false,false,0,confirmed,true,true,1,corpus,validation-v4-final-binary,local-x86-64,x86_64,36f84685dc00064dae9a239face7e8eff797ed28,eb89ca9bad1783e5aada0b0b7b949e1097f0f3dfb84dcd87dd1006670a8e8e5e,1297748005,gnu-time-v1-monotonic-wall,3b11dec50514a8473e9f6efa7a34d584d0657538c09988f61b72d38ad4991a10,validation,__aggregate__,,1,mathsvg,balanced-v1,70bb1e0dd999f0b072e68b38dc1ccb8bfc77175771bc5f1175f649a0aafa789e,8f1ca1238a4c2d6495b7cff729ce6ecb34da3f844a557ea7b90b0d9d52a10787,complete,bf920ab8461c6c60c8cc32db3d853f55655e60793cf7f64068847ad56c2b2e67,afea077ce127d4fa9ad410d3066ba2b54dea19c0b44f04adf56c72d5f7b7a9bb,complete,confirmed,confirmed,confirmed,confirmed,fail,false,size worse by 1366485 (2.08943%); compression worse by 76578584765.5 (1838.26%); decompression worse by 8067993397.5 (685.435%); memory worse by 25477120 (1222%)
lz4,lz4,balanced,validation,__aggregate__,79477825,69643519,66766367,633521840.5,80744394675.5,569443881.5,9245054730.5,9998336,27561984,true,false,false,false,1,confirmed,true,true,1,corpus,validation-v4-final-binary,local-x86-64,x86_64,36f84685dc00064dae9a239face7e8eff797ed28,eb89ca9bad1783e5aada0b0b7b949e1097f0f3dfb84dcd87dd1006670a8e8e5e,1297748005,gnu-time-v1-monotonic-wall,3b11dec50514a8473e9f6efa7a34d584d0657538c09988f61b72d38ad4991a10,validation,__aggregate__,,1,mathsvg,balanced-v1,70bb1e0dd999f0b072e68b38dc1ccb8bfc77175771bc5f1175f649a0aafa789e,8f1ca1238a4c2d6495b7cff729ce6ecb34da3f844a557ea7b90b0d9d52a10787,complete,56c1b7390551d55bb056da7122b41ac3f7e4459570e4627ac278f7c91d669491,87c0d5d060fd36c685b98a38611b7bd6c4614d40b36d29be84edcd6c173f8160,complete,confirmed,confirmed,confirmed,confirmed,fail,false,compression worse by 80110872835 (12645.3%); decompression worse by 8675610849 (1523.52%); memory worse by 17563648 (175.666%)
xz-9e,xz-9e,balanced,validation,__aggregate__,79477825,62312892,66766367,57038623477.5,80744394675.5,5500572419,9245054730.5,647796736,27561984,false,false,false,true,1,confirmed,true,true,1,corpus,validation-v4-final-binary,local-x86-64,x86_64,36f84685dc00064dae9a239face7e8eff797ed28,eb89ca9bad1783e5aada0b0b7b949e1097f0f3dfb84dcd87dd1006670a8e8e5e,1297748005,gnu-time-v1-monotonic-wall,3b11dec50514a8473e9f6efa7a34d584d0657538c09988f61b72d38ad4991a10,validation,__aggregate__,,1,mathsvg,balanced-v1,70bb1e0dd999f0b072e68b38dc1ccb8bfc77175771bc5f1175f649a0aafa789e,8f1ca1238a4c2d6495b7cff729ce6ecb34da3f844a557ea7b90b0d9d52a10787,complete,1bd3a8a1a914bf55087f30b641adcacaac8d04f2cc5a9c21f3668bf2f6727da6,b5b163eb273291934556377ab883b4b2a5d4da50bd0dc0a91774ecc234ccd8d0,complete,confirmed,confirmed,confirmed,confirmed,fail,false,size worse by 4453475 (7.14696%); compression worse by 23705771198 (41.5609%); decompression worse by 3744482311.5 (68.0744%)
zstd-default,zstd-default,balanced,validation,__aggregate__,79477825,65735539,66766367,1241975277.5,80744394675.5,567683378,9245054730.5,55142400,27561984,false,false,false,true,1,confirmed,true,true,1,corpus,validation-v4-final-binary,local-x86-64,x86_64,36f84685dc00064dae9a239face7e8eff797ed28,eb89ca9bad1783e5aada0b0b7b949e1097f0f3dfb84dcd87dd1006670a8e8e5e,1297748005,gnu-time-v1-monotonic-wall,3b11dec50514a8473e9f6efa7a34d584d0657538c09988f61b72d38ad4991a10,validation,__aggregate__,,1,mathsvg,balanced-v1,70bb1e0dd999f0b072e68b38dc1ccb8bfc77175771bc5f1175f649a0aafa789e,8f1ca1238a4c2d6495b7cff729ce6ecb34da3f844a557ea7b90b0d9d52a10787,complete,8afdee0e1fe04f0a9c92a00ebbd438b50004de9dcdf47ce697a89ac0bdae40a5,7c5468b370f7c47eda07281e3437fafc568f95d10420051e3aa522709f9342c5,complete,confirmed,confirmed,confirmed,confirmed,fail,false,size worse by 1030828 (1.56814%); compression worse by 79502419398 (6401.29%); decompression worse by 8677371352.5 (1528.56%)
gzip-6,gzip-6,balanced,validation,datasets/data/corpus-completion/validation/controls/flac-test/60-mono-audio.flac,47782,39036,39602,8936087.5,33997924.5,8834008,14525468.5,1755136,4403200,false,false,false,false,0,confirmed,true,true,1,file,validation-v4-final-binary,local-x86-64,x86_64,36f84685dc00064dae9a239face7e8eff797ed28,eb89ca9bad1783e5aada0b0b7b949e1097f0f3dfb84dcd87dd1006670a8e8e5e,1297748005,gnu-time-v1-monotonic-wall,3b11dec50514a8473e9f6efa7a34d584d0657538c09988f61b72d38ad4991a10,validation,validation-control-ietf-flac-mono-audio,20539fbbd6ae28cea2b2182a4c60c6c70cbb710a136199fc83200c4e5fa00b1c,1,mathsvg,balanced-v1,70bb1e0dd999f0b072e68b38dc1ccb8bfc77175771bc5f1175f649a0aafa789e,8f1ca1238a4c2d6495b7cff729ce6ecb34da3f844a557ea7b90b0d9d52a10787,complete,bf920ab8461c6c60c8cc32db3d853f55655e60793cf7f64068847ad56c2b2e67,afea077ce127d4fa9ad410d3066ba2b54dea19c0b44f04adf56c72d5f7b7a9bb,complete,confirmed,confirmed,confirmed,confirmed,fail,false,size worse by 566 (1.44994%); compression worse by 25061837 (280.456%); decompression worse by 5691460.5 (64.4267%); memory worse by 2648064 (150.875%)
lz4,lz4,balanced,validation,datasets/data/corpus-completion/validation/controls/flac-test/60-mono-audio.flac,47782,39315,39602,8866385,33997924.5,8851969.5,14525468.5,1740800,4403200,false,false,false,false,0,confirmed,true,true,1,file,validation-v4-final-binary,local-x86-64,x86_64,36f84685dc00064dae9a239face7e8eff797ed28,eb89ca9bad1783e5aada0b0b7b949e1097f0f3dfb84dcd87dd1006670a8e8e5e,1297748005,gnu-time-v1-monotonic-wall,3b11dec50514a8473e9f6efa7a34d584d0657538c09988f61b72d38ad4991a10,validation,validation-control-ietf-flac-mono-audio,20539fbbd6ae28cea2b2182a4c60c6c70cbb710a136199fc83200c4e5fa00b1c,1,mathsvg,balanced-v1,70bb1e0dd999f0b072e68b38dc1ccb8bfc77175771bc5f1175f649a0aafa789e,8f1ca1238a4c2d6495b7cff729ce6ecb34da3f844a557ea7b90b0d9d52a10787,complete,56c1b7390551d55bb056da7122b41ac3f7e4459570e4627ac278f7c91d669491,87c0d5d060fd36c685b98a38611b7bd6c4614d40b36d29be84edcd6c173f8160,complete,confirmed,confirmed,confirmed,confirmed,fail,false,size worse by 287 (0.730001%); compression worse by 25131539.5 (283.447%); decompression worse by 5673499 (64.0931%); memory worse by 2662400 (152.941%)
xz-9e,xz-9e,balanced,validation,datasets/data/corpus-completion/validation/controls/flac-test/60-mono-audio.flac,47782,39264,39602,217415898,33997924.5,16918723.5,14525468.5,64012288,4403200,false,true,true,true,3,inconclusive,true,true,1,file,validation-v4-final-binary,local-x86-64,x86_64,36f84685dc00064dae9a239face7e8eff797ed28,eb89ca9bad1783e5aada0b0b7b949e1097f0f3dfb84dcd87dd1006670a8e8e5e,1297748005,gnu-time-v1-monotonic-wall,3b11dec50514a8473e9f6efa7a34d584d0657538c09988f61b72d38ad4991a10,validation,validation-control-ietf-flac-mono-audio,20539fbbd6ae28cea2b2182a4c60c6c70cbb710a136199fc83200c4e5fa00b1c,1,mathsvg,balanced-v1,70bb1e0dd999f0b072e68b38dc1ccb8bfc77175771bc5f1175f649a0aafa789e,8f1ca1238a4c2d6495b7cff729ce6ecb34da3f844a557ea7b90b0d9d52a10787,complete,1bd3a8a1a914bf55087f30b641adcacaac8d04f2cc5a9c21f3668bf2f6727da6,b5b163eb273291934556377ab883b4b2a5d4da50bd0dc0a91774ecc234ccd8d0,complete,confirmed,confirmed,inconclusive,confirmed,inconclusive,false,size worse by 338 (0.860839%); decompression confidence is inconclusive
zstd-default,zstd-default,balanced,validation,datasets/data/corpus-completion/validation/controls/flac-test/60-mono-audio.flac,47782,39134,39602,9105809,33997924.5,8969025,14525468.5,3059712,4403200,false,false,false,false,0,inconclusive,true,true,1,file,validation-v4-final-binary,local-x86-64,x86_64,36f84685dc00064dae9a239face7e8eff797ed28,eb89ca9bad1783e5aada0b0b7b949e1097f0f3dfb84dcd87dd1006670a8e8e5e,1297748005,gnu-time-v1-monotonic-wall,3b11dec50514a8473e9f6efa7a34d584d0657538c09988f61b72d38ad4991a10,validation,validation-control-ietf-flac-mono-audio,20539fbbd6ae28cea2b2182a4c60c6c70cbb710a136199fc83200c4e5fa00b1c,1,mathsvg,balanced-v1,70bb1e0dd999f0b072e68b38dc1ccb8bfc77175771bc5f1175f649a0aafa789e,8f1ca1238a4c2d6495b7cff729ce6ecb34da3f844a557ea7b90b0d9d52a10787,complete,8afdee0e1fe04f0a9c92a00ebbd438b50004de9dcdf47ce697a89ac0bdae40a5,7c5468b370f7c47eda07281e3437fafc568f95d10420051e3aa522709f9342c5,complete,confirmed,confirmed,inconclusive,confirmed,inconclusive,false,size worse by 468 (1.19589%); compression worse by 24892115.5 (273.365%); decompression confidence is inconclusive; decompression point estimate worse by 5556443.5 (61.9515%); memory worse by 1343488 (43.909%)
gzip-6,gzip-6,balanced,validation,datasets/data/corpus-completion/validation/controls/libavif-v1.2.1/paris_icc_exif_xmp.avif,21132,17436,18336,9003230.5,33289578,8772100.5,11047662,1691648,4075520,false,false,false,false,0,inconclusive,true,true,1,file,validation-v4-final-binary,local-x86-64,x86_64,36f84685dc00064dae9a239face7e8eff797ed28,eb89ca9bad1783e5aada0b0b7b949e1097f0f3dfb84dcd87dd1006670a8e8e5e,1297748005,gnu-time-v1-monotonic-wall,3b11dec50514a8473e9f6efa7a34d584d0657538c09988f61b72d38ad4991a10,validation,validation-control-libavif-v1-2-1-avif,961bc38b61e60b7651fa20efa24269ae2f35e4958822a81c908c9bbf9b3f66e1,1,mathsvg,balanced-v1,70bb1e0dd999f0b072e68b38dc1ccb8bfc77175771bc5f1175f649a0aafa789e,8f1ca1238a4c2d6495b7cff729ce6ecb34da3f844a557ea7b90b0d9d52a10787,complete,bf920ab8461c6c60c8cc32db3d853f55655e60793cf7f64068847ad56c2b2e67,afea077ce127d4fa9ad410d3066ba2b54dea19c0b44f04adf56c72d5f7b7a9bb,complete,confirmed,confirmed,inconclusive,confirmed,inconclusive,false,size worse by 900 (5.16173%); compression worse by 24286347.5 (269.751%); decompression confidence is inconclusive; decompression point estimate worse by 2275561.5 (25.9409%); memory worse by 2383872 (140.92%)
lz4,lz4,balanced,validation,datasets/data/corpus-completion/validation/controls/libavif-v1.2.1/paris_icc_exif_xmp.avif,21132,17858,18336,8873492,33289578,8970283,11047662,1740800,4075520,false,false,false,false,0,inconclusive,true,true,1,file,validation-v4-final-binary,local-x86-64,x86_64,36f84685dc00064dae9a239face7e8eff797ed28,eb89ca9bad1783e5aada0b0b7b949e1097f0f3dfb84dcd87dd1006670a8e8e5e,1297748005,gnu-time-v1-monotonic-wall,3b11dec50514a8473e9f6efa7a34d584d0657538c09988f61b72d38ad4991a10,validation,validation-control-libavif-v1-2-1-avif,961bc38b61e60b7651fa20efa24269ae2f35e4958822a81c908c9bbf9b3f66e1,1,mathsvg,balanced-v1,70bb1e0dd999f0b072e68b38dc1ccb8bfc77175771bc5f1175f649a0aafa789e,8f1ca1238a4c2d6495b7cff729ce6ecb34da3f844a557ea7b90b0d9d52a10787,complete,56c1b7390551d55bb056da7122b41ac3f7e4459570e4627ac278f7c91d669491,87c0d5d060fd36c685b98a38611b7bd6c4614d40b36d29be84edcd6c173f8160,complete,confirmed,confirmed,inconclusive,confirmed,inconclusive,false,size worse by 478 (2.67667%); compression worse by 24416086 (275.158%); decompression confidence is inconclusive; decompression point estimate worse by 2077379 (23.1585%); memory worse by 2334720 (134.118%)
xz-9e,xz-9e,balanced,validation,datasets/data/corpus-completion/validation/controls/libavif-v1.2.1/paris_icc_exif_xmp.avif,21132,17172,18336,166006719.5,33289578,10018508.5,11047662,45658112,4075520,false,true,false,true,2,inconclusive,true,true,1,file,validation-v4-final-binary,local-x86-64,x86_64,36f84685dc00064dae9a239face7e8eff797ed28,eb89ca9bad1783e5aada0b0b7b949e1097f0f3dfb84dcd87dd1006670a8e8e5e,1297748005,gnu-time-v1-monotonic-wall,3b11dec50514a8473e9f6efa7a34d584d0657538c09988f61b72d38ad4991a10,validation,validation-control-libavif-v1-2-1-avif,961bc38b61e60b7651fa20efa24269ae2f35e4958822a81c908c9bbf9b3f66e1,1,mathsvg,balanced-v1,70bb1e0dd999f0b072e68b38dc1ccb8bfc77175771bc5f1175f649a0aafa789e,8f1ca1238a4c2d6495b7cff729ce6ecb34da3f844a557ea7b90b0d9d52a10787,complete,1bd3a8a1a914bf55087f30b641adcacaac8d04f2cc5a9c21f3668bf2f6727da6,b5b163eb273291934556377ab883b4b2a5d4da50bd0dc0a91774ecc234ccd8d0,complete,confirmed,confirmed,inconclusive,confirmed,inconclusive,false,size worse by 1164 (6.77848%); decompression confidence is inconclusive; decompression point estimate worse by 1029153.5 (10.2725%)
zstd-default,zstd-default,balanced,validation,datasets/data/corpus-completion/validation/controls/libavif-v1.2.1/paris_icc_exif_xmp.avif,21132,17548,18336,9536071,33289578,8902344.5,11047662,2918400,4075520,false,false,false,false,0,inconclusive,true,true,1,file,validation-v4-final-binary,local-x86-64,x86_64,36f84685dc00064dae9a239face7e8eff797ed28,eb89ca9bad1783e5aada0b0b7b949e1097f0f3dfb84dcd87dd1006670a8e8e5e,1297748005,gnu-time-v1-monotonic-wall,3b11dec50514a8473e9f6efa7a34d584d0657538c09988f61b72d38ad4991a10,validation,validation-control-libavif-v1-2-1-avif,961bc38b61e60b7651fa20efa24269ae2f35e4958822a81c908c9bbf9b3f66e1,1,mathsvg,balanced-v1,70bb1e0dd999f0b072e68b38dc1ccb8bfc77175771bc5f1175f649a0aafa789e,8f1ca1238a4c2d6495b7cff729ce6ecb34da3f844a557ea7b90b0d9d52a10787,complete,8afdee0e1fe04f0a9c92a00ebbd438b50004de9dcdf47ce697a89ac0bdae40a5,7c5468b370f7c47eda07281e3437fafc568f95d10420051e3aa522709f9342c5,complete,confirmed,confirmed,inconclusive,confirmed,inconclusive,false,size worse by 788 (4.49054%); compression worse by 23753507 (249.091%); decompression confidence is inconclusive; decompression point estimate worse by 2145317.5 (24.0983%); memory worse by 1157120 (39.6491%)
gzip-6,gzip-6,balanced,validation,datasets/data/corpus-completion/validation/controls/minimp3/ILL2_layer3.bit,9600,9576,10059,9062405,17262279.5,9106523.5,9331430,1691648,3960832,false,false,false,false,0,inconclusive,true,true,1,file,validation-v4-final-binary,local-x86-64,x86_64,36f84685dc00064dae9a239face7e8eff797ed28,eb89ca9bad1783e5aada0b0b7b949e1097f0f3dfb84dcd87dd1006670a8e8e5e,1297748005,gnu-time-v1-monotonic-wall,3b11dec50514a8473e9f6efa7a34d584d0657538c09988f61b72d38ad4991a10,validation,validation-control-minimp3-ill2-layer3,5af6ab144de30aa837b63608c850611b0b4ae40a640404130be324805f0f0337,1,mathsvg,balanced-v1,70bb1e0dd999f0b072e68b38dc1ccb8bfc77175771bc5f1175f649a0aafa789e,8f1ca1238a4c2d6495b7cff729ce6ecb34da3f844a557ea7b90b0d9d52a10787,complete,bf920ab8461c6c60c8cc32db3d853f55655e60793cf7f64068847ad56c2b2e67,afea077ce127d4fa9ad410d3066ba2b54dea19c0b44f04adf56c72d5f7b7a9bb,complete,confirmed,confirmed,inconclusive,confirmed,inconclusive,false,size worse by 483 (5.04386%); compression worse by 8199874.5 (90.4823%); decompression confidence is inconclusive; decompression point estimate worse by 224906.5 (2.46973%); memory worse by 2269184 (134.14%)
lz4,lz4,balanced,validation,datasets/data/corpus-completion/validation/controls/minimp3/ILL2_layer3.bit,9600,9619,10059,8803640.5,17262279.5,9012339.5,9331430,1740800,3960832,false,false,false,false,0,inconclusive,true,true,1,file,validation-v4-final-binary,local-x86-64,x86_64,36f84685dc00064dae9a239face7e8eff797ed28,eb89ca9bad1783e5aada0b0b7b949e1097f0f3dfb84dcd87dd1006670a8e8e5e,1297748005,gnu-time-v1-monotonic-wall,3b11dec50514a8473e9f6efa7a34d584d0657538c09988f61b72d38ad4991a10,validation,validation-control-minimp3-ill2-layer3,5af6ab144de30aa837b63608c850611b0b4ae40a640404130be324805f0f0337,1,mathsvg,balanced-v1,70bb1e0dd999f0b072e68b38dc1ccb8bfc77175771bc5f1175f649a0aafa789e,8f1ca1238a4c2d6495b7cff729ce6ecb34da3f844a557ea7b90b0d9d52a10787,complete,56c1b7390551d55bb056da7122b41ac3f7e4459570e4627ac278f7c91d669491,87c0d5d060fd36c685b98a38611b7bd6c4614d40b36d29be84edcd6c173f8160,complete,confirmed,confirmed,inconclusive,confirmed,inconclusive,false,size worse by 440 (4.57428%); compression worse by 8458639 (96.0811%); decompression confidence is inconclusive; decompression point estimate worse by 319090.5 (3.5406%); memory worse by 2220032 (127.529%)
xz-9e,xz-9e,balanced,validation,datasets/data/corpus-completion/validation/controls/minimp3/ILL2_layer3.bit,9600,9660,10059,117385015,17262279.5,8887569.5,9331430,31899648,3960832,false,true,false,true,2,inconclusive,true,true,1,file,validation-v4-final-binary,local-x86-64,x86_64,36f84685dc00064dae9a239face7e8eff797ed28,eb89ca9bad1783e5aada0b0b7b949e1097f0f3dfb84dcd87dd1006670a8e8e5e,1297748005,gnu-time-v1-monotonic-wall,3b11dec50514a8473e9f6efa7a34d584d0657538c09988f61b72d38ad4991a10,validation,validation-control-minimp3-ill2-layer3,5af6ab144de30aa837b63608c850611b0b4ae40a640404130be324805f0f0337,1,mathsvg,balanced-v1,70bb1e0dd999f0b072e68b38dc1ccb8bfc77175771bc5f1175f649a0aafa789e,8f1ca1238a4c2d6495b7cff729ce6ecb34da3f844a557ea7b90b0d9d52a10787,complete,1bd3a8a1a914bf55087f30b641adcacaac8d04f2cc5a9c21f3668bf2f6727da6,b5b163eb273291934556377ab883b4b2a5d4da50bd0dc0a91774ecc234ccd8d0,complete,confirmed,confirmed,inconclusive,confirmed,inconclusive,false,size worse by 399 (4.13043%); decompression confidence is inconclusive; decompression point estimate worse by 443860.5 (4.99417%)
zstd-default,zstd-default,balanced,validation,datasets/data/corpus-completion/validation/controls/minimp3/ILL2_layer3.bit,9600,9614,10059,9031559,17262279.5,8938925,9331430,2689024,3960832,false,false,false,false,0,inconclusive,true,true,1,file,validation-v4-final-binary,local-x86-64,x86_64,36f84685dc00064dae9a239face7e8eff797ed28,eb89ca9bad1783e5aada0b0b7b949e1097f0f3dfb84dcd87dd1006670a8e8e5e,1297748005,gnu-time-v1-monotonic-wall,3b11dec50514a8473e9f6efa7a34d584d0657538c09988f61b72d38ad4991a10,validation,validation-control-minimp3-ill2-layer3,5af6ab144de30aa837b63608c850611b0b4ae40a640404130be324805f0f0337,1,mathsvg,balanced-v1,70bb1e0dd999f0b072e68b38dc1ccb8bfc77175771bc5f1175f649a0aafa789e,8f1ca1238a4c2d6495b7cff729ce6ecb34da3f844a557ea7b90b0d9d52a10787,complete,8afdee0e1fe04f0a9c92a00ebbd438b50004de9dcdf47ce697a89ac0bdae40a5,7c5468b370f7c47eda07281e3437fafc568f95d10420051e3aa522709f9342c5,complete,confirmed,confirmed,inconclusive,confirmed,inconclusive,false,size worse by 445 (4.62867%); compression worse by 8230720.5 (91.1329%); decompression confidence is inconclusive; decompression point estimate worse by 392505 (4.39096%); memory worse by 1271808 (47.2963%)
gzip-6,gzip-6,balanced,validation,datasets/data/validation/crates/serde-1.0.229/build.rs,2471,993,1873,8820630.5,18084979.5,8793159.5,9923105.5,1560576,3858432,false,false,false,false,0,inconclusive,true,true,1,file,validation-v4-final-binary,local-x86-64,x86_64,36f84685dc00064dae9a239face7e8eff797ed28,eb89ca9bad1783e5aada0b0b7b949e1097f0f3dfb84dcd87dd1006670a8e8e5e,1297748005,gnu-time-v1-monotonic-wall,3b11dec50514a8473e9f6efa7a34d584d0657538c09988f61b72d38ad4991a10,validation,validation-crates-io-serde-1-0-229-build-rs,e2ea6a7a82f5404c3e28cb055883c737ee7903367a10206fbb47b75c009f0eb3,1,mathsvg,balanced-v1,70bb1e0dd999f0b072e68b38dc1ccb8bfc77175771bc5f1175f649a0aafa789e,8f1ca1238a4c2d6495b7cff729ce6ecb34da3f844a557ea7b90b0d9d52a10787,complete,bf920ab8461c6c60c8cc32db3d853f55655e60793cf7f64068847ad56c2b2e67,afea077ce127d4fa9ad410d3066ba2b54dea19c0b44f04adf56c72d5f7b7a9bb,complete,confirmed,confirmed,inconclusive,confirmed,inconclusive,false,size worse by 880 (88.6203%); compression worse by 9264349 (105.03%); decompression confidence is inconclusive; decompression point estimate worse by 1129946 (12.8503%); memory worse by 2297856 (147.244%)
lz4,lz4,balanced,validation,datasets/data/validation/crates/serde-1.0.229/build.rs,2471,1418,1873,8929514,18084979.5,6201482.5,9923105.5,1740800,3858432,false,false,false,false,0,confirmed,true,true,1,file,validation-v4-final-binary,local-x86-64,x86_64,36f84685dc00064dae9a239face7e8eff797ed28,eb89ca9bad1783e5aada0b0b7b949e1097f0f3dfb84dcd87dd1006670a8e8e5e,1297748005,gnu-time-v1-monotonic-wall,3b11dec50514a8473e9f6efa7a34d584d0657538c09988f61b72d38ad4991a10,validation,validation-crates-io-serde-1-0-229-build-rs,e2ea6a7a82f5404c3e28cb055883c737ee7903367a10206fbb47b75c009f0eb3,1,mathsvg,balanced-v1,70bb1e0dd999f0b072e68b38dc1ccb8bfc77175771bc5f1175f649a0aafa789e,8f1ca1238a4c2d6495b7cff729ce6ecb34da3f844a557ea7b90b0d9d52a10787,complete,56c1b7390551d55bb056da7122b41ac3f7e4459570e4627ac278f7c91d669491,87c0d5d060fd36c685b98a38611b7bd6c4614d40b36d29be84edcd6c173f8160,complete,confirmed,confirmed,confirmed,confirmed,fail,false,size worse by 455 (32.0874%); compression worse by 9155465.5 (102.53%); decompression worse by 3721623 (60.0118%); memory worse by 2117632 (121.647%)
xz-9e,xz-9e,balanced,validation,datasets/data/validation/crates/serde-1.0.229/build.rs,2471,1068,1873,33044204.5,18084979.5,8911383.5,9923105.5,6729728,3858432,false,true,false,true,2,inconclusive,true,true,1,file,validation-v4-final-binary,local-x86-64,x86_64,36f84685dc00064dae9a239face7e8eff797ed28,eb89ca9bad1783e5aada0b0b7b949e1097f0f3dfb84dcd87dd1006670a8e8e5e,1297748005,gnu-time-v1-monotonic-wall,3b11dec50514a8473e9f6efa7a34d584d0657538c09988f61b72d38ad4991a10,validation,validation-crates-io-serde-1-0-229-build-rs,e2ea6a7a82f5404c3e28cb055883c737ee7903367a10206fbb47b75c009f0eb3,1,mathsvg,balanced-v1,70bb1e0dd999f0b072e68b38dc1ccb8bfc77175771bc5f1175f649a0aafa789e,8f1ca1238a4c2d6495b7cff729ce6ecb34da3f844a557ea7b90b0d9d52a10787,complete,1bd3a8a1a914bf55087f30b641adcacaac8d04f2cc5a9c21f3668bf2f6727da6,b5b163eb273291934556377ab883b4b2a5d4da50bd0dc0a91774ecc234ccd8d0,complete,confirmed,inconclusive,inconclusive,confirmed,inconclusive,false,size worse by 805 (75.3745%); compression confidence is inconclusive; decompression confidence is inconclusive; decompression point estimate worse by 1011722 (11.3531%)
zstd-default,zstd-default,balanced,validation,datasets/data/validation/crates/serde-1.0.229/build.rs,2471,1037,1873,8831354,18084979.5,10608385,9923105.5,2816000,3858432,false,false,true,false,1,inconclusive,true,true,1,file,validation-v4-final-binary,local-x86-64,x86_64,36f84685dc00064dae9a239face7e8eff797ed28,eb89ca9bad1783e5aada0b0b7b949e1097f0f3dfb84dcd87dd1006670a8e8e5e,1297748005,gnu-time-v1-monotonic-wall,3b11dec50514a8473e9f6efa7a34d584d0657538c09988f61b72d38ad4991a10,validation,validation-crates-io-serde-1-0-229-build-rs,e2ea6a7a82f5404c3e28cb055883c737ee7903367a10206fbb47b75c009f0eb3,1,mathsvg,balanced-v1,70bb1e0dd999f0b072e68b38dc1ccb8bfc77175771bc5f1175f649a0aafa789e,8f1ca1238a4c2d6495b7cff729ce6ecb34da3f844a557ea7b90b0d9d52a10787,complete,8afdee0e1fe04f0a9c92a00ebbd438b50004de9dcdf47ce697a89ac0bdae40a5,7c5468b370f7c47eda07281e3437fafc568f95d10420051e3aa522709f9342c5,complete,confirmed,confirmed,inconclusive,confirmed,inconclusive,false,size worse by 836 (80.6172%); compression worse by 9253625.5 (104.782%); decompression confidence is inconclusive; memory worse by 1042432 (37.0182%)
gzip-6,gzip-6,balanced,validation,datasets/data/validation/crates/serde-1.0.229/src/core/crate_root.rs,7081,1542,2707,8968805,33185841.5,8787844.5,8973472.5,1560576,3981312,false,false,false,false,0,inconclusive,true,true,1,file,validation-v4-final-binary,local-x86-64,x86_64,36f84685dc00064dae9a239face7e8eff797ed28,eb89ca9bad1783e5aada0b0b7b949e1097f0f3dfb84dcd87dd1006670a8e8e5e,1297748005,gnu-time-v1-monotonic-wall,3b11dec50514a8473e9f6efa7a34d584d0657538c09988f61b72d38ad4991a10,validation,validation-crates-io-serde-1-0-229-src-core-crate-root-rs,157ca402e23c32f11a4f1797c81afb5e9f08df96768012cf3e3199153aafb2dd,1,mathsvg,balanced-v1,70bb1e0dd999f0b072e68b38dc1ccb8bfc77175771bc5f1175f649a0aafa789e,8f1ca1238a4c2d6495b7cff729ce6ecb34da3f844a557ea7b90b0d9d52a10787,complete,bf920ab8461c6c60c8cc32db3d853f55655e60793cf7f64068847ad56c2b2e67,afea077ce127d4fa9ad410d3066ba2b54dea19c0b44f04adf56c72d5f7b7a9bb,complete,confirmed,confirmed,inconclusive,confirmed,inconclusive,false,size worse by 1165 (75.5512%); compression worse by 24217036.5 (270.014%); decompression confidence is inconclusive; decompression point estimate worse by 185628 (2.11233%); memory worse by 2420736 (155.118%)
lz4,lz4,balanced,validation,datasets/data/validation/crates/serde-1.0.229/src/core/crate_root.rs,7081,2345,2707,8964181.5,33185841.5,8881630,8973472.5,1740800,3981312,false,false,false,false,0,inconclusive,true,true,1,file,validation-v4-final-binary,local-x86-64,x86_64,36f84685dc00064dae9a239face7e8eff797ed28,eb89ca9bad1783e5aada0b0b7b949e1097f0f3dfb84dcd87dd1006670a8e8e5e,1297748005,gnu-time-v1-monotonic-wall,3b11dec50514a8473e9f6efa7a34d584d0657538c09988f61b72d38ad4991a10,validation,validation-crates-io-serde-1-0-229-src-core-crate-root-rs,157ca402e23c32f11a4f1797c81afb5e9f08df96768012cf3e3199153aafb2dd,1,mathsvg,balanced-v1,70bb1e0dd999f0b072e68b38dc1ccb8bfc77175771bc5f1175f649a0aafa789e,8f1ca1238a4c2d6495b7cff729ce6ecb34da3f844a557ea7b90b0d9d52a10787,complete,56c1b7390551d55bb056da7122b41ac3f7e4459570e4627ac278f7c91d669491,87c0d5d060fd36c685b98a38611b7bd6c4614d40b36d29be84edcd6c173f8160,complete,confirmed,confirmed,inconclusive,confirmed,inconclusive,false,size worse by 362 (15.4371%); compression worse by 24221660 (270.205%); decompression confidence is inconclusive; decompression point estimate worse by 91842.5 (1.03407%); memory worse by 2240512 (128.706%)
xz-9e,xz-9e,balanced,validation,datasets/data/validation/crates/serde-1.0.229/src/core/crate_root.rs,7081,1584,2707,33202825.5,33185841.5,8820954.5,8973472.5,8044544,3981312,false,true,false,true,2,inconclusive,true,true,1,file,validation-v4-final-binary,local-x86-64,x86_64,36f84685dc00064dae9a239face7e8eff797ed28,eb89ca9bad1783e5aada0b0b7b949e1097f0f3dfb84dcd87dd1006670a8e8e5e,1297748005,gnu-time-v1-monotonic-wall,3b11dec50514a8473e9f6efa7a34d584d0657538c09988f61b72d38ad4991a10,validation,validation-crates-io-serde-1-0-229-src-core-crate-root-rs,157ca402e23c32f11a4f1797c81afb5e9f08df96768012cf3e3199153aafb2dd,1,mathsvg,balanced-v1,70bb1e0dd999f0b072e68b38dc1ccb8bfc77175771bc5f1175f649a0aafa789e,8f1ca1238a4c2d6495b7cff729ce6ecb34da3f844a557ea7b90b0d9d52a10787,complete,1bd3a8a1a914bf55087f30b641adcacaac8d04f2cc5a9c21f3668bf2f6727da6,b5b163eb273291934556377ab883b4b2a5d4da50bd0dc0a91774ecc234ccd8d0,complete,confirmed,inconclusive,inconclusive,confirmed,inconclusive,false,size worse by 1123 (70.8965%); compression confidence is inconclusive; decompression confidence is inconclusive; decompression point estimate worse by 152518 (1.72904%)
zstd-default,zstd-default,balanced,validation,datasets/data/validation/crates/serde-1.0.229/src/core/crate_root.rs,7081,1666,2707,8906657,33185841.5,8826054.5,8973472.5,2709504,3981312,false,false,false,false,0,inconclusive,true,true,1,file,validation-v4-final-binary,local-x86-64,x86_64,36f84685dc00064dae9a239face7e8eff797ed28,eb89ca9bad1783e5aada0b0b7b949e1097f0f3dfb84dcd87dd1006670a8e8e5e,1297748005,gnu-time-v1-monotonic-wall,3b11dec50514a8473e9f6efa7a34d584d0657538c09988f61b72d38ad4991a10,validation,validation-crates-io-serde-1-0-229-src-core-crate-root-rs,157ca402e23c32f11a4f1797c81afb5e9f08df96768012cf3e3199153aafb2dd,1,mathsvg,balanced-v1,70bb1e0dd999f0b072e68b38dc1ccb8bfc77175771bc5f1175f649a0aafa789e,8f1ca1238a4c2d6495b7cff729ce6ecb34da3f844a557ea7b90b0d9d52a10787,complete,8afdee0e1fe04f0a9c92a00ebbd438b50004de9dcdf47ce697a89ac0bdae40a5,7c5468b370f7c47eda07281e3437fafc568f95d10420051e3aa522709f9342c5,complete,confirmed,confirmed,inconclusive,confirmed,inconclusive,false,size worse by 1041 (62.485%); compression worse by 24279184.5 (272.596%); decompression confidence is inconclusive; decompression point estimate worse by 147418 (1.67026%); memory worse by 1271808 (46.9388%)
gzip-6,gzip-6,balanced,validation,datasets/data/validation/crates/serde-1.0.229/src/core/de/ignored_any.rs,6154,1524,2782,8931356.5,33022281.5,8802866,8981677.5,1560576,3948544,false,false,false,false,0,inconclusive,true,true,1,file,validation-v4-final-binary,local-x86-64,x86_64,36f84685dc00064dae9a239face7e8eff797ed28,eb89ca9bad1783e5aada0b0b7b949e1097f0f3dfb84dcd87dd1006670a8e8e5e,1297748005,gnu-time-v1-monotonic-wall,3b11dec50514a8473e9f6efa7a34d584d0657538c09988f61b72d38ad4991a10,validation,validation-crates-io-serde-1-0-229-src-core-de-ignored-any-rs,6480f2b2a83dc4764d01b2eec7309729eef2492eede2e5ee98d23a60b05198eb,1,mathsvg,balanced-v1,70bb1e0dd999f0b072e68b38dc1ccb8bfc77175771bc5f1175f649a0aafa789e,8f1ca1238a4c2d6495b7cff729ce6ecb34da3f844a557ea7b90b0d9d52a10787,complete,bf920ab8461c6c60c8cc32db3d853f55655e60793cf7f64068847ad56c2b2e67,afea077ce127d4fa9ad410d3066ba2b54dea19c0b44f04adf56c72d5f7b7a9bb,complete,confirmed,confirmed,inconclusive,confirmed,inconclusive,false,size worse by 1258 (82.5459%); compression worse by 24090925 (269.734%); decompression confidence is inconclusive; decompression point estimate worse by 178811.5 (2.03129%); memory worse by 2387968 (153.018%)
lz4,lz4,balanced,validation,datasets/data/validation/crates/serde-1.0.229/src/core/de/ignored_any.rs,6154,2375,2782,8874302.5,33022281.5,8719133.5,8981677.5,1740800,3948544,false,false,false,false,0,inconclusive,true,true,1,file,validation-v4-final-binary,local-x86-64,x86_64,36f84685dc00064dae9a239face7e8eff797ed28,eb89ca9bad1783e5aada0b0b7b949e1097f0f3dfb84dcd87dd1006670a8e8e5e,1297748005,gnu-time-v1-monotonic-wall,3b11dec50514a8473e9f6efa7a34d584d0657538c09988f61b72d38ad4991a10,validation,validation-crates-io-serde-1-0-229-src-core-de-ignored-any-rs,6480f2b2a83dc4764d01b2eec7309729eef2492eede2e5ee98d23a60b05198eb,1,mathsvg,balanced-v1,70bb1e0dd999f0b072e68b38dc1ccb8bfc77175771bc5f1175f649a0aafa789e,8f1ca1238a4c2d6495b7cff729ce6ecb34da3f844a557ea7b90b0d9d52a10787,complete,56c1b7390551d55bb056da7122b41ac3f7e4459570e4627ac278f7c91d669491,87c0d5d060fd36c685b98a38611b7bd6c4614d40b36d29be84edcd6c173f8160,complete,confirmed,confirmed,inconclusive,confirmed,inconclusive,false,size worse by 407 (17.1368%); compression worse by 24147979 (272.111%); decompression confidence is inconclusive; decompression point estimate worse by 262544 (3.01112%); memory worse by 2207744 (126.824%)
xz-9e,xz-9e,balanced,validation,datasets/data/validation/crates/serde-1.0.229/src/core/de/ignored_any.rs,6154,1580,2782,33189950,33022281.5,9039546.5,8981677.5,7780352,3948544,false,true,true,true,3,inconclusive,true,true,1,file,validation-v4-final-binary,local-x86-64,x86_64,36f84685dc00064dae9a239face7e8eff797ed28,eb89ca9bad1783e5aada0b0b7b949e1097f0f3dfb84dcd87dd1006670a8e8e5e,1297748005,gnu-time-v1-monotonic-wall,3b11dec50514a8473e9f6efa7a34d584d0657538c09988f61b72d38ad4991a10,validation,validation-crates-io-serde-1-0-229-src-core-de-ignored-any-rs,6480f2b2a83dc4764d01b2eec7309729eef2492eede2e5ee98d23a60b05198eb,1,mathsvg,balanced-v1,70bb1e0dd999f0b072e68b38dc1ccb8bfc77175771bc5f1175f649a0aafa789e,8f1ca1238a4c2d6495b7cff729ce6ecb34da3f844a557ea7b90b0d9d52a10787,complete,1bd3a8a1a914bf55087f30b641adcacaac8d04f2cc5a9c21f3668bf2f6727da6,b5b163eb273291934556377ab883b4b2a5d4da50bd0dc0a91774ecc234ccd8d0,complete,confirmed,inconclusive,inconclusive,confirmed,inconclusive,false,size worse by 1202 (76.0759%); compression confidence is inconclusive; decompression confidence is inconclusive
zstd-default,zstd-default,balanced,validation,datasets/data/validation/crates/serde-1.0.229/src/core/de/ignored_any.rs,6154,1642,2782,8945683,33022281.5,9377829.5,8981677.5,2775040,3948544,false,false,true,false,1,inconclusive,true,true,1,file,validation-v4-final-binary,local-x86-64,x86_64,36f84685dc00064dae9a239face7e8eff797ed28,eb89ca9bad1783e5aada0b0b7b949e1097f0f3dfb84dcd87dd1006670a8e8e5e,1297748005,gnu-time-v1-monotonic-wall,3b11dec50514a8473e9f6efa7a34d584d0657538c09988f61b72d38ad4991a10,validation,validation-crates-io-serde-1-0-229-src-core-de-ignored-any-rs,6480f2b2a83dc4764d01b2eec7309729eef2492eede2e5ee98d23a60b05198eb,1,mathsvg,balanced-v1,70bb1e0dd999f0b072e68b38dc1ccb8bfc77175771bc5f1175f649a0aafa789e,8f1ca1238a4c2d6495b7cff729ce6ecb34da3f844a557ea7b90b0d9d52a10787,complete,8afdee0e1fe04f0a9c92a00ebbd438b50004de9dcdf47ce697a89ac0bdae40a5,7c5468b370f7c47eda07281e3437fafc568f95d10420051e3aa522709f9342c5,complete,confirmed,confirmed,inconclusive,confirmed,inconclusive,false,size worse by 1140 (69.4275%); compression worse by 24076598.5 (269.142%); decompression confidence is inconclusive; memory worse by 1173504 (42.2878%)
gzip-6,gzip-6,balanced,validation,datasets/data/validation/crates/serde-1.0.229/src/core/de/impls.rs,97134,10853,15163,9071015,67397232.5,8679198.5,18251260.5,1691648,5058560,false,false,false,false,0,confirmed,true,true,1,file,validation-v4-final-binary,local-x86-64,x86_64,36f84685dc00064dae9a239face7e8eff797ed28,eb89ca9bad1783e5aada0b0b7b949e1097f0f3dfb84dcd87dd1006670a8e8e5e,1297748005,gnu-time-v1-monotonic-wall,3b11dec50514a8473e9f6efa7a34d584d0657538c09988f61b72d38ad4991a10,validation,validation-crates-io-serde-1-0-229-src-core-de-impls-rs,2f8e2ef9d343875bb996319e69feae0dee2287e2548cedd8d3c752b64812331c,1,mathsvg,balanced-v1,70bb1e0dd999f0b072e68b38dc1ccb8bfc77175771bc5f1175f649a0aafa789e,8f1ca1238a4c2d6495b7cff729ce6ecb34da3f844a557ea7b90b0d9d52a10787,complete,bf920ab8461c6c60c8cc32db3d853f55655e60793cf7f64068847ad56c2b2e67,afea077ce127d4fa9ad410d3066ba2b54dea19c0b44f04adf56c72d5f7b7a9bb,complete,confirmed,confirmed,confirmed,confirmed,fail,false,size worse by 4310 (39.7125%); compression worse by 58326217.5 (642.995%); decompression worse by 9572062 (110.287%); memory worse by 3366912 (199.031%)
lz4,lz4,balanced,validation,datasets/data/validation/crates/serde-1.0.229/src/core/de/impls.rs,97134,18903,15163,8872500,67397232.5,8751580,18251260.5,1871872,5058560,true,false,false,false,1,confirmed,true,true,1,file,validation-v4-final-binary,local-x86-64,x86_64,36f84685dc00064dae9a239face7e8eff797ed28,eb89ca9bad1783e5aada0b0b7b949e1097f0f3dfb84dcd87dd1006670a8e8e5e,1297748005,gnu-time-v1-monotonic-wall,3b11dec50514a8473e9f6efa7a34d584d0657538c09988f61b72d38ad4991a10,validation,validation-crates-io-serde-1-0-229-src-core-de-impls-rs,2f8e2ef9d343875bb996319e69feae0dee2287e2548cedd8d3c752b64812331c,1,mathsvg,balanced-v1,70bb1e0dd999f0b072e68b38dc1ccb8bfc77175771bc5f1175f649a0aafa789e,8f1ca1238a4c2d6495b7cff729ce6ecb34da3f844a557ea7b90b0d9d52a10787,complete,56c1b7390551d55bb056da7122b41ac3f7e4459570e4627ac278f7c91d669491,87c0d5d060fd36c685b98a38611b7bd6c4614d40b36d29be84edcd6c173f8160,complete,confirmed,confirmed,confirmed,confirmed,fail,false,compression worse by 58524732.5 (659.619%); decompression worse by 9499680.5 (108.548%); memory worse by 3186688 (170.241%)
xz-9e,xz-9e,balanced,validation,datasets/data/validation/crates/serde-1.0.229/src/core/de/impls.rs,97134,9708,15163,115625110.5,67397232.5,8907243.5,18251260.5,21544960,5058560,false,true,false,true,2,confirmed,true,true,1,file,validation-v4-final-binary,local-x86-64,x86_64,36f84685dc00064dae9a239face7e8eff797ed28,eb89ca9bad1783e5aada0b0b7b949e1097f0f3dfb84dcd87dd1006670a8e8e5e,1297748005,gnu-time-v1-monotonic-wall,3b11dec50514a8473e9f6efa7a34d584d0657538c09988f61b72d38ad4991a10,validation,validation-crates-io-serde-1-0-229-src-core-de-impls-rs,2f8e2ef9d343875bb996319e69feae0dee2287e2548cedd8d3c752b64812331c,1,mathsvg,balanced-v1,70bb1e0dd999f0b072e68b38dc1ccb8bfc77175771bc5f1175f649a0aafa789e,8f1ca1238a4c2d6495b7cff729ce6ecb34da3f844a557ea7b90b0d9d52a10787,complete,1bd3a8a1a914bf55087f30b641adcacaac8d04f2cc5a9c21f3668bf2f6727da6,b5b163eb273291934556377ab883b4b2a5d4da50bd0dc0a91774ecc234ccd8d0,complete,confirmed,confirmed,confirmed,confirmed,fail,false,size worse by 5455 (56.1908%); decompression worse by 9344017 (104.904%)
zstd-default,zstd-default,balanced,validation,datasets/data/validation/crates/serde-1.0.229/src/core/de/impls.rs,97134,12785,15163,9829163.5,67397232.5,9029900,18251260.5,2996224,5058560,false,false,false,false,0,confirmed,true,true,1,file,validation-v4-final-binary,local-x86-64,x86_64,36f84685dc00064dae9a239face7e8eff797ed28,eb89ca9bad1783e5aada0b0b7b949e1097f0f3dfb84dcd87dd1006670a8e8e5e,1297748005,gnu-time-v1-monotonic-wall,3b11dec50514a8473e9f6efa7a34d584d0657538c09988f61b72d38ad4991a10,validation,validation-crates-io-serde-1-0-229-src-core-de-impls-rs,2f8e2ef9d343875bb996319e69feae0dee2287e2548cedd8d3c752b64812331c,1,mathsvg,balanced-v1,70bb1e0dd999f0b072e68b38dc1ccb8bfc77175771bc5f1175f649a0aafa789e,8f1ca1238a4c2d6495b7cff729ce6ecb34da3f844a557ea7b90b0d9d52a10787,complete,8afdee0e1fe04f0a9c92a00ebbd438b50004de9dcdf47ce697a89ac0bdae40a5,7c5468b370f7c47eda07281e3437fafc568f95d10420051e3aa522709f9342c5,complete,confirmed,confirmed,confirmed,confirmed,fail,false,size worse by 2378 (18.5999%); compression worse by 57568069 (585.686%); decompression worse by 9221360.5 (102.12%); memory worse by 2062336 (68.8312%)
gzip-6,gzip-6,balanced,validation,datasets/data/validation/crates/serde-1.0.229/src/core/de/mod.rs,83879,15222,20253,8866142,66135600.5,8832239,17104424,1691648,4780032,false,false,false,false,0,confirmed,true,true,1,file,validation-v4-final-binary,local-x86-64,x86_64,36f84685dc00064dae9a239face7e8eff797ed28,eb89ca9bad1783e5aada0b0b7b949e1097f0f3dfb84dcd87dd1006670a8e8e5e,1297748005,gnu-time-v1-monotonic-wall,3b11dec50514a8473e9f6efa7a34d584d0657538c09988f61b72d38ad4991a10,validation,validation-crates-io-serde-1-0-229-src-core-de-mod-rs,5ec8602d593915e0cf480b0ce67b02f6ab066dac34725237d2c7b4a6ef12a845,1,mathsvg,balanced-v1,70bb1e0dd999f0b072e68b38dc1ccb8bfc77175771bc5f1175f649a0aafa789e,8f1ca1238a4c2d6495b7cff729ce6ecb34da3f844a557ea7b90b0d9d52a10787,complete,bf920ab8461c6c60c8cc32db3d853f55655e60793cf7f64068847ad56c2b2e67,afea077ce127d4fa9ad410d3066ba2b54dea19c0b44f04adf56c72d5f7b7a9bb,complete,confirmed,confirmed,confirmed,confirmed,fail,false,size worse by 5031 (33.0508%); compression worse by 57269458.5 (645.934%); decompression worse by 8272185 (93.659%); memory worse by 3088384 (182.567%)
lz4,lz4,balanced,validation,datasets/data/validation/crates/serde-1.0.229/src/core/de/mod.rs,83879,24327,20253,8820021,66135600.5,8858955.5,17104424,1871872,4780032,true,false,false,false,1,confirmed,true,true,1,file,validation-v4-final-binary,local-x86-64,x86_64,36f84685dc00064dae9a239face7e8eff797ed28,eb89ca9bad1783e5aada0b0b7b949e1097f0f3dfb84dcd87dd1006670a8e8e5e,1297748005,gnu-time-v1-monotonic-wall,3b11dec50514a8473e9f6efa7a34d584d0657538c09988f61b72d38ad4991a10,validation,validation-crates-io-serde-1-0-229-src-core-de-mod-rs,5ec8602d593915e0cf480b0ce67b02f6ab066dac34725237d2c7b4a6ef12a845,1,mathsvg,balanced-v1,70bb1e0dd999f0b072e68b38dc1ccb8bfc77175771bc5f1175f649a0aafa789e,8f1ca1238a4c2d6495b7cff729ce6ecb34da3f844a557ea7b90b0d9d52a10787,complete,56c1b7390551d55bb056da7122b41ac3f7e4459570e4627ac278f7c91d669491,87c0d5d060fd36c685b98a38611b7bd6c4614d40b36d29be84edcd6c173f8160,complete,confirmed,confirmed,confirmed,confirmed,fail,false,compression worse by 57315579.5 (649.835%); decompression worse by 8245468.5 (93.075%); memory worse by 2908160 (155.361%)
xz-9e,xz-9e,balanced,validation,datasets/data/validation/crates/serde-1.0.229/src/core/de/mod.rs,83879,13840,20253,116766823,66135600.5,9150473,17104424,24166400,4780032,false,true,false,true,2,confirmed,true,true,1,file,validation-v4-final-binary,local-x86-64,x86_64,36f84685dc00064dae9a239face7e8eff797ed28,eb89ca9bad1783e5aada0b0b7b949e1097f0f3dfb84dcd87dd1006670a8e8e5e,1297748005,gnu-time-v1-monotonic-wall,3b11dec50514a8473e9f6efa7a34d584d0657538c09988f61b72d38ad4991a10,validation,validation-crates-io-serde-1-0-229-src-core-de-mod-rs,5ec8602d593915e0cf480b0ce67b02f6ab066dac34725237d2c7b4a6ef12a845,1,mathsvg,balanced-v1,70bb1e0dd999f0b072e68b38dc1ccb8bfc77175771bc5f1175f649a0aafa789e,8f1ca1238a4c2d6495b7cff729ce6ecb34da3f844a557ea7b90b0d9d52a10787,complete,1bd3a8a1a914bf55087f30b641adcacaac8d04f2cc5a9c21f3668bf2f6727da6,b5b163eb273291934556377ab883b4b2a5d4da50bd0dc0a91774ecc234ccd8d0,complete,confirmed,confirmed,confirmed,confirmed,fail,false,size worse by 6413 (46.3367%); decompression worse by 7953951 (86.9239%)
zstd-default,zstd-default,balanced,validation,datasets/data/validation/crates/serde-1.0.229/src/core/de/mod.rs,83879,16506,20253,9083112,66135600.5,8817811,17104424,3020800,4780032,false,false,false,false,0,confirmed,true,true,1,file,validation-v4-final-binary,local-x86-64,x86_64,36f84685dc00064dae9a239face7e8eff797ed28,eb89ca9bad1783e5aada0b0b7b949e1097f0f3dfb84dcd87dd1006670a8e8e5e,1297748005,gnu-time-v1-monotonic-wall,3b11dec50514a8473e9f6efa7a34d584d0657538c09988f61b72d38ad4991a10,validation,validation-crates-io-serde-1-0-229-src-core-de-mod-rs,5ec8602d593915e0cf480b0ce67b02f6ab066dac34725237d2c7b4a6ef12a845,1,mathsvg,balanced-v1,70bb1e0dd999f0b072e68b38dc1ccb8bfc77175771bc5f1175f649a0aafa789e,8f1ca1238a4c2d6495b7cff729ce6ecb34da3f844a557ea7b90b0d9d52a10787,complete,8afdee0e1fe04f0a9c92a00ebbd438b50004de9dcdf47ce697a89ac0bdae40a5,7c5468b370f7c47eda07281e3437fafc568f95d10420051e3aa522709f9342c5,complete,confirmed,confirmed,confirmed,confirmed,fail,false,size worse by 3747 (22.7008%); compression worse by 57052488.5 (628.116%); decompression worse by 8286613 (93.9759%); memory worse by 1759232 (58.2373%)
gzip-6,gzip-6,balanced,validation,datasets/data/validation/crates/serde-1.0.229/src/core/de/value.rs,48848,6047,8920,8802098,66591683.5,8886518,17172719.5,1691648,4425728,false,false,false,false,0,confirmed,true,true,1,file,validation-v4-final-binary,local-x86-64,x86_64,36f84685dc00064dae9a239face7e8eff797ed28,eb89ca9bad1783e5aada0b0b7b949e1097f0f3dfb84dcd87dd1006670a8e8e5e,1297748005,gnu-time-v1-monotonic-wall,3b11dec50514a8473e9f6efa7a34d584d0657538c09988f61b72d38ad4991a10,validation,validation-crates-io-serde-1-0-229-src-core-de-value-rs,fb6fef6d23d95d516c6e1d6b5cefd8b98ba3881214a82a8a7e0a8ffbb0a12083,1,mathsvg,balanced-v1,70bb1e0dd999f0b072e68b38dc1ccb8bfc77175771bc5f1175f649a0aafa789e,8f1ca1238a4c2d6495b7cff729ce6ecb34da3f844a557ea7b90b0d9d52a10787,complete,bf920ab8461c6c60c8cc32db3d853f55655e60793cf7f64068847ad56c2b2e67,afea077ce127d4fa9ad410d3066ba2b54dea19c0b44f04adf56c72d5f7b7a9bb,complete,confirmed,confirmed,confirmed,confirmed,fail,false,size worse by 2873 (47.5112%); compression worse by 57789585.5 (656.543%); decompression worse by 8286201.5 (93.2446%); memory worse by 2734080 (161.622%)
lz4,lz4,balanced,validation,datasets/data/validation/crates/serde-1.0.229/src/core/de/value.rs,48848,11021,8920,8781513.5,66591683.5,8779966.5,17172719.5,1740800,4425728,true,false,false,false,1,confirmed,true,true,1,file,validation-v4-final-binary,local-x86-64,x86_64,36f84685dc00064dae9a239face7e8eff797ed28,eb89ca9bad1783e5aada0b0b7b949e1097f0f3dfb84dcd87dd1006670a8e8e5e,1297748005,gnu-time-v1-monotonic-wall,3b11dec50514a8473e9f6efa7a34d584d0657538c09988f61b72d38ad4991a10,validation,validation-crates-io-serde-1-0-229-src-core-de-value-rs,fb6fef6d23d95d516c6e1d6b5cefd8b98ba3881214a82a8a7e0a8ffbb0a12083,1,mathsvg,balanced-v1,70bb1e0dd999f0b072e68b38dc1ccb8bfc77175771bc5f1175f649a0aafa789e,8f1ca1238a4c2d6495b7cff729ce6ecb34da3f844a557ea7b90b0d9d52a10787,complete,56c1b7390551d55bb056da7122b41ac3f7e4459570e4627ac278f7c91d669491,87c0d5d060fd36c685b98a38611b7bd6c4614d40b36d29be84edcd6c173f8160,complete,confirmed,confirmed,confirmed,confirmed,fail,false,compression worse by 57810170 (658.317%); decompression worse by 8392753 (95.5898%); memory worse by 2684928 (154.235%)
xz-9e,xz-9e,balanced,validation,datasets/data/validation/crates/serde-1.0.229/src/core/de/value.rs,48848,5716,8920,66345104,66591683.5,8993165.5,17172719.5,15122432,4425728,false,false,false,true,1,inconclusive,true,true,1,file,validation-v4-final-binary,local-x86-64,x86_64,36f84685dc00064dae9a239face7e8eff797ed28,eb89ca9bad1783e5aada0b0b7b949e1097f0f3dfb84dcd87dd1006670a8e8e5e,1297748005,gnu-time-v1-monotonic-wall,3b11dec50514a8473e9f6efa7a34d584d0657538c09988f61b72d38ad4991a10,validation,validation-crates-io-serde-1-0-229-src-core-de-value-rs,fb6fef6d23d95d516c6e1d6b5cefd8b98ba3881214a82a8a7e0a8ffbb0a12083,1,mathsvg,balanced-v1,70bb1e0dd999f0b072e68b38dc1ccb8bfc77175771bc5f1175f649a0aafa789e,8f1ca1238a4c2d6495b7cff729ce6ecb34da3f844a557ea7b90b0d9d52a10787,complete,1bd3a8a1a914bf55087f30b641adcacaac8d04f2cc5a9c21f3668bf2f6727da6,b5b163eb273291934556377ab883b4b2a5d4da50bd0dc0a91774ecc234ccd8d0,complete,confirmed,inconclusive,confirmed,confirmed,inconclusive,false,size worse by 3204 (56.0532%); compression confidence is inconclusive; compression point estimate worse by 246579.5 (0.371662%); decompression worse by 8179554 (90.953%)
zstd-default,zstd-default,balanced,validation,datasets/data/validation/crates/serde-1.0.229/src/core/de/value.rs,48848,7072,8920,9028008,66591683.5,8889808,17172719.5,2928640,4425728,false,false,false,false,0,confirmed,true,true,1,file,validation-v4-final-binary,local-x86-64,x86_64,36f84685dc00064dae9a239face7e8eff797ed28,eb89ca9bad1783e5aada0b0b7b949e1097f0f3dfb84dcd87dd1006670a8e8e5e,1297748005,gnu-time-v1-monotonic-wall,3b11dec50514a8473e9f6efa7a34d584d0657538c09988f61b72d38ad4991a10,validation,validation-crates-io-serde-1-0-229-src-core-de-value-rs,fb6fef6d23d95d516c6e1d6b5cefd8b98ba3881214a82a8a7e0a8ffbb0a12083,1,mathsvg,balanced-v1,70bb1e0dd999f0b072e68b38dc1ccb8bfc77175771bc5f1175f649a0aafa789e,8f1ca1238a4c2d6495b7cff729ce6ecb34da3f844a557ea7b90b0d9d52a10787,complete,8afdee0e1fe04f0a9c92a00ebbd438b50004de9dcdf47ce697a89ac0bdae40a5,7c5468b370f7c47eda07281e3437fafc568f95d10420051e3aa522709f9342c5,complete,confirmed,confirmed,confirmed,confirmed,fail,false,size worse by 1848 (26.1312%); compression worse by 57563675.5 (637.612%); decompression worse by 8282911.5 (93.1731%); memory worse by 1497088 (51.1189%)
gzip-6,gzip-6,balanced,validation,datasets/data/validation/crates/serde-1.0.229/src/core/format.rs,726,355,978,8752370.5,16913691.5,7446055,8942550,1560576,3848192,false,false,false,false,0,inconclusive,true,true,1,file,validation-v4-final-binary,local-x86-64,x86_64,36f84685dc00064dae9a239face7e8eff797ed28,eb89ca9bad1783e5aada0b0b7b949e1097f0f3dfb84dcd87dd1006670a8e8e5e,1297748005,gnu-time-v1-monotonic-wall,3b11dec50514a8473e9f6efa7a34d584d0657538c09988f61b72d38ad4991a10,validation,validation-crates-io-serde-1-0-229-src-core-format-rs,c85071b016df643b161859682d21ce34fa0ebf2a3bdbeeea69859da48f5d934f,1,mathsvg,balanced-v1,70bb1e0dd999f0b072e68b38dc1ccb8bfc77175771bc5f1175f649a0aafa789e,8f1ca1238a4c2d6495b7cff729ce6ecb34da3f844a557ea7b90b0d9d52a10787,complete,bf920ab8461c6c60c8cc32db3d853f55655e60793cf7f64068847ad56c2b2e67,afea077ce127d4fa9ad410d3066ba2b54dea19c0b44f04adf56c72d5f7b7a9bb,complete,confirmed,confirmed,inconclusive,confirmed,inconclusive,false,size worse by 623 (175.493%); compression worse by 8161321 (93.247%); decompression confidence is inconclusive; decompression point estimate worse by 1496495 (20.0978%); memory worse by 2287616 (146.588%)
lz4,lz4,balanced,validation,datasets/data/validation/crates/serde-1.0.229/src/core/format.rs,726,500,978,8792232.5,16913691.5,7546567.5,8942550,1740800,3848192,false,false,false,false,0,inconclusive,true,true,1,file,validation-v4-final-binary,local-x86-64,x86_64,36f84685dc00064dae9a239face7e8eff797ed28,eb89ca9bad1783e5aada0b0b7b949e1097f0f3dfb84dcd87dd1006670a8e8e5e,1297748005,gnu-time-v1-monotonic-wall,3b11dec50514a8473e9f6efa7a34d584d0657538c09988f61b72d38ad4991a10,validation,validation-crates-io-serde-1-0-229-src-core-format-rs,c85071b016df643b161859682d21ce34fa0ebf2a3bdbeeea69859da48f5d934f,1,mathsvg,balanced-v1,70bb1e0dd999f0b072e68b38dc1ccb8bfc77175771bc5f1175f649a0aafa789e,8f1ca1238a4c2d6495b7cff729ce6ecb34da3f844a557ea7b90b0d9d52a10787,complete,56c1b7390551d55bb056da7122b41ac3f7e4459570e4627ac278f7c91d669491,87c0d5d060fd36c685b98a38611b7bd6c4614d40b36d29be84edcd6c173f8160,complete,confirmed,confirmed,inconclusive,confirmed,inconclusive,false,size worse by 478 (95.6%); compression worse by 8121459 (92.3708%); decompression confidence is inconclusive; decompression point estimate worse by 1395982.5 (18.4982%); memory worse by 2107392 (121.059%)
xz-9e,xz-9e,balanced,validation,datasets/data/validation/crates/serde-1.0.229/src/core/format.rs,726,428,978,17155920.5,16913691.5,9156124.5,8942550,3981312,3848192,false,true,true,true,3,inconclusive,true,true,1,file,validation-v4-final-binary,local-x86-64,x86_64,36f84685dc00064dae9a239face7e8eff797ed28,eb89ca9bad1783e5aada0b0b7b949e1097f0f3dfb84dcd87dd1006670a8e8e5e,1297748005,gnu-time-v1-monotonic-wall,3b11dec50514a8473e9f6efa7a34d584d0657538c09988f61b72d38ad4991a10,validation,validation-crates-io-serde-1-0-229-src-core-format-rs,c85071b016df643b161859682d21ce34fa0ebf2a3bdbeeea69859da48f5d934f,1,mathsvg,balanced-v1,70bb1e0dd999f0b072e68b38dc1ccb8bfc77175771bc5f1175f649a0aafa789e,8f1ca1238a4c2d6495b7cff729ce6ecb34da3f844a557ea7b90b0d9d52a10787,complete,1bd3a8a1a914bf55087f30b641adcacaac8d04f2cc5a9c21f3668bf2f6727da6,b5b163eb273291934556377ab883b4b2a5d4da50bd0dc0a91774ecc234ccd8d0,complete,confirmed,inconclusive,inconclusive,confirmed,inconclusive,false,size worse by 550 (128.505%); compression confidence is inconclusive; decompression confidence is inconclusive
zstd-default,zstd-default,balanced,validation,datasets/data/validation/crates/serde-1.0.229/src/core/format.rs,726,382,978,8889737.5,16913691.5,8749416,8942550,2715648,3848192,false,false,false,false,0,inconclusive,true,true,1,file,validation-v4-final-binary,local-x86-64,x86_64,36f84685dc00064dae9a239face7e8eff797ed28,eb89ca9bad1783e5aada0b0b7b949e1097f0f3dfb84dcd87dd1006670a8e8e5e,1297748005,gnu-time-v1-monotonic-wall,3b11dec50514a8473e9f6efa7a34d584d0657538c09988f61b72d38ad4991a10,validation,validation-crates-io-serde-1-0-229-src-core-format-rs,c85071b016df643b161859682d21ce34fa0ebf2a3bdbeeea69859da48f5d934f,1,mathsvg,balanced-v1,70bb1e0dd999f0b072e68b38dc1ccb8bfc77175771bc5f1175f649a0aafa789e,8f1ca1238a4c2d6495b7cff729ce6ecb34da3f844a557ea7b90b0d9d52a10787,complete,8afdee0e1fe04f0a9c92a00ebbd438b50004de9dcdf47ce697a89ac0bdae40a5,7c5468b370f7c47eda07281e3437fafc568f95d10420051e3aa522709f9342c5,complete,confirmed,confirmed,inconclusive,confirmed,inconclusive,false,size worse by 596 (156.021%); compression worse by 8023954 (90.2609%); decompression confidence is inconclusive; decompression point estimate worse by 193134 (2.20739%); memory worse by 1132544 (41.7044%)
gzip-6,gzip-6,balanced,validation,datasets/data/validation/crates/serde-1.0.229/src/core/lib.rs,4351,1785,3053,8809894,33009330,8798030.5,10065288.5,1560576,3966976,false,false,false,false,0,inconclusive,true,true,1,file,validation-v4-final-binary,local-x86-64,x86_64,36f84685dc00064dae9a239face7e8eff797ed28,eb89ca9bad1783e5aada0b0b7b949e1097f0f3dfb84dcd87dd1006670a8e8e5e,1297748005,gnu-time-v1-monotonic-wall,3b11dec50514a8473e9f6efa7a34d584d0657538c09988f61b72d38ad4991a10,validation,validation-crates-io-serde-1-0-229-src-core-lib-rs,4e5c396d38ff5d9abf45b826a67ec3444654ed0802d057f46400ebe26f5879f8,1,mathsvg,balanced-v1,70bb1e0dd999f0b072e68b38dc1ccb8bfc77175771bc5f1175f649a0aafa789e,8f1ca1238a4c2d6495b7cff729ce6ecb34da3f844a557ea7b90b0d9d52a10787,complete,bf920ab8461c6c60c8cc32db3d853f55655e60793cf7f64068847ad56c2b2e67,afea077ce127d4fa9ad410d3066ba2b54dea19c0b44f04adf56c72d5f7b7a9bb,complete,confirmed,confirmed,inconclusive,confirmed,inconclusive,false,size worse by 1268 (71.0364%); compression worse by 24199436 (274.685%); decompression confidence is inconclusive; decompression point estimate worse by 1267258 (14.4039%); memory worse by 2406400 (154.199%)
lz4,lz4,balanced,validation,datasets/data/validation/crates/serde-1.0.229/src/core/lib.rs,4351,2660,3053,8829283.5,33009330,8802670,10065288.5,1740800,3966976,false,false,false,false,0,inconclusive,true,true,1,file,validation-v4-final-binary,local-x86-64,x86_64,36f84685dc00064dae9a239face7e8eff797ed28,eb89ca9bad1783e5aada0b0b7b949e1097f0f3dfb84dcd87dd1006670a8e8e5e,1297748005,gnu-time-v1-monotonic-wall,3b11dec50514a8473e9f6efa7a34d584d0657538c09988f61b72d38ad4991a10,validation,validation-crates-io-serde-1-0-229-src-core-lib-rs,4e5c396d38ff5d9abf45b826a67ec3444654ed0802d057f46400ebe26f5879f8,1,mathsvg,balanced-v1,70bb1e0dd999f0b072e68b38dc1ccb8bfc77175771bc5f1175f649a0aafa789e,8f1ca1238a4c2d6495b7cff729ce6ecb34da3f844a557ea7b90b0d9d52a10787,complete,56c1b7390551d55bb056da7122b41ac3f7e4459570e4627ac278f7c91d669491,87c0d5d060fd36c685b98a38611b7bd6c4614d40b36d29be84edcd6c173f8160,complete,confirmed,confirmed,inconclusive,confirmed,inconclusive,false,size worse by 393 (14.7744%); compression worse by 24180046.5 (273.862%); decompression confidence is inconclusive; decompression point estimate worse by 1262618.5 (14.3436%); memory worse by 2226176 (127.882%)
xz-9e,xz-9e,balanced,validation,datasets/data/validation/crates/serde-1.0.229/src/core/lib.rs,4351,1864,3053,33217207,33009330,8934968,10065288.5,9486336,3966976,false,true,false,true,2,inconclusive,true,true,1,file,validation-v4-final-binary,local-x86-64,x86_64,36f84685dc00064dae9a239face7e8eff797ed28,eb89ca9bad1783e5aada0b0b7b949e1097f0f3dfb84dcd87dd1006670a8e8e5e,1297748005,gnu-time-v1-monotonic-wall,3b11dec50514a8473e9f6efa7a34d584d0657538c09988f61b72d38ad4991a10,validation,validation-crates-io-serde-1-0-229-src-core-lib-rs,4e5c396d38ff5d9abf45b826a67ec3444654ed0802d057f46400ebe26f5879f8,1,mathsvg,balanced-v1,70bb1e0dd999f0b072e68b38dc1ccb8bfc77175771bc5f1175f649a0aafa789e,8f1ca1238a4c2d6495b7cff729ce6ecb34da3f844a557ea7b90b0d9d52a10787,complete,1bd3a8a1a914bf55087f30b641adcacaac8d04f2cc5a9c21f3668bf2f6727da6,b5b163eb273291934556377ab883b4b2a5d4da50bd0dc0a91774ecc234ccd8d0,complete,confirmed,inconclusive,inconclusive,confirmed,inconclusive,false,size worse by 1189 (63.7876%); compression confidence is inconclusive; decompression confidence is inconclusive; decompression point estimate worse by 1130320.5 (12.6505%)
zstd-default,zstd-default,balanced,validation,datasets/data/validation/crates/serde-1.0.229/src/core/lib.rs,4351,1839,3053,9018313,33009330,9000708.5,10065288.5,2822144,3966976,false,false,false,false,0,inconclusive,true,true,1,file,validation-v4-final-binary,local-x86-64,x86_64,36f84685dc00064dae9a239face7e8eff797ed28,eb89ca9bad1783e5aada0b0b7b949e1097f0f3dfb84dcd87dd1006670a8e8e5e,1297748005,gnu-time-v1-monotonic-wall,3b11dec50514a8473e9f6efa7a34d584d0657538c09988f61b72d38ad4991a10,validation,validation-crates-io-serde-1-0-229-src-core-lib-rs,4e5c396d38ff5d9abf45b826a67ec3444654ed0802d057f46400ebe26f5879f8,1,mathsvg,balanced-v1,70bb1e0dd999f0b072e68b38dc1ccb8bfc77175771bc5f1175f649a0aafa789e,8f1ca1238a4c2d6495b7cff729ce6ecb34da3f844a557ea7b90b0d9d52a10787,complete,8afdee0e1fe04f0a9c92a00ebbd438b50004de9dcdf47ce697a89ac0bdae40a5,7c5468b370f7c47eda07281e3437fafc568f95d10420051e3aa522709f9342c5,complete,confirmed,confirmed,inconclusive,confirmed,inconclusive,false,size worse by 1214 (66.0141%); compression worse by 23991017 (266.026%); decompression confidence is inconclusive; decompression point estimate worse by 1064580 (11.8277%); memory worse by 1144832 (40.566%)
gzip-6,gzip-6,balanced,validation,datasets/data/validation/crates/serde-1.0.229/src/core/macros.rs,8276,1675,2940,8757045.5,33859044,8789619.5,8976343.5,1560576,3981312,false,false,false,false,0,inconclusive,true,true,1,file,validation-v4-final-binary,local-x86-64,x86_64,36f84685dc00064dae9a239face7e8eff797ed28,eb89ca9bad1783e5aada0b0b7b949e1097f0f3dfb84dcd87dd1006670a8e8e5e,1297748005,gnu-time-v1-monotonic-wall,3b11dec50514a8473e9f6efa7a34d584d0657538c09988f61b72d38ad4991a10,validation,validation-crates-io-serde-1-0-229-src-core-macros-rs,a61c9d19b210697304328e6bb9380a1de713e21042256df90a2b4553f178b0be,1,mathsvg,balanced-v1,70bb1e0dd999f0b072e68b38dc1ccb8bfc77175771bc5f1175f649a0aafa789e,8f1ca1238a4c2d6495b7cff729ce6ecb34da3f844a557ea7b90b0d9d52a10787,complete,bf920ab8461c6c60c8cc32db3d853f55655e60793cf7f64068847ad56c2b2e67,afea077ce127d4fa9ad410d3066ba2b54dea19c0b44f04adf56c72d5f7b7a9bb,complete,confirmed,confirmed,inconclusive,confirmed,inconclusive,false,size worse by 1265 (75.5224%); compression worse by 25101998.5 (286.649%); decompression confidence is inconclusive; decompression point estimate worse by 186724 (2.12437%); memory worse by 2420736 (155.118%)
lz4,lz4,balanced,validation,datasets/data/validation/crates/serde-1.0.229/src/core/macros.rs,8276,2639,2940,8838768.5,33859044,8803677.5,8976343.5,1740800,3981312,false,false,false,false,0,inconclusive,true,true,1,file,validation-v4-final-binary,local-x86-64,x86_64,36f84685dc00064dae9a239face7e8eff797ed28,eb89ca9bad1783e5aada0b0b7b949e1097f0f3dfb84dcd87dd1006670a8e8e5e,1297748005,gnu-time-v1-monotonic-wall,3b11dec50514a8473e9f6efa7a34d584d0657538c09988f61b72d38ad4991a10,validation,validation-crates-io-serde-1-0-229-src-core-macros-rs,a61c9d19b210697304328e6bb9380a1de713e21042256df90a2b4553f178b0be,1,mathsvg,balanced-v1,70bb1e0dd999f0b072e68b38dc1ccb8bfc77175771bc5f1175f649a0aafa789e,8f1ca1238a4c2d6495b7cff729ce6ecb34da3f844a557ea7b90b0d9d52a10787,complete,56c1b7390551d55bb056da7122b41ac3f7e4459570e4627ac278f7c91d669491,87c0d5d060fd36c685b98a38611b7bd6c4614d40b36d29be84edcd6c173f8160,complete,confirmed,confirmed,inconclusive,confirmed,inconclusive,false,size worse by 301 (11.4058%); compression worse by 25020275.5 (283.074%); decompression confidence is inconclusive; decompression point estimate worse by 172666 (1.96129%); memory worse by 2240512 (128.706%)
xz-9e,xz-9e,balanced,validation,datasets/data/validation/crates/serde-1.0.229/src/core/macros.rs,8276,1720,2940,33937864.5,33859044,8907266.5,8976343.5,8437760,3981312,false,true,false,true,2,inconclusive,true,true,1,file,validation-v4-final-binary,local-x86-64,x86_64,36f84685dc00064dae9a239face7e8eff797ed28,eb89ca9bad1783e5aada0b0b7b949e1097f0f3dfb84dcd87dd1006670a8e8e5e,1297748005,gnu-time-v1-monotonic-wall,3b11dec50514a8473e9f6efa7a34d584d0657538c09988f61b72d38ad4991a10,validation,validation-crates-io-serde-1-0-229-src-core-macros-rs,a61c9d19b210697304328e6bb9380a1de713e21042256df90a2b4553f178b0be,1,mathsvg,balanced-v1,70bb1e0dd999f0b072e68b38dc1ccb8bfc77175771bc5f1175f649a0aafa789e,8f1ca1238a4c2d6495b7cff729ce6ecb34da3f844a557ea7b90b0d9d52a10787,complete,1bd3a8a1a914bf55087f30b641adcacaac8d04f2cc5a9c21f3668bf2f6727da6,b5b163eb273291934556377ab883b4b2a5d4da50bd0dc0a91774ecc234ccd8d0,complete,confirmed,inconclusive,inconclusive,confirmed,inconclusive,false,size worse by 1220 (70.9302%); compression confidence is inconclusive; decompression confidence is inconclusive; decompression point estimate worse by 69077 (0.775513%)
zstd-default,zstd-default,balanced,validation,datasets/data/validation/crates/serde-1.0.229/src/core/macros.rs,8276,1762,2940,9110285,33859044,8818344,8976343.5,2797568,3981312,false,false,false,false,0,inconclusive,true,true,1,file,validation-v4-final-binary,local-x86-64,x86_64,36f84685dc00064dae9a239face7e8eff797ed28,eb89ca9bad1783e5aada0b0b7b949e1097f0f3dfb84dcd87dd1006670a8e8e5e,1297748005,gnu-time-v1-monotonic-wall,3b11dec50514a8473e9f6efa7a34d584d0657538c09988f61b72d38ad4991a10,validation,validation-crates-io-serde-1-0-229-src-core-macros-rs,a61c9d19b210697304328e6bb9380a1de713e21042256df90a2b4553f178b0be,1,mathsvg,balanced-v1,70bb1e0dd999f0b072e68b38dc1ccb8bfc77175771bc5f1175f649a0aafa789e,8f1ca1238a4c2d6495b7cff729ce6ecb34da3f844a557ea7b90b0d9d52a10787,complete,8afdee0e1fe04f0a9c92a00ebbd438b50004de9dcdf47ce697a89ac0bdae40a5,7c5468b370f7c47eda07281e3437fafc568f95d10420051e3aa522709f9342c5,complete,confirmed,confirmed,inconclusive,confirmed,inconclusive,false,size worse by 1178 (66.8558%); compression worse by 24748759 (271.657%); decompression confidence is inconclusive; decompression point estimate worse by 157999.5 (1.79171%); memory worse by 1183744 (42.3133%)
gzip-6,gzip-6,balanced,validation,datasets/data/validation/crates/serde-1.0.229/src/core/private/content.rs,750,426,1033,8761020.5,16944926.5,5642218.5,9187557.5,1560576,3860480,false,false,false,false,0,confirmed,true,true,1,file,validation-v4-final-binary,local-x86-64,x86_64,36f84685dc00064dae9a239face7e8eff797ed28,eb89ca9bad1783e5aada0b0b7b949e1097f0f3dfb84dcd87dd1006670a8e8e5e,1297748005,gnu-time-v1-monotonic-wall,3b11dec50514a8473e9f6efa7a34d584d0657538c09988f61b72d38ad4991a10,validation,validation-crates-io-serde-1-0-229-src-core-private-content-rs,5fdfb2bb95ecc80375507acb813a4c640496385e56fc99ab448f6b19e01fcc01,1,mathsvg,balanced-v1,70bb1e0dd999f0b072e68b38dc1ccb8bfc77175771bc5f1175f649a0aafa789e,8f1ca1238a4c2d6495b7cff729ce6ecb34da3f844a557ea7b90b0d9d52a10787,complete,bf920ab8461c6c60c8cc32db3d853f55655e60793cf7f64068847ad56c2b2e67,afea077ce127d4fa9ad410d3066ba2b54dea19c0b44f04adf56c72d5f7b7a9bb,complete,confirmed,confirmed,confirmed,confirmed,fail,false,size worse by 607 (142.488%); compression worse by 8183906 (93.4127%); decompression worse by 3545339 (62.8359%); memory worse by 2299904 (147.375%)
lz4,lz4,balanced,validation,datasets/data/validation/crates/serde-1.0.229/src/core/private/content.rs,750,573,1033,8798627,16944926.5,8664498.5,9187557.5,1740800,3860480,false,false,false,false,0,inconclusive,true,true,1,file,validation-v4-final-binary,local-x86-64,x86_64,36f84685dc00064dae9a239face7e8eff797ed28,eb89ca9bad1783e5aada0b0b7b949e1097f0f3dfb84dcd87dd1006670a8e8e5e,1297748005,gnu-time-v1-monotonic-wall,3b11dec50514a8473e9f6efa7a34d584d0657538c09988f61b72d38ad4991a10,validation,validation-crates-io-serde-1-0-229-src-core-private-content-rs,5fdfb2bb95ecc80375507acb813a4c640496385e56fc99ab448f6b19e01fcc01,1,mathsvg,balanced-v1,70bb1e0dd999f0b072e68b38dc1ccb8bfc77175771bc5f1175f649a0aafa789e,8f1ca1238a4c2d6495b7cff729ce6ecb34da3f844a557ea7b90b0d9d52a10787,complete,56c1b7390551d55bb056da7122b41ac3f7e4459570e4627ac278f7c91d669491,87c0d5d060fd36c685b98a38611b7bd6c4614d40b36d29be84edcd6c173f8160,complete,confirmed,confirmed,inconclusive,confirmed,inconclusive,false,size worse by 460 (80.2792%); compression worse by 8146299.5 (92.586%); decompression confidence is inconclusive; decompression point estimate worse by 523059 (6.03681%); memory worse by 2119680 (121.765%)
xz-9e,xz-9e,balanced,validation,datasets/data/validation/crates/serde-1.0.229/src/core/private/content.rs,750,484,1033,17013399.5,16944926.5,8968176.5,9187557.5,4374528,3860480,false,true,false,true,2,inconclusive,true,true,1,file,validation-v4-final-binary,local-x86-64,x86_64,36f84685dc00064dae9a239face7e8eff797ed28,eb89ca9bad1783e5aada0b0b7b949e1097f0f3dfb84dcd87dd1006670a8e8e5e,1297748005,gnu-time-v1-monotonic-wall,3b11dec50514a8473e9f6efa7a34d584d0657538c09988f61b72d38ad4991a10,validation,validation-crates-io-serde-1-0-229-src-core-private-content-rs,5fdfb2bb95ecc80375507acb813a4c640496385e56fc99ab448f6b19e01fcc01,1,mathsvg,balanced-v1,70bb1e0dd999f0b072e68b38dc1ccb8bfc77175771bc5f1175f649a0aafa789e,8f1ca1238a4c2d6495b7cff729ce6ecb34da3f844a557ea7b90b0d9d52a10787,complete,1bd3a8a1a914bf55087f30b641adcacaac8d04f2cc5a9c21f3668bf2f6727da6,b5b163eb273291934556377ab883b4b2a5d4da50bd0dc0a91774ecc234ccd8d0,complete,confirmed,inconclusive,inconclusive,confirmed,inconclusive,false,size worse by 549 (113.43%); compression confidence is inconclusive; decompression confidence is inconclusive; decompression point estimate worse by 219381 (2.44622%)
zstd-default,zstd-default,balanced,validation,datasets/data/validation/crates/serde-1.0.229/src/core/private/content.rs,750,439,1033,8908801,16944926.5,8976089,9187557.5,2670592,3860480,false,false,false,false,0,inconclusive,true,true,1,file,validation-v4-final-binary,local-x86-64,x86_64,36f84685dc00064dae9a239face7e8eff797ed28,eb89ca9bad1783e5aada0b0b7b949e1097f0f3dfb84dcd87dd1006670a8e8e5e,1297748005,gnu-time-v1-monotonic-wall,3b11dec50514a8473e9f6efa7a34d584d0657538c09988f61b72d38ad4991a10,validation,validation-crates-io-serde-1-0-229-src-core-private-content-rs,5fdfb2bb95ecc80375507acb813a4c640496385e56fc99ab448f6b19e01fcc01,1,mathsvg,balanced-v1,70bb1e0dd999f0b072e68b38dc1ccb8bfc77175771bc5f1175f649a0aafa789e,8f1ca1238a4c2d6495b7cff729ce6ecb34da3f844a557ea7b90b0d9d52a10787,complete,8afdee0e1fe04f0a9c92a00ebbd438b50004de9dcdf47ce697a89ac0bdae40a5,7c5468b370f7c47eda07281e3437fafc568f95d10420051e3aa522709f9342c5,complete,confirmed,inconclusive,inconclusive,confirmed,inconclusive,false,size worse by 594 (135.308%); compression confidence is inconclusive; compression point estimate worse by 8036125.5 (90.2043%); decompression confidence is inconclusive; decompression point estimate worse by 211468.5 (2.35591%); memory worse by 1189888 (44.5552%)
gzip-6,gzip-6,balanced,validation,datasets/data/validation/crates/serde-1.0.229/src/core/private/doc.rs,5146,1022,2025,8839883.5,17649457,8769180,9014093,1560576,3919872,false,false,false,false,0,inconclusive,true,true,1,file,validation-v4-final-binary,local-x86-64,x86_64,36f84685dc00064dae9a239face7e8eff797ed28,eb89ca9bad1783e5aada0b0b7b949e1097f0f3dfb84dcd87dd1006670a8e8e5e,1297748005,gnu-time-v1-monotonic-wall,3b11dec50514a8473e9f6efa7a34d584d0657538c09988f61b72d38ad4991a10,validation,validation-crates-io-serde-1-0-229-src-core-private-doc-rs,abe656c015267555ca26ebbcf2f4dcc52c719a0b9ade3a5ed4635b2784699b8c,1,mathsvg,balanced-v1,70bb1e0dd999f0b072e68b38dc1ccb8bfc77175771bc5f1175f649a0aafa789e,8f1ca1238a4c2d6495b7cff729ce6ecb34da3f844a557ea7b90b0d9d52a10787,complete,bf920ab8461c6c60c8cc32db3d853f55655e60793cf7f64068847ad56c2b2e67,afea077ce127d4fa9ad410d3066ba2b54dea19c0b44f04adf56c72d5f7b7a9bb,complete,confirmed,confirmed,inconclusive,confirmed,inconclusive,false,size worse by 1003 (98.1409%); compression worse by 8809573.5 (99.6571%); decompression confidence is inconclusive; decompression point estimate worse by 244913 (2.79288%); memory worse by 2359296 (151.181%)
lz4,lz4,balanced,validation,datasets/data/validation/crates/serde-1.0.229/src/core/private/doc.rs,5146,1529,2025,8802407,17649457,8784084.5,9014093,1740800,3919872,false,false,false,false,0,inconclusive,true,true,1,file,validation-v4-final-binary,local-x86-64,x86_64,36f84685dc00064dae9a239face7e8eff797ed28,eb89ca9bad1783e5aada0b0b7b949e1097f0f3dfb84dcd87dd1006670a8e8e5e,1297748005,gnu-time-v1-monotonic-wall,3b11dec50514a8473e9f6efa7a34d584d0657538c09988f61b72d38ad4991a10,validation,validation-crates-io-serde-1-0-229-src-core-private-doc-rs,abe656c015267555ca26ebbcf2f4dcc52c719a0b9ade3a5ed4635b2784699b8c,1,mathsvg,balanced-v1,70bb1e0dd999f0b072e68b38dc1ccb8bfc77175771bc5f1175f649a0aafa789e,8f1ca1238a4c2d6495b7cff729ce6ecb34da3f844a557ea7b90b0d9d52a10787,complete,56c1b7390551d55bb056da7122b41ac3f7e4459570e4627ac278f7c91d669491,87c0d5d060fd36c685b98a38611b7bd6c4614d40b36d29be84edcd6c173f8160,complete,confirmed,confirmed,inconclusive,confirmed,inconclusive,false,size worse by 496 (32.4395%); compression worse by 8847050 (100.507%); decompression confidence is inconclusive; decompression point estimate worse by 230008.5 (2.61847%); memory worse by 2179072 (125.176%)
xz-9e,xz-9e,balanced,validation,datasets/data/validation/crates/serde-1.0.229/src/core/private/doc.rs,5146,1068,2025,33281028.5,17649457,9011001.5,9014093,6209536,3919872,false,true,false,true,2,inconclusive,true,true,1,file,validation-v4-final-binary,local-x86-64,x86_64,36f84685dc00064dae9a239face7e8eff797ed28,eb89ca9bad1783e5aada0b0b7b949e1097f0f3dfb84dcd87dd1006670a8e8e5e,1297748005,gnu-time-v1-monotonic-wall,3b11dec50514a8473e9f6efa7a34d584d0657538c09988f61b72d38ad4991a10,validation,validation-crates-io-serde-1-0-229-src-core-private-doc-rs,abe656c015267555ca26ebbcf2f4dcc52c719a0b9ade3a5ed4635b2784699b8c,1,mathsvg,balanced-v1,70bb1e0dd999f0b072e68b38dc1ccb8bfc77175771bc5f1175f649a0aafa789e,8f1ca1238a4c2d6495b7cff729ce6ecb34da3f844a557ea7b90b0d9d52a10787,complete,1bd3a8a1a914bf55087f30b641adcacaac8d04f2cc5a9c21f3668bf2f6727da6,b5b163eb273291934556377ab883b4b2a5d4da50bd0dc0a91774ecc234ccd8d0,complete,confirmed,confirmed,inconclusive,confirmed,inconclusive,false,size worse by 957 (89.6067%); decompression confidence is inconclusive; decompression point estimate worse by 3091.5 (0.0343081%)
zstd-default,zstd-default,balanced,validation,datasets/data/validation/crates/serde-1.0.229/src/core/private/doc.rs,5146,1062,2025,8919864.5,17649457,9247610.5,9014093,2783232,3919872,false,false,true,false,1,inconclusive,true,true,1,file,validation-v4-final-binary,local-x86-64,x86_64,36f84685dc00064dae9a239face7e8eff797ed28,eb89ca9bad1783e5aada0b0b7b949e1097f0f3dfb84dcd87dd1006670a8e8e5e,1297748005,gnu-time-v1-monotonic-wall,3b11dec50514a8473e9f6efa7a34d584d0657538c09988f61b72d38ad4991a10,validation,validation-crates-io-serde-1-0-229-src-core-private-doc-rs,abe656c015267555ca26ebbcf2f4dcc52c719a0b9ade3a5ed4635b2784699b8c,1,mathsvg,balanced-v1,70bb1e0dd999f0b072e68b38dc1ccb8bfc77175771bc5f1175f649a0aafa789e,8f1ca1238a4c2d6495b7cff729ce6ecb34da3f844a557ea7b90b0d9d52a10787,complete,8afdee0e1fe04f0a9c92a00ebbd438b50004de9dcdf47ce697a89ac0bdae40a5,7c5468b370f7c47eda07281e3437fafc568f95d10420051e3aa522709f9342c5,complete,confirmed,confirmed,inconclusive,confirmed,inconclusive,false,size worse by 963 (90.678%); compression worse by 8729592.5 (97.8669%); decompression confidence is inconclusive; memory worse by 1136640 (40.8389%)
gzip-6,gzip-6,balanced,validation,datasets/data/validation/crates/serde-1.0.229/src/core/private/mod.rs,504,265,796,8637905.5,17083672.5,8597219.5,8897115.5,1560576,3860480,false,false,false,false,0,inconclusive,true,true,1,file,validation-v4-final-binary,local-x86-64,x86_64,36f84685dc00064dae9a239face7e8eff797ed28,eb89ca9bad1783e5aada0b0b7b949e1097f0f3dfb84dcd87dd1006670a8e8e5e,1297748005,gnu-time-v1-monotonic-wall,3b11dec50514a8473e9f6efa7a34d584d0657538c09988f61b72d38ad4991a10,validation,validation-crates-io-serde-1-0-229-src-core-private-mod-rs,3bb3427ec80077b9df1853aa17681de796de0179d74871a96b88b72469de6cfc,1,mathsvg,balanced-v1,70bb1e0dd999f0b072e68b38dc1ccb8bfc77175771bc5f1175f649a0aafa789e,8f1ca1238a4c2d6495b7cff729ce6ecb34da3f844a557ea7b90b0d9d52a10787,complete,bf920ab8461c6c60c8cc32db3d853f55655e60793cf7f64068847ad56c2b2e67,afea077ce127d4fa9ad410d3066ba2b54dea19c0b44f04adf56c72d5f7b7a9bb,complete,confirmed,confirmed,inconclusive,confirmed,inconclusive,false,size worse by 531 (200.377%); compression worse by 8445767 (97.7756%); decompression confidence is inconclusive; decompression point estimate worse by 299896 (3.48829%); memory worse by 2299904 (147.375%)
lz4,lz4,balanced,validation,datasets/data/validation/crates/serde-1.0.229/src/core/private/mod.rs,504,330,796,8963707,17083672.5,8837560.5,8897115.5,1740800,3860480,false,false,false,false,0,inconclusive,true,true,1,file,validation-v4-final-binary,local-x86-64,x86_64,36f84685dc00064dae9a239face7e8eff797ed28,eb89ca9bad1783e5aada0b0b7b949e1097f0f3dfb84dcd87dd1006670a8e8e5e,1297748005,gnu-time-v1-monotonic-wall,3b11dec50514a8473e9f6efa7a34d584d0657538c09988f61b72d38ad4991a10,validation,validation-crates-io-serde-1-0-229-src-core-private-mod-rs,3bb3427ec80077b9df1853aa17681de796de0179d74871a96b88b72469de6cfc,1,mathsvg,balanced-v1,70bb1e0dd999f0b072e68b38dc1ccb8bfc77175771bc5f1175f649a0aafa789e,8f1ca1238a4c2d6495b7cff729ce6ecb34da3f844a557ea7b90b0d9d52a10787,complete,56c1b7390551d55bb056da7122b41ac3f7e4459570e4627ac278f7c91d669491,87c0d5d060fd36c685b98a38611b7bd6c4614d40b36d29be84edcd6c173f8160,complete,confirmed,confirmed,inconclusive,confirmed,inconclusive,false,size worse by 466 (141.212%); compression worse by 8119965.5 (90.5871%); decompression confidence is inconclusive; decompression point estimate worse by 59555 (0.673885%); memory worse by 2119680 (121.765%)
xz-9e,xz-9e,balanced,validation,datasets/data/validation/crates/serde-1.0.229/src/core/private/mod.rs,504,320,796,16851656.5,17083672.5,8849613,8897115.5,3457024,3860480,false,false,false,false,0,inconclusive,true,true,1,file,validation-v4-final-binary,local-x86-64,x86_64,36f84685dc00064dae9a239face7e8eff797ed28,eb89ca9bad1783e5aada0b0b7b949e1097f0f3dfb84dcd87dd1006670a8e8e5e,1297748005,gnu-time-v1-monotonic-wall,3b11dec50514a8473e9f6efa7a34d584d0657538c09988f61b72d38ad4991a10,validation,validation-crates-io-serde-1-0-229-src-core-private-mod-rs,3bb3427ec80077b9df1853aa17681de796de0179d74871a96b88b72469de6cfc,1,mathsvg,balanced-v1,70bb1e0dd999f0b072e68b38dc1ccb8bfc77175771bc5f1175f649a0aafa789e,8f1ca1238a4c2d6495b7cff729ce6ecb34da3f844a557ea7b90b0d9d52a10787,complete,1bd3a8a1a914bf55087f30b641adcacaac8d04f2cc5a9c21f3668bf2f6727da6,b5b163eb273291934556377ab883b4b2a5d4da50bd0dc0a91774ecc234ccd8d0,complete,confirmed,inconclusive,inconclusive,confirmed,inconclusive,false,size worse by 476 (148.75%); compression confidence is inconclusive; compression point estimate worse by 232016 (1.37681%); decompression confidence is inconclusive; decompression point estimate worse by 47502.5 (0.536775%); memory worse by 403456 (11.6706%)
zstd-default,zstd-default,balanced,validation,datasets/data/validation/crates/serde-1.0.229/src/core/private/mod.rs,504,256,796,8864750.5,17083672.5,8809088,8897115.5,2713600,3860480,false,false,false,false,0,inconclusive,true,true,1,file,validation-v4-final-binary,local-x86-64,x86_64,36f84685dc00064dae9a239face7e8eff797ed28,eb89ca9bad1783e5aada0b0b7b949e1097f0f3dfb84dcd87dd1006670a8e8e5e,1297748005,gnu-time-v1-monotonic-wall,3b11dec50514a8473e9f6efa7a34d584d0657538c09988f61b72d38ad4991a10,validation,validation-crates-io-serde-1-0-229-src-core-private-mod-rs,3bb3427ec80077b9df1853aa17681de796de0179d74871a96b88b72469de6cfc,1,mathsvg,balanced-v1,70bb1e0dd999f0b072e68b38dc1ccb8bfc77175771bc5f1175f649a0aafa789e,8f1ca1238a4c2d6495b7cff729ce6ecb34da3f844a557ea7b90b0d9d52a10787,complete,8afdee0e1fe04f0a9c92a00ebbd438b50004de9dcdf47ce697a89ac0bdae40a5,7c5468b370f7c47eda07281e3437fafc568f95d10420051e3aa522709f9342c5,complete,confirmed,confirmed,inconclusive,confirmed,inconclusive,false,size worse by 540 (210.938%); compression worse by 8218922 (92.7146%); decompression confidence is inconclusive; decompression point estimate worse by 88027.5 (0.999281%); memory worse by 1146880 (42.2642%)
gzip-6,gzip-6,balanced,validation,datasets/data/validation/crates/serde-1.0.229/src/core/private/seed.rs,635,354,951,8681125.5,17101879,8753935,9298060,1560576,3850240,false,false,false,false,0,inconclusive,true,true,1,file,validation-v4-final-binary,local-x86-64,x86_64,36f84685dc00064dae9a239face7e8eff797ed28,eb89ca9bad1783e5aada0b0b7b949e1097f0f3dfb84dcd87dd1006670a8e8e5e,1297748005,gnu-time-v1-monotonic-wall,3b11dec50514a8473e9f6efa7a34d584d0657538c09988f61b72d38ad4991a10,validation,validation-crates-io-serde-1-0-229-src-core-private-seed-rs,3f6e098c5bd314788370dcaf3ab0152fcd7feb6bcf36a9c51808938cd58071eb,1,mathsvg,balanced-v1,70bb1e0dd999f0b072e68b38dc1ccb8bfc77175771bc5f1175f649a0aafa789e,8f1ca1238a4c2d6495b7cff729ce6ecb34da3f844a557ea7b90b0d9d52a10787,complete,bf920ab8461c6c60c8cc32db3d853f55655e60793cf7f64068847ad56c2b2e67,afea077ce127d4fa9ad410d3066ba2b54dea19c0b44f04adf56c72d5f7b7a9bb,complete,confirmed,confirmed,inconclusive,confirmed,inconclusive,false,size worse by 597 (168.644%); compression worse by 8420753.5 (97.0007%); decompression confidence is inconclusive; decompression point estimate worse by 544125 (6.21578%); memory worse by 2289664 (146.719%)
lz4,lz4,balanced,validation,datasets/data/validation/crates/serde-1.0.229/src/core/private/seed.rs,635,476,951,8746435,17101879,8831258,9298060,1740800,3850240,false,false,false,false,0,inconclusive,true,true,1,file,validation-v4-final-binary,local-x86-64,x86_64,36f84685dc00064dae9a239face7e8eff797ed28,eb89ca9bad1783e5aada0b0b7b949e1097f0f3dfb84dcd87dd1006670a8e8e5e,1297748005,gnu-time-v1-monotonic-wall,3b11dec50514a8473e9f6efa7a34d584d0657538c09988f61b72d38ad4991a10,validation,validation-crates-io-serde-1-0-229-src-core-private-seed-rs,3f6e098c5bd314788370dcaf3ab0152fcd7feb6bcf36a9c51808938cd58071eb,1,mathsvg,balanced-v1,70bb1e0dd999f0b072e68b38dc1ccb8bfc77175771bc5f1175f649a0aafa789e,8f1ca1238a4c2d6495b7cff729ce6ecb34da3f844a557ea7b90b0d9d52a10787,complete,56c1b7390551d55bb056da7122b41ac3f7e4459570e4627ac278f7c91d669491,87c0d5d060fd36c685b98a38611b7bd6c4614d40b36d29be84edcd6c173f8160,complete,confirmed,confirmed,inconclusive,confirmed,inconclusive,false,size worse by 475 (99.7899%); compression worse by 8355444 (95.5297%); decompression confidence is inconclusive; decompression point estimate worse by 466802 (5.28579%); memory worse by 2109440 (121.176%)
xz-9e,xz-9e,balanced,validation,datasets/data/validation/crates/serde-1.0.229/src/core/private/seed.rs,635,428,951,17022472,17101879,8884727.5,9298060,3981312,3850240,false,false,false,true,1,inconclusive,true,true,1,file,validation-v4-final-binary,local-x86-64,x86_64,36f84685dc00064dae9a239face7e8eff797ed28,eb89ca9bad1783e5aada0b0b7b949e1097f0f3dfb84dcd87dd1006670a8e8e5e,1297748005,gnu-time-v1-monotonic-wall,3b11dec50514a8473e9f6efa7a34d584d0657538c09988f61b72d38ad4991a10,validation,validation-crates-io-serde-1-0-229-src-core-private-seed-rs,3f6e098c5bd314788370dcaf3ab0152fcd7feb6bcf36a9c51808938cd58071eb,1,mathsvg,balanced-v1,70bb1e0dd999f0b072e68b38dc1ccb8bfc77175771bc5f1175f649a0aafa789e,8f1ca1238a4c2d6495b7cff729ce6ecb34da3f844a557ea7b90b0d9d52a10787,complete,1bd3a8a1a914bf55087f30b641adcacaac8d04f2cc5a9c21f3668bf2f6727da6,b5b163eb273291934556377ab883b4b2a5d4da50bd0dc0a91774ecc234ccd8d0,complete,confirmed,inconclusive,inconclusive,confirmed,inconclusive,false,size worse by 523 (122.196%); compression confidence is inconclusive; compression point estimate worse by 79407 (0.466483%); decompression confidence is inconclusive; decompression point estimate worse by 413332.5 (4.65217%)
zstd-default,zstd-default,balanced,validation,datasets/data/validation/crates/serde-1.0.229/src/core/private/seed.rs,635,369,951,8944780,17101879,8941651,9298060,2805760,3850240,false,false,false,false,0,inconclusive,true,true,1,file,validation-v4-final-binary,local-x86-64,x86_64,36f84685dc00064dae9a239face7e8eff797ed28,eb89ca9bad1783e5aada0b0b7b949e1097f0f3dfb84dcd87dd1006670a8e8e5e,1297748005,gnu-time-v1-monotonic-wall,3b11dec50514a8473e9f6efa7a34d584d0657538c09988f61b72d38ad4991a10,validation,validation-crates-io-serde-1-0-229-src-core-private-seed-rs,3f6e098c5bd314788370dcaf3ab0152fcd7feb6bcf36a9c51808938cd58071eb,1,mathsvg,balanced-v1,70bb1e0dd999f0b072e68b38dc1ccb8bfc77175771bc5f1175f649a0aafa789e,8f1ca1238a4c2d6495b7cff729ce6ecb34da3f844a557ea7b90b0d9d52a10787,complete,8afdee0e1fe04f0a9c92a00ebbd438b50004de9dcdf47ce697a89ac0bdae40a5,7c5468b370f7c47eda07281e3437fafc568f95d10420051e3aa522709f9342c5,complete,confirmed,confirmed,inconclusive,confirmed,inconclusive,false,size worse by 582 (157.724%); compression worse by 8157099 (91.194%); decompression confidence is inconclusive; decompression point estimate worse by 356409 (3.98594%); memory worse by 1044480 (37.2263%)
gzip-6,gzip-6,balanced,validation,datasets/data/validation/crates/serde-1.0.229/src/core/private/size_hint.rs,692,365,951,8870199.5,17485579,8949681.5,10493654.5,1560576,3858432,false,false,false,false,0,inconclusive,true,true,1,file,validation-v4-final-binary,local-x86-64,x86_64,36f84685dc00064dae9a239face7e8eff797ed28,eb89ca9bad1783e5aada0b0b7b949e1097f0f3dfb84dcd87dd1006670a8e8e5e,1297748005,gnu-time-v1-monotonic-wall,3b11dec50514a8473e9f6efa7a34d584d0657538c09988f61b72d38ad4991a10,validation,validation-crates-io-serde-1-0-229-src-core-private-size-hint-rs,350694a2abaad94ca5d33958710a5bb8973a2ea1a3dcc50a41405c943761b81f,1,mathsvg,balanced-v1,70bb1e0dd999f0b072e68b38dc1ccb8bfc77175771bc5f1175f649a0aafa789e,8f1ca1238a4c2d6495b7cff729ce6ecb34da3f844a557ea7b90b0d9d52a10787,complete,bf920ab8461c6c60c8cc32db3d853f55655e60793cf7f64068847ad56c2b2e67,afea077ce127d4fa9ad410d3066ba2b54dea19c0b44f04adf56c72d5f7b7a9bb,complete,confirmed,confirmed,inconclusive,confirmed,inconclusive,false,size worse by 586 (160.548%); compression worse by 8615379.5 (97.1272%); decompression confidence is inconclusive; decompression point estimate worse by 1543973 (17.2517%); memory worse by 2297856 (147.244%)
lz4,lz4,balanced,validation,datasets/data/validation/crates/serde-1.0.229/src/core/private/size_hint.rs,692,476,951,8935388,17485579,8853432.5,10493654.5,1740800,3858432,false,false,false,false,0,inconclusive,true,true,1,file,validation-v4-final-binary,local-x86-64,x86_64,36f84685dc00064dae9a239face7e8eff797ed28,eb89ca9bad1783e5aada0b0b7b949e1097f0f3dfb84dcd87dd1006670a8e8e5e,1297748005,gnu-time-v1-monotonic-wall,3b11dec50514a8473e9f6efa7a34d584d0657538c09988f61b72d38ad4991a10,validation,validation-crates-io-serde-1-0-229-src-core-private-size-hint-rs,350694a2abaad94ca5d33958710a5bb8973a2ea1a3dcc50a41405c943761b81f,1,mathsvg,balanced-v1,70bb1e0dd999f0b072e68b38dc1ccb8bfc77175771bc5f1175f649a0aafa789e,8f1ca1238a4c2d6495b7cff729ce6ecb34da3f844a557ea7b90b0d9d52a10787,complete,56c1b7390551d55bb056da7122b41ac3f7e4459570e4627ac278f7c91d669491,87c0d5d060fd36c685b98a38611b7bd6c4614d40b36d29be84edcd6c173f8160,complete,confirmed,confirmed,inconclusive,confirmed,inconclusive,false,size worse by 475 (99.7899%); compression worse by 8550191 (95.6891%); decompression confidence is inconclusive; decompression point estimate worse by 1640222 (18.5264%); memory worse by 2117632 (121.647%)
xz-9e,xz-9e,balanced,validation,datasets/data/validation/crates/serde-1.0.229/src/core/private/size_hint.rs,692,428,951,17078960,17485579,8866087.5,10493654.5,3979264,3858432,false,false,false,true,1,inconclusive,true,true,1,file,validation-v4-final-binary,local-x86-64,x86_64,36f84685dc00064dae9a239face7e8eff797ed28,eb89ca9bad1783e5aada0b0b7b949e1097f0f3dfb84dcd87dd1006670a8e8e5e,1297748005,gnu-time-v1-monotonic-wall,3b11dec50514a8473e9f6efa7a34d584d0657538c09988f61b72d38ad4991a10,validation,validation-crates-io-serde-1-0-229-src-core-private-size-hint-rs,350694a2abaad94ca5d33958710a5bb8973a2ea1a3dcc50a41405c943761b81f,1,mathsvg,balanced-v1,70bb1e0dd999f0b072e68b38dc1ccb8bfc77175771bc5f1175f649a0aafa789e,8f1ca1238a4c2d6495b7cff729ce6ecb34da3f844a557ea7b90b0d9d52a10787,complete,1bd3a8a1a914bf55087f30b641adcacaac8d04f2cc5a9c21f3668bf2f6727da6,b5b163eb273291934556377ab883b4b2a5d4da50bd0dc0a91774ecc234ccd8d0,complete,confirmed,inconclusive,inconclusive,confirmed,inconclusive,false,size worse by 523 (122.196%); compression confidence is inconclusive; compression point estimate worse by 406619 (2.38082%); decompression confidence is inconclusive; decompression point estimate worse by 1627567 (18.3572%)
zstd-default,zstd-default,balanced,validation,datasets/data/validation/crates/serde-1.0.229/src/core/private/size_hint.rs,692,376,951,9453689,17485579,9636806,10493654.5,2723840,3858432,false,false,false,false,0,inconclusive,true,true,1,file,validation-v4-final-binary,local-x86-64,x86_64,36f84685dc00064dae9a239face7e8eff797ed28,eb89ca9bad1783e5aada0b0b7b949e1097f0f3dfb84dcd87dd1006670a8e8e5e,1297748005,gnu-time-v1-monotonic-wall,3b11dec50514a8473e9f6efa7a34d584d0657538c09988f61b72d38ad4991a10,validation,validation-crates-io-serde-1-0-229-src-core-private-size-hint-rs,350694a2abaad94ca5d33958710a5bb8973a2ea1a3dcc50a41405c943761b81f,1,mathsvg,balanced-v1,70bb1e0dd999f0b072e68b38dc1ccb8bfc77175771bc5f1175f649a0aafa789e,8f1ca1238a4c2d6495b7cff729ce6ecb34da3f844a557ea7b90b0d9d52a10787,complete,8afdee0e1fe04f0a9c92a00ebbd438b50004de9dcdf47ce697a89ac0bdae40a5,7c5468b370f7c47eda07281e3437fafc568f95d10420051e3aa522709f9342c5,complete,confirmed,confirmed,inconclusive,confirmed,inconclusive,false,size worse by 575 (152.926%); compression worse by 8031890 (84.9604%); decompression confidence is inconclusive; decompression point estimate worse by 856848.5 (8.89142%); memory worse by 1134592 (41.6541%)
gzip-6,gzip-6,balanced,validation,datasets/data/validation/crates/serde-1.0.229/src/core/private/string.rs,794,450,1078,9007318,16992348.5,8882502,8937430,1560576,3833856,false,false,false,false,0,inconclusive,true,true,1,file,validation-v4-final-binary,local-x86-64,x86_64,36f84685dc00064dae9a239face7e8eff797ed28,eb89ca9bad1783e5aada0b0b7b949e1097f0f3dfb84dcd87dd1006670a8e8e5e,1297748005,gnu-time-v1-monotonic-wall,3b11dec50514a8473e9f6efa7a34d584d0657538c09988f61b72d38ad4991a10,validation,validation-crates-io-serde-1-0-229-src-core-private-string-rs,c1500fd4b64c24a5e45fa5f48c85c802816d6954a2999a72fc5a8861687212d4,1,mathsvg,balanced-v1,70bb1e0dd999f0b072e68b38dc1ccb8bfc77175771bc5f1175f649a0aafa789e,8f1ca1238a4c2d6495b7cff729ce6ecb34da3f844a557ea7b90b0d9d52a10787,complete,bf920ab8461c6c60c8cc32db3d853f55655e60793cf7f64068847ad56c2b2e67,afea077ce127d4fa9ad410d3066ba2b54dea19c0b44f04adf56c72d5f7b7a9bb,complete,confirmed,confirmed,inconclusive,confirmed,inconclusive,false,size worse by 628 (139.556%); compression worse by 7985030.5 (88.6505%); decompression confidence is inconclusive; decompression point estimate worse by 54928 (0.618384%); memory worse by 2273280 (145.669%)
lz4,lz4,balanced,validation,datasets/data/validation/crates/serde-1.0.229/src/core/private/string.rs,794,610,1078,8899937,16992348.5,8757409.5,8937430,1740800,3833856,false,false,false,false,0,inconclusive,true,true,1,file,validation-v4-final-binary,local-x86-64,x86_64,36f84685dc00064dae9a239face7e8eff797ed28,eb89ca9bad1783e5aada0b0b7b949e1097f0f3dfb84dcd87dd1006670a8e8e5e,1297748005,gnu-time-v1-monotonic-wall,3b11dec50514a8473e9f6efa7a34d584d0657538c09988f61b72d38ad4991a10,validation,validation-crates-io-serde-1-0-229-src-core-private-string-rs,c1500fd4b64c24a5e45fa5f48c85c802816d6954a2999a72fc5a8861687212d4,1,mathsvg,balanced-v1,70bb1e0dd999f0b072e68b38dc1ccb8bfc77175771bc5f1175f649a0aafa789e,8f1ca1238a4c2d6495b7cff729ce6ecb34da3f844a557ea7b90b0d9d52a10787,complete,56c1b7390551d55bb056da7122b41ac3f7e4459570e4627ac278f7c91d669491,87c0d5d060fd36c685b98a38611b7bd6c4614d40b36d29be84edcd6c173f8160,complete,confirmed,confirmed,inconclusive,confirmed,inconclusive,false,size worse by 468 (76.7213%); compression worse by 8092411.5 (90.9266%); decompression confidence is inconclusive; decompression point estimate worse by 180020.5 (2.05564%); memory worse by 2093056 (120.235%)
xz-9e,xz-9e,balanced,validation,datasets/data/validation/crates/serde-1.0.229/src/core/private/string.rs,794,532,1078,17093224,16992348.5,8879679.5,8937430,4505600,3833856,false,true,false,true,2,inconclusive,true,true,1,file,validation-v4-final-binary,local-x86-64,x86_64,36f84685dc00064dae9a239face7e8eff797ed28,eb89ca9bad1783e5aada0b0b7b949e1097f0f3dfb84dcd87dd1006670a8e8e5e,1297748005,gnu-time-v1-monotonic-wall,3b11dec50514a8473e9f6efa7a34d584d0657538c09988f61b72d38ad4991a10,validation,validation-crates-io-serde-1-0-229-src-core-private-string-rs,c1500fd4b64c24a5e45fa5f48c85c802816d6954a2999a72fc5a8861687212d4,1,mathsvg,balanced-v1,70bb1e0dd999f0b072e68b38dc1ccb8bfc77175771bc5f1175f649a0aafa789e,8f1ca1238a4c2d6495b7cff729ce6ecb34da3f844a557ea7b90b0d9d52a10787,complete,1bd3a8a1a914bf55087f30b641adcacaac8d04f2cc5a9c21f3668bf2f6727da6,b5b163eb273291934556377ab883b4b2a5d4da50bd0dc0a91774ecc234ccd8d0,complete,confirmed,inconclusive,inconclusive,confirmed,inconclusive,false,size worse by 546 (102.632%); compression confidence is inconclusive; decompression confidence is inconclusive; decompression point estimate worse by 57750.5 (0.650367%)
zstd-default,zstd-default,balanced,validation,datasets/data/validation/crates/serde-1.0.229/src/core/private/string.rs,794,460,1078,9911327.5,16992348.5,10307894,8937430,2723840,3833856,false,false,true,false,1,inconclusive,true,true,1,file,validation-v4-final-binary,local-x86-64,x86_64,36f84685dc00064dae9a239face7e8eff797ed28,eb89ca9bad1783e5aada0b0b7b949e1097f0f3dfb84dcd87dd1006670a8e8e5e,1297748005,gnu-time-v1-monotonic-wall,3b11dec50514a8473e9f6efa7a34d584d0657538c09988f61b72d38ad4991a10,validation,validation-crates-io-serde-1-0-229-src-core-private-string-rs,c1500fd4b64c24a5e45fa5f48c85c802816d6954a2999a72fc5a8861687212d4,1,mathsvg,balanced-v1,70bb1e0dd999f0b072e68b38dc1ccb8bfc77175771bc5f1175f649a0aafa789e,8f1ca1238a4c2d6495b7cff729ce6ecb34da3f844a557ea7b90b0d9d52a10787,complete,8afdee0e1fe04f0a9c92a00ebbd438b50004de9dcdf47ce697a89ac0bdae40a5,7c5468b370f7c47eda07281e3437fafc568f95d10420051e3aa522709f9342c5,complete,confirmed,confirmed,inconclusive,confirmed,inconclusive,false,size worse by 618 (134.348%); compression worse by 7081021 (71.4437%); decompression confidence is inconclusive; memory worse by 1110016 (40.7519%)
gzip-6,gzip-6,balanced,validation,datasets/data/validation/crates/serde-1.0.229/src/core/ser/fmt.rs,4166,924,1881,8832409,18496439.5,8928389,9446249,1560576,3883008,false,false,false,false,0,inconclusive,true,true,1,file,validation-v4-final-binary,local-x86-64,x86_64,36f84685dc00064dae9a239face7e8eff797ed28,eb89ca9bad1783e5aada0b0b7b949e1097f0f3dfb84dcd87dd1006670a8e8e5e,1297748005,gnu-time-v1-monotonic-wall,3b11dec50514a8473e9f6efa7a34d584d0657538c09988f61b72d38ad4991a10,validation,validation-crates-io-serde-1-0-229-src-core-ser-fmt-rs,bd129d9f085933b76dafef6eb43ffac893c1f6484a3064dcd82faeeebc3b203c,1,mathsvg,balanced-v1,70bb1e0dd999f0b072e68b38dc1ccb8bfc77175771bc5f1175f649a0aafa789e,8f1ca1238a4c2d6495b7cff729ce6ecb34da3f844a557ea7b90b0d9d52a10787,complete,bf920ab8461c6c60c8cc32db3d853f55655e60793cf7f64068847ad56c2b2e67,afea077ce127d4fa9ad410d3066ba2b54dea19c0b44f04adf56c72d5f7b7a9bb,complete,confirmed,confirmed,inconclusive,confirmed,inconclusive,false,size worse by 957 (103.571%); compression worse by 9664030.5 (109.416%); decompression confidence is inconclusive; decompression point estimate worse by 517860 (5.80015%); memory worse by 2322432 (148.819%)
lz4,lz4,balanced,validation,datasets/data/validation/crates/serde-1.0.229/src/core/ser/fmt.rs,4166,1407,1881,8894572.5,18496439.5,9020375.5,9446249,1740800,3883008,false,false,false,false,0,inconclusive,true,true,1,file,validation-v4-final-binary,local-x86-64,x86_64,36f84685dc00064dae9a239face7e8eff797ed28,eb89ca9bad1783e5aada0b0b7b949e1097f0f3dfb84dcd87dd1006670a8e8e5e,1297748005,gnu-time-v1-monotonic-wall,3b11dec50514a8473e9f6efa7a34d584d0657538c09988f61b72d38ad4991a10,validation,validation-crates-io-serde-1-0-229-src-core-ser-fmt-rs,bd129d9f085933b76dafef6eb43ffac893c1f6484a3064dcd82faeeebc3b203c,1,mathsvg,balanced-v1,70bb1e0dd999f0b072e68b38dc1ccb8bfc77175771bc5f1175f649a0aafa789e,8f1ca1238a4c2d6495b7cff729ce6ecb34da3f844a557ea7b90b0d9d52a10787,complete,56c1b7390551d55bb056da7122b41ac3f7e4459570e4627ac278f7c91d669491,87c0d5d060fd36c685b98a38611b7bd6c4614d40b36d29be84edcd6c173f8160,complete,confirmed,confirmed,inconclusive,confirmed,inconclusive,false,size worse by 474 (33.6887%); compression worse by 9601867 (107.952%); decompression confidence is inconclusive; decompression point estimate worse by 425873.5 (4.72124%); memory worse by 2142208 (123.059%)
xz-9e,xz-9e,balanced,validation,datasets/data/validation/crates/serde-1.0.229/src/core/ser/fmt.rs,4166,976,1881,18464016.5,18496439.5,8906704,9446249,5945344,3883008,false,false,false,true,1,inconclusive,true,true,1,file,validation-v4-final-binary,local-x86-64,x86_64,36f84685dc00064dae9a239face7e8eff797ed28,eb89ca9bad1783e5aada0b0b7b949e1097f0f3dfb84dcd87dd1006670a8e8e5e,1297748005,gnu-time-v1-monotonic-wall,3b11dec50514a8473e9f6efa7a34d584d0657538c09988f61b72d38ad4991a10,validation,validation-crates-io-serde-1-0-229-src-core-ser-fmt-rs,bd129d9f085933b76dafef6eb43ffac893c1f6484a3064dcd82faeeebc3b203c,1,mathsvg,balanced-v1,70bb1e0dd999f0b072e68b38dc1ccb8bfc77175771bc5f1175f649a0aafa789e,8f1ca1238a4c2d6495b7cff729ce6ecb34da3f844a557ea7b90b0d9d52a10787,complete,1bd3a8a1a914bf55087f30b641adcacaac8d04f2cc5a9c21f3668bf2f6727da6,b5b163eb273291934556377ab883b4b2a5d4da50bd0dc0a91774ecc234ccd8d0,complete,confirmed,inconclusive,inconclusive,confirmed,inconclusive,false,size worse by 905 (92.7254%); compression confidence is inconclusive; compression point estimate worse by 32423 (0.175601%); decompression confidence is inconclusive; decompression point estimate worse by 539545 (6.05774%)
zstd-default,zstd-default,balanced,validation,datasets/data/validation/crates/serde-1.0.229/src/core/ser/fmt.rs,4166,983,1881,8797666,18496439.5,8988493,9446249,2781184,3883008,false,false,false,false,0,inconclusive,true,true,1,file,validation-v4-final-binary,local-x86-64,x86_64,36f84685dc00064dae9a239face7e8eff797ed28,eb89ca9bad1783e5aada0b0b7b949e1097f0f3dfb84dcd87dd1006670a8e8e5e,1297748005,gnu-time-v1-monotonic-wall,3b11dec50514a8473e9f6efa7a34d584d0657538c09988f61b72d38ad4991a10,validation,validation-crates-io-serde-1-0-229-src-core-ser-fmt-rs,bd129d9f085933b76dafef6eb43ffac893c1f6484a3064dcd82faeeebc3b203c,1,mathsvg,balanced-v1,70bb1e0dd999f0b072e68b38dc1ccb8bfc77175771bc5f1175f649a0aafa789e,8f1ca1238a4c2d6495b7cff729ce6ecb34da3f844a557ea7b90b0d9d52a10787,complete,8afdee0e1fe04f0a9c92a00ebbd438b50004de9dcdf47ce697a89ac0bdae40a5,7c5468b370f7c47eda07281e3437fafc568f95d10420051e3aa522709f9342c5,complete,confirmed,confirmed,inconclusive,confirmed,inconclusive,false,size worse by 898 (91.353%); compression worse by 9698773.5 (110.243%); decompression confidence is inconclusive; decompression point estimate worse by 457756 (5.09269%); memory worse by 1101824 (39.6171%)
gzip-6,gzip-6,balanced,validation,datasets/data/validation/crates/serde-1.0.229/src/core/ser/impls.rs,29535,4526,6716,8838266.5,34190110.5,8906496,16985117.5,1691648,4208640,false,false,false,false,0,confirmed,true,true,1,file,validation-v4-final-binary,local-x86-64,x86_64,36f84685dc00064dae9a239face7e8eff797ed28,eb89ca9bad1783e5aada0b0b7b949e1097f0f3dfb84dcd87dd1006670a8e8e5e,1297748005,gnu-time-v1-monotonic-wall,3b11dec50514a8473e9f6efa7a34d584d0657538c09988f61b72d38ad4991a10,validation,validation-crates-io-serde-1-0-229-src-core-ser-impls-rs,5ee7efc439345e8665da0bd79bc06c02a0506e5fd0f3a4cf11af0c7197eaa643,1,mathsvg,balanced-v1,70bb1e0dd999f0b072e68b38dc1ccb8bfc77175771bc5f1175f649a0aafa789e,8f1ca1238a4c2d6495b7cff729ce6ecb34da3f844a557ea7b90b0d9d52a10787,complete,bf920ab8461c6c60c8cc32db3d853f55655e60793cf7f64068847ad56c2b2e67,afea077ce127d4fa9ad410d3066ba2b54dea19c0b44f04adf56c72d5f7b7a9bb,complete,confirmed,confirmed,confirmed,confirmed,fail,false,size worse by 2190 (48.3871%); compression worse by 25351844 (286.842%); decompression worse by 8078621.5 (90.7048%); memory worse by 2516992 (148.789%)
lz4,lz4,balanced,validation,datasets/data/validation/crates/serde-1.0.229/src/core/ser/impls.rs,29535,7362,6716,8960620,34190110.5,8843899,16985117.5,1740800,4208640,true,false,false,false,1,confirmed,true,true,1,file,validation-v4-final-binary,local-x86-64,x86_64,36f84685dc00064dae9a239face7e8eff797ed28,eb89ca9bad1783e5aada0b0b7b949e1097f0f3dfb84dcd87dd1006670a8e8e5e,1297748005,gnu-time-v1-monotonic-wall,3b11dec50514a8473e9f6efa7a34d584d0657538c09988f61b72d38ad4991a10,validation,validation-crates-io-serde-1-0-229-src-core-ser-impls-rs,5ee7efc439345e8665da0bd79bc06c02a0506e5fd0f3a4cf11af0c7197eaa643,1,mathsvg,balanced-v1,70bb1e0dd999f0b072e68b38dc1ccb8bfc77175771bc5f1175f649a0aafa789e,8f1ca1238a4c2d6495b7cff729ce6ecb34da3f844a557ea7b90b0d9d52a10787,complete,56c1b7390551d55bb056da7122b41ac3f7e4459570e4627ac278f7c91d669491,87c0d5d060fd36c685b98a38611b7bd6c4614d40b36d29be84edcd6c173f8160,complete,confirmed,confirmed,confirmed,confirmed,fail,false,compression worse by 25229490.5 (281.56%); decompression worse by 8141218.5 (92.0546%); memory worse by 2467840 (141.765%)
xz-9e,xz-9e,balanced,validation,datasets/data/validation/crates/serde-1.0.229/src/core/ser/impls.rs,29535,4292,6716,65847156.5,34190110.5,9021257.5,16985117.5,14987264,4208640,false,true,false,true,2,inconclusive,true,true,1,file,validation-v4-final-binary,local-x86-64,x86_64,36f84685dc00064dae9a239face7e8eff797ed28,eb89ca9bad1783e5aada0b0b7b949e1097f0f3dfb84dcd87dd1006670a8e8e5e,1297748005,gnu-time-v1-monotonic-wall,3b11dec50514a8473e9f6efa7a34d584d0657538c09988f61b72d38ad4991a10,validation,validation-crates-io-serde-1-0-229-src-core-ser-impls-rs,5ee7efc439345e8665da0bd79bc06c02a0506e5fd0f3a4cf11af0c7197eaa643,1,mathsvg,balanced-v1,70bb1e0dd999f0b072e68b38dc1ccb8bfc77175771bc5f1175f649a0aafa789e,8f1ca1238a4c2d6495b7cff729ce6ecb34da3f844a557ea7b90b0d9d52a10787,complete,1bd3a8a1a914bf55087f30b641adcacaac8d04f2cc5a9c21f3668bf2f6727da6,b5b163eb273291934556377ab883b4b2a5d4da50bd0dc0a91774ecc234ccd8d0,complete,confirmed,confirmed,inconclusive,confirmed,inconclusive,false,size worse by 2424 (56.4772%); decompression confidence is inconclusive; decompression point estimate worse by 7963860 (88.2788%)
zstd-default,zstd-default,balanced,validation,datasets/data/validation/crates/serde-1.0.229/src/core/ser/impls.rs,29535,5188,6716,8853600.5,34190110.5,8824234,16985117.5,2969600,4208640,false,false,false,false,0,inconclusive,true,true,1,file,validation-v4-final-binary,local-x86-64,x86_64,36f84685dc00064dae9a239face7e8eff797ed28,eb89ca9bad1783e5aada0b0b7b949e1097f0f3dfb84dcd87dd1006670a8e8e5e,1297748005,gnu-time-v1-monotonic-wall,3b11dec50514a8473e9f6efa7a34d584d0657538c09988f61b72d38ad4991a10,validation,validation-crates-io-serde-1-0-229-src-core-ser-impls-rs,5ee7efc439345e8665da0bd79bc06c02a0506e5fd0f3a4cf11af0c7197eaa643,1,mathsvg,balanced-v1,70bb1e0dd999f0b072e68b38dc1ccb8bfc77175771bc5f1175f649a0aafa789e,8f1ca1238a4c2d6495b7cff729ce6ecb34da3f844a557ea7b90b0d9d52a10787,complete,8afdee0e1fe04f0a9c92a00ebbd438b50004de9dcdf47ce697a89ac0bdae40a5,7c5468b370f7c47eda07281e3437fafc568f95d10420051e3aa522709f9342c5,complete,confirmed,confirmed,inconclusive,confirmed,inconclusive,false,size worse by 1528 (29.4526%); compression worse by 25336510 (286.172%); decompression confidence is inconclusive; decompression point estimate worse by 8160883.5 (92.4826%); memory worse by 1239040 (41.7241%)
gzip-6,gzip-6,balanced,validation,datasets/data/validation/crates/serde-1.0.229/src/core/ser/impossible.rs,5308,1052,2128,8724006.5,17151584,8709090,10210746,1560576,3891200,false,false,false,false,0,inconclusive,true,true,1,file,validation-v4-final-binary,local-x86-64,x86_64,36f84685dc00064dae9a239face7e8eff797ed28,eb89ca9bad1783e5aada0b0b7b949e1097f0f3dfb84dcd87dd1006670a8e8e5e,1297748005,gnu-time-v1-monotonic-wall,3b11dec50514a8473e9f6efa7a34d584d0657538c09988f61b72d38ad4991a10,validation,validation-crates-io-serde-1-0-229-src-core-ser-impossible-rs,283f628d5107aa030d2e96eeb1dee187f0ac18c24d517edeb51738ab15dfb871,1,mathsvg,balanced-v1,70bb1e0dd999f0b072e68b38dc1ccb8bfc77175771bc5f1175f649a0aafa789e,8f1ca1238a4c2d6495b7cff729ce6ecb34da3f844a557ea7b90b0d9d52a10787,complete,bf920ab8461c6c60c8cc32db3d853f55655e60793cf7f64068847ad56c2b2e67,afea077ce127d4fa9ad410d3066ba2b54dea19c0b44f04adf56c72d5f7b7a9bb,complete,confirmed,confirmed,inconclusive,confirmed,inconclusive,false,size worse by 1076 (102.281%); compression worse by 8427577.5 (96.6021%); decompression confidence is inconclusive; decompression point estimate worse by 1501656 (17.2424%); memory worse by 2330624 (149.344%)
lz4,lz4,balanced,validation,datasets/data/validation/crates/serde-1.0.229/src/core/ser/impossible.rs,5308,1607,2128,8832815,17151584,7276131.5,10210746,1740800,3891200,false,false,false,false,0,confirmed,true,true,1,file,validation-v4-final-binary,local-x86-64,x86_64,36f84685dc00064dae9a239face7e8eff797ed28,eb89ca9bad1783e5aada0b0b7b949e1097f0f3dfb84dcd87dd1006670a8e8e5e,1297748005,gnu-time-v1-monotonic-wall,3b11dec50514a8473e9f6efa7a34d584d0657538c09988f61b72d38ad4991a10,validation,validation-crates-io-serde-1-0-229-src-core-ser-impossible-rs,283f628d5107aa030d2e96eeb1dee187f0ac18c24d517edeb51738ab15dfb871,1,mathsvg,balanced-v1,70bb1e0dd999f0b072e68b38dc1ccb8bfc77175771bc5f1175f649a0aafa789e,8f1ca1238a4c2d6495b7cff729ce6ecb34da3f844a557ea7b90b0d9d52a10787,complete,56c1b7390551d55bb056da7122b41ac3f7e4459570e4627ac278f7c91d669491,87c0d5d060fd36c685b98a38611b7bd6c4614d40b36d29be84edcd6c173f8160,complete,confirmed,confirmed,confirmed,confirmed,fail,false,size worse by 521 (32.4207%); compression worse by 8318769 (94.1803%); decompression worse by 2934614.5 (40.3321%); memory worse by 2150400 (123.529%)
xz-9e,xz-9e,balanced,validation,datasets/data/validation/crates/serde-1.0.229/src/core/ser/impossible.rs,5308,1120,2128,33024186,17151584,8940886,10210746,6340608,3891200,false,true,false,true,2,inconclusive,true,true,1,file,validation-v4-final-binary,local-x86-64,x86_64,36f84685dc00064dae9a239face7e8eff797ed28,eb89ca9bad1783e5aada0b0b7b949e1097f0f3dfb84dcd87dd1006670a8e8e5e,1297748005,gnu-time-v1-monotonic-wall,3b11dec50514a8473e9f6efa7a34d584d0657538c09988f61b72d38ad4991a10,validation,validation-crates-io-serde-1-0-229-src-core-ser-impossible-rs,283f628d5107aa030d2e96eeb1dee187f0ac18c24d517edeb51738ab15dfb871,1,mathsvg,balanced-v1,70bb1e0dd999f0b072e68b38dc1ccb8bfc77175771bc5f1175f649a0aafa789e,8f1ca1238a4c2d6495b7cff729ce6ecb34da3f844a557ea7b90b0d9d52a10787,complete,1bd3a8a1a914bf55087f30b641adcacaac8d04f2cc5a9c21f3668bf2f6727da6,b5b163eb273291934556377ab883b4b2a5d4da50bd0dc0a91774ecc234ccd8d0,complete,confirmed,confirmed,inconclusive,confirmed,inconclusive,false,size worse by 1008 (90%); decompression confidence is inconclusive; decompression point estimate worse by 1269860 (14.2028%)
zstd-default,zstd-default,balanced,validation,datasets/data/validation/crates/serde-1.0.229/src/core/ser/impossible.rs,5308,1131,2128,9446019.5,17151584,8810938.5,10210746,2756608,3891200,false,false,false,false,0,inconclusive,true,true,1,file,validation-v4-final-binary,local-x86-64,x86_64,36f84685dc00064dae9a239face7e8eff797ed28,eb89ca9bad1783e5aada0b0b7b949e1097f0f3dfb84dcd87dd1006670a8e8e5e,1297748005,gnu-time-v1-monotonic-wall,3b11dec50514a8473e9f6efa7a34d584d0657538c09988f61b72d38ad4991a10,validation,validation-crates-io-serde-1-0-229-src-core-ser-impossible-rs,283f628d5107aa030d2e96eeb1dee187f0ac18c24d517edeb51738ab15dfb871,1,mathsvg,balanced-v1,70bb1e0dd999f0b072e68b38dc1ccb8bfc77175771bc5f1175f649a0aafa789e,8f1ca1238a4c2d6495b7cff729ce6ecb34da3f844a557ea7b90b0d9d52a10787,complete,8afdee0e1fe04f0a9c92a00ebbd438b50004de9dcdf47ce697a89ac0bdae40a5,7c5468b370f7c47eda07281e3437fafc568f95d10420051e3aa522709f9342c5,complete,confirmed,confirmed,inconclusive,confirmed,inconclusive,false,size worse by 997 (88.1521%); compression worse by 7705564.5 (81.5747%); decompression confidence is inconclusive; decompression point estimate worse by 1399807.5 (15.8872%); memory worse by 1134592 (41.159%)
gzip-6,gzip-6,balanced,validation,datasets/data/validation/crates/serde-1.0.229/src/core/ser/mod.rs,65231,10315,14011,8860321,66575115.5,7987719.5,17070906.5,1691648,4571136,false,false,false,false,0,confirmed,true,true,1,file,validation-v4-final-binary,local-x86-64,x86_64,36f84685dc00064dae9a239face7e8eff797ed28,eb89ca9bad1783e5aada0b0b7b949e1097f0f3dfb84dcd87dd1006670a8e8e5e,1297748005,gnu-time-v1-monotonic-wall,3b11dec50514a8473e9f6efa7a34d584d0657538c09988f61b72d38ad4991a10,validation,validation-crates-io-serde-1-0-229-src-core-ser-mod-rs,ec097d92c8545356961e977a4c9650361cadd1d3a243d805ae7b0e0e589ae803,1,mathsvg,balanced-v1,70bb1e0dd999f0b072e68b38dc1ccb8bfc77175771bc5f1175f649a0aafa789e,8f1ca1238a4c2d6495b7cff729ce6ecb34da3f844a557ea7b90b0d9d52a10787,complete,bf920ab8461c6c60c8cc32db3d853f55655e60793cf7f64068847ad56c2b2e67,afea077ce127d4fa9ad410d3066ba2b54dea19c0b44f04adf56c72d5f7b7a9bb,complete,confirmed,confirmed,confirmed,confirmed,fail,false,size worse by 3696 (35.8313%); compression worse by 57714794.5 (651.385%); decompression worse by 9083187 (113.714%); memory worse by 2879488 (170.218%)
lz4,lz4,balanced,validation,datasets/data/validation/crates/serde-1.0.229/src/core/ser/mod.rs,65231,17048,14011,8888299,66575115.5,8874043,17070906.5,1740800,4571136,true,false,false,false,1,confirmed,true,true,1,file,validation-v4-final-binary,local-x86-64,x86_64,36f84685dc00064dae9a239face7e8eff797ed28,eb89ca9bad1783e5aada0b0b7b949e1097f0f3dfb84dcd87dd1006670a8e8e5e,1297748005,gnu-time-v1-monotonic-wall,3b11dec50514a8473e9f6efa7a34d584d0657538c09988f61b72d38ad4991a10,validation,validation-crates-io-serde-1-0-229-src-core-ser-mod-rs,ec097d92c8545356961e977a4c9650361cadd1d3a243d805ae7b0e0e589ae803,1,mathsvg,balanced-v1,70bb1e0dd999f0b072e68b38dc1ccb8bfc77175771bc5f1175f649a0aafa789e,8f1ca1238a4c2d6495b7cff729ce6ecb34da3f844a557ea7b90b0d9d52a10787,complete,56c1b7390551d55bb056da7122b41ac3f7e4459570e4627ac278f7c91d669491,87c0d5d060fd36c685b98a38611b7bd6c4614d40b36d29be84edcd6c173f8160,complete,confirmed,confirmed,confirmed,confirmed,fail,false,compression worse by 57686816.5 (649.02%); decompression worse by 8196863.5 (92.369%); memory worse by 2830336 (162.588%)
xz-9e,xz-9e,balanced,validation,datasets/data/validation/crates/serde-1.0.229/src/core/ser/mod.rs,65231,9292,14011,115721893,66575115.5,9223166.5,17070906.5,20496384,4571136,false,true,false,true,2,confirmed,true,true,1,file,validation-v4-final-binary,local-x86-64,x86_64,36f84685dc00064dae9a239face7e8eff797ed28,eb89ca9bad1783e5aada0b0b7b949e1097f0f3dfb84dcd87dd1006670a8e8e5e,1297748005,gnu-time-v1-monotonic-wall,3b11dec50514a8473e9f6efa7a34d584d0657538c09988f61b72d38ad4991a10,validation,validation-crates-io-serde-1-0-229-src-core-ser-mod-rs,ec097d92c8545356961e977a4c9650361cadd1d3a243d805ae7b0e0e589ae803,1,mathsvg,balanced-v1,70bb1e0dd999f0b072e68b38dc1ccb8bfc77175771bc5f1175f649a0aafa789e,8f1ca1238a4c2d6495b7cff729ce6ecb34da3f844a557ea7b90b0d9d52a10787,complete,1bd3a8a1a914bf55087f30b641adcacaac8d04f2cc5a9c21f3668bf2f6727da6,b5b163eb273291934556377ab883b4b2a5d4da50bd0dc0a91774ecc234ccd8d0,complete,confirmed,confirmed,confirmed,confirmed,fail,false,size worse by 4719 (50.7856%); decompression worse by 7847740 (85.0873%)
zstd-default,zstd-default,balanced,validation,datasets/data/validation/crates/serde-1.0.229/src/core/ser/mod.rs,65231,11293,14011,8914166.5,66575115.5,9320768,17070906.5,2994176,4571136,false,false,false,false,0,confirmed,true,true,1,file,validation-v4-final-binary,local-x86-64,x86_64,36f84685dc00064dae9a239face7e8eff797ed28,eb89ca9bad1783e5aada0b0b7b949e1097f0f3dfb84dcd87dd1006670a8e8e5e,1297748005,gnu-time-v1-monotonic-wall,3b11dec50514a8473e9f6efa7a34d584d0657538c09988f61b72d38ad4991a10,validation,validation-crates-io-serde-1-0-229-src-core-ser-mod-rs,ec097d92c8545356961e977a4c9650361cadd1d3a243d805ae7b0e0e589ae803,1,mathsvg,balanced-v1,70bb1e0dd999f0b072e68b38dc1ccb8bfc77175771bc5f1175f649a0aafa789e,8f1ca1238a4c2d6495b7cff729ce6ecb34da3f844a557ea7b90b0d9d52a10787,complete,8afdee0e1fe04f0a9c92a00ebbd438b50004de9dcdf47ce697a89ac0bdae40a5,7c5468b370f7c47eda07281e3437fafc568f95d10420051e3aa522709f9342c5,complete,confirmed,confirmed,confirmed,confirmed,fail,false,size worse by 2718 (24.068%); compression worse by 57660949 (646.846%); decompression worse by 7750138.5 (83.1491%); memory worse by 1576960 (52.6676%)
gzip-6,gzip-6,balanced,validation,datasets/data/validation/crates/serde-1.0.229/src/core/std_error.rs,1351,602,1376,8945711,17150037,6108560,9516475.5,1560576,3840000,false,false,false,false,0,confirmed,true,true,1,file,validation-v4-final-binary,local-x86-64,x86_64,36f84685dc00064dae9a239face7e8eff797ed28,eb89ca9bad1783e5aada0b0b7b949e1097f0f3dfb84dcd87dd1006670a8e8e5e,1297748005,gnu-time-v1-monotonic-wall,3b11dec50514a8473e9f6efa7a34d584d0657538c09988f61b72d38ad4991a10,validation,validation-crates-io-serde-1-0-229-src-core-std-error-rs,b36fd6a2b6898770b9f1c51517eb362af115767d0f7cb4a713e1b949530ffa8a,1,mathsvg,balanced-v1,70bb1e0dd999f0b072e68b38dc1ccb8bfc77175771bc5f1175f649a0aafa789e,8f1ca1238a4c2d6495b7cff729ce6ecb34da3f844a557ea7b90b0d9d52a10787,complete,bf920ab8461c6c60c8cc32db3d853f55655e60793cf7f64068847ad56c2b2e67,afea077ce127d4fa9ad410d3066ba2b54dea19c0b44f04adf56c72d5f7b7a9bb,complete,confirmed,confirmed,confirmed,confirmed,fail,false,size worse by 774 (128.571%); compression worse by 8204326 (91.7124%); decompression worse by 3407915.5 (55.7892%); memory worse by 2279424 (146.063%)
lz4,lz4,balanced,validation,datasets/data/validation/crates/serde-1.0.229/src/core/std_error.rs,1351,873,1376,8792322,17150037,8814620,9516475.5,1740800,3840000,false,false,false,false,0,inconclusive,true,true,1,file,validation-v4-final-binary,local-x86-64,x86_64,36f84685dc00064dae9a239face7e8eff797ed28,eb89ca9bad1783e5aada0b0b7b949e1097f0f3dfb84dcd87dd1006670a8e8e5e,1297748005,gnu-time-v1-monotonic-wall,3b11dec50514a8473e9f6efa7a34d584d0657538c09988f61b72d38ad4991a10,validation,validation-crates-io-serde-1-0-229-src-core-std-error-rs,b36fd6a2b6898770b9f1c51517eb362af115767d0f7cb4a713e1b949530ffa8a,1,mathsvg,balanced-v1,70bb1e0dd999f0b072e68b38dc1ccb8bfc77175771bc5f1175f649a0aafa789e,8f1ca1238a4c2d6495b7cff729ce6ecb34da3f844a557ea7b90b0d9d52a10787,complete,56c1b7390551d55bb056da7122b41ac3f7e4459570e4627ac278f7c91d669491,87c0d5d060fd36c685b98a38611b7bd6c4614d40b36d29be84edcd6c173f8160,complete,confirmed,confirmed,inconclusive,confirmed,inconclusive,false,size worse by 503 (57.6174%); compression worse by 8357715 (95.057%); decompression confidence is inconclusive; decompression point estimate worse by 701855.5 (7.9624%); memory worse by 2099200 (120.588%)
xz-9e,xz-9e,balanced,validation,datasets/data/validation/crates/serde-1.0.229/src/core/std_error.rs,1351,684,1376,17148543.5,17150037,8948457.5,9516475.5,5156864,3840000,false,false,false,true,1,inconclusive,true,true,1,file,validation-v4-final-binary,local-x86-64,x86_64,36f84685dc00064dae9a239face7e8eff797ed28,eb89ca9bad1783e5aada0b0b7b949e1097f0f3dfb84dcd87dd1006670a8e8e5e,1297748005,gnu-time-v1-monotonic-wall,3b11dec50514a8473e9f6efa7a34d584d0657538c09988f61b72d38ad4991a10,validation,validation-crates-io-serde-1-0-229-src-core-std-error-rs,b36fd6a2b6898770b9f1c51517eb362af115767d0f7cb4a713e1b949530ffa8a,1,mathsvg,balanced-v1,70bb1e0dd999f0b072e68b38dc1ccb8bfc77175771bc5f1175f649a0aafa789e,8f1ca1238a4c2d6495b7cff729ce6ecb34da3f844a557ea7b90b0d9d52a10787,complete,1bd3a8a1a914bf55087f30b641adcacaac8d04f2cc5a9c21f3668bf2f6727da6,b5b163eb273291934556377ab883b4b2a5d4da50bd0dc0a91774ecc234ccd8d0,complete,confirmed,inconclusive,inconclusive,confirmed,inconclusive,false,size worse by 692 (101.17%); compression confidence is inconclusive; compression point estimate worse by 1493.5 (0.00870919%); decompression confidence is inconclusive; decompression point estimate worse by 568018 (6.34766%)
zstd-default,zstd-default,balanced,validation,datasets/data/validation/crates/serde-1.0.229/src/core/std_error.rs,1351,631,1376,8935569,17150037,9018656,9516475.5,2732032,3840000,false,false,false,false,0,inconclusive,true,true,1,file,validation-v4-final-binary,local-x86-64,x86_64,36f84685dc00064dae9a239face7e8eff797ed28,eb89ca9bad1783e5aada0b0b7b949e1097f0f3dfb84dcd87dd1006670a8e8e5e,1297748005,gnu-time-v1-monotonic-wall,3b11dec50514a8473e9f6efa7a34d584d0657538c09988f61b72d38ad4991a10,validation,validation-crates-io-serde-1-0-229-src-core-std-error-rs,b36fd6a2b6898770b9f1c51517eb362af115767d0f7cb4a713e1b949530ffa8a,1,mathsvg,balanced-v1,70bb1e0dd999f0b072e68b38dc1ccb8bfc77175771bc5f1175f649a0aafa789e,8f1ca1238a4c2d6495b7cff729ce6ecb34da3f844a557ea7b90b0d9d52a10787,complete,8afdee0e1fe04f0a9c92a00ebbd438b50004de9dcdf47ce697a89ac0bdae40a5,7c5468b370f7c47eda07281e3437fafc568f95d10420051e3aa522709f9342c5,complete,confirmed,confirmed,inconclusive,confirmed,inconclusive,false,size worse by 745 (118.067%); compression worse by 8214468 (91.93%); decompression confidence is inconclusive; decompression point estimate worse by 497819.5 (5.51989%); memory worse by 1107968 (40.5547%)
gzip-6,gzip-6,balanced,validation,datasets/data/validation/crates/serde-1.0.229/src/integer128.rs,480,326,889,8794802,16952300,7403680.5,8935534,1560576,3926016,false,false,false,false,0,inconclusive,true,true,1,file,validation-v4-final-binary,local-x86-64,x86_64,36f84685dc00064dae9a239face7e8eff797ed28,eb89ca9bad1783e5aada0b0b7b949e1097f0f3dfb84dcd87dd1006670a8e8e5e,1297748005,gnu-time-v1-monotonic-wall,3b11dec50514a8473e9f6efa7a34d584d0657538c09988f61b72d38ad4991a10,validation,validation-crates-io-serde-1-0-229-src-integer128-rs,a5ca321ace6b11b71f637397cf4ea41992545a9c297a23230c8a9e8b92db71fa,1,mathsvg,balanced-v1,70bb1e0dd999f0b072e68b38dc1ccb8bfc77175771bc5f1175f649a0aafa789e,8f1ca1238a4c2d6495b7cff729ce6ecb34da3f844a557ea7b90b0d9d52a10787,complete,bf920ab8461c6c60c8cc32db3d853f55655e60793cf7f64068847ad56c2b2e67,afea077ce127d4fa9ad410d3066ba2b54dea19c0b44f04adf56c72d5f7b7a9bb,complete,confirmed,confirmed,inconclusive,confirmed,inconclusive,false,size worse by 563 (172.699%); compression worse by 8157498 (92.7536%); decompression confidence is inconclusive; decompression point estimate worse by 1531853.5 (20.6904%); memory worse by 2365440 (151.575%)
lz4,lz4,balanced,validation,datasets/data/validation/crates/serde-1.0.229/src/integer128.rs,480,442,889,8811223,16952300,8826531.5,8935534,1740800,3926016,false,false,false,false,0,inconclusive,true,true,1,file,validation-v4-final-binary,local-x86-64,x86_64,36f84685dc00064dae9a239face7e8eff797ed28,eb89ca9bad1783e5aada0b0b7b949e1097f0f3dfb84dcd87dd1006670a8e8e5e,1297748005,gnu-time-v1-monotonic-wall,3b11dec50514a8473e9f6efa7a34d584d0657538c09988f61b72d38ad4991a10,validation,validation-crates-io-serde-1-0-229-src-integer128-rs,a5ca321ace6b11b71f637397cf4ea41992545a9c297a23230c8a9e8b92db71fa,1,mathsvg,balanced-v1,70bb1e0dd999f0b072e68b38dc1ccb8bfc77175771bc5f1175f649a0aafa789e,8f1ca1238a4c2d6495b7cff729ce6ecb34da3f844a557ea7b90b0d9d52a10787,complete,56c1b7390551d55bb056da7122b41ac3f7e4459570e4627ac278f7c91d669491,87c0d5d060fd36c685b98a38611b7bd6c4614d40b36d29be84edcd6c173f8160,complete,confirmed,confirmed,inconclusive,confirmed,inconclusive,false,size worse by 447 (101.131%); compression worse by 8141077 (92.3944%); decompression confidence is inconclusive; decompression point estimate worse by 109002.5 (1.23494%); memory worse by 2185216 (125.529%)
xz-9e,xz-9e,balanced,validation,datasets/data/validation/crates/serde-1.0.229/src/integer128.rs,480,400,889,17063012.5,16952300,8993271.5,8935534,3850240,3926016,false,true,true,false,2,inconclusive,true,true,1,file,validation-v4-final-binary,local-x86-64,x86_64,36f84685dc00064dae9a239face7e8eff797ed28,eb89ca9bad1783e5aada0b0b7b949e1097f0f3dfb84dcd87dd1006670a8e8e5e,1297748005,gnu-time-v1-monotonic-wall,3b11dec50514a8473e9f6efa7a34d584d0657538c09988f61b72d38ad4991a10,validation,validation-crates-io-serde-1-0-229-src-integer128-rs,a5ca321ace6b11b71f637397cf4ea41992545a9c297a23230c8a9e8b92db71fa,1,mathsvg,balanced-v1,70bb1e0dd999f0b072e68b38dc1ccb8bfc77175771bc5f1175f649a0aafa789e,8f1ca1238a4c2d6495b7cff729ce6ecb34da3f844a557ea7b90b0d9d52a10787,complete,1bd3a8a1a914bf55087f30b641adcacaac8d04f2cc5a9c21f3668bf2f6727da6,b5b163eb273291934556377ab883b4b2a5d4da50bd0dc0a91774ecc234ccd8d0,complete,confirmed,inconclusive,inconclusive,confirmed,inconclusive,false,size worse by 489 (122.25%); compression confidence is inconclusive; decompression confidence is inconclusive; memory worse by 75776 (1.96809%)
zstd-default,zstd-default,balanced,validation,datasets/data/validation/crates/serde-1.0.229/src/integer128.rs,480,332,889,8793028.5,16952300,8836867.5,8935534,2715648,3926016,false,false,false,false,0,inconclusive,true,true,1,file,validation-v4-final-binary,local-x86-64,x86_64,36f84685dc00064dae9a239face7e8eff797ed28,eb89ca9bad1783e5aada0b0b7b949e1097f0f3dfb84dcd87dd1006670a8e8e5e,1297748005,gnu-time-v1-monotonic-wall,3b11dec50514a8473e9f6efa7a34d584d0657538c09988f61b72d38ad4991a10,validation,validation-crates-io-serde-1-0-229-src-integer128-rs,a5ca321ace6b11b71f637397cf4ea41992545a9c297a23230c8a9e8b92db71fa,1,mathsvg,balanced-v1,70bb1e0dd999f0b072e68b38dc1ccb8bfc77175771bc5f1175f649a0aafa789e,8f1ca1238a4c2d6495b7cff729ce6ecb34da3f844a557ea7b90b0d9d52a10787,complete,8afdee0e1fe04f0a9c92a00ebbd438b50004de9dcdf47ce697a89ac0bdae40a5,7c5468b370f7c47eda07281e3437fafc568f95d10420051e3aa522709f9342c5,complete,confirmed,confirmed,inconclusive,confirmed,inconclusive,false,size worse by 557 (167.771%); compression worse by 8159271.5 (92.7925%); decompression confidence is inconclusive; decompression point estimate worse by 98666.5 (1.11653%); memory worse by 1210368 (44.5701%)
gzip-6,gzip-6,balanced,validation,datasets/data/validation/crates/serde-1.0.229/src/lib.rs,11673,4190,6168,8935752,33953161,8849092.5,9305203.5,1689600,4024320,false,false,false,false,0,inconclusive,true,true,1,file,validation-v4-final-binary,local-x86-64,x86_64,36f84685dc00064dae9a239face7e8eff797ed28,eb89ca9bad1783e5aada0b0b7b949e1097f0f3dfb84dcd87dd1006670a8e8e5e,1297748005,gnu-time-v1-monotonic-wall,3b11dec50514a8473e9f6efa7a34d584d0657538c09988f61b72d38ad4991a10,validation,validation-crates-io-serde-1-0-229-src-lib-rs,9fcd921cee5dc64077f4027a3b42347253fdc3f3d9b88660e8c872c316db3620,1,mathsvg,balanced-v1,70bb1e0dd999f0b072e68b38dc1ccb8bfc77175771bc5f1175f649a0aafa789e,8f1ca1238a4c2d6495b7cff729ce6ecb34da3f844a557ea7b90b0d9d52a10787,complete,bf920ab8461c6c60c8cc32db3d853f55655e60793cf7f64068847ad56c2b2e67,afea077ce127d4fa9ad410d3066ba2b54dea19c0b44f04adf56c72d5f7b7a9bb,complete,confirmed,confirmed,inconclusive,confirmed,inconclusive,false,size worse by 1978 (47.2076%); compression worse by 25017409 (279.97%); decompression confidence is inconclusive; decompression point estimate worse by 456111 (5.15433%); memory worse by 2334720 (138.182%)
lz4,lz4,balanced,validation,datasets/data/validation/crates/serde-1.0.229/src/lib.rs,11673,6375,6168,8833588.5,33953161,8752274,9305203.5,1740800,4024320,true,false,false,false,1,inconclusive,true,true,1,file,validation-v4-final-binary,local-x86-64,x86_64,36f84685dc00064dae9a239face7e8eff797ed28,eb89ca9bad1783e5aada0b0b7b949e1097f0f3dfb84dcd87dd1006670a8e8e5e,1297748005,gnu-time-v1-monotonic-wall,3b11dec50514a8473e9f6efa7a34d584d0657538c09988f61b72d38ad4991a10,validation,validation-crates-io-serde-1-0-229-src-lib-rs,9fcd921cee5dc64077f4027a3b42347253fdc3f3d9b88660e8c872c316db3620,1,mathsvg,balanced-v1,70bb1e0dd999f0b072e68b38dc1ccb8bfc77175771bc5f1175f649a0aafa789e,8f1ca1238a4c2d6495b7cff729ce6ecb34da3f844a557ea7b90b0d9d52a10787,complete,56c1b7390551d55bb056da7122b41ac3f7e4459570e4627ac278f7c91d669491,87c0d5d060fd36c685b98a38611b7bd6c4614d40b36d29be84edcd6c173f8160,complete,confirmed,confirmed,inconclusive,confirmed,inconclusive,false,compression worse by 25119572.5 (284.364%); decompression confidence is inconclusive; decompression point estimate worse by 552929.5 (6.31755%); memory worse by 2283520 (131.176%)
xz-9e,xz-9e,balanced,validation,datasets/data/validation/crates/serde-1.0.229/src/lib.rs,11673,4168,6168,66519104.5,33953161,8978830,9305203.5,14598144,4024320,false,true,false,true,2,inconclusive,true,true,1,file,validation-v4-final-binary,local-x86-64,x86_64,36f84685dc00064dae9a239face7e8eff797ed28,eb89ca9bad1783e5aada0b0b7b949e1097f0f3dfb84dcd87dd1006670a8e8e5e,1297748005,gnu-time-v1-monotonic-wall,3b11dec50514a8473e9f6efa7a34d584d0657538c09988f61b72d38ad4991a10,validation,validation-crates-io-serde-1-0-229-src-lib-rs,9fcd921cee5dc64077f4027a3b42347253fdc3f3d9b88660e8c872c316db3620,1,mathsvg,balanced-v1,70bb1e0dd999f0b072e68b38dc1ccb8bfc77175771bc5f1175f649a0aafa789e,8f1ca1238a4c2d6495b7cff729ce6ecb34da3f844a557ea7b90b0d9d52a10787,complete,1bd3a8a1a914bf55087f30b641adcacaac8d04f2cc5a9c21f3668bf2f6727da6,b5b163eb273291934556377ab883b4b2a5d4da50bd0dc0a91774ecc234ccd8d0,complete,confirmed,confirmed,inconclusive,confirmed,inconclusive,false,size worse by 2000 (47.9846%); decompression confidence is inconclusive; decompression point estimate worse by 326373.5 (3.63492%)
zstd-default,zstd-default,balanced,validation,datasets/data/validation/crates/serde-1.0.229/src/lib.rs,11673,4355,6168,9019277.5,33953161,9301902,9305203.5,2750464,4024320,false,false,false,false,0,inconclusive,true,true,1,file,validation-v4-final-binary,local-x86-64,x86_64,36f84685dc00064dae9a239face7e8eff797ed28,eb89ca9bad1783e5aada0b0b7b949e1097f0f3dfb84dcd87dd1006670a8e8e5e,1297748005,gnu-time-v1-monotonic-wall,3b11dec50514a8473e9f6efa7a34d584d0657538c09988f61b72d38ad4991a10,validation,validation-crates-io-serde-1-0-229-src-lib-rs,9fcd921cee5dc64077f4027a3b42347253fdc3f3d9b88660e8c872c316db3620,1,mathsvg,balanced-v1,70bb1e0dd999f0b072e68b38dc1ccb8bfc77175771bc5f1175f649a0aafa789e,8f1ca1238a4c2d6495b7cff729ce6ecb34da3f844a557ea7b90b0d9d52a10787,complete,8afdee0e1fe04f0a9c92a00ebbd438b50004de9dcdf47ce697a89ac0bdae40a5,7c5468b370f7c47eda07281e3437fafc568f95d10420051e3aa522709f9342c5,complete,confirmed,confirmed,inconclusive,confirmed,inconclusive,false,size worse by 1813 (41.6303%); compression worse by 24933883.5 (276.451%); decompression confidence is inconclusive; decompression point estimate worse by 3301.5 (0.0354927%); memory worse by 1273856 (46.3142%)
gzip-6,gzip-6,balanced,validation,datasets/data/validation/crates/serde-1.0.229/src/private/de.rs,110746,11557,16235,8952610,67435340.5,8745590,17418321,1691648,5287936,false,false,false,false,0,confirmed,true,true,1,file,validation-v4-final-binary,local-x86-64,x86_64,36f84685dc00064dae9a239face7e8eff797ed28,eb89ca9bad1783e5aada0b0b7b949e1097f0f3dfb84dcd87dd1006670a8e8e5e,1297748005,gnu-time-v1-monotonic-wall,3b11dec50514a8473e9f6efa7a34d584d0657538c09988f61b72d38ad4991a10,validation,validation-crates-io-serde-1-0-229-src-private-de-rs,68ee17774d3bbc693d9f19803747fa2c3afdb7046482e6d94ac6cf7db5a4fe20,1,mathsvg,balanced-v1,70bb1e0dd999f0b072e68b38dc1ccb8bfc77175771bc5f1175f649a0aafa789e,8f1ca1238a4c2d6495b7cff729ce6ecb34da3f844a557ea7b90b0d9d52a10787,complete,bf920ab8461c6c60c8cc32db3d853f55655e60793cf7f64068847ad56c2b2e67,afea077ce127d4fa9ad410d3066ba2b54dea19c0b44f04adf56c72d5f7b7a9bb,complete,confirmed,confirmed,confirmed,confirmed,fail,false,size worse by 4678 (40.4776%); compression worse by 58482730.5 (653.248%); decompression worse by 8672731 (99.1669%); memory worse by 3596288 (212.591%)
lz4,lz4,balanced,validation,datasets/data/validation/crates/serde-1.0.229/src/private/de.rs,110746,20028,16235,9079144.5,67435340.5,8806088.5,17418321,1871872,5287936,true,false,false,false,1,confirmed,true,true,1,file,validation-v4-final-binary,local-x86-64,x86_64,36f84685dc00064dae9a239face7e8eff797ed28,eb89ca9bad1783e5aada0b0b7b949e1097f0f3dfb84dcd87dd1006670a8e8e5e,1297748005,gnu-time-v1-monotonic-wall,3b11dec50514a8473e9f6efa7a34d584d0657538c09988f61b72d38ad4991a10,validation,validation-crates-io-serde-1-0-229-src-private-de-rs,68ee17774d3bbc693d9f19803747fa2c3afdb7046482e6d94ac6cf7db5a4fe20,1,mathsvg,balanced-v1,70bb1e0dd999f0b072e68b38dc1ccb8bfc77175771bc5f1175f649a0aafa789e,8f1ca1238a4c2d6495b7cff729ce6ecb34da3f844a557ea7b90b0d9d52a10787,complete,56c1b7390551d55bb056da7122b41ac3f7e4459570e4627ac278f7c91d669491,87c0d5d060fd36c685b98a38611b7bd6c4614d40b36d29be84edcd6c173f8160,complete,confirmed,confirmed,confirmed,confirmed,fail,false,compression worse by 58356196 (642.75%); decompression worse by 8612232.5 (97.7986%); memory worse by 3416064 (182.495%)
xz-9e,xz-9e,balanced,validation,datasets/data/validation/crates/serde-1.0.229/src/private/de.rs,110746,10224,16235,115793084.5,67435340.5,8945653,17418321,19838976,5287936,false,true,false,true,2,confirmed,true,true,1,file,validation-v4-final-binary,local-x86-64,x86_64,36f84685dc00064dae9a239face7e8eff797ed28,eb89ca9bad1783e5aada0b0b7b949e1097f0f3dfb84dcd87dd1006670a8e8e5e,1297748005,gnu-time-v1-monotonic-wall,3b11dec50514a8473e9f6efa7a34d584d0657538c09988f61b72d38ad4991a10,validation,validation-crates-io-serde-1-0-229-src-private-de-rs,68ee17774d3bbc693d9f19803747fa2c3afdb7046482e6d94ac6cf7db5a4fe20,1,mathsvg,balanced-v1,70bb1e0dd999f0b072e68b38dc1ccb8bfc77175771bc5f1175f649a0aafa789e,8f1ca1238a4c2d6495b7cff729ce6ecb34da3f844a557ea7b90b0d9d52a10787,complete,1bd3a8a1a914bf55087f30b641adcacaac8d04f2cc5a9c21f3668bf2f6727da6,b5b163eb273291934556377ab883b4b2a5d4da50bd0dc0a91774ecc234ccd8d0,complete,confirmed,confirmed,confirmed,confirmed,fail,false,size worse by 6011 (58.793%); decompression worse by 8472668 (94.7127%)
zstd-default,zstd-default,balanced,validation,datasets/data/validation/crates/serde-1.0.229/src/private/de.rs,110746,13444,16235,8987612,67435340.5,9634066.5,17418321,2994176,5287936,false,false,false,false,0,confirmed,true,true,1,file,validation-v4-final-binary,local-x86-64,x86_64,36f84685dc00064dae9a239face7e8eff797ed28,eb89ca9bad1783e5aada0b0b7b949e1097f0f3dfb84dcd87dd1006670a8e8e5e,1297748005,gnu-time-v1-monotonic-wall,3b11dec50514a8473e9f6efa7a34d584d0657538c09988f61b72d38ad4991a10,validation,validation-crates-io-serde-1-0-229-src-private-de-rs,68ee17774d3bbc693d9f19803747fa2c3afdb7046482e6d94ac6cf7db5a4fe20,1,mathsvg,balanced-v1,70bb1e0dd999f0b072e68b38dc1ccb8bfc77175771bc5f1175f649a0aafa789e,8f1ca1238a4c2d6495b7cff729ce6ecb34da3f844a557ea7b90b0d9d52a10787,complete,8afdee0e1fe04f0a9c92a00ebbd438b50004de9dcdf47ce697a89ac0bdae40a5,7c5468b370f7c47eda07281e3437fafc568f95d10420051e3aa522709f9342c5,complete,confirmed,confirmed,confirmed,confirmed,fail,false,size worse by 2791 (20.7602%); compression worse by 58447728.5 (650.314%); decompression worse by 7784254.5 (80.7993%); memory worse by 2293760 (76.6074%)
gzip-6,gzip-6,balanced,validation,datasets/data/validation/crates/serde-1.0.229/src/private/mod.rs,574,283,825,8856429.5,16940483.5,8705291.5,8945562,1560576,3893248,false,false,false,false,0,inconclusive,true,true,1,file,validation-v4-final-binary,local-x86-64,x86_64,36f84685dc00064dae9a239face7e8eff797ed28,eb89ca9bad1783e5aada0b0b7b949e1097f0f3dfb84dcd87dd1006670a8e8e5e,1297748005,gnu-time-v1-monotonic-wall,3b11dec50514a8473e9f6efa7a34d584d0657538c09988f61b72d38ad4991a10,validation,validation-crates-io-serde-1-0-229-src-private-mod-rs,52cc5b33364b13724ea4c2989f3ccd8ba02a2ef903761499e15264835ff76388,1,mathsvg,balanced-v1,70bb1e0dd999f0b072e68b38dc1ccb8bfc77175771bc5f1175f649a0aafa789e,8f1ca1238a4c2d6495b7cff729ce6ecb34da3f844a557ea7b90b0d9d52a10787,complete,bf920ab8461c6c60c8cc32db3d853f55655e60793cf7f64068847ad56c2b2e67,afea077ce127d4fa9ad410d3066ba2b54dea19c0b44f04adf56c72d5f7b7a9bb,complete,confirmed,confirmed,inconclusive,confirmed,inconclusive,false,size worse by 542 (191.519%); compression worse by 8084054 (91.2789%); decompression confidence is inconclusive; decompression point estimate worse by 240270.5 (2.76005%); memory worse by 2332672 (149.475%)
lz4,lz4,balanced,validation,datasets/data/validation/crates/serde-1.0.229/src/private/mod.rs,574,362,825,8788275.5,16940483.5,7155652.5,8945562,1740800,3893248,false,false,false,false,0,inconclusive,true,true,1,file,validation-v4-final-binary,local-x86-64,x86_64,36f84685dc00064dae9a239face7e8eff797ed28,eb89ca9bad1783e5aada0b0b7b949e1097f0f3dfb84dcd87dd1006670a8e8e5e,1297748005,gnu-time-v1-monotonic-wall,3b11dec50514a8473e9f6efa7a34d584d0657538c09988f61b72d38ad4991a10,validation,validation-crates-io-serde-1-0-229-src-private-mod-rs,52cc5b33364b13724ea4c2989f3ccd8ba02a2ef903761499e15264835ff76388,1,mathsvg,balanced-v1,70bb1e0dd999f0b072e68b38dc1ccb8bfc77175771bc5f1175f649a0aafa789e,8f1ca1238a4c2d6495b7cff729ce6ecb34da3f844a557ea7b90b0d9d52a10787,complete,56c1b7390551d55bb056da7122b41ac3f7e4459570e4627ac278f7c91d669491,87c0d5d060fd36c685b98a38611b7bd6c4614d40b36d29be84edcd6c173f8160,complete,confirmed,confirmed,inconclusive,confirmed,inconclusive,false,size worse by 463 (127.901%); compression worse by 8152208 (92.7623%); decompression confidence is inconclusive; decompression point estimate worse by 1789909.5 (25.0139%); memory worse by 2152448 (123.647%)
xz-9e,xz-9e,balanced,validation,datasets/data/validation/crates/serde-1.0.229/src/private/mod.rs,574,340,825,16938977,16940483.5,8932863.5,8945562,3588096,3893248,false,false,false,false,0,inconclusive,true,true,1,file,validation-v4-final-binary,local-x86-64,x86_64,36f84685dc00064dae9a239face7e8eff797ed28,eb89ca9bad1783e5aada0b0b7b949e1097f0f3dfb84dcd87dd1006670a8e8e5e,1297748005,gnu-time-v1-monotonic-wall,3b11dec50514a8473e9f6efa7a34d584d0657538c09988f61b72d38ad4991a10,validation,validation-crates-io-serde-1-0-229-src-private-mod-rs,52cc5b33364b13724ea4c2989f3ccd8ba02a2ef903761499e15264835ff76388,1,mathsvg,balanced-v1,70bb1e0dd999f0b072e68b38dc1ccb8bfc77175771bc5f1175f649a0aafa789e,8f1ca1238a4c2d6495b7cff729ce6ecb34da3f844a557ea7b90b0d9d52a10787,complete,1bd3a8a1a914bf55087f30b641adcacaac8d04f2cc5a9c21f3668bf2f6727da6,b5b163eb273291934556377ab883b4b2a5d4da50bd0dc0a91774ecc234ccd8d0,complete,confirmed,inconclusive,inconclusive,confirmed,inconclusive,false,size worse by 485 (142.647%); compression confidence is inconclusive; compression point estimate worse by 1506.5 (0.00889369%); decompression confidence is inconclusive; decompression point estimate worse by 12698.5 (0.142155%); memory worse by 305152 (8.50457%)
zstd-default,zstd-default,balanced,validation,datasets/data/validation/crates/serde-1.0.229/src/private/mod.rs,574,280,825,8812787,16940483.5,9224719,8945562,2703360,3893248,false,false,true,false,1,inconclusive,true,true,1,file,validation-v4-final-binary,local-x86-64,x86_64,36f84685dc00064dae9a239face7e8eff797ed28,eb89ca9bad1783e5aada0b0b7b949e1097f0f3dfb84dcd87dd1006670a8e8e5e,1297748005,gnu-time-v1-monotonic-wall,3b11dec50514a8473e9f6efa7a34d584d0657538c09988f61b72d38ad4991a10,validation,validation-crates-io-serde-1-0-229-src-private-mod-rs,52cc5b33364b13724ea4c2989f3ccd8ba02a2ef903761499e15264835ff76388,1,mathsvg,balanced-v1,70bb1e0dd999f0b072e68b38dc1ccb8bfc77175771bc5f1175f649a0aafa789e,8f1ca1238a4c2d6495b7cff729ce6ecb34da3f844a557ea7b90b0d9d52a10787,complete,8afdee0e1fe04f0a9c92a00ebbd438b50004de9dcdf47ce697a89ac0bdae40a5,7c5468b370f7c47eda07281e3437fafc568f95d10420051e3aa522709f9342c5,complete,confirmed,confirmed,inconclusive,confirmed,inconclusive,false,size worse by 545 (194.643%); compression worse by 8127696.5 (92.2262%); decompression confidence is inconclusive; memory worse by 1189888 (44.0152%)
gzip-6,gzip-6,balanced,validation,datasets/data/validation/crates/serde-1.0.229/src/private/ser.rs,41496,4854,7234,8929458.5,34794378,8809416.5,16942210,1691648,4366336,false,false,false,false,0,confirmed,true,true,1,file,validation-v4-final-binary,local-x86-64,x86_64,36f84685dc00064dae9a239face7e8eff797ed28,eb89ca9bad1783e5aada0b0b7b949e1097f0f3dfb84dcd87dd1006670a8e8e5e,1297748005,gnu-time-v1-monotonic-wall,3b11dec50514a8473e9f6efa7a34d584d0657538c09988f61b72d38ad4991a10,validation,validation-crates-io-serde-1-0-229-src-private-ser-rs,bea364a6199b57c2aa5a96a6bb0530176850dbeaaee908a6307fe610c873c8e3,1,mathsvg,balanced-v1,70bb1e0dd999f0b072e68b38dc1ccb8bfc77175771bc5f1175f649a0aafa789e,8f1ca1238a4c2d6495b7cff729ce6ecb34da3f844a557ea7b90b0d9d52a10787,complete,bf920ab8461c6c60c8cc32db3d853f55655e60793cf7f64068847ad56c2b2e67,afea077ce127d4fa9ad410d3066ba2b54dea19c0b44f04adf56c72d5f7b7a9bb,complete,confirmed,confirmed,confirmed,confirmed,fail,false,size worse by 2380 (49.0317%); compression worse by 25864919.5 (289.658%); decompression worse by 8132793.5 (92.3193%); memory worse by 2674688 (158.111%)
lz4,lz4,balanced,validation,datasets/data/validation/crates/serde-1.0.229/src/private/ser.rs,41496,8729,7234,8828569.5,34794378,8776874.5,16942210,1740800,4366336,true,false,false,false,1,confirmed,true,true,1,file,validation-v4-final-binary,local-x86-64,x86_64,36f84685dc00064dae9a239face7e8eff797ed28,eb89ca9bad1783e5aada0b0b7b949e1097f0f3dfb84dcd87dd1006670a8e8e5e,1297748005,gnu-time-v1-monotonic-wall,3b11dec50514a8473e9f6efa7a34d584d0657538c09988f61b72d38ad4991a10,validation,validation-crates-io-serde-1-0-229-src-private-ser-rs,bea364a6199b57c2aa5a96a6bb0530176850dbeaaee908a6307fe610c873c8e3,1,mathsvg,balanced-v1,70bb1e0dd999f0b072e68b38dc1ccb8bfc77175771bc5f1175f649a0aafa789e,8f1ca1238a4c2d6495b7cff729ce6ecb34da3f844a557ea7b90b0d9d52a10787,complete,56c1b7390551d55bb056da7122b41ac3f7e4459570e4627ac278f7c91d669491,87c0d5d060fd36c685b98a38611b7bd6c4614d40b36d29be84edcd6c173f8160,complete,confirmed,confirmed,confirmed,confirmed,fail,false,compression worse by 25965808.5 (294.111%); decompression worse by 8165335.5 (93.0324%); memory worse by 2625536 (150.824%)
xz-9e,xz-9e,balanced,validation,datasets/data/validation/crates/serde-1.0.229/src/private/ser.rs,41496,4428,7234,65397117,34794378,8917914,16942210,11843584,4366336,false,true,false,true,2,confirmed,true,true,1,file,validation-v4-final-binary,local-x86-64,x86_64,36f84685dc00064dae9a239face7e8eff797ed28,eb89ca9bad1783e5aada0b0b7b949e1097f0f3dfb84dcd87dd1006670a8e8e5e,1297748005,gnu-time-v1-monotonic-wall,3b11dec50514a8473e9f6efa7a34d584d0657538c09988f61b72d38ad4991a10,validation,validation-crates-io-serde-1-0-229-src-private-ser-rs,bea364a6199b57c2aa5a96a6bb0530176850dbeaaee908a6307fe610c873c8e3,1,mathsvg,balanced-v1,70bb1e0dd999f0b072e68b38dc1ccb8bfc77175771bc5f1175f649a0aafa789e,8f1ca1238a4c2d6495b7cff729ce6ecb34da3f844a557ea7b90b0d9d52a10787,complete,1bd3a8a1a914bf55087f30b641adcacaac8d04f2cc5a9c21f3668bf2f6727da6,b5b163eb273291934556377ab883b4b2a5d4da50bd0dc0a91774ecc234ccd8d0,complete,confirmed,confirmed,confirmed,confirmed,fail,false,size worse by 2806 (63.3695%); decompression worse by 8024296 (89.9795%)
zstd-default,zstd-default,balanced,validation,datasets/data/validation/crates/serde-1.0.229/src/private/ser.rs,41496,5583,7234,9791039,34794378,8851762,16942210,2920448,4366336,false,false,false,false,0,inconclusive,true,true,1,file,validation-v4-final-binary,local-x86-64,x86_64,36f84685dc00064dae9a239face7e8eff797ed28,eb89ca9bad1783e5aada0b0b7b949e1097f0f3dfb84dcd87dd1006670a8e8e5e,1297748005,gnu-time-v1-monotonic-wall,3b11dec50514a8473e9f6efa7a34d584d0657538c09988f61b72d38ad4991a10,validation,validation-crates-io-serde-1-0-229-src-private-ser-rs,bea364a6199b57c2aa5a96a6bb0530176850dbeaaee908a6307fe610c873c8e3,1,mathsvg,balanced-v1,70bb1e0dd999f0b072e68b38dc1ccb8bfc77175771bc5f1175f649a0aafa789e,8f1ca1238a4c2d6495b7cff729ce6ecb34da3f844a557ea7b90b0d9d52a10787,complete,8afdee0e1fe04f0a9c92a00ebbd438b50004de9dcdf47ce697a89ac0bdae40a5,7c5468b370f7c47eda07281e3437fafc568f95d10420051e3aa522709f9342c5,complete,confirmed,confirmed,inconclusive,confirmed,inconclusive,false,size worse by 1651 (29.5719%); compression worse by 25003339 (255.37%); decompression confidence is inconclusive; decompression point estimate worse by 8090448 (91.3993%); memory worse by 1445888 (49.5091%)
gzip-6,gzip-6,balanced,validation,datasets/data/corpus-completion/validation/docker-official/hello-world/4f55086f7dd096d48b0e49be066971a8.layer.tar.gz,2415,2438,2899,8850075,17954466.5,5198137.5,8843166,1560576,3844096,false,false,false,false,0,confirmed,true,true,1,file,validation-v4-final-binary,local-x86-64,x86_64,36f84685dc00064dae9a239face7e8eff797ed28,eb89ca9bad1783e5aada0b0b7b949e1097f0f3dfb84dcd87dd1006670a8e8e5e,1297748005,gnu-time-v1-monotonic-wall,3b11dec50514a8473e9f6efa7a34d584d0657538c09988f61b72d38ad4991a10,validation,validation-docker-official-hello-world-amd64-layer,4f55086f7dd096d48b0e49be066971a8ed996521c2e190aa21b2435a847198b4,1,mathsvg,balanced-v1,70bb1e0dd999f0b072e68b38dc1ccb8bfc77175771bc5f1175f649a0aafa789e,8f1ca1238a4c2d6495b7cff729ce6ecb34da3f844a557ea7b90b0d9d52a10787,complete,bf920ab8461c6c60c8cc32db3d853f55655e60793cf7f64068847ad56c2b2e67,afea077ce127d4fa9ad410d3066ba2b54dea19c0b44f04adf56c72d5f7b7a9bb,complete,confirmed,confirmed,confirmed,confirmed,fail,false,size worse by 461 (18.9089%); compression worse by 9104391.5 (102.874%); decompression worse by 3645028.5 (70.1218%); memory worse by 2283520 (146.325%)
lz4,lz4,balanced,validation,datasets/data/corpus-completion/validation/docker-official/hello-world/4f55086f7dd096d48b0e49be066971a8.layer.tar.gz,2415,2434,2899,8663689,17954466.5,8768819.5,8843166,1740800,3844096,false,false,false,false,0,inconclusive,true,true,1,file,validation-v4-final-binary,local-x86-64,x86_64,36f84685dc00064dae9a239face7e8eff797ed28,eb89ca9bad1783e5aada0b0b7b949e1097f0f3dfb84dcd87dd1006670a8e8e5e,1297748005,gnu-time-v1-monotonic-wall,3b11dec50514a8473e9f6efa7a34d584d0657538c09988f61b72d38ad4991a10,validation,validation-docker-official-hello-world-amd64-layer,4f55086f7dd096d48b0e49be066971a8ed996521c2e190aa21b2435a847198b4,1,mathsvg,balanced-v1,70bb1e0dd999f0b072e68b38dc1ccb8bfc77175771bc5f1175f649a0aafa789e,8f1ca1238a4c2d6495b7cff729ce6ecb34da3f844a557ea7b90b0d9d52a10787,complete,56c1b7390551d55bb056da7122b41ac3f7e4459570e4627ac278f7c91d669491,87c0d5d060fd36c685b98a38611b7bd6c4614d40b36d29be84edcd6c173f8160,complete,confirmed,confirmed,inconclusive,confirmed,inconclusive,false,size worse by 465 (19.1044%); compression worse by 9290777.5 (107.238%); decompression confidence is inconclusive; decompression point estimate worse by 74346.5 (0.847851%); memory worse by 2103296 (120.824%)
xz-9e,xz-9e,balanced,validation,datasets/data/corpus-completion/validation/docker-official/hello-world/4f55086f7dd096d48b0e49be066971a8.layer.tar.gz,2415,2476,2899,33316717.5,17954466.5,8885416,8843166,11583488,3844096,false,true,true,true,3,inconclusive,true,true,1,file,validation-v4-final-binary,local-x86-64,x86_64,36f84685dc00064dae9a239face7e8eff797ed28,eb89ca9bad1783e5aada0b0b7b949e1097f0f3dfb84dcd87dd1006670a8e8e5e,1297748005,gnu-time-v1-monotonic-wall,3b11dec50514a8473e9f6efa7a34d584d0657538c09988f61b72d38ad4991a10,validation,validation-docker-official-hello-world-amd64-layer,4f55086f7dd096d48b0e49be066971a8ed996521c2e190aa21b2435a847198b4,1,mathsvg,balanced-v1,70bb1e0dd999f0b072e68b38dc1ccb8bfc77175771bc5f1175f649a0aafa789e,8f1ca1238a4c2d6495b7cff729ce6ecb34da3f844a557ea7b90b0d9d52a10787,complete,1bd3a8a1a914bf55087f30b641adcacaac8d04f2cc5a9c21f3668bf2f6727da6,b5b163eb273291934556377ab883b4b2a5d4da50bd0dc0a91774ecc234ccd8d0,complete,confirmed,confirmed,inconclusive,confirmed,inconclusive,false,size worse by 423 (17.084%); decompression confidence is inconclusive
zstd-default,zstd-default,balanced,validation,datasets/data/corpus-completion/validation/docker-official/hello-world/4f55086f7dd096d48b0e49be066971a8.layer.tar.gz,2415,2429,2899,9814872,17954466.5,8870718.5,8843166,2648064,3844096,false,false,true,false,1,inconclusive,true,true,1,file,validation-v4-final-binary,local-x86-64,x86_64,36f84685dc00064dae9a239face7e8eff797ed28,eb89ca9bad1783e5aada0b0b7b949e1097f0f3dfb84dcd87dd1006670a8e8e5e,1297748005,gnu-time-v1-monotonic-wall,3b11dec50514a8473e9f6efa7a34d584d0657538c09988f61b72d38ad4991a10,validation,validation-docker-official-hello-world-amd64-layer,4f55086f7dd096d48b0e49be066971a8ed996521c2e190aa21b2435a847198b4,1,mathsvg,balanced-v1,70bb1e0dd999f0b072e68b38dc1ccb8bfc77175771bc5f1175f649a0aafa789e,8f1ca1238a4c2d6495b7cff729ce6ecb34da3f844a557ea7b90b0d9d52a10787,complete,8afdee0e1fe04f0a9c92a00ebbd438b50004de9dcdf47ce697a89ac0bdae40a5,7c5468b370f7c47eda07281e3437fafc568f95d10420051e3aa522709f9342c5,complete,confirmed,confirmed,inconclusive,confirmed,inconclusive,false,size worse by 470 (19.3495%); compression worse by 8139594.5 (82.9312%); decompression confidence is inconclusive; memory worse by 1196032 (45.1663%)
gzip-6,gzip-6,balanced,validation,datasets/data/corpus-completion/validation/earthscope/IU.ANMO.00.BHZ_20100227T063000_60s.mseed,2048,1501,1965,8814556.5,16986895.5,5007949,8960011,1560576,3864576,false,false,false,false,0,inconclusive,true,true,1,file,validation-v4-final-binary,local-x86-64,x86_64,36f84685dc00064dae9a239face7e8eff797ed28,eb89ca9bad1783e5aada0b0b7b949e1097f0f3dfb84dcd87dd1006670a8e8e5e,1297748005,gnu-time-v1-monotonic-wall,3b11dec50514a8473e9f6efa7a34d584d0657538c09988f61b72d38ad4991a10,validation,validation-earthscope-iu-anmo-bhz-20100227-mseed,ae1457bb8db83cdec15858f370217ea15cc651da267bd66c3d019a42ab06e23a,1,mathsvg,balanced-v1,70bb1e0dd999f0b072e68b38dc1ccb8bfc77175771bc5f1175f649a0aafa789e,8f1ca1238a4c2d6495b7cff729ce6ecb34da3f844a557ea7b90b0d9d52a10787,complete,bf920ab8461c6c60c8cc32db3d853f55655e60793cf7f64068847ad56c2b2e67,afea077ce127d4fa9ad410d3066ba2b54dea19c0b44f04adf56c72d5f7b7a9bb,complete,confirmed,confirmed,inconclusive,confirmed,inconclusive,false,size worse by 464 (30.9127%); compression worse by 8172339 (92.7141%); decompression confidence is inconclusive; decompression point estimate worse by 3952062 (78.9158%); memory worse by 2304000 (147.638%)
lz4,lz4,balanced,validation,datasets/data/corpus-completion/validation/earthscope/IU.ANMO.00.BHZ_20100227T063000_60s.mseed,2048,1500,1965,8864512,16986895.5,8310646,8960011,1740800,3864576,false,false,false,false,0,inconclusive,true,true,1,file,validation-v4-final-binary,local-x86-64,x86_64,36f84685dc00064dae9a239face7e8eff797ed28,eb89ca9bad1783e5aada0b0b7b949e1097f0f3dfb84dcd87dd1006670a8e8e5e,1297748005,gnu-time-v1-monotonic-wall,3b11dec50514a8473e9f6efa7a34d584d0657538c09988f61b72d38ad4991a10,validation,validation-earthscope-iu-anmo-bhz-20100227-mseed,ae1457bb8db83cdec15858f370217ea15cc651da267bd66c3d019a42ab06e23a,1,mathsvg,balanced-v1,70bb1e0dd999f0b072e68b38dc1ccb8bfc77175771bc5f1175f649a0aafa789e,8f1ca1238a4c2d6495b7cff729ce6ecb34da3f844a557ea7b90b0d9d52a10787,complete,56c1b7390551d55bb056da7122b41ac3f7e4459570e4627ac278f7c91d669491,87c0d5d060fd36c685b98a38611b7bd6c4614d40b36d29be84edcd6c173f8160,complete,confirmed,confirmed,inconclusive,confirmed,inconclusive,false,size worse by 465 (31%); compression worse by 8122383.5 (91.6281%); decompression confidence is inconclusive; decompression point estimate worse by 649365 (7.81365%); memory worse by 2123776 (122%)
xz-9e,xz-9e,balanced,validation,datasets/data/corpus-completion/validation/earthscope/IU.ANMO.00.BHZ_20100227T063000_60s.mseed,2048,1408,1965,33277558.5,16986895.5,8949521,8960011,8044544,3864576,false,true,false,true,2,inconclusive,true,true,1,file,validation-v4-final-binary,local-x86-64,x86_64,36f84685dc00064dae9a239face7e8eff797ed28,eb89ca9bad1783e5aada0b0b7b949e1097f0f3dfb84dcd87dd1006670a8e8e5e,1297748005,gnu-time-v1-monotonic-wall,3b11dec50514a8473e9f6efa7a34d584d0657538c09988f61b72d38ad4991a10,validation,validation-earthscope-iu-anmo-bhz-20100227-mseed,ae1457bb8db83cdec15858f370217ea15cc651da267bd66c3d019a42ab06e23a,1,mathsvg,balanced-v1,70bb1e0dd999f0b072e68b38dc1ccb8bfc77175771bc5f1175f649a0aafa789e,8f1ca1238a4c2d6495b7cff729ce6ecb34da3f844a557ea7b90b0d9d52a10787,complete,1bd3a8a1a914bf55087f30b641adcacaac8d04f2cc5a9c21f3668bf2f6727da6,b5b163eb273291934556377ab883b4b2a5d4da50bd0dc0a91774ecc234ccd8d0,complete,confirmed,confirmed,inconclusive,confirmed,inconclusive,false,size worse by 557 (39.5597%); decompression confidence is inconclusive; decompression point estimate worse by 10490 (0.117213%)
zstd-default,zstd-default,balanced,validation,datasets/data/corpus-completion/validation/earthscope/IU.ANMO.00.BHZ_20100227T063000_60s.mseed,2048,1471,1965,9487180,16986895.5,8886016,8960011,2637824,3864576,false,false,false,false,0,inconclusive,true,true,1,file,validation-v4-final-binary,local-x86-64,x86_64,36f84685dc00064dae9a239face7e8eff797ed28,eb89ca9bad1783e5aada0b0b7b949e1097f0f3dfb84dcd87dd1006670a8e8e5e,1297748005,gnu-time-v1-monotonic-wall,3b11dec50514a8473e9f6efa7a34d584d0657538c09988f61b72d38ad4991a10,validation,validation-earthscope-iu-anmo-bhz-20100227-mseed,ae1457bb8db83cdec15858f370217ea15cc651da267bd66c3d019a42ab06e23a,1,mathsvg,balanced-v1,70bb1e0dd999f0b072e68b38dc1ccb8bfc77175771bc5f1175f649a0aafa789e,8f1ca1238a4c2d6495b7cff729ce6ecb34da3f844a557ea7b90b0d9d52a10787,complete,8afdee0e1fe04f0a9c92a00ebbd438b50004de9dcdf47ce697a89ac0bdae40a5,7c5468b370f7c47eda07281e3437fafc568f95d10420051e3aa522709f9342c5,complete,confirmed,confirmed,inconclusive,confirmed,inconclusive,false,size worse by 494 (33.5826%); compression worse by 7499715.5 (79.0511%); decompression confidence is inconclusive; decompression point estimate worse by 73995 (0.832713%); memory worse by 1226752 (46.5062%)
gzip-6,gzip-6,balanced,validation,datasets/data/corpus-completion/validation/fsdd-v1.0.9/recordings/0_george_0.wav,4812,4523,5296,8832045,17372839.5,8733808.5,9508218.5,1560576,3880960,false,false,false,false,0,inconclusive,true,true,1,file,validation-v4-final-binary,local-x86-64,x86_64,36f84685dc00064dae9a239face7e8eff797ed28,eb89ca9bad1783e5aada0b0b7b949e1097f0f3dfb84dcd87dd1006670a8e8e5e,1297748005,gnu-time-v1-monotonic-wall,3b11dec50514a8473e9f6efa7a34d584d0657538c09988f61b72d38ad4991a10,validation,validation-fsdd-v1-0-9-0-george-0-wav,228ab63fccdf262d2e05817b6ec918b15e7d9e4bfb6bb20183c46ae088405240,1,mathsvg,balanced-v1,70bb1e0dd999f0b072e68b38dc1ccb8bfc77175771bc5f1175f649a0aafa789e,8f1ca1238a4c2d6495b7cff729ce6ecb34da3f844a557ea7b90b0d9d52a10787,complete,bf920ab8461c6c60c8cc32db3d853f55655e60793cf7f64068847ad56c2b2e67,afea077ce127d4fa9ad410d3066ba2b54dea19c0b44f04adf56c72d5f7b7a9bb,complete,confirmed,confirmed,inconclusive,confirmed,inconclusive,false,size worse by 773 (17.0904%); compression worse by 8540794.5 (96.7023%); decompression confidence is inconclusive; decompression point estimate worse by 774410 (8.86681%); memory worse by 2320384 (148.688%)
lz4,lz4,balanced,validation,datasets/data/corpus-completion/validation/fsdd-v1.0.9/recordings/0_george_0.wav,4812,4831,5296,8920338,17372839.5,8116937.5,9508218.5,1740800,3880960,false,false,false,false,0,inconclusive,true,true,1,file,validation-v4-final-binary,local-x86-64,x86_64,36f84685dc00064dae9a239face7e8eff797ed28,eb89ca9bad1783e5aada0b0b7b949e1097f0f3dfb84dcd87dd1006670a8e8e5e,1297748005,gnu-time-v1-monotonic-wall,3b11dec50514a8473e9f6efa7a34d584d0657538c09988f61b72d38ad4991a10,validation,validation-fsdd-v1-0-9-0-george-0-wav,228ab63fccdf262d2e05817b6ec918b15e7d9e4bfb6bb20183c46ae088405240,1,mathsvg,balanced-v1,70bb1e0dd999f0b072e68b38dc1ccb8bfc77175771bc5f1175f649a0aafa789e,8f1ca1238a4c2d6495b7cff729ce6ecb34da3f844a557ea7b90b0d9d52a10787,complete,56c1b7390551d55bb056da7122b41ac3f7e4459570e4627ac278f7c91d669491,87c0d5d060fd36c685b98a38611b7bd6c4614d40b36d29be84edcd6c173f8160,complete,confirmed,confirmed,inconclusive,confirmed,inconclusive,false,size worse by 465 (9.62534%); compression worse by 8452501.5 (94.7554%); decompression confidence is inconclusive; decompression point estimate worse by 1391281 (17.1405%); memory worse by 2140160 (122.941%)
xz-9e,xz-9e,balanced,validation,datasets/data/corpus-completion/validation/fsdd-v1.0.9/recordings/0_george_0.wav,4812,4432,5296,67212634.5,17372839.5,8952337,9508218.5,19443712,3880960,false,true,false,true,2,inconclusive,true,true,1,file,validation-v4-final-binary,local-x86-64,x86_64,36f84685dc00064dae9a239face7e8eff797ed28,eb89ca9bad1783e5aada0b0b7b949e1097f0f3dfb84dcd87dd1006670a8e8e5e,1297748005,gnu-time-v1-monotonic-wall,3b11dec50514a8473e9f6efa7a34d584d0657538c09988f61b72d38ad4991a10,validation,validation-fsdd-v1-0-9-0-george-0-wav,228ab63fccdf262d2e05817b6ec918b15e7d9e4bfb6bb20183c46ae088405240,1,mathsvg,balanced-v1,70bb1e0dd999f0b072e68b38dc1ccb8bfc77175771bc5f1175f649a0aafa789e,8f1ca1238a4c2d6495b7cff729ce6ecb34da3f844a557ea7b90b0d9d52a10787,complete,1bd3a8a1a914bf55087f30b641adcacaac8d04f2cc5a9c21f3668bf2f6727da6,b5b163eb273291934556377ab883b4b2a5d4da50bd0dc0a91774ecc234ccd8d0,complete,confirmed,confirmed,inconclusive,confirmed,inconclusive,false,size worse by 864 (19.4946%); decompression confidence is inconclusive; decompression point estimate worse by 555881.5 (6.20935%)
zstd-default,zstd-default,balanced,validation,datasets/data/corpus-completion/validation/fsdd-v1.0.9/recordings/0_george_0.wav,4812,4523,5296,9414605,17372839.5,8815206,9508218.5,2732032,3880960,false,false,false,false,0,inconclusive,true,true,1,file,validation-v4-final-binary,local-x86-64,x86_64,36f84685dc00064dae9a239face7e8eff797ed28,eb89ca9bad1783e5aada0b0b7b949e1097f0f3dfb84dcd87dd1006670a8e8e5e,1297748005,gnu-time-v1-monotonic-wall,3b11dec50514a8473e9f6efa7a34d584d0657538c09988f61b72d38ad4991a10,validation,validation-fsdd-v1-0-9-0-george-0-wav,228ab63fccdf262d2e05817b6ec918b15e7d9e4bfb6bb20183c46ae088405240,1,mathsvg,balanced-v1,70bb1e0dd999f0b072e68b38dc1ccb8bfc77175771bc5f1175f649a0aafa789e,8f1ca1238a4c2d6495b7cff729ce6ecb34da3f844a557ea7b90b0d9d52a10787,complete,8afdee0e1fe04f0a9c92a00ebbd438b50004de9dcdf47ce697a89ac0bdae40a5,7c5468b370f7c47eda07281e3437fafc568f95d10420051e3aa522709f9342c5,complete,confirmed,confirmed,inconclusive,confirmed,inconclusive,false,size worse by 773 (17.0904%); compression worse by 7958234.5 (84.5307%); decompression confidence is inconclusive; decompression point estimate worse by 693012.5 (7.86156%); memory worse by 1148928 (42.054%)
gzip-6,gzip-6,balanced,validation,datasets/data/corpus-completion/validation/geoserver-2.28.2/natural_earth.gpkg,4288512,1807274,2014897,368142467,3692013245.5,65450610.5,418746667.5,1953792,24393728,false,false,false,false,0,confirmed,true,true,1,file,validation-v4-final-binary,local-x86-64,x86_64,36f84685dc00064dae9a239face7e8eff797ed28,eb89ca9bad1783e5aada0b0b7b949e1097f0f3dfb84dcd87dd1006670a8e8e5e,1297748005,gnu-time-v1-monotonic-wall,3b11dec50514a8473e9f6efa7a34d584d0657538c09988f61b72d38ad4991a10,validation,validation-geoserver-2-28-2-natural-earth-gpkg,141750d37ba1d561eab77700e5d9da197f768ac296bf4b2bc01070071c286433,1,mathsvg,balanced-v1,70bb1e0dd999f0b072e68b38dc1ccb8bfc77175771bc5f1175f649a0aafa789e,8f1ca1238a4c2d6495b7cff729ce6ecb34da3f844a557ea7b90b0d9d52a10787,complete,bf920ab8461c6c60c8cc32db3d853f55655e60793cf7f64068847ad56c2b2e67,afea077ce127d4fa9ad410d3066ba2b54dea19c0b44f04adf56c72d5f7b7a9bb,complete,confirmed,confirmed,confirmed,confirmed,fail,false,size worse by 207623 (11.4882%); compression worse by 3323870778.5 (902.876%); decompression worse by 353296057 (539.79%); memory worse by 22439936 (1148.53%)
lz4,lz4,balanced,validation,datasets/data/corpus-completion/validation/geoserver-2.28.2/natural_earth.gpkg,4288512,2429144,2014897,33984048.5,3692013245.5,34013811.5,418746667.5,8292352,24393728,true,false,false,false,1,confirmed,true,true,1,file,validation-v4-final-binary,local-x86-64,x86_64,36f84685dc00064dae9a239face7e8eff797ed28,eb89ca9bad1783e5aada0b0b7b949e1097f0f3dfb84dcd87dd1006670a8e8e5e,1297748005,gnu-time-v1-monotonic-wall,3b11dec50514a8473e9f6efa7a34d584d0657538c09988f61b72d38ad4991a10,validation,validation-geoserver-2-28-2-natural-earth-gpkg,141750d37ba1d561eab77700e5d9da197f768ac296bf4b2bc01070071c286433,1,mathsvg,balanced-v1,70bb1e0dd999f0b072e68b38dc1ccb8bfc77175771bc5f1175f649a0aafa789e,8f1ca1238a4c2d6495b7cff729ce6ecb34da3f844a557ea7b90b0d9d52a10787,complete,56c1b7390551d55bb056da7122b41ac3f7e4459570e4627ac278f7c91d669491,87c0d5d060fd36c685b98a38611b7bd6c4614d40b36d29be84edcd6c173f8160,complete,confirmed,confirmed,confirmed,confirmed,fail,false,compression worse by 3658029197 (10764%); decompression worse by 384732856 (1131.11%); memory worse by 16101376 (194.171%)
xz-9e,xz-9e,balanced,validation,datasets/data/corpus-completion/validation/geoserver-2.28.2/natural_earth.gpkg,4288512,1155624,2014897,2946585316,3692013245.5,166562829.5,418746667.5,108314624,24393728,false,false,false,true,1,confirmed,true,true,1,file,validation-v4-final-binary,local-x86-64,x86_64,36f84685dc00064dae9a239face7e8eff797ed28,eb89ca9bad1783e5aada0b0b7b949e1097f0f3dfb84dcd87dd1006670a8e8e5e,1297748005,gnu-time-v1-monotonic-wall,3b11dec50514a8473e9f6efa7a34d584d0657538c09988f61b72d38ad4991a10,validation,validation-geoserver-2-28-2-natural-earth-gpkg,141750d37ba1d561eab77700e5d9da197f768ac296bf4b2bc01070071c286433,1,mathsvg,balanced-v1,70bb1e0dd999f0b072e68b38dc1ccb8bfc77175771bc5f1175f649a0aafa789e,8f1ca1238a4c2d6495b7cff729ce6ecb34da3f844a557ea7b90b0d9d52a10787,complete,1bd3a8a1a914bf55087f30b641adcacaac8d04f2cc5a9c21f3668bf2f6727da6,b5b163eb273291934556377ab883b4b2a5d4da50bd0dc0a91774ecc234ccd8d0,complete,confirmed,confirmed,confirmed,confirmed,fail,false,size worse by 859273 (74.3558%); compression worse by 745427929.5 (25.298%); decompression worse by 252183838 (151.405%)
zstd-default,zstd-default,balanced,validation,datasets/data/corpus-completion/validation/geoserver-2.28.2/natural_earth.gpkg,4288512,1781496,2014897,115602089,3692013245.5,33677372.5,418746667.5,10708992,24393728,false,false,false,false,0,confirmed,true,true,1,file,validation-v4-final-binary,local-x86-64,x86_64,36f84685dc00064dae9a239face7e8eff797ed28,eb89ca9bad1783e5aada0b0b7b949e1097f0f3dfb84dcd87dd1006670a8e8e5e,1297748005,gnu-time-v1-monotonic-wall,3b11dec50514a8473e9f6efa7a34d584d0657538c09988f61b72d38ad4991a10,validation,validation-geoserver-2-28-2-natural-earth-gpkg,141750d37ba1d561eab77700e5d9da197f768ac296bf4b2bc01070071c286433,1,mathsvg,balanced-v1,70bb1e0dd999f0b072e68b38dc1ccb8bfc77175771bc5f1175f649a0aafa789e,8f1ca1238a4c2d6495b7cff729ce6ecb34da3f844a557ea7b90b0d9d52a10787,complete,8afdee0e1fe04f0a9c92a00ebbd438b50004de9dcdf47ce697a89ac0bdae40a5,7c5468b370f7c47eda07281e3437fafc568f95d10420051e3aa522709f9342c5,complete,confirmed,confirmed,confirmed,confirmed,fail,false,size worse by 233401 (13.1014%); compression worse by 3576411156.5 (3093.73%); decompression worse by 385069295 (1143.41%); memory worse by 13684736 (127.787%)
gzip-6,gzip-6,balanced,validation,datasets/data/corpus-completion/validation/gnu/gnulib-20250729.bundle,64282180,58188288,58950239,2880752053,68617083923.5,673596858.5,7583695316,1953792,27484160,false,false,false,false,0,confirmed,true,true,1,file,validation-v4-final-binary,local-x86-64,x86_64,36f84685dc00064dae9a239face7e8eff797ed28,eb89ca9bad1783e5aada0b0b7b949e1097f0f3dfb84dcd87dd1006670a8e8e5e,1297748005,gnu-time-v1-monotonic-wall,3b11dec50514a8473e9f6efa7a34d584d0657538c09988f61b72d38ad4991a10,validation,validation-gnu-gnulib-20250729-git-bundle,f01e423a7ef6b48e947fabd24bb11744204f4549342416e15dc64f427caa32e2,1,mathsvg,balanced-v1,70bb1e0dd999f0b072e68b38dc1ccb8bfc77175771bc5f1175f649a0aafa789e,8f1ca1238a4c2d6495b7cff729ce6ecb34da3f844a557ea7b90b0d9d52a10787,complete,bf920ab8461c6c60c8cc32db3d853f55655e60793cf7f64068847ad56c2b2e67,afea077ce127d4fa9ad410d3066ba2b54dea19c0b44f04adf56c72d5f7b7a9bb,complete,confirmed,confirmed,confirmed,confirmed,fail,false,size worse by 761951 (1.30946%); compression worse by 65736331870.5 (2281.92%); decompression worse by 6910098457.5 (1025.85%); memory worse by 25530368 (1306.71%)
lz4,lz4,balanced,validation,datasets/data/corpus-completion/validation/gnu/gnulib-20250729.bundle,64282180,60446608,58950239,216991293.5,68617083923.5,168902387.5,7583695316,9975808,27484160,true,false,false,false,1,confirmed,true,true,1,file,validation-v4-final-binary,local-x86-64,x86_64,36f84685dc00064dae9a239face7e8eff797ed28,eb89ca9bad1783e5aada0b0b7b949e1097f0f3dfb84dcd87dd1006670a8e8e5e,1297748005,gnu-time-v1-monotonic-wall,3b11dec50514a8473e9f6efa7a34d584d0657538c09988f61b72d38ad4991a10,validation,validation-gnu-gnulib-20250729-git-bundle,f01e423a7ef6b48e947fabd24bb11744204f4549342416e15dc64f427caa32e2,1,mathsvg,balanced-v1,70bb1e0dd999f0b072e68b38dc1ccb8bfc77175771bc5f1175f649a0aafa789e,8f1ca1238a4c2d6495b7cff729ce6ecb34da3f844a557ea7b90b0d9d52a10787,complete,56c1b7390551d55bb056da7122b41ac3f7e4459570e4627ac278f7c91d669491,87c0d5d060fd36c685b98a38611b7bd6c4614d40b36d29be84edcd6c173f8160,complete,confirmed,confirmed,confirmed,confirmed,fail,false,compression worse by 68400092630 (31522%); decompression worse by 7414792928.5 (4389.99%); memory worse by 17508352 (175.508%)
xz-9e,xz-9e,balanced,validation,datasets/data/corpus-completion/validation/gnu/gnulib-20250729.bundle,64282180,55940184,58950239,45113706321.5,68617083923.5,4601116097,7583695316,647796736,27484160,false,false,false,true,1,confirmed,true,true,1,file,validation-v4-final-binary,local-x86-64,x86_64,36f84685dc00064dae9a239face7e8eff797ed28,eb89ca9bad1783e5aada0b0b7b949e1097f0f3dfb84dcd87dd1006670a8e8e5e,1297748005,gnu-time-v1-monotonic-wall,3b11dec50514a8473e9f6efa7a34d584d0657538c09988f61b72d38ad4991a10,validation,validation-gnu-gnulib-20250729-git-bundle,f01e423a7ef6b48e947fabd24bb11744204f4549342416e15dc64f427caa32e2,1,mathsvg,balanced-v1,70bb1e0dd999f0b072e68b38dc1ccb8bfc77175771bc5f1175f649a0aafa789e,8f1ca1238a4c2d6495b7cff729ce6ecb34da3f844a557ea7b90b0d9d52a10787,complete,1bd3a8a1a914bf55087f30b641adcacaac8d04f2cc5a9c21f3668bf2f6727da6,b5b163eb273291934556377ab883b4b2a5d4da50bd0dc0a91774ecc234ccd8d0,complete,confirmed,confirmed,confirmed,confirmed,fail,false,size worse by 3010055 (5.38085%); compression worse by 23503377602 (52.0981%); decompression worse by 2982579219 (64.823%)
zstd-default,zstd-default,balanced,validation,datasets/data/corpus-completion/validation/gnu/gnulib-20250729.bundle,64282180,58291786,58950239,619194345.5,68617083923.5,116933491.5,7583695316,55142400,27484160,false,false,false,true,1,confirmed,true,true,1,file,validation-v4-final-binary,local-x86-64,x86_64,36f84685dc00064dae9a239face7e8eff797ed28,eb89ca9bad1783e5aada0b0b7b949e1097f0f3dfb84dcd87dd1006670a8e8e5e,1297748005,gnu-time-v1-monotonic-wall,3b11dec50514a8473e9f6efa7a34d584d0657538c09988f61b72d38ad4991a10,validation,validation-gnu-gnulib-20250729-git-bundle,f01e423a7ef6b48e947fabd24bb11744204f4549342416e15dc64f427caa32e2,1,mathsvg,balanced-v1,70bb1e0dd999f0b072e68b38dc1ccb8bfc77175771bc5f1175f649a0aafa789e,8f1ca1238a4c2d6495b7cff729ce6ecb34da3f844a557ea7b90b0d9d52a10787,complete,8afdee0e1fe04f0a9c92a00ebbd438b50004de9dcdf47ce697a89ac0bdae40a5,7c5468b370f7c47eda07281e3437fafc568f95d10420051e3aa522709f9342c5,complete,confirmed,confirmed,confirmed,confirmed,fail,false,size worse by 658453 (1.12958%); compression worse by 67997889578 (10981.7%); decompression worse by 7466761824.5 (6385.48%)
gzip-6,gzip-6,balanced,validation,datasets/data/corpus-completion/validation/idc-cptac-sar/e740f507-0387-4d39-a09c-8527fac58c52.dcm,133552,68239,78655,17705073.5,166765697,9574724,33646534.5,1822720,5771264,false,false,false,false,0,confirmed,true,true,1,file,validation-v4-final-binary,local-x86-64,x86_64,36f84685dc00064dae9a239face7e8eff797ed28,eb89ca9bad1783e5aada0b0b7b949e1097f0f3dfb84dcd87dd1006670a8e8e5e,1297748005,gnu-time-v1-monotonic-wall,3b11dec50514a8473e9f6efa7a34d584d0657538c09988f61b72d38ad4991a10,validation,validation-idc-cptac-sar-ct-dicom,1470b19381a0b28d1937ab9a8b443db3b4c6df22b13d792adc9e0639cae88e62,1,mathsvg,balanced-v1,70bb1e0dd999f0b072e68b38dc1ccb8bfc77175771bc5f1175f649a0aafa789e,8f1ca1238a4c2d6495b7cff729ce6ecb34da3f844a557ea7b90b0d9d52a10787,complete,bf920ab8461c6c60c8cc32db3d853f55655e60793cf7f64068847ad56c2b2e67,afea077ce127d4fa9ad410d3066ba2b54dea19c0b44f04adf56c72d5f7b7a9bb,complete,confirmed,confirmed,confirmed,confirmed,fail,false,size worse by 10416 (15.264%); compression worse by 149060623.5 (841.909%); decompression worse by 24071810.5 (251.41%); memory worse by 3948544 (216.629%)
lz4,lz4,balanced,validation,datasets/data/corpus-completion/validation/idc-cptac-sar/e740f507-0387-4d39-a09c-8527fac58c52.dcm,133552,101698,78655,9245043.5,166765697,9171609.5,33646534.5,1857536,5771264,true,false,false,false,1,confirmed,true,true,1,file,validation-v4-final-binary,local-x86-64,x86_64,36f84685dc00064dae9a239face7e8eff797ed28,eb89ca9bad1783e5aada0b0b7b949e1097f0f3dfb84dcd87dd1006670a8e8e5e,1297748005,gnu-time-v1-monotonic-wall,3b11dec50514a8473e9f6efa7a34d584d0657538c09988f61b72d38ad4991a10,validation,validation-idc-cptac-sar-ct-dicom,1470b19381a0b28d1937ab9a8b443db3b4c6df22b13d792adc9e0639cae88e62,1,mathsvg,balanced-v1,70bb1e0dd999f0b072e68b38dc1ccb8bfc77175771bc5f1175f649a0aafa789e,8f1ca1238a4c2d6495b7cff729ce6ecb34da3f844a557ea7b90b0d9d52a10787,complete,56c1b7390551d55bb056da7122b41ac3f7e4459570e4627ac278f7c91d669491,87c0d5d060fd36c685b98a38611b7bd6c4614d40b36d29be84edcd6c173f8160,complete,confirmed,confirmed,confirmed,confirmed,fail,false,compression worse by 157520653.5 (1703.84%); decompression worse by 24474925 (266.855%); memory worse by 3913728 (210.695%)
xz-9e,xz-9e,balanced,validation,datasets/data/corpus-completion/validation/idc-cptac-sar/e740f507-0387-4d39-a09c-8527fac58c52.dcm,133552,55692,78655,216149132.5,166765697,18365530.5,33646534.5,43696128,5771264,false,true,false,true,2,confirmed,true,true,1,file,validation-v4-final-binary,local-x86-64,x86_64,36f84685dc00064dae9a239face7e8eff797ed28,eb89ca9bad1783e5aada0b0b7b949e1097f0f3dfb84dcd87dd1006670a8e8e5e,1297748005,gnu-time-v1-monotonic-wall,3b11dec50514a8473e9f6efa7a34d584d0657538c09988f61b72d38ad4991a10,validation,validation-idc-cptac-sar-ct-dicom,1470b19381a0b28d1937ab9a8b443db3b4c6df22b13d792adc9e0639cae88e62,1,mathsvg,balanced-v1,70bb1e0dd999f0b072e68b38dc1ccb8bfc77175771bc5f1175f649a0aafa789e,8f1ca1238a4c2d6495b7cff729ce6ecb34da3f844a557ea7b90b0d9d52a10787,complete,1bd3a8a1a914bf55087f30b641adcacaac8d04f2cc5a9c21f3668bf2f6727da6,b5b163eb273291934556377ab883b4b2a5d4da50bd0dc0a91774ecc234ccd8d0,complete,confirmed,confirmed,confirmed,confirmed,fail,false,size worse by 22963 (41.2321%); decompression worse by 15281004 (83.2048%)
zstd-default,zstd-default,balanced,validation,datasets/data/corpus-completion/validation/idc-cptac-sar/e740f507-0387-4d39-a09c-8527fac58c52.dcm,133552,68208,78655,17081669,166765697,9588126,33646534.5,3579904,5771264,false,false,false,false,0,confirmed,true,true,1,file,validation-v4-final-binary,local-x86-64,x86_64,36f84685dc00064dae9a239face7e8eff797ed28,eb89ca9bad1783e5aada0b0b7b949e1097f0f3dfb84dcd87dd1006670a8e8e5e,1297748005,gnu-time-v1-monotonic-wall,3b11dec50514a8473e9f6efa7a34d584d0657538c09988f61b72d38ad4991a10,validation,validation-idc-cptac-sar-ct-dicom,1470b19381a0b28d1937ab9a8b443db3b4c6df22b13d792adc9e0639cae88e62,1,mathsvg,balanced-v1,70bb1e0dd999f0b072e68b38dc1ccb8bfc77175771bc5f1175f649a0aafa789e,8f1ca1238a4c2d6495b7cff729ce6ecb34da3f844a557ea7b90b0d9d52a10787,complete,8afdee0e1fe04f0a9c92a00ebbd438b50004de9dcdf47ce697a89ac0bdae40a5,7c5468b370f7c47eda07281e3437fafc568f95d10420051e3aa522709f9342c5,complete,confirmed,confirmed,confirmed,confirmed,fail,false,size worse by 10447 (15.3164%); compression worse by 149684028 (876.285%); decompression worse by 24058408.5 (250.919%); memory worse by 2191360 (61.2128%)
gzip-6,gzip-6,balanced,validation,datasets/data/corpus-completion/validation/linux-v6.10/kernel/sched/core.c,315511,89478,116708,33366495.5,267948075.5,9249658,36089258.5,1822720,8736768,false,false,false,false,0,confirmed,true,true,1,file,validation-v4-final-binary,local-x86-64,x86_64,36f84685dc00064dae9a239face7e8eff797ed28,eb89ca9bad1783e5aada0b0b7b949e1097f0f3dfb84dcd87dd1006670a8e8e5e,1297748005,gnu-time-v1-monotonic-wall,3b11dec50514a8473e9f6efa7a34d584d0657538c09988f61b72d38ad4991a10,validation,validation-linux-v6-10-kernel-sched-core-c,d9f511f3ea2902bf1f5e583e12b5e988e80f012f268bf79be4f9f88357fd81fa,1,mathsvg,balanced-v1,70bb1e0dd999f0b072e68b38dc1ccb8bfc77175771bc5f1175f649a0aafa789e,8f1ca1238a4c2d6495b7cff729ce6ecb34da3f844a557ea7b90b0d9d52a10787,complete,bf920ab8461c6c60c8cc32db3d853f55655e60793cf7f64068847ad56c2b2e67,afea077ce127d4fa9ad410d3066ba2b54dea19c0b44f04adf56c72d5f7b7a9bb,complete,confirmed,confirmed,confirmed,confirmed,fail,false,size worse by 27230 (30.4321%); compression worse by 234581580 (703.045%); decompression worse by 26839600.5 (290.169%); memory worse by 6914048 (379.326%)
lz4,lz4,balanced,validation,datasets/data/corpus-completion/validation/linux-v6.10/kernel/sched/core.c,315511,145460,116708,9784103.5,267948075.5,9651973,36089258.5,2134016,8736768,true,false,false,false,1,confirmed,true,true,1,file,validation-v4-final-binary,local-x86-64,x86_64,36f84685dc00064dae9a239face7e8eff797ed28,eb89ca9bad1783e5aada0b0b7b949e1097f0f3dfb84dcd87dd1006670a8e8e5e,1297748005,gnu-time-v1-monotonic-wall,3b11dec50514a8473e9f6efa7a34d584d0657538c09988f61b72d38ad4991a10,validation,validation-linux-v6-10-kernel-sched-core-c,d9f511f3ea2902bf1f5e583e12b5e988e80f012f268bf79be4f9f88357fd81fa,1,mathsvg,balanced-v1,70bb1e0dd999f0b072e68b38dc1ccb8bfc77175771bc5f1175f649a0aafa789e,8f1ca1238a4c2d6495b7cff729ce6ecb34da3f844a557ea7b90b0d9d52a10787,complete,56c1b7390551d55bb056da7122b41ac3f7e4459570e4627ac278f7c91d669491,87c0d5d060fd36c685b98a38611b7bd6c4614d40b36d29be84edcd6c173f8160,complete,confirmed,confirmed,confirmed,confirmed,fail,false,compression worse by 258163972 (2638.61%); decompression worse by 26437285.5 (273.906%); memory worse by 6602752 (309.405%)
xz-9e,xz-9e,balanced,validation,datasets/data/corpus-completion/validation/linux-v6.10/kernel/sched/core.c,315511,75488,116708,268435460.5,267948075.5,17537409,36089258.5,46186496,8736768,false,true,false,true,2,inconclusive,true,true,1,file,validation-v4-final-binary,local-x86-64,x86_64,36f84685dc00064dae9a239face7e8eff797ed28,eb89ca9bad1783e5aada0b0b7b949e1097f0f3dfb84dcd87dd1006670a8e8e5e,1297748005,gnu-time-v1-monotonic-wall,3b11dec50514a8473e9f6efa7a34d584d0657538c09988f61b72d38ad4991a10,validation,validation-linux-v6-10-kernel-sched-core-c,d9f511f3ea2902bf1f5e583e12b5e988e80f012f268bf79be4f9f88357fd81fa,1,mathsvg,balanced-v1,70bb1e0dd999f0b072e68b38dc1ccb8bfc77175771bc5f1175f649a0aafa789e,8f1ca1238a4c2d6495b7cff729ce6ecb34da3f844a557ea7b90b0d9d52a10787,complete,1bd3a8a1a914bf55087f30b641adcacaac8d04f2cc5a9c21f3668bf2f6727da6,b5b163eb273291934556377ab883b4b2a5d4da50bd0dc0a91774ecc234ccd8d0,complete,confirmed,inconclusive,confirmed,confirmed,inconclusive,false,size worse by 41220 (54.6047%); compression confidence is inconclusive; decompression worse by 18551849.5 (105.784%)
zstd-default,zstd-default,balanced,validation,datasets/data/corpus-completion/validation/linux-v6.10/kernel/sched/core.c,315511,92225,116708,17339266.5,267948075.5,17013947,36089258.5,4073472,8736768,false,false,false,false,0,confirmed,true,true,1,file,validation-v4-final-binary,local-x86-64,x86_64,36f84685dc00064dae9a239face7e8eff797ed28,eb89ca9bad1783e5aada0b0b7b949e1097f0f3dfb84dcd87dd1006670a8e8e5e,1297748005,gnu-time-v1-monotonic-wall,3b11dec50514a8473e9f6efa7a34d584d0657538c09988f61b72d38ad4991a10,validation,validation-linux-v6-10-kernel-sched-core-c,d9f511f3ea2902bf1f5e583e12b5e988e80f012f268bf79be4f9f88357fd81fa,1,mathsvg,balanced-v1,70bb1e0dd999f0b072e68b38dc1ccb8bfc77175771bc5f1175f649a0aafa789e,8f1ca1238a4c2d6495b7cff729ce6ecb34da3f844a557ea7b90b0d9d52a10787,complete,8afdee0e1fe04f0a9c92a00ebbd438b50004de9dcdf47ce697a89ac0bdae40a5,7c5468b370f7c47eda07281e3437fafc568f95d10420051e3aa522709f9342c5,complete,confirmed,confirmed,confirmed,confirmed,fail,false,size worse by 24483 (26.547%); compression worse by 250608809 (1445.33%); decompression worse by 19075311.5 (112.116%); memory worse by 4663296 (114.48%)
gzip-6,gzip-6,balanced,validation,datasets/data/corpus-completion/validation/llvm-18.1.8/llvm/lib/IR/Function.cpp,72100,15686,20721,8917104.5,65959217.5,8880988,17180041,1691648,4636672,false,false,false,false,0,confirmed,true,true,1,file,validation-v4-final-binary,local-x86-64,x86_64,36f84685dc00064dae9a239face7e8eff797ed28,eb89ca9bad1783e5aada0b0b7b949e1097f0f3dfb84dcd87dd1006670a8e8e5e,1297748005,gnu-time-v1-monotonic-wall,3b11dec50514a8473e9f6efa7a34d584d0657538c09988f61b72d38ad4991a10,validation,validation-llvm-18-1-8-function-cpp,60d7d14f5fb19b05919b5fa5e2f9f8160c2f5180d593459d603f9432b908bcfc,1,mathsvg,balanced-v1,70bb1e0dd999f0b072e68b38dc1ccb8bfc77175771bc5f1175f649a0aafa789e,8f1ca1238a4c2d6495b7cff729ce6ecb34da3f844a557ea7b90b0d9d52a10787,complete,bf920ab8461c6c60c8cc32db3d853f55655e60793cf7f64068847ad56c2b2e67,afea077ce127d4fa9ad410d3066ba2b54dea19c0b44f04adf56c72d5f7b7a9bb,complete,confirmed,confirmed,confirmed,confirmed,fail,false,size worse by 5035 (32.0987%); compression worse by 57042113 (639.693%); decompression worse by 8299053 (93.4474%); memory worse by 2945024 (174.092%)
lz4,lz4,balanced,validation,datasets/data/corpus-completion/validation/llvm-18.1.8/llvm/lib/IR/Function.cpp,72100,24669,20721,8883800,65959217.5,8872769,17180041,1871872,4636672,true,false,false,false,1,confirmed,true,true,1,file,validation-v4-final-binary,local-x86-64,x86_64,36f84685dc00064dae9a239face7e8eff797ed28,eb89ca9bad1783e5aada0b0b7b949e1097f0f3dfb84dcd87dd1006670a8e8e5e,1297748005,gnu-time-v1-monotonic-wall,3b11dec50514a8473e9f6efa7a34d584d0657538c09988f61b72d38ad4991a10,validation,validation-llvm-18-1-8-function-cpp,60d7d14f5fb19b05919b5fa5e2f9f8160c2f5180d593459d603f9432b908bcfc,1,mathsvg,balanced-v1,70bb1e0dd999f0b072e68b38dc1ccb8bfc77175771bc5f1175f649a0aafa789e,8f1ca1238a4c2d6495b7cff729ce6ecb34da3f844a557ea7b90b0d9d52a10787,complete,56c1b7390551d55bb056da7122b41ac3f7e4459570e4627ac278f7c91d669491,87c0d5d060fd36c685b98a38611b7bd6c4614d40b36d29be84edcd6c173f8160,complete,confirmed,confirmed,confirmed,confirmed,fail,false,compression worse by 57075417.5 (642.466%); decompression worse by 8307272 (93.6266%); memory worse by 2764800 (147.702%)
xz-9e,xz-9e,balanced,validation,datasets/data/corpus-completion/validation/llvm-18.1.8/llvm/lib/IR/Function.cpp,72100,14528,20721,115909704.5,65959217.5,9079289,17180041,28753920,4636672,false,true,false,true,2,confirmed,true,true,1,file,validation-v4-final-binary,local-x86-64,x86_64,36f84685dc00064dae9a239face7e8eff797ed28,eb89ca9bad1783e5aada0b0b7b949e1097f0f3dfb84dcd87dd1006670a8e8e5e,1297748005,gnu-time-v1-monotonic-wall,3b11dec50514a8473e9f6efa7a34d584d0657538c09988f61b72d38ad4991a10,validation,validation-llvm-18-1-8-function-cpp,60d7d14f5fb19b05919b5fa5e2f9f8160c2f5180d593459d603f9432b908bcfc,1,mathsvg,balanced-v1,70bb1e0dd999f0b072e68b38dc1ccb8bfc77175771bc5f1175f649a0aafa789e,8f1ca1238a4c2d6495b7cff729ce6ecb34da3f844a557ea7b90b0d9d52a10787,complete,1bd3a8a1a914bf55087f30b641adcacaac8d04f2cc5a9c21f3668bf2f6727da6,b5b163eb273291934556377ab883b4b2a5d4da50bd0dc0a91774ecc234ccd8d0,complete,confirmed,confirmed,confirmed,confirmed,fail,false,size worse by 6193 (42.628%); decompression worse by 8100752 (89.2223%)
zstd-default,zstd-default,balanced,validation,datasets/data/corpus-completion/validation/llvm-18.1.8/llvm/lib/IR/Function.cpp,72100,16905,20721,8839003,65959217.5,8758251.5,17180041,3049472,4636672,false,false,false,false,0,confirmed,true,true,1,file,validation-v4-final-binary,local-x86-64,x86_64,36f84685dc00064dae9a239face7e8eff797ed28,eb89ca9bad1783e5aada0b0b7b949e1097f0f3dfb84dcd87dd1006670a8e8e5e,1297748005,gnu-time-v1-monotonic-wall,3b11dec50514a8473e9f6efa7a34d584d0657538c09988f61b72d38ad4991a10,validation,validation-llvm-18-1-8-function-cpp,60d7d14f5fb19b05919b5fa5e2f9f8160c2f5180d593459d603f9432b908bcfc,1,mathsvg,balanced-v1,70bb1e0dd999f0b072e68b38dc1ccb8bfc77175771bc5f1175f649a0aafa789e,8f1ca1238a4c2d6495b7cff729ce6ecb34da3f844a557ea7b90b0d9d52a10787,complete,8afdee0e1fe04f0a9c92a00ebbd438b50004de9dcdf47ce697a89ac0bdae40a5,7c5468b370f7c47eda07281e3437fafc568f95d10420051e3aa522709f9342c5,complete,confirmed,confirmed,confirmed,confirmed,fail,false,size worse by 3816 (22.5732%); compression worse by 57120214.5 (646.229%); decompression worse by 8421789.5 (96.1583%); memory worse by 1587200 (52.0484%)
gzip-6,gzip-6,balanced,validation,datasets/data/corpus-completion/validation/nasa-fits/FOSy19g0309t_c2f.fits,43200,19546,21706,9103245,65897191.5,8833563,17260931,1691648,4372480,false,false,false,false,0,confirmed,true,true,1,file,validation-v4-final-binary,local-x86-64,x86_64,36f84685dc00064dae9a239face7e8eff797ed28,eb89ca9bad1783e5aada0b0b7b949e1097f0f3dfb84dcd87dd1006670a8e8e5e,1297748005,gnu-time-v1-monotonic-wall,3b11dec50514a8473e9f6efa7a34d584d0657538c09988f61b72d38ad4991a10,validation,validation-nasa-hst-fos-y19g0309t-fits,059710c4f988f6319e0146f932a68a0ec6ba09d82293b978a294da0c58281086,1,mathsvg,balanced-v1,70bb1e0dd999f0b072e68b38dc1ccb8bfc77175771bc5f1175f649a0aafa789e,8f1ca1238a4c2d6495b7cff729ce6ecb34da3f844a557ea7b90b0d9d52a10787,complete,bf920ab8461c6c60c8cc32db3d853f55655e60793cf7f64068847ad56c2b2e67,afea077ce127d4fa9ad410d3066ba2b54dea19c0b44f04adf56c72d5f7b7a9bb,complete,confirmed,confirmed,confirmed,confirmed,fail,false,size worse by 2160 (11.0509%); compression worse by 56793946.5 (623.887%); decompression worse by 8427368 (95.4017%); memory worse by 2680832 (158.475%)
lz4,lz4,balanced,validation,datasets/data/corpus-completion/validation/nasa-fits/FOSy19g0309t_c2f.fits,43200,23317,21706,8846925.5,65897191.5,8712138,17260931,1740800,4372480,true,false,false,false,1,confirmed,true,true,1,file,validation-v4-final-binary,local-x86-64,x86_64,36f84685dc00064dae9a239face7e8eff797ed28,eb89ca9bad1783e5aada0b0b7b949e1097f0f3dfb84dcd87dd1006670a8e8e5e,1297748005,gnu-time-v1-monotonic-wall,3b11dec50514a8473e9f6efa7a34d584d0657538c09988f61b72d38ad4991a10,validation,validation-nasa-hst-fos-y19g0309t-fits,059710c4f988f6319e0146f932a68a0ec6ba09d82293b978a294da0c58281086,1,mathsvg,balanced-v1,70bb1e0dd999f0b072e68b38dc1ccb8bfc77175771bc5f1175f649a0aafa789e,8f1ca1238a4c2d6495b7cff729ce6ecb34da3f844a557ea7b90b0d9d52a10787,complete,56c1b7390551d55bb056da7122b41ac3f7e4459570e4627ac278f7c91d669491,87c0d5d060fd36c685b98a38611b7bd6c4614d40b36d29be84edcd6c173f8160,complete,confirmed,confirmed,confirmed,confirmed,fail,false,compression worse by 57050266 (644.86%); decompression worse by 8548793 (98.1251%); memory worse by 2631680 (151.176%)
xz-9e,xz-9e,balanced,validation,datasets/data/corpus-completion/validation/nasa-fits/FOSy19g0309t_c2f.fits,43200,16732,21706,167136414.5,65897191.5,9723544,17260931,47495168,4372480,false,true,false,true,2,confirmed,true,true,1,file,validation-v4-final-binary,local-x86-64,x86_64,36f84685dc00064dae9a239face7e8eff797ed28,eb89ca9bad1783e5aada0b0b7b949e1097f0f3dfb84dcd87dd1006670a8e8e5e,1297748005,gnu-time-v1-monotonic-wall,3b11dec50514a8473e9f6efa7a34d584d0657538c09988f61b72d38ad4991a10,validation,validation-nasa-hst-fos-y19g0309t-fits,059710c4f988f6319e0146f932a68a0ec6ba09d82293b978a294da0c58281086,1,mathsvg,balanced-v1,70bb1e0dd999f0b072e68b38dc1ccb8bfc77175771bc5f1175f649a0aafa789e,8f1ca1238a4c2d6495b7cff729ce6ecb34da3f844a557ea7b90b0d9d52a10787,complete,1bd3a8a1a914bf55087f30b641adcacaac8d04f2cc5a9c21f3668bf2f6727da6,b5b163eb273291934556377ab883b4b2a5d4da50bd0dc0a91774ecc234ccd8d0,complete,confirmed,confirmed,confirmed,confirmed,fail,false,size worse by 4974 (29.7275%); decompression worse by 7537387 (77.5169%)
zstd-default,zstd-default,balanced,validation,datasets/data/corpus-completion/validation/nasa-fits/FOSy19g0309t_c2f.fits,43200,19989,21706,8953575.5,65897191.5,8674115,17260931,2916352,4372480,false,false,false,false,0,confirmed,true,true,1,file,validation-v4-final-binary,local-x86-64,x86_64,36f84685dc00064dae9a239face7e8eff797ed28,eb89ca9bad1783e5aada0b0b7b949e1097f0f3dfb84dcd87dd1006670a8e8e5e,1297748005,gnu-time-v1-monotonic-wall,3b11dec50514a8473e9f6efa7a34d584d0657538c09988f61b72d38ad4991a10,validation,validation-nasa-hst-fos-y19g0309t-fits,059710c4f988f6319e0146f932a68a0ec6ba09d82293b978a294da0c58281086,1,mathsvg,balanced-v1,70bb1e0dd999f0b072e68b38dc1ccb8bfc77175771bc5f1175f649a0aafa789e,8f1ca1238a4c2d6495b7cff729ce6ecb34da3f844a557ea7b90b0d9d52a10787,complete,8afdee0e1fe04f0a9c92a00ebbd438b50004de9dcdf47ce697a89ac0bdae40a5,7c5468b370f7c47eda07281e3437fafc568f95d10420051e3aa522709f9342c5,complete,confirmed,confirmed,confirmed,confirmed,fail,false,size worse by 1717 (8.58972%); compression worse by 56943616 (635.987%); decompression worse by 8586816 (98.9936%); memory worse by 1456128 (49.9298%)
gzip-6,gzip-6,balanced,validation,datasets/data/corpus-completion/validation/nyc-tlc/yellow_tripdata_2020-04.parquet,4442620,4423871,4432272,217258599,4016396939.5,66531826.5,418785032,1953792,27541504,false,false,false,false,0,confirmed,true,true,1,file,validation-v4-final-binary,local-x86-64,x86_64,36f84685dc00064dae9a239face7e8eff797ed28,eb89ca9bad1783e5aada0b0b7b949e1097f0f3dfb84dcd87dd1006670a8e8e5e,1297748005,gnu-time-v1-monotonic-wall,3b11dec50514a8473e9f6efa7a34d584d0657538c09988f61b72d38ad4991a10,validation,validation-nyc-tlc-yellow-trip-2020-04-parquet,3104e1e5548ade630988a4a8b9ec76c51a057b88159f78676c7d344f48491450,1,mathsvg,balanced-v1,70bb1e0dd999f0b072e68b38dc1ccb8bfc77175771bc5f1175f649a0aafa789e,8f1ca1238a4c2d6495b7cff729ce6ecb34da3f844a557ea7b90b0d9d52a10787,complete,bf920ab8461c6c60c8cc32db3d853f55655e60793cf7f64068847ad56c2b2e67,afea077ce127d4fa9ad410d3066ba2b54dea19c0b44f04adf56c72d5f7b7a9bb,complete,confirmed,confirmed,confirmed,confirmed,fail,false,size worse by 8401 (0.189902%); compression worse by 3799138340.5 (1748.67%); decompression worse by 352253205.5 (529.451%); memory worse by 25587712 (1309.64%)
lz4,lz4,balanced,validation,datasets/data/corpus-completion/validation/nyc-tlc/yellow_tripdata_2020-04.parquet,4442620,4438092,4432272,33212672.5,4016396939.5,17240687.5,418785032,9959424,27541504,true,false,false,false,1,confirmed,true,true,1,file,validation-v4-final-binary,local-x86-64,x86_64,36f84685dc00064dae9a239face7e8eff797ed28,eb89ca9bad1783e5aada0b0b7b949e1097f0f3dfb84dcd87dd1006670a8e8e5e,1297748005,gnu-time-v1-monotonic-wall,3b11dec50514a8473e9f6efa7a34d584d0657538c09988f61b72d38ad4991a10,validation,validation-nyc-tlc-yellow-trip-2020-04-parquet,3104e1e5548ade630988a4a8b9ec76c51a057b88159f78676c7d344f48491450,1,mathsvg,balanced-v1,70bb1e0dd999f0b072e68b38dc1ccb8bfc77175771bc5f1175f649a0aafa789e,8f1ca1238a4c2d6495b7cff729ce6ecb34da3f844a557ea7b90b0d9d52a10787,complete,56c1b7390551d55bb056da7122b41ac3f7e4459570e4627ac278f7c91d669491,87c0d5d060fd36c685b98a38611b7bd6c4614d40b36d29be84edcd6c173f8160,complete,confirmed,confirmed,confirmed,confirmed,fail,false,compression worse by 3983184267 (11993%); decompression worse by 401544344.5 (2329.05%); memory worse by 17582080 (176.537%)
xz-9e,xz-9e,balanced,validation,datasets/data/corpus-completion/validation/nyc-tlc/yellow_tripdata_2020-04.parquet,4442620,4424644,4432272,1974665552,4016396939.5,267450008.5,418785032,109623296,27541504,false,false,false,true,1,confirmed,true,true,1,file,validation-v4-final-binary,local-x86-64,x86_64,36f84685dc00064dae9a239face7e8eff797ed28,eb89ca9bad1783e5aada0b0b7b949e1097f0f3dfb84dcd87dd1006670a8e8e5e,1297748005,gnu-time-v1-monotonic-wall,3b11dec50514a8473e9f6efa7a34d584d0657538c09988f61b72d38ad4991a10,validation,validation-nyc-tlc-yellow-trip-2020-04-parquet,3104e1e5548ade630988a4a8b9ec76c51a057b88159f78676c7d344f48491450,1,mathsvg,balanced-v1,70bb1e0dd999f0b072e68b38dc1ccb8bfc77175771bc5f1175f649a0aafa789e,8f1ca1238a4c2d6495b7cff729ce6ecb34da3f844a557ea7b90b0d9d52a10787,complete,1bd3a8a1a914bf55087f30b641adcacaac8d04f2cc5a9c21f3668bf2f6727da6,b5b163eb273291934556377ab883b4b2a5d4da50bd0dc0a91774ecc234ccd8d0,complete,confirmed,confirmed,confirmed,confirmed,fail,false,size worse by 7628 (0.172398%); compression worse by 2041731387.5 (103.396%); decompression worse by 151335023.5 (56.5844%)
zstd-default,zstd-default,balanced,validation,datasets/data/corpus-completion/validation/nyc-tlc/yellow_tripdata_2020-04.parquet,4442620,4437421,4432272,66247238,4016396939.5,18451279,418785032,13641728,27541504,true,false,false,false,1,confirmed,true,true,1,file,validation-v4-final-binary,local-x86-64,x86_64,36f84685dc00064dae9a239face7e8eff797ed28,eb89ca9bad1783e5aada0b0b7b949e1097f0f3dfb84dcd87dd1006670a8e8e5e,1297748005,gnu-time-v1-monotonic-wall,3b11dec50514a8473e9f6efa7a34d584d0657538c09988f61b72d38ad4991a10,validation,validation-nyc-tlc-yellow-trip-2020-04-parquet,3104e1e5548ade630988a4a8b9ec76c51a057b88159f78676c7d344f48491450,1,mathsvg,balanced-v1,70bb1e0dd999f0b072e68b38dc1ccb8bfc77175771bc5f1175f649a0aafa789e,8f1ca1238a4c2d6495b7cff729ce6ecb34da3f844a557ea7b90b0d9d52a10787,complete,8afdee0e1fe04f0a9c92a00ebbd438b50004de9dcdf47ce697a89ac0bdae40a5,7c5468b370f7c47eda07281e3437fafc568f95d10420051e3aa522709f9342c5,complete,confirmed,confirmed,confirmed,confirmed,fail,false,compression worse by 3950149701.5 (5962.74%); decompression worse by 400333753 (2169.68%); memory worse by 13899776 (101.892%)
gzip-6,gzip-6,balanced,validation,datasets/data/validation/uci-1081/gsalc.csv,5222034,614318,902011,318131585.5,2782909007.5,66674752,267737229,2084864,23429120,false,false,false,false,0,confirmed,true,true,1,file,validation-v4-final-binary,local-x86-64,x86_64,36f84685dc00064dae9a239face7e8eff797ed28,eb89ca9bad1783e5aada0b0b7b949e1097f0f3dfb84dcd87dd1006670a8e8e5e,1297748005,gnu-time-v1-monotonic-wall,3b11dec50514a8473e9f6efa7a34d584d0657538c09988f61b72d38ad4991a10,validation,validation-uci-1081-gsalc-csv,d79afe6494903b988de68d4a8ab133167151a1bb620ba413e5cefd15003d07b3,1,mathsvg,balanced-v1,70bb1e0dd999f0b072e68b38dc1ccb8bfc77175771bc5f1175f649a0aafa789e,8f1ca1238a4c2d6495b7cff729ce6ecb34da3f844a557ea7b90b0d9d52a10787,complete,bf920ab8461c6c60c8cc32db3d853f55655e60793cf7f64068847ad56c2b2e67,afea077ce127d4fa9ad410d3066ba2b54dea19c0b44f04adf56c72d5f7b7a9bb,complete,confirmed,confirmed,confirmed,confirmed,fail,false,size worse by 287693 (46.8313%); compression worse by 2464777422 (774.767%); decompression worse by 201062477 (301.557%); memory worse by 21344256 (1023.77%)
lz4,lz4,balanced,validation,datasets/data/validation/uci-1081/gsalc.csv,5222034,1794066,902011,33908227,2782909007.5,33922790,267737229,7245824,23429120,true,false,false,false,1,confirmed,true,true,1,file,validation-v4-final-binary,local-x86-64,x86_64,36f84685dc00064dae9a239face7e8eff797ed28,eb89ca9bad1783e5aada0b0b7b949e1097f0f3dfb84dcd87dd1006670a8e8e5e,1297748005,gnu-time-v1-monotonic-wall,3b11dec50514a8473e9f6efa7a34d584d0657538c09988f61b72d38ad4991a10,validation,validation-uci-1081-gsalc-csv,d79afe6494903b988de68d4a8ab133167151a1bb620ba413e5cefd15003d07b3,1,mathsvg,balanced-v1,70bb1e0dd999f0b072e68b38dc1ccb8bfc77175771bc5f1175f649a0aafa789e,8f1ca1238a4c2d6495b7cff729ce6ecb34da3f844a557ea7b90b0d9d52a10787,complete,56c1b7390551d55bb056da7122b41ac3f7e4459570e4627ac278f7c91d669491,87c0d5d060fd36c685b98a38611b7bd6c4614d40b36d29be84edcd6c173f8160,complete,confirmed,confirmed,confirmed,confirmed,fail,false,compression worse by 2749000780.5 (8107.18%); decompression worse by 233814439 (689.255%); memory worse by 16183296 (223.347%)
xz-9e,xz-9e,balanced,validation,datasets/data/validation/uci-1081/gsalc.csv,5222034,467144,902011,4252099409,2782909007.5,115896677,267737229,50894848,23429120,false,true,false,true,2,confirmed,true,true,1,file,validation-v4-final-binary,local-x86-64,x86_64,36f84685dc00064dae9a239face7e8eff797ed28,eb89ca9bad1783e5aada0b0b7b949e1097f0f3dfb84dcd87dd1006670a8e8e5e,1297748005,gnu-time-v1-monotonic-wall,3b11dec50514a8473e9f6efa7a34d584d0657538c09988f61b72d38ad4991a10,validation,validation-uci-1081-gsalc-csv,d79afe6494903b988de68d4a8ab133167151a1bb620ba413e5cefd15003d07b3,1,mathsvg,balanced-v1,70bb1e0dd999f0b072e68b38dc1ccb8bfc77175771bc5f1175f649a0aafa789e,8f1ca1238a4c2d6495b7cff729ce6ecb34da3f844a557ea7b90b0d9d52a10787,complete,1bd3a8a1a914bf55087f30b641adcacaac8d04f2cc5a9c21f3668bf2f6727da6,b5b163eb273291934556377ab883b4b2a5d4da50bd0dc0a91774ecc234ccd8d0,complete,confirmed,confirmed,confirmed,confirmed,fail,false,size worse by 434867 (93.0906%); decompression worse by 151840552 (131.014%)
zstd-default,zstd-default,balanced,validation,datasets/data/validation/uci-1081/gsalc.csv,5222034,838536,902011,65780434,2782909007.5,33344422.5,267737229,10313728,23429120,false,false,false,false,0,confirmed,true,true,1,file,validation-v4-final-binary,local-x86-64,x86_64,36f84685dc00064dae9a239face7e8eff797ed28,eb89ca9bad1783e5aada0b0b7b949e1097f0f3dfb84dcd87dd1006670a8e8e5e,1297748005,gnu-time-v1-monotonic-wall,3b11dec50514a8473e9f6efa7a34d584d0657538c09988f61b72d38ad4991a10,validation,validation-uci-1081-gsalc-csv,d79afe6494903b988de68d4a8ab133167151a1bb620ba413e5cefd15003d07b3,1,mathsvg,balanced-v1,70bb1e0dd999f0b072e68b38dc1ccb8bfc77175771bc5f1175f649a0aafa789e,8f1ca1238a4c2d6495b7cff729ce6ecb34da3f844a557ea7b90b0d9d52a10787,complete,8afdee0e1fe04f0a9c92a00ebbd438b50004de9dcdf47ce697a89ac0bdae40a5,7c5468b370f7c47eda07281e3437fafc568f95d10420051e3aa522709f9342c5,complete,confirmed,confirmed,confirmed,confirmed,fail,false,size worse by 63475 (7.56974%); compression worse by 2717128573.5 (4130.6%); decompression worse by 234392806.5 (702.945%); memory worse by 13115392 (127.164%)
gzip-6,gzip-6,balanced,validation,datasets/data/corpus-completion/validation/zenodo-15978325/8a-sem-tem.bmp,52326,17165,28035,17099423,67516946.5,8971281,17181635.5,1691648,4442112,false,false,false,false,0,confirmed,true,true,1,file,validation-v4-final-binary,local-x86-64,x86_64,36f84685dc00064dae9a239face7e8eff797ed28,eb89ca9bad1783e5aada0b0b7b949e1097f0f3dfb84dcd87dd1006670a8e8e5e,1297748005,gnu-time-v1-monotonic-wall,3b11dec50514a8473e9f6efa7a34d584d0657538c09988f61b72d38ad4991a10,validation,validation-zenodo-15978325-sem-tem-bmp,7a7cc8f6a12aba4d3a55da02dbb685374fe86ee76ce69779b6d7fe72922d1826,1,mathsvg,balanced-v1,70bb1e0dd999f0b072e68b38dc1ccb8bfc77175771bc5f1175f649a0aafa789e,8f1ca1238a4c2d6495b7cff729ce6ecb34da3f844a557ea7b90b0d9d52a10787,complete,bf920ab8461c6c60c8cc32db3d853f55655e60793cf7f64068847ad56c2b2e67,afea077ce127d4fa9ad410d3066ba2b54dea19c0b44f04adf56c72d5f7b7a9bb,complete,confirmed,confirmed,confirmed,confirmed,fail,false,size worse by 10870 (63.3265%); compression worse by 50417523.5 (294.849%); decompression worse by 8210354.5 (91.5182%); memory worse by 2750464 (162.591%)
lz4,lz4,balanced,validation,datasets/data/corpus-completion/validation/zenodo-15978325/8a-sem-tem.bmp,52326,30493,28035,8986504,67516946.5,8785525,17181635.5,1740800,4442112,true,false,false,false,1,confirmed,true,true,1,file,validation-v4-final-binary,local-x86-64,x86_64,36f84685dc00064dae9a239face7e8eff797ed28,eb89ca9bad1783e5aada0b0b7b949e1097f0f3dfb84dcd87dd1006670a8e8e5e,1297748005,gnu-time-v1-monotonic-wall,3b11dec50514a8473e9f6efa7a34d584d0657538c09988f61b72d38ad4991a10,validation,validation-zenodo-15978325-sem-tem-bmp,7a7cc8f6a12aba4d3a55da02dbb685374fe86ee76ce69779b6d7fe72922d1826,1,mathsvg,balanced-v1,70bb1e0dd999f0b072e68b38dc1ccb8bfc77175771bc5f1175f649a0aafa789e,8f1ca1238a4c2d6495b7cff729ce6ecb34da3f844a557ea7b90b0d9d52a10787,complete,56c1b7390551d55bb056da7122b41ac3f7e4459570e4627ac278f7c91d669491,87c0d5d060fd36c685b98a38611b7bd6c4614d40b36d29be84edcd6c173f8160,complete,confirmed,confirmed,confirmed,confirmed,fail,false,compression worse by 58530442.5 (651.315%); decompression worse by 8396110.5 (95.5675%); memory worse by 2701312 (155.176%)
xz-9e,xz-9e,balanced,validation,datasets/data/corpus-completion/validation/zenodo-15978325/8a-sem-tem.bmp,52326,11752,28035,115583600,67516946.5,8947437.5,17181635.5,32555008,4442112,false,true,false,true,2,confirmed,true,true,1,file,validation-v4-final-binary,local-x86-64,x86_64,36f84685dc00064dae9a239face7e8eff797ed28,eb89ca9bad1783e5aada0b0b7b949e1097f0f3dfb84dcd87dd1006670a8e8e5e,1297748005,gnu-time-v1-monotonic-wall,3b11dec50514a8473e9f6efa7a34d584d0657538c09988f61b72d38ad4991a10,validation,validation-zenodo-15978325-sem-tem-bmp,7a7cc8f6a12aba4d3a55da02dbb685374fe86ee76ce69779b6d7fe72922d1826,1,mathsvg,balanced-v1,70bb1e0dd999f0b072e68b38dc1ccb8bfc77175771bc5f1175f649a0aafa789e,8f1ca1238a4c2d6495b7cff729ce6ecb34da3f844a557ea7b90b0d9d52a10787,complete,1bd3a8a1a914bf55087f30b641adcacaac8d04f2cc5a9c21f3668bf2f6727da6,b5b163eb273291934556377ab883b4b2a5d4da50bd0dc0a91774ecc234ccd8d0,complete,confirmed,confirmed,confirmed,confirmed,fail,false,size worse by 16283 (138.555%); decompression worse by 8234198 (92.0286%)
zstd-default,zstd-default,balanced,validation,datasets/data/corpus-completion/validation/zenodo-15978325/8a-sem-tem.bmp,52326,23381,28035,9381733.5,67516946.5,8804829,17181635.5,3026944,4442112,false,false,false,false,0,confirmed,true,true,1,file,validation-v4-final-binary,local-x86-64,x86_64,36f84685dc00064dae9a239face7e8eff797ed28,eb89ca9bad1783e5aada0b0b7b949e1097f0f3dfb84dcd87dd1006670a8e8e5e,1297748005,gnu-time-v1-monotonic-wall,3b11dec50514a8473e9f6efa7a34d584d0657538c09988f61b72d38ad4991a10,validation,validation-zenodo-15978325-sem-tem-bmp,7a7cc8f6a12aba4d3a55da02dbb685374fe86ee76ce69779b6d7fe72922d1826,1,mathsvg,balanced-v1,70bb1e0dd999f0b072e68b38dc1ccb8bfc77175771bc5f1175f649a0aafa789e,8f1ca1238a4c2d6495b7cff729ce6ecb34da3f844a557ea7b90b0d9d52a10787,complete,8afdee0e1fe04f0a9c92a00ebbd438b50004de9dcdf47ce697a89ac0bdae40a5,7c5468b370f7c47eda07281e3437fafc568f95d10420051e3aa522709f9342c5,complete,confirmed,confirmed,confirmed,confirmed,fail,false,size worse by 4654 (19.9051%); compression worse by 58135213 (619.664%); decompression worse by 8376806.5 (95.1388%); memory worse by 1415168 (46.7524%)
