evidence_scope,experiment_id,machine_id,architecture,source_commit,config_sha256,dataset_manifest_sha256,randomization_seed,codec_executable_sha256,measurement_method,measurement_tool_sha256,split,codec,codec_config,profile,threads,native_mathsvg,dataset_id,row_scope,original_bytes,scheduled_measured_trials,successful_trials,failed_trials,timeout_trials,unavailable_trials,complete_repetitions,metric_status,roundtrip_all_successes,deterministic_archive_all_successes,archive_bytes_median,archive_fraction_median,compression_ratio_median,compression_wall_ns_median,compression_cpu_ns_median,compression_cpu_wall_fraction_median,decompression_wall_ns_median,decompression_cpu_ns_median,decompression_cpu_wall_fraction_median,compression_throughput_mb_s_median,decompression_throughput_mb_s_median,peak_rss_bytes_median,compression_peak_rss_bytes_median,decompression_peak_rss_bytes_median,procedural_evidence_status,literal_only_archive_bytes_median,pre_entropy_archive_bytes_median,procedural_gain_before_entropy_bytes_median,procedural_penalty_before_entropy_bytes_median,entropy_gain_bytes_median,entropy_penalty_bytes_median,function_reconstructed_bytes_median,literal_reconstructed_bytes_median,procedural_coverage_median,literal_fraction_median
development,development-pilot-v2-retry,local-x86-64,x86_64,36f84685dc00064dae9a239face7e8eff797ed28,036664ca0567442e358e36e2564fb5b50a5e75619d748ddd5a2fd387db06179b,b1d7dba75560d44d8e234e4205e09487f93678fb8688cac6a0905486c969c2ca,1297748005,81128211b782e3a4331d1c5fcd6db21eecf78dc823faab718e7ebe3f2ceeeee8,gnu-time-v1-monotonic-wall,3b11dec50514a8473e9f6efa7a34d584d0657538c09988f61b72d38ad4991a10,development,mathsvg,fast-ablation-no-whole-block-entropy-v1,fast,1,true,dev-canterbury-alice29-txt,file,152089,10,10,0,0,0,10,complete,true,true,152577,1.0032086475682003,0.99680161492230157,419275913.5,365000000,0.87097952692425484,17142683.5,0,0,0.36274232990804356,8.8719741740897433,5939200,5939200,3598336,exact,152577,152577,0,0,0,0,0,152089,0,1
development,development-pilot-v2-retry,local-x86-64,x86_64,36f84685dc00064dae9a239face7e8eff797ed28,036664ca0567442e358e36e2564fb5b50a5e75619d748ddd5a2fd387db06179b,b1d7dba75560d44d8e234e4205e09487f93678fb8688cac6a0905486c969c2ca,1297748005,81128211b782e3a4331d1c5fcd6db21eecf78dc823faab718e7ebe3f2ceeeee8,gnu-time-v1-monotonic-wall,3b11dec50514a8473e9f6efa7a34d584d0657538c09988f61b72d38ad4991a10,development,mathsvg,fast-ablation-no-whole-block-entropy-v1,fast,1,true,dev-canterbury-kennedy-xls,file,1029744,10,10,0,0,0,10,complete,true,true,1030232,1.0004739041936637,0.99952632028513966,670283873,610000000,0.91664491589184882,67919407.5,40000000,0.58377876503276305,1.5362806202361077,15.161377734283034,19709952,19709952,7012352,exact,1030232,1030232,0,0,0,0,0,1029744,0,1
development,development-pilot-v2-retry,local-x86-64,x86_64,36f84685dc00064dae9a239face7e8eff797ed28,036664ca0567442e358e36e2564fb5b50a5e75619d748ddd5a2fd387db06179b,b1d7dba75560d44d8e234e4205e09487f93678fb8688cac6a0905486c969c2ca,1297748005,81128211b782e3a4331d1c5fcd6db21eecf78dc823faab718e7ebe3f2ceeeee8,gnu-time-v1-monotonic-wall,3b11dec50514a8473e9f6efa7a34d584d0657538c09988f61b72d38ad4991a10,development,mathsvg,fast-ablation-no-whole-block-entropy-v1,fast,1,true,dev-silesia-x-ray,file,8474240,10,10,0,0,0,10,complete,true,true,8476584,1.0002766029756061,0.99972347351244317,5244017753.5,5190000000,0.99158817500562524,417883895.5,360000000,0.85972060780285564,1.6159831784800105,20.278940767240449,23982080,23982080,8241152,exact,8476584,8476584,0,0,0,0,0,8474240,0,1
development,development-pilot-v2-retry,local-x86-64,x86_64,36f84685dc00064dae9a239face7e8eff797ed28,036664ca0567442e358e36e2564fb5b50a5e75619d748ddd5a2fd387db06179b,b1d7dba75560d44d8e234e4205e09487f93678fb8688cac6a0905486c969c2ca,1297748005,81128211b782e3a4331d1c5fcd6db21eecf78dc823faab718e7ebe3f2ceeeee8,gnu-time-v1-monotonic-wall,3b11dec50514a8473e9f6efa7a34d584d0657538c09988f61b72d38ad4991a10,development,mathsvg,fast-ablation-no-whole-block-entropy-v1,fast,1,true,dev-synthetic-constant-00,file,65536,10,10,0,0,0,10,complete,true,true,485,0.0074005126953125,135.12577319587629,166842048,120000000,0.71490940142605874,9561188,0,0,0.39280275989039548,6.8822784915174076,4708352,4708352,3119104,exact,66024,485,65539,0,0,0,65536,0,1,0
development,development-pilot-v2-retry,local-x86-64,x86_64,36f84685dc00064dae9a239face7e8eff797ed28,036664ca0567442e358e36e2564fb5b50a5e75619d748ddd5a2fd387db06179b,b1d7dba75560d44d8e234e4205e09487f93678fb8688cac6a0905486c969c2ca,1297748005,81128211b782e3a4331d1c5fcd6db21eecf78dc823faab718e7ebe3f2ceeeee8,gnu-time-v1-monotonic-wall,3b11dec50514a8473e9f6efa7a34d584d0657538c09988f61b72d38ad4991a10,development,mathsvg,fast-ablation-no-whole-block-entropy-v1,fast,1,true,dev-synthetic-lfsr8,file,65536,10,10,0,0,0,10,complete,true,true,66024,1.0074462890625,0.99260874833393919,165728269.5,115000000,0.69060947829006247,17158191,0,0,0.39544258939747962,3.8195328448167016,5341184,5341184,3338240,exact,66024,66024,0,0,0,0,0,65536,0,1
development,development-pilot-v2-retry,local-x86-64,x86_64,36f84685dc00064dae9a239face7e8eff797ed28,036664ca0567442e358e36e2564fb5b50a5e75619d748ddd5a2fd387db06179b,b1d7dba75560d44d8e234e4205e09487f93678fb8688cac6a0905486c969c2ca,1297748005,81128211b782e3a4331d1c5fcd6db21eecf78dc823faab718e7ebe3f2ceeeee8,gnu-time-v1-monotonic-wall,3b11dec50514a8473e9f6efa7a34d584d0657538c09988f61b72d38ad4991a10,development,mathsvg,fast-ablation-no-whole-block-entropy-v1,fast,1,true,dev-synthetic-linear,file,65536,10,10,0,0,0,10,complete,true,true,489,0.0074615478515625,134.02044989775052,165902136,130000000,0.78445248497654085,17043044,0,0,0.39502830956001811,3.8453227911569061,5273600,5273600,3166208,exact,66024,489,65535,0,0,0,65536,0,1,0
development,development-pilot-v2-retry,local-x86-64,x86_64,36f84685dc00064dae9a239face7e8eff797ed28,036664ca0567442e358e36e2564fb5b50a5e75619d748ddd5a2fd387db06179b,b1d7dba75560d44d8e234e4205e09487f93678fb8688cac6a0905486c969c2ca,1297748005,81128211b782e3a4331d1c5fcd6db21eecf78dc823faab718e7ebe3f2ceeeee8,gnu-time-v1-monotonic-wall,3b11dec50514a8473e9f6efa7a34d584d0657538c09988f61b72d38ad4991a10,development,mathsvg,fast-ablation-no-whole-block-entropy-v1,fast,1,true,dev-synthetic-periodic,file,65536,10,10,0,0,0,10,complete,true,true,66024,1.0074462890625,0.99260874833393919,116370466.5,90000000,0.77940143445191712,16944687,0,0,0.56316827943650216,3.8676536114728357,4976640,4976640,3358720,exact,66024,66024,0,0,0,0,0,65536,0,1
development,development-pilot-v2-retry,local-x86-64,x86_64,36f84685dc00064dae9a239face7e8eff797ed28,036664ca0567442e358e36e2564fb5b50a5e75619d748ddd5a2fd387db06179b,b1d7dba75560d44d8e234e4205e09487f93678fb8688cac6a0905486c969c2ca,1297748005,81128211b782e3a4331d1c5fcd6db21eecf78dc823faab718e7ebe3f2ceeeee8,gnu-time-v1-monotonic-wall,3b11dec50514a8473e9f6efa7a34d584d0657538c09988f61b72d38ad4991a10,development,mathsvg,fast-ablation-no-whole-block-entropy-v1,fast,1,true,dev-synthetic-piecewise-mixed,file,65536,10,10,0,0,0,10,complete,true,true,66024,1.0074462890625,0.99260874833393919,166678688,110000000,0.66188459225072693,17176106.5,0,0,0.39318854976400913,3.8155391474164562,4939776,4939776,3287040,exact,66024,66024,0,0,0,0,0,65536,0,1
development,development-pilot-v2-retry,local-x86-64,x86_64,36f84685dc00064dae9a239face7e8eff797ed28,036664ca0567442e358e36e2564fb5b50a5e75619d748ddd5a2fd387db06179b,b1d7dba75560d44d8e234e4205e09487f93678fb8688cac6a0905486c969c2ca,1297748005,81128211b782e3a4331d1c5fcd6db21eecf78dc823faab718e7ebe3f2ceeeee8,gnu-time-v1-monotonic-wall,3b11dec50514a8473e9f6efa7a34d584d0657538c09988f61b72d38ad4991a10,development,mathsvg,fast-ablation-no-whole-block-entropy-v1,fast,1,true,dev-synthetic-polynomial-d2,file,65536,10,10,0,0,0,10,complete,true,true,66024,1.0074462890625,0.99260874833393919,165745794.5,110000000,0.65663857694576211,17733859.5,0,0,0.39540068954980834,3.6963117527159977,5353472,5353472,3348480,exact,66024,66024,0,0,0,0,0,65536,0,1
development,development-pilot-v2-retry,local-x86-64,x86_64,36f84685dc00064dae9a239face7e8eff797ed28,036664ca0567442e358e36e2564fb5b50a5e75619d748ddd5a2fd387db06179b,b1d7dba75560d44d8e234e4205e09487f93678fb8688cac6a0905486c969c2ca,1297748005,81128211b782e3a4331d1c5fcd6db21eecf78dc823faab718e7ebe3f2ceeeee8,gnu-time-v1-monotonic-wall,3b11dec50514a8473e9f6efa7a34d584d0657538c09988f61b72d38ad4991a10,development,mathsvg,fast-ablation-no-whole-block-entropy-v1,fast,1,true,dev-synthetic-random,file,65536,10,10,0,0,0,10,complete,true,true,66024,1.0074462890625,0.99260874833393919,167204913,130000000,0.77732081051449498,17139915,0,0,0.39195021397031155,3.8235951975856546,5345280,5345280,3330048,exact,66024,66024,0,0,0,0,0,65536,0,1
development,development-pilot-v2-retry,local-x86-64,x86_64,36f84685dc00064dae9a239face7e8eff797ed28,036664ca0567442e358e36e2564fb5b50a5e75619d748ddd5a2fd387db06179b,b1d7dba75560d44d8e234e4205e09487f93678fb8688cac6a0905486c969c2ca,1297748005,81128211b782e3a4331d1c5fcd6db21eecf78dc823faab718e7ebe3f2ceeeee8,gnu-time-v1-monotonic-wall,3b11dec50514a8473e9f6efa7a34d584d0657538c09988f61b72d38ad4991a10,development,mathsvg,fast-ablation-no-whole-block-entropy-v1,fast,1,true,dev-synthetic-recurrence,file,65536,10,10,0,0,0,10,complete,true,true,66024,1.0074462890625,0.99260874833393919,166606371,115000000,0.67682261272542865,17216192,0,0,0.39335939522514873,3.8066494943163147,5335040,5335040,3340288,exact,66024,66024,0,0,0,0,0,65536,0,1
development,development-pilot-v2-retry,local-x86-64,x86_64,36f84685dc00064dae9a239face7e8eff797ed28,036664ca0567442e358e36e2564fb5b50a5e75619d748ddd5a2fd387db06179b,b1d7dba75560d44d8e234e4205e09487f93678fb8688cac6a0905486c969c2ca,1297748005,81128211b782e3a4331d1c5fcd6db21eecf78dc823faab718e7ebe3f2ceeeee8,gnu-time-v1-monotonic-wall,3b11dec50514a8473e9f6efa7a34d584d0657538c09988f61b72d38ad4991a10,development,mathsvg,fast-ablation-no-whole-block-entropy-v1,fast,1,true,__aggregate__,corpus,10180361,110,110,0,0,0,10,complete,true,true,10056511,0.9878344196242157,1.0123154044180929,7613810827.5,7100000000,0.93317867090472006,630835359,400000000,0.63059080453771021,1.3370920615015747,16.137913878174118,23982080,23982080,8241152,exact,10187585,10056511,131074,0,0,0,131072,10049289,0.012874985474483664,0.98712501452551638
development,development-pilot-v2-retry,local-x86-64,x86_64,36f84685dc00064dae9a239face7e8eff797ed28,132b5a7df0265df37685fc601c1e0b6bd4ece5c907efc1a75f3a698f2ec4cbe7,b1d7dba75560d44d8e234e4205e09487f93678fb8688cac6a0905486c969c2ca,1297748005,81128211b782e3a4331d1c5fcd6db21eecf78dc823faab718e7ebe3f2ceeeee8,gnu-time-v1-monotonic-wall,3b11dec50514a8473e9f6efa7a34d584d0657538c09988f61b72d38ad4991a10,development,mathsvg,fast-ablation-no-whole-block-functions-v1,fast,1,true,dev-canterbury-alice29-txt,file,152089,10,10,0,0,0,10,complete,true,true,80481,0.52917041995147573,1.8897503758651111,518518750,500000000,0.96295029918366937,65572289,30000000,0.45751503986131975,0.29331439437193074,2.3194334965822754,5586944,5586944,3559424,exact,152577,152577,0,0,72096,0,0,152089,0,1
development,development-pilot-v2-retry,local-x86-64,x86_64,36f84685dc00064dae9a239face7e8eff797ed28,132b5a7df0265df37685fc601c1e0b6bd4ece5c907efc1a75f3a698f2ec4cbe7,b1d7dba75560d44d8e234e4205e09487f93678fb8688cac6a0905486c969c2ca,1297748005,81128211b782e3a4331d1c5fcd6db21eecf78dc823faab718e7ebe3f2ceeeee8,gnu-time-v1-monotonic-wall,3b11dec50514a8473e9f6efa7a34d584d0657538c09988f61b72d38ad4991a10,development,mathsvg,fast-ablation-no-whole-block-functions-v1,fast,1,true,dev-canterbury-kennedy-xls,file,1029744,10,10,0,0,0,10,complete,true,true,261046,0.25350572569493002,3.9446840786681276,969790959,920000000,0.95424416098358156,166645729.5,110000000,0.66436627281483429,1.0618205837031545,6.1792452325822831,15581184,15581184,4745216,exact,1030232,1030232,0,0,769186,0,0,1029744,0,1
development,development-pilot-v2-retry,local-x86-64,x86_64,36f84685dc00064dae9a239face7e8eff797ed28,132b5a7df0265df37685fc601c1e0b6bd4ece5c907efc1a75f3a698f2ec4cbe7,b1d7dba75560d44d8e234e4205e09487f93678fb8688cac6a0905486c969c2ca,1297748005,81128211b782e3a4331d1c5fcd6db21eecf78dc823faab718e7ebe3f2ceeeee8,gnu-time-v1-monotonic-wall,3b11dec50514a8473e9f6efa7a34d584d0657538c09988f61b72d38ad4991a10,development,mathsvg,fast-ablation-no-whole-block-functions-v1,fast,1,true,dev-silesia-x-ray,file,8474240,10,10,0,0,0,10,complete,true,true,6832574,0.80627572502076883,1.2402705042052966,12171379199,12100000000,0.99523777580205786,1904025325,1860000000,0.9800668008371185,0.69624548189160929,4.4510405586885264,21825536,21825536,7264256,exact,8476584,8476584,0,0,1644010,0,0,8474240,0,1
development,development-pilot-v2-retry,local-x86-64,x86_64,36f84685dc00064dae9a239face7e8eff797ed28,132b5a7df0265df37685fc601c1e0b6bd4ece5c907efc1a75f3a698f2ec4cbe7,b1d7dba75560d44d8e234e4205e09487f93678fb8688cac6a0905486c969c2ca,1297748005,81128211b782e3a4331d1c5fcd6db21eecf78dc823faab718e7ebe3f2ceeeee8,gnu-time-v1-monotonic-wall,3b11dec50514a8473e9f6efa7a34d584d0657538c09988f61b72d38ad4991a10,development,mathsvg,fast-ablation-no-whole-block-functions-v1,fast,1,true,dev-synthetic-constant-00,file,65536,10,10,0,0,0,10,complete,true,true,489,0.0074615478515625,134.02044989775052,168142867.5,140000000,0.83262526902045897,10183847.5,0,0,0.38976378307517717,6.4353385565730319,5345280,5345280,3166208,exact,66024,66024,0,0,65535,0,0,65536,0,1
development,development-pilot-v2-retry,local-x86-64,x86_64,36f84685dc00064dae9a239face7e8eff797ed28,132b5a7df0265df37685fc601c1e0b6bd4ece5c907efc1a75f3a698f2ec4cbe7,b1d7dba75560d44d8e234e4205e09487f93678fb8688cac6a0905486c969c2ca,1297748005,81128211b782e3a4331d1c5fcd6db21eecf78dc823faab718e7ebe3f2ceeeee8,gnu-time-v1-monotonic-wall,3b11dec50514a8473e9f6efa7a34d584d0657538c09988f61b72d38ad4991a10,development,mathsvg,fast-ablation-no-whole-block-functions-v1,fast,1,true,dev-synthetic-lfsr8,file,65536,10,10,0,0,0,10,complete,true,true,753,0.0114898681640625,87.033200531208493,166854110.5,120000000,0.71919260506870508,9280804.5,0,0,0.39277505471485546,7.061604068931338,5355520,5355520,3158016,exact,66024,66024,0,0,65271,0,0,65536,0,1
development,development-pilot-v2-retry,local-x86-64,x86_64,36f84685dc00064dae9a239face7e8eff797ed28,132b5a7df0265df37685fc601c1e0b6bd4ece5c907efc1a75f3a698f2ec4cbe7,b1d7dba75560d44d8e234e4205e09487f93678fb8688cac6a0905486c969c2ca,1297748005,81128211b782e3a4331d1c5fcd6db21eecf78dc823faab718e7ebe3f2ceeeee8,gnu-time-v1-monotonic-wall,3b11dec50514a8473e9f6efa7a34d584d0657538c09988f61b72d38ad4991a10,development,mathsvg,fast-ablation-no-whole-block-functions-v1,fast,1,true,dev-synthetic-linear,file,65536,10,10,0,0,0,10,complete,true,true,754,0.011505126953125,86.91777188328912,165669616,110000000,0.65998719837651476,10268587.5,0,0,0.39558258682874825,6.4034878075975348,4661248,4661248,3184640,exact,66024,66024,0,0,65270,0,0,65536,0,1
development,development-pilot-v2-retry,local-x86-64,x86_64,36f84685dc00064dae9a239face7e8eff797ed28,132b5a7df0265df37685fc601c1e0b6bd4ece5c907efc1a75f3a698f2ec4cbe7,b1d7dba75560d44d8e234e4205e09487f93678fb8688cac6a0905486c969c2ca,1297748005,81128211b782e3a4331d1c5fcd6db21eecf78dc823faab718e7ebe3f2ceeeee8,gnu-time-v1-monotonic-wall,3b11dec50514a8473e9f6efa7a34d584d0657538c09988f61b72d38ad4991a10,development,mathsvg,fast-ablation-no-whole-block-functions-v1,fast,1,true,dev-synthetic-periodic,file,65536,10,10,0,0,0,10,complete,true,true,500,0.00762939453125,131.072,116518052.5,90000000,0.77242157808715439,9626869,0,0,0.56246022823910824,6.8333573995168528,4810752,4810752,3194880,exact,66024,66024,0,0,65524,0,0,65536,0,1
development,development-pilot-v2-retry,local-x86-64,x86_64,36f84685dc00064dae9a239face7e8eff797ed28,132b5a7df0265df37685fc601c1e0b6bd4ece5c907efc1a75f3a698f2ec4cbe7,b1d7dba75560d44d8e234e4205e09487f93678fb8688cac6a0905486c969c2ca,1297748005,81128211b782e3a4331d1c5fcd6db21eecf78dc823faab718e7ebe3f2ceeeee8,gnu-time-v1-monotonic-wall,3b11dec50514a8473e9f6efa7a34d584d0657538c09988f61b72d38ad4991a10,development,mathsvg,fast-ablation-no-whole-block-functions-v1,fast,1,true,dev-synthetic-piecewise-mixed,file,65536,10,10,0,0,0,10,complete,true,true,13203,0.2014617919921875,4.9637203665833525,167041079,100000000,0.60381134838018591,9128991,0,0,0.39233495672652197,7.1789779133419067,4761600,4761600,3145728,exact,66024,66024,0,0,52821,0,0,65536,0,1
development,development-pilot-v2-retry,local-x86-64,x86_64,36f84685dc00064dae9a239face7e8eff797ed28,132b5a7df0265df37685fc601c1e0b6bd4ece5c907efc1a75f3a698f2ec4cbe7,b1d7dba75560d44d8e234e4205e09487f93678fb8688cac6a0905486c969c2ca,1297748005,81128211b782e3a4331d1c5fcd6db21eecf78dc823faab718e7ebe3f2ceeeee8,gnu-time-v1-monotonic-wall,3b11dec50514a8473e9f6efa7a34d584d0657538c09988f61b72d38ad4991a10,development,mathsvg,fast-ablation-no-whole-block-functions-v1,fast,1,true,dev-synthetic-polynomial-d2,file,65536,10,10,0,0,0,10,complete,true,true,754,0.011505126953125,86.91777188328912,167703952,105000000,0.62718458872718741,9791330,0,0,0.39078405523383508,6.7067108118795495,5353472,5353472,3186688,exact,66024,66024,0,0,65270,0,0,65536,0,1
development,development-pilot-v2-retry,local-x86-64,x86_64,36f84685dc00064dae9a239face7e8eff797ed28,132b5a7df0265df37685fc601c1e0b6bd4ece5c907efc1a75f3a698f2ec4cbe7,b1d7dba75560d44d8e234e4205e09487f93678fb8688cac6a0905486c969c2ca,1297748005,81128211b782e3a4331d1c5fcd6db21eecf78dc823faab718e7ebe3f2ceeeee8,gnu-time-v1-monotonic-wall,3b11dec50514a8473e9f6efa7a34d584d0657538c09988f61b72d38ad4991a10,development,mathsvg,fast-ablation-no-whole-block-functions-v1,fast,1,true,dev-synthetic-random,file,65536,10,10,0,0,0,10,complete,true,true,66024,1.0074462890625,0.99260874833393919,166195010.5,110000000,0.66476951744054746,17240946.5,0,0,0.39433202643189785,3.8011840649248061,4861952,4861952,3328000,exact,66024,66024,0,0,0,0,0,65536,0,1
development,development-pilot-v2-retry,local-x86-64,x86_64,36f84685dc00064dae9a239face7e8eff797ed28,132b5a7df0265df37685fc601c1e0b6bd4ece5c907efc1a75f3a698f2ec4cbe7,b1d7dba75560d44d8e234e4205e09487f93678fb8688cac6a0905486c969c2ca,1297748005,81128211b782e3a4331d1c5fcd6db21eecf78dc823faab718e7ebe3f2ceeeee8,gnu-time-v1-monotonic-wall,3b11dec50514a8473e9f6efa7a34d584d0657538c09988f61b72d38ad4991a10,development,mathsvg,fast-ablation-no-whole-block-functions-v1,fast,1,true,dev-synthetic-recurrence,file,65536,10,10,0,0,0,10,complete,true,true,882,0.013458251953125,74.303854875283449,166899379.5,110000000,0.65907999901739744,10762243,0,0,0.392667880141856,6.1122707291658864,5320704,5320704,3186688,exact,66024,66024,0,0,65142,0,0,65536,0,1
development,development-pilot-v2-retry,local-x86-64,x86_64,36f84685dc00064dae9a239face7e8eff797ed28,132b5a7df0265df37685fc601c1e0b6bd4ece5c907efc1a75f3a698f2ec4cbe7,b1d7dba75560d44d8e234e4205e09487f93678fb8688cac6a0905486c969c2ca,1297748005,81128211b782e3a4331d1c5fcd6db21eecf78dc823faab718e7ebe3f2ceeeee8,gnu-time-v1-monotonic-wall,3b11dec50514a8473e9f6efa7a34d584d0657538c09988f61b72d38ad4991a10,development,mathsvg,fast-ablation-no-whole-block-functions-v1,fast,1,true,__aggregate__,corpus,10180361,110,110,0,0,0,10,complete,true,true,7257460,0.71288827576939562,1.4027443485737434,14947161795.5,14435000000,0.96504239894030586,2226581120.5,2010000000,0.90439940802793661,0.68109099931252248,4.5724907996176558,21825536,21825536,7264256,exact,10187585,10187585,0,0,2930125,0,0,10180361,0,1
development,development-pilot-v2-retry,local-x86-64,x86_64,36f84685dc00064dae9a239face7e8eff797ed28,1bd3a8a1a914bf55087f30b641adcacaac8d04f2cc5a9c21f3668bf2f6727da6,b1d7dba75560d44d8e234e4205e09487f93678fb8688cac6a0905486c969c2ca,1297748005,b5b163eb273291934556377ab883b4b2a5d4da50bd0dc0a91774ecc234ccd8d0,gnu-time-v1-monotonic-wall,3b11dec50514a8473e9f6efa7a34d584d0657538c09988f61b72d38ad4991a10,development,xz-9e,xz-9e,,1,false,dev-canterbury-alice29-txt,file,152089,10,10,0,0,0,10,complete,true,true,48528,0.31907633030659682,3.1340463237718432,166040413,140000000,0.82971971786965582,16928521,0,0,0.91597647517718861,8.9842501599011442,30451712,30451712,2015232,not-applicable,,,,,,,,,,
development,development-pilot-v2-retry,local-x86-64,x86_64,36f84685dc00064dae9a239face7e8eff797ed28,1bd3a8a1a914bf55087f30b641adcacaac8d04f2cc5a9c21f3668bf2f6727da6,b1d7dba75560d44d8e234e4205e09487f93678fb8688cac6a0905486c969c2ca,1297748005,b5b163eb273291934556377ab883b4b2a5d4da50bd0dc0a91774ecc234ccd8d0,gnu-time-v1-monotonic-wall,3b11dec50514a8473e9f6efa7a34d584d0657538c09988f61b72d38ad4991a10,development,xz-9e,xz-9e,,1,false,dev-canterbury-kennedy-xls,file,1029744,10,10,0,0,0,10,complete,true,true,51868,0.050369800649481815,19.853165728387445,2003866416,1965000000,0.97985343448808282,33336016,10000000,0.2959275403575749,0.51394034923724541,30.89007329373937,35299328,35299328,2930688,not-applicable,,,,,,,,,,
development,development-pilot-v2-retry,local-x86-64,x86_64,36f84685dc00064dae9a239face7e8eff797ed28,1bd3a8a1a914bf55087f30b641adcacaac8d04f2cc5a9c21f3668bf2f6727da6,b1d7dba75560d44d8e234e4205e09487f93678fb8688cac6a0905486c969c2ca,1297748005,b5b163eb273291934556377ab883b4b2a5d4da50bd0dc0a91774ecc234ccd8d0,gnu-time-v1-monotonic-wall,3b11dec50514a8473e9f6efa7a34d584d0657538c09988f61b72d38ad4991a10,development,xz-9e,xz-9e,,1,false,dev-silesia-x-ray,file,8474240,10,10,0,0,0,10,complete,true,true,4491264,0.52999018201042214,1.886827405380757,6581260753.5,6530000000,0.99307191043676202,519131182.5,480000000,0.92630619141746351,1.287646945452749,16.323891657394082,145993728,145993728,10270720,not-applicable,,,,,,,,,,
development,development-pilot-v2-retry,local-x86-64,x86_64,36f84685dc00064dae9a239face7e8eff797ed28,1bd3a8a1a914bf55087f30b641adcacaac8d04f2cc5a9c21f3668bf2f6727da6,b1d7dba75560d44d8e234e4205e09487f93678fb8688cac6a0905486c969c2ca,1297748005,b5b163eb273291934556377ab883b4b2a5d4da50bd0dc0a91774ecc234ccd8d0,gnu-time-v1-monotonic-wall,3b11dec50514a8473e9f6efa7a34d584d0657538c09988f61b72d38ad4991a10,development,xz-9e,xz-9e,,1,false,dev-synthetic-constant-00,file,65536,10,10,0,0,0,10,complete,true,true,140,0.00213623046875,468.1142857142857,17275983.5,0,0,9240411,0,0,3.7934761961747645,7.0926160441664372,2801664,2801664,1884160,not-applicable,,,,,,,,,,
development,development-pilot-v2-retry,local-x86-64,x86_64,36f84685dc00064dae9a239face7e8eff797ed28,1bd3a8a1a914bf55087f30b641adcacaac8d04f2cc5a9c21f3668bf2f6727da6,b1d7dba75560d44d8e234e4205e09487f93678fb8688cac6a0905486c969c2ca,1297748005,b5b163eb273291934556377ab883b4b2a5d4da50bd0dc0a91774ecc234ccd8d0,gnu-time-v1-monotonic-wall,3b11dec50514a8473e9f6efa7a34d584d0657538c09988f61b72d38ad4991a10,development,xz-9e,xz-9e,,1,false,dev-synthetic-lfsr8,file,65536,10,10,0,0,0,10,complete,true,true,412,0.00628662109375,159.06796116504853,17273622,0,0,9013931.5,0,0,3.7940365186342442,7.2705240415053591,3979264,3979264,1884160,not-applicable,,,,,,,,,,
development,development-pilot-v2-retry,local-x86-64,x86_64,36f84685dc00064dae9a239face7e8eff797ed28,1bd3a8a1a914bf55087f30b641adcacaac8d04f2cc5a9c21f3668bf2f6727da6,b1d7dba75560d44d8e234e4205e09487f93678fb8688cac6a0905486c969c2ca,1297748005,b5b163eb273291934556377ab883b4b2a5d4da50bd0dc0a91774ecc234ccd8d0,gnu-time-v1-monotonic-wall,3b11dec50514a8473e9f6efa7a34d584d0657538c09988f61b72d38ad4991a10,development,xz-9e,xz-9e,,1,false,dev-synthetic-linear,file,65536,10,10,0,0,0,10,complete,true,true,384,0.005859375,170.66666666666666,17009119.5,0,0,8990469,0,0,3.8529956442474989,7.2897543968103538,3850240,3850240,1884160,not-applicable,,,,,,,,,,
development,development-pilot-v2-retry,local-x86-64,x86_64,36f84685dc00064dae9a239face7e8eff797ed28,1bd3a8a1a914bf55087f30b641adcacaac8d04f2cc5a9c21f3668bf2f6727da6,b1d7dba75560d44d8e234e4205e09487f93678fb8688cac6a0905486c969c2ca,1297748005,b5b163eb273291934556377ab883b4b2a5d4da50bd0dc0a91774ecc234ccd8d0,gnu-time-v1-monotonic-wall,3b11dec50514a8473e9f6efa7a34d584d0657538c09988f61b72d38ad4991a10,development,xz-9e,xz-9e,,1,false,dev-synthetic-periodic,file,65536,10,10,0,0,0,10,complete,true,true,148,0.00225830078125,442.81081081081084,17011819.5,0,0,9017882,0,0,3.8523951555958353,7.2684189539309187,2795520,2795520,1884160,not-applicable,,,,,,,,,,
development,development-pilot-v2-retry,local-x86-64,x86_64,36f84685dc00064dae9a239face7e8eff797ed28,1bd3a8a1a914bf55087f30b641adcacaac8d04f2cc5a9c21f3668bf2f6727da6,b1d7dba75560d44d8e234e4205e09487f93678fb8688cac6a0905486c969c2ca,1297748005,b5b163eb273291934556377ab883b4b2a5d4da50bd0dc0a91774ecc234ccd8d0,gnu-time-v1-monotonic-wall,3b11dec50514a8473e9f6efa7a34d584d0657538c09988f61b72d38ad4991a10,development,xz-9e,xz-9e,,1,false,dev-synthetic-piecewise-mixed,file,65536,10,10,0,0,0,10,complete,true,true,12424,0.1895751953125,5.2749517063747584,116917195.5,100000000,0.85797896525280071,9052735,0,0,0.56053447695977698,7.2394730121775144,38453248,38453248,1884160,not-applicable,,,,,,,,,,
development,development-pilot-v2-retry,local-x86-64,x86_64,36f84685dc00064dae9a239face7e8eff797ed28,1bd3a8a1a914bf55087f30b641adcacaac8d04f2cc5a9c21f3668bf2f6727da6,b1d7dba75560d44d8e234e4205e09487f93678fb8688cac6a0905486c969c2ca,1297748005,b5b163eb273291934556377ab883b4b2a5d4da50bd0dc0a91774ecc234ccd8d0,gnu-time-v1-monotonic-wall,3b11dec50514a8473e9f6efa7a34d584d0657538c09988f61b72d38ad4991a10,development,xz-9e,xz-9e,,1,false,dev-synthetic-polynomial-d2,file,65536,10,10,0,0,0,10,complete,true,true,412,0.00628662109375,159.06796116504853,17132445.5,0,0,8981886.5,0,0,3.8252856759077751,7.296858942696538,3981312,3981312,1884160,not-applicable,,,,,,,,,,
development,development-pilot-v2-retry,local-x86-64,x86_64,36f84685dc00064dae9a239face7e8eff797ed28,1bd3a8a1a914bf55087f30b641adcacaac8d04f2cc5a9c21f3668bf2f6727da6,b1d7dba75560d44d8e234e4205e09487f93678fb8688cac6a0905486c969c2ca,1297748005,b5b163eb273291934556377ab883b4b2a5d4da50bd0dc0a91774ecc234ccd8d0,gnu-time-v1-monotonic-wall,3b11dec50514a8473e9f6efa7a34d584d0657538c09988f61b72d38ad4991a10,development,xz-9e,xz-9e,,1,false,dev-synthetic-random,file,65536,10,10,0,0,0,10,complete,true,true,65600,1.0009765625,0.99902439024390244,215927407,180000000,0.83368770115959423,8971676.5,0,0,0.30350944541596964,7.304793836884687,68857856,68857856,1884160,not-applicable,,,,,,,,,,
development,development-pilot-v2-retry,local-x86-64,x86_64,36f84685dc00064dae9a239face7e8eff797ed28,1bd3a8a1a914bf55087f30b641adcacaac8d04f2cc5a9c21f3668bf2f6727da6,b1d7dba75560d44d8e234e4205e09487f93678fb8688cac6a0905486c969c2ca,1297748005,b5b163eb273291934556377ab883b4b2a5d4da50bd0dc0a91774ecc234ccd8d0,gnu-time-v1-monotonic-wall,3b11dec50514a8473e9f6efa7a34d584d0657538c09988f61b72d38ad4991a10,development,xz-9e,xz-9e,,1,false,dev-synthetic-recurrence,file,65536,10,10,0,0,0,10,complete,true,true,544,0.00830078125,120.47058823529412,17087613,0,0,8880020.5,0,0,3.8352931370675005,7.3802890344637788,4503552,4503552,1884160,not-applicable,,,,,,,,,,
development,development-pilot-v2-retry,local-x86-64,x86_64,36f84685dc00064dae9a239face7e8eff797ed28,1bd3a8a1a914bf55087f30b641adcacaac8d04f2cc5a9c21f3668bf2f6727da6,b1d7dba75560d44d8e234e4205e09487f93678fb8688cac6a0905486c969c2ca,1297748005,b5b163eb273291934556377ab883b4b2a5d4da50bd0dc0a91774ecc234ccd8d0,gnu-time-v1-monotonic-wall,3b11dec50514a8473e9f6efa7a34d584d0657538c09988f61b72d38ad4991a10,development,xz-9e,xz-9e,,1,false,__aggregate__,corpus,10180361,110,110,0,0,0,10,complete,true,true,4671724,0.45889571106564886,2.1791443586992725,9215523408,8920000000,0.97091137696842322,643362761,490000000,0.76162356790570374,1.1047024777564967,15.82367932120016,145993728,145993728,10270720,not-applicable,,,,,,,,,,
development,development-pilot-v2-retry,local-x86-64,x86_64,36f84685dc00064dae9a239face7e8eff797ed28,55f2cfb2e4425a7153decbe4e16c321721a5b66dc23940f14275abf99abeb42a,b1d7dba75560d44d8e234e4205e09487f93678fb8688cac6a0905486c969c2ca,1297748005,81128211b782e3a4331d1c5fcd6db21eecf78dc823faab718e7ebe3f2ceeeee8,gnu-time-v1-monotonic-wall,3b11dec50514a8473e9f6efa7a34d584d0657538c09988f61b72d38ad4991a10,development,mathsvg,balanced-ablation-no-whole-block-entropy-v1,balanced,1,true,dev-canterbury-alice29-txt,file,152089,10,10,0,0,0,10,complete,true,true,152577,1.0032086475682003,0.99680161492230157,1221946777.5,1155000000,0.95305068433149809,18272293.5,0,0,0.12446450781487643,8.3257162864236349,5916672,5916672,3581952,exact,152577,152577,0,0,0,0,0,152089,0,1
development,development-pilot-v2-retry,local-x86-64,x86_64,36f84685dc00064dae9a239face7e8eff797ed28,55f2cfb2e4425a7153decbe4e16c321721a5b66dc23940f14275abf99abeb42a,b1d7dba75560d44d8e234e4205e09487f93678fb8688cac6a0905486c969c2ca,1297748005,81128211b782e3a4331d1c5fcd6db21eecf78dc823faab718e7ebe3f2ceeeee8,gnu-time-v1-monotonic-wall,3b11dec50514a8473e9f6efa7a34d584d0657538c09988f61b72d38ad4991a10,development,mathsvg,balanced-ablation-no-whole-block-entropy-v1,balanced,1,true,dev-canterbury-kennedy-xls,file,1029744,10,10,0,0,0,10,complete,true,true,1030232,1.0004739041936637,0.99952632028513966,1486911504,1435000000,0.96365400310325089,65588952,40000000,0.59938385250290516,0.69254600901298402,15.700012787251218,19701760,19701760,7043072,exact,1030232,1030232,0,0,0,0,0,1029744,0,1
development,development-pilot-v2-retry,local-x86-64,x86_64,36f84685dc00064dae9a239face7e8eff797ed28,55f2cfb2e4425a7153decbe4e16c321721a5b66dc23940f14275abf99abeb42a,b1d7dba75560d44d8e234e4205e09487f93678fb8688cac6a0905486c969c2ca,1297748005,81128211b782e3a4331d1c5fcd6db21eecf78dc823faab718e7ebe3f2ceeeee8,gnu-time-v1-monotonic-wall,3b11dec50514a8473e9f6efa7a34d584d0657538c09988f61b72d38ad4991a10,development,mathsvg,balanced-ablation-no-whole-block-entropy-v1,balanced,1,true,dev-silesia-x-ray,file,8474240,10,10,0,0,0,10,complete,true,true,8476584,1.0002766029756061,0.99972347351244317,12512441756,12455000000,0.99554032096261302,418770582.5,365000000,0.87210175422231251,0.67726534667961014,20.235996708467496,22099968,22099968,8267776,exact,8476584,8476584,0,0,0,0,0,8474240,0,1
development,development-pilot-v2-retry,local-x86-64,x86_64,36f84685dc00064dae9a239face7e8eff797ed28,55f2cfb2e4425a7153decbe4e16c321721a5b66dc23940f14275abf99abeb42a,b1d7dba75560d44d8e234e4205e09487f93678fb8688cac6a0905486c969c2ca,1297748005,81128211b782e3a4331d1c5fcd6db21eecf78dc823faab718e7ebe3f2ceeeee8,gnu-time-v1-monotonic-wall,3b11dec50514a8473e9f6efa7a34d584d0657538c09988f61b72d38ad4991a10,development,mathsvg,balanced-ablation-no-whole-block-entropy-v1,balanced,1,true,dev-synthetic-constant-00,file,65536,10,10,0,0,0,10,complete,true,true,485,0.0074005126953125,135.12577319587629,266716230,205000000,0.76470341196277469,9637605.5,0,0,0.24571459856652211,6.8284097964890389,4442112,4442112,3127296,exact,66024,485,65539,0,0,0,65536,0,1,0
development,development-pilot-v2-retry,local-x86-64,x86_64,36f84685dc00064dae9a239face7e8eff797ed28,55f2cfb2e4425a7153decbe4e16c321721a5b66dc23940f14275abf99abeb42a,b1d7dba75560d44d8e234e4205e09487f93678fb8688cac6a0905486c969c2ca,1297748005,81128211b782e3a4331d1c5fcd6db21eecf78dc823faab718e7ebe3f2ceeeee8,gnu-time-v1-monotonic-wall,3b11dec50514a8473e9f6efa7a34d584d0657538c09988f61b72d38ad4991a10,development,mathsvg,balanced-ablation-no-whole-block-entropy-v1,balanced,1,true,dev-synthetic-lfsr8,file,65536,10,10,0,0,0,10,complete,true,true,66024,1.0074462890625,0.99260874833393919,316815750.5,260000000,0.82261664486394759,17346254,0,0,0.20685841783444764,3.7781131354232258,4829184,4829184,3350528,exact,66024,66024,0,0,0,0,0,65536,0,1
development,development-pilot-v2-retry,local-x86-64,x86_64,36f84685dc00064dae9a239face7e8eff797ed28,55f2cfb2e4425a7153decbe4e16c321721a5b66dc23940f14275abf99abeb42a,b1d7dba75560d44d8e234e4205e09487f93678fb8688cac6a0905486c969c2ca,1297748005,81128211b782e3a4331d1c5fcd6db21eecf78dc823faab718e7ebe3f2ceeeee8,gnu-time-v1-monotonic-wall,3b11dec50514a8473e9f6efa7a34d584d0657538c09988f61b72d38ad4991a10,development,mathsvg,balanced-ablation-no-whole-block-entropy-v1,balanced,1,true,dev-synthetic-linear,file,65536,10,10,0,0,0,10,complete,true,true,489,0.0074615478515625,134.02044989775052,267076573.5,220000000,0.8268441681234423,16989104,0,0,0.2453828096918817,3.8575315546342934,4534272,4534272,3133440,exact,66024,489,65535,0,0,0,65536,0,1,0
development,development-pilot-v2-retry,local-x86-64,x86_64,36f84685dc00064dae9a239face7e8eff797ed28,55f2cfb2e4425a7153decbe4e16c321721a5b66dc23940f14275abf99abeb42a,b1d7dba75560d44d8e234e4205e09487f93678fb8688cac6a0905486c969c2ca,1297748005,81128211b782e3a4331d1c5fcd6db21eecf78dc823faab718e7ebe3f2ceeeee8,gnu-time-v1-monotonic-wall,3b11dec50514a8473e9f6efa7a34d584d0657538c09988f61b72d38ad4991a10,development,mathsvg,balanced-ablation-no-whole-block-entropy-v1,balanced,1,true,dev-synthetic-periodic,file,65536,10,10,0,0,0,10,complete,true,true,66024,1.0074462890625,0.99260874833393919,266423095.5,240000000,0.88039762669908872,17076011,0,0,0.24598471211625939,3.8379414182048435,4700160,4700160,3362816,exact,66024,66024,0,0,0,0,0,65536,0,1
development,development-pilot-v2-retry,local-x86-64,x86_64,36f84685dc00064dae9a239face7e8eff797ed28,55f2cfb2e4425a7153decbe4e16c321721a5b66dc23940f14275abf99abeb42a,b1d7dba75560d44d8e234e4205e09487f93678fb8688cac6a0905486c969c2ca,1297748005,81128211b782e3a4331d1c5fcd6db21eecf78dc823faab718e7ebe3f2ceeeee8,gnu-time-v1-monotonic-wall,3b11dec50514a8473e9f6efa7a34d584d0657538c09988f61b72d38ad4991a10,development,mathsvg,balanced-ablation-no-whole-block-entropy-v1,balanced,1,true,dev-synthetic-piecewise-mixed,file,65536,10,10,0,0,0,10,complete,true,true,66024,1.0074462890625,0.99260874833393919,316911476,260000000,0.82274041472091808,17205787.5,0,0,0.20679603165819352,3.8090285412455334,4767744,4767744,3276800,exact,66024,66024,0,0,0,0,0,65536,0,1
development,development-pilot-v2-retry,local-x86-64,x86_64,36f84685dc00064dae9a239face7e8eff797ed28,55f2cfb2e4425a7153decbe4e16c321721a5b66dc23940f14275abf99abeb42a,b1d7dba75560d44d8e234e4205e09487f93678fb8688cac6a0905486c969c2ca,1297748005,81128211b782e3a4331d1c5fcd6db21eecf78dc823faab718e7ebe3f2ceeeee8,gnu-time-v1-monotonic-wall,3b11dec50514a8473e9f6efa7a34d584d0657538c09988f61b72d38ad4991a10,development,mathsvg,balanced-ablation-no-whole-block-entropy-v1,balanced,1,true,dev-synthetic-polynomial-d2,file,65536,10,10,0,0,0,10,complete,true,true,66024,1.0074462890625,0.99260874833393919,218238997.5,170000000,0.77653409509020088,17815732,0,0,0.30029465855033211,3.6813660505946091,4681728,4681728,3348480,exact,66024,66024,0,0,0,0,0,65536,0,1
development,development-pilot-v2-retry,local-x86-64,x86_64,36f84685dc00064dae9a239face7e8eff797ed28,55f2cfb2e4425a7153decbe4e16c321721a5b66dc23940f14275abf99abeb42a,b1d7dba75560d44d8e234e4205e09487f93678fb8688cac6a0905486c969c2ca,1297748005,81128211b782e3a4331d1c5fcd6db21eecf78dc823faab718e7ebe3f2ceeeee8,gnu-time-v1-monotonic-wall,3b11dec50514a8473e9f6efa7a34d584d0657538c09988f61b72d38ad4991a10,development,mathsvg,balanced-ablation-no-whole-block-entropy-v1,balanced,1,true,dev-synthetic-random,file,65536,10,10,0,0,0,10,complete,true,true,66024,1.0074462890625,0.99260874833393919,268550397.5,230000000,0.83922551591698302,17149734,0,0,0.24403617832850191,3.8214934548189747,4438016,4438016,3325952,exact,66024,66024,0,0,0,0,0,65536,0,1
development,development-pilot-v2-retry,local-x86-64,x86_64,36f84685dc00064dae9a239face7e8eff797ed28,55f2cfb2e4425a7153decbe4e16c321721a5b66dc23940f14275abf99abeb42a,b1d7dba75560d44d8e234e4205e09487f93678fb8688cac6a0905486c969c2ca,1297748005,81128211b782e3a4331d1c5fcd6db21eecf78dc823faab718e7ebe3f2ceeeee8,gnu-time-v1-monotonic-wall,3b11dec50514a8473e9f6efa7a34d584d0657538c09988f61b72d38ad4991a10,development,mathsvg,balanced-ablation-no-whole-block-entropy-v1,balanced,1,true,dev-synthetic-recurrence,file,65536,10,10,0,0,0,10,complete,true,true,66024,1.0074462890625,0.99260874833393919,218141882.5,190000000,0.87338228530178441,17294441,0,0,0.30042855136389923,3.7896618231586254,4714496,4714496,3364864,exact,66024,66024,0,0,0,0,0,65536,0,1
development,development-pilot-v2-retry,local-x86-64,x86_64,36f84685dc00064dae9a239face7e8eff797ed28,55f2cfb2e4425a7153decbe4e16c321721a5b66dc23940f14275abf99abeb42a,b1d7dba75560d44d8e234e4205e09487f93678fb8688cac6a0905486c969c2ca,1297748005,81128211b782e3a4331d1c5fcd6db21eecf78dc823faab718e7ebe3f2ceeeee8,gnu-time-v1-monotonic-wall,3b11dec50514a8473e9f6efa7a34d584d0657538c09988f61b72d38ad4991a10,development,mathsvg,balanced-ablation-no-whole-block-entropy-v1,balanced,1,true,__aggregate__,corpus,10180361,110,110,0,0,0,10,complete,true,true,10056511,0.9878344196242157,1.0123154044180929,17349001423.5,16835000000,0.97002978041120169,631369081,405000000,0.63814747642412772,0.58679969286543787,16.12433104647225,22099968,22099968,8267776,exact,10187585,10056511,131074,0,0,0,131072,10049289,0.012874985474483664,0.98712501452551638
development,development-pilot-v2-retry,local-x86-64,x86_64,36f84685dc00064dae9a239face7e8eff797ed28,56c1b7390551d55bb056da7122b41ac3f7e4459570e4627ac278f7c91d669491,b1d7dba75560d44d8e234e4205e09487f93678fb8688cac6a0905486c969c2ca,1297748005,87c0d5d060fd36c685b98a38611b7bd6c4614d40b36d29be84edcd6c173f8160,gnu-time-v1-monotonic-wall,3b11dec50514a8473e9f6efa7a34d584d0657538c09988f61b72d38ad4991a10,development,lz4,lz4,,1,false,dev-canterbury-alice29-txt,file,152089,10,10,0,0,0,10,complete,true,true,88718,0.58332949785980581,1.7142969859554995,9042110.5,0,0,8921450,0,0,16.820123780555765,17.047765866141702,1871872,1736704,1871872,not-applicable,,,,,,,,,,
development,development-pilot-v2-retry,local-x86-64,x86_64,36f84685dc00064dae9a239face7e8eff797ed28,56c1b7390551d55bb056da7122b41ac3f7e4459570e4627ac278f7c91d669491,b1d7dba75560d44d8e234e4205e09487f93678fb8688cac6a0905486c969c2ca,1297748005,87c0d5d060fd36c685b98a38611b7bd6c4614d40b36d29be84edcd6c173f8160,gnu-time-v1-monotonic-wall,3b11dec50514a8473e9f6efa7a34d584d0657538c09988f61b72d38ad4991a10,development,lz4,lz4,,1,false,dev-canterbury-kennedy-xls,file,1029744,10,10,0,0,0,10,complete,true,true,374723,0.36389918270948896,2.7480138662425313,17183338.5,0,0,17005564,0,0,59.9300901902268,60.553401676403851,3041280,2902016,3041280,not-applicable,,,,,,,,,,
development,development-pilot-v2-retry,local-x86-64,x86_64,36f84685dc00064dae9a239face7e8eff797ed28,56c1b7390551d55bb056da7122b41ac3f7e4459570e4627ac278f7c91d669491,b1d7dba75560d44d8e234e4205e09487f93678fb8688cac6a0905486c969c2ca,1297748005,87c0d5d060fd36c685b98a38611b7bd6c4614d40b36d29be84edcd6c173f8160,gnu-time-v1-monotonic-wall,3b11dec50514a8473e9f6efa7a34d584d0657538c09988f61b72d38ad4991a10,development,lz4,lz4,,1,false,dev-silesia-x-ray,file,8474240,10,10,0,0,0,10,complete,true,true,8406634,0.99202217543992144,1.0080419820822459,65980578.5,30000000,0.454688082209325,67334401,30000000,0.44427346587414923,128.437864459385,125.85385151103731,9998336,9828352,9998336,not-applicable,,,,,,,,,,
development,development-pilot-v2-retry,local-x86-64,x86_64,36f84685dc00064dae9a239face7e8eff797ed28,56c1b7390551d55bb056da7122b41ac3f7e4459570e4627ac278f7c91d669491,b1d7dba75560d44d8e234e4205e09487f93678fb8688cac6a0905486c969c2ca,1297748005,87c0d5d060fd36c685b98a38611b7bd6c4614d40b36d29be84edcd6c173f8160,gnu-time-v1-monotonic-wall,3b11dec50514a8473e9f6efa7a34d584d0657538c09988f61b72d38ad4991a10,development,lz4,lz4,,1,false,dev-synthetic-constant-00,file,65536,10,10,0,0,0,10,complete,true,true,286,0.004364013671875,229.14685314685315,8912711.5,0,0,8714546.5,0,0,7.353357626279541,7.5203101530180154,1740800,1740800,1740800,not-applicable,,,,,,,,,,
development,development-pilot-v2-retry,local-x86-64,x86_64,36f84685dc00064dae9a239face7e8eff797ed28,56c1b7390551d55bb056da7122b41ac3f7e4459570e4627ac278f7c91d669491,b1d7dba75560d44d8e234e4205e09487f93678fb8688cac6a0905486c969c2ca,1297748005,87c0d5d060fd36c685b98a38611b7bd6c4614d40b36d29be84edcd6c173f8160,gnu-time-v1-monotonic-wall,3b11dec50514a8473e9f6efa7a34d584d0657538c09988f61b72d38ad4991a10,development,lz4,lz4,,1,false,dev-synthetic-lfsr8,file,65536,10,10,0,0,0,10,complete,true,true,540,0.00823974609375,121.36296296296297,8814436,0,0,8894873.5,0,0,7.4350897487468357,7.3678748835021937,1740800,1740800,1740800,not-applicable,,,,,,,,,,
development,development-pilot-v2-retry,local-x86-64,x86_64,36f84685dc00064dae9a239face7e8eff797ed28,56c1b7390551d55bb056da7122b41ac3f7e4459570e4627ac278f7c91d669491,b1d7dba75560d44d8e234e4205e09487f93678fb8688cac6a0905486c969c2ca,1297748005,87c0d5d060fd36c685b98a38611b7bd6c4614d40b36d29be84edcd6c173f8160,gnu-time-v1-monotonic-wall,3b11dec50514a8473e9f6efa7a34d584d0657538c09988f61b72d38ad4991a10,development,lz4,lz4,,1,false,dev-synthetic-linear,file,65536,10,10,0,0,0,10,complete,true,true,541,0.0082550048828125,121.13863216266174,9067248,0,0,8924339,0,0,7.2280769199520387,7.3435283801733835,1740800,1740800,1740800,not-applicable,,,,,,,,,,
development,development-pilot-v2-retry,local-x86-64,x86_64,36f84685dc00064dae9a239face7e8eff797ed28,56c1b7390551d55bb056da7122b41ac3f7e4459570e4627ac278f7c91d669491,b1d7dba75560d44d8e234e4205e09487f93678fb8688cac6a0905486c969c2ca,1297748005,87c0d5d060fd36c685b98a38611b7bd6c4614d40b36d29be84edcd6c173f8160,gnu-time-v1-monotonic-wall,3b11dec50514a8473e9f6efa7a34d584d0657538c09988f61b72d38ad4991a10,development,lz4,lz4,,1,false,dev-synthetic-periodic,file,65536,10,10,0,0,0,10,complete,true,true,292,0.00445556640625,224.43835616438355,9693866,0,0,8912050,0,0,6.7642701888111603,7.353684034906248,1740800,1740800,1740800,not-applicable,,,,,,,,,,
development,development-pilot-v2-retry,local-x86-64,x86_64,36f84685dc00064dae9a239face7e8eff797ed28,56c1b7390551d55bb056da7122b41ac3f7e4459570e4627ac278f7c91d669491,b1d7dba75560d44d8e234e4205e09487f93678fb8688cac6a0905486c969c2ca,1297748005,87c0d5d060fd36c685b98a38611b7bd6c4614d40b36d29be84edcd6c173f8160,gnu-time-v1-monotonic-wall,3b11dec50514a8473e9f6efa7a34d584d0657538c09988f61b72d38ad4991a10,development,lz4,lz4,,1,false,dev-synthetic-piecewise-mixed,file,65536,10,10,0,0,0,10,complete,true,true,13134,0.200408935546875,4.9897974722095322,8941155.5,0,0,8849658,0,0,7.3297324476855774,7.4054849022129794,1740800,1740800,1740800,not-applicable,,,,,,,,,,
development,development-pilot-v2-retry,local-x86-64,x86_64,36f84685dc00064dae9a239face7e8eff797ed28,56c1b7390551d55bb056da7122b41ac3f7e4459570e4627ac278f7c91d669491,b1d7dba75560d44d8e234e4205e09487f93678fb8688cac6a0905486c969c2ca,1297748005,87c0d5d060fd36c685b98a38611b7bd6c4614d40b36d29be84edcd6c173f8160,gnu-time-v1-monotonic-wall,3b11dec50514a8473e9f6efa7a34d584d0657538c09988f61b72d38ad4991a10,development,lz4,lz4,,1,false,dev-synthetic-polynomial-d2,file,65536,10,10,0,0,0,10,complete,true,true,541,0.0082550048828125,121.13863216266174,8945499.5,0,0,8805003.5,0,0,7.3261483466268231,7.44306554539396,1740800,1740800,1740800,not-applicable,,,,,,,,,,
development,development-pilot-v2-retry,local-x86-64,x86_64,36f84685dc00064dae9a239face7e8eff797ed28,56c1b7390551d55bb056da7122b41ac3f7e4459570e4627ac278f7c91d669491,b1d7dba75560d44d8e234e4205e09487f93678fb8688cac6a0905486c969c2ca,1297748005,87c0d5d060fd36c685b98a38611b7bd6c4614d40b36d29be84edcd6c173f8160,gnu-time-v1-monotonic-wall,3b11dec50514a8473e9f6efa7a34d584d0657538c09988f61b72d38ad4991a10,development,lz4,lz4,,1,false,dev-synthetic-random,file,65536,10,10,0,0,0,10,complete,true,true,65555,1.0002899169921875,0.9997101670353139,8862983.5,0,0,8929111,0,0,7.3943524814321595,7.3396261808066212,1740800,1736704,1740800,not-applicable,,,,,,,,,,
development,development-pilot-v2-retry,local-x86-64,x86_64,36f84685dc00064dae9a239face7e8eff797ed28,56c1b7390551d55bb056da7122b41ac3f7e4459570e4627ac278f7c91d669491,b1d7dba75560d44d8e234e4205e09487f93678fb8688cac6a0905486c969c2ca,1297748005,87c0d5d060fd36c685b98a38611b7bd6c4614d40b36d29be84edcd6c173f8160,gnu-time-v1-monotonic-wall,3b11dec50514a8473e9f6efa7a34d584d0657538c09988f61b72d38ad4991a10,development,lz4,lz4,,1,false,dev-synthetic-recurrence,file,65536,10,10,0,0,0,10,complete,true,true,670,0.010223388671875,97.814925373134329,8857262,0,0,8912396.5,0,0,7.3991264401062349,7.3533578661199552,1740800,1740800,1740800,not-applicable,,,,,,,,,,
development,development-pilot-v2-retry,local-x86-64,x86_64,36f84685dc00064dae9a239face7e8eff797ed28,56c1b7390551d55bb056da7122b41ac3f7e4459570e4627ac278f7c91d669491,b1d7dba75560d44d8e234e4205e09487f93678fb8688cac6a0905486c969c2ca,1297748005,87c0d5d060fd36c685b98a38611b7bd6c4614d40b36d29be84edcd6c173f8160,gnu-time-v1-monotonic-wall,3b11dec50514a8473e9f6efa7a34d584d0657538c09988f61b72d38ad4991a10,development,lz4,lz4,,1,false,__aggregate__,corpus,10180361,110,110,0,0,0,10,complete,true,true,8951634,0.87930418184581072,1.1372628729011933,163009602.5,30000000,0.18404196493617953,159279254,30000000,0.17522853462946314,62.453788073321647,63.915420567382284,9998336,9828352,9998336,not-applicable,,,,,,,,,,
development,development-pilot-v2-retry,local-x86-64,x86_64,36f84685dc00064dae9a239face7e8eff797ed28,710840e9131cf094172098c985e2b371da66d184263016d59a71a97c9294a733,b1d7dba75560d44d8e234e4205e09487f93678fb8688cac6a0905486c969c2ca,1297748005,81128211b782e3a4331d1c5fcd6db21eecf78dc823faab718e7ebe3f2ceeeee8,gnu-time-v1-monotonic-wall,3b11dec50514a8473e9f6efa7a34d584d0657538c09988f61b72d38ad4991a10,development,mathsvg,balanced-ablation-no-whole-block-functions-v1,balanced,1,true,dev-canterbury-alice29-txt,file,152089,10,10,0,0,0,10,complete,true,true,80481,0.52917041995147573,1.8897503758651111,1275385586.5,1245000000,0.97225530121316894,65762614.5,30000000,0.45864796094595084,0.11924946492436263,2.312748634626371,5605376,5605376,3612672,exact,152577,152577,0,0,72096,0,0,152089,0,1
development,development-pilot-v2-retry,local-x86-64,x86_64,36f84685dc00064dae9a239face7e8eff797ed28,710840e9131cf094172098c985e2b371da66d184263016d59a71a97c9294a733,b1d7dba75560d44d8e234e4205e09487f93678fb8688cac6a0905486c969c2ca,1297748005,81128211b782e3a4331d1c5fcd6db21eecf78dc823faab718e7ebe3f2ceeeee8,gnu-time-v1-monotonic-wall,3b11dec50514a8473e9f6efa7a34d584d0657538c09988f61b72d38ad4991a10,development,mathsvg,balanced-ablation-no-whole-block-functions-v1,balanced,1,true,dev-canterbury-kennedy-xls,file,1029744,10,10,0,0,0,10,complete,true,true,261046,0.25350572569493002,3.9446840786681276,1578502728,1535000000,0.97219233958216611,166351921.5,110000000,0.6612496422171974,0.6523558877100456,6.1901622870482349,15591424,15591424,4784128,exact,1030232,1030232,0,0,769186,0,0,1029744,0,1
development,development-pilot-v2-retry,local-x86-64,x86_64,36f84685dc00064dae9a239face7e8eff797ed28,710840e9131cf094172098c985e2b371da66d184263016d59a71a97c9294a733,b1d7dba75560d44d8e234e4205e09487f93678fb8688cac6a0905486c969c2ca,1297748005,81128211b782e3a4331d1c5fcd6db21eecf78dc823faab718e7ebe3f2ceeeee8,gnu-time-v1-monotonic-wall,3b11dec50514a8473e9f6efa7a34d584d0657538c09988f61b72d38ad4991a10,development,mathsvg,balanced-ablation-no-whole-block-functions-v1,balanced,1,true,dev-silesia-x-ray,file,8474240,10,10,0,0,0,10,complete,true,true,6832574,0.80627572502076883,1.2402705042052966,17593047381.5,17525000000,0.99645642966274051,1924516785.5,1865000000,0.97748072358937321,0.48168189153144636,4.4033096404682537,21188608,21188608,7272448,exact,8476584,8476584,0,0,1644010,0,0,8474240,0,1
development,development-pilot-v2-retry,local-x86-64,x86_64,36f84685dc00064dae9a239face7e8eff797ed28,710840e9131cf094172098c985e2b371da66d184263016d59a71a97c9294a733,b1d7dba75560d44d8e234e4205e09487f93678fb8688cac6a0905486c969c2ca,1297748005,81128211b782e3a4331d1c5fcd6db21eecf78dc823faab718e7ebe3f2ceeeee8,gnu-time-v1-monotonic-wall,3b11dec50514a8473e9f6efa7a34d584d0657538c09988f61b72d38ad4991a10,development,mathsvg,balanced-ablation-no-whole-block-functions-v1,balanced,1,true,dev-synthetic-constant-00,file,65536,10,10,0,0,0,10,complete,true,true,489,0.0074615478515625,134.02044989775052,266474188,210000000,0.78958043193437943,9052277.5,0,0,0.24593803474997508,7.2397670162762395,4487168,4487168,3137536,exact,66024,66024,0,0,65535,0,0,65536,0,1
development,development-pilot-v2-retry,local-x86-64,x86_64,36f84685dc00064dae9a239face7e8eff797ed28,710840e9131cf094172098c985e2b371da66d184263016d59a71a97c9294a733,b1d7dba75560d44d8e234e4205e09487f93678fb8688cac6a0905486c969c2ca,1297748005,81128211b782e3a4331d1c5fcd6db21eecf78dc823faab718e7ebe3f2ceeeee8,gnu-time-v1-monotonic-wall,3b11dec50514a8473e9f6efa7a34d584d0657538c09988f61b72d38ad4991a10,development,mathsvg,balanced-ablation-no-whole-block-functions-v1,balanced,1,true,dev-synthetic-lfsr8,file,65536,10,10,0,0,0,10,complete,true,true,753,0.0114898681640625,87.033200531208493,316008437,250000000,0.85371265281241748,10235197,0,0,0.20738692893382965,6.4188857442239122,4603904,4603904,3176448,exact,66024,66024,0,0,65271,0,0,65536,0,1
development,development-pilot-v2-retry,local-x86-64,x86_64,36f84685dc00064dae9a239face7e8eff797ed28,710840e9131cf094172098c985e2b371da66d184263016d59a71a97c9294a733,b1d7dba75560d44d8e234e4205e09487f93678fb8688cac6a0905486c969c2ca,1297748005,81128211b782e3a4331d1c5fcd6db21eecf78dc823faab718e7ebe3f2ceeeee8,gnu-time-v1-monotonic-wall,3b11dec50514a8473e9f6efa7a34d584d0657538c09988f61b72d38ad4991a10,development,mathsvg,balanced-ablation-no-whole-block-functions-v1,balanced,1,true,dev-synthetic-linear,file,65536,10,10,0,0,0,10,complete,true,true,754,0.011505126953125,86.91777188328912,266804748.5,220000000,0.82558652590903869,9743673.5,0,0,0.24563282519228852,6.7266967481866402,4542464,4542464,3194880,exact,66024,66024,0,0,65270,0,0,65536,0,1
development,development-pilot-v2-retry,local-x86-64,x86_64,36f84685dc00064dae9a239face7e8eff797ed28,710840e9131cf094172098c985e2b371da66d184263016d59a71a97c9294a733,b1d7dba75560d44d8e234e4205e09487f93678fb8688cac6a0905486c969c2ca,1297748005,81128211b782e3a4331d1c5fcd6db21eecf78dc823faab718e7ebe3f2ceeeee8,gnu-time-v1-monotonic-wall,3b11dec50514a8473e9f6efa7a34d584d0657538c09988f61b72d38ad4991a10,development,mathsvg,balanced-ablation-no-whole-block-functions-v1,balanced,1,true,dev-synthetic-periodic,file,65536,10,10,0,0,0,10,complete,true,true,500,0.00762939453125,131.072,267205670.5,220000000,0.82423135853958418,10902582,0,0,0.24526427575644316,6.0694993460659781,4405248,4405248,3149824,exact,66024,66024,0,0,65524,0,0,65536,0,1
development,development-pilot-v2-retry,local-x86-64,x86_64,36f84685dc00064dae9a239face7e8eff797ed28,710840e9131cf094172098c985e2b371da66d184263016d59a71a97c9294a733,b1d7dba75560d44d8e234e4205e09487f93678fb8688cac6a0905486c969c2ca,1297748005,81128211b782e3a4331d1c5fcd6db21eecf78dc823faab718e7ebe3f2ceeeee8,gnu-time-v1-monotonic-wall,3b11dec50514a8473e9f6efa7a34d584d0657538c09988f61b72d38ad4991a10,development,mathsvg,balanced-ablation-no-whole-block-functions-v1,balanced,1,true,dev-synthetic-piecewise-mixed,file,65536,10,10,0,0,0,10,complete,true,true,13203,0.2014617919921875,4.9637203665833525,317036962,250000000,0.87937699814736825,9143347.5,0,0,0.20671608609050107,7.1676165230762949,4677632,4677632,3207168,exact,66024,66024,0,0,52821,0,0,65536,0,1
development,development-pilot-v2-retry,local-x86-64,x86_64,36f84685dc00064dae9a239face7e8eff797ed28,710840e9131cf094172098c985e2b371da66d184263016d59a71a97c9294a733,b1d7dba75560d44d8e234e4205e09487f93678fb8688cac6a0905486c969c2ca,1297748005,81128211b782e3a4331d1c5fcd6db21eecf78dc823faab718e7ebe3f2ceeeee8,gnu-time-v1-monotonic-wall,3b11dec50514a8473e9f6efa7a34d584d0657538c09988f61b72d38ad4991a10,development,mathsvg,balanced-ablation-no-whole-block-functions-v1,balanced,1,true,dev-synthetic-polynomial-d2,file,65536,10,10,0,0,0,10,complete,true,true,754,0.011505126953125,86.91777188328912,216230331.5,160000000,0.74028448955515302,11563434.5,0,0,0.30308422617017139,5.6677445748054129,4397056,4397056,3217408,exact,66024,66024,0,0,65270,0,0,65536,0,1
development,development-pilot-v2-retry,local-x86-64,x86_64,36f84685dc00064dae9a239face7e8eff797ed28,710840e9131cf094172098c985e2b371da66d184263016d59a71a97c9294a733,b1d7dba75560d44d8e234e4205e09487f93678fb8688cac6a0905486c969c2ca,1297748005,81128211b782e3a4331d1c5fcd6db21eecf78dc823faab718e7ebe3f2ceeeee8,gnu-time-v1-monotonic-wall,3b11dec50514a8473e9f6efa7a34d584d0657538c09988f61b72d38ad4991a10,development,mathsvg,balanced-ablation-no-whole-block-functions-v1,balanced,1,true,dev-synthetic-random,file,65536,10,10,0,0,0,10,complete,true,true,66024,1.0074462890625,0.99260874833393919,267542830.5,230000000,0.8634056513888424,17030903.5,0,0,0.24495542822275848,3.8480692964095558,4446208,4446208,3340288,exact,66024,66024,0,0,0,0,0,65536,0,1
development,development-pilot-v2-retry,local-x86-64,x86_64,36f84685dc00064dae9a239face7e8eff797ed28,710840e9131cf094172098c985e2b371da66d184263016d59a71a97c9294a733,b1d7dba75560d44d8e234e4205e09487f93678fb8688cac6a0905486c969c2ca,1297748005,81128211b782e3a4331d1c5fcd6db21eecf78dc823faab718e7ebe3f2ceeeee8,gnu-time-v1-monotonic-wall,3b11dec50514a8473e9f6efa7a34d584d0657538c09988f61b72d38ad4991a10,development,mathsvg,balanced-ablation-no-whole-block-functions-v1,balanced,1,true,dev-synthetic-recurrence,file,65536,10,10,0,0,0,10,complete,true,true,882,0.013458251953125,74.303854875283449,216105264.5,185000000,0.851177967393838,10174313,0,0,0.30325964442671649,6.4969884705102876,4431872,4431872,3180544,exact,66024,66024,0,0,65142,0,0,65536,0,1
development,development-pilot-v2-retry,local-x86-64,x86_64,36f84685dc00064dae9a239face7e8eff797ed28,710840e9131cf094172098c985e2b371da66d184263016d59a71a97c9294a733,b1d7dba75560d44d8e234e4205e09487f93678fb8688cac6a0905486c969c2ca,1297748005,81128211b782e3a4331d1c5fcd6db21eecf78dc823faab718e7ebe3f2ceeeee8,gnu-time-v1-monotonic-wall,3b11dec50514a8473e9f6efa7a34d584d0657538c09988f61b72d38ad4991a10,development,mathsvg,balanced-ablation-no-whole-block-functions-v1,balanced,1,true,__aggregate__,corpus,10180361,110,110,0,0,0,10,complete,true,true,7257460,0.71288827576939562,1.4027443485737434,22586044609,22080000000,0.97788512774331593,2245377949,2010000000,0.89601401846717832,0.45073692229391832,4.5339224216373299,21188608,21188608,7272448,exact,10187585,10187585,0,0,2930125,0,0,10180361,0,1
development,development-pilot-v2-retry,local-x86-64,x86_64,36f84685dc00064dae9a239face7e8eff797ed28,8afdee0e1fe04f0a9c92a00ebbd438b50004de9dcdf47ce697a89ac0bdae40a5,b1d7dba75560d44d8e234e4205e09487f93678fb8688cac6a0905486c969c2ca,1297748005,7c5468b370f7c47eda07281e3437fafc568f95d10420051e3aa522709f9342c5,gnu-time-v1-monotonic-wall,3b11dec50514a8473e9f6efa7a34d584d0657538c09988f61b72d38ad4991a10,development,zstd-default,zstd-default,,1,false,dev-canterbury-alice29-txt,file,152089,10,10,0,0,0,10,complete,true,true,56999,0.37477398102426868,2.6682748820154738,17083520.5,0,0,10784895,0,0,8.9026774402572695,14.105167546388625,3571712,3571712,2828288,not-applicable,,,,,,,,,,
development,development-pilot-v2-retry,local-x86-64,x86_64,36f84685dc00064dae9a239face7e8eff797ed28,8afdee0e1fe04f0a9c92a00ebbd438b50004de9dcdf47ce697a89ac0bdae40a5,b1d7dba75560d44d8e234e4205e09487f93678fb8688cac6a0905486c969c2ca,1297748005,7c5468b370f7c47eda07281e3437fafc568f95d10420051e3aa522709f9342c5,gnu-time-v1-monotonic-wall,3b11dec50514a8473e9f6efa7a34d584d0657538c09988f61b72d38ad4991a10,development,zstd-default,zstd-default,,1,false,dev-canterbury-kennedy-xls,file,1029744,10,10,0,0,0,10,complete,true,true,111746,0.10851823365807424,9.2150412542730837,33212509.5,0,0,17126725.5,0,0,31.004705067207041,60.125086342090128,5347328,5347328,3661824,not-applicable,,,,,,,,,,
development,development-pilot-v2-retry,local-x86-64,x86_64,36f84685dc00064dae9a239face7e8eff797ed28,8afdee0e1fe04f0a9c92a00ebbd438b50004de9dcdf47ce697a89ac0bdae40a5,b1d7dba75560d44d8e234e4205e09487f93678fb8688cac6a0905486c969c2ca,1297748005,7c5468b370f7c47eda07281e3437fafc568f95d10420051e3aa522709f9342c5,gnu-time-v1-monotonic-wall,3b11dec50514a8473e9f6efa7a34d584d0657538c09988f61b72d38ad4991a10,development,zstd-default,zstd-default,,1,false,dev-silesia-x-ray,file,8474240,10,10,0,0,0,10,complete,true,true,6086279,0.71820942054980741,1.3923515501014658,217634568,210000000,0.96467002276650271,65804226,40000000,0.60037713883674249,38.937932184787897,128.78050111020727,19361792,19361792,6244352,not-applicable,,,,,,,,,,
development,development-pilot-v2-retry,local-x86-64,x86_64,36f84685dc00064dae9a239face7e8eff797ed28,8afdee0e1fe04f0a9c92a00ebbd438b50004de9dcdf47ce697a89ac0bdae40a5,b1d7dba75560d44d8e234e4205e09487f93678fb8688cac6a0905486c969c2ca,1297748005,7c5468b370f7c47eda07281e3437fafc568f95d10420051e3aa522709f9342c5,gnu-time-v1-monotonic-wall,3b11dec50514a8473e9f6efa7a34d584d0657538c09988f61b72d38ad4991a10,development,zstd-default,zstd-default,,1,false,dev-synthetic-constant-00,file,65536,10,10,0,0,0,10,complete,true,true,24,0.0003662109375,2730.6666666666665,10678208,0,0,9003930.5,0,0,6.1402968554930268,7.2786857753157603,2926592,2926592,2695168,not-applicable,,,,,,,,,,
development,development-pilot-v2-retry,local-x86-64,x86_64,36f84685dc00064dae9a239face7e8eff797ed28,8afdee0e1fe04f0a9c92a00ebbd438b50004de9dcdf47ce697a89ac0bdae40a5,b1d7dba75560d44d8e234e4205e09487f93678fb8688cac6a0905486c969c2ca,1297748005,7c5468b370f7c47eda07281e3437fafc568f95d10420051e3aa522709f9342c5,gnu-time-v1-monotonic-wall,3b11dec50514a8473e9f6efa7a34d584d0657538c09988f61b72d38ad4991a10,development,zstd-default,zstd-default,,1,false,dev-synthetic-lfsr8,file,65536,10,10,0,0,0,10,complete,true,true,279,0.0042572021484375,234.89605734767025,8938527.5,0,0,9230274,0,0,7.3319075754357019,7.1020490946629717,2949120,2949120,2672640,not-applicable,,,,,,,,,,
development,development-pilot-v2-retry,local-x86-64,x86_64,36f84685dc00064dae9a239face7e8eff797ed28,8afdee0e1fe04f0a9c92a00ebbd438b50004de9dcdf47ce697a89ac0bdae40a5,b1d7dba75560d44d8e234e4205e09487f93678fb8688cac6a0905486c969c2ca,1297748005,7c5468b370f7c47eda07281e3437fafc568f95d10420051e3aa522709f9342c5,gnu-time-v1-monotonic-wall,3b11dec50514a8473e9f6efa7a34d584d0657538c09988f61b72d38ad4991a10,development,zstd-default,zstd-default,,1,false,dev-synthetic-linear,file,65536,10,10,0,0,0,10,complete,true,true,281,0.0042877197265625,233.22419928825622,9060725.5,0,0,8989598.5,0,0,7.2329749041506659,7.2911465749350208,2971648,2971648,2666496,not-applicable,,,,,,,,,,
development,development-pilot-v2-retry,local-x86-64,x86_64,36f84685dc00064dae9a239face7e8eff797ed28,8afdee0e1fe04f0a9c92a00ebbd438b50004de9dcdf47ce697a89ac0bdae40a5,b1d7dba75560d44d8e234e4205e09487f93678fb8688cac6a0905486c969c2ca,1297748005,7c5468b370f7c47eda07281e3437fafc568f95d10420051e3aa522709f9342c5,gnu-time-v1-monotonic-wall,3b11dec50514a8473e9f6efa7a34d584d0657538c09988f61b72d38ad4991a10,development,zstd-default,zstd-default,,1,false,dev-synthetic-periodic,file,65536,10,10,0,0,0,10,complete,true,true,29,0.0004425048828125,2259.8620689655172,9838793,0,0,9257922,0,0,6.7033621757264763,7.0851327400087207,2949120,2949120,2713600,not-applicable,,,,,,,,,,
development,development-pilot-v2-retry,local-x86-64,x86_64,36f84685dc00064dae9a239face7e8eff797ed28,8afdee0e1fe04f0a9c92a00ebbd438b50004de9dcdf47ce697a89ac0bdae40a5,b1d7dba75560d44d8e234e4205e09487f93678fb8688cac6a0905486c969c2ca,1297748005,7c5468b370f7c47eda07281e3437fafc568f95d10420051e3aa522709f9342c5,gnu-time-v1-monotonic-wall,3b11dec50514a8473e9f6efa7a34d584d0657538c09988f61b72d38ad4991a10,development,zstd-default,zstd-default,,1,false,dev-synthetic-piecewise-mixed,file,65536,10,10,0,0,0,10,complete,true,true,12951,0.1976165771484375,5.0603042236120759,8821027.5,0,0,8872362.5,0,0,7.429560282577059,7.3866161614569261,2975744,2975744,2693120,not-applicable,,,,,,,,,,
development,development-pilot-v2-retry,local-x86-64,x86_64,36f84685dc00064dae9a239face7e8eff797ed28,8afdee0e1fe04f0a9c92a00ebbd438b50004de9dcdf47ce697a89ac0bdae40a5,b1d7dba75560d44d8e234e4205e09487f93678fb8688cac6a0905486c969c2ca,1297748005,7c5468b370f7c47eda07281e3437fafc568f95d10420051e3aa522709f9342c5,gnu-time-v1-monotonic-wall,3b11dec50514a8473e9f6efa7a34d584d0657538c09988f61b72d38ad4991a10,development,zstd-default,zstd-default,,1,false,dev-synthetic-polynomial-d2,file,65536,10,10,0,0,0,10,complete,true,true,281,0.0042877197265625,233.22419928825622,8848684.5,0,0,8889833.5,0,0,7.4063763307073955,7.3721983885440903,2928640,2928640,2719744,not-applicable,,,,,,,,,,
development,development-pilot-v2-retry,local-x86-64,x86_64,36f84685dc00064dae9a239face7e8eff797ed28,8afdee0e1fe04f0a9c92a00ebbd438b50004de9dcdf47ce697a89ac0bdae40a5,b1d7dba75560d44d8e234e4205e09487f93678fb8688cac6a0905486c969c2ca,1297748005,7c5468b370f7c47eda07281e3437fafc568f95d10420051e3aa522709f9342c5,gnu-time-v1-monotonic-wall,3b11dec50514a8473e9f6efa7a34d584d0657538c09988f61b72d38ad4991a10,development,zstd-default,zstd-default,,1,false,dev-synthetic-random,file,65536,10,10,0,0,0,10,complete,true,true,65550,1.000213623046875,0.99978642257818462,9090490,0,0,9461990,0,0,7.2096437532567155,6.9268504011699656,3106816,3106816,2676736,not-applicable,,,,,,,,,,
development,development-pilot-v2-retry,local-x86-64,x86_64,36f84685dc00064dae9a239face7e8eff797ed28,8afdee0e1fe04f0a9c92a00ebbd438b50004de9dcdf47ce697a89ac0bdae40a5,b1d7dba75560d44d8e234e4205e09487f93678fb8688cac6a0905486c969c2ca,1297748005,7c5468b370f7c47eda07281e3437fafc568f95d10420051e3aa522709f9342c5,gnu-time-v1-monotonic-wall,3b11dec50514a8473e9f6efa7a34d584d0657538c09988f61b72d38ad4991a10,development,zstd-default,zstd-default,,1,false,dev-synthetic-recurrence,file,65536,10,10,0,0,0,10,complete,true,true,409,0.0062408447265625,160.23471882640587,8916208,0,0,8851851.5,0,0,7.3503464636471243,7.4038144528338297,2951168,2951168,2678784,not-applicable,,,,,,,,,,
development,development-pilot-v2-retry,local-x86-64,x86_64,36f84685dc00064dae9a239face7e8eff797ed28,8afdee0e1fe04f0a9c92a00ebbd438b50004de9dcdf47ce697a89ac0bdae40a5,b1d7dba75560d44d8e234e4205e09487f93678fb8688cac6a0905486c969c2ca,1297748005,7c5468b370f7c47eda07281e3437fafc568f95d10420051e3aa522709f9342c5,gnu-time-v1-monotonic-wall,3b11dec50514a8473e9f6efa7a34d584d0657538c09988f61b72d38ad4991a10,development,zstd-default,zstd-default,,1,false,__aggregate__,corpus,10180361,110,110,0,0,0,10,complete,true,true,6334828,0.62225966250116282,1.6070461581593061,351931077.5,210000000,0.58449207527838698,175077641,40000000,0.22848517016593378,28.927149730153246,58.151537885890903,19361792,19361792,6244352,not-applicable,,,,,,,,,,
development,development-pilot-v2-retry,local-x86-64,x86_64,36f84685dc00064dae9a239face7e8eff797ed28,b8b432a44db4d5e59ca81df6eaa329ee2a47590fff0448de7f7401ea9595e925,b1d7dba75560d44d8e234e4205e09487f93678fb8688cac6a0905486c969c2ca,1297748005,81128211b782e3a4331d1c5fcd6db21eecf78dc823faab718e7ebe3f2ceeeee8,gnu-time-v1-monotonic-wall,3b11dec50514a8473e9f6efa7a34d584d0657538c09988f61b72d38ad4991a10,development,mathsvg,balanced-v1,balanced,1,true,dev-canterbury-alice29-txt,file,152089,10,10,0,0,0,10,complete,true,true,80481,0.52917041995147573,1.8897503758651111,1300647564,1260000000,0.97647787895853289,66088585,30000000,0.4573584331454526,0.11695791865771495,2.3013911565105887,5775360,5775360,3549184,exact,152577,152577,0,0,72096,0,0,152089,0,1
development,development-pilot-v2-retry,local-x86-64,x86_64,36f84685dc00064dae9a239face7e8eff797ed28,b8b432a44db4d5e59ca81df6eaa329ee2a47590fff0448de7f7401ea9595e925,b1d7dba75560d44d8e234e4205e09487f93678fb8688cac6a0905486c969c2ca,1297748005,81128211b782e3a4331d1c5fcd6db21eecf78dc823faab718e7ebe3f2ceeeee8,gnu-time-v1-monotonic-wall,3b11dec50514a8473e9f6efa7a34d584d0657538c09988f61b72d38ad4991a10,development,mathsvg,balanced-v1,balanced,1,true,dev-canterbury-kennedy-xls,file,1029744,10,10,0,0,0,10,complete,true,true,261046,0.25350572569493002,3.9446840786681276,1601607190.5,1545000000,0.97065341468852528,166280275,110000000,0.66326275264845047,0.64308417974492627,6.1928559814103536,18061312,18061312,4818944,exact,1030232,1030232,0,0,769186,0,0,1029744,0,1
development,development-pilot-v2-retry,local-x86-64,x86_64,36f84685dc00064dae9a239face7e8eff797ed28,b8b432a44db4d5e59ca81df6eaa329ee2a47590fff0448de7f7401ea9595e925,b1d7dba75560d44d8e234e4205e09487f93678fb8688cac6a0905486c969c2ca,1297748005,81128211b782e3a4331d1c5fcd6db21eecf78dc823faab718e7ebe3f2ceeeee8,gnu-time-v1-monotonic-wall,3b11dec50514a8473e9f6efa7a34d584d0657538c09988f61b72d38ad4991a10,development,mathsvg,balanced-v1,balanced,1,true,dev-silesia-x-ray,file,8474240,10,10,0,0,0,10,complete,true,true,6832574,0.80627572502076883,1.2402705042052966,17628043274,17590000000,0.99720623367373284,1903882167,1860000000,0.98235002167269814,0.48072493897300195,4.4515019152190076,22534144,22534144,7258112,exact,8476584,8476584,0,0,1644010,0,0,8474240,0,1
development,development-pilot-v2-retry,local-x86-64,x86_64,36f84685dc00064dae9a239face7e8eff797ed28,b8b432a44db4d5e59ca81df6eaa329ee2a47590fff0448de7f7401ea9595e925,b1d7dba75560d44d8e234e4205e09487f93678fb8688cac6a0905486c969c2ca,1297748005,81128211b782e3a4331d1c5fcd6db21eecf78dc823faab718e7ebe3f2ceeeee8,gnu-time-v1-monotonic-wall,3b11dec50514a8473e9f6efa7a34d584d0657538c09988f61b72d38ad4991a10,development,mathsvg,balanced-v1,balanced,1,true,dev-synthetic-constant-00,file,65536,10,10,0,0,0,10,complete,true,true,485,0.0074005126953125,135.12577319587629,266991829.5,200000000,0.77917165844207181,9361575,0,0,0.24546110020280182,7.0058027510624097,4470784,4470784,3155968,exact,66024,485,65539,0,0,0,65536,0,1,0
development,development-pilot-v2-retry,local-x86-64,x86_64,36f84685dc00064dae9a239face7e8eff797ed28,b8b432a44db4d5e59ca81df6eaa329ee2a47590fff0448de7f7401ea9595e925,b1d7dba75560d44d8e234e4205e09487f93678fb8688cac6a0905486c969c2ca,1297748005,81128211b782e3a4331d1c5fcd6db21eecf78dc823faab718e7ebe3f2ceeeee8,gnu-time-v1-monotonic-wall,3b11dec50514a8473e9f6efa7a34d584d0657538c09988f61b72d38ad4991a10,development,mathsvg,balanced-v1,balanced,1,true,dev-synthetic-lfsr8,file,65536,10,10,0,0,0,10,complete,true,true,753,0.0114898681640625,87.033200531208493,268182213.5,250000000,0.93137077500895915,9043913,0,0,0.24437187819248773,7.2464236682705465,4620288,4620288,3196928,exact,66024,66024,0,0,65271,0,0,65536,0,1
development,development-pilot-v2-retry,local-x86-64,x86_64,36f84685dc00064dae9a239face7e8eff797ed28,b8b432a44db4d5e59ca81df6eaa329ee2a47590fff0448de7f7401ea9595e925,b1d7dba75560d44d8e234e4205e09487f93678fb8688cac6a0905486c969c2ca,1297748005,81128211b782e3a4331d1c5fcd6db21eecf78dc823faab718e7ebe3f2ceeeee8,gnu-time-v1-monotonic-wall,3b11dec50514a8473e9f6efa7a34d584d0657538c09988f61b72d38ad4991a10,development,mathsvg,balanced-v1,balanced,1,true,dev-synthetic-linear,file,65536,10,10,0,0,0,10,complete,true,true,489,0.0074615478515625,134.02044989775052,268000066.5,230000000,0.85254201930478768,17129231,0,0,0.24453725308699292,3.8259886834473242,4487168,4487168,3139584,exact,66024,489,65535,0,0,0,65536,0,1,0
development,development-pilot-v2-retry,local-x86-64,x86_64,36f84685dc00064dae9a239face7e8eff797ed28,b8b432a44db4d5e59ca81df6eaa329ee2a47590fff0448de7f7401ea9595e925,b1d7dba75560d44d8e234e4205e09487f93678fb8688cac6a0905486c969c2ca,1297748005,81128211b782e3a4331d1c5fcd6db21eecf78dc823faab718e7ebe3f2ceeeee8,gnu-time-v1-monotonic-wall,3b11dec50514a8473e9f6efa7a34d584d0657538c09988f61b72d38ad4991a10,development,mathsvg,balanced-v1,balanced,1,true,dev-synthetic-periodic,file,65536,10,10,0,0,0,10,complete,true,true,500,0.00762939453125,131.072,266674175.5,210000000,0.7874785970206305,10577975,0,0,0.24575332063973354,6.2229749852717813,4534272,4534272,3215360,exact,66024,66024,0,0,65524,0,0,65536,0,1
development,development-pilot-v2-retry,local-x86-64,x86_64,36f84685dc00064dae9a239face7e8eff797ed28,b8b432a44db4d5e59ca81df6eaa329ee2a47590fff0448de7f7401ea9595e925,b1d7dba75560d44d8e234e4205e09487f93678fb8688cac6a0905486c969c2ca,1297748005,81128211b782e3a4331d1c5fcd6db21eecf78dc823faab718e7ebe3f2ceeeee8,gnu-time-v1-monotonic-wall,3b11dec50514a8473e9f6efa7a34d584d0657538c09988f61b72d38ad4991a10,development,mathsvg,balanced-v1,balanced,1,true,dev-synthetic-piecewise-mixed,file,65536,10,10,0,0,0,10,complete,true,true,13203,0.2014617919921875,4.9637203665833525,316845838,260000000,0.85157057465614583,9468387,0,0,0.2068387594791721,6.9296890771066906,4610048,4610048,3223552,exact,66024,66024,0,0,52821,0,0,65536,0,1
development,development-pilot-v2-retry,local-x86-64,x86_64,36f84685dc00064dae9a239face7e8eff797ed28,b8b432a44db4d5e59ca81df6eaa329ee2a47590fff0448de7f7401ea9595e925,b1d7dba75560d44d8e234e4205e09487f93678fb8688cac6a0905486c969c2ca,1297748005,81128211b782e3a4331d1c5fcd6db21eecf78dc823faab718e7ebe3f2ceeeee8,gnu-time-v1-monotonic-wall,3b11dec50514a8473e9f6efa7a34d584d0657538c09988f61b72d38ad4991a10,development,mathsvg,balanced-v1,balanced,1,true,dev-synthetic-polynomial-d2,file,65536,10,10,0,0,0,10,complete,true,true,754,0.011505126953125,86.91777188328912,216728931.5,160000000,0.74010621521669151,9547195,0,0,0.30238749828554956,6.8731017227192739,4585472,4585472,3147776,exact,66024,66024,0,0,65270,0,0,65536,0,1
development,development-pilot-v2-retry,local-x86-64,x86_64,36f84685dc00064dae9a239face7e8eff797ed28,b8b432a44db4d5e59ca81df6eaa329ee2a47590fff0448de7f7401ea9595e925,b1d7dba75560d44d8e234e4205e09487f93678fb8688cac6a0905486c969c2ca,1297748005,81128211b782e3a4331d1c5fcd6db21eecf78dc823faab718e7ebe3f2ceeeee8,gnu-time-v1-monotonic-wall,3b11dec50514a8473e9f6efa7a34d584d0657538c09988f61b72d38ad4991a10,development,mathsvg,balanced-v1,balanced,1,true,dev-synthetic-random,file,65536,10,10,0,0,0,10,complete,true,true,66024,1.0074462890625,0.99260874833393919,267290775.5,230000000,0.86048659633947056,17082892,0,0,0.24518630251175449,3.836382418481481,4599808,4599808,3313664,exact,66024,66024,0,0,0,0,0,65536,0,1
development,development-pilot-v2-retry,local-x86-64,x86_64,36f84685dc00064dae9a239face7e8eff797ed28,b8b432a44db4d5e59ca81df6eaa329ee2a47590fff0448de7f7401ea9595e925,b1d7dba75560d44d8e234e4205e09487f93678fb8688cac6a0905486c969c2ca,1297748005,81128211b782e3a4331d1c5fcd6db21eecf78dc823faab718e7ebe3f2ceeeee8,gnu-time-v1-monotonic-wall,3b11dec50514a8473e9f6efa7a34d584d0657538c09988f61b72d38ad4991a10,development,mathsvg,balanced-v1,balanced,1,true,dev-synthetic-recurrence,file,65536,10,10,0,0,0,10,complete,true,true,882,0.013458251953125,74.303854875283449,216704290.5,180000000,0.8306250049512931,9653599,0,0,0.30242133513604408,6.8018545454879114,4472832,4472832,3145728,exact,66024,66024,0,0,65142,0,0,65536,0,1
development,development-pilot-v2-retry,local-x86-64,x86_64,36f84685dc00064dae9a239face7e8eff797ed28,b8b432a44db4d5e59ca81df6eaa329ee2a47590fff0448de7f7401ea9595e925,b1d7dba75560d44d8e234e4205e09487f93678fb8688cac6a0905486c969c2ca,1297748005,81128211b782e3a4331d1c5fcd6db21eecf78dc823faab718e7ebe3f2ceeeee8,gnu-time-v1-monotonic-wall,3b11dec50514a8473e9f6efa7a34d584d0657538c09988f61b72d38ad4991a10,development,mathsvg,balanced-v1,balanced,1,true,__aggregate__,corpus,10180361,110,110,0,0,0,10,complete,true,true,7257191,0.71286185234492172,1.402796343654177,22641215069,22145000000,0.97887328188089806,2235459731,2010000000,0.90361533689833484,0.44963864031237,4.5544614710297502,22534144,22534144,7258112,exact,10187585,10056511,131074,0,2799320,0,131072,10049289,0.012874985474483664,0.98712501452551638
development,development-pilot-v2-retry,local-x86-64,x86_64,36f84685dc00064dae9a239face7e8eff797ed28,bf920ab8461c6c60c8cc32db3d853f55655e60793cf7f64068847ad56c2b2e67,b1d7dba75560d44d8e234e4205e09487f93678fb8688cac6a0905486c969c2ca,1297748005,afea077ce127d4fa9ad410d3066ba2b54dea19c0b44f04adf56c72d5f7b7a9bb,gnu-time-v1-monotonic-wall,3b11dec50514a8473e9f6efa7a34d584d0657538c09988f61b72d38ad4991a10,development,gzip-6,gzip-6,,1,false,dev-canterbury-alice29-txt,file,152089,10,10,0,0,0,10,complete,true,true,54423,0.35783652992655618,2.7945721478051557,33109718.5,10000000,0.30202641151411874,8997482.5,0,0,4.5934894900770811,16.903507344651384,1822720,1822720,1560576,not-applicable,,,,,,,,,,
development,development-pilot-v2-retry,local-x86-64,x86_64,36f84685dc00064dae9a239face7e8eff797ed28,bf920ab8461c6c60c8cc32db3d853f55655e60793cf7f64068847ad56c2b2e67,b1d7dba75560d44d8e234e4205e09487f93678fb8688cac6a0905486c969c2ca,1297748005,afea077ce127d4fa9ad410d3066ba2b54dea19c0b44f04adf56c72d5f7b7a9bb,gnu-time-v1-monotonic-wall,3b11dec50514a8473e9f6efa7a34d584d0657538c09988f61b72d38ad4991a10,development,gzip-6,gzip-6,,1,false,dev-canterbury-kennedy-xls,file,1029744,10,10,0,0,0,10,complete,true,true,206767,0.20079456641650739,4.9802144442778591,66150098,50000000,0.74276779963516026,17375924,0,0,15.566955577370688,59.265523184859717,1953792,1953792,1691648,not-applicable,,,,,,,,,,
development,development-pilot-v2-retry,local-x86-64,x86_64,36f84685dc00064dae9a239face7e8eff797ed28,bf920ab8461c6c60c8cc32db3d853f55655e60793cf7f64068847ad56c2b2e67,b1d7dba75560d44d8e234e4205e09487f93678fb8688cac6a0905486c969c2ca,1297748005,afea077ce127d4fa9ad410d3066ba2b54dea19c0b44f04adf56c72d5f7b7a9bb,gnu-time-v1-monotonic-wall,3b11dec50514a8473e9f6efa7a34d584d0657538c09988f61b72d38ad4991a10,development,gzip-6,gzip-6,,1,false,dev-silesia-x-ray,file,8474240,10,10,0,0,0,10,complete,true,true,6037788,0.71248725549429803,1.4035338769761376,568626709,540000000,0.93716579371697428,166572210.5,120000000,0.71566049024496026,14.902997128040626,50.874564819293894,2084864,2084864,1822720,not-applicable,,,,,,,,,,
development,development-pilot-v2-retry,local-x86-64,x86_64,36f84685dc00064dae9a239face7e8eff797ed28,bf920ab8461c6c60c8cc32db3d853f55655e60793cf7f64068847ad56c2b2e67,b1d7dba75560d44d8e234e4205e09487f93678fb8688cac6a0905486c969c2ca,1297748005,afea077ce127d4fa9ad410d3066ba2b54dea19c0b44f04adf56c72d5f7b7a9bb,gnu-time-v1-monotonic-wall,3b11dec50514a8473e9f6efa7a34d584d0657538c09988f61b72d38ad4991a10,development,gzip-6,gzip-6,,1,false,dev-synthetic-constant-00,file,65536,10,10,0,0,0,10,complete,true,true,96,0.00146484375,682.66666666666663,8881718,0,0,8785810,0,0,7.3787619014979704,7.4597321092666533,1691648,1691648,1560576,not-applicable,,,,,,,,,,
development,development-pilot-v2-retry,local-x86-64,x86_64,36f84685dc00064dae9a239face7e8eff797ed28,bf920ab8461c6c60c8cc32db3d853f55655e60793cf7f64068847ad56c2b2e67,b1d7dba75560d44d8e234e4205e09487f93678fb8688cac6a0905486c969c2ca,1297748005,afea077ce127d4fa9ad410d3066ba2b54dea19c0b44f04adf56c72d5f7b7a9bb,gnu-time-v1-monotonic-wall,3b11dec50514a8473e9f6efa7a34d584d0657538c09988f61b72d38ad4991a10,development,gzip-6,gzip-6,,1,false,dev-synthetic-lfsr8,file,65536,10,10,0,0,0,10,complete,true,true,598,0.009124755859375,109.59197324414716,8897521.5,0,0,8715674.5,0,0,7.365654920308609,7.5193349930373934,1691648,1691648,1560576,not-applicable,,,,,,,,,,
development,development-pilot-v2-retry,local-x86-64,x86_64,36f84685dc00064dae9a239face7e8eff797ed28,bf920ab8461c6c60c8cc32db3d853f55655e60793cf7f64068847ad56c2b2e67,b1d7dba75560d44d8e234e4205e09487f93678fb8688cac6a0905486c969c2ca,1297748005,afea077ce127d4fa9ad410d3066ba2b54dea19c0b44f04adf56c72d5f7b7a9bb,gnu-time-v1-monotonic-wall,3b11dec50514a8473e9f6efa7a34d584d0657538c09988f61b72d38ad4991a10,development,gzip-6,gzip-6,,1,false,dev-synthetic-linear,file,65536,10,10,0,0,0,10,complete,true,true,597,0.0091094970703125,109.77554438860972,8855250.5,0,0,8908608,0,0,7.4008105551831109,7.3565148901030373,1691648,1691648,1560576,not-applicable,,,,,,,,,,
development,development-pilot-v2-retry,local-x86-64,x86_64,36f84685dc00064dae9a239face7e8eff797ed28,bf920ab8461c6c60c8cc32db3d853f55655e60793cf7f64068847ad56c2b2e67,b1d7dba75560d44d8e234e4205e09487f93678fb8688cac6a0905486c969c2ca,1297748005,afea077ce127d4fa9ad410d3066ba2b54dea19c0b44f04adf56c72d5f7b7a9bb,gnu-time-v1-monotonic-wall,3b11dec50514a8473e9f6efa7a34d584d0657538c09988f61b72d38ad4991a10,development,gzip-6,gzip-6,,1,false,dev-synthetic-periodic,file,65536,10,10,0,0,0,10,complete,true,true,139,0.0021209716796875,471.48201438848923,8800296,0,0,8671953,0,0,7.4470236032174597,7.5573019471386562,1691648,1691648,1560576,not-applicable,,,,,,,,,,
development,development-pilot-v2-retry,local-x86-64,x86_64,36f84685dc00064dae9a239face7e8eff797ed28,bf920ab8461c6c60c8cc32db3d853f55655e60793cf7f64068847ad56c2b2e67,b1d7dba75560d44d8e234e4205e09487f93678fb8688cac6a0905486c969c2ca,1297748005,afea077ce127d4fa9ad410d3066ba2b54dea19c0b44f04adf56c72d5f7b7a9bb,gnu-time-v1-monotonic-wall,3b11dec50514a8473e9f6efa7a34d584d0657538c09988f61b72d38ad4991a10,development,gzip-6,gzip-6,,1,false,dev-synthetic-piecewise-mixed,file,65536,10,10,0,0,0,10,complete,true,true,12684,0.19354248046875,5.1668243456322926,9107417.5,0,0,8940739.5,0,0,7.1958962904905075,7.331149180856638,1691648,1691648,1560576,not-applicable,,,,,,,,,,
development,development-pilot-v2-retry,local-x86-64,x86_64,36f84685dc00064dae9a239face7e8eff797ed28,bf920ab8461c6c60c8cc32db3d853f55655e60793cf7f64068847ad56c2b2e67,b1d7dba75560d44d8e234e4205e09487f93678fb8688cac6a0905486c969c2ca,1297748005,afea077ce127d4fa9ad410d3066ba2b54dea19c0b44f04adf56c72d5f7b7a9bb,gnu-time-v1-monotonic-wall,3b11dec50514a8473e9f6efa7a34d584d0657538c09988f61b72d38ad4991a10,development,gzip-6,gzip-6,,1,false,dev-synthetic-polynomial-d2,file,65536,10,10,0,0,0,10,complete,true,true,594,0.009063720703125,110.32996632996633,8929618,0,0,8994255,0,0,7.339189118004013,7.2864289651437115,1691648,1691648,1560576,not-applicable,,,,,,,,,,
development,development-pilot-v2-retry,local-x86-64,x86_64,36f84685dc00064dae9a239face7e8eff797ed28,bf920ab8461c6c60c8cc32db3d853f55655e60793cf7f64068847ad56c2b2e67,b1d7dba75560d44d8e234e4205e09487f93678fb8688cac6a0905486c969c2ca,1297748005,afea077ce127d4fa9ad410d3066ba2b54dea19c0b44f04adf56c72d5f7b7a9bb,gnu-time-v1-monotonic-wall,3b11dec50514a8473e9f6efa7a34d584d0657538c09988f61b72d38ad4991a10,development,gzip-6,gzip-6,,1,false,dev-synthetic-random,file,65536,10,10,0,0,0,10,complete,true,true,65564,1.00042724609375,0.99957293636751876,8995587,0,0,8752235,0,0,7.2853597449041594,7.4880425824602952,1822720,1822720,1560576,not-applicable,,,,,,,,,,
development,development-pilot-v2-retry,local-x86-64,x86_64,36f84685dc00064dae9a239face7e8eff797ed28,bf920ab8461c6c60c8cc32db3d853f55655e60793cf7f64068847ad56c2b2e67,b1d7dba75560d44d8e234e4205e09487f93678fb8688cac6a0905486c969c2ca,1297748005,afea077ce127d4fa9ad410d3066ba2b54dea19c0b44f04adf56c72d5f7b7a9bb,gnu-time-v1-monotonic-wall,3b11dec50514a8473e9f6efa7a34d584d0657538c09988f61b72d38ad4991a10,development,gzip-6,gzip-6,,1,false,dev-synthetic-recurrence,file,65536,10,10,0,0,0,10,complete,true,true,785,0.0119781494140625,83.485350318471333,9312410.5,0,0,8919297,0,0,7.0380210014179125,7.3485914481891212,1691648,1691648,1560576,not-applicable,,,,,,,,,,
development,development-pilot-v2-retry,local-x86-64,x86_64,36f84685dc00064dae9a239face7e8eff797ed28,bf920ab8461c6c60c8cc32db3d853f55655e60793cf7f64068847ad56c2b2e67,b1d7dba75560d44d8e234e4205e09487f93678fb8688cac6a0905486c969c2ca,1297748005,afea077ce127d4fa9ad410d3066ba2b54dea19c0b44f04adf56c72d5f7b7a9bb,gnu-time-v1-monotonic-wall,3b11dec50514a8473e9f6efa7a34d584d0657538c09988f61b72d38ad4991a10,development,gzip-6,gzip-6,,1,false,__aggregate__,corpus,10180361,110,110,0,0,0,10,complete,true,true,6380035,0.6267002712379256,1.5956591147227248,741294974.5,590000000,0.80176723261260041,264732582.5,120000000,0.45113554625544633,13.733212570499141,38.455571290623745,2084864,2084864,1822720,not-applicable,,,,,,,,,,
development,development-pilot-v2-retry,local-x86-64,x86_64,36f84685dc00064dae9a239face7e8eff797ed28,d7ca26461dd4e013ff9ba35010b5f6f5433079b6b0745758edbcdcc2eebf07cb,b1d7dba75560d44d8e234e4205e09487f93678fb8688cac6a0905486c969c2ca,1297748005,81128211b782e3a4331d1c5fcd6db21eecf78dc823faab718e7ebe3f2ceeeee8,gnu-time-v1-monotonic-wall,3b11dec50514a8473e9f6efa7a34d584d0657538c09988f61b72d38ad4991a10,development,mathsvg,fast-ablation-no-coordinate-v1,fast,1,true,dev-canterbury-alice29-txt,file,152089,10,10,0,0,0,10,complete,true,true,80481,0.52917041995147573,1.8897503758651111,769746842.5,715000000,0.93494186404044133,65489170,30000000,0.45846594359008996,0.19758316254456085,2.3223536492225101,5988352,5988352,3579904,exact,152577,152577,0,0,72096,0,0,152089,0,1
development,development-pilot-v2-retry,local-x86-64,x86_64,36f84685dc00064dae9a239face7e8eff797ed28,d7ca26461dd4e013ff9ba35010b5f6f5433079b6b0745758edbcdcc2eebf07cb,b1d7dba75560d44d8e234e4205e09487f93678fb8688cac6a0905486c969c2ca,1297748005,81128211b782e3a4331d1c5fcd6db21eecf78dc823faab718e7ebe3f2ceeeee8,gnu-time-v1-monotonic-wall,3b11dec50514a8473e9f6efa7a34d584d0657538c09988f61b72d38ad4991a10,development,mathsvg,fast-ablation-no-coordinate-v1,fast,1,true,dev-canterbury-kennedy-xls,file,1029744,10,10,0,0,0,10,complete,true,true,261046,0.25350572569493002,3.9446840786681276,921998074,880000000,0.95592934991985146,166683007.5,110000000,0.6642729911693851,1.1168614676011783,6.17794645217257,18071552,18071552,4769792,exact,1030232,1030232,0,0,769186,0,0,1029744,0,1
development,development-pilot-v2-retry,local-x86-64,x86_64,36f84685dc00064dae9a239face7e8eff797ed28,d7ca26461dd4e013ff9ba35010b5f6f5433079b6b0745758edbcdcc2eebf07cb,b1d7dba75560d44d8e234e4205e09487f93678fb8688cac6a0905486c969c2ca,1297748005,81128211b782e3a4331d1c5fcd6db21eecf78dc823faab718e7ebe3f2ceeeee8,gnu-time-v1-monotonic-wall,3b11dec50514a8473e9f6efa7a34d584d0657538c09988f61b72d38ad4991a10,development,mathsvg,fast-ablation-no-coordinate-v1,fast,1,true,dev-silesia-x-ray,file,8474240,10,10,0,0,0,10,complete,true,true,6832574,0.80627572502076883,1.2402705042052966,12470650652.5,12415000000,0.99327357628321966,1928509025.5,1890000000,0.97288085659827461,0.67953603396789675,4.3941925585975117,21524480,21524480,7299072,exact,8476584,8476584,0,0,1644010,0,0,8474240,0,1
development,development-pilot-v2-retry,local-x86-64,x86_64,36f84685dc00064dae9a239face7e8eff797ed28,d7ca26461dd4e013ff9ba35010b5f6f5433079b6b0745758edbcdcc2eebf07cb,b1d7dba75560d44d8e234e4205e09487f93678fb8688cac6a0905486c969c2ca,1297748005,81128211b782e3a4331d1c5fcd6db21eecf78dc823faab718e7ebe3f2ceeeee8,gnu-time-v1-monotonic-wall,3b11dec50514a8473e9f6efa7a34d584d0657538c09988f61b72d38ad4991a10,development,mathsvg,fast-ablation-no-coordinate-v1,fast,1,true,dev-synthetic-constant-00,file,65536,10,10,0,0,0,10,complete,true,true,485,0.0074005126953125,135.12577319587629,215738447.5,160000000,0.74186712548973721,9098796,0,0,0.30377524688068114,7.2032834056308204,5197824,5197824,3143680,exact,66024,485,65539,0,0,0,65536,0,1,0
development,development-pilot-v2-retry,local-x86-64,x86_64,36f84685dc00064dae9a239face7e8eff797ed28,d7ca26461dd4e013ff9ba35010b5f6f5433079b6b0745758edbcdcc2eebf07cb,b1d7dba75560d44d8e234e4205e09487f93678fb8688cac6a0905486c969c2ca,1297748005,81128211b782e3a4331d1c5fcd6db21eecf78dc823faab718e7ebe3f2ceeeee8,gnu-time-v1-monotonic-wall,3b11dec50514a8473e9f6efa7a34d584d0657538c09988f61b72d38ad4991a10,development,mathsvg,fast-ablation-no-coordinate-v1,fast,1,true,dev-synthetic-lfsr8,file,65536,10,10,0,0,0,10,complete,true,true,753,0.0114898681640625,87.033200531208493,167080216,115000000,0.68777850881102642,9121982,0,0,0.39224285686210847,7.1849227981654291,5187584,5187584,3158016,exact,66024,66024,0,0,65271,0,0,65536,0,1
development,development-pilot-v2-retry,local-x86-64,x86_64,36f84685dc00064dae9a239face7e8eff797ed28,d7ca26461dd4e013ff9ba35010b5f6f5433079b6b0745758edbcdcc2eebf07cb,b1d7dba75560d44d8e234e4205e09487f93678fb8688cac6a0905486c969c2ca,1297748005,81128211b782e3a4331d1c5fcd6db21eecf78dc823faab718e7ebe3f2ceeeee8,gnu-time-v1-monotonic-wall,3b11dec50514a8473e9f6efa7a34d584d0657538c09988f61b72d38ad4991a10,development,mathsvg,fast-ablation-no-coordinate-v1,fast,1,true,dev-synthetic-linear,file,65536,10,10,0,0,0,10,complete,true,true,489,0.0074615478515625,134.02044989775052,166671636.5,140000000,0.84480161017749322,17060525,0,0,0.39321058308655932,3.8413934489254826,5197824,5197824,3186688,exact,66024,489,65535,0,0,0,65536,0,1,0
development,development-pilot-v2-retry,local-x86-64,x86_64,36f84685dc00064dae9a239face7e8eff797ed28,d7ca26461dd4e013ff9ba35010b5f6f5433079b6b0745758edbcdcc2eebf07cb,b1d7dba75560d44d8e234e4205e09487f93678fb8688cac6a0905486c969c2ca,1297748005,81128211b782e3a4331d1c5fcd6db21eecf78dc823faab718e7ebe3f2ceeeee8,gnu-time-v1-monotonic-wall,3b11dec50514a8473e9f6efa7a34d584d0657538c09988f61b72d38ad4991a10,development,mathsvg,fast-ablation-no-coordinate-v1,fast,1,true,dev-synthetic-periodic,file,65536,10,10,0,0,0,10,complete,true,true,500,0.00762939453125,131.072,166197611.5,110000000,0.6619177061393875,9596292,0,0,0.39432576322617718,6.8394728167502894,5183488,5183488,3129344,exact,66024,66024,0,0,65524,0,0,65536,0,1
development,development-pilot-v2-retry,local-x86-64,x86_64,36f84685dc00064dae9a239face7e8eff797ed28,d7ca26461dd4e013ff9ba35010b5f6f5433079b6b0745758edbcdcc2eebf07cb,b1d7dba75560d44d8e234e4205e09487f93678fb8688cac6a0905486c969c2ca,1297748005,81128211b782e3a4331d1c5fcd6db21eecf78dc823faab718e7ebe3f2ceeeee8,gnu-time-v1-monotonic-wall,3b11dec50514a8473e9f6efa7a34d584d0657538c09988f61b72d38ad4991a10,development,mathsvg,fast-ablation-no-coordinate-v1,fast,1,true,dev-synthetic-piecewise-mixed,file,65536,10,10,0,0,0,10,complete,true,true,13203,0.2014617919921875,4.9637203665833525,166345205,140000000,0.84481626977980961,8991033.5,0,0,0.39397646132151054,7.2890418416975704,5283840,5283840,3205120,exact,66024,66024,0,0,52821,0,0,65536,0,1
development,development-pilot-v2-retry,local-x86-64,x86_64,36f84685dc00064dae9a239face7e8eff797ed28,d7ca26461dd4e013ff9ba35010b5f6f5433079b6b0745758edbcdcc2eebf07cb,b1d7dba75560d44d8e234e4205e09487f93678fb8688cac6a0905486c969c2ca,1297748005,81128211b782e3a4331d1c5fcd6db21eecf78dc823faab718e7ebe3f2ceeeee8,gnu-time-v1-monotonic-wall,3b11dec50514a8473e9f6efa7a34d584d0657538c09988f61b72d38ad4991a10,development,mathsvg,fast-ablation-no-coordinate-v1,fast,1,true,dev-synthetic-polynomial-d2,file,65536,10,10,0,0,0,10,complete,true,true,754,0.011505126953125,86.91777188328912,166199423,110000000,0.65823517520275532,10095896,0,0,0.39432402179625181,6.4914250617351605,5224448,5224448,3092480,exact,66024,66024,0,0,65270,0,0,65536,0,1
development,development-pilot-v2-retry,local-x86-64,x86_64,36f84685dc00064dae9a239face7e8eff797ed28,d7ca26461dd4e013ff9ba35010b5f6f5433079b6b0745758edbcdcc2eebf07cb,b1d7dba75560d44d8e234e4205e09487f93678fb8688cac6a0905486c969c2ca,1297748005,81128211b782e3a4331d1c5fcd6db21eecf78dc823faab718e7ebe3f2ceeeee8,gnu-time-v1-monotonic-wall,3b11dec50514a8473e9f6efa7a34d584d0657538c09988f61b72d38ad4991a10,development,mathsvg,fast-ablation-no-coordinate-v1,fast,1,true,dev-synthetic-random,file,65536,10,10,0,0,0,10,complete,true,true,66024,1.0074462890625,0.99260874833393919,167531912,120000000,0.71178015899776759,17037428.5,0,0,0.39118829468919231,3.8465919780900686,5480448,5480448,3315712,exact,66024,66024,0,0,0,0,0,65536,0,1
development,development-pilot-v2-retry,local-x86-64,x86_64,36f84685dc00064dae9a239face7e8eff797ed28,d7ca26461dd4e013ff9ba35010b5f6f5433079b6b0745758edbcdcc2eebf07cb,b1d7dba75560d44d8e234e4205e09487f93678fb8688cac6a0905486c969c2ca,1297748005,81128211b782e3a4331d1c5fcd6db21eecf78dc823faab718e7ebe3f2ceeeee8,gnu-time-v1-monotonic-wall,3b11dec50514a8473e9f6efa7a34d584d0657538c09988f61b72d38ad4991a10,development,mathsvg,fast-ablation-no-coordinate-v1,fast,1,true,dev-synthetic-recurrence,file,65536,10,10,0,0,0,10,complete,true,true,882,0.013458251953125,74.303854875283449,167017362.5,110000000,0.6571339705774798,9024266,0,0,0.39239125136390801,7.262599248723185,5187584,5187584,3166208,exact,66024,66024,0,0,65142,0,0,65536,0,1
development,development-pilot-v2-retry,local-x86-64,x86_64,36f84685dc00064dae9a239face7e8eff797ed28,d7ca26461dd4e013ff9ba35010b5f6f5433079b6b0745758edbcdcc2eebf07cb,b1d7dba75560d44d8e234e4205e09487f93678fb8688cac6a0905486c969c2ca,1297748005,81128211b782e3a4331d1c5fcd6db21eecf78dc823faab718e7ebe3f2ceeeee8,gnu-time-v1-monotonic-wall,3b11dec50514a8473e9f6efa7a34d584d0657538c09988f61b72d38ad4991a10,development,mathsvg,fast-ablation-no-coordinate-v1,fast,1,true,__aggregate__,corpus,10180361,110,110,0,0,0,10,complete,true,true,7257191,0.71286185234492172,1.402796343654177,15561921003,15045000000,0.96556787619091011,2256872916.5,2035000000,0.89903561185059166,0.65418415313708367,4.5108259989165731,21524480,21524480,7299072,exact,10187585,10056511,131074,0,2799320,0,131072,10049289,0.012874985474483664,0.98712501452551638
development,development-pilot-v2-retry,local-x86-64,x86_64,36f84685dc00064dae9a239face7e8eff797ed28,dbdf165176991179ee1260cc32982768b62a646f6143c7cf178d1c08ffab9184,b1d7dba75560d44d8e234e4205e09487f93678fb8688cac6a0905486c969c2ca,1297748005,81128211b782e3a4331d1c5fcd6db21eecf78dc823faab718e7ebe3f2ceeeee8,gnu-time-v1-monotonic-wall,3b11dec50514a8473e9f6efa7a34d584d0657538c09988f61b72d38ad4991a10,development,mathsvg,fast-v1,fast,1,true,dev-canterbury-alice29-txt,file,152089,10,10,0,0,0,10,complete,true,true,80481,0.52917041995147573,1.8897503758651111,520502989,490000000,0.94394430669070739,65735490,30000000,0.45637695303645121,0.29219621138355695,2.3136638136786942,5687296,5687296,3577856,exact,152577,152577,0,0,72096,0,0,152089,0,1
development,development-pilot-v2-retry,local-x86-64,x86_64,36f84685dc00064dae9a239face7e8eff797ed28,dbdf165176991179ee1260cc32982768b62a646f6143c7cf178d1c08ffab9184,b1d7dba75560d44d8e234e4205e09487f93678fb8688cac6a0905486c969c2ca,1297748005,81128211b782e3a4331d1c5fcd6db21eecf78dc823faab718e7ebe3f2ceeeee8,gnu-time-v1-monotonic-wall,3b11dec50514a8473e9f6efa7a34d584d0657538c09988f61b72d38ad4991a10,development,mathsvg,fast-v1,fast,1,true,dev-canterbury-kennedy-xls,file,1029744,10,10,0,0,0,10,complete,true,true,261046,0.25350572569493002,3.9446840786681276,972189357,920000000,0.94758368187992725,167348113.5,110000000,0.66115925119985408,1.0592011601087179,6.1533183420128994,18067456,18067456,4808704,exact,1030232,1030232,0,0,769186,0,0,1029744,0,1
development,development-pilot-v2-retry,local-x86-64,x86_64,36f84685dc00064dae9a239face7e8eff797ed28,dbdf165176991179ee1260cc32982768b62a646f6143c7cf178d1c08ffab9184,b1d7dba75560d44d8e234e4205e09487f93678fb8688cac6a0905486c969c2ca,1297748005,81128211b782e3a4331d1c5fcd6db21eecf78dc823faab718e7ebe3f2ceeeee8,gnu-time-v1-monotonic-wall,3b11dec50514a8473e9f6efa7a34d584d0657538c09988f61b72d38ad4991a10,development,mathsvg,fast-v1,fast,1,true,dev-silesia-x-ray,file,8474240,10,10,0,0,0,10,complete,true,true,6832574,0.80627572502076883,1.2402705042052966,12287105600.5,12205000000,0.99482537404984073,1905479352.5,1860000000,0.9828439220625067,0.68968592465500345,4.4476637394747591,22530048,22530048,7286784,exact,8476584,8476584,0,0,1644010,0,0,8474240,0,1
development,development-pilot-v2-retry,local-x86-64,x86_64,36f84685dc00064dae9a239face7e8eff797ed28,dbdf165176991179ee1260cc32982768b62a646f6143c7cf178d1c08ffab9184,b1d7dba75560d44d8e234e4205e09487f93678fb8688cac6a0905486c969c2ca,1297748005,81128211b782e3a4331d1c5fcd6db21eecf78dc823faab718e7ebe3f2ceeeee8,gnu-time-v1-monotonic-wall,3b11dec50514a8473e9f6efa7a34d584d0657538c09988f61b72d38ad4991a10,development,mathsvg,fast-v1,fast,1,true,dev-synthetic-constant-00,file,65536,10,10,0,0,0,10,complete,true,true,485,0.0074005126953125,135.12577319587629,169394382,140000000,0.82647627510185995,9056323,0,0,0.38688535117911066,7.2370144750330763,5300224,5300224,3143680,exact,66024,485,65539,0,0,0,65536,0,1,0
development,development-pilot-v2-retry,local-x86-64,x86_64,36f84685dc00064dae9a239face7e8eff797ed28,dbdf165176991179ee1260cc32982768b62a646f6143c7cf178d1c08ffab9184,b1d7dba75560d44d8e234e4205e09487f93678fb8688cac6a0905486c969c2ca,1297748005,81128211b782e3a4331d1c5fcd6db21eecf78dc823faab718e7ebe3f2ceeeee8,gnu-time-v1-monotonic-wall,3b11dec50514a8473e9f6efa7a34d584d0657538c09988f61b72d38ad4991a10,development,mathsvg,fast-v1,fast,1,true,dev-synthetic-lfsr8,file,65536,10,10,0,0,0,10,complete,true,true,753,0.0114898681640625,87.033200531208493,117037322,90000000,0.7781528714272723,8955180,0,0,0.55996450843235357,7.3182239275037722,4716544,4716544,3143680,exact,66024,66024,0,0,65271,0,0,65536,0,1
development,development-pilot-v2-retry,local-x86-64,x86_64,36f84685dc00064dae9a239face7e8eff797ed28,dbdf165176991179ee1260cc32982768b62a646f6143c7cf178d1c08ffab9184,b1d7dba75560d44d8e234e4205e09487f93678fb8688cac6a0905486c969c2ca,1297748005,81128211b782e3a4331d1c5fcd6db21eecf78dc823faab718e7ebe3f2ceeeee8,gnu-time-v1-monotonic-wall,3b11dec50514a8473e9f6efa7a34d584d0657538c09988f61b72d38ad4991a10,development,mathsvg,fast-v1,fast,1,true,dev-synthetic-linear,file,65536,10,10,0,0,0,10,complete,true,true,489,0.0074615478515625,134.02044989775052,166096537.5,100000000,0.60375626085892764,17688865,0,0,0.39456582892567393,3.7067582726665806,4737024,4737024,3149824,exact,66024,489,65535,0,0,0,65536,0,1,0
development,development-pilot-v2-retry,local-x86-64,x86_64,36f84685dc00064dae9a239face7e8eff797ed28,dbdf165176991179ee1260cc32982768b62a646f6143c7cf178d1c08ffab9184,b1d7dba75560d44d8e234e4205e09487f93678fb8688cac6a0905486c969c2ca,1297748005,81128211b782e3a4331d1c5fcd6db21eecf78dc823faab718e7ebe3f2ceeeee8,gnu-time-v1-monotonic-wall,3b11dec50514a8473e9f6efa7a34d584d0657538c09988f61b72d38ad4991a10,development,mathsvg,fast-v1,fast,1,true,dev-synthetic-periodic,file,65536,10,10,0,0,0,10,complete,true,true,500,0.00762939453125,131.072,115852873,80000000,0.69177187704134124,9026034.5,0,0,0.56568308753399521,7.2607867533991275,4741120,4741120,3158016,exact,66024,66024,0,0,65524,0,0,65536,0,1
development,development-pilot-v2-retry,local-x86-64,x86_64,36f84685dc00064dae9a239face7e8eff797ed28,dbdf165176991179ee1260cc32982768b62a646f6143c7cf178d1c08ffab9184,b1d7dba75560d44d8e234e4205e09487f93678fb8688cac6a0905486c969c2ca,1297748005,81128211b782e3a4331d1c5fcd6db21eecf78dc823faab718e7ebe3f2ceeeee8,gnu-time-v1-monotonic-wall,3b11dec50514a8473e9f6efa7a34d584d0657538c09988f61b72d38ad4991a10,development,mathsvg,fast-v1,fast,1,true,dev-synthetic-piecewise-mixed,file,65536,10,10,0,0,0,10,complete,true,true,13203,0.2014617919921875,4.9637203665833525,165764987,100000000,0.63333206726972002,10387259.5,0,0,0.39535516330267145,6.3437768714559528,4620288,4620288,3155968,exact,66024,66024,0,0,52821,0,0,65536,0,1
development,development-pilot-v2-retry,local-x86-64,x86_64,36f84685dc00064dae9a239face7e8eff797ed28,dbdf165176991179ee1260cc32982768b62a646f6143c7cf178d1c08ffab9184,b1d7dba75560d44d8e234e4205e09487f93678fb8688cac6a0905486c969c2ca,1297748005,81128211b782e3a4331d1c5fcd6db21eecf78dc823faab718e7ebe3f2ceeeee8,gnu-time-v1-monotonic-wall,3b11dec50514a8473e9f6efa7a34d584d0657538c09988f61b72d38ad4991a10,development,mathsvg,fast-v1,fast,1,true,dev-synthetic-polynomial-d2,file,65536,10,10,0,0,0,10,complete,true,true,754,0.011505126953125,86.91777188328912,117603447,80000000,0.68195161693165507,9181962.5,0,0,0.55726257752374075,7.137506566960556,4743168,4743168,3168256,exact,66024,66024,0,0,65270,0,0,65536,0,1
development,development-pilot-v2-retry,local-x86-64,x86_64,36f84685dc00064dae9a239face7e8eff797ed28,dbdf165176991179ee1260cc32982768b62a646f6143c7cf178d1c08ffab9184,b1d7dba75560d44d8e234e4205e09487f93678fb8688cac6a0905486c969c2ca,1297748005,81128211b782e3a4331d1c5fcd6db21eecf78dc823faab718e7ebe3f2ceeeee8,gnu-time-v1-monotonic-wall,3b11dec50514a8473e9f6efa7a34d584d0657538c09988f61b72d38ad4991a10,development,mathsvg,fast-v1,fast,1,true,dev-synthetic-random,file,65536,10,10,0,0,0,10,complete,true,true,66024,1.0074462890625,0.99260874833393919,166957745.5,110000000,0.6626533079371264,17201290.5,0,0,0.39253212582688723,3.8100678711891467,4923392,4923392,3356672,exact,66024,66024,0,0,0,0,0,65536,0,1
development,development-pilot-v2-retry,local-x86-64,x86_64,36f84685dc00064dae9a239face7e8eff797ed28,dbdf165176991179ee1260cc32982768b62a646f6143c7cf178d1c08ffab9184,b1d7dba75560d44d8e234e4205e09487f93678fb8688cac6a0905486c969c2ca,1297748005,81128211b782e3a4331d1c5fcd6db21eecf78dc823faab718e7ebe3f2ceeeee8,gnu-time-v1-monotonic-wall,3b11dec50514a8473e9f6efa7a34d584d0657538c09988f61b72d38ad4991a10,development,mathsvg,fast-v1,fast,1,true,dev-synthetic-recurrence,file,65536,10,10,0,0,0,10,complete,true,true,882,0.013458251953125,74.303854875283449,116930302.5,90000000,0.76969174386839556,10440480,0,0,0.56047242362399075,6.352253832145843,4726784,4726784,3147776,exact,66024,66024,0,0,65142,0,0,65536,0,1
development,development-pilot-v2-retry,local-x86-64,x86_64,36f84685dc00064dae9a239face7e8eff797ed28,dbdf165176991179ee1260cc32982768b62a646f6143c7cf178d1c08ffab9184,b1d7dba75560d44d8e234e4205e09487f93678fb8688cac6a0905486c969c2ca,1297748005,81128211b782e3a4331d1c5fcd6db21eecf78dc823faab718e7ebe3f2ceeeee8,gnu-time-v1-monotonic-wall,3b11dec50514a8473e9f6efa7a34d584d0657538c09988f61b72d38ad4991a10,development,mathsvg,fast-v1,fast,1,true,__aggregate__,corpus,10180361,110,110,0,0,0,10,complete,true,true,7257191,0.71286185234492172,1.402796343654177,14938594127.5,14440000000,0.96947941554919259,2254000939.5,2010000000,0.89760278259246173,0.68148424703137866,4.5165748370217189,22530048,22530048,7286784,exact,10187585,10056511,131074,0,2799320,0,131072,10049289,0.012874985474483664,0.98712501452551638
development,development-pilot-v2-retry,local-x86-64,x86_64,36f84685dc00064dae9a239face7e8eff797ed28,deb7b660ce7575981cd7bc749fbec6d9d6b62e2c9a725ba1c8e9c79e304a087a,b1d7dba75560d44d8e234e4205e09487f93678fb8688cac6a0905486c969c2ca,1297748005,6187dab32cd7b6291d96c54425a22915a6eeb39add6d95ee9008e1dbba427131,gnu-time-v1-monotonic-wall,3b11dec50514a8473e9f6efa7a34d584d0657538c09988f61b72d38ad4991a10,development,raw,raw,,1,false,dev-canterbury-alice29-txt,file,152089,10,10,0,0,0,10,complete,true,true,152089,1,1,9034439.5,0,0,8863142,0,0,16.834974760798424,17.160044699652559,2078720,2070528,2066432,not-applicable,,,,,,,,,,
development,development-pilot-v2-retry,local-x86-64,x86_64,36f84685dc00064dae9a239face7e8eff797ed28,deb7b660ce7575981cd7bc749fbec6d9d6b62e2c9a725ba1c8e9c79e304a087a,b1d7dba75560d44d8e234e4205e09487f93678fb8688cac6a0905486c969c2ca,1297748005,6187dab32cd7b6291d96c54425a22915a6eeb39add6d95ee9008e1dbba427131,gnu-time-v1-monotonic-wall,3b11dec50514a8473e9f6efa7a34d584d0657538c09988f61b72d38ad4991a10,development,raw,raw,,1,false,dev-canterbury-kennedy-xls,file,1029744,10,10,0,0,0,10,complete,true,true,1029744,1,1,9153913,0,0,8971599.5,0,0,112.5179251149759,114.77923849607025,2088960,2086912,2068480,not-applicable,,,,,,,,,,
development,development-pilot-v2-retry,local-x86-64,x86_64,36f84685dc00064dae9a239face7e8eff797ed28,deb7b660ce7575981cd7bc749fbec6d9d6b62e2c9a725ba1c8e9c79e304a087a,b1d7dba75560d44d8e234e4205e09487f93678fb8688cac6a0905486c969c2ca,1297748005,6187dab32cd7b6291d96c54425a22915a6eeb39add6d95ee9008e1dbba427131,gnu-time-v1-monotonic-wall,3b11dec50514a8473e9f6efa7a34d584d0657538c09988f61b72d38ad4991a10,development,raw,raw,,1,false,dev-silesia-x-ray,file,8474240,10,10,0,0,0,10,complete,true,true,8474240,1,1,17119819,10000000,0.58412103081739464,18185605.5,10000000,0.55070024056479205,494.99818041939977,466.67660066037831,2080768,2066432,2072576,not-applicable,,,,,,,,,,
development,development-pilot-v2-retry,local-x86-64,x86_64,36f84685dc00064dae9a239face7e8eff797ed28,deb7b660ce7575981cd7bc749fbec6d9d6b62e2c9a725ba1c8e9c79e304a087a,b1d7dba75560d44d8e234e4205e09487f93678fb8688cac6a0905486c969c2ca,1297748005,6187dab32cd7b6291d96c54425a22915a6eeb39add6d95ee9008e1dbba427131,gnu-time-v1-monotonic-wall,3b11dec50514a8473e9f6efa7a34d584d0657538c09988f61b72d38ad4991a10,development,raw,raw,,1,false,dev-synthetic-constant-00,file,65536,10,10,0,0,0,10,complete,true,true,65536,1,1,8998826.5,0,0,8804672.5,0,0,7.2827472250135674,7.44388891286013,2080768,2080768,2060288,not-applicable,,,,,,,,,,
development,development-pilot-v2-retry,local-x86-64,x86_64,36f84685dc00064dae9a239face7e8eff797ed28,deb7b660ce7575981cd7bc749fbec6d9d6b62e2c9a725ba1c8e9c79e304a087a,b1d7dba75560d44d8e234e4205e09487f93678fb8688cac6a0905486c969c2ca,1297748005,6187dab32cd7b6291d96c54425a22915a6eeb39add6d95ee9008e1dbba427131,gnu-time-v1-monotonic-wall,3b11dec50514a8473e9f6efa7a34d584d0657538c09988f61b72d38ad4991a10,development,raw,raw,,1,false,dev-synthetic-lfsr8,file,65536,10,10,0,0,0,10,complete,true,true,65536,1,1,8839001.5,0,0,9041963,0,0,7.4145088465758686,7.248012132868678,2093056,2080768,2082816,not-applicable,,,,,,,,,,
development,development-pilot-v2-retry,local-x86-64,x86_64,36f84685dc00064dae9a239face7e8eff797ed28,deb7b660ce7575981cd7bc749fbec6d9d6b62e2c9a725ba1c8e9c79e304a087a,b1d7dba75560d44d8e234e4205e09487f93678fb8688cac6a0905486c969c2ca,1297748005,6187dab32cd7b6291d96c54425a22915a6eeb39add6d95ee9008e1dbba427131,gnu-time-v1-monotonic-wall,3b11dec50514a8473e9f6efa7a34d584d0657538c09988f61b72d38ad4991a10,development,raw,raw,,1,false,dev-synthetic-linear,file,65536,10,10,0,0,0,10,complete,true,true,65536,1,1,8875653,0,0,8883603.5,0,0,7.3839826118151493,7.3771865255944835,2078720,2070528,2064384,not-applicable,,,,,,,,,,
development,development-pilot-v2-retry,local-x86-64,x86_64,36f84685dc00064dae9a239face7e8eff797ed28,deb7b660ce7575981cd7bc749fbec6d9d6b62e2c9a725ba1c8e9c79e304a087a,b1d7dba75560d44d8e234e4205e09487f93678fb8688cac6a0905486c969c2ca,1297748005,6187dab32cd7b6291d96c54425a22915a6eeb39add6d95ee9008e1dbba427131,gnu-time-v1-monotonic-wall,3b11dec50514a8473e9f6efa7a34d584d0657538c09988f61b72d38ad4991a10,development,raw,raw,,1,false,dev-synthetic-periodic,file,65536,10,10,0,0,0,10,complete,true,true,65536,1,1,9074178,0,0,8909379,0,0,7.2222630799994665,7.3559175267868628,2099200,2080768,2074624,not-applicable,,,,,,,,,,
development,development-pilot-v2-retry,local-x86-64,x86_64,36f84685dc00064dae9a239face7e8eff797ed28,deb7b660ce7575981cd7bc749fbec6d9d6b62e2c9a725ba1c8e9c79e304a087a,b1d7dba75560d44d8e234e4205e09487f93678fb8688cac6a0905486c969c2ca,1297748005,6187dab32cd7b6291d96c54425a22915a6eeb39add6d95ee9008e1dbba427131,gnu-time-v1-monotonic-wall,3b11dec50514a8473e9f6efa7a34d584d0657538c09988f61b72d38ad4991a10,development,raw,raw,,1,false,dev-synthetic-piecewise-mixed,file,65536,10,10,0,0,0,10,complete,true,true,65536,1,1,8914662.5,0,0,8885075.5,0,0,7.3516903520275028,7.3761487561391501,2078720,2070528,2074624,not-applicable,,,,,,,,,,
development,development-pilot-v2-retry,local-x86-64,x86_64,36f84685dc00064dae9a239face7e8eff797ed28,deb7b660ce7575981cd7bc749fbec6d9d6b62e2c9a725ba1c8e9c79e304a087a,b1d7dba75560d44d8e234e4205e09487f93678fb8688cac6a0905486c969c2ca,1297748005,6187dab32cd7b6291d96c54425a22915a6eeb39add6d95ee9008e1dbba427131,gnu-time-v1-monotonic-wall,3b11dec50514a8473e9f6efa7a34d584d0657538c09988f61b72d38ad4991a10,development,raw,raw,,1,false,dev-synthetic-polynomial-d2,file,65536,10,10,0,0,0,10,complete,true,true,65536,1,1,9110815.5,0,0,8940169.5,0,0,7.1933030887980571,7.3305118253230379,2088960,2076672,2062336,not-applicable,,,,,,,,,,
development,development-pilot-v2-retry,local-x86-64,x86_64,36f84685dc00064dae9a239face7e8eff797ed28,deb7b660ce7575981cd7bc749fbec6d9d6b62e2c9a725ba1c8e9c79e304a087a,b1d7dba75560d44d8e234e4205e09487f93678fb8688cac6a0905486c969c2ca,1297748005,6187dab32cd7b6291d96c54425a22915a6eeb39add6d95ee9008e1dbba427131,gnu-time-v1-monotonic-wall,3b11dec50514a8473e9f6efa7a34d584d0657538c09988f61b72d38ad4991a10,development,raw,raw,,1,false,dev-synthetic-random,file,65536,10,10,0,0,0,10,complete,true,true,65536,1,1,8981545,0,0,8910284,0,0,7.2967429996603297,7.3554027881797177,2070528,2070528,2056192,not-applicable,,,,,,,,,,
development,development-pilot-v2-retry,local-x86-64,x86_64,36f84685dc00064dae9a239face7e8eff797ed28,deb7b660ce7575981cd7bc749fbec6d9d6b62e2c9a725ba1c8e9c79e304a087a,b1d7dba75560d44d8e234e4205e09487f93678fb8688cac6a0905486c969c2ca,1297748005,6187dab32cd7b6291d96c54425a22915a6eeb39add6d95ee9008e1dbba427131,gnu-time-v1-monotonic-wall,3b11dec50514a8473e9f6efa7a34d584d0657538c09988f61b72d38ad4991a10,development,raw,raw,,1,false,dev-synthetic-recurrence,file,65536,10,10,0,0,0,10,complete,true,true,65536,1,1,8867465,0,0,8914807.5,0,0,7.3906251732427375,7.3513782483562178,2086912,2072576,2072576,not-applicable,,,,,,,,,,
development,development-pilot-v2-retry,local-x86-64,x86_64,36f84685dc00064dae9a239face7e8eff797ed28,deb7b660ce7575981cd7bc749fbec6d9d6b62e2c9a725ba1c8e9c79e304a087a,b1d7dba75560d44d8e234e4205e09487f93678fb8688cac6a0905486c969c2ca,1297748005,6187dab32cd7b6291d96c54425a22915a6eeb39add6d95ee9008e1dbba427131,gnu-time-v1-monotonic-wall,3b11dec50514a8473e9f6efa7a34d584d0657538c09988f61b72d38ad4991a10,development,raw,raw,,1,false,__aggregate__,corpus,10180361,110,110,0,0,0,10,complete,true,true,10180361,1,1,111296619.5,10000000,0.089866991419507949,110237181.5,10000000,0.090713496302976718,91.487841463449342,92.349613993646841,2105344,2105344,2105344,not-applicable,,,,,,,,,,
development,development-pilot-v2-retry,local-x86-64,x86_64,36f84685dc00064dae9a239face7e8eff797ed28,fb91a9679f353dac71a4fd88cd05cce5491385745b3990bfa054c63ba3a8477f,b1d7dba75560d44d8e234e4205e09487f93678fb8688cac6a0905486c969c2ca,1297748005,81128211b782e3a4331d1c5fcd6db21eecf78dc823faab718e7ebe3f2ceeeee8,gnu-time-v1-monotonic-wall,3b11dec50514a8473e9f6efa7a34d584d0657538c09988f61b72d38ad4991a10,development,mathsvg,balanced-ablation-no-coordinate-v1,balanced,1,true,dev-canterbury-alice29-txt,file,152089,10,10,0,0,0,10,complete,true,true,80481,0.52917041995147573,1.8897503758651111,1934188383.5,1910000000,0.97816843028380529,66414881.5,30000000,0.45176749014801421,0.078632388605260492,2.290295526970711,11606016,11606016,3581952,exact,152577,152577,0,0,72096,0,0,152089,0,1
development,development-pilot-v2-retry,local-x86-64,x86_64,36f84685dc00064dae9a239face7e8eff797ed28,fb91a9679f353dac71a4fd88cd05cce5491385745b3990bfa054c63ba3a8477f,b1d7dba75560d44d8e234e4205e09487f93678fb8688cac6a0905486c969c2ca,1297748005,81128211b782e3a4331d1c5fcd6db21eecf78dc823faab718e7ebe3f2ceeeee8,gnu-time-v1-monotonic-wall,3b11dec50514a8473e9f6efa7a34d584d0657538c09988f61b72d38ad4991a10,development,mathsvg,balanced-ablation-no-coordinate-v1,balanced,1,true,dev-canterbury-kennedy-xls,file,1029744,10,10,0,0,0,10,complete,true,true,261046,0.25350572569493002,3.9446840786681276,1522201773.5,1465000000,0.96911064977055239,166384700,110000000,0.66112217211674473,0.67648325191147995,6.1889690000380462,17997824,17997824,4777984,exact,1030232,1030232,0,0,769186,0,0,1029744,0,1
development,development-pilot-v2-retry,local-x86-64,x86_64,36f84685dc00064dae9a239face7e8eff797ed28,fb91a9679f353dac71a4fd88cd05cce5491385745b3990bfa054c63ba3a8477f,b1d7dba75560d44d8e234e4205e09487f93678fb8688cac6a0905486c969c2ca,1297748005,81128211b782e3a4331d1c5fcd6db21eecf78dc823faab718e7ebe3f2ceeeee8,gnu-time-v1-monotonic-wall,3b11dec50514a8473e9f6efa7a34d584d0657538c09988f61b72d38ad4991a10,development,mathsvg,balanced-ablation-no-coordinate-v1,balanced,1,true,dev-silesia-x-ray,file,8474240,10,10,0,0,0,10,complete,true,true,6832574,0.80627572502076883,1.2402705042052966,19292192163,19250000000,0.99790200287941189,1877456809,1860000000,0.98692171366305703,0.43925761569168609,4.5136816005546185,23977984,23977984,7301120,exact,8476584,8476584,0,0,1644010,0,0,8474240,0,1
development,development-pilot-v2-retry,local-x86-64,x86_64,36f84685dc00064dae9a239face7e8eff797ed28,fb91a9679f353dac71a4fd88cd05cce5491385745b3990bfa054c63ba3a8477f,b1d7dba75560d44d8e234e4205e09487f93678fb8688cac6a0905486c969c2ca,1297748005,81128211b782e3a4331d1c5fcd6db21eecf78dc823faab718e7ebe3f2ceeeee8,gnu-time-v1-monotonic-wall,3b11dec50514a8473e9f6efa7a34d584d0657538c09988f61b72d38ad4991a10,development,mathsvg,balanced-ablation-no-coordinate-v1,balanced,1,true,dev-synthetic-constant-00,file,65536,10,10,0,0,0,10,complete,true,true,485,0.0074005126953125,135.12577319587629,418569330,370000000,0.88435333761421497,10105385,0,0,0.15657144698247444,6.5099073408855403,10305536,10305536,3094528,exact,66024,485,65539,0,0,0,65536,0,1,0
development,development-pilot-v2-retry,local-x86-64,x86_64,36f84685dc00064dae9a239face7e8eff797ed28,fb91a9679f353dac71a4fd88cd05cce5491385745b3990bfa054c63ba3a8477f,b1d7dba75560d44d8e234e4205e09487f93678fb8688cac6a0905486c969c2ca,1297748005,81128211b782e3a4331d1c5fcd6db21eecf78dc823faab718e7ebe3f2ceeeee8,gnu-time-v1-monotonic-wall,3b11dec50514a8473e9f6efa7a34d584d0657538c09988f61b72d38ad4991a10,development,mathsvg,balanced-ablation-no-coordinate-v1,balanced,1,true,dev-synthetic-lfsr8,file,65536,10,10,0,0,0,10,complete,true,true,753,0.0114898681640625,87.033200531208493,267481264.5,230000000,0.85774612145603124,9010276.5,0,0,0.24501279814437915,7.2735843784585938,8398848,8398848,3207168,exact,66024,66024,0,0,65271,0,0,65536,0,1
development,development-pilot-v2-retry,local-x86-64,x86_64,36f84685dc00064dae9a239face7e8eff797ed28,fb91a9679f353dac71a4fd88cd05cce5491385745b3990bfa054c63ba3a8477f,b1d7dba75560d44d8e234e4205e09487f93678fb8688cac6a0905486c969c2ca,1297748005,81128211b782e3a4331d1c5fcd6db21eecf78dc823faab718e7ebe3f2ceeeee8,gnu-time-v1-monotonic-wall,3b11dec50514a8473e9f6efa7a34d584d0657538c09988f61b72d38ad4991a10,development,mathsvg,balanced-ablation-no-coordinate-v1,balanced,1,true,dev-synthetic-linear,file,65536,10,10,0,0,0,10,complete,true,true,489,0.0074615478515625,134.02044989775052,367167196,310000000,0.8458284873504589,17092675,0,0,0.17849089851991884,3.8341574337819448,9465856,9465856,3110912,exact,66024,489,65535,0,0,0,65536,0,1,0
development,development-pilot-v2-retry,local-x86-64,x86_64,36f84685dc00064dae9a239face7e8eff797ed28,fb91a9679f353dac71a4fd88cd05cce5491385745b3990bfa054c63ba3a8477f,b1d7dba75560d44d8e234e4205e09487f93678fb8688cac6a0905486c969c2ca,1297748005,81128211b782e3a4331d1c5fcd6db21eecf78dc823faab718e7ebe3f2ceeeee8,gnu-time-v1-monotonic-wall,3b11dec50514a8473e9f6efa7a34d584d0657538c09988f61b72d38ad4991a10,development,mathsvg,balanced-ablation-no-coordinate-v1,balanced,1,true,dev-synthetic-periodic,file,65536,10,10,0,0,0,10,complete,true,true,500,0.00762939453125,131.072,266965613.5,235000000,0.87480258929881893,10396297.5,0,0,0.24548480472029802,6.3390441547156868,9179136,9179136,3143680,exact,66024,66024,0,0,65524,0,0,65536,0,1
development,development-pilot-v2-retry,local-x86-64,x86_64,36f84685dc00064dae9a239face7e8eff797ed28,fb91a9679f353dac71a4fd88cd05cce5491385745b3990bfa054c63ba3a8477f,b1d7dba75560d44d8e234e4205e09487f93678fb8688cac6a0905486c969c2ca,1297748005,81128211b782e3a4331d1c5fcd6db21eecf78dc823faab718e7ebe3f2ceeeee8,gnu-time-v1-monotonic-wall,3b11dec50514a8473e9f6efa7a34d584d0657538c09988f61b72d38ad4991a10,development,mathsvg,balanced-ablation-no-coordinate-v1,balanced,1,true,dev-synthetic-piecewise-mixed,file,65536,10,10,0,0,0,10,complete,true,true,13203,0.2014617919921875,4.9637203665833525,320973230.5,300000000,0.93466720140457715,10082219.5,0,0,0.20418116570416789,6.5026262067480971,9848832,9848832,3162112,exact,66024,66024,0,0,52821,0,0,65536,0,1
development,development-pilot-v2-retry,local-x86-64,x86_64,36f84685dc00064dae9a239face7e8eff797ed28,fb91a9679f353dac71a4fd88cd05cce5491385745b3990bfa054c63ba3a8477f,b1d7dba75560d44d8e234e4205e09487f93678fb8688cac6a0905486c969c2ca,1297748005,81128211b782e3a4331d1c5fcd6db21eecf78dc823faab718e7ebe3f2ceeeee8,gnu-time-v1-monotonic-wall,3b11dec50514a8473e9f6efa7a34d584d0657538c09988f61b72d38ad4991a10,development,mathsvg,balanced-ablation-no-coordinate-v1,balanced,1,true,dev-synthetic-polynomial-d2,file,65536,10,10,0,0,0,10,complete,true,true,754,0.011505126953125,86.91777188328912,267603674.5,210000000,0.78474469308613348,9055251,0,0,0.24490013431472785,7.2376868019494278,8349696,8349696,3147776,exact,66024,66024,0,0,65270,0,0,65536,0,1
development,development-pilot-v2-retry,local-x86-64,x86_64,36f84685dc00064dae9a239face7e8eff797ed28,fb91a9679f353dac71a4fd88cd05cce5491385745b3990bfa054c63ba3a8477f,b1d7dba75560d44d8e234e4205e09487f93678fb8688cac6a0905486c969c2ca,1297748005,81128211b782e3a4331d1c5fcd6db21eecf78dc823faab718e7ebe3f2ceeeee8,gnu-time-v1-monotonic-wall,3b11dec50514a8473e9f6efa7a34d584d0657538c09988f61b72d38ad4991a10,development,mathsvg,balanced-ablation-no-coordinate-v1,balanced,1,true,dev-synthetic-random,file,65536,10,10,0,0,0,10,complete,true,true,66024,1.0074462890625,0.99260874833393919,268400455.5,230000000,0.86119561264381084,17050217,0,0,0.24417341389160346,3.8437074201211892,7262208,7262208,3338240,exact,66024,66024,0,0,0,0,0,65536,0,1
development,development-pilot-v2-retry,local-x86-64,x86_64,36f84685dc00064dae9a239face7e8eff797ed28,fb91a9679f353dac71a4fd88cd05cce5491385745b3990bfa054c63ba3a8477f,b1d7dba75560d44d8e234e4205e09487f93678fb8688cac6a0905486c969c2ca,1297748005,81128211b782e3a4331d1c5fcd6db21eecf78dc823faab718e7ebe3f2ceeeee8,gnu-time-v1-monotonic-wall,3b11dec50514a8473e9f6efa7a34d584d0657538c09988f61b72d38ad4991a10,development,mathsvg,balanced-ablation-no-coordinate-v1,balanced,1,true,dev-synthetic-recurrence,file,65536,10,10,0,0,0,10,complete,true,true,882,0.013458251953125,74.303854875283449,292171241,250000000,0.87608057089013291,11222525.5,0,0,0.22579355640493637,5.8823778724219835,9838592,9838592,3176448,exact,66024,66024,0,0,65142,0,0,65536,0,1
development,development-pilot-v2-retry,local-x86-64,x86_64,36f84685dc00064dae9a239face7e8eff797ed28,fb91a9679f353dac71a4fd88cd05cce5491385745b3990bfa054c63ba3a8477f,b1d7dba75560d44d8e234e4205e09487f93678fb8688cac6a0905486c969c2ca,1297748005,81128211b782e3a4331d1c5fcd6db21eecf78dc823faab718e7ebe3f2ceeeee8,gnu-time-v1-monotonic-wall,3b11dec50514a8473e9f6efa7a34d584d0657538c09988f61b72d38ad4991a10,development,mathsvg,balanced-ablation-no-coordinate-v1,balanced,1,true,__aggregate__,corpus,10180361,110,110,0,0,0,10,complete,true,true,7257191,0.71286185234492172,1.402796343654177,25264226867.5,24785000000,0.98143135551145821,2230141116.5,2000000000,0.89945672997150483,0.40295578916453567,4.5649281887158928,23977984,23977984,7301120,exact,10187585,10056511,131074,0,2799320,0,131072,10049289,0.012874985474483664,0.98712501452551638
