schema_version,run_id,profile,corpus,input_path,input_name,input_license,input_provenance,input_manifest,input_manifest_sha256,input_manifest_verified,input_sha256,input_entropy_bits_per_byte,original_bytes,codec,codec_family,codec_level,variant,threads,status,error,successful_repeats,requested_repeats,compressed_bytes,ratio,savings,savings_percent,bits_per_byte,expansion_percent,compression_seconds,decompression_seconds,compression_mbps,decompression_mbps,compression_cpu_seconds,decompression_cpu_seconds,peak_rss_bytes,roundtrip_verified,deterministic_archive,archive_sha256,restored_sha256,transform,segment_count,mean_segment_size,median_segment_size,model_distribution_json,residual_distribution_json,model_parameter_bytes,partition_metadata_bytes,residual_bytes,container_overhead_bytes,raw_model_percent,raw_fallback_percent,estimated_residual_entropy,actual_residual_coded_bytes,math_segments_winning_raw,math_segments_winning_zstd,search_seconds,model_fitting_seconds,residual_coding_seconds,command_lines_json,tags_json
mathzip-benchmark-results-v1,20260724T134555Z-8b4c06c2,quick,synthetic,datasets/synthetic/already_compressed/s0000004096_bzip2.bz2,s0000004096_bzip2.bz2,CC0-1.0,python/mathzip_bench/synthetic.py and datasets/synthetic/manifest.json,datasets/synthetic/manifest.json,c7188cafa911c31e5d80193ab1dae1d468dfe9e6deafecb9be709a46aae23de1,true,3b421dffe598c3859924d9c66b9c0771fa99d01dfe1e4e9529b2fd9190bcdf24,7.170600021412373,974,mathzip-fast,mathzip,fast,,1,ok,,3,3,1016,0.9586614173228346,-0.04312114989733051,-4.312114989733051,8.344969199178644,4.312114989733051,0.007646447003935464,0.00686225199024193,0.12737942203728123,0.1419359127856308,0.006536000000000014,0.005986999999999992,417792.0,true,true,19f2072b30a45f1fb024704e0dc36d283d8d8ea416d907aa551abfe10e0e9f90,3b421dffe598c3859924d9c66b9c0771fa99d01dfe1e4e9529b2fd9190bcdf24,"[{""type"":""delta""}]",1,974.0,974.0,"{""raw"":1}","{""zero_run"":1}",0,36,860,120,100.0,0.0,7.163390546745238,860,0,0,0.000113298,7.9916e-05,0.000491451,"[""'<repo>/target/release/mathzip' compress --mode fast --max-input-bytes 8589934592 --no-sync --force '<repo>/datasets/synthetic/already_compressed/s0000004096_bzip2.bz2' '<work>/archive.mz'"",""'<repo>/target/release/mathzip' compress --mode fast --max-input-bytes 8589934592 --no-sync --force --metrics-output '<work>/metrics-probe.mz.metrics.json' '<repo>/datasets/synthetic/already_compressed/s0000004096_bzip2.bz2' '<work>/metrics-probe.mz'"",""'<repo>/target/release/mathzip' decompress --max-archive-bytes 17179869184 --max-output-bytes 8589934592 --max-segments 8388608 --no-sync --force '<work>/archive.mz' '<work>/restored.bin'""]","{""family"":""already_compressed"",""noise_density"":null,""seed"":1297748005,""size_requested"":4096}"
mathzip-benchmark-results-v1,20260724T134555Z-8b4c06c2,quick,synthetic,datasets/synthetic/already_compressed/s0000004096_bzip2.bz2,s0000004096_bzip2.bz2,CC0-1.0,python/mathzip_bench/synthetic.py and datasets/synthetic/manifest.json,datasets/synthetic/manifest.json,c7188cafa911c31e5d80193ab1dae1d468dfe9e6deafecb9be709a46aae23de1,true,3b421dffe598c3859924d9c66b9c0771fa99d01dfe1e4e9529b2fd9190bcdf24,7.170600021412373,974,raw,raw,default,,1,ok,,3,3,974,1.0,0.0,0.0,8.0,0.0,0.00022586100385524333,0.0001990979944821447,4.312386748374885,4.892063340634751,0.00023015399999992692,0.00020246199999995884,,true,true,3b421dffe598c3859924d9c66b9c0771fa99d01dfe1e4e9529b2fd9190bcdf24,3b421dffe598c3859924d9c66b9c0771fa99d01dfe1e4e9529b2fd9190bcdf24,,,,,,,,,,,,,,,,,,,,"[""stdlib:shutil.copyfile""]","{""family"":""already_compressed"",""noise_density"":null,""seed"":1297748005,""size_requested"":4096}"
mathzip-benchmark-results-v1,20260724T134555Z-8b4c06c2,quick,synthetic,datasets/synthetic/already_compressed/s0000004096_bzip2.bz2,s0000004096_bzip2.bz2,CC0-1.0,python/mathzip_bench/synthetic.py and datasets/synthetic/manifest.json,datasets/synthetic/manifest.json,c7188cafa911c31e5d80193ab1dae1d468dfe9e6deafecb9be709a46aae23de1,true,3b421dffe598c3859924d9c66b9c0771fa99d01dfe1e4e9529b2fd9190bcdf24,7.170600021412373,974,gzip-fast,gzip,fast,,1,ok,,3,3,906,1.075055187637969,0.06981519507186862,6.981519507186862,7.441478439425051,0.0,0.002689458997338079,0.0031282279960578308,0.3621546195588135,0.3113583796409429,0.0019489999999999785,0.0024089999999999945,425984.0,true,true,856eab366d5d0888dbf5b96814c3ee2c72c759b57537132dc9597df2564dc144,3b421dffe598c3859924d9c66b9c0771fa99d01dfe1e4e9529b2fd9190bcdf24,,,,,,,,,,,,,,,,,,,,"[""'<external>/gzip' -d -c '<work>/archive.gz'"",""'<external>/gzip' -n -c -1 '<repo>/datasets/synthetic/already_compressed/s0000004096_bzip2.bz2'""]","{""family"":""already_compressed"",""noise_density"":null,""seed"":1297748005,""size_requested"":4096}"
mathzip-benchmark-results-v1,20260724T134555Z-8b4c06c2,quick,synthetic,datasets/synthetic/already_compressed/s0000004096_bzip2.bz2,s0000004096_bzip2.bz2,CC0-1.0,python/mathzip_bench/synthetic.py and datasets/synthetic/manifest.json,datasets/synthetic/manifest.json,c7188cafa911c31e5d80193ab1dae1d468dfe9e6deafecb9be709a46aae23de1,true,3b421dffe598c3859924d9c66b9c0771fa99d01dfe1e4e9529b2fd9190bcdf24,7.170600021412373,974,bzip2-fast,bzip2,fast,,1,ok,,3,3,1111,0.8766876687668766,-0.14065708418891165,-14.065708418891166,9.125256673511293,14.065708418891166,0.005307016006554477,0.002925581007730216,0.18353063167645486,0.3329253223296212,0.0044600000000000195,0.002239999999999992,339968.0,true,true,86e32877dee6224020294d65a6420e7cdbd0a2ae5ede4f891bdf63bb5efa9141,3b421dffe598c3859924d9c66b9c0771fa99d01dfe1e4e9529b2fd9190bcdf24,,,,,,,,,,,,,,,,,,,,"[""'<external>/bzip2' -c -1"",""'<external>/bzip2' -d -c '<work>/archive.bz2'""]","{""family"":""already_compressed"",""noise_density"":null,""seed"":1297748005,""size_requested"":4096}"
mathzip-benchmark-results-v1,20260724T134555Z-8b4c06c2,quick,synthetic,datasets/synthetic/already_compressed/s0000004096_bzip2.bz2,s0000004096_bzip2.bz2,CC0-1.0,python/mathzip_bench/synthetic.py and datasets/synthetic/manifest.json,datasets/synthetic/manifest.json,c7188cafa911c31e5d80193ab1dae1d468dfe9e6deafecb9be709a46aae23de1,true,3b421dffe598c3859924d9c66b9c0771fa99d01dfe1e4e9529b2fd9190bcdf24,7.170600021412373,974,xz-fast,xz,fast,,1,ok,,3,3,932,1.0450643776824033,0.043121149897330624,4.312114989733063,7.655030800821355,0.0,0.00878985300369095,0.0040474039997207,0.11080958914682729,0.24064807962516543,0.007485999999999993,0.00217700000000004,827392.0,true,true,256a30dc570cc3929680cbc96ff22332cef838b62010cc5f6feadb65d6a4273d,3b421dffe598c3859924d9c66b9c0771fa99d01dfe1e4e9529b2fd9190bcdf24,,,,,,,,,,,,,,,,,,,,"[""'<external>/xz' -c --threads=1 -1 '<repo>/datasets/synthetic/already_compressed/s0000004096_bzip2.bz2'"",""'<external>/xz' -d -c --threads=1 '<work>/archive.xz'""]","{""family"":""already_compressed"",""noise_density"":null,""seed"":1297748005,""size_requested"":4096}"
mathzip-benchmark-results-v1,20260724T134555Z-8b4c06c2,quick,synthetic,datasets/synthetic/already_compressed/s0000004096_bzip2.bz2,s0000004096_bzip2.bz2,CC0-1.0,python/mathzip_bench/synthetic.py and datasets/synthetic/manifest.json,datasets/synthetic/manifest.json,c7188cafa911c31e5d80193ab1dae1d468dfe9e6deafecb9be709a46aae23de1,true,3b421dffe598c3859924d9c66b9c0771fa99d01dfe1e4e9529b2fd9190bcdf24,7.170600021412373,974,zstd-fast,zstd,fast,,1,ok,,3,3,864,1.1273148148148149,0.11293634496919913,11.293634496919914,7.096509240246407,0.0,0.007443113005138002,0.007318427000427619,0.1308592250752669,0.1330887088090226,0.0069150000000000045,0.006618000000000013,339968.0,true,true,1a6120cfc3756560b9392e1e82f559f9411c8379fe75167a807c759179ee9d23,3b421dffe598c3859924d9c66b9c0771fa99d01dfe1e4e9529b2fd9190bcdf24,,,,,,,,,,,,,,,,,,,,"[""'<external>/zstd' -q -d -c '<work>/archive.zst'"",""'<external>/zstd' -q -f -T1 -1 -c '<repo>/datasets/synthetic/already_compressed/s0000004096_bzip2.bz2'""]","{""family"":""already_compressed"",""noise_density"":null,""seed"":1297748005,""size_requested"":4096}"
mathzip-benchmark-results-v1,20260724T134555Z-8b4c06c2,quick,synthetic,datasets/synthetic/already_compressed/s0000004096_bzip2.bz2,s0000004096_bzip2.bz2,CC0-1.0,python/mathzip_bench/synthetic.py and datasets/synthetic/manifest.json,datasets/synthetic/manifest.json,c7188cafa911c31e5d80193ab1dae1d468dfe9e6deafecb9be709a46aae23de1,true,3b421dffe598c3859924d9c66b9c0771fa99d01dfe1e4e9529b2fd9190bcdf24,7.170600021412373,974,lz4-fast,lz4,fast,,1,ok,,3,3,881,1.1055618615209988,0.09548254620123209,9.54825462012321,7.236139630390143,0.0,0.003685143994516693,0.002830230994732119,0.26430446176574446,0.34414152124434244,0.0028040000000000287,0.0018990000000000395,466944.0,true,true,12812e1e9ddc103969e1d65e40ac1f0cdafd6a6865888a448d3b40b907ffc350,3b421dffe598c3859924d9c66b9c0771fa99d01dfe1e4e9529b2fd9190bcdf24,,,,,,,,,,,,,,,,,,,,"[""'<tmp>/mathzip-toolpkgs.cQThTC/extracted/usr/bin/lz4' -q -d -f '<work>/archive.lz4' '<work>/restored.bin'"",""'<tmp>/mathzip-toolpkgs.cQThTC/extracted/usr/bin/lz4' -q -f -1 '<repo>/datasets/synthetic/already_compressed/s0000004096_bzip2.bz2' '<work>/archive.lz4'""]","{""family"":""already_compressed"",""noise_density"":null,""seed"":1297748005,""size_requested"":4096}"
mathzip-benchmark-results-v1,20260724T134555Z-8b4c06c2,quick,synthetic,datasets/synthetic/already_compressed/s0000004096_bzip2.bz2,s0000004096_bzip2.bz2,CC0-1.0,python/mathzip_bench/synthetic.py and datasets/synthetic/manifest.json,datasets/synthetic/manifest.json,c7188cafa911c31e5d80193ab1dae1d468dfe9e6deafecb9be709a46aae23de1,true,3b421dffe598c3859924d9c66b9c0771fa99d01dfe1e4e9529b2fd9190bcdf24,7.170600021412373,974,brotli-fast,brotli,fast,,1,ok,,3,3,863,1.1286210892236386,0.11396303901437377,11.396303901437378,7.08829568788501,0.0,0.004923259999486618,0.003805862012086436,0.1978363929797666,0.2559209968482376,0.003987000000000018,0.003051000000000026,368640.0,true,true,727ce2df6383c8a8b4afb0a78a542eea248217506bec649a5473bb2f56049c9b,3b421dffe598c3859924d9c66b9c0771fa99d01dfe1e4e9529b2fd9190bcdf24,,,,,,,,,,,,,,,,,,,,"[""'<tmp>/mathzip-toolpkgs.cQThTC/extracted/usr/bin/brotli' -f -d -o '<work>/restored.bin' '<work>/archive.br'"",""'<tmp>/mathzip-toolpkgs.cQThTC/extracted/usr/bin/brotli' -f -q 4 -o '<work>/archive.br' '<repo>/datasets/synthetic/already_compressed/s0000004096_bzip2.bz2'""]","{""family"":""already_compressed"",""noise_density"":null,""seed"":1297748005,""size_requested"":4096}"
mathzip-benchmark-results-v1,20260724T134555Z-8b4c06c2,quick,synthetic,datasets/synthetic/already_compressed/s0000004096_bzip2.bz2,s0000004096_bzip2.bz2,CC0-1.0,python/mathzip_bench/synthetic.py and datasets/synthetic/manifest.json,datasets/synthetic/manifest.json,c7188cafa911c31e5d80193ab1dae1d468dfe9e6deafecb9be709a46aae23de1,true,3b421dffe598c3859924d9c66b9c0771fa99d01dfe1e4e9529b2fd9190bcdf24,7.170600021412373,974,7z-fast,7z,fast,,1,ok,,3,3,1019,0.9558390578999019,-0.0462012320328542,-4.62012320328542,8.369609856262834,4.62012320328542,0.009315620001871139,0.007070976993418299,0.10455557437984396,0.13774617014121304,0.008419999999999983,0.006304000000000032,1671168.0,true,true,b898267d2c98558c9cbc18c6c3d861d7fdc04f317838ad59c8dadc3daa587814,3b421dffe598c3859924d9c66b9c0771fa99d01dfe1e4e9529b2fd9190bcdf24,,,,,,,,,,,,,,,,,,,,"[""'<tmp>/mathzip-toolpkgs.cQThTC/extracted/usr/lib/7zip/7z' a -y -bd -bso0 -bsp0 -t7z -m0=lzma2 -mx=1 -mmt=1 '<work>/archive.7z' '<repo>/datasets/synthetic/already_compressed/s0000004096_bzip2.bz2'"",""'<tmp>/mathzip-toolpkgs.cQThTC/extracted/usr/lib/7zip/7z' e -so -bd -mmt=1 '<work>/archive.7z'""]","{""family"":""already_compressed"",""noise_density"":null,""seed"":1297748005,""size_requested"":4096}"
mathzip-benchmark-results-v1,20260724T134555Z-8b4c06c2,quick,synthetic,datasets/synthetic/already_compressed/s0000004096_gzip.gz,s0000004096_gzip.gz,CC0-1.0,python/mathzip_bench/synthetic.py and datasets/synthetic/manifest.json,datasets/synthetic/manifest.json,c7188cafa911c31e5d80193ab1dae1d468dfe9e6deafecb9be709a46aae23de1,true,8ce291d1a819799b8c5c9a4c3eb3d183ab94f81b64723bd4ac4c0fa981e2be27,7.610471636122021,600,mathzip-fast,mathzip,fast,,1,ok,,3,3,756,0.7936507936507936,-0.26,-26.0,10.08,26.0,0.0076666800014209,0.0044568669982254505,0.07826073344508956,0.1346237166688834,0.006635999999999975,0.003554000000000057,536576.0,true,true,e4718c87da44c25ffa70d0be9cf474271f4083a3928f06105f3be08c8fee9ef0,8ce291d1a819799b8c5c9a4c3eb3d183ab94f81b64723bd4ac4c0fa981e2be27,"[{""type"":""identity""}]",1,600.0,600.0,"{""raw"":1}","{""raw"":1}",0,36,600,120,100.0,100.0,7.610471636122036,600,0,0,0.000169401,0.000132197,0.000589577,"[""'<repo>/target/release/mathzip' compress --mode fast --max-input-bytes 8589934592 --no-sync --force '<repo>/datasets/synthetic/already_compressed/s0000004096_gzip.gz' '<work>/archive.mz'"",""'<repo>/target/release/mathzip' compress --mode fast --max-input-bytes 8589934592 --no-sync --force --metrics-output '<work>/metrics-probe.mz.metrics.json' '<repo>/datasets/synthetic/already_compressed/s0000004096_gzip.gz' '<work>/metrics-probe.mz'"",""'<repo>/target/release/mathzip' decompress --max-archive-bytes 17179869184 --max-output-bytes 8589934592 --max-segments 8388608 --no-sync --force '<work>/archive.mz' '<work>/restored.bin'""]","{""family"":""already_compressed"",""noise_density"":null,""seed"":1297748005,""size_requested"":4096}"
mathzip-benchmark-results-v1,20260724T134555Z-8b4c06c2,quick,synthetic,datasets/synthetic/already_compressed/s0000004096_gzip.gz,s0000004096_gzip.gz,CC0-1.0,python/mathzip_bench/synthetic.py and datasets/synthetic/manifest.json,datasets/synthetic/manifest.json,c7188cafa911c31e5d80193ab1dae1d468dfe9e6deafecb9be709a46aae23de1,true,8ce291d1a819799b8c5c9a4c3eb3d183ab94f81b64723bd4ac4c0fa981e2be27,7.610471636122021,600,raw,raw,default,,1,ok,,3,3,600,1.0,0.0,0.0,8.0,0.0,0.00020523399871308357,0.00018039198766928166,2.923492227224973,3.3260900761290957,0.000208922999999972,0.00018355199999997573,,true,true,8ce291d1a819799b8c5c9a4c3eb3d183ab94f81b64723bd4ac4c0fa981e2be27,8ce291d1a819799b8c5c9a4c3eb3d183ab94f81b64723bd4ac4c0fa981e2be27,,,,,,,,,,,,,,,,,,,,"[""stdlib:shutil.copyfile""]","{""family"":""already_compressed"",""noise_density"":null,""seed"":1297748005,""size_requested"":4096}"
mathzip-benchmark-results-v1,20260724T134555Z-8b4c06c2,quick,synthetic,datasets/synthetic/already_compressed/s0000004096_gzip.gz,s0000004096_gzip.gz,CC0-1.0,python/mathzip_bench/synthetic.py and datasets/synthetic/manifest.json,datasets/synthetic/manifest.json,c7188cafa911c31e5d80193ab1dae1d468dfe9e6deafecb9be709a46aae23de1,true,8ce291d1a819799b8c5c9a4c3eb3d183ab94f81b64723bd4ac4c0fa981e2be27,7.610471636122021,600,gzip-fast,gzip,fast,,1,ok,,3,3,623,0.9630818619582665,-0.03833333333333333,-3.833333333333333,8.306666666666667,3.833333333333333,0.004404070001328364,0.0023728529922664165,0.1362376165272184,0.2528601653602289,0.0037080000000000446,0.0016959999999999198,536576.0,true,true,bf596938d22ef9154ba87c01a64c44f8ecdae833ba7054d5e8816dfc444ff25b,8ce291d1a819799b8c5c9a4c3eb3d183ab94f81b64723bd4ac4c0fa981e2be27,,,,,,,,,,,,,,,,,,,,"[""'<external>/gzip' -d -c '<work>/archive.gz'"",""'<external>/gzip' -n -c -1 '<repo>/datasets/synthetic/already_compressed/s0000004096_gzip.gz'""]","{""family"":""already_compressed"",""noise_density"":null,""seed"":1297748005,""size_requested"":4096}"
mathzip-benchmark-results-v1,20260724T134555Z-8b4c06c2,quick,synthetic,datasets/synthetic/already_compressed/s0000004096_gzip.gz,s0000004096_gzip.gz,CC0-1.0,python/mathzip_bench/synthetic.py and datasets/synthetic/manifest.json,datasets/synthetic/manifest.json,c7188cafa911c31e5d80193ab1dae1d468dfe9e6deafecb9be709a46aae23de1,true,8ce291d1a819799b8c5c9a4c3eb3d183ab94f81b64723bd4ac4c0fa981e2be27,7.610471636122021,600,bzip2-fast,bzip2,fast,,1,ok,,3,3,801,0.7490636704119851,-0.33499999999999996,-33.5,10.68,33.5,0.004176993999863043,0.00468693400034681,0.14364396980691688,0.12801545743029516,0.00245799999999996,0.003955000000000042,360448.0,true,true,b735f0a97f6c30cf7567af30fe8f0c66046f2d799af346eff4605da730383f1a,8ce291d1a819799b8c5c9a4c3eb3d183ab94f81b64723bd4ac4c0fa981e2be27,,,,,,,,,,,,,,,,,,,,"[""'<external>/bzip2' -c -1"",""'<external>/bzip2' -d -c '<work>/archive.bz2'""]","{""family"":""already_compressed"",""noise_density"":null,""seed"":1297748005,""size_requested"":4096}"
mathzip-benchmark-results-v1,20260724T134555Z-8b4c06c2,quick,synthetic,datasets/synthetic/already_compressed/s0000004096_gzip.gz,s0000004096_gzip.gz,CC0-1.0,python/mathzip_bench/synthetic.py and datasets/synthetic/manifest.json,datasets/synthetic/manifest.json,c7188cafa911c31e5d80193ab1dae1d468dfe9e6deafecb9be709a46aae23de1,true,8ce291d1a819799b8c5c9a4c3eb3d183ab94f81b64723bd4ac4c0fa981e2be27,7.610471636122021,600,xz-fast,xz,fast,,1,ok,,3,3,660,0.9090909090909091,-0.10000000000000009,-10.000000000000009,8.8,10.000000000000009,0.013567903995863162,0.005268772001727484,0.04422201101827808,0.1138785280143602,0.012102000000000057,0.004048999999999969,344064.0,true,true,e012dd691765410f4a20f321c4014e6e3ac4ec19a6a71a23a7a2a4dd47178ce3,8ce291d1a819799b8c5c9a4c3eb3d183ab94f81b64723bd4ac4c0fa981e2be27,,,,,,,,,,,,,,,,,,,,"[""'<external>/xz' -c --threads=1 -1 '<repo>/datasets/synthetic/already_compressed/s0000004096_gzip.gz'"",""'<external>/xz' -d -c --threads=1 '<work>/archive.xz'""]","{""family"":""already_compressed"",""noise_density"":null,""seed"":1297748005,""size_requested"":4096}"
mathzip-benchmark-results-v1,20260724T134555Z-8b4c06c2,quick,synthetic,datasets/synthetic/already_compressed/s0000004096_gzip.gz,s0000004096_gzip.gz,CC0-1.0,python/mathzip_bench/synthetic.py and datasets/synthetic/manifest.json,datasets/synthetic/manifest.json,c7188cafa911c31e5d80193ab1dae1d468dfe9e6deafecb9be709a46aae23de1,true,8ce291d1a819799b8c5c9a4c3eb3d183ab94f81b64723bd4ac4c0fa981e2be27,7.610471636122021,600,zstd-fast,zstd,fast,,1,ok,,3,3,614,0.9771986970684039,-0.023333333333333428,-2.333333333333343,8.186666666666667,2.333333333333343,0.005427195996162482,0.0070955319970380515,0.11055432684285849,0.08456025570041303,0.005081000000000113,0.006520999999999999,286720.0,true,true,ec84819731da3e49904df54dce6ee48c1f1c7322d81a24e809af76b4e25f47de,8ce291d1a819799b8c5c9a4c3eb3d183ab94f81b64723bd4ac4c0fa981e2be27,,,,,,,,,,,,,,,,,,,,"[""'<external>/zstd' -q -d -c '<work>/archive.zst'"",""'<external>/zstd' -q -f -T1 -1 -c '<repo>/datasets/synthetic/already_compressed/s0000004096_gzip.gz'""]","{""family"":""already_compressed"",""noise_density"":null,""seed"":1297748005,""size_requested"":4096}"
mathzip-benchmark-results-v1,20260724T134555Z-8b4c06c2,quick,synthetic,datasets/synthetic/already_compressed/s0000004096_gzip.gz,s0000004096_gzip.gz,CC0-1.0,python/mathzip_bench/synthetic.py and datasets/synthetic/manifest.json,datasets/synthetic/manifest.json,c7188cafa911c31e5d80193ab1dae1d468dfe9e6deafecb9be709a46aae23de1,true,8ce291d1a819799b8c5c9a4c3eb3d183ab94f81b64723bd4ac4c0fa981e2be27,7.610471636122021,600,lz4-fast,lz4,fast,,1,ok,,3,3,619,0.9693053311793215,-0.03166666666666673,-3.166666666666673,8.253333333333334,3.166666666666673,0.004394884992507286,0.0031954350124578923,0.1365223438208105,0.1877678618594364,0.0037199999999999456,0.0023100000000000342,598016.0,true,true,a6f8d03b95198cfc86b8886172ffeec80a89194d07b777d8c8a274b8f033ed1b,8ce291d1a819799b8c5c9a4c3eb3d183ab94f81b64723bd4ac4c0fa981e2be27,,,,,,,,,,,,,,,,,,,,"[""'<tmp>/mathzip-toolpkgs.cQThTC/extracted/usr/bin/lz4' -q -d -f '<work>/archive.lz4' '<work>/restored.bin'"",""'<tmp>/mathzip-toolpkgs.cQThTC/extracted/usr/bin/lz4' -q -f -1 '<repo>/datasets/synthetic/already_compressed/s0000004096_gzip.gz' '<work>/archive.lz4'""]","{""family"":""already_compressed"",""noise_density"":null,""seed"":1297748005,""size_requested"":4096}"
mathzip-benchmark-results-v1,20260724T134555Z-8b4c06c2,quick,synthetic,datasets/synthetic/already_compressed/s0000004096_gzip.gz,s0000004096_gzip.gz,CC0-1.0,python/mathzip_bench/synthetic.py and datasets/synthetic/manifest.json,datasets/synthetic/manifest.json,c7188cafa911c31e5d80193ab1dae1d468dfe9e6deafecb9be709a46aae23de1,true,8ce291d1a819799b8c5c9a4c3eb3d183ab94f81b64723bd4ac4c0fa981e2be27,7.610471636122021,600,brotli-fast,brotli,fast,,1,ok,,3,3,605,0.9917355371900827,-0.008333333333333304,-0.8333333333333304,8.066666666666666,0.8333333333333304,0.004468169005122036,0.004095269003300928,0.13428319280497147,0.14651052214552435,0.003626000000000018,0.003306000000000031,339968.0,true,true,8383c72c4d8525becfbab9154cf01f89a2d00a4b8efe8fd178990bdcdf204a78,8ce291d1a819799b8c5c9a4c3eb3d183ab94f81b64723bd4ac4c0fa981e2be27,,,,,,,,,,,,,,,,,,,,"[""'<tmp>/mathzip-toolpkgs.cQThTC/extracted/usr/bin/brotli' -f -d -o '<work>/restored.bin' '<work>/archive.br'"",""'<tmp>/mathzip-toolpkgs.cQThTC/extracted/usr/bin/brotli' -f -q 4 -o '<work>/archive.br' '<repo>/datasets/synthetic/already_compressed/s0000004096_gzip.gz'""]","{""family"":""already_compressed"",""noise_density"":null,""seed"":1297748005,""size_requested"":4096}"
mathzip-benchmark-results-v1,20260724T134555Z-8b4c06c2,quick,synthetic,datasets/synthetic/already_compressed/s0000004096_gzip.gz,s0000004096_gzip.gz,CC0-1.0,python/mathzip_bench/synthetic.py and datasets/synthetic/manifest.json,datasets/synthetic/manifest.json,c7188cafa911c31e5d80193ab1dae1d468dfe9e6deafecb9be709a46aae23de1,true,8ce291d1a819799b8c5c9a4c3eb3d183ab94f81b64723bd4ac4c0fa981e2be27,7.610471636122021,600,7z-fast,7z,fast,,1,ok,,3,3,750,0.8,-0.25,-25.0,10.0,25.0,0.010066161994473077,0.006519361006212421,0.0596056372159951,0.09203355964307679,0.00818400000000008,0.005895999999999901,569344.0,true,true,9da0e1ccca2a2cda22e3e905f60f7c2e86eaf8839f20281d49f7de40eb2757be,8ce291d1a819799b8c5c9a4c3eb3d183ab94f81b64723bd4ac4c0fa981e2be27,,,,,,,,,,,,,,,,,,,,"[""'<tmp>/mathzip-toolpkgs.cQThTC/extracted/usr/lib/7zip/7z' a -y -bd -bso0 -bsp0 -t7z -m0=lzma2 -mx=1 -mmt=1 '<work>/archive.7z' '<repo>/datasets/synthetic/already_compressed/s0000004096_gzip.gz'"",""'<tmp>/mathzip-toolpkgs.cQThTC/extracted/usr/lib/7zip/7z' e -so -bd -mmt=1 '<work>/archive.7z'""]","{""family"":""already_compressed"",""noise_density"":null,""seed"":1297748005,""size_requested"":4096}"
mathzip-benchmark-results-v1,20260724T134555Z-8b4c06c2,quick,synthetic,datasets/synthetic/already_compressed/s0000004096_image.jpg,s0000004096_image.jpg,CC0-1.0,python/mathzip_bench/synthetic.py and datasets/synthetic/manifest.json,datasets/synthetic/manifest.json,c7188cafa911c31e5d80193ab1dae1d468dfe9e6deafecb9be709a46aae23de1,true,0333acf899c8a49ad7eb7b0b76f8f1ab17e1090665d90c6182044c2df46d0a27,2.75369233199722,520,mathzip-fast,mathzip,fast,,1,ok,,3,3,443,1.1738148984198646,0.1480769230769231,14.80769230769231,6.815384615384615,0.0,0.004114898998523131,0.00360732500848826,0.12637005189838973,0.14415113658359244,0.003442999999999974,0.003049999999999997,430080.0,true,true,196aa22ff4389130bab9b49fed4790c9c25e8912489c59e556de58df2f982ff4,0333acf899c8a49ad7eb7b0b76f8f1ab17e1090665d90c6182044c2df46d0a27,"[{""type"":""delta""}]",1,520.0,520.0,"{""raw"":1}","{""zero_run"":1}",0,36,287,120,100.0,0.0,3.304258088933782,287,0,0,6.6933e-05,5.7992e-05,0.000275807,"[""'<repo>/target/release/mathzip' compress --mode fast --max-input-bytes 8589934592 --no-sync --force '<repo>/datasets/synthetic/already_compressed/s0000004096_image.jpg' '<work>/archive.mz'"",""'<repo>/target/release/mathzip' compress --mode fast --max-input-bytes 8589934592 --no-sync --force --metrics-output '<work>/metrics-probe.mz.metrics.json' '<repo>/datasets/synthetic/already_compressed/s0000004096_image.jpg' '<work>/metrics-probe.mz'"",""'<repo>/target/release/mathzip' decompress --max-archive-bytes 17179869184 --max-output-bytes 8589934592 --max-segments 8388608 --no-sync --force '<work>/archive.mz' '<work>/restored.bin'""]","{""family"":""already_compressed"",""noise_density"":null,""seed"":1297748005,""size_requested"":4096}"
mathzip-benchmark-results-v1,20260724T134555Z-8b4c06c2,quick,synthetic,datasets/synthetic/already_compressed/s0000004096_image.jpg,s0000004096_image.jpg,CC0-1.0,python/mathzip_bench/synthetic.py and datasets/synthetic/manifest.json,datasets/synthetic/manifest.json,c7188cafa911c31e5d80193ab1dae1d468dfe9e6deafecb9be709a46aae23de1,true,0333acf899c8a49ad7eb7b0b76f8f1ab17e1090665d90c6182044c2df46d0a27,2.75369233199722,520,raw,raw,default,,1,ok,,3,3,520,1.0,0.0,0.0,8.0,0.0,0.00020402199879754335,0.0001835470029618591,2.548744758235656,2.833061785857955,0.00020773000000007258,0.00018699699999991104,,true,true,0333acf899c8a49ad7eb7b0b76f8f1ab17e1090665d90c6182044c2df46d0a27,0333acf899c8a49ad7eb7b0b76f8f1ab17e1090665d90c6182044c2df46d0a27,,,,,,,,,,,,,,,,,,,,"[""stdlib:shutil.copyfile""]","{""family"":""already_compressed"",""noise_density"":null,""seed"":1297748005,""size_requested"":4096}"
mathzip-benchmark-results-v1,20260724T134555Z-8b4c06c2,quick,synthetic,datasets/synthetic/already_compressed/s0000004096_image.jpg,s0000004096_image.jpg,CC0-1.0,python/mathzip_bench/synthetic.py and datasets/synthetic/manifest.json,datasets/synthetic/manifest.json,c7188cafa911c31e5d80193ab1dae1d468dfe9e6deafecb9be709a46aae23de1,true,0333acf899c8a49ad7eb7b0b76f8f1ab17e1090665d90c6182044c2df46d0a27,2.75369233199722,520,gzip-fast,gzip,fast,,1,ok,,3,3,167,3.1137724550898205,0.6788461538461539,67.88461538461539,2.5692307692307694,0.0,0.0024536559940315783,0.002369043999351561,0.2119286490302143,0.21949782281052227,0.0019239999999999258,0.001830999999999916,344064.0,true,true,066cc131a46b146a2a2b05ac185b1a3d4a1165bcbc9c87e6740939b1cd66d65c,0333acf899c8a49ad7eb7b0b76f8f1ab17e1090665d90c6182044c2df46d0a27,,,,,,,,,,,,,,,,,,,,"[""'<external>/gzip' -d -c '<work>/archive.gz'"",""'<external>/gzip' -n -c -1 '<repo>/datasets/synthetic/already_compressed/s0000004096_image.jpg'""]","{""family"":""already_compressed"",""noise_density"":null,""seed"":1297748005,""size_requested"":4096}"
mathzip-benchmark-results-v1,20260724T134555Z-8b4c06c2,quick,synthetic,datasets/synthetic/already_compressed/s0000004096_image.jpg,s0000004096_image.jpg,CC0-1.0,python/mathzip_bench/synthetic.py and datasets/synthetic/manifest.json,datasets/synthetic/manifest.json,c7188cafa911c31e5d80193ab1dae1d468dfe9e6deafecb9be709a46aae23de1,true,0333acf899c8a49ad7eb7b0b76f8f1ab17e1090665d90c6182044c2df46d0a27,2.75369233199722,520,bzip2-fast,bzip2,fast,,1,ok,,3,3,170,3.0588235294117645,0.6730769230769231,67.3076923076923,2.6153846153846154,0.0,0.0026814640004886314,0.002529435994802043,0.19392391615372895,0.20557942603354779,0.002186999999999939,0.0020160000000000178,339968.0,true,true,5846610302be7619d2c23ea1ff40c04f8b87a93cad2b9cf88e313e6ccc438a25,0333acf899c8a49ad7eb7b0b76f8f1ab17e1090665d90c6182044c2df46d0a27,,,,,,,,,,,,,,,,,,,,"[""'<external>/bzip2' -c -1"",""'<external>/bzip2' -d -c '<work>/archive.bz2'""]","{""family"":""already_compressed"",""noise_density"":null,""seed"":1297748005,""size_requested"":4096}"
mathzip-benchmark-results-v1,20260724T134555Z-8b4c06c2,quick,synthetic,datasets/synthetic/already_compressed/s0000004096_image.jpg,s0000004096_image.jpg,CC0-1.0,python/mathzip_bench/synthetic.py and datasets/synthetic/manifest.json,datasets/synthetic/manifest.json,c7188cafa911c31e5d80193ab1dae1d468dfe9e6deafecb9be709a46aae23de1,true,0333acf899c8a49ad7eb7b0b76f8f1ab17e1090665d90c6182044c2df46d0a27,2.75369233199722,520,xz-fast,xz,fast,,1,ok,,3,3,204,2.549019607843137,0.6076923076923078,60.769230769230774,3.1384615384615384,0.0,0.004885392991127446,0.003613225999288261,0.10643974823405043,0.14391571412981927,0.00350600000000012,0.0022000000000000908,364544.0,true,true,724acf7bc97ce18df344a747175c619923e4ec8f65e54ab237ad68173d1f54d8,0333acf899c8a49ad7eb7b0b76f8f1ab17e1090665d90c6182044c2df46d0a27,,,,,,,,,,,,,,,,,,,,"[""'<external>/xz' -c --threads=1 -1 '<repo>/datasets/synthetic/already_compressed/s0000004096_image.jpg'"",""'<external>/xz' -d -c --threads=1 '<work>/archive.xz'""]","{""family"":""already_compressed"",""noise_density"":null,""seed"":1297748005,""size_requested"":4096}"
mathzip-benchmark-results-v1,20260724T134555Z-8b4c06c2,quick,synthetic,datasets/synthetic/already_compressed/s0000004096_image.jpg,s0000004096_image.jpg,CC0-1.0,python/mathzip_bench/synthetic.py and datasets/synthetic/manifest.json,datasets/synthetic/manifest.json,c7188cafa911c31e5d80193ab1dae1d468dfe9e6deafecb9be709a46aae23de1,true,0333acf899c8a49ad7eb7b0b76f8f1ab17e1090665d90c6182044c2df46d0a27,2.75369233199722,520,zstd-fast,zstd,fast,,1,ok,,3,3,160,3.25,0.6923076923076923,69.23076923076923,2.4615384615384617,0.0,0.004067810994456522,0.0038555520004592836,0.12783288129872275,0.13487044136301524,0.0036009999999999653,0.0034450000000000314,344064.0,true,true,305871cca01335eb8b71e09f01ee8a1be92084068be06ea1d7aa228d253def1d,0333acf899c8a49ad7eb7b0b76f8f1ab17e1090665d90c6182044c2df46d0a27,,,,,,,,,,,,,,,,,,,,"[""'<external>/zstd' -q -d -c '<work>/archive.zst'"",""'<external>/zstd' -q -f -T1 -1 -c '<repo>/datasets/synthetic/already_compressed/s0000004096_image.jpg'""]","{""family"":""already_compressed"",""noise_density"":null,""seed"":1297748005,""size_requested"":4096}"
mathzip-benchmark-results-v1,20260724T134555Z-8b4c06c2,quick,synthetic,datasets/synthetic/already_compressed/s0000004096_image.jpg,s0000004096_image.jpg,CC0-1.0,python/mathzip_bench/synthetic.py and datasets/synthetic/manifest.json,datasets/synthetic/manifest.json,c7188cafa911c31e5d80193ab1dae1d468dfe9e6deafecb9be709a46aae23de1,true,0333acf899c8a49ad7eb7b0b76f8f1ab17e1090665d90c6182044c2df46d0a27,2.75369233199722,520,lz4-fast,lz4,fast,,1,ok,,3,3,210,2.4761904761904763,0.5961538461538461,59.61538461538461,3.230769230769231,0.0,0.0025212680047843605,0.002466726000420749,0.20624542849599783,0.21080574004218694,0.001918999999999893,0.001859000000000055,458752.0,true,true,106cb462199cace829b5d538991a1055b7c03970600b7c2992a729ed50b26109,0333acf899c8a49ad7eb7b0b76f8f1ab17e1090665d90c6182044c2df46d0a27,,,,,,,,,,,,,,,,,,,,"[""'<tmp>/mathzip-toolpkgs.cQThTC/extracted/usr/bin/lz4' -q -d -f '<work>/archive.lz4' '<work>/restored.bin'"",""'<tmp>/mathzip-toolpkgs.cQThTC/extracted/usr/bin/lz4' -q -f -1 '<repo>/datasets/synthetic/already_compressed/s0000004096_image.jpg' '<work>/archive.lz4'""]","{""family"":""already_compressed"",""noise_density"":null,""seed"":1297748005,""size_requested"":4096}"
mathzip-benchmark-results-v1,20260724T134555Z-8b4c06c2,quick,synthetic,datasets/synthetic/already_compressed/s0000004096_image.jpg,s0000004096_image.jpg,CC0-1.0,python/mathzip_bench/synthetic.py and datasets/synthetic/manifest.json,datasets/synthetic/manifest.json,c7188cafa911c31e5d80193ab1dae1d468dfe9e6deafecb9be709a46aae23de1,true,0333acf899c8a49ad7eb7b0b76f8f1ab17e1090665d90c6182044c2df46d0a27,2.75369233199722,520,brotli-fast,brotli,fast,,1,ok,,3,3,144,3.611111111111111,0.7230769230769231,72.3076923076923,2.2153846153846155,0.0,0.0039939289999892935,0.0031575319881085306,0.13019760741900868,0.16468558417091372,0.0033210000000000184,0.0025889999999999525,339968.0,true,true,f1bed866fbeb645431835f8c62a372a5f584de1cdd8e5373938cc0e51380cd71,0333acf899c8a49ad7eb7b0b76f8f1ab17e1090665d90c6182044c2df46d0a27,,,,,,,,,,,,,,,,,,,,"[""'<tmp>/mathzip-toolpkgs.cQThTC/extracted/usr/bin/brotli' -f -d -o '<work>/restored.bin' '<work>/archive.br'"",""'<tmp>/mathzip-toolpkgs.cQThTC/extracted/usr/bin/brotli' -f -q 4 -o '<work>/archive.br' '<repo>/datasets/synthetic/already_compressed/s0000004096_image.jpg'""]","{""family"":""already_compressed"",""noise_density"":null,""seed"":1297748005,""size_requested"":4096}"
mathzip-benchmark-results-v1,20260724T134555Z-8b4c06c2,quick,synthetic,datasets/synthetic/already_compressed/s0000004096_image.jpg,s0000004096_image.jpg,CC0-1.0,python/mathzip_bench/synthetic.py and datasets/synthetic/manifest.json,datasets/synthetic/manifest.json,c7188cafa911c31e5d80193ab1dae1d468dfe9e6deafecb9be709a46aae23de1,true,0333acf899c8a49ad7eb7b0b76f8f1ab17e1090665d90c6182044c2df46d0a27,2.75369233199722,520,7z-fast,7z,fast,,1,ok,,3,3,293,1.7747440273037542,0.43653846153846154,43.65384615384615,4.507692307692308,0.0,0.008737856012885459,0.006650084993452765,0.05951116603811865,0.0781944893203557,0.008148000000000044,0.006124000000000018,401408.0,true,true,9e85e210e16a488bde2f320c5620a360eb1eba48bb619a3772370a18d849c783,0333acf899c8a49ad7eb7b0b76f8f1ab17e1090665d90c6182044c2df46d0a27,,,,,,,,,,,,,,,,,,,,"[""'<tmp>/mathzip-toolpkgs.cQThTC/extracted/usr/lib/7zip/7z' a -y -bd -bso0 -bsp0 -t7z -m0=lzma2 -mx=1 -mmt=1 '<work>/archive.7z' '<repo>/datasets/synthetic/already_compressed/s0000004096_image.jpg'"",""'<tmp>/mathzip-toolpkgs.cQThTC/extracted/usr/lib/7zip/7z' e -so -bd -mmt=1 '<work>/archive.7z'""]","{""family"":""already_compressed"",""noise_density"":null,""seed"":1297748005,""size_requested"":4096}"
mathzip-benchmark-results-v1,20260724T134555Z-8b4c06c2,quick,synthetic,datasets/synthetic/already_compressed/s0000004096_image.png,s0000004096_image.png,CC0-1.0,python/mathzip_bench/synthetic.py and datasets/synthetic/manifest.json,datasets/synthetic/manifest.json,c7188cafa911c31e5d80193ab1dae1d468dfe9e6deafecb9be709a46aae23de1,true,cb4eecdedf70818c958a332f4b9497746a871e2f48b029475884c54a192f1d44,7.920503890429584,4228,mathzip-fast,mathzip,fast,,1,ok,,3,3,4384,0.9644160583941606,-0.03689687795648067,-3.6896877956480667,8.295175023651845,3.6896877956480667,0.0061534929991466925,0.003935022003133781,0.6870894304399628,1.0744539666189659,0.005468000000000028,0.0033410000000000384,417792.0,true,true,a34e03bf5ed09da09b90cfacda06afcfc2665a6dc7e81e018c2556fd77aa1ede,cb4eecdedf70818c958a332f4b9497746a871e2f48b029475884c54a192f1d44,"[{""type"":""identity""}]",1,4228.0,4228.0,"{""raw"":1}","{""raw"":1}",0,36,4228,120,100.0,100.0,7.920503890429605,4228,0,0,0.000311217,9.9739e-05,0.001927791,"[""'<repo>/target/release/mathzip' compress --mode fast --max-input-bytes 8589934592 --no-sync --force '<repo>/datasets/synthetic/already_compressed/s0000004096_image.png' '<work>/archive.mz'"",""'<repo>/target/release/mathzip' compress --mode fast --max-input-bytes 8589934592 --no-sync --force --metrics-output '<work>/metrics-probe.mz.metrics.json' '<repo>/datasets/synthetic/already_compressed/s0000004096_image.png' '<work>/metrics-probe.mz'"",""'<repo>/target/release/mathzip' decompress --max-archive-bytes 17179869184 --max-output-bytes 8589934592 --max-segments 8388608 --no-sync --force '<work>/archive.mz' '<work>/restored.bin'""]","{""family"":""already_compressed"",""noise_density"":null,""seed"":1297748005,""size_requested"":4096}"
mathzip-benchmark-results-v1,20260724T134555Z-8b4c06c2,quick,synthetic,datasets/synthetic/already_compressed/s0000004096_image.png,s0000004096_image.png,CC0-1.0,python/mathzip_bench/synthetic.py and datasets/synthetic/manifest.json,datasets/synthetic/manifest.json,c7188cafa911c31e5d80193ab1dae1d468dfe9e6deafecb9be709a46aae23de1,true,cb4eecdedf70818c958a332f4b9497746a871e2f48b029475884c54a192f1d44,7.920503890429584,4228,raw,raw,default,,1,ok,,3,3,4228,1.0,0.0,0.0,8.0,0.0,0.0002113210066454485,0.0001882759970612824,20.007476147857275,22.45639415535172,0.00021525899999996767,0.00019148800000001742,,true,true,cb4eecdedf70818c958a332f4b9497746a871e2f48b029475884c54a192f1d44,cb4eecdedf70818c958a332f4b9497746a871e2f48b029475884c54a192f1d44,,,,,,,,,,,,,,,,,,,,"[""stdlib:shutil.copyfile""]","{""family"":""already_compressed"",""noise_density"":null,""seed"":1297748005,""size_requested"":4096}"
mathzip-benchmark-results-v1,20260724T134555Z-8b4c06c2,quick,synthetic,datasets/synthetic/already_compressed/s0000004096_image.png,s0000004096_image.png,CC0-1.0,python/mathzip_bench/synthetic.py and datasets/synthetic/manifest.json,datasets/synthetic/manifest.json,c7188cafa911c31e5d80193ab1dae1d468dfe9e6deafecb9be709a46aae23de1,true,cb4eecdedf70818c958a332f4b9497746a871e2f48b029475884c54a192f1d44,7.920503890429584,4228,gzip-fast,gzip,fast,,1,ok,,3,3,4251,0.9945895083509763,-0.005439924314096567,-0.5439924314096567,8.043519394512773,0.5439924314096567,0.002546720003010705,0.0023258379951585084,1.6601746540655054,1.8178394233824773,0.0020160000000000178,0.001762999999999959,348160.0,true,true,1b2f9b207b18de431800330d6580635a530b5fb44760a7a049f2544811c1b9b1,cb4eecdedf70818c958a332f4b9497746a871e2f48b029475884c54a192f1d44,,,,,,,,,,,,,,,,,,,,"[""'<external>/gzip' -d -c '<work>/archive.gz'"",""'<external>/gzip' -n -c -1 '<repo>/datasets/synthetic/already_compressed/s0000004096_image.png'""]","{""family"":""already_compressed"",""noise_density"":null,""seed"":1297748005,""size_requested"":4096}"
mathzip-benchmark-results-v1,20260724T134555Z-8b4c06c2,quick,synthetic,datasets/synthetic/already_compressed/s0000004096_image.png,s0000004096_image.png,CC0-1.0,python/mathzip_bench/synthetic.py and datasets/synthetic/manifest.json,datasets/synthetic/manifest.json,c7188cafa911c31e5d80193ab1dae1d468dfe9e6deafecb9be709a46aae23de1,true,cb4eecdedf70818c958a332f4b9497746a871e2f48b029475884c54a192f1d44,7.920503890429584,4228,bzip2-fast,bzip2,fast,,1,ok,,3,3,4704,0.8988095238095238,-0.11258278145695355,-11.258278145695355,8.900662251655628,11.258278145695355,0.004103337996639311,0.003021708005690016,1.030380632417507,1.3992086568386093,0.003530000000000033,0.002374999999999794,1017856.0,true,true,1bb01189417570c5645fe75ef5403035f63dcbd6aaa94fbc60347d5370fceded,cb4eecdedf70818c958a332f4b9497746a871e2f48b029475884c54a192f1d44,,,,,,,,,,,,,,,,,,,,"[""'<external>/bzip2' -c -1"",""'<external>/bzip2' -d -c '<work>/archive.bz2'""]","{""family"":""already_compressed"",""noise_density"":null,""seed"":1297748005,""size_requested"":4096}"
mathzip-benchmark-results-v1,20260724T134555Z-8b4c06c2,quick,synthetic,datasets/synthetic/already_compressed/s0000004096_image.png,s0000004096_image.png,CC0-1.0,python/mathzip_bench/synthetic.py and datasets/synthetic/manifest.json,datasets/synthetic/manifest.json,c7188cafa911c31e5d80193ab1dae1d468dfe9e6deafecb9be709a46aae23de1,true,cb4eecdedf70818c958a332f4b9497746a871e2f48b029475884c54a192f1d44,7.920503890429584,4228,xz-fast,xz,fast,,1,ok,,3,3,4288,0.9860074626865671,-0.014191106906338735,-1.4191106906338735,8.11352885525071,1.4191106906338735,0.00952259601035621,0.003462455002591014,0.4439965735606003,1.2210989014546372,0.008682000000000079,0.0020620000000000083,344064.0,true,true,aed5c5e181ffd6752efa56e6923015b9d7f575edcf1d2c97ebc39548c34a3fbc,cb4eecdedf70818c958a332f4b9497746a871e2f48b029475884c54a192f1d44,,,,,,,,,,,,,,,,,,,,"[""'<external>/xz' -c --threads=1 -1 '<repo>/datasets/synthetic/already_compressed/s0000004096_image.png'"",""'<external>/xz' -d -c --threads=1 '<work>/archive.xz'""]","{""family"":""already_compressed"",""noise_density"":null,""seed"":1297748005,""size_requested"":4096}"
mathzip-benchmark-results-v1,20260724T134555Z-8b4c06c2,quick,synthetic,datasets/synthetic/already_compressed/s0000004096_image.png,s0000004096_image.png,CC0-1.0,python/mathzip_bench/synthetic.py and datasets/synthetic/manifest.json,datasets/synthetic/manifest.json,c7188cafa911c31e5d80193ab1dae1d468dfe9e6deafecb9be709a46aae23de1,true,cb4eecdedf70818c958a332f4b9497746a871e2f48b029475884c54a192f1d44,7.920503890429584,4228,zstd-fast,zstd,fast,,1,ok,,3,3,4242,0.9966996699669967,-0.0033112582781456013,-0.3311258278145601,8.026490066225165,0.3311258278145601,0.004987054009689018,0.004567885000142269,0.8477951094545393,0.9255924787660629,0.0036160000000000636,0.0033530000000001614,348160.0,true,true,80bd2d79e275234c7c133a54850f22e02269b1056b4d54dc46a0c6cda3d277f7,cb4eecdedf70818c958a332f4b9497746a871e2f48b029475884c54a192f1d44,,,,,,,,,,,,,,,,,,,,"[""'<external>/zstd' -q -d -c '<work>/archive.zst'"",""'<external>/zstd' -q -f -T1 -1 -c '<repo>/datasets/synthetic/already_compressed/s0000004096_image.png'""]","{""family"":""already_compressed"",""noise_density"":null,""seed"":1297748005,""size_requested"":4096}"
mathzip-benchmark-results-v1,20260724T134555Z-8b4c06c2,quick,synthetic,datasets/synthetic/already_compressed/s0000004096_image.png,s0000004096_image.png,CC0-1.0,python/mathzip_bench/synthetic.py and datasets/synthetic/manifest.json,datasets/synthetic/manifest.json,c7188cafa911c31e5d80193ab1dae1d468dfe9e6deafecb9be709a46aae23de1,true,cb4eecdedf70818c958a332f4b9497746a871e2f48b029475884c54a192f1d44,7.920503890429584,4228,lz4-fast,lz4,fast,,1,ok,,3,3,4247,0.9955262538262303,-0.004493850520340681,-0.4493850520340681,8.035950804162725,0.4493850520340681,0.002434461988741532,0.0024469240015605465,1.7367286979845669,1.7278836601805194,0.0019119999999999138,0.001875000000000071,339968.0,true,true,104b67a1de95471cdecea2eb0232c77f69a6a949fd766fa4111bdd8662831cf8,cb4eecdedf70818c958a332f4b9497746a871e2f48b029475884c54a192f1d44,,,,,,,,,,,,,,,,,,,,"[""'<tmp>/mathzip-toolpkgs.cQThTC/extracted/usr/bin/lz4' -q -d -f '<work>/archive.lz4' '<work>/restored.bin'"",""'<tmp>/mathzip-toolpkgs.cQThTC/extracted/usr/bin/lz4' -q -f -1 '<repo>/datasets/synthetic/already_compressed/s0000004096_image.png' '<work>/archive.lz4'""]","{""family"":""already_compressed"",""noise_density"":null,""seed"":1297748005,""size_requested"":4096}"
mathzip-benchmark-results-v1,20260724T134555Z-8b4c06c2,quick,synthetic,datasets/synthetic/already_compressed/s0000004096_image.png,s0000004096_image.png,CC0-1.0,python/mathzip_bench/synthetic.py and datasets/synthetic/manifest.json,datasets/synthetic/manifest.json,c7188cafa911c31e5d80193ab1dae1d468dfe9e6deafecb9be709a46aae23de1,true,cb4eecdedf70818c958a332f4b9497746a871e2f48b029475884c54a192f1d44,7.920503890429584,4228,brotli-fast,brotli,fast,,1,ok,,3,3,4233,0.9988188046302858,-0.0011825922421948576,-0.11825922421948576,8.009460737937559,0.11825922421948576,0.004810993006685749,0.0029794559959555045,0.8788206497337299,1.4190509964702769,0.0036169999999999813,0.0024599999999999067,356352.0,true,true,8fe9f2fd74ce5910ea94e40af737d616376dc25c198b5b7936b7000771c8bb01,cb4eecdedf70818c958a332f4b9497746a871e2f48b029475884c54a192f1d44,,,,,,,,,,,,,,,,,,,,"[""'<tmp>/mathzip-toolpkgs.cQThTC/extracted/usr/bin/brotli' -f -d -o '<work>/restored.bin' '<work>/archive.br'"",""'<tmp>/mathzip-toolpkgs.cQThTC/extracted/usr/bin/brotli' -f -q 4 -o '<work>/archive.br' '<repo>/datasets/synthetic/already_compressed/s0000004096_image.png'""]","{""family"":""already_compressed"",""noise_density"":null,""seed"":1297748005,""size_requested"":4096}"
mathzip-benchmark-results-v1,20260724T134555Z-8b4c06c2,quick,synthetic,datasets/synthetic/already_compressed/s0000004096_image.png,s0000004096_image.png,CC0-1.0,python/mathzip_bench/synthetic.py and datasets/synthetic/manifest.json,datasets/synthetic/manifest.json,c7188cafa911c31e5d80193ab1dae1d468dfe9e6deafecb9be709a46aae23de1,true,cb4eecdedf70818c958a332f4b9497746a871e2f48b029475884c54a192f1d44,7.920503890429584,4228,7z-fast,7z,fast,,1,ok,,3,3,4378,0.9657377798081316,-0.03547776726584684,-3.547776726584684,8.283822138126775,3.547776726584684,0.009661411007982679,0.006118464996688999,0.43761723794864354,0.691022993886208,0.008623999999999965,0.005628000000000188,397312.0,true,true,60ee9c593b9f585bdbf10b7094c79fc2b8ba4b19dd866fcbd67bde9a36c40042,cb4eecdedf70818c958a332f4b9497746a871e2f48b029475884c54a192f1d44,,,,,,,,,,,,,,,,,,,,"[""'<tmp>/mathzip-toolpkgs.cQThTC/extracted/usr/lib/7zip/7z' a -y -bd -bso0 -bsp0 -t7z -m0=lzma2 -mx=1 -mmt=1 '<work>/archive.7z' '<repo>/datasets/synthetic/already_compressed/s0000004096_image.png'"",""'<tmp>/mathzip-toolpkgs.cQThTC/extracted/usr/lib/7zip/7z' e -so -bd -mmt=1 '<work>/archive.7z'""]","{""family"":""already_compressed"",""noise_density"":null,""seed"":1297748005,""size_requested"":4096}"
mathzip-benchmark-results-v1,20260724T134555Z-8b4c06c2,quick,synthetic,datasets/synthetic/already_compressed/s0000004096_sample.mp4,s0000004096_sample.mp4,CC0-1.0,python/mathzip_bench/synthetic.py and datasets/synthetic/manifest.json,datasets/synthetic/manifest.json,c7188cafa911c31e5d80193ab1dae1d468dfe9e6deafecb9be709a46aae23de1,true,292b5460010419d08b05a1da3626757a9cb81c6a54179e9366551ce920297a34,7.9520297975060705,4173,mathzip-fast,mathzip,fast,,1,ok,,3,3,4329,0.963963963963964,-0.03738317757009346,-3.738317757009346,8.299065420560748,3.738317757009346,0.008042134999413975,0.004414980998262763,0.5188920604173001,0.9451909309784166,0.005851000000000051,0.003253999999999868,2985984.0,true,true,d3cd7a341d8977d940b791f0b428c0f8681a648376192bae3fb115b671e36408,292b5460010419d08b05a1da3626757a9cb81c6a54179e9366551ce920297a34,"[{""type"":""identity""}]",1,4173.0,4173.0,"{""raw"":1}","{""raw"":1}",0,36,4173,120,100.0,100.0,7.952029797506054,4173,0,0,0.000296634,9.7692e-05,0.001903857,"[""'<repo>/target/release/mathzip' compress --mode fast --max-input-bytes 8589934592 --no-sync --force '<repo>/datasets/synthetic/already_compressed/s0000004096_sample.mp4' '<work>/archive.mz'"",""'<repo>/target/release/mathzip' compress --mode fast --max-input-bytes 8589934592 --no-sync --force --metrics-output '<work>/metrics-probe.mz.metrics.json' '<repo>/datasets/synthetic/already_compressed/s0000004096_sample.mp4' '<work>/metrics-probe.mz'"",""'<repo>/target/release/mathzip' decompress --max-archive-bytes 17179869184 --max-output-bytes 8589934592 --max-segments 8388608 --no-sync --force '<work>/archive.mz' '<work>/restored.bin'""]","{""family"":""already_compressed"",""noise_density"":null,""seed"":1297748005,""size_requested"":4096}"
mathzip-benchmark-results-v1,20260724T134555Z-8b4c06c2,quick,synthetic,datasets/synthetic/already_compressed/s0000004096_sample.mp4,s0000004096_sample.mp4,CC0-1.0,python/mathzip_bench/synthetic.py and datasets/synthetic/manifest.json,datasets/synthetic/manifest.json,c7188cafa911c31e5d80193ab1dae1d468dfe9e6deafecb9be709a46aae23de1,true,292b5460010419d08b05a1da3626757a9cb81c6a54179e9366551ce920297a34,7.9520297975060705,4173,raw,raw,default,,1,ok,,3,3,4173,1.0,0.0,0.0,8.0,0.0,0.00021678100165445358,0.00021872999786864966,19.2498418595358,19.078315917627098,0.000220485000000048,0.00022187300000009458,,true,true,292b5460010419d08b05a1da3626757a9cb81c6a54179e9366551ce920297a34,292b5460010419d08b05a1da3626757a9cb81c6a54179e9366551ce920297a34,,,,,,,,,,,,,,,,,,,,"[""stdlib:shutil.copyfile""]","{""family"":""already_compressed"",""noise_density"":null,""seed"":1297748005,""size_requested"":4096}"
mathzip-benchmark-results-v1,20260724T134555Z-8b4c06c2,quick,synthetic,datasets/synthetic/already_compressed/s0000004096_sample.mp4,s0000004096_sample.mp4,CC0-1.0,python/mathzip_bench/synthetic.py and datasets/synthetic/manifest.json,datasets/synthetic/manifest.json,c7188cafa911c31e5d80193ab1dae1d468dfe9e6deafecb9be709a46aae23de1,true,292b5460010419d08b05a1da3626757a9cb81c6a54179e9366551ce920297a34,7.9520297975060705,4173,gzip-fast,gzip,fast,,1,ok,,3,3,4196,0.9945185891325071,-0.005511622334052335,-0.5511622334052335,8.044092978672419,0.5511622334052335,0.0025869539967970923,0.0024504780012648553,1.6130940113997354,1.7029330595279923,0.0020249999999999435,0.0018839999999999968,344064.0,true,true,e2b24c498d37b7fd81e6801992286e6718120f3a6e9a1825c1388d0ca3776c1f,292b5460010419d08b05a1da3626757a9cb81c6a54179e9366551ce920297a34,,,,,,,,,,,,,,,,,,,,"[""'<external>/gzip' -d -c '<work>/archive.gz'"",""'<external>/gzip' -n -c -1 '<repo>/datasets/synthetic/already_compressed/s0000004096_sample.mp4'""]","{""family"":""already_compressed"",""noise_density"":null,""seed"":1297748005,""size_requested"":4096}"
mathzip-benchmark-results-v1,20260724T134555Z-8b4c06c2,quick,synthetic,datasets/synthetic/already_compressed/s0000004096_sample.mp4,s0000004096_sample.mp4,CC0-1.0,python/mathzip_bench/synthetic.py and datasets/synthetic/manifest.json,datasets/synthetic/manifest.json,c7188cafa911c31e5d80193ab1dae1d468dfe9e6deafecb9be709a46aae23de1,true,292b5460010419d08b05a1da3626757a9cb81c6a54179e9366551ce920297a34,7.9520297975060705,4173,bzip2-fast,bzip2,fast,,1,ok,,3,3,4664,0.8947255574614065,-0.11766115504433272,-11.766115504433273,8.941289240354662,11.766115504433273,0.004537429005722515,0.0029861579969292507,0.9196838109724902,1.3974478256981753,0.003650999999999849,0.0024500000000000632,352256.0,true,true,1198f540e5fc6ae5d986b037c29990bf8abce26337bf8a5bd06679419fe028ef,292b5460010419d08b05a1da3626757a9cb81c6a54179e9366551ce920297a34,,,,,,,,,,,,,,,,,,,,"[""'<external>/bzip2' -c -1"",""'<external>/bzip2' -d -c '<work>/archive.bz2'""]","{""family"":""already_compressed"",""noise_density"":null,""seed"":1297748005,""size_requested"":4096}"
mathzip-benchmark-results-v1,20260724T134555Z-8b4c06c2,quick,synthetic,datasets/synthetic/already_compressed/s0000004096_sample.mp4,s0000004096_sample.mp4,CC0-1.0,python/mathzip_bench/synthetic.py and datasets/synthetic/manifest.json,datasets/synthetic/manifest.json,c7188cafa911c31e5d80193ab1dae1d468dfe9e6deafecb9be709a46aae23de1,true,292b5460010419d08b05a1da3626757a9cb81c6a54179e9366551ce920297a34,7.9520297975060705,4173,xz-fast,xz,fast,,1,ok,,3,3,4236,0.9851274787535411,-0.015097052480230078,-1.5097052480230078,8.12077641984184,1.5097052480230078,0.009731664002174512,0.003628626000136137,0.42880641985456497,1.1500220744280174,0.008890999999999982,0.00224700000000011,352256.0,true,true,dfe43470bcbbfb61ff4586f87d42d461465ac5b9ac78b15e3897d57611db69bd,292b5460010419d08b05a1da3626757a9cb81c6a54179e9366551ce920297a34,,,,,,,,,,,,,,,,,,,,"[""'<external>/xz' -c --threads=1 -1 '<repo>/datasets/synthetic/already_compressed/s0000004096_sample.mp4'"",""'<external>/xz' -d -c --threads=1 '<work>/archive.xz'""]","{""family"":""already_compressed"",""noise_density"":null,""seed"":1297748005,""size_requested"":4096}"
mathzip-benchmark-results-v1,20260724T134555Z-8b4c06c2,quick,synthetic,datasets/synthetic/already_compressed/s0000004096_sample.mp4,s0000004096_sample.mp4,CC0-1.0,python/mathzip_bench/synthetic.py and datasets/synthetic/manifest.json,datasets/synthetic/manifest.json,c7188cafa911c31e5d80193ab1dae1d468dfe9e6deafecb9be709a46aae23de1,true,292b5460010419d08b05a1da3626757a9cb81c6a54179e9366551ce920297a34,7.9520297975060705,4173,zstd-fast,zstd,fast,,1,ok,,3,3,4187,0.9966563171721997,-0.0033549005511621655,-0.33549005511621655,8.026839204409297,0.33549005511621655,0.004034041994600557,0.004971654008841142,1.0344463457706772,0.8393584896654337,0.003538000000000041,0.0033529999999999394,385024.0,true,true,7160317ea806953518882b0f6706a124c52ea740c959a564cf8f14c470472e3f,292b5460010419d08b05a1da3626757a9cb81c6a54179e9366551ce920297a34,,,,,,,,,,,,,,,,,,,,"[""'<external>/zstd' -q -d -c '<work>/archive.zst'"",""'<external>/zstd' -q -f -T1 -1 -c '<repo>/datasets/synthetic/already_compressed/s0000004096_sample.mp4'""]","{""family"":""already_compressed"",""noise_density"":null,""seed"":1297748005,""size_requested"":4096}"
mathzip-benchmark-results-v1,20260724T134555Z-8b4c06c2,quick,synthetic,datasets/synthetic/already_compressed/s0000004096_sample.mp4,s0000004096_sample.mp4,CC0-1.0,python/mathzip_bench/synthetic.py and datasets/synthetic/manifest.json,datasets/synthetic/manifest.json,c7188cafa911c31e5d80193ab1dae1d468dfe9e6deafecb9be709a46aae23de1,true,292b5460010419d08b05a1da3626757a9cb81c6a54179e9366551ce920297a34,7.9520297975060705,4173,lz4-fast,lz4,fast,,1,ok,,3,3,4192,0.9954675572519084,-0.004553079319434383,-0.4553079319434383,8.036424634555475,0.4553079319434383,0.0032221839937847108,0.002765209006611258,1.2950843303949506,1.509108349503743,0.0020439999999999348,0.0019690000000001096,440320.0,true,true,e4c9db1faee74e0b456247a12dd8187eae8260dee06feb4c41f4ab4d9418c7cf,292b5460010419d08b05a1da3626757a9cb81c6a54179e9366551ce920297a34,,,,,,,,,,,,,,,,,,,,"[""'<tmp>/mathzip-toolpkgs.cQThTC/extracted/usr/bin/lz4' -q -d -f '<work>/archive.lz4' '<work>/restored.bin'"",""'<tmp>/mathzip-toolpkgs.cQThTC/extracted/usr/bin/lz4' -q -f -1 '<repo>/datasets/synthetic/already_compressed/s0000004096_sample.mp4' '<work>/archive.lz4'""]","{""family"":""already_compressed"",""noise_density"":null,""seed"":1297748005,""size_requested"":4096}"
mathzip-benchmark-results-v1,20260724T134555Z-8b4c06c2,quick,synthetic,datasets/synthetic/already_compressed/s0000004096_sample.mp4,s0000004096_sample.mp4,CC0-1.0,python/mathzip_bench/synthetic.py and datasets/synthetic/manifest.json,datasets/synthetic/manifest.json,c7188cafa911c31e5d80193ab1dae1d468dfe9e6deafecb9be709a46aae23de1,true,292b5460010419d08b05a1da3626757a9cb81c6a54179e9366551ce920297a34,7.9520297975060705,4173,brotli-fast,brotli,fast,,1,ok,,3,3,4178,0.9988032551460029,-0.0011981787682722178,-0.11981787682722178,8.009585430146178,0.11981787682722178,0.004472820000955835,0.0032305180066032335,0.9329684626495669,1.291743302922416,0.003689999999999971,0.00255099999999997,348160.0,true,true,25b912cf04ffb58772e720ebe15f3ab28eccef4773d522d6135519c7e4d903c7,292b5460010419d08b05a1da3626757a9cb81c6a54179e9366551ce920297a34,,,,,,,,,,,,,,,,,,,,"[""'<tmp>/mathzip-toolpkgs.cQThTC/extracted/usr/bin/brotli' -f -d -o '<work>/restored.bin' '<work>/archive.br'"",""'<tmp>/mathzip-toolpkgs.cQThTC/extracted/usr/bin/brotli' -f -q 4 -o '<work>/archive.br' '<repo>/datasets/synthetic/already_compressed/s0000004096_sample.mp4'""]","{""family"":""already_compressed"",""noise_density"":null,""seed"":1297748005,""size_requested"":4096}"
mathzip-benchmark-results-v1,20260724T134555Z-8b4c06c2,quick,synthetic,datasets/synthetic/already_compressed/s0000004096_sample.mp4,s0000004096_sample.mp4,CC0-1.0,python/mathzip_bench/synthetic.py and datasets/synthetic/manifest.json,datasets/synthetic/manifest.json,c7188cafa911c31e5d80193ab1dae1d468dfe9e6deafecb9be709a46aae23de1,true,292b5460010419d08b05a1da3626757a9cb81c6a54179e9366551ce920297a34,7.9520297975060705,4173,7z-fast,7z,fast,,1,ok,,3,3,4331,0.9635188178249827,-0.03786244907740244,-3.786244907740244,8.30289959261922,3.786244907740244,0.010113450000062585,0.006269205987337045,0.41261883926594545,0.6656345330539305,0.008440000000000003,0.005718000000000112,401408.0,true,true,0ae5c4b86370ab568579090fa918663aa8a11812ad5ca0a9560f5aa16b6aaf6e,292b5460010419d08b05a1da3626757a9cb81c6a54179e9366551ce920297a34,,,,,,,,,,,,,,,,,,,,"[""'<tmp>/mathzip-toolpkgs.cQThTC/extracted/usr/lib/7zip/7z' a -y -bd -bso0 -bsp0 -t7z -m0=lzma2 -mx=1 -mmt=1 '<work>/archive.7z' '<repo>/datasets/synthetic/already_compressed/s0000004096_sample.mp4'"",""'<tmp>/mathzip-toolpkgs.cQThTC/extracted/usr/lib/7zip/7z' e -so -bd -mmt=1 '<work>/archive.7z'""]","{""family"":""already_compressed"",""noise_density"":null,""seed"":1297748005,""size_requested"":4096}"
mathzip-benchmark-results-v1,20260724T134555Z-8b4c06c2,quick,synthetic,datasets/synthetic/already_compressed/s0000004096_xz.xz,s0000004096_xz.xz,CC0-1.0,python/mathzip_bench/synthetic.py and datasets/synthetic/manifest.json,datasets/synthetic/manifest.json,c7188cafa911c31e5d80193ab1dae1d468dfe9e6deafecb9be709a46aae23de1,true,585618e1edd36df2a92f471294e518cce0a5858a97e7c26a5af66c48256fc737,7.628361306179438,608,mathzip-fast,mathzip,fast,,1,ok,,3,3,764,0.7958115183246073,-0.256578947368421,-25.657894736842103,10.052631578947368,25.657894736842103,0.004138054995564744,0.0038030949945095927,0.14692893174490612,0.15986979049372954,0.003521999999999803,0.0030810000000001114,430080.0,true,true,9c6904bfaec1c7d216ad080b9d182c6409294cbf488fa8b79fbc7fe3a3a2c36b,585618e1edd36df2a92f471294e518cce0a5858a97e7c26a5af66c48256fc737,"[{""type"":""identity""}]",1,608.0,608.0,"{""raw"":1}","{""raw"":1}",0,36,608,120,100.0,100.0,7.62836130617944,608,0,0,9.0595e-05,6.4655e-05,0.00029835,"[""'<repo>/target/release/mathzip' compress --mode fast --max-input-bytes 8589934592 --no-sync --force '<repo>/datasets/synthetic/already_compressed/s0000004096_xz.xz' '<work>/archive.mz'"",""'<repo>/target/release/mathzip' compress --mode fast --max-input-bytes 8589934592 --no-sync --force --metrics-output '<work>/metrics-probe.mz.metrics.json' '<repo>/datasets/synthetic/already_compressed/s0000004096_xz.xz' '<work>/metrics-probe.mz'"",""'<repo>/target/release/mathzip' decompress --max-archive-bytes 17179869184 --max-output-bytes 8589934592 --max-segments 8388608 --no-sync --force '<work>/archive.mz' '<work>/restored.bin'""]","{""family"":""already_compressed"",""noise_density"":null,""seed"":1297748005,""size_requested"":4096}"
mathzip-benchmark-results-v1,20260724T134555Z-8b4c06c2,quick,synthetic,datasets/synthetic/already_compressed/s0000004096_xz.xz,s0000004096_xz.xz,CC0-1.0,python/mathzip_bench/synthetic.py and datasets/synthetic/manifest.json,datasets/synthetic/manifest.json,c7188cafa911c31e5d80193ab1dae1d468dfe9e6deafecb9be709a46aae23de1,true,585618e1edd36df2a92f471294e518cce0a5858a97e7c26a5af66c48256fc737,7.628361306179438,608,raw,raw,default,,1,ok,,3,3,608,1.0,0.0,0.0,8.0,0.0,0.00019998000061605126,0.00020165099704172462,3.0403040210371883,3.015110308996864,0.00020389700000000843,0.00020487899999999115,,true,true,585618e1edd36df2a92f471294e518cce0a5858a97e7c26a5af66c48256fc737,585618e1edd36df2a92f471294e518cce0a5858a97e7c26a5af66c48256fc737,,,,,,,,,,,,,,,,,,,,"[""stdlib:shutil.copyfile""]","{""family"":""already_compressed"",""noise_density"":null,""seed"":1297748005,""size_requested"":4096}"
mathzip-benchmark-results-v1,20260724T134555Z-8b4c06c2,quick,synthetic,datasets/synthetic/already_compressed/s0000004096_xz.xz,s0000004096_xz.xz,CC0-1.0,python/mathzip_bench/synthetic.py and datasets/synthetic/manifest.json,datasets/synthetic/manifest.json,c7188cafa911c31e5d80193ab1dae1d468dfe9e6deafecb9be709a46aae23de1,true,585618e1edd36df2a92f471294e518cce0a5858a97e7c26a5af66c48256fc737,7.628361306179438,608,gzip-fast,gzip,fast,,1,ok,,3,3,631,0.9635499207606973,-0.03782894736842102,-3.7828947368421018,8.302631578947368,3.7828947368421018,0.0026201459986623377,0.0024339289957424626,0.232048137893996,0.24980186400816984,0.0020919999999999828,0.0019340000000001023,344064.0,true,true,2bceb73a4146fdc1883a5b3d57c5a37d6b78bc2689cedd6b2338aa18c8bb0a7a,585618e1edd36df2a92f471294e518cce0a5858a97e7c26a5af66c48256fc737,,,,,,,,,,,,,,,,,,,,"[""'<external>/gzip' -d -c '<work>/archive.gz'"",""'<external>/gzip' -n -c -1 '<repo>/datasets/synthetic/already_compressed/s0000004096_xz.xz'""]","{""family"":""already_compressed"",""noise_density"":null,""seed"":1297748005,""size_requested"":4096}"
mathzip-benchmark-results-v1,20260724T134555Z-8b4c06c2,quick,synthetic,datasets/synthetic/already_compressed/s0000004096_xz.xz,s0000004096_xz.xz,CC0-1.0,python/mathzip_bench/synthetic.py and datasets/synthetic/manifest.json,datasets/synthetic/manifest.json,c7188cafa911c31e5d80193ab1dae1d468dfe9e6deafecb9be709a46aae23de1,true,585618e1edd36df2a92f471294e518cce0a5858a97e7c26a5af66c48256fc737,7.628361306179438,608,bzip2-fast,bzip2,fast,,1,ok,,3,3,806,0.7543424317617866,-0.32565789473684204,-32.565789473684205,10.605263157894736,32.565789473684205,0.0031006029894342646,0.0027252549916738644,0.19609089008552352,0.22309838963970252,0.002547000000000299,0.0020499999999998852,339968.0,true,true,92ff83c8497aa17148b48e9c1e44a79bfce8904e28696c28140ca781d0473025,585618e1edd36df2a92f471294e518cce0a5858a97e7c26a5af66c48256fc737,,,,,,,,,,,,,,,,,,,,"[""'<external>/bzip2' -c -1"",""'<external>/bzip2' -d -c '<work>/archive.bz2'""]","{""family"":""already_compressed"",""noise_density"":null,""seed"":1297748005,""size_requested"":4096}"
mathzip-benchmark-results-v1,20260724T134555Z-8b4c06c2,quick,synthetic,datasets/synthetic/already_compressed/s0000004096_xz.xz,s0000004096_xz.xz,CC0-1.0,python/mathzip_bench/synthetic.py and datasets/synthetic/manifest.json,datasets/synthetic/manifest.json,c7188cafa911c31e5d80193ab1dae1d468dfe9e6deafecb9be709a46aae23de1,true,585618e1edd36df2a92f471294e518cce0a5858a97e7c26a5af66c48256fc737,7.628361306179438,608,xz-fast,xz,fast,,1,ok,,3,3,668,0.9101796407185628,-0.09868421052631571,-9.868421052631572,8.789473684210526,9.868421052631572,0.0075529799942160025,0.003784863991313614,0.08049802865433252,0.16063985427095395,0.006491999999999942,0.0022579999999998712,348160.0,true,true,4b610c1afffa250492935e920d2f7e3c304dd5a76dbc5efa1693ba9327938b4e,585618e1edd36df2a92f471294e518cce0a5858a97e7c26a5af66c48256fc737,,,,,,,,,,,,,,,,,,,,"[""'<external>/xz' -c --threads=1 -1 '<repo>/datasets/synthetic/already_compressed/s0000004096_xz.xz'"",""'<external>/xz' -d -c --threads=1 '<work>/archive.xz'""]","{""family"":""already_compressed"",""noise_density"":null,""seed"":1297748005,""size_requested"":4096}"
mathzip-benchmark-results-v1,20260724T134555Z-8b4c06c2,quick,synthetic,datasets/synthetic/already_compressed/s0000004096_xz.xz,s0000004096_xz.xz,CC0-1.0,python/mathzip_bench/synthetic.py and datasets/synthetic/manifest.json,datasets/synthetic/manifest.json,c7188cafa911c31e5d80193ab1dae1d468dfe9e6deafecb9be709a46aae23de1,true,585618e1edd36df2a92f471294e518cce0a5858a97e7c26a5af66c48256fc737,7.628361306179438,608,zstd-fast,zstd,fast,,1,ok,,3,3,622,0.977491961414791,-0.023026315789473673,-2.3026315789473673,8.18421052631579,2.3026315789473673,0.00398218201007694,0.003941861999919638,0.1526801131795211,0.15424182784998441,0.003546000000000049,0.0034920000000000506,348160.0,true,true,fe94e91fa67878677a6c248aea3745a5604741eb8b2536d3b40869879c67c6cb,585618e1edd36df2a92f471294e518cce0a5858a97e7c26a5af66c48256fc737,,,,,,,,,,,,,,,,,,,,"[""'<external>/zstd' -q -d -c '<work>/archive.zst'"",""'<external>/zstd' -q -f -T1 -1 -c '<repo>/datasets/synthetic/already_compressed/s0000004096_xz.xz'""]","{""family"":""already_compressed"",""noise_density"":null,""seed"":1297748005,""size_requested"":4096}"
mathzip-benchmark-results-v1,20260724T134555Z-8b4c06c2,quick,synthetic,datasets/synthetic/already_compressed/s0000004096_xz.xz,s0000004096_xz.xz,CC0-1.0,python/mathzip_bench/synthetic.py and datasets/synthetic/manifest.json,datasets/synthetic/manifest.json,c7188cafa911c31e5d80193ab1dae1d468dfe9e6deafecb9be709a46aae23de1,true,585618e1edd36df2a92f471294e518cce0a5858a97e7c26a5af66c48256fc737,7.628361306179438,608,lz4-fast,lz4,fast,,1,ok,,3,3,627,0.9696969696969697,-0.03125,-3.125,8.25,3.125,0.002421697005047463,0.0025718170072650537,0.2510636131327601,0.23640873292402917,0.001883000000000079,0.0020100000000000673,360448.0,true,true,9401b2b91d62d783f9925e9a8242c028c2f266b067a15114eba5f1f553e40307,585618e1edd36df2a92f471294e518cce0a5858a97e7c26a5af66c48256fc737,,,,,,,,,,,,,,,,,,,,"[""'<tmp>/mathzip-toolpkgs.cQThTC/extracted/usr/bin/lz4' -q -d -f '<work>/archive.lz4' '<work>/restored.bin'"",""'<tmp>/mathzip-toolpkgs.cQThTC/extracted/usr/bin/lz4' -q -f -1 '<repo>/datasets/synthetic/already_compressed/s0000004096_xz.xz' '<work>/archive.lz4'""]","{""family"":""already_compressed"",""noise_density"":null,""seed"":1297748005,""size_requested"":4096}"
mathzip-benchmark-results-v1,20260724T134555Z-8b4c06c2,quick,synthetic,datasets/synthetic/already_compressed/s0000004096_xz.xz,s0000004096_xz.xz,CC0-1.0,python/mathzip_bench/synthetic.py and datasets/synthetic/manifest.json,datasets/synthetic/manifest.json,c7188cafa911c31e5d80193ab1dae1d468dfe9e6deafecb9be709a46aae23de1,true,585618e1edd36df2a92f471294e518cce0a5858a97e7c26a5af66c48256fc737,7.628361306179438,608,brotli-fast,brotli,fast,,1,ok,,3,3,613,0.9918433931484503,-0.008223684210526327,-0.8223684210526327,8.06578947368421,0.8223684210526327,0.004537348009762354,0.0033244710066355765,0.1339989788510501,0.18288623928030787,0.0035369999999999013,0.0025930000000000675,352256.0,true,true,66c023bffb6c02e923c7656e672d624fb17ec7d4f9688d2dc830ed4bad40bcf4,585618e1edd36df2a92f471294e518cce0a5858a97e7c26a5af66c48256fc737,,,,,,,,,,,,,,,,,,,,"[""'<tmp>/mathzip-toolpkgs.cQThTC/extracted/usr/bin/brotli' -f -d -o '<work>/restored.bin' '<work>/archive.br'"",""'<tmp>/mathzip-toolpkgs.cQThTC/extracted/usr/bin/brotli' -f -q 4 -o '<work>/archive.br' '<repo>/datasets/synthetic/already_compressed/s0000004096_xz.xz'""]","{""family"":""already_compressed"",""noise_density"":null,""seed"":1297748005,""size_requested"":4096}"
mathzip-benchmark-results-v1,20260724T134555Z-8b4c06c2,quick,synthetic,datasets/synthetic/already_compressed/s0000004096_xz.xz,s0000004096_xz.xz,CC0-1.0,python/mathzip_bench/synthetic.py and datasets/synthetic/manifest.json,datasets/synthetic/manifest.json,c7188cafa911c31e5d80193ab1dae1d468dfe9e6deafecb9be709a46aae23de1,true,585618e1edd36df2a92f471294e518cce0a5858a97e7c26a5af66c48256fc737,7.628361306179438,608,7z-fast,7z,fast,,1,ok,,3,3,750,0.8106666666666666,-0.23355263157894735,-23.355263157894733,9.868421052631579,23.355263157894733,0.009537789999740198,0.006514176988275722,0.06374642343945101,0.09333489112965218,0.00814899999999974,0.005603999999999942,421888.0,true,true,5db185b9297e5a04b6b92c87e13b81cbdfd7dde7db1c084adf7e345b4c606af3,585618e1edd36df2a92f471294e518cce0a5858a97e7c26a5af66c48256fc737,,,,,,,,,,,,,,,,,,,,"[""'<tmp>/mathzip-toolpkgs.cQThTC/extracted/usr/lib/7zip/7z' a -y -bd -bso0 -bsp0 -t7z -m0=lzma2 -mx=1 -mmt=1 '<work>/archive.7z' '<repo>/datasets/synthetic/already_compressed/s0000004096_xz.xz'"",""'<tmp>/mathzip-toolpkgs.cQThTC/extracted/usr/lib/7zip/7z' e -so -bd -mmt=1 '<work>/archive.7z'""]","{""family"":""already_compressed"",""noise_density"":null,""seed"":1297748005,""size_requested"":4096}"
mathzip-benchmark-results-v1,20260724T134555Z-8b4c06c2,quick,synthetic,datasets/synthetic/already_compressed/s0000004096_zip.zip,s0000004096_zip.zip,CC0-1.0,python/mathzip_bench/synthetic.py and datasets/synthetic/manifest.json,datasets/synthetic/manifest.json,c7188cafa911c31e5d80193ab1dae1d468dfe9e6deafecb9be709a46aae23de1,true,8211d2cc6557564c06aeb4fe43a749ff4e76571d936a597c0b8688ebf588f127,7.430712160809199,702,mathzip-fast,mathzip,fast,,1,ok,,3,3,845,0.8307692307692308,-0.20370370370370372,-20.370370370370374,9.62962962962963,20.370370370370374,0.004608597999322228,0.006367923997459002,0.15232398228338442,0.11024000918982697,0.0035969999999998503,0.005820000000000158,397312.0,true,true,4b62267479deabfbf9515ef3cbd84d092dd8c84cd94c791f6268096e9b61f8c6,8211d2cc6557564c06aeb4fe43a749ff4e76571d936a597c0b8688ebf588f127,"[{""type"":""identity""}]",1,702.0,702.0,"{""raw"":1}","{""zero_run"":1}",0,36,689,120,100.0,0.0,7.430712160809202,689,0,0,0.000185631,0.000154195,0.000752749,"[""'<repo>/target/release/mathzip' compress --mode fast --max-input-bytes 8589934592 --no-sync --force '<repo>/datasets/synthetic/already_compressed/s0000004096_zip.zip' '<work>/archive.mz'"",""'<repo>/target/release/mathzip' compress --mode fast --max-input-bytes 8589934592 --no-sync --force --metrics-output '<work>/metrics-probe.mz.metrics.json' '<repo>/datasets/synthetic/already_compressed/s0000004096_zip.zip' '<work>/metrics-probe.mz'"",""'<repo>/target/release/mathzip' decompress --max-archive-bytes 17179869184 --max-output-bytes 8589934592 --max-segments 8388608 --no-sync --force '<work>/archive.mz' '<work>/restored.bin'""]","{""family"":""already_compressed"",""noise_density"":null,""seed"":1297748005,""size_requested"":4096}"
mathzip-benchmark-results-v1,20260724T134555Z-8b4c06c2,quick,synthetic,datasets/synthetic/already_compressed/s0000004096_zip.zip,s0000004096_zip.zip,CC0-1.0,python/mathzip_bench/synthetic.py and datasets/synthetic/manifest.json,datasets/synthetic/manifest.json,c7188cafa911c31e5d80193ab1dae1d468dfe9e6deafecb9be709a46aae23de1,true,8211d2cc6557564c06aeb4fe43a749ff4e76571d936a597c0b8688ebf588f127,7.430712160809199,702,raw,raw,default,,1,ok,,3,3,702,1.0,0.0,0.0,8.0,0.0,0.0002139839925803244,0.00019260100089013577,3.2806192254613915,3.644840871831386,0.00021791100000001506,0.00019610199999986477,,true,true,8211d2cc6557564c06aeb4fe43a749ff4e76571d936a597c0b8688ebf588f127,8211d2cc6557564c06aeb4fe43a749ff4e76571d936a597c0b8688ebf588f127,,,,,,,,,,,,,,,,,,,,"[""stdlib:shutil.copyfile""]","{""family"":""already_compressed"",""noise_density"":null,""seed"":1297748005,""size_requested"":4096}"
mathzip-benchmark-results-v1,20260724T134555Z-8b4c06c2,quick,synthetic,datasets/synthetic/already_compressed/s0000004096_zip.zip,s0000004096_zip.zip,CC0-1.0,python/mathzip_bench/synthetic.py and datasets/synthetic/manifest.json,datasets/synthetic/manifest.json,c7188cafa911c31e5d80193ab1dae1d468dfe9e6deafecb9be709a46aae23de1,true,8211d2cc6557564c06aeb4fe43a749ff4e76571d936a597c0b8688ebf588f127,7.430712160809199,702,gzip-fast,gzip,fast,,1,ok,,3,3,708,0.9915254237288136,-0.008547008547008517,-0.8547008547008517,8.068376068376068,0.8547008547008517,0.0027236720052314922,0.004245125004672445,0.2577402854130871,0.16536615511376831,0.0019769999999998955,0.0035650000000002624,466944.0,true,true,dee6041254ee88b9b76b881c5d94ceb7f2cfc5e78e636df13dbd876ae8224a53,8211d2cc6557564c06aeb4fe43a749ff4e76571d936a597c0b8688ebf588f127,,,,,,,,,,,,,,,,,,,,"[""'<external>/gzip' -d -c '<work>/archive.gz'"",""'<external>/gzip' -n -c -1 '<repo>/datasets/synthetic/already_compressed/s0000004096_zip.zip'""]","{""family"":""already_compressed"",""noise_density"":null,""seed"":1297748005,""size_requested"":4096}"
mathzip-benchmark-results-v1,20260724T134555Z-8b4c06c2,quick,synthetic,datasets/synthetic/already_compressed/s0000004096_zip.zip,s0000004096_zip.zip,CC0-1.0,python/mathzip_bench/synthetic.py and datasets/synthetic/manifest.json,datasets/synthetic/manifest.json,c7188cafa911c31e5d80193ab1dae1d468dfe9e6deafecb9be709a46aae23de1,true,8211d2cc6557564c06aeb4fe43a749ff4e76571d936a597c0b8688ebf588f127,7.430712160809199,702,bzip2-fast,bzip2,fast,,1,ok,,3,3,893,0.786114221724524,-0.2720797720797721,-27.20797720797721,10.176638176638177,27.20797720797721,0.004642890999093652,0.004686947999289259,0.1511988974406332,0.14977763783734171,0.0038489999999999913,0.0040559999999998375,339968.0,true,true,82717edd9ba7805b89e96e7d549ebeb8882681d48c21a16f837e6f943fc8c962,8211d2cc6557564c06aeb4fe43a749ff4e76571d936a597c0b8688ebf588f127,,,,,,,,,,,,,,,,,,,,"[""'<external>/bzip2' -c -1"",""'<external>/bzip2' -d -c '<work>/archive.bz2'""]","{""family"":""already_compressed"",""noise_density"":null,""seed"":1297748005,""size_requested"":4096}"
mathzip-benchmark-results-v1,20260724T134555Z-8b4c06c2,quick,synthetic,datasets/synthetic/already_compressed/s0000004096_zip.zip,s0000004096_zip.zip,CC0-1.0,python/mathzip_bench/synthetic.py and datasets/synthetic/manifest.json,datasets/synthetic/manifest.json,c7188cafa911c31e5d80193ab1dae1d468dfe9e6deafecb9be709a46aae23de1,true,8211d2cc6557564c06aeb4fe43a749ff4e76571d936a597c0b8688ebf588f127,7.430712160809199,702,xz-fast,xz,fast,,1,ok,,3,3,728,0.9642857142857143,-0.03703703703703698,-3.703703703703698,8.296296296296296,3.703703703703698,0.013755715001025237,0.00399548199493438,0.05103333414131354,0.17569845162361428,0.012611999999999846,0.0022769999999998625,479232.0,true,true,f226562d93646686cc87050d2998e0ad20ed29fd5967736a5f273e81e7c01ea9,8211d2cc6557564c06aeb4fe43a749ff4e76571d936a597c0b8688ebf588f127,,,,,,,,,,,,,,,,,,,,"[""'<external>/xz' -c --threads=1 -1 '<repo>/datasets/synthetic/already_compressed/s0000004096_zip.zip'"",""'<external>/xz' -d -c --threads=1 '<work>/archive.xz'""]","{""family"":""already_compressed"",""noise_density"":null,""seed"":1297748005,""size_requested"":4096}"
mathzip-benchmark-results-v1,20260724T134555Z-8b4c06c2,quick,synthetic,datasets/synthetic/already_compressed/s0000004096_zip.zip,s0000004096_zip.zip,CC0-1.0,python/mathzip_bench/synthetic.py and datasets/synthetic/manifest.json,datasets/synthetic/manifest.json,c7188cafa911c31e5d80193ab1dae1d468dfe9e6deafecb9be709a46aae23de1,true,8211d2cc6557564c06aeb4fe43a749ff4e76571d936a597c0b8688ebf588f127,7.430712160809199,702,zstd-fast,zstd,fast,,1,ok,,3,3,680,1.0323529411764707,0.031339031339031376,3.1339031339031376,7.749287749287749,0.0,0.004489145998377353,0.004856918996665627,0.15637718181893506,0.1445360732764819,0.003928999999999849,0.003729999999999567,405504.0,true,true,48b122bfab0e76e73ec536da3abfc4110c7f27d424ddd9732b0e2afa73a29264,8211d2cc6557564c06aeb4fe43a749ff4e76571d936a597c0b8688ebf588f127,,,,,,,,,,,,,,,,,,,,"[""'<external>/zstd' -q -d -c '<work>/archive.zst'"",""'<external>/zstd' -q -f -T1 -1 -c '<repo>/datasets/synthetic/already_compressed/s0000004096_zip.zip'""]","{""family"":""already_compressed"",""noise_density"":null,""seed"":1297748005,""size_requested"":4096}"
mathzip-benchmark-results-v1,20260724T134555Z-8b4c06c2,quick,synthetic,datasets/synthetic/already_compressed/s0000004096_zip.zip,s0000004096_zip.zip,CC0-1.0,python/mathzip_bench/synthetic.py and datasets/synthetic/manifest.json,datasets/synthetic/manifest.json,c7188cafa911c31e5d80193ab1dae1d468dfe9e6deafecb9be709a46aae23de1,true,8211d2cc6557564c06aeb4fe43a749ff4e76571d936a597c0b8688ebf588f127,7.430712160809199,702,lz4-fast,lz4,fast,,1,ok,,3,3,687,1.0218340611353711,0.021367521367521403,2.1367521367521403,7.829059829059829,0.0,0.0037939419999020174,0.002665706997504458,0.18503182178803207,0.26334477144606966,0.003055000000000252,0.0019799999999996487,471040.0,true,true,5343dfa7008e7ebebf30b0197ce24dfd954355ff0abdb14506063db23612f164,8211d2cc6557564c06aeb4fe43a749ff4e76571d936a597c0b8688ebf588f127,,,,,,,,,,,,,,,,,,,,"[""'<tmp>/mathzip-toolpkgs.cQThTC/extracted/usr/bin/lz4' -q -d -f '<work>/archive.lz4' '<work>/restored.bin'"",""'<tmp>/mathzip-toolpkgs.cQThTC/extracted/usr/bin/lz4' -q -f -1 '<repo>/datasets/synthetic/already_compressed/s0000004096_zip.zip' '<work>/archive.lz4'""]","{""family"":""already_compressed"",""noise_density"":null,""seed"":1297748005,""size_requested"":4096}"
mathzip-benchmark-results-v1,20260724T134555Z-8b4c06c2,quick,synthetic,datasets/synthetic/already_compressed/s0000004096_zip.zip,s0000004096_zip.zip,CC0-1.0,python/mathzip_bench/synthetic.py and datasets/synthetic/manifest.json,datasets/synthetic/manifest.json,c7188cafa911c31e5d80193ab1dae1d468dfe9e6deafecb9be709a46aae23de1,true,8211d2cc6557564c06aeb4fe43a749ff4e76571d936a597c0b8688ebf588f127,7.430712160809199,702,brotli-fast,brotli,fast,,1,ok,,3,3,676,1.0384615384615385,0.03703703703703709,3.703703703703709,7.703703703703703,0.0,0.004151297005591914,0.003196229998138733,0.16910377625459858,0.21963375614670944,0.0034650000000002734,0.0025199999999996336,356352.0,true,true,2e13f64136d0d0704a3eb4cf97a0a7dc8a7245f8461c8666b10b8fecb1a893b4,8211d2cc6557564c06aeb4fe43a749ff4e76571d936a597c0b8688ebf588f127,,,,,,,,,,,,,,,,,,,,"[""'<tmp>/mathzip-toolpkgs.cQThTC/extracted/usr/bin/brotli' -f -d -o '<work>/restored.bin' '<work>/archive.br'"",""'<tmp>/mathzip-toolpkgs.cQThTC/extracted/usr/bin/brotli' -f -q 4 -o '<work>/archive.br' '<repo>/datasets/synthetic/already_compressed/s0000004096_zip.zip'""]","{""family"":""already_compressed"",""noise_density"":null,""seed"":1297748005,""size_requested"":4096}"
mathzip-benchmark-results-v1,20260724T134555Z-8b4c06c2,quick,synthetic,datasets/synthetic/already_compressed/s0000004096_zip.zip,s0000004096_zip.zip,CC0-1.0,python/mathzip_bench/synthetic.py and datasets/synthetic/manifest.json,datasets/synthetic/manifest.json,c7188cafa911c31e5d80193ab1dae1d468dfe9e6deafecb9be709a46aae23de1,true,8211d2cc6557564c06aeb4fe43a749ff4e76571d936a597c0b8688ebf588f127,7.430712160809199,702,7z-fast,7z,fast,,1,ok,,3,3,820,0.8560975609756097,-0.16809116809116809,-16.80911680911681,9.344729344729345,16.80911680911681,0.009608777007088065,0.00815024200710468,0.07305820496012747,0.08613241169870255,0.008610000000000007,0.0063710000000001266,602112.0,true,true,464a01ab1755bd74f2d7a629d87a74e115464b9b53696700a2b9ffb5f4e8c93a,8211d2cc6557564c06aeb4fe43a749ff4e76571d936a597c0b8688ebf588f127,,,,,,,,,,,,,,,,,,,,"[""'<tmp>/mathzip-toolpkgs.cQThTC/extracted/usr/lib/7zip/7z' a -y -bd -bso0 -bsp0 -t7z -m0=lzma2 -mx=1 -mmt=1 '<work>/archive.7z' '<repo>/datasets/synthetic/already_compressed/s0000004096_zip.zip'"",""'<tmp>/mathzip-toolpkgs.cQThTC/extracted/usr/lib/7zip/7z' e -so -bd -mmt=1 '<work>/archive.7z'""]","{""family"":""already_compressed"",""noise_density"":null,""seed"":1297748005,""size_requested"":4096}"
mathzip-benchmark-results-v1,20260724T134555Z-8b4c06c2,quick,synthetic,datasets/synthetic/already_compressed/s0000004096_zstd.zst,s0000004096_zstd.zst,CC0-1.0,python/mathzip_bench/synthetic.py and datasets/synthetic/manifest.json,datasets/synthetic/manifest.json,c7188cafa911c31e5d80193ab1dae1d468dfe9e6deafecb9be709a46aae23de1,true,b9d6f81e4c5c9901592c5e2533b419b80300d44c1304c31a50f49fa255e6890b,7.8273262591845665,546,mathzip-fast,mathzip,fast,,1,ok,,3,3,456,1.1973684210526316,0.1648351648351648,16.483516483516482,6.681318681318682,0.0,0.004593286008457653,0.003908073005732149,0.11886914923099628,0.13971079844188095,0.0034920000000000506,0.002991000000000188,626688.0,true,true,bb32433d02afb0a398ab4877f25aa2016bbe7f6aa12ef2aa70e83becfcfd1a47,b9d6f81e4c5c9901592c5e2533b419b80300d44c1304c31a50f49fa255e6890b,"[{""type"":""delta""}]",1,546.0,546.0,"{""constant"":1}","{""zero_run"":1}",1,36,299,120,0.0,0.0,4.820930103983913,299,1,1,7.7408e-05,5.9642e-05,0.000248728,"[""'<repo>/target/release/mathzip' compress --mode fast --max-input-bytes 8589934592 --no-sync --force '<repo>/datasets/synthetic/already_compressed/s0000004096_zstd.zst' '<work>/archive.mz'"",""'<repo>/target/release/mathzip' compress --mode fast --max-input-bytes 8589934592 --no-sync --force --metrics-output '<work>/metrics-probe.mz.metrics.json' '<repo>/datasets/synthetic/already_compressed/s0000004096_zstd.zst' '<work>/metrics-probe.mz'"",""'<repo>/target/release/mathzip' decompress --max-archive-bytes 17179869184 --max-output-bytes 8589934592 --max-segments 8388608 --no-sync --force '<work>/archive.mz' '<work>/restored.bin'""]","{""family"":""already_compressed"",""noise_density"":null,""seed"":1297748005,""size_requested"":4096}"
mathzip-benchmark-results-v1,20260724T134555Z-8b4c06c2,quick,synthetic,datasets/synthetic/already_compressed/s0000004096_zstd.zst,s0000004096_zstd.zst,CC0-1.0,python/mathzip_bench/synthetic.py and datasets/synthetic/manifest.json,datasets/synthetic/manifest.json,c7188cafa911c31e5d80193ab1dae1d468dfe9e6deafecb9be709a46aae23de1,true,b9d6f81e4c5c9901592c5e2533b419b80300d44c1304c31a50f49fa255e6890b,7.8273262591845665,546,raw,raw,default,,1,ok,,3,3,546,1.0,0.0,0.0,8.0,0.0,0.00022346300829667598,0.00018183900101576,2.4433574226080164,3.002656179092615,0.00022712200000007954,0.00018519999999977443,,true,true,b9d6f81e4c5c9901592c5e2533b419b80300d44c1304c31a50f49fa255e6890b,b9d6f81e4c5c9901592c5e2533b419b80300d44c1304c31a50f49fa255e6890b,,,,,,,,,,,,,,,,,,,,"[""stdlib:shutil.copyfile""]","{""family"":""already_compressed"",""noise_density"":null,""seed"":1297748005,""size_requested"":4096}"
mathzip-benchmark-results-v1,20260724T134555Z-8b4c06c2,quick,synthetic,datasets/synthetic/already_compressed/s0000004096_zstd.zst,s0000004096_zstd.zst,CC0-1.0,python/mathzip_bench/synthetic.py and datasets/synthetic/manifest.json,datasets/synthetic/manifest.json,c7188cafa911c31e5d80193ab1dae1d468dfe9e6deafecb9be709a46aae23de1,true,b9d6f81e4c5c9901592c5e2533b419b80300d44c1304c31a50f49fa255e6890b,7.8273262591845665,546,gzip-fast,gzip,fast,,1,ok,,3,3,569,0.9595782073813708,-0.0421245421245422,-4.21245421245422,8.336996336996338,4.21245421245422,0.004451823988347314,0.0026009260036516935,0.12264635830822591,0.20992523402565758,0.003886000000000056,0.0018729999999997915,344064.0,true,true,0319f47f3f1ec02360823d98db7fa8985b3bea05bad7793b0bbec827104ecdb0,b9d6f81e4c5c9901592c5e2533b419b80300d44c1304c31a50f49fa255e6890b,,,,,,,,,,,,,,,,,,,,"[""'<external>/gzip' -d -c '<work>/archive.gz'"",""'<external>/gzip' -n -c -1 '<repo>/datasets/synthetic/already_compressed/s0000004096_zstd.zst'""]","{""family"":""already_compressed"",""noise_density"":null,""seed"":1297748005,""size_requested"":4096}"
mathzip-benchmark-results-v1,20260724T134555Z-8b4c06c2,quick,synthetic,datasets/synthetic/already_compressed/s0000004096_zstd.zst,s0000004096_zstd.zst,CC0-1.0,python/mathzip_bench/synthetic.py and datasets/synthetic/manifest.json,datasets/synthetic/manifest.json,c7188cafa911c31e5d80193ab1dae1d468dfe9e6deafecb9be709a46aae23de1,true,b9d6f81e4c5c9901592c5e2533b419b80300d44c1304c31a50f49fa255e6890b,7.8273262591845665,546,bzip2-fast,bzip2,fast,,1,ok,,3,3,769,0.7100130039011704,-0.40842490842490853,-40.842490842490854,11.267399267399268,40.842490842490854,0.0031330220081144944,0.0027347520081093535,0.1742726347232371,0.19965247246585707,0.0026160000000001737,0.002043000000000017,339968.0,true,true,a334b5398ddd0dcb41dd14c6c5f2d96e446003cba7991c93aec796572740ea1d,b9d6f81e4c5c9901592c5e2533b419b80300d44c1304c31a50f49fa255e6890b,,,,,,,,,,,,,,,,,,,,"[""'<external>/bzip2' -c -1"",""'<external>/bzip2' -d -c '<work>/archive.bz2'""]","{""family"":""already_compressed"",""noise_density"":null,""seed"":1297748005,""size_requested"":4096}"
mathzip-benchmark-results-v1,20260724T134555Z-8b4c06c2,quick,synthetic,datasets/synthetic/already_compressed/s0000004096_zstd.zst,s0000004096_zstd.zst,CC0-1.0,python/mathzip_bench/synthetic.py and datasets/synthetic/manifest.json,datasets/synthetic/manifest.json,c7188cafa911c31e5d80193ab1dae1d468dfe9e6deafecb9be709a46aae23de1,true,b9d6f81e4c5c9901592c5e2533b419b80300d44c1304c31a50f49fa255e6890b,7.8273262591845665,546,xz-fast,xz,fast,,1,ok,,3,3,608,0.8980263157894737,-0.1135531135531136,-11.35531135531136,8.908424908424909,11.35531135531136,0.007372265987214632,0.0035663520102389157,0.07406135385604666,0.15309761864012483,0.005976999999999677,0.0021339999999998582,364544.0,true,true,7f760e94351702591354fa5730c47f571935440aa4f3dadbb09f6d6399e29152,b9d6f81e4c5c9901592c5e2533b419b80300d44c1304c31a50f49fa255e6890b,,,,,,,,,,,,,,,,,,,,"[""'<external>/xz' -c --threads=1 -1 '<repo>/datasets/synthetic/already_compressed/s0000004096_zstd.zst'"",""'<external>/xz' -d -c --threads=1 '<work>/archive.xz'""]","{""family"":""already_compressed"",""noise_density"":null,""seed"":1297748005,""size_requested"":4096}"
mathzip-benchmark-results-v1,20260724T134555Z-8b4c06c2,quick,synthetic,datasets/synthetic/already_compressed/s0000004096_zstd.zst,s0000004096_zstd.zst,CC0-1.0,python/mathzip_bench/synthetic.py and datasets/synthetic/manifest.json,datasets/synthetic/manifest.json,c7188cafa911c31e5d80193ab1dae1d468dfe9e6deafecb9be709a46aae23de1,true,b9d6f81e4c5c9901592c5e2533b419b80300d44c1304c31a50f49fa255e6890b,7.8273262591845665,546,zstd-fast,zstd,fast,,1,ok,,3,3,560,0.975,-0.02564102564102555,-2.564102564102555,8.205128205128204,2.564102564102555,0.004200326002319343,0.004093430005013943,0.12998991023518383,0.13338447202742393,0.003686999999999774,0.003649999999999931,360448.0,true,true,1e4a82fd7f783fe2bc7b46d7d918a01eed8ec9a88b6eaca802f30eb9665bac56,b9d6f81e4c5c9901592c5e2533b419b80300d44c1304c31a50f49fa255e6890b,,,,,,,,,,,,,,,,,,,,"[""'<external>/zstd' -q -d -c '<work>/archive.zst'"",""'<external>/zstd' -q -f -T1 -1 -c '<repo>/datasets/synthetic/already_compressed/s0000004096_zstd.zst'""]","{""family"":""already_compressed"",""noise_density"":null,""seed"":1297748005,""size_requested"":4096}"
mathzip-benchmark-results-v1,20260724T134555Z-8b4c06c2,quick,synthetic,datasets/synthetic/already_compressed/s0000004096_zstd.zst,s0000004096_zstd.zst,CC0-1.0,python/mathzip_bench/synthetic.py and datasets/synthetic/manifest.json,datasets/synthetic/manifest.json,c7188cafa911c31e5d80193ab1dae1d468dfe9e6deafecb9be709a46aae23de1,true,b9d6f81e4c5c9901592c5e2533b419b80300d44c1304c31a50f49fa255e6890b,7.8273262591845665,546,lz4-fast,lz4,fast,,1,ok,,3,3,565,0.9663716814159292,-0.0347985347985349,-3.4798534798534897,8.27838827838828,3.4798534798534897,0.0026244199980283156,0.002647906992933713,0.20804596840833442,0.20620059596393403,0.0019100000000000783,0.0020959999999998757,602112.0,true,true,85fd117e8de02192bedd3a0494c7513e0c098fb850e97848a76f0270b8fac2c6,b9d6f81e4c5c9901592c5e2533b419b80300d44c1304c31a50f49fa255e6890b,,,,,,,,,,,,,,,,,,,,"[""'<tmp>/mathzip-toolpkgs.cQThTC/extracted/usr/bin/lz4' -q -d -f '<work>/archive.lz4' '<work>/restored.bin'"",""'<tmp>/mathzip-toolpkgs.cQThTC/extracted/usr/bin/lz4' -q -f -1 '<repo>/datasets/synthetic/already_compressed/s0000004096_zstd.zst' '<work>/archive.lz4'""]","{""family"":""already_compressed"",""noise_density"":null,""seed"":1297748005,""size_requested"":4096}"
mathzip-benchmark-results-v1,20260724T134555Z-8b4c06c2,quick,synthetic,datasets/synthetic/already_compressed/s0000004096_zstd.zst,s0000004096_zstd.zst,CC0-1.0,python/mathzip_bench/synthetic.py and datasets/synthetic/manifest.json,datasets/synthetic/manifest.json,c7188cafa911c31e5d80193ab1dae1d468dfe9e6deafecb9be709a46aae23de1,true,b9d6f81e4c5c9901592c5e2533b419b80300d44c1304c31a50f49fa255e6890b,7.8273262591845665,546,brotli-fast,brotli,fast,,1,ok,,3,3,551,0.9909255898366606,-0.009157509157509125,-0.9157509157509125,8.073260073260073,0.9157509157509125,0.004326153997681104,0.0031763820006744936,0.12620909942010058,0.17189368277620853,0.0037679999999999936,0.0024839999999999307,352256.0,true,true,4ed8908d7c5edea2e5119cc9abbabd325010a383085d4eb3113cc43f3260bf2f,b9d6f81e4c5c9901592c5e2533b419b80300d44c1304c31a50f49fa255e6890b,,,,,,,,,,,,,,,,,,,,"[""'<tmp>/mathzip-toolpkgs.cQThTC/extracted/usr/bin/brotli' -f -d -o '<work>/restored.bin' '<work>/archive.br'"",""'<tmp>/mathzip-toolpkgs.cQThTC/extracted/usr/bin/brotli' -f -q 4 -o '<work>/archive.br' '<repo>/datasets/synthetic/already_compressed/s0000004096_zstd.zst'""]","{""family"":""already_compressed"",""noise_density"":null,""seed"":1297748005,""size_requested"":4096}"
mathzip-benchmark-results-v1,20260724T134555Z-8b4c06c2,quick,synthetic,datasets/synthetic/already_compressed/s0000004096_zstd.zst,s0000004096_zstd.zst,CC0-1.0,python/mathzip_bench/synthetic.py and datasets/synthetic/manifest.json,datasets/synthetic/manifest.json,c7188cafa911c31e5d80193ab1dae1d468dfe9e6deafecb9be709a46aae23de1,true,b9d6f81e4c5c9901592c5e2533b419b80300d44c1304c31a50f49fa255e6890b,7.8273262591845665,546,7z-fast,7z,fast,,1,ok,,3,3,696,0.7844827586206896,-0.27472527472527464,-27.472527472527464,10.197802197802197,27.472527472527464,0.008933985998737626,0.0063878919900162145,0.06111493795458712,0.08547420664803916,0.008016000000000023,0.005663999999999891,561152.0,true,true,238152dd9c32284daecb7bf20161623e464c6d713bed93fcc04470ca565a147b,b9d6f81e4c5c9901592c5e2533b419b80300d44c1304c31a50f49fa255e6890b,,,,,,,,,,,,,,,,,,,,"[""'<tmp>/mathzip-toolpkgs.cQThTC/extracted/usr/lib/7zip/7z' a -y -bd -bso0 -bsp0 -t7z -m0=lzma2 -mx=1 -mmt=1 '<work>/archive.7z' '<repo>/datasets/synthetic/already_compressed/s0000004096_zstd.zst'"",""'<tmp>/mathzip-toolpkgs.cQThTC/extracted/usr/lib/7zip/7z' e -so -bd -mmt=1 '<work>/archive.7z'""]","{""family"":""already_compressed"",""noise_density"":null,""seed"":1297748005,""size_requested"":4096}"
mathzip-benchmark-results-v1,20260724T134555Z-8b4c06c2,quick,synthetic,datasets/synthetic/constant_00/s0000004096_n000p000_seed1297748005.bin,s0000004096_n000p000_seed1297748005.bin,CC0-1.0,python/mathzip_bench/synthetic.py and datasets/synthetic/manifest.json,datasets/synthetic/manifest.json,c7188cafa911c31e5d80193ab1dae1d468dfe9e6deafecb9be709a46aae23de1,true,ad7facb2586fc6e966c004d7d1d16b024f5805ff7cb47c7a85dabd8b48892ca7,-0.0,4096,mathzip-fast,mathzip,fast,,1,ok,,3,3,157,26.089171974522294,0.961669921875,96.1669921875,0.306640625,0.0,0.005378119996748865,0.0036397479998413473,0.7616044272861295,1.1253526343523068,0.0047200000000002795,0.0030369999999999564,425984.0,true,true,c1bfdde6fa0eda2d33808cc290617177ae65abec38494bdd3fe83571f9c8e27e,ad7facb2586fc6e966c004d7d1d16b024f5805ff7cb47c7a85dabd8b48892ca7,"[{""type"":""identity""}]",1,4096.0,4096.0,"{""raw"":1}","{""sparse"":1}",0,36,1,120,100.0,0.0,0.0,1,0,0,0.000202531,0.000135827,0.001088142,"[""'<repo>/target/release/mathzip' compress --mode fast --max-input-bytes 8589934592 --no-sync --force '<repo>/datasets/synthetic/constant_00/s0000004096_n000p000_seed1297748005.bin' '<work>/archive.mz'"",""'<repo>/target/release/mathzip' compress --mode fast --max-input-bytes 8589934592 --no-sync --force --metrics-output '<work>/metrics-probe.mz.metrics.json' '<repo>/datasets/synthetic/constant_00/s0000004096_n000p000_seed1297748005.bin' '<work>/metrics-probe.mz'"",""'<repo>/target/release/mathzip' decompress --max-archive-bytes 17179869184 --max-output-bytes 8589934592 --max-segments 8388608 --no-sync --force '<work>/archive.mz' '<work>/restored.bin'""]","{""family"":""constant_00"",""noise_density"":0.0,""seed"":1297748005,""size_requested"":4096}"
mathzip-benchmark-results-v1,20260724T134555Z-8b4c06c2,quick,synthetic,datasets/synthetic/constant_00/s0000004096_n000p000_seed1297748005.bin,s0000004096_n000p000_seed1297748005.bin,CC0-1.0,python/mathzip_bench/synthetic.py and datasets/synthetic/manifest.json,datasets/synthetic/manifest.json,c7188cafa911c31e5d80193ab1dae1d468dfe9e6deafecb9be709a46aae23de1,true,ad7facb2586fc6e966c004d7d1d16b024f5805ff7cb47c7a85dabd8b48892ca7,-0.0,4096,raw,raw,default,,1,ok,,3,3,4096,1.0,0.0,0.0,8.0,0.0,0.00021199499315116554,0.00018611700215842575,19.32121103010814,22.00766159189164,0.00021601299999973733,0.00018935999999980524,,true,true,ad7facb2586fc6e966c004d7d1d16b024f5805ff7cb47c7a85dabd8b48892ca7,ad7facb2586fc6e966c004d7d1d16b024f5805ff7cb47c7a85dabd8b48892ca7,,,,,,,,,,,,,,,,,,,,"[""stdlib:shutil.copyfile""]","{""family"":""constant_00"",""noise_density"":0.0,""seed"":1297748005,""size_requested"":4096}"
mathzip-benchmark-results-v1,20260724T134555Z-8b4c06c2,quick,synthetic,datasets/synthetic/constant_00/s0000004096_n000p000_seed1297748005.bin,s0000004096_n000p000_seed1297748005.bin,CC0-1.0,python/mathzip_bench/synthetic.py and datasets/synthetic/manifest.json,datasets/synthetic/manifest.json,c7188cafa911c31e5d80193ab1dae1d468dfe9e6deafecb9be709a46aae23de1,true,ad7facb2586fc6e966c004d7d1d16b024f5805ff7cb47c7a85dabd8b48892ca7,-0.0,4096,gzip-fast,gzip,fast,,1,ok,,3,3,53,77.28301886792453,0.987060546875,98.7060546875,0.103515625,0.0,0.0026923249970423058,0.002389797999057919,1.5213616500607179,1.7139523933046568,0.002139000000000113,0.00185499999999994,356352.0,true,true,fb4deaaa5302556b81fbf9f72a9186865c349567acf7ec251b72e7ae2fe7e509,ad7facb2586fc6e966c004d7d1d16b024f5805ff7cb47c7a85dabd8b48892ca7,,,,,,,,,,,,,,,,,,,,"[""'<external>/gzip' -d -c '<work>/archive.gz'"",""'<external>/gzip' -n -c -1 '<repo>/datasets/synthetic/constant_00/s0000004096_n000p000_seed1297748005.bin'""]","{""family"":""constant_00"",""noise_density"":0.0,""seed"":1297748005,""size_requested"":4096}"
mathzip-benchmark-results-v1,20260724T134555Z-8b4c06c2,quick,synthetic,datasets/synthetic/constant_00/s0000004096_n000p000_seed1297748005.bin,s0000004096_n000p000_seed1297748005.bin,CC0-1.0,python/mathzip_bench/synthetic.py and datasets/synthetic/manifest.json,datasets/synthetic/manifest.json,c7188cafa911c31e5d80193ab1dae1d468dfe9e6deafecb9be709a46aae23de1,true,ad7facb2586fc6e966c004d7d1d16b024f5805ff7cb47c7a85dabd8b48892ca7,-0.0,4096,bzip2-fast,bzip2,fast,,1,ok,,3,3,43,95.25581395348837,0.989501953125,98.9501953125,0.083984375,0.0,0.0029392869910225272,0.0027674110024236143,1.3935352391618867,1.4800837303938041,0.0020569999999997535,0.002174999999999816,339968.0,true,true,c9bb5918a1ab08411137b6c68ac3a0ae5448eb255c24c5e40fa4f98b1bac79f7,ad7facb2586fc6e966c004d7d1d16b024f5805ff7cb47c7a85dabd8b48892ca7,,,,,,,,,,,,,,,,,,,,"[""'<external>/bzip2' -c -1"",""'<external>/bzip2' -d -c '<work>/archive.bz2'""]","{""family"":""constant_00"",""noise_density"":0.0,""seed"":1297748005,""size_requested"":4096}"
mathzip-benchmark-results-v1,20260724T134555Z-8b4c06c2,quick,synthetic,datasets/synthetic/constant_00/s0000004096_n000p000_seed1297748005.bin,s0000004096_n000p000_seed1297748005.bin,CC0-1.0,python/mathzip_bench/synthetic.py and datasets/synthetic/manifest.json,datasets/synthetic/manifest.json,c7188cafa911c31e5d80193ab1dae1d468dfe9e6deafecb9be709a46aae23de1,true,ad7facb2586fc6e966c004d7d1d16b024f5805ff7cb47c7a85dabd8b48892ca7,-0.0,4096,xz-fast,xz,fast,,1,ok,,3,3,92,44.52173913043478,0.9775390625,97.75390625,0.1796875,0.0,0.003729621006641537,0.003601625998271629,1.098234912530263,1.137264114032277,0.002379000000000353,0.0021559999999998247,344064.0,true,true,45356eb731bde6c3f78a4af3535dd506fdd65180bf65cc1ca6d0d07bb2ac2201,ad7facb2586fc6e966c004d7d1d16b024f5805ff7cb47c7a85dabd8b48892ca7,,,,,,,,,,,,,,,,,,,,"[""'<external>/xz' -c --threads=1 -1 '<repo>/datasets/synthetic/constant_00/s0000004096_n000p000_seed1297748005.bin'"",""'<external>/xz' -d -c --threads=1 '<work>/archive.xz'""]","{""family"":""constant_00"",""noise_density"":0.0,""seed"":1297748005,""size_requested"":4096}"
mathzip-benchmark-results-v1,20260724T134555Z-8b4c06c2,quick,synthetic,datasets/synthetic/constant_00/s0000004096_n000p000_seed1297748005.bin,s0000004096_n000p000_seed1297748005.bin,CC0-1.0,python/mathzip_bench/synthetic.py and datasets/synthetic/manifest.json,datasets/synthetic/manifest.json,c7188cafa911c31e5d80193ab1dae1d468dfe9e6deafecb9be709a46aae23de1,true,ad7facb2586fc6e966c004d7d1d16b024f5805ff7cb47c7a85dabd8b48892ca7,-0.0,4096,zstd-fast,zstd,fast,,1,ok,,3,3,23,178.08695652173913,0.994384765625,99.4384765625,0.044921875,0.0,0.004676348005887121,0.003835739000351168,0.8758971733591014,1.067851592515811,0.004080999999999779,0.003343000000000096,360448.0,true,true,3c2bc9ce3163db56e2cf59235991f1e112de20aa478be26b4305a06298a09da7,ad7facb2586fc6e966c004d7d1d16b024f5805ff7cb47c7a85dabd8b48892ca7,,,,,,,,,,,,,,,,,,,,"[""'<external>/zstd' -q -d -c '<work>/archive.zst'"",""'<external>/zstd' -q -f -T1 -1 -c '<repo>/datasets/synthetic/constant_00/s0000004096_n000p000_seed1297748005.bin'""]","{""family"":""constant_00"",""noise_density"":0.0,""seed"":1297748005,""size_requested"":4096}"
mathzip-benchmark-results-v1,20260724T134555Z-8b4c06c2,quick,synthetic,datasets/synthetic/constant_00/s0000004096_n000p000_seed1297748005.bin,s0000004096_n000p000_seed1297748005.bin,CC0-1.0,python/mathzip_bench/synthetic.py and datasets/synthetic/manifest.json,datasets/synthetic/manifest.json,c7188cafa911c31e5d80193ab1dae1d468dfe9e6deafecb9be709a46aae23de1,true,ad7facb2586fc6e966c004d7d1d16b024f5805ff7cb47c7a85dabd8b48892ca7,-0.0,4096,lz4-fast,lz4,fast,,1,ok,,3,3,45,91.02222222222223,0.989013671875,98.9013671875,0.087890625,0.0,0.002639857993926853,0.002738199007580988,1.5515986122825873,1.495873743529889,0.001985999999999599,0.001972000000000307,598016.0,true,true,a55e5b0b272645838a98d935d48e76ab139104fc8d5eee08998de97e5b3d6338,ad7facb2586fc6e966c004d7d1d16b024f5805ff7cb47c7a85dabd8b48892ca7,,,,,,,,,,,,,,,,,,,,"[""'<tmp>/mathzip-toolpkgs.cQThTC/extracted/usr/bin/lz4' -q -d -f '<work>/archive.lz4' '<work>/restored.bin'"",""'<tmp>/mathzip-toolpkgs.cQThTC/extracted/usr/bin/lz4' -q -f -1 '<repo>/datasets/synthetic/constant_00/s0000004096_n000p000_seed1297748005.bin' '<work>/archive.lz4'""]","{""family"":""constant_00"",""noise_density"":0.0,""seed"":1297748005,""size_requested"":4096}"
mathzip-benchmark-results-v1,20260724T134555Z-8b4c06c2,quick,synthetic,datasets/synthetic/constant_00/s0000004096_n000p000_seed1297748005.bin,s0000004096_n000p000_seed1297748005.bin,CC0-1.0,python/mathzip_bench/synthetic.py and datasets/synthetic/manifest.json,datasets/synthetic/manifest.json,c7188cafa911c31e5d80193ab1dae1d468dfe9e6deafecb9be709a46aae23de1,true,ad7facb2586fc6e966c004d7d1d16b024f5805ff7cb47c7a85dabd8b48892ca7,-0.0,4096,brotli-fast,brotli,fast,,1,ok,,3,3,13,315.0769230769231,0.996826171875,99.6826171875,0.025390625,0.0,0.003384176001418382,0.0031907189986668527,1.2103389416753967,1.2837231989753382,0.002825999999999773,0.002607000000000248,348160.0,true,true,b279e96340b2a5ddb89189c05de2c2950882f8fe760d7339276ecc40e9c896c6,ad7facb2586fc6e966c004d7d1d16b024f5805ff7cb47c7a85dabd8b48892ca7,,,,,,,,,,,,,,,,,,,,"[""'<tmp>/mathzip-toolpkgs.cQThTC/extracted/usr/bin/brotli' -f -d -o '<work>/restored.bin' '<work>/archive.br'"",""'<tmp>/mathzip-toolpkgs.cQThTC/extracted/usr/bin/brotli' -f -q 4 -o '<work>/archive.br' '<repo>/datasets/synthetic/constant_00/s0000004096_n000p000_seed1297748005.bin'""]","{""family"":""constant_00"",""noise_density"":0.0,""seed"":1297748005,""size_requested"":4096}"
mathzip-benchmark-results-v1,20260724T134555Z-8b4c06c2,quick,synthetic,datasets/synthetic/constant_00/s0000004096_n000p000_seed1297748005.bin,s0000004096_n000p000_seed1297748005.bin,CC0-1.0,python/mathzip_bench/synthetic.py and datasets/synthetic/manifest.json,datasets/synthetic/manifest.json,c7188cafa911c31e5d80193ab1dae1d468dfe9e6deafecb9be709a46aae23de1,true,ad7facb2586fc6e966c004d7d1d16b024f5805ff7cb47c7a85dabd8b48892ca7,-0.0,4096,7z-fast,7z,fast,,1,ok,,3,3,219,18.703196347031962,0.946533203125,94.6533203125,0.427734375,0.0,0.008898343992768787,0.006478302995674312,0.46031036823577537,0.632264344958082,0.00804600000000022,0.0059189999999995635,573440.0,true,true,35ad635d34cc0ff5501933874abe4b83a9464ce460de5b7b8f985286bdc605fe,ad7facb2586fc6e966c004d7d1d16b024f5805ff7cb47c7a85dabd8b48892ca7,,,,,,,,,,,,,,,,,,,,"[""'<tmp>/mathzip-toolpkgs.cQThTC/extracted/usr/lib/7zip/7z' a -y -bd -bso0 -bsp0 -t7z -m0=lzma2 -mx=1 -mmt=1 '<work>/archive.7z' '<repo>/datasets/synthetic/constant_00/s0000004096_n000p000_seed1297748005.bin'"",""'<tmp>/mathzip-toolpkgs.cQThTC/extracted/usr/lib/7zip/7z' e -so -bd -mmt=1 '<work>/archive.7z'""]","{""family"":""constant_00"",""noise_density"":0.0,""seed"":1297748005,""size_requested"":4096}"
mathzip-benchmark-results-v1,20260724T134555Z-8b4c06c2,quick,synthetic,datasets/synthetic/constant_00/s0000004096_n005p000_seed1297748005.bin,s0000004096_n005p000_seed1297748005.bin,CC0-1.0,python/mathzip_bench/synthetic.py and datasets/synthetic/manifest.json,datasets/synthetic/manifest.json,c7188cafa911c31e5d80193ab1dae1d468dfe9e6deafecb9be709a46aae23de1,true,20cad9567c9ae749005d93e843cd6790dba55d6d174cf5edbd58ac682ba1b3bc,0.64003798913758,4096,mathzip-fast,mathzip,fast,,1,ok,,3,3,568,7.211267605633803,0.861328125,86.1328125,1.109375,0.0,0.005675156993675046,0.003742973000044003,0.7217421482022411,1.0943172713112936,0.0050640000000004015,0.003073999999999799,503808.0,true,true,f3ec7f9e115c2ad07695743a1f1ee0cae456566c9ed07bcee4b578258470d7ff,20cad9567c9ae749005d93e843cd6790dba55d6d174cf5edbd58ac682ba1b3bc,"[{""type"":""identity""}]",1,4096.0,4096.0,"{""raw"":1}","{""sparse"":1}",0,36,412,120,100.0,0.0,0.6400379891375801,412,0,0,0.000219169,0.000131029,0.001431808,"[""'<repo>/target/release/mathzip' compress --mode fast --max-input-bytes 8589934592 --no-sync --force '<repo>/datasets/synthetic/constant_00/s0000004096_n005p000_seed1297748005.bin' '<work>/archive.mz'"",""'<repo>/target/release/mathzip' compress --mode fast --max-input-bytes 8589934592 --no-sync --force --metrics-output '<work>/metrics-probe.mz.metrics.json' '<repo>/datasets/synthetic/constant_00/s0000004096_n005p000_seed1297748005.bin' '<work>/metrics-probe.mz'"",""'<repo>/target/release/mathzip' decompress --max-archive-bytes 17179869184 --max-output-bytes 8589934592 --max-segments 8388608 --no-sync --force '<work>/archive.mz' '<work>/restored.bin'""]","{""family"":""constant_00"",""noise_density"":0.05,""seed"":1297748005,""size_requested"":4096}"
mathzip-benchmark-results-v1,20260724T134555Z-8b4c06c2,quick,synthetic,datasets/synthetic/constant_00/s0000004096_n005p000_seed1297748005.bin,s0000004096_n005p000_seed1297748005.bin,CC0-1.0,python/mathzip_bench/synthetic.py and datasets/synthetic/manifest.json,datasets/synthetic/manifest.json,c7188cafa911c31e5d80193ab1dae1d468dfe9e6deafecb9be709a46aae23de1,true,20cad9567c9ae749005d93e843cd6790dba55d6d174cf5edbd58ac682ba1b3bc,0.64003798913758,4096,raw,raw,default,,1,ok,,3,3,4096,1.0,0.0,0.0,8.0,0.0,0.00020715400751214474,0.00018072999955620617,19.77272874993676,22.663641952404053,0.00021117700000017336,0.00018390999999962077,,true,true,20cad9567c9ae749005d93e843cd6790dba55d6d174cf5edbd58ac682ba1b3bc,20cad9567c9ae749005d93e843cd6790dba55d6d174cf5edbd58ac682ba1b3bc,,,,,,,,,,,,,,,,,,,,"[""stdlib:shutil.copyfile""]","{""family"":""constant_00"",""noise_density"":0.05,""seed"":1297748005,""size_requested"":4096}"
mathzip-benchmark-results-v1,20260724T134555Z-8b4c06c2,quick,synthetic,datasets/synthetic/constant_00/s0000004096_n005p000_seed1297748005.bin,s0000004096_n005p000_seed1297748005.bin,CC0-1.0,python/mathzip_bench/synthetic.py and datasets/synthetic/manifest.json,datasets/synthetic/manifest.json,c7188cafa911c31e5d80193ab1dae1d468dfe9e6deafecb9be709a46aae23de1,true,20cad9567c9ae749005d93e843cd6790dba55d6d174cf5edbd58ac682ba1b3bc,0.64003798913758,4096,gzip-fast,gzip,fast,,1,ok,,3,3,718,5.704735376044568,0.82470703125,82.470703125,1.40234375,0.0,0.0025382390012964606,0.0023925229907035828,1.6137172259617314,1.7120002674647092,0.002003000000000199,0.0018679999999999808,348160.0,true,true,851d36e075eb8acf298e47974bb34a70ef6d32c537d5af68758ca81afba60c4f,20cad9567c9ae749005d93e843cd6790dba55d6d174cf5edbd58ac682ba1b3bc,,,,,,,,,,,,,,,,,,,,"[""'<external>/gzip' -d -c '<work>/archive.gz'"",""'<external>/gzip' -n -c -1 '<repo>/datasets/synthetic/constant_00/s0000004096_n005p000_seed1297748005.bin'""]","{""family"":""constant_00"",""noise_density"":0.05,""seed"":1297748005,""size_requested"":4096}"
mathzip-benchmark-results-v1,20260724T134555Z-8b4c06c2,quick,synthetic,datasets/synthetic/constant_00/s0000004096_n005p000_seed1297748005.bin,s0000004096_n005p000_seed1297748005.bin,CC0-1.0,python/mathzip_bench/synthetic.py and datasets/synthetic/manifest.json,datasets/synthetic/manifest.json,c7188cafa911c31e5d80193ab1dae1d468dfe9e6deafecb9be709a46aae23de1,true,20cad9567c9ae749005d93e843cd6790dba55d6d174cf5edbd58ac682ba1b3bc,0.64003798913758,4096,bzip2-fast,bzip2,fast,,1,ok,,3,3,599,6.838063439065109,0.853759765625,85.3759765625,1.169921875,0.0,0.003272715999628417,0.0026620840071700513,1.251559866626086,1.53864415584476,0.0026809999999999334,0.0021180000000002863,348160.0,true,true,947ae7f9763fa44d4541b6fe00e586284050fcb8fbfc9eed77a405cd24fd2935,20cad9567c9ae749005d93e843cd6790dba55d6d174cf5edbd58ac682ba1b3bc,,,,,,,,,,,,,,,,,,,,"[""'<external>/bzip2' -c -1"",""'<external>/bzip2' -d -c '<work>/archive.bz2'""]","{""family"":""constant_00"",""noise_density"":0.05,""seed"":1297748005,""size_requested"":4096}"
mathzip-benchmark-results-v1,20260724T134555Z-8b4c06c2,quick,synthetic,datasets/synthetic/constant_00/s0000004096_n005p000_seed1297748005.bin,s0000004096_n005p000_seed1297748005.bin,CC0-1.0,python/mathzip_bench/synthetic.py and datasets/synthetic/manifest.json,datasets/synthetic/manifest.json,c7188cafa911c31e5d80193ab1dae1d468dfe9e6deafecb9be709a46aae23de1,true,20cad9567c9ae749005d93e843cd6790dba55d6d174cf5edbd58ac682ba1b3bc,0.64003798913758,4096,xz-fast,xz,fast,,1,ok,,3,3,588,6.965986394557823,0.8564453125,85.64453125,1.1484375,0.0,0.0069068729935679585,0.0037452320102602243,0.5930324770434333,1.0936572123646362,0.0058149999999996815,0.002184000000000186,364544.0,true,true,64b0310da1bb739b062d4dec3806168068c19918e77fb2c2141c6054e4d49831,20cad9567c9ae749005d93e843cd6790dba55d6d174cf5edbd58ac682ba1b3bc,,,,,,,,,,,,,,,,,,,,"[""'<external>/xz' -c --threads=1 -1 '<repo>/datasets/synthetic/constant_00/s0000004096_n005p000_seed1297748005.bin'"",""'<external>/xz' -d -c --threads=1 '<work>/archive.xz'""]","{""family"":""constant_00"",""noise_density"":0.05,""seed"":1297748005,""size_requested"":4096}"
mathzip-benchmark-results-v1,20260724T134555Z-8b4c06c2,quick,synthetic,datasets/synthetic/constant_00/s0000004096_n005p000_seed1297748005.bin,s0000004096_n005p000_seed1297748005.bin,CC0-1.0,python/mathzip_bench/synthetic.py and datasets/synthetic/manifest.json,datasets/synthetic/manifest.json,c7188cafa911c31e5d80193ab1dae1d468dfe9e6deafecb9be709a46aae23de1,true,20cad9567c9ae749005d93e843cd6790dba55d6d174cf5edbd58ac682ba1b3bc,0.64003798913758,4096,zstd-fast,zstd,fast,,1,ok,,3,3,609,6.725779967159277,0.851318359375,85.1318359375,1.189453125,0.0,0.004207518009934574,0.004374263997306116,0.9734955359261056,0.9363860989008701,0.0037689999999996893,0.0039159999999998085,348160.0,true,true,d97ba6da1747d2be34c64c9f56f2822bea602e029f22663960064621233e6fdd,20cad9567c9ae749005d93e843cd6790dba55d6d174cf5edbd58ac682ba1b3bc,,,,,,,,,,,,,,,,,,,,"[""'<external>/zstd' -q -d -c '<work>/archive.zst'"",""'<external>/zstd' -q -f -T1 -1 -c '<repo>/datasets/synthetic/constant_00/s0000004096_n005p000_seed1297748005.bin'""]","{""family"":""constant_00"",""noise_density"":0.05,""seed"":1297748005,""size_requested"":4096}"
mathzip-benchmark-results-v1,20260724T134555Z-8b4c06c2,quick,synthetic,datasets/synthetic/constant_00/s0000004096_n005p000_seed1297748005.bin,s0000004096_n005p000_seed1297748005.bin,CC0-1.0,python/mathzip_bench/synthetic.py and datasets/synthetic/manifest.json,datasets/synthetic/manifest.json,c7188cafa911c31e5d80193ab1dae1d468dfe9e6deafecb9be709a46aae23de1,true,20cad9567c9ae749005d93e843cd6790dba55d6d174cf5edbd58ac682ba1b3bc,0.64003798913758,4096,lz4-fast,lz4,fast,,1,ok,,3,3,1077,3.8031569173630455,0.737060546875,73.7060546875,2.103515625,0.0,0.002498034999007359,0.0025074000004678965,1.63968879604474,1.6335646483351922,0.001902999999999988,0.0018970000000000375,360448.0,true,true,c75aada5358b69c9a9baabbbd5d213b722d2f9128f25c0db8033090304c4bdd7,20cad9567c9ae749005d93e843cd6790dba55d6d174cf5edbd58ac682ba1b3bc,,,,,,,,,,,,,,,,,,,,"[""'<tmp>/mathzip-toolpkgs.cQThTC/extracted/usr/bin/lz4' -q -d -f '<work>/archive.lz4' '<work>/restored.bin'"",""'<tmp>/mathzip-toolpkgs.cQThTC/extracted/usr/bin/lz4' -q -f -1 '<repo>/datasets/synthetic/constant_00/s0000004096_n005p000_seed1297748005.bin' '<work>/archive.lz4'""]","{""family"":""constant_00"",""noise_density"":0.05,""seed"":1297748005,""size_requested"":4096}"
mathzip-benchmark-results-v1,20260724T134555Z-8b4c06c2,quick,synthetic,datasets/synthetic/constant_00/s0000004096_n005p000_seed1297748005.bin,s0000004096_n005p000_seed1297748005.bin,CC0-1.0,python/mathzip_bench/synthetic.py and datasets/synthetic/manifest.json,datasets/synthetic/manifest.json,c7188cafa911c31e5d80193ab1dae1d468dfe9e6deafecb9be709a46aae23de1,true,20cad9567c9ae749005d93e843cd6790dba55d6d174cf5edbd58ac682ba1b3bc,0.64003798913758,4096,brotli-fast,brotli,fast,,1,ok,,3,3,568,7.211267605633803,0.861328125,86.1328125,1.109375,0.0,0.004649543989216909,0.003284635007730685,0.880946606699351,1.2470183111242783,0.003657999999999717,0.0025329999999996744,352256.0,true,true,9c1db1218d65e4528fbdfa8c158ea2aaa72aacb78c36b378b5a635a5f4903c9f,20cad9567c9ae749005d93e843cd6790dba55d6d174cf5edbd58ac682ba1b3bc,,,,,,,,,,,,,,,,,,,,"[""'<tmp>/mathzip-toolpkgs.cQThTC/extracted/usr/bin/brotli' -f -d -o '<work>/restored.bin' '<work>/archive.br'"",""'<tmp>/mathzip-toolpkgs.cQThTC/extracted/usr/bin/brotli' -f -q 4 -o '<work>/archive.br' '<repo>/datasets/synthetic/constant_00/s0000004096_n005p000_seed1297748005.bin'""]","{""family"":""constant_00"",""noise_density"":0.05,""seed"":1297748005,""size_requested"":4096}"
mathzip-benchmark-results-v1,20260724T134555Z-8b4c06c2,quick,synthetic,datasets/synthetic/constant_00/s0000004096_n005p000_seed1297748005.bin,s0000004096_n005p000_seed1297748005.bin,CC0-1.0,python/mathzip_bench/synthetic.py and datasets/synthetic/manifest.json,datasets/synthetic/manifest.json,c7188cafa911c31e5d80193ab1dae1d468dfe9e6deafecb9be709a46aae23de1,true,20cad9567c9ae749005d93e843cd6790dba55d6d174cf5edbd58ac682ba1b3bc,0.64003798913758,4096,7z-fast,7z,fast,,1,ok,,3,3,728,5.626373626373627,0.822265625,82.2265625,1.421875,0.0,0.008691501003340818,0.006338070001220331,0.4712649746488655,0.6462535123801657,0.008115000000000094,0.005787999999999904,569344.0,true,true,98f0aa211bd92d5b84f0d2dd6f627f4bf1746b11f8ea9b281ca39e6c6d87d4d3,20cad9567c9ae749005d93e843cd6790dba55d6d174cf5edbd58ac682ba1b3bc,,,,,,,,,,,,,,,,,,,,"[""'<tmp>/mathzip-toolpkgs.cQThTC/extracted/usr/lib/7zip/7z' a -y -bd -bso0 -bsp0 -t7z -m0=lzma2 -mx=1 -mmt=1 '<work>/archive.7z' '<repo>/datasets/synthetic/constant_00/s0000004096_n005p000_seed1297748005.bin'"",""'<tmp>/mathzip-toolpkgs.cQThTC/extracted/usr/lib/7zip/7z' e -so -bd -mmt=1 '<work>/archive.7z'""]","{""family"":""constant_00"",""noise_density"":0.05,""seed"":1297748005,""size_requested"":4096}"
mathzip-benchmark-results-v1,20260724T134555Z-8b4c06c2,quick,synthetic,datasets/synthetic/constant_ff/s0000004096_n000p000_seed1297748005.bin,s0000004096_n000p000_seed1297748005.bin,CC0-1.0,python/mathzip_bench/synthetic.py and datasets/synthetic/manifest.json,datasets/synthetic/manifest.json,c7188cafa911c31e5d80193ab1dae1d468dfe9e6deafecb9be709a46aae23de1,true,f47a8ec3e9aff2318d896942282ad4fe37d6391c82914f54a5da8a37de1300c6,-0.0,4096,mathzip-fast,mathzip,fast,,1,ok,,3,3,158,25.924050632911392,0.96142578125,96.142578125,0.30859375,0.0,0.0052495599957183,0.0036377200012793764,0.7802558696997122,1.1259800090604686,0.0046960000000000335,0.003047000000000022,430080.0,true,true,acca9fb2f6554415f7d2d6a38b4458db6f738fce229c39454467a8a3bf9929a9,f47a8ec3e9aff2318d896942282ad4fe37d6391c82914f54a5da8a37de1300c6,"[{""type"":""identity""}]",1,4096.0,4096.0,"{""constant"":1}","{""sparse"":1}",1,36,1,120,0.0,0.0,0.0,1,1,1,0.000194878,0.000135441,0.00131529,"[""'<repo>/target/release/mathzip' compress --mode fast --max-input-bytes 8589934592 --no-sync --force '<repo>/datasets/synthetic/constant_ff/s0000004096_n000p000_seed1297748005.bin' '<work>/archive.mz'"",""'<repo>/target/release/mathzip' compress --mode fast --max-input-bytes 8589934592 --no-sync --force --metrics-output '<work>/metrics-probe.mz.metrics.json' '<repo>/datasets/synthetic/constant_ff/s0000004096_n000p000_seed1297748005.bin' '<work>/metrics-probe.mz'"",""'<repo>/target/release/mathzip' decompress --max-archive-bytes 17179869184 --max-output-bytes 8589934592 --max-segments 8388608 --no-sync --force '<work>/archive.mz' '<work>/restored.bin'""]","{""family"":""constant_ff"",""noise_density"":0.0,""seed"":1297748005,""size_requested"":4096}"
mathzip-benchmark-results-v1,20260724T134555Z-8b4c06c2,quick,synthetic,datasets/synthetic/constant_ff/s0000004096_n000p000_seed1297748005.bin,s0000004096_n000p000_seed1297748005.bin,CC0-1.0,python/mathzip_bench/synthetic.py and datasets/synthetic/manifest.json,datasets/synthetic/manifest.json,c7188cafa911c31e5d80193ab1dae1d468dfe9e6deafecb9be709a46aae23de1,true,f47a8ec3e9aff2318d896942282ad4fe37d6391c82914f54a5da8a37de1300c6,-0.0,4096,raw,raw,default,,1,ok,,3,3,4096,1.0,0.0,0.0,8.0,0.0,0.00020954699721187353,0.00018791999900713563,19.546927679705774,21.796509267991578,0.00021341600000024386,0.00019110599999994093,,true,true,f47a8ec3e9aff2318d896942282ad4fe37d6391c82914f54a5da8a37de1300c6,f47a8ec3e9aff2318d896942282ad4fe37d6391c82914f54a5da8a37de1300c6,,,,,,,,,,,,,,,,,,,,"[""stdlib:shutil.copyfile""]","{""family"":""constant_ff"",""noise_density"":0.0,""seed"":1297748005,""size_requested"":4096}"
mathzip-benchmark-results-v1,20260724T134555Z-8b4c06c2,quick,synthetic,datasets/synthetic/constant_ff/s0000004096_n000p000_seed1297748005.bin,s0000004096_n000p000_seed1297748005.bin,CC0-1.0,python/mathzip_bench/synthetic.py and datasets/synthetic/manifest.json,datasets/synthetic/manifest.json,c7188cafa911c31e5d80193ab1dae1d468dfe9e6deafecb9be709a46aae23de1,true,f47a8ec3e9aff2318d896942282ad4fe37d6391c82914f54a5da8a37de1300c6,-0.0,4096,gzip-fast,gzip,fast,,1,ok,,3,3,53,77.28301886792453,0.987060546875,98.7060546875,0.103515625,0.0,0.002723045996390283,0.0023880149965407327,1.5041978745235036,1.71523210948568,0.0021250000000003766,0.001806999999999448,348160.0,true,true,4dcfe6c0555b3faaecd08f9938d58320b2259c1386731340ac9c4b2ec521b244,f47a8ec3e9aff2318d896942282ad4fe37d6391c82914f54a5da8a37de1300c6,,,,,,,,,,,,,,,,,,,,"[""'<external>/gzip' -d -c '<work>/archive.gz'"",""'<external>/gzip' -n -c -1 '<repo>/datasets/synthetic/constant_ff/s0000004096_n000p000_seed1297748005.bin'""]","{""family"":""constant_ff"",""noise_density"":0.0,""seed"":1297748005,""size_requested"":4096}"
mathzip-benchmark-results-v1,20260724T134555Z-8b4c06c2,quick,synthetic,datasets/synthetic/constant_ff/s0000004096_n000p000_seed1297748005.bin,s0000004096_n000p000_seed1297748005.bin,CC0-1.0,python/mathzip_bench/synthetic.py and datasets/synthetic/manifest.json,datasets/synthetic/manifest.json,c7188cafa911c31e5d80193ab1dae1d468dfe9e6deafecb9be709a46aae23de1,true,f47a8ec3e9aff2318d896942282ad4fe37d6391c82914f54a5da8a37de1300c6,-0.0,4096,bzip2-fast,bzip2,fast,,1,ok,,3,3,43,95.25581395348837,0.989501953125,98.9501953125,0.083984375,0.0,0.002623153995955363,0.002703482998185791,1.5614790463372017,1.515082581524898,0.0020679999999995147,0.0019929999999996895,376832.0,true,true,a82009933d2a5fd77738a42a6fcc8078ce6a16c49b0cce082d9bd5f0d8c2f309,f47a8ec3e9aff2318d896942282ad4fe37d6391c82914f54a5da8a37de1300c6,,,,,,,,,,,,,,,,,,,,"[""'<external>/bzip2' -c -1"",""'<external>/bzip2' -d -c '<work>/archive.bz2'""]","{""family"":""constant_ff"",""noise_density"":0.0,""seed"":1297748005,""size_requested"":4096}"
mathzip-benchmark-results-v1,20260724T134555Z-8b4c06c2,quick,synthetic,datasets/synthetic/constant_ff/s0000004096_n000p000_seed1297748005.bin,s0000004096_n000p000_seed1297748005.bin,CC0-1.0,python/mathzip_bench/synthetic.py and datasets/synthetic/manifest.json,datasets/synthetic/manifest.json,c7188cafa911c31e5d80193ab1dae1d468dfe9e6deafecb9be709a46aae23de1,true,f47a8ec3e9aff2318d896942282ad4fe37d6391c82914f54a5da8a37de1300c6,-0.0,4096,xz-fast,xz,fast,,1,ok,,3,3,92,44.52173913043478,0.9775390625,97.75390625,0.1796875,0.0,0.004033525008708239,0.0035509229928720742,1.015488931184728,1.1535029084612882,0.0026169999999998694,0.0021009999999996865,352256.0,true,true,9d706ca75eb515d59ba92ab9c5c5d8269a69b166adb87fb81457b48668103591,f47a8ec3e9aff2318d896942282ad4fe37d6391c82914f54a5da8a37de1300c6,,,,,,,,,,,,,,,,,,,,"[""'<external>/xz' -c --threads=1 -1 '<repo>/datasets/synthetic/constant_ff/s0000004096_n000p000_seed1297748005.bin'"",""'<external>/xz' -d -c --threads=1 '<work>/archive.xz'""]","{""family"":""constant_ff"",""noise_density"":0.0,""seed"":1297748005,""size_requested"":4096}"
mathzip-benchmark-results-v1,20260724T134555Z-8b4c06c2,quick,synthetic,datasets/synthetic/constant_ff/s0000004096_n000p000_seed1297748005.bin,s0000004096_n000p000_seed1297748005.bin,CC0-1.0,python/mathzip_bench/synthetic.py and datasets/synthetic/manifest.json,datasets/synthetic/manifest.json,c7188cafa911c31e5d80193ab1dae1d468dfe9e6deafecb9be709a46aae23de1,true,f47a8ec3e9aff2318d896942282ad4fe37d6391c82914f54a5da8a37de1300c6,-0.0,4096,zstd-fast,zstd,fast,,1,ok,,3,3,23,178.08695652173913,0.994384765625,99.4384765625,0.044921875,0.0,0.004183883997029625,0.004334268000093289,0.9789946382136745,0.9450269341701619,0.003737999999999797,0.003521999999999803,348160.0,true,true,130213d92e47df6dacc53766441d9075cdd120640756a335b5b6ff1f8cf215a6,f47a8ec3e9aff2318d896942282ad4fe37d6391c82914f54a5da8a37de1300c6,,,,,,,,,,,,,,,,,,,,"[""'<external>/zstd' -q -d -c '<work>/archive.zst'"",""'<external>/zstd' -q -f -T1 -1 -c '<repo>/datasets/synthetic/constant_ff/s0000004096_n000p000_seed1297748005.bin'""]","{""family"":""constant_ff"",""noise_density"":0.0,""seed"":1297748005,""size_requested"":4096}"
mathzip-benchmark-results-v1,20260724T134555Z-8b4c06c2,quick,synthetic,datasets/synthetic/constant_ff/s0000004096_n000p000_seed1297748005.bin,s0000004096_n000p000_seed1297748005.bin,CC0-1.0,python/mathzip_bench/synthetic.py and datasets/synthetic/manifest.json,datasets/synthetic/manifest.json,c7188cafa911c31e5d80193ab1dae1d468dfe9e6deafecb9be709a46aae23de1,true,f47a8ec3e9aff2318d896942282ad4fe37d6391c82914f54a5da8a37de1300c6,-0.0,4096,lz4-fast,lz4,fast,,1,ok,,3,3,45,91.02222222222223,0.989013671875,98.9013671875,0.087890625,0.0,0.002716464994591661,0.002574951999122277,1.5078419961806688,1.5907092642488878,0.0020839999999999748,0.0020489999999999675,344064.0,true,true,530f7d940d56ab7d37107dfab023eb82f7aa08f3eb92fa6b958099b55478dda9,f47a8ec3e9aff2318d896942282ad4fe37d6391c82914f54a5da8a37de1300c6,,,,,,,,,,,,,,,,,,,,"[""'<tmp>/mathzip-toolpkgs.cQThTC/extracted/usr/bin/lz4' -q -d -f '<work>/archive.lz4' '<work>/restored.bin'"",""'<tmp>/mathzip-toolpkgs.cQThTC/extracted/usr/bin/lz4' -q -f -1 '<repo>/datasets/synthetic/constant_ff/s0000004096_n000p000_seed1297748005.bin' '<work>/archive.lz4'""]","{""family"":""constant_ff"",""noise_density"":0.0,""seed"":1297748005,""size_requested"":4096}"
mathzip-benchmark-results-v1,20260724T134555Z-8b4c06c2,quick,synthetic,datasets/synthetic/constant_ff/s0000004096_n000p000_seed1297748005.bin,s0000004096_n000p000_seed1297748005.bin,CC0-1.0,python/mathzip_bench/synthetic.py and datasets/synthetic/manifest.json,datasets/synthetic/manifest.json,c7188cafa911c31e5d80193ab1dae1d468dfe9e6deafecb9be709a46aae23de1,true,f47a8ec3e9aff2318d896942282ad4fe37d6391c82914f54a5da8a37de1300c6,-0.0,4096,brotli-fast,brotli,fast,,1,ok,,3,3,13,315.0769230769231,0.996826171875,99.6826171875,0.025390625,0.0,0.0035061819944530725,0.0030891189962858334,1.1682223017744213,1.325944388974584,0.0029010000000000424,0.0025249999999998884,348160.0,true,true,1640a133f052d435c70c37b5a1e2ce7e8ccdb1b973bcaba16aa74b5b2ba7cee4,f47a8ec3e9aff2318d896942282ad4fe37d6391c82914f54a5da8a37de1300c6,,,,,,,,,,,,,,,,,,,,"[""'<tmp>/mathzip-toolpkgs.cQThTC/extracted/usr/bin/brotli' -f -d -o '<work>/restored.bin' '<work>/archive.br'"",""'<tmp>/mathzip-toolpkgs.cQThTC/extracted/usr/bin/brotli' -f -q 4 -o '<work>/archive.br' '<repo>/datasets/synthetic/constant_ff/s0000004096_n000p000_seed1297748005.bin'""]","{""family"":""constant_ff"",""noise_density"":0.0,""seed"":1297748005,""size_requested"":4096}"
mathzip-benchmark-results-v1,20260724T134555Z-8b4c06c2,quick,synthetic,datasets/synthetic/constant_ff/s0000004096_n000p000_seed1297748005.bin,s0000004096_n000p000_seed1297748005.bin,CC0-1.0,python/mathzip_bench/synthetic.py and datasets/synthetic/manifest.json,datasets/synthetic/manifest.json,c7188cafa911c31e5d80193ab1dae1d468dfe9e6deafecb9be709a46aae23de1,true,f47a8ec3e9aff2318d896942282ad4fe37d6391c82914f54a5da8a37de1300c6,-0.0,4096,7z-fast,7z,fast,,1,ok,,3,3,219,18.703196347031962,0.946533203125,94.6533203125,0.427734375,0.0,0.008819449009024538,0.006298813998000696,0.46442810608789176,0.6502811483717584,0.008153000000000077,0.005688000000000137,561152.0,true,true,ed907174c5fa73f7c03c8966ea8274bad89a7877ba41c34327acc1269f58b39a,f47a8ec3e9aff2318d896942282ad4fe37d6391c82914f54a5da8a37de1300c6,,,,,,,,,,,,,,,,,,,,"[""'<tmp>/mathzip-toolpkgs.cQThTC/extracted/usr/lib/7zip/7z' a -y -bd -bso0 -bsp0 -t7z -m0=lzma2 -mx=1 -mmt=1 '<work>/archive.7z' '<repo>/datasets/synthetic/constant_ff/s0000004096_n000p000_seed1297748005.bin'"",""'<tmp>/mathzip-toolpkgs.cQThTC/extracted/usr/lib/7zip/7z' e -so -bd -mmt=1 '<work>/archive.7z'""]","{""family"":""constant_ff"",""noise_density"":0.0,""seed"":1297748005,""size_requested"":4096}"
mathzip-benchmark-results-v1,20260724T134555Z-8b4c06c2,quick,synthetic,datasets/synthetic/encrypted/s0000004096_n000p000_seed1297748005.bin,s0000004096_n000p000_seed1297748005.bin,CC0-1.0,python/mathzip_bench/synthetic.py and datasets/synthetic/manifest.json,datasets/synthetic/manifest.json,c7188cafa911c31e5d80193ab1dae1d468dfe9e6deafecb9be709a46aae23de1,true,68699529e0cf99fe05e26d08baafa6dd26f337257df6ac43a531dd445c628f4b,7.949237469192011,4096,mathzip-fast,mathzip,fast,,1,ok,,3,3,4252,0.9633113828786454,-0.0380859375,-3.80859375,8.3046875,3.80859375,0.006238032001419924,0.0037287490122253075,0.6566173432691036,1.0984917425577856,0.005460999999999938,0.0031159999999998966,540672.0,true,true,2c3fa3ae890424663bf98b6e35e0bc8db9d75ab97dae2f4c23be89aaa8186875,68699529e0cf99fe05e26d08baafa6dd26f337257df6ac43a531dd445c628f4b,"[{""type"":""identity""}]",1,4096.0,4096.0,"{""raw"":1}","{""raw"":1}",0,36,4096,120,100.0,100.0,7.949237469191995,4096,0,0,0.00030233,0.000100622,0.00186665,"[""'<repo>/target/release/mathzip' compress --mode fast --max-input-bytes 8589934592 --no-sync --force '<repo>/datasets/synthetic/encrypted/s0000004096_n000p000_seed1297748005.bin' '<work>/archive.mz'"",""'<repo>/target/release/mathzip' compress --mode fast --max-input-bytes 8589934592 --no-sync --force --metrics-output '<work>/metrics-probe.mz.metrics.json' '<repo>/datasets/synthetic/encrypted/s0000004096_n000p000_seed1297748005.bin' '<work>/metrics-probe.mz'"",""'<repo>/target/release/mathzip' decompress --max-archive-bytes 17179869184 --max-output-bytes 8589934592 --max-segments 8388608 --no-sync --force '<work>/archive.mz' '<work>/restored.bin'""]","{""family"":""encrypted"",""noise_density"":0.0,""seed"":1297748005,""size_requested"":4096}"
mathzip-benchmark-results-v1,20260724T134555Z-8b4c06c2,quick,synthetic,datasets/synthetic/encrypted/s0000004096_n000p000_seed1297748005.bin,s0000004096_n000p000_seed1297748005.bin,CC0-1.0,python/mathzip_bench/synthetic.py and datasets/synthetic/manifest.json,datasets/synthetic/manifest.json,c7188cafa911c31e5d80193ab1dae1d468dfe9e6deafecb9be709a46aae23de1,true,68699529e0cf99fe05e26d08baafa6dd26f337257df6ac43a531dd445c628f4b,7.949237469192011,4096,raw,raw,default,,1,ok,,3,3,4096,1.0,0.0,0.0,8.0,0.0,0.00020931199833285064,0.0001885759993456304,19.56887341683341,21.72068563450999,0.00021309899999977233,0.00019190899999976807,,true,true,68699529e0cf99fe05e26d08baafa6dd26f337257df6ac43a531dd445c628f4b,68699529e0cf99fe05e26d08baafa6dd26f337257df6ac43a531dd445c628f4b,,,,,,,,,,,,,,,,,,,,"[""stdlib:shutil.copyfile""]","{""family"":""encrypted"",""noise_density"":0.0,""seed"":1297748005,""size_requested"":4096}"
mathzip-benchmark-results-v1,20260724T134555Z-8b4c06c2,quick,synthetic,datasets/synthetic/encrypted/s0000004096_n000p000_seed1297748005.bin,s0000004096_n000p000_seed1297748005.bin,CC0-1.0,python/mathzip_bench/synthetic.py and datasets/synthetic/manifest.json,datasets/synthetic/manifest.json,c7188cafa911c31e5d80193ab1dae1d468dfe9e6deafecb9be709a46aae23de1,true,68699529e0cf99fe05e26d08baafa6dd26f337257df6ac43a531dd445c628f4b,7.949237469192011,4096,gzip-fast,gzip,fast,,1,ok,,3,3,4119,0.9944161204175771,-0.005615234375,-0.5615234375,8.044921875,0.5615234375,0.002558958003646694,0.002428223000606522,1.6006515129060006,1.686830245400402,0.002018999999999771,0.0017890000000000406,344064.0,true,true,1cc202f7e1cab32809a979ee4cb4247d824068646d81f764bc85b86b3c485aa1,68699529e0cf99fe05e26d08baafa6dd26f337257df6ac43a531dd445c628f4b,,,,,,,,,,,,,,,,,,,,"[""'<external>/gzip' -d -c '<work>/archive.gz'"",""'<external>/gzip' -n -c -1 '<repo>/datasets/synthetic/encrypted/s0000004096_n000p000_seed1297748005.bin'""]","{""family"":""encrypted"",""noise_density"":0.0,""seed"":1297748005,""size_requested"":4096}"
mathzip-benchmark-results-v1,20260724T134555Z-8b4c06c2,quick,synthetic,datasets/synthetic/encrypted/s0000004096_n000p000_seed1297748005.bin,s0000004096_n000p000_seed1297748005.bin,CC0-1.0,python/mathzip_bench/synthetic.py and datasets/synthetic/manifest.json,datasets/synthetic/manifest.json,c7188cafa911c31e5d80193ab1dae1d468dfe9e6deafecb9be709a46aae23de1,true,68699529e0cf99fe05e26d08baafa6dd26f337257df6ac43a531dd445c628f4b,7.949237469192011,4096,bzip2-fast,bzip2,fast,,1,ok,,3,3,4591,0.8921803528642998,-0.120849609375,-12.0849609375,8.966796875,12.0849609375,0.0041733129910426214,0.0029672939999727532,0.9814744326129955,1.380382260752595,0.003587000000000451,0.0024359999999998827,360448.0,true,true,87af5dc5871c67bf92bf451123605622e6feae65cd473d48acca239849df2f18,68699529e0cf99fe05e26d08baafa6dd26f337257df6ac43a531dd445c628f4b,,,,,,,,,,,,,,,,,,,,"[""'<external>/bzip2' -c -1"",""'<external>/bzip2' -d -c '<work>/archive.bz2'""]","{""family"":""encrypted"",""noise_density"":0.0,""seed"":1297748005,""size_requested"":4096}"
mathzip-benchmark-results-v1,20260724T134555Z-8b4c06c2,quick,synthetic,datasets/synthetic/encrypted/s0000004096_n000p000_seed1297748005.bin,s0000004096_n000p000_seed1297748005.bin,CC0-1.0,python/mathzip_bench/synthetic.py and datasets/synthetic/manifest.json,datasets/synthetic/manifest.json,c7188cafa911c31e5d80193ab1dae1d468dfe9e6deafecb9be709a46aae23de1,true,68699529e0cf99fe05e26d08baafa6dd26f337257df6ac43a531dd445c628f4b,7.949237469192011,4096,xz-fast,xz,fast,,1,ok,,3,3,4156,0.9855630413859481,-0.0146484375,-1.46484375,8.1171875,1.46484375,0.009684323988039978,0.0036496800021268427,0.4229515663724706,1.1222901727310517,0.008671999999999791,0.002107000000000525,364544.0,true,true,f85685da7f726ab5222f4a1c43b36633cd1e5700b7f7dc57ff50bacbd735d77e,68699529e0cf99fe05e26d08baafa6dd26f337257df6ac43a531dd445c628f4b,,,,,,,,,,,,,,,,,,,,"[""'<external>/xz' -c --threads=1 -1 '<repo>/datasets/synthetic/encrypted/s0000004096_n000p000_seed1297748005.bin'"",""'<external>/xz' -d -c --threads=1 '<work>/archive.xz'""]","{""family"":""encrypted"",""noise_density"":0.0,""seed"":1297748005,""size_requested"":4096}"
mathzip-benchmark-results-v1,20260724T134555Z-8b4c06c2,quick,synthetic,datasets/synthetic/encrypted/s0000004096_n000p000_seed1297748005.bin,s0000004096_n000p000_seed1297748005.bin,CC0-1.0,python/mathzip_bench/synthetic.py and datasets/synthetic/manifest.json,datasets/synthetic/manifest.json,c7188cafa911c31e5d80193ab1dae1d468dfe9e6deafecb9be709a46aae23de1,true,68699529e0cf99fe05e26d08baafa6dd26f337257df6ac43a531dd445c628f4b,7.949237469192011,4096,zstd-fast,zstd,fast,,1,ok,,3,3,4110,0.9965936739659368,-0.00341796875,-0.341796875,8.02734375,0.341796875,0.003920401999494061,0.0037769110058434308,1.044790814954334,1.084484117752018,0.003485999999999656,0.0033360000000000056,360448.0,true,true,c3e38887845e4f9edb8206e0d70b85fde8e3ca0b93e54294d6555cbc9247c8fe,68699529e0cf99fe05e26d08baafa6dd26f337257df6ac43a531dd445c628f4b,,,,,,,,,,,,,,,,,,,,"[""'<external>/zstd' -q -d -c '<work>/archive.zst'"",""'<external>/zstd' -q -f -T1 -1 -c '<repo>/datasets/synthetic/encrypted/s0000004096_n000p000_seed1297748005.bin'""]","{""family"":""encrypted"",""noise_density"":0.0,""seed"":1297748005,""size_requested"":4096}"
mathzip-benchmark-results-v1,20260724T134555Z-8b4c06c2,quick,synthetic,datasets/synthetic/encrypted/s0000004096_n000p000_seed1297748005.bin,s0000004096_n000p000_seed1297748005.bin,CC0-1.0,python/mathzip_bench/synthetic.py and datasets/synthetic/manifest.json,datasets/synthetic/manifest.json,c7188cafa911c31e5d80193ab1dae1d468dfe9e6deafecb9be709a46aae23de1,true,68699529e0cf99fe05e26d08baafa6dd26f337257df6ac43a531dd445c628f4b,7.949237469192011,4096,lz4-fast,lz4,fast,,1,ok,,3,3,4115,0.9953827460510328,-0.004638671875,-0.4638671875,8.037109375,0.4638671875,0.002893263997975737,0.0025138740020338446,1.415702128414743,1.6293577150987437,0.002171000000000589,0.0019320000000000448,454656.0,true,true,09be5d0ed4ed3c33bfe83716e4a976491b8c1055c3d0fb0d0eb2b8eab8c5f9e8,68699529e0cf99fe05e26d08baafa6dd26f337257df6ac43a531dd445c628f4b,,,,,,,,,,,,,,,,,,,,"[""'<tmp>/mathzip-toolpkgs.cQThTC/extracted/usr/bin/lz4' -q -d -f '<work>/archive.lz4' '<work>/restored.bin'"",""'<tmp>/mathzip-toolpkgs.cQThTC/extracted/usr/bin/lz4' -q -f -1 '<repo>/datasets/synthetic/encrypted/s0000004096_n000p000_seed1297748005.bin' '<work>/archive.lz4'""]","{""family"":""encrypted"",""noise_density"":0.0,""seed"":1297748005,""size_requested"":4096}"
mathzip-benchmark-results-v1,20260724T134555Z-8b4c06c2,quick,synthetic,datasets/synthetic/encrypted/s0000004096_n000p000_seed1297748005.bin,s0000004096_n000p000_seed1297748005.bin,CC0-1.0,python/mathzip_bench/synthetic.py and datasets/synthetic/manifest.json,datasets/synthetic/manifest.json,c7188cafa911c31e5d80193ab1dae1d468dfe9e6deafecb9be709a46aae23de1,true,68699529e0cf99fe05e26d08baafa6dd26f337257df6ac43a531dd445c628f4b,7.949237469192011,4096,brotli-fast,brotli,fast,,1,ok,,3,3,4101,0.9987807851743478,-0.001220703125,-0.1220703125,8.009765625,0.1220703125,0.004153781992499717,0.0031151820003287867,0.9860893054560758,1.3148509459696718,0.003565999999999736,0.0024980000000001112,356352.0,true,true,0aa6ee5433abaf6c3aca23638b38fdff17a97a2a0da02d2885ee90a13a6997ea,68699529e0cf99fe05e26d08baafa6dd26f337257df6ac43a531dd445c628f4b,,,,,,,,,,,,,,,,,,,,"[""'<tmp>/mathzip-toolpkgs.cQThTC/extracted/usr/bin/brotli' -f -d -o '<work>/restored.bin' '<work>/archive.br'"",""'<tmp>/mathzip-toolpkgs.cQThTC/extracted/usr/bin/brotli' -f -q 4 -o '<work>/archive.br' '<repo>/datasets/synthetic/encrypted/s0000004096_n000p000_seed1297748005.bin'""]","{""family"":""encrypted"",""noise_density"":0.0,""seed"":1297748005,""size_requested"":4096}"
mathzip-benchmark-results-v1,20260724T134555Z-8b4c06c2,quick,synthetic,datasets/synthetic/encrypted/s0000004096_n000p000_seed1297748005.bin,s0000004096_n000p000_seed1297748005.bin,CC0-1.0,python/mathzip_bench/synthetic.py and datasets/synthetic/manifest.json,datasets/synthetic/manifest.json,c7188cafa911c31e5d80193ab1dae1d468dfe9e6deafecb9be709a46aae23de1,true,68699529e0cf99fe05e26d08baafa6dd26f337257df6ac43a531dd445c628f4b,7.949237469192011,4096,7z-fast,7z,fast,,1,ok,,3,3,4286,0.9556696220251983,-0.04638671875,-4.638671875,8.37109375,4.638671875,0.011097804002929479,0.006497383001260459,0.3690820273018682,0.6304076578532305,0.01021699999999992,0.005793999999999855,438272.0,true,true,7e5f7a7d43978510b0746c7da3673493706f9c911f541d6863f261b4d5a8e4bf,68699529e0cf99fe05e26d08baafa6dd26f337257df6ac43a531dd445c628f4b,,,,,,,,,,,,,,,,,,,,"[""'<tmp>/mathzip-toolpkgs.cQThTC/extracted/usr/lib/7zip/7z' a -y -bd -bso0 -bsp0 -t7z -m0=lzma2 -mx=1 -mmt=1 '<work>/archive.7z' '<repo>/datasets/synthetic/encrypted/s0000004096_n000p000_seed1297748005.bin'"",""'<tmp>/mathzip-toolpkgs.cQThTC/extracted/usr/lib/7zip/7z' e -so -bd -mmt=1 '<work>/archive.7z'""]","{""family"":""encrypted"",""noise_density"":0.0,""seed"":1297748005,""size_requested"":4096}"
mathzip-benchmark-results-v1,20260724T134555Z-8b4c06c2,quick,synthetic,datasets/synthetic/lfsr8/s0000004096_n000p000_seed1297748005.bin,s0000004096_n000p000_seed1297748005.bin,CC0-1.0,python/mathzip_bench/synthetic.py and datasets/synthetic/manifest.json,datasets/synthetic/manifest.json,c7188cafa911c31e5d80193ab1dae1d468dfe9e6deafecb9be709a46aae23de1,true,d03fdc0f23d9e71d7c97599f49c2602cca8e4d2d9d53867171d1af4d178d94b6,7.99419192069822,4096,mathzip-fast,mathzip,fast,,1,ok,,3,3,4063,1.008122077282796,0.008056640625,0.8056640625,7.935546875,0.0,0.006182817000080831,0.0037603149976348504,0.6624811958604712,1.0892704474429102,0.005430000000000046,0.0030460000000003262,544768.0,true,true,788a8cb2a102998999087251727ff8380f8f87805e8b6944092622701fed4ea5,d03fdc0f23d9e71d7c97599f49c2602cca8e4d2d9d53867171d1af4d178d94b6,"[{""type"":""identity""}]",1,4096.0,4096.0,"{""periodic"":1}","{""zero_run"":1}",16,36,3891,120,0.0,0.0,6.980423100451196,3891,1,0,0.000286257,0.000100491,0.001907919,"[""'<repo>/target/release/mathzip' compress --mode fast --max-input-bytes 8589934592 --no-sync --force '<repo>/datasets/synthetic/lfsr8/s0000004096_n000p000_seed1297748005.bin' '<work>/archive.mz'"",""'<repo>/target/release/mathzip' compress --mode fast --max-input-bytes 8589934592 --no-sync --force --metrics-output '<work>/metrics-probe.mz.metrics.json' '<repo>/datasets/synthetic/lfsr8/s0000004096_n000p000_seed1297748005.bin' '<work>/metrics-probe.mz'"",""'<repo>/target/release/mathzip' decompress --max-archive-bytes 17179869184 --max-output-bytes 8589934592 --max-segments 8388608 --no-sync --force '<work>/archive.mz' '<work>/restored.bin'""]","{""family"":""lfsr8"",""noise_density"":0.0,""seed"":1297748005,""size_requested"":4096}"
mathzip-benchmark-results-v1,20260724T134555Z-8b4c06c2,quick,synthetic,datasets/synthetic/lfsr8/s0000004096_n000p000_seed1297748005.bin,s0000004096_n000p000_seed1297748005.bin,CC0-1.0,python/mathzip_bench/synthetic.py and datasets/synthetic/manifest.json,datasets/synthetic/manifest.json,c7188cafa911c31e5d80193ab1dae1d468dfe9e6deafecb9be709a46aae23de1,true,d03fdc0f23d9e71d7c97599f49c2602cca8e4d2d9d53867171d1af4d178d94b6,7.99419192069822,4096,raw,raw,default,,1,ok,,3,3,4096,1.0,0.0,0.0,8.0,0.0,0.0003280730015831068,0.00027139201120007783,12.485026138191408,15.092559216786647,0.0003332060000000858,0.0002757280000000861,,true,true,d03fdc0f23d9e71d7c97599f49c2602cca8e4d2d9d53867171d1af4d178d94b6,d03fdc0f23d9e71d7c97599f49c2602cca8e4d2d9d53867171d1af4d178d94b6,,,,,,,,,,,,,,,,,,,,"[""stdlib:shutil.copyfile""]","{""family"":""lfsr8"",""noise_density"":0.0,""seed"":1297748005,""size_requested"":4096}"
mathzip-benchmark-results-v1,20260724T134555Z-8b4c06c2,quick,synthetic,datasets/synthetic/lfsr8/s0000004096_n000p000_seed1297748005.bin,s0000004096_n000p000_seed1297748005.bin,CC0-1.0,python/mathzip_bench/synthetic.py and datasets/synthetic/manifest.json,datasets/synthetic/manifest.json,c7188cafa911c31e5d80193ab1dae1d468dfe9e6deafecb9be709a46aae23de1,true,d03fdc0f23d9e71d7c97599f49c2602cca8e4d2d9d53867171d1af4d178d94b6,7.99419192069822,4096,gzip-fast,gzip,fast,,1,ok,,3,3,332,12.337349397590362,0.9189453125,91.89453125,0.6484375,0.0,0.006207995000295341,0.003193963013472967,0.6597943458081289,1.2824193588723496,0.0023450000000000415,0.0019320000000000448,354304.0,true,true,ee4dccb4112baf31fd36f06a882be1902e8ce161f8abb97773c19d74cf1c860c,d03fdc0f23d9e71d7c97599f49c2602cca8e4d2d9d53867171d1af4d178d94b6,,,,,,,,,,,,,,,,,,,,"[""'<external>/gzip' -d -c '<work>/archive.gz'"",""'<external>/gzip' -n -c -1 '<repo>/datasets/synthetic/lfsr8/s0000004096_n000p000_seed1297748005.bin'""]","{""family"":""lfsr8"",""noise_density"":0.0,""seed"":1297748005,""size_requested"":4096}"
mathzip-benchmark-results-v1,20260724T134555Z-8b4c06c2,quick,synthetic,datasets/synthetic/lfsr8/s0000004096_n000p000_seed1297748005.bin,s0000004096_n000p000_seed1297748005.bin,CC0-1.0,python/mathzip_bench/synthetic.py and datasets/synthetic/manifest.json,datasets/synthetic/manifest.json,c7188cafa911c31e5d80193ab1dae1d468dfe9e6deafecb9be709a46aae23de1,true,d03fdc0f23d9e71d7c97599f49c2602cca8e4d2d9d53867171d1af4d178d94b6,7.99419192069822,4096,bzip2-fast,bzip2,fast,,1,ok,,3,3,684,5.988304093567251,0.8330078125,83.30078125,1.3359375,0.0,0.0038599280087510124,0.006613848992856219,1.0611596876195044,0.6193065496996061,0.002959000000000156,0.002746999999999833,344064.0,true,true,7489e6ca2abcc95cd52238db1126f35c9fecc1053d8dcf0652865911d9ff8bdd,d03fdc0f23d9e71d7c97599f49c2602cca8e4d2d9d53867171d1af4d178d94b6,,,,,,,,,,,,,,,,,,,,"[""'<external>/bzip2' -c -1"",""'<external>/bzip2' -d -c '<work>/archive.bz2'""]","{""family"":""lfsr8"",""noise_density"":0.0,""seed"":1297748005,""size_requested"":4096}"
mathzip-benchmark-results-v1,20260724T134555Z-8b4c06c2,quick,synthetic,datasets/synthetic/lfsr8/s0000004096_n000p000_seed1297748005.bin,s0000004096_n000p000_seed1297748005.bin,CC0-1.0,python/mathzip_bench/synthetic.py and datasets/synthetic/manifest.json,datasets/synthetic/manifest.json,c7188cafa911c31e5d80193ab1dae1d468dfe9e6deafecb9be709a46aae23de1,true,d03fdc0f23d9e71d7c97599f49c2602cca8e4d2d9d53867171d1af4d178d94b6,7.99419192069822,4096,xz-fast,xz,fast,,1,ok,,3,3,364,11.252747252747254,0.9111328125,91.11328125,0.7109375,0.0,0.0066221099987160414,0.003754195000510663,0.6185339719204561,1.091046149558785,0.004253000000000284,0.0023649999999992843,368640.0,true,true,2db4baa22ba2f94ee1df4963cc57928c356e3131b339b50320a720e2f92b1343,d03fdc0f23d9e71d7c97599f49c2602cca8e4d2d9d53867171d1af4d178d94b6,,,,,,,,,,,,,,,,,,,,"[""'<external>/xz' -c --threads=1 -1 '<repo>/datasets/synthetic/lfsr8/s0000004096_n000p000_seed1297748005.bin'"",""'<external>/xz' -d -c --threads=1 '<work>/archive.xz'""]","{""family"":""lfsr8"",""noise_density"":0.0,""seed"":1297748005,""size_requested"":4096}"
mathzip-benchmark-results-v1,20260724T134555Z-8b4c06c2,quick,synthetic,datasets/synthetic/lfsr8/s0000004096_n000p000_seed1297748005.bin,s0000004096_n000p000_seed1297748005.bin,CC0-1.0,python/mathzip_bench/synthetic.py and datasets/synthetic/manifest.json,datasets/synthetic/manifest.json,c7188cafa911c31e5d80193ab1dae1d468dfe9e6deafecb9be709a46aae23de1,true,d03fdc0f23d9e71d7c97599f49c2602cca8e4d2d9d53867171d1af4d178d94b6,7.99419192069822,4096,zstd-fast,zstd,fast,,1,ok,,3,3,279,14.68100358422939,0.931884765625,93.1884765625,0.544921875,0.0,0.0075004980026278645,0.003962268005125225,0.5460970722963903,1.0337513753995924,0.003913999999999973,0.0035449999999999093,385024.0,true,true,e3ba9c9cdaf16930baf17e3c91edc14b53d82c1d61d765c7db2ecdebb67f0c0f,d03fdc0f23d9e71d7c97599f49c2602cca8e4d2d9d53867171d1af4d178d94b6,,,,,,,,,,,,,,,,,,,,"[""'<external>/zstd' -q -d -c '<work>/archive.zst'"",""'<external>/zstd' -q -f -T1 -1 -c '<repo>/datasets/synthetic/lfsr8/s0000004096_n000p000_seed1297748005.bin'""]","{""family"":""lfsr8"",""noise_density"":0.0,""seed"":1297748005,""size_requested"":4096}"
mathzip-benchmark-results-v1,20260724T134555Z-8b4c06c2,quick,synthetic,datasets/synthetic/lfsr8/s0000004096_n000p000_seed1297748005.bin,s0000004096_n000p000_seed1297748005.bin,CC0-1.0,python/mathzip_bench/synthetic.py and datasets/synthetic/manifest.json,datasets/synthetic/manifest.json,c7188cafa911c31e5d80193ab1dae1d468dfe9e6deafecb9be709a46aae23de1,true,d03fdc0f23d9e71d7c97599f49c2602cca8e4d2d9d53867171d1af4d178d94b6,7.99419192069822,4096,lz4-fast,lz4,fast,,1,ok,,3,3,299,13.698996655518394,0.927001953125,92.7001953125,0.583984375,0.0,0.002817002998199314,0.00246848700044211,1.454027561425475,1.6593160098742263,0.0022099999999998232,0.0019089999999999385,344064.0,true,true,272bed6f7fc5c9b78616f3b94a5dc970ee999396b90145e9c51b23404173383a,d03fdc0f23d9e71d7c97599f49c2602cca8e4d2d9d53867171d1af4d178d94b6,,,,,,,,,,,,,,,,,,,,"[""'<tmp>/mathzip-toolpkgs.cQThTC/extracted/usr/bin/lz4' -q -d -f '<work>/archive.lz4' '<work>/restored.bin'"",""'<tmp>/mathzip-toolpkgs.cQThTC/extracted/usr/bin/lz4' -q -f -1 '<repo>/datasets/synthetic/lfsr8/s0000004096_n000p000_seed1297748005.bin' '<work>/archive.lz4'""]","{""family"":""lfsr8"",""noise_density"":0.0,""seed"":1297748005,""size_requested"":4096}"
mathzip-benchmark-results-v1,20260724T134555Z-8b4c06c2,quick,synthetic,datasets/synthetic/lfsr8/s0000004096_n000p000_seed1297748005.bin,s0000004096_n000p000_seed1297748005.bin,CC0-1.0,python/mathzip_bench/synthetic.py and datasets/synthetic/manifest.json,datasets/synthetic/manifest.json,c7188cafa911c31e5d80193ab1dae1d468dfe9e6deafecb9be709a46aae23de1,true,d03fdc0f23d9e71d7c97599f49c2602cca8e4d2d9d53867171d1af4d178d94b6,7.99419192069822,4096,brotli-fast,brotli,fast,,1,ok,,3,3,281,14.576512455516013,0.931396484375,93.1396484375,0.548828125,0.0,0.005656709006871097,0.0031631849997211248,0.724095935467896,1.2948973899285419,0.003538000000000263,0.00254299999999974,350208.0,true,true,9567bdcdf184a46a498fa5b2b6c92cb88b4831051eeccef5eee768fde32c743c,d03fdc0f23d9e71d7c97599f49c2602cca8e4d2d9d53867171d1af4d178d94b6,,,,,,,,,,,,,,,,,,,,"[""'<tmp>/mathzip-toolpkgs.cQThTC/extracted/usr/bin/brotli' -f -d -o '<work>/restored.bin' '<work>/archive.br'"",""'<tmp>/mathzip-toolpkgs.cQThTC/extracted/usr/bin/brotli' -f -q 4 -o '<work>/archive.br' '<repo>/datasets/synthetic/lfsr8/s0000004096_n000p000_seed1297748005.bin'""]","{""family"":""lfsr8"",""noise_density"":0.0,""seed"":1297748005,""size_requested"":4096}"
mathzip-benchmark-results-v1,20260724T134555Z-8b4c06c2,quick,synthetic,datasets/synthetic/lfsr8/s0000004096_n000p000_seed1297748005.bin,s0000004096_n000p000_seed1297748005.bin,CC0-1.0,python/mathzip_bench/synthetic.py and datasets/synthetic/manifest.json,datasets/synthetic/manifest.json,c7188cafa911c31e5d80193ab1dae1d468dfe9e6deafecb9be709a46aae23de1,true,d03fdc0f23d9e71d7c97599f49c2602cca8e4d2d9d53867171d1af4d178d94b6,7.99419192069822,4096,7z-fast,7z,fast,,1,ok,,3,3,491,8.342158859470468,0.880126953125,88.0126953125,0.958984375,0.0,0.009986140008550137,0.007856928001274355,0.41016849318084897,0.5213233466484164,0.00835900000000045,0.005927999999999933,421888.0,true,true,247859f7e2090d9437a5d8d2ac1cc75279988b019fbd42e93392ecd3fa109bc3,d03fdc0f23d9e71d7c97599f49c2602cca8e4d2d9d53867171d1af4d178d94b6,,,,,,,,,,,,,,,,,,,,"[""'<tmp>/mathzip-toolpkgs.cQThTC/extracted/usr/lib/7zip/7z' a -y -bd -bso0 -bsp0 -t7z -m0=lzma2 -mx=1 -mmt=1 '<work>/archive.7z' '<repo>/datasets/synthetic/lfsr8/s0000004096_n000p000_seed1297748005.bin'"",""'<tmp>/mathzip-toolpkgs.cQThTC/extracted/usr/lib/7zip/7z' e -so -bd -mmt=1 '<work>/archive.7z'""]","{""family"":""lfsr8"",""noise_density"":0.0,""seed"":1297748005,""size_requested"":4096}"
mathzip-benchmark-results-v1,20260724T134555Z-8b4c06c2,quick,synthetic,datasets/synthetic/linear/s0000004096_n000p000_seed1297748005.bin,s0000004096_n000p000_seed1297748005.bin,CC0-1.0,python/mathzip_bench/synthetic.py and datasets/synthetic/manifest.json,datasets/synthetic/manifest.json,c7188cafa911c31e5d80193ab1dae1d468dfe9e6deafecb9be709a46aae23de1,true,29ddd8df947f12dda43d4614877c4f839f4bf4339f1f2092ea662911a4fcf139,8.0,4096,mathzip-fast,mathzip,fast,,1,ok,,3,3,159,25.761006289308177,0.961181640625,96.1181640625,0.310546875,0.0,0.007570702000521123,0.005879444986931048,0.5410330507947684,0.6966643975927445,0.005063999999999513,0.0035120000000006257,417792.0,true,true,e41bee9b7f219314d1fd30aa9f61d051cf080fbe95cc34408c16dfd360d5a071,29ddd8df947f12dda43d4614877c4f839f4bf4339f1f2092ea662911a4fcf139,"[{""type"":""identity""}]",1,4096.0,4096.0,"{""affine"":1}","{""sparse"":1}",2,36,1,120,0.0,0.0,0.0,1,1,1,0.000228567,0.000117986,0.001629219,"[""'<repo>/target/release/mathzip' compress --mode fast --max-input-bytes 8589934592 --no-sync --force '<repo>/datasets/synthetic/linear/s0000004096_n000p000_seed1297748005.bin' '<work>/archive.mz'"",""'<repo>/target/release/mathzip' compress --mode fast --max-input-bytes 8589934592 --no-sync --force --metrics-output '<work>/metrics-probe.mz.metrics.json' '<repo>/datasets/synthetic/linear/s0000004096_n000p000_seed1297748005.bin' '<work>/metrics-probe.mz'"",""'<repo>/target/release/mathzip' decompress --max-archive-bytes 17179869184 --max-output-bytes 8589934592 --max-segments 8388608 --no-sync --force '<work>/archive.mz' '<work>/restored.bin'""]","{""family"":""linear"",""noise_density"":0.0,""seed"":1297748005,""size_requested"":4096}"
mathzip-benchmark-results-v1,20260724T134555Z-8b4c06c2,quick,synthetic,datasets/synthetic/linear/s0000004096_n000p000_seed1297748005.bin,s0000004096_n000p000_seed1297748005.bin,CC0-1.0,python/mathzip_bench/synthetic.py and datasets/synthetic/manifest.json,datasets/synthetic/manifest.json,c7188cafa911c31e5d80193ab1dae1d468dfe9e6deafecb9be709a46aae23de1,true,29ddd8df947f12dda43d4614877c4f839f4bf4339f1f2092ea662911a4fcf139,8.0,4096,raw,raw,default,,1,ok,,3,3,4096,1.0,0.0,0.0,8.0,0.0,0.00020569500338751823,0.00020757800666615367,19.912977624854395,19.732340943940027,0.00020964199999973232,0.0002111679999998728,,true,true,29ddd8df947f12dda43d4614877c4f839f4bf4339f1f2092ea662911a4fcf139,29ddd8df947f12dda43d4614877c4f839f4bf4339f1f2092ea662911a4fcf139,,,,,,,,,,,,,,,,,,,,"[""stdlib:shutil.copyfile""]","{""family"":""linear"",""noise_density"":0.0,""seed"":1297748005,""size_requested"":4096}"
mathzip-benchmark-results-v1,20260724T134555Z-8b4c06c2,quick,synthetic,datasets/synthetic/linear/s0000004096_n000p000_seed1297748005.bin,s0000004096_n000p000_seed1297748005.bin,CC0-1.0,python/mathzip_bench/synthetic.py and datasets/synthetic/manifest.json,datasets/synthetic/manifest.json,c7188cafa911c31e5d80193ab1dae1d468dfe9e6deafecb9be709a46aae23de1,true,29ddd8df947f12dda43d4614877c4f839f4bf4339f1f2092ea662911a4fcf139,8.0,4096,gzip-fast,gzip,fast,,1,ok,,3,3,333,12.3003003003003,0.918701171875,91.8701171875,0.650390625,0.0,0.0030983280012151226,0.002553562997491099,1.322003350966587,1.6040332680354314,0.0020150000000001,0.0020370000000000665,348160.0,true,true,d8647e35ae1f9fffaf170a22535e31f7800235036b875c763eb83ba0344a94a2,29ddd8df947f12dda43d4614877c4f839f4bf4339f1f2092ea662911a4fcf139,,,,,,,,,,,,,,,,,,,,"[""'<external>/gzip' -d -c '<work>/archive.gz'"",""'<external>/gzip' -n -c -1 '<repo>/datasets/synthetic/linear/s0000004096_n000p000_seed1297748005.bin'""]","{""family"":""linear"",""noise_density"":0.0,""seed"":1297748005,""size_requested"":4096}"
mathzip-benchmark-results-v1,20260724T134555Z-8b4c06c2,quick,synthetic,datasets/synthetic/linear/s0000004096_n000p000_seed1297748005.bin,s0000004096_n000p000_seed1297748005.bin,CC0-1.0,python/mathzip_bench/synthetic.py and datasets/synthetic/manifest.json,datasets/synthetic/manifest.json,c7188cafa911c31e5d80193ab1dae1d468dfe9e6deafecb9be709a46aae23de1,true,29ddd8df947f12dda43d4614877c4f839f4bf4339f1f2092ea662911a4fcf139,8.0,4096,bzip2-fast,bzip2,fast,,1,ok,,3,3,669,6.1225710014947685,0.836669921875,83.6669921875,1.306640625,0.0,0.0033507679909234866,0.002659404999576509,1.222406329263974,1.5401941414159401,0.0027800000000000047,0.002060000000000173,352256.0,true,true,6771b2368b0ab5281b7de143ecfde4f716dd2c42cde87d87b0acb0ac81237c0d,29ddd8df947f12dda43d4614877c4f839f4bf4339f1f2092ea662911a4fcf139,,,,,,,,,,,,,,,,,,,,"[""'<external>/bzip2' -c -1"",""'<external>/bzip2' -d -c '<work>/archive.bz2'""]","{""family"":""linear"",""noise_density"":0.0,""seed"":1297748005,""size_requested"":4096}"
mathzip-benchmark-results-v1,20260724T134555Z-8b4c06c2,quick,synthetic,datasets/synthetic/linear/s0000004096_n000p000_seed1297748005.bin,s0000004096_n000p000_seed1297748005.bin,CC0-1.0,python/mathzip_bench/synthetic.py and datasets/synthetic/manifest.json,datasets/synthetic/manifest.json,c7188cafa911c31e5d80193ab1dae1d468dfe9e6deafecb9be709a46aae23de1,true,29ddd8df947f12dda43d4614877c4f839f4bf4339f1f2092ea662911a4fcf139,8.0,4096,xz-fast,xz,fast,,1,ok,,3,3,332,12.337349397590362,0.9189453125,91.89453125,0.6484375,0.0,0.005481776999658905,0.0035455689940135926,0.7472029599625937,1.1552447595620803,0.004150999999999794,0.0020929999999999005,352256.0,true,true,a73899e28ca9ca943998472fa4a1c819654f002fe5d288185b4c9c5aaa28fc91,29ddd8df947f12dda43d4614877c4f839f4bf4339f1f2092ea662911a4fcf139,,,,,,,,,,,,,,,,,,,,"[""'<external>/xz' -c --threads=1 -1 '<repo>/datasets/synthetic/linear/s0000004096_n000p000_seed1297748005.bin'"",""'<external>/xz' -d -c --threads=1 '<work>/archive.xz'""]","{""family"":""linear"",""noise_density"":0.0,""seed"":1297748005,""size_requested"":4096}"
mathzip-benchmark-results-v1,20260724T134555Z-8b4c06c2,quick,synthetic,datasets/synthetic/linear/s0000004096_n000p000_seed1297748005.bin,s0000004096_n000p000_seed1297748005.bin,CC0-1.0,python/mathzip_bench/synthetic.py and datasets/synthetic/manifest.json,datasets/synthetic/manifest.json,c7188cafa911c31e5d80193ab1dae1d468dfe9e6deafecb9be709a46aae23de1,true,29ddd8df947f12dda43d4614877c4f839f4bf4339f1f2092ea662911a4fcf139,8.0,4096,zstd-fast,zstd,fast,,1,ok,,3,3,280,14.628571428571428,0.931640625,93.1640625,0.546875,0.0,0.004973189003067091,0.004732282002805732,0.8236163953298162,0.8655443605371603,0.0035679999999995715,0.00357400000000041,350208.0,true,true,867603200a54951d98c0911b74f59ca94d32cd1810d84e00af0dfb8491803493,29ddd8df947f12dda43d4614877c4f839f4bf4339f1f2092ea662911a4fcf139,,,,,,,,,,,,,,,,,,,,"[""'<external>/zstd' -q -d -c '<work>/archive.zst'"",""'<external>/zstd' -q -f -T1 -1 -c '<repo>/datasets/synthetic/linear/s0000004096_n000p000_seed1297748005.bin'""]","{""family"":""linear"",""noise_density"":0.0,""seed"":1297748005,""size_requested"":4096}"
mathzip-benchmark-results-v1,20260724T134555Z-8b4c06c2,quick,synthetic,datasets/synthetic/linear/s0000004096_n000p000_seed1297748005.bin,s0000004096_n000p000_seed1297748005.bin,CC0-1.0,python/mathzip_bench/synthetic.py and datasets/synthetic/manifest.json,datasets/synthetic/manifest.json,c7188cafa911c31e5d80193ab1dae1d468dfe9e6deafecb9be709a46aae23de1,true,29ddd8df947f12dda43d4614877c4f839f4bf4339f1f2092ea662911a4fcf139,8.0,4096,lz4-fast,lz4,fast,,1,ok,,3,3,300,13.653333333333334,0.9267578125,92.67578125,0.5859375,0.0,0.002747363003436476,0.0029606500029331073,1.490884165971738,1.383479977688043,0.0021879999999994126,0.0022739999999998872,344064.0,true,true,f647368e91157f21e63dcf22f1a559880efe267d5eab3e881384e7258c357fb3,29ddd8df947f12dda43d4614877c4f839f4bf4339f1f2092ea662911a4fcf139,,,,,,,,,,,,,,,,,,,,"[""'<tmp>/mathzip-toolpkgs.cQThTC/extracted/usr/bin/lz4' -q -d -f '<work>/archive.lz4' '<work>/restored.bin'"",""'<tmp>/mathzip-toolpkgs.cQThTC/extracted/usr/bin/lz4' -q -f -1 '<repo>/datasets/synthetic/linear/s0000004096_n000p000_seed1297748005.bin' '<work>/archive.lz4'""]","{""family"":""linear"",""noise_density"":0.0,""seed"":1297748005,""size_requested"":4096}"
mathzip-benchmark-results-v1,20260724T134555Z-8b4c06c2,quick,synthetic,datasets/synthetic/linear/s0000004096_n000p000_seed1297748005.bin,s0000004096_n000p000_seed1297748005.bin,CC0-1.0,python/mathzip_bench/synthetic.py and datasets/synthetic/manifest.json,datasets/synthetic/manifest.json,c7188cafa911c31e5d80193ab1dae1d468dfe9e6deafecb9be709a46aae23de1,true,29ddd8df947f12dda43d4614877c4f839f4bf4339f1f2092ea662911a4fcf139,8.0,4096,brotli-fast,brotli,fast,,1,ok,,3,3,280,14.628571428571428,0.931640625,93.1640625,0.546875,0.0,0.004045790003146976,0.0032665610051481053,1.0124104307969441,1.2539181094566112,0.003521999999999359,0.0027460000000001372,348160.0,true,true,f822cb1518369f5bd3982791bb83b2977e9b680a751f3f517258598d624b6494,29ddd8df947f12dda43d4614877c4f839f4bf4339f1f2092ea662911a4fcf139,,,,,,,,,,,,,,,,,,,,"[""'<tmp>/mathzip-toolpkgs.cQThTC/extracted/usr/bin/brotli' -f -d -o '<work>/restored.bin' '<work>/archive.br'"",""'<tmp>/mathzip-toolpkgs.cQThTC/extracted/usr/bin/brotli' -f -q 4 -o '<work>/archive.br' '<repo>/datasets/synthetic/linear/s0000004096_n000p000_seed1297748005.bin'""]","{""family"":""linear"",""noise_density"":0.0,""seed"":1297748005,""size_requested"":4096}"
mathzip-benchmark-results-v1,20260724T134555Z-8b4c06c2,quick,synthetic,datasets/synthetic/linear/s0000004096_n000p000_seed1297748005.bin,s0000004096_n000p000_seed1297748005.bin,CC0-1.0,python/mathzip_bench/synthetic.py and datasets/synthetic/manifest.json,datasets/synthetic/manifest.json,c7188cafa911c31e5d80193ab1dae1d468dfe9e6deafecb9be709a46aae23de1,true,29ddd8df947f12dda43d4614877c4f839f4bf4339f1f2092ea662911a4fcf139,8.0,4096,7z-fast,7z,fast,,1,ok,,3,3,462,8.865800865800866,0.88720703125,88.720703125,0.90234375,0.0,0.008786264006630518,0.007014892005827278,0.46618221315783026,0.5839006497316636,0.008223000000000535,0.0064869999999999095,565248.0,true,true,1e7d3c489086739e66d8e798a7248327316258727c7dc853f4ffee65d29cf466,29ddd8df947f12dda43d4614877c4f839f4bf4339f1f2092ea662911a4fcf139,,,,,,,,,,,,,,,,,,,,"[""'<tmp>/mathzip-toolpkgs.cQThTC/extracted/usr/lib/7zip/7z' a -y -bd -bso0 -bsp0 -t7z -m0=lzma2 -mx=1 -mmt=1 '<work>/archive.7z' '<repo>/datasets/synthetic/linear/s0000004096_n000p000_seed1297748005.bin'"",""'<tmp>/mathzip-toolpkgs.cQThTC/extracted/usr/lib/7zip/7z' e -so -bd -mmt=1 '<work>/archive.7z'""]","{""family"":""linear"",""noise_density"":0.0,""seed"":1297748005,""size_requested"":4096}"
mathzip-benchmark-results-v1,20260724T134555Z-8b4c06c2,quick,synthetic,datasets/synthetic/linear/s0000004096_n005p000_seed1297748005.bin,s0000004096_n005p000_seed1297748005.bin,CC0-1.0,python/mathzip_bench/synthetic.py and datasets/synthetic/manifest.json,datasets/synthetic/manifest.json,c7188cafa911c31e5d80193ab1dae1d468dfe9e6deafecb9be709a46aae23de1,true,a59f08af582fb9c3f2144ff4cc57b13579669b8f28fa3de0ba0e25e8c6f75458,7.996255690349984,4096,mathzip-fast,mathzip,fast,,1,ok,,3,3,570,7.185964912280702,0.86083984375,86.083984375,1.11328125,0.0,0.0058544019993860275,0.003676641994388774,0.6996444727283098,1.1140600597641115,0.0053080000000003125,0.0030970000000003495,425984.0,true,true,f0b1445dc50f98ed1e942ab7d831ac96fe9259ad69118c16d04f22388c86dc4b,a59f08af582fb9c3f2144ff4cc57b13579669b8f28fa3de0ba0e25e8c6f75458,"[{""type"":""identity""}]",1,4096.0,4096.0,"{""affine"":1}","{""sparse"":1}",2,36,412,120,0.0,0.0,0.6408546341492858,412,1,1,0.00024236,0.000114957,0.001854491,"[""'<repo>/target/release/mathzip' compress --mode fast --max-input-bytes 8589934592 --no-sync --force '<repo>/datasets/synthetic/linear/s0000004096_n005p000_seed1297748005.bin' '<work>/archive.mz'"",""'<repo>/target/release/mathzip' compress --mode fast --max-input-bytes 8589934592 --no-sync --force --metrics-output '<work>/metrics-probe.mz.metrics.json' '<repo>/datasets/synthetic/linear/s0000004096_n005p000_seed1297748005.bin' '<work>/metrics-probe.mz'"",""'<repo>/target/release/mathzip' decompress --max-archive-bytes 17179869184 --max-output-bytes 8589934592 --max-segments 8388608 --no-sync --force '<work>/archive.mz' '<work>/restored.bin'""]","{""family"":""linear"",""noise_density"":0.05,""seed"":1297748005,""size_requested"":4096}"
mathzip-benchmark-results-v1,20260724T134555Z-8b4c06c2,quick,synthetic,datasets/synthetic/linear/s0000004096_n005p000_seed1297748005.bin,s0000004096_n005p000_seed1297748005.bin,CC0-1.0,python/mathzip_bench/synthetic.py and datasets/synthetic/manifest.json,datasets/synthetic/manifest.json,c7188cafa911c31e5d80193ab1dae1d468dfe9e6deafecb9be709a46aae23de1,true,a59f08af582fb9c3f2144ff4cc57b13579669b8f28fa3de0ba0e25e8c6f75458,7.996255690349984,4096,raw,raw,default,,1,ok,,3,3,4096,1.0,0.0,0.0,8.0,0.0,0.00020748200768139213,0.0001843719946919009,19.7414708184711,22.215955339880743,0.0002113569999999676,0.00018775099999990275,,true,true,a59f08af582fb9c3f2144ff4cc57b13579669b8f28fa3de0ba0e25e8c6f75458,a59f08af582fb9c3f2144ff4cc57b13579669b8f28fa3de0ba0e25e8c6f75458,,,,,,,,,,,,,,,,,,,,"[""stdlib:shutil.copyfile""]","{""family"":""linear"",""noise_density"":0.05,""seed"":1297748005,""size_requested"":4096}"
mathzip-benchmark-results-v1,20260724T134555Z-8b4c06c2,quick,synthetic,datasets/synthetic/linear/s0000004096_n005p000_seed1297748005.bin,s0000004096_n005p000_seed1297748005.bin,CC0-1.0,python/mathzip_bench/synthetic.py and datasets/synthetic/manifest.json,datasets/synthetic/manifest.json,c7188cafa911c31e5d80193ab1dae1d468dfe9e6deafecb9be709a46aae23de1,true,a59f08af582fb9c3f2144ff4cc57b13579669b8f28fa3de0ba0e25e8c6f75458,7.996255690349984,4096,gzip-fast,gzip,fast,,1,ok,,3,3,1274,3.2150706436420724,0.68896484375,68.896484375,2.48828125,0.0,0.0036633749987231568,0.0029041500092716888,1.1180946535442404,1.4103954640508418,0.0020139999999999603,0.0019400000000002748,352256.0,true,true,3908af4124d49da2f290b5bd1beb5c8c70d3b7af22a28b162c2cbf91a3d20c37,a59f08af582fb9c3f2144ff4cc57b13579669b8f28fa3de0ba0e25e8c6f75458,,,,,,,,,,,,,,,,,,,,"[""'<external>/gzip' -d -c '<work>/archive.gz'"",""'<external>/gzip' -n -c -1 '<repo>/datasets/synthetic/linear/s0000004096_n005p000_seed1297748005.bin'""]","{""family"":""linear"",""noise_density"":0.05,""seed"":1297748005,""size_requested"":4096}"
mathzip-benchmark-results-v1,20260724T134555Z-8b4c06c2,quick,synthetic,datasets/synthetic/linear/s0000004096_n005p000_seed1297748005.bin,s0000004096_n005p000_seed1297748005.bin,CC0-1.0,python/mathzip_bench/synthetic.py and datasets/synthetic/manifest.json,datasets/synthetic/manifest.json,c7188cafa911c31e5d80193ab1dae1d468dfe9e6deafecb9be709a46aae23de1,true,a59f08af582fb9c3f2144ff4cc57b13579669b8f28fa3de0ba0e25e8c6f75458,7.996255690349984,4096,bzip2-fast,bzip2,fast,,1,ok,,3,3,1377,2.9745824255628177,0.663818359375,66.3818359375,2.689453125,0.0,0.0037672330072382465,0.002879114996176213,1.0872701508322078,1.4226593954878308,0.0030890000000001194,0.002245999999999526,344064.0,true,true,6dd1ca6e8defaf9185e9d3f3702e2e7eead843352711c598dfab2233c12ea8e2,a59f08af582fb9c3f2144ff4cc57b13579669b8f28fa3de0ba0e25e8c6f75458,,,,,,,,,,,,,,,,,,,,"[""'<external>/bzip2' -c -1"",""'<external>/bzip2' -d -c '<work>/archive.bz2'""]","{""family"":""linear"",""noise_density"":0.05,""seed"":1297748005,""size_requested"":4096}"
mathzip-benchmark-results-v1,20260724T134555Z-8b4c06c2,quick,synthetic,datasets/synthetic/linear/s0000004096_n005p000_seed1297748005.bin,s0000004096_n005p000_seed1297748005.bin,CC0-1.0,python/mathzip_bench/synthetic.py and datasets/synthetic/manifest.json,datasets/synthetic/manifest.json,c7188cafa911c31e5d80193ab1dae1d468dfe9e6deafecb9be709a46aae23de1,true,a59f08af582fb9c3f2144ff4cc57b13579669b8f28fa3de0ba0e25e8c6f75458,7.996255690349984,4096,xz-fast,xz,fast,,1,ok,,3,3,836,4.899521531100478,0.7958984375,79.58984375,1.6328125,0.0,0.00796646298840642,0.0038959610101301223,0.5141554044700768,1.051345223771425,0.006914000000000087,0.0021900000000005804,356352.0,true,true,15c583860534956234bd9dadec82d43bfcc7757d0f21e3d81c792b12fdeba736,a59f08af582fb9c3f2144ff4cc57b13579669b8f28fa3de0ba0e25e8c6f75458,,,,,,,,,,,,,,,,,,,,"[""'<external>/xz' -c --threads=1 -1 '<repo>/datasets/synthetic/linear/s0000004096_n005p000_seed1297748005.bin'"",""'<external>/xz' -d -c --threads=1 '<work>/archive.xz'""]","{""family"":""linear"",""noise_density"":0.05,""seed"":1297748005,""size_requested"":4096}"
mathzip-benchmark-results-v1,20260724T134555Z-8b4c06c2,quick,synthetic,datasets/synthetic/linear/s0000004096_n005p000_seed1297748005.bin,s0000004096_n005p000_seed1297748005.bin,CC0-1.0,python/mathzip_bench/synthetic.py and datasets/synthetic/manifest.json,datasets/synthetic/manifest.json,c7188cafa911c31e5d80193ab1dae1d468dfe9e6deafecb9be709a46aae23de1,true,a59f08af582fb9c3f2144ff4cc57b13579669b8f28fa3de0ba0e25e8c6f75458,7.996255690349984,4096,zstd-fast,zstd,fast,,1,ok,,3,3,955,4.289005235602095,0.766845703125,76.6845703125,1.865234375,0.0,0.0040978409961098805,0.004262941001798026,0.9995507399843897,0.9608390072188159,0.003554000000000279,0.003687000000000218,348160.0,true,true,d5910d925a2ddb315daf3654af0d1d4947dd270d5a6f5d128b61876e4e628197,a59f08af582fb9c3f2144ff4cc57b13579669b8f28fa3de0ba0e25e8c6f75458,,,,,,,,,,,,,,,,,,,,"[""'<external>/zstd' -q -d -c '<work>/archive.zst'"",""'<external>/zstd' -q -f -T1 -1 -c '<repo>/datasets/synthetic/linear/s0000004096_n005p000_seed1297748005.bin'""]","{""family"":""linear"",""noise_density"":0.05,""seed"":1297748005,""size_requested"":4096}"
mathzip-benchmark-results-v1,20260724T134555Z-8b4c06c2,quick,synthetic,datasets/synthetic/linear/s0000004096_n005p000_seed1297748005.bin,s0000004096_n005p000_seed1297748005.bin,CC0-1.0,python/mathzip_bench/synthetic.py and datasets/synthetic/manifest.json,datasets/synthetic/manifest.json,c7188cafa911c31e5d80193ab1dae1d468dfe9e6deafecb9be709a46aae23de1,true,a59f08af582fb9c3f2144ff4cc57b13579669b8f28fa3de0ba0e25e8c6f75458,7.996255690349984,4096,lz4-fast,lz4,fast,,1,ok,,3,3,1500,2.7306666666666666,0.6337890625,63.37890625,2.9296875,0.0,0.0025215469941031188,0.0025040059990715235,1.624399628315035,1.635778828612544,0.0019260000000000943,0.001834999999999809,421888.0,true,true,2e18d473ea9b5f31bdc2b198a92bb50e48fe5f7036c4a9c358c350ef45e0dc97,a59f08af582fb9c3f2144ff4cc57b13579669b8f28fa3de0ba0e25e8c6f75458,,,,,,,,,,,,,,,,,,,,"[""'<tmp>/mathzip-toolpkgs.cQThTC/extracted/usr/bin/lz4' -q -d -f '<work>/archive.lz4' '<work>/restored.bin'"",""'<tmp>/mathzip-toolpkgs.cQThTC/extracted/usr/bin/lz4' -q -f -1 '<repo>/datasets/synthetic/linear/s0000004096_n005p000_seed1297748005.bin' '<work>/archive.lz4'""]","{""family"":""linear"",""noise_density"":0.05,""seed"":1297748005,""size_requested"":4096}"
mathzip-benchmark-results-v1,20260724T134555Z-8b4c06c2,quick,synthetic,datasets/synthetic/linear/s0000004096_n005p000_seed1297748005.bin,s0000004096_n005p000_seed1297748005.bin,CC0-1.0,python/mathzip_bench/synthetic.py and datasets/synthetic/manifest.json,datasets/synthetic/manifest.json,c7188cafa911c31e5d80193ab1dae1d468dfe9e6deafecb9be709a46aae23de1,true,a59f08af582fb9c3f2144ff4cc57b13579669b8f28fa3de0ba0e25e8c6f75458,7.996255690349984,4096,brotli-fast,brotli,fast,,1,ok,,3,3,918,4.461873638344227,0.77587890625,77.587890625,1.79296875,0.0,0.004319127998314798,0.003046187004656531,0.948339572617006,1.344631827835481,0.0037600000000006517,0.002466999999999331,344064.0,true,true,7f628a5607395af5e84d30f7a67db54b0c80a5f794f26622223e441c0dd4cb3c,a59f08af582fb9c3f2144ff4cc57b13579669b8f28fa3de0ba0e25e8c6f75458,,,,,,,,,,,,,,,,,,,,"[""'<tmp>/mathzip-toolpkgs.cQThTC/extracted/usr/bin/brotli' -f -d -o '<work>/restored.bin' '<work>/archive.br'"",""'<tmp>/mathzip-toolpkgs.cQThTC/extracted/usr/bin/brotli' -f -q 4 -o '<work>/archive.br' '<repo>/datasets/synthetic/linear/s0000004096_n005p000_seed1297748005.bin'""]","{""family"":""linear"",""noise_density"":0.05,""seed"":1297748005,""size_requested"":4096}"
mathzip-benchmark-results-v1,20260724T134555Z-8b4c06c2,quick,synthetic,datasets/synthetic/linear/s0000004096_n005p000_seed1297748005.bin,s0000004096_n005p000_seed1297748005.bin,CC0-1.0,python/mathzip_bench/synthetic.py and datasets/synthetic/manifest.json,datasets/synthetic/manifest.json,c7188cafa911c31e5d80193ab1dae1d468dfe9e6deafecb9be709a46aae23de1,true,a59f08af582fb9c3f2144ff4cc57b13579669b8f28fa3de0ba0e25e8c6f75458,7.996255690349984,4096,7z-fast,7z,fast,,1,ok,,3,3,968,4.231404958677686,0.763671875,76.3671875,1.890625,0.0,0.009561985993059352,0.0063357489998452365,0.42836289479749456,0.6464902571266716,0.008941000000000976,0.005737999999999133,397312.0,true,true,2911b800adfbe0ba993f41a631580204960e6d1b76a98ec77ff629e7900d5337,a59f08af582fb9c3f2144ff4cc57b13579669b8f28fa3de0ba0e25e8c6f75458,,,,,,,,,,,,,,,,,,,,"[""'<tmp>/mathzip-toolpkgs.cQThTC/extracted/usr/lib/7zip/7z' a -y -bd -bso0 -bsp0 -t7z -m0=lzma2 -mx=1 -mmt=1 '<work>/archive.7z' '<repo>/datasets/synthetic/linear/s0000004096_n005p000_seed1297748005.bin'"",""'<tmp>/mathzip-toolpkgs.cQThTC/extracted/usr/lib/7zip/7z' e -so -bd -mmt=1 '<work>/archive.7z'""]","{""family"":""linear"",""noise_density"":0.05,""seed"":1297748005,""size_requested"":4096}"
mathzip-benchmark-results-v1,20260724T134555Z-8b4c06c2,quick,synthetic,datasets/synthetic/multi_periodic/s0000004096_n000p000_seed1297748005.bin,s0000004096_n000p000_seed1297748005.bin,CC0-1.0,python/mathzip_bench/synthetic.py and datasets/synthetic/manifest.json,datasets/synthetic/manifest.json,c7188cafa911c31e5d80193ab1dae1d468dfe9e6deafecb9be709a46aae23de1,true,043059f7687705dc0fcb16d7e05b8050129e2c7cb97bd80b390e798ddecba724,5.439875272461005,4096,mathzip-fast,mathzip,fast,,1,ok,,3,3,3589,1.1412649763165228,0.123779296875,12.3779296875,7.009765625,0.0,0.00577017200703267,0.0036106040060985833,0.7098575215795657,1.134436230913594,0.005187999999999526,0.003053999999999668,430080.0,true,true,a23adb21db5d44e78a48f5ef99b0cf36c1b026fef905c05d864b680a2c546005,043059f7687705dc0fcb16d7e05b8050129e2c7cb97bd80b390e798ddecba724,"[{""type"":""identity""}]",1,4096.0,4096.0,"{""periodic"":1}","{""zero_run"":1}",12,36,3421,120,0.0,0.0,4.013313498537989,3421,1,0,0.000295883,0.000100172,0.001812821,"[""'<repo>/target/release/mathzip' compress --mode fast --max-input-bytes 8589934592 --no-sync --force '<repo>/datasets/synthetic/multi_periodic/s0000004096_n000p000_seed1297748005.bin' '<work>/archive.mz'"",""'<repo>/target/release/mathzip' compress --mode fast --max-input-bytes 8589934592 --no-sync --force --metrics-output '<work>/metrics-probe.mz.metrics.json' '<repo>/datasets/synthetic/multi_periodic/s0000004096_n000p000_seed1297748005.bin' '<work>/metrics-probe.mz'"",""'<repo>/target/release/mathzip' decompress --max-archive-bytes 17179869184 --max-output-bytes 8589934592 --max-segments 8388608 --no-sync --force '<work>/archive.mz' '<work>/restored.bin'""]","{""family"":""multi_periodic"",""noise_density"":0.0,""seed"":1297748005,""size_requested"":4096}"
mathzip-benchmark-results-v1,20260724T134555Z-8b4c06c2,quick,synthetic,datasets/synthetic/multi_periodic/s0000004096_n000p000_seed1297748005.bin,s0000004096_n000p000_seed1297748005.bin,CC0-1.0,python/mathzip_bench/synthetic.py and datasets/synthetic/manifest.json,datasets/synthetic/manifest.json,c7188cafa911c31e5d80193ab1dae1d468dfe9e6deafecb9be709a46aae23de1,true,043059f7687705dc0fcb16d7e05b8050129e2c7cb97bd80b390e798ddecba724,5.439875272461005,4096,raw,raw,default,,1,ok,,3,3,4096,1.0,0.0,0.0,8.0,0.0,0.0002211499959230423,0.00018335400091018528,18.521365930412955,22.33929982256781,0.00022489900000000063,0.00018658599999987757,,true,true,043059f7687705dc0fcb16d7e05b8050129e2c7cb97bd80b390e798ddecba724,043059f7687705dc0fcb16d7e05b8050129e2c7cb97bd80b390e798ddecba724,,,,,,,,,,,,,,,,,,,,"[""stdlib:shutil.copyfile""]","{""family"":""multi_periodic"",""noise_density"":0.0,""seed"":1297748005,""size_requested"":4096}"
mathzip-benchmark-results-v1,20260724T134555Z-8b4c06c2,quick,synthetic,datasets/synthetic/multi_periodic/s0000004096_n000p000_seed1297748005.bin,s0000004096_n000p000_seed1297748005.bin,CC0-1.0,python/mathzip_bench/synthetic.py and datasets/synthetic/manifest.json,datasets/synthetic/manifest.json,c7188cafa911c31e5d80193ab1dae1d468dfe9e6deafecb9be709a46aae23de1,true,043059f7687705dc0fcb16d7e05b8050129e2c7cb97bd80b390e798ddecba724,5.439875272461005,4096,gzip-fast,gzip,fast,,1,ok,,3,3,123,33.300813008130085,0.969970703125,96.9970703125,0.240234375,0.0,0.00249290801002644,0.0025177740026265383,1.643061028937268,1.6268338602777923,0.001964000000000077,0.0018460000000004584,364544.0,true,true,71689ffa7f4ad4e8aa4196d9e5b2bc69d65a093a8bf1ea2d1ba4e246caf4215e,043059f7687705dc0fcb16d7e05b8050129e2c7cb97bd80b390e798ddecba724,,,,,,,,,,,,,,,,,,,,"[""'<external>/gzip' -d -c '<work>/archive.gz'"",""'<external>/gzip' -n -c -1 '<repo>/datasets/synthetic/multi_periodic/s0000004096_n000p000_seed1297748005.bin'""]","{""family"":""multi_periodic"",""noise_density"":0.0,""seed"":1297748005,""size_requested"":4096}"
mathzip-benchmark-results-v1,20260724T134555Z-8b4c06c2,quick,synthetic,datasets/synthetic/multi_periodic/s0000004096_n000p000_seed1297748005.bin,s0000004096_n000p000_seed1297748005.bin,CC0-1.0,python/mathzip_bench/synthetic.py and datasets/synthetic/manifest.json,datasets/synthetic/manifest.json,c7188cafa911c31e5d80193ab1dae1d468dfe9e6deafecb9be709a46aae23de1,true,043059f7687705dc0fcb16d7e05b8050129e2c7cb97bd80b390e798ddecba724,5.439875272461005,4096,bzip2-fast,bzip2,fast,,1,ok,,3,3,210,19.504761904761907,0.94873046875,94.873046875,0.41015625,0.0,0.0030393679917324334,0.0026669719954952598,1.3476485937674458,1.5358241507291748,0.002537999999999485,0.002050999999999803,344064.0,true,true,0efb37431925745af0df4da2a8c5e2d193dd5472fc9bf82016db1ec0219473ff,043059f7687705dc0fcb16d7e05b8050129e2c7cb97bd80b390e798ddecba724,,,,,,,,,,,,,,,,,,,,"[""'<external>/bzip2' -c -1"",""'<external>/bzip2' -d -c '<work>/archive.bz2'""]","{""family"":""multi_periodic"",""noise_density"":0.0,""seed"":1297748005,""size_requested"":4096}"
mathzip-benchmark-results-v1,20260724T134555Z-8b4c06c2,quick,synthetic,datasets/synthetic/multi_periodic/s0000004096_n000p000_seed1297748005.bin,s0000004096_n000p000_seed1297748005.bin,CC0-1.0,python/mathzip_bench/synthetic.py and datasets/synthetic/manifest.json,datasets/synthetic/manifest.json,c7188cafa911c31e5d80193ab1dae1d468dfe9e6deafecb9be709a46aae23de1,true,043059f7687705dc0fcb16d7e05b8050129e2c7cb97bd80b390e798ddecba724,5.439875272461005,4096,xz-fast,xz,fast,,1,ok,,3,3,152,26.94736842105263,0.962890625,96.2890625,0.296875,0.0,0.004536282998742536,0.003847601998131722,0.9029419022436248,1.064559172697408,0.0032380000000005182,0.0021689999999994214,364544.0,true,true,238f8650409a64b4a76ec1140ad8ee384866cbf827c7394c374f4e682c8e2a26,043059f7687705dc0fcb16d7e05b8050129e2c7cb97bd80b390e798ddecba724,,,,,,,,,,,,,,,,,,,,"[""'<external>/xz' -c --threads=1 -1 '<repo>/datasets/synthetic/multi_periodic/s0000004096_n000p000_seed1297748005.bin'"",""'<external>/xz' -d -c --threads=1 '<work>/archive.xz'""]","{""family"":""multi_periodic"",""noise_density"":0.0,""seed"":1297748005,""size_requested"":4096}"
mathzip-benchmark-results-v1,20260724T134555Z-8b4c06c2,quick,synthetic,datasets/synthetic/multi_periodic/s0000004096_n000p000_seed1297748005.bin,s0000004096_n000p000_seed1297748005.bin,CC0-1.0,python/mathzip_bench/synthetic.py and datasets/synthetic/manifest.json,datasets/synthetic/manifest.json,c7188cafa911c31e5d80193ab1dae1d468dfe9e6deafecb9be709a46aae23de1,true,043059f7687705dc0fcb16d7e05b8050129e2c7cb97bd80b390e798ddecba724,5.439875272461005,4096,zstd-fast,zstd,fast,,1,ok,,3,3,78,52.51282051282051,0.98095703125,98.095703125,0.15234375,0.0,0.004514023006777279,0.00405097400653176,0.9073945777082513,1.0111148561791905,0.003925999999999874,0.003667000000000975,356352.0,true,true,f75ecd74433d85ffc4400e44df93bed2c14dea2950115fd309ffc5aa7eb1f6aa,043059f7687705dc0fcb16d7e05b8050129e2c7cb97bd80b390e798ddecba724,,,,,,,,,,,,,,,,,,,,"[""'<external>/zstd' -q -d -c '<work>/archive.zst'"",""'<external>/zstd' -q -f -T1 -1 -c '<repo>/datasets/synthetic/multi_periodic/s0000004096_n000p000_seed1297748005.bin'""]","{""family"":""multi_periodic"",""noise_density"":0.0,""seed"":1297748005,""size_requested"":4096}"
mathzip-benchmark-results-v1,20260724T134555Z-8b4c06c2,quick,synthetic,datasets/synthetic/multi_periodic/s0000004096_n000p000_seed1297748005.bin,s0000004096_n000p000_seed1297748005.bin,CC0-1.0,python/mathzip_bench/synthetic.py and datasets/synthetic/manifest.json,datasets/synthetic/manifest.json,c7188cafa911c31e5d80193ab1dae1d468dfe9e6deafecb9be709a46aae23de1,true,043059f7687705dc0fcb16d7e05b8050129e2c7cb97bd80b390e798ddecba724,5.439875272461005,4096,lz4-fast,lz4,fast,,1,ok,,3,3,100,40.96,0.9755859375,97.55859375,0.1953125,0.0,0.0026143110007978976,0.0025216850044671446,1.5667608018900143,1.6243107258614653,0.0020100000000002893,0.0019619999999997972,352256.0,true,true,becbfcd343a3e7092acedb4df5b5d4dc3906089415a415d264baaa1bc0299a55,043059f7687705dc0fcb16d7e05b8050129e2c7cb97bd80b390e798ddecba724,,,,,,,,,,,,,,,,,,,,"[""'<tmp>/mathzip-toolpkgs.cQThTC/extracted/usr/bin/lz4' -q -d -f '<work>/archive.lz4' '<work>/restored.bin'"",""'<tmp>/mathzip-toolpkgs.cQThTC/extracted/usr/bin/lz4' -q -f -1 '<repo>/datasets/synthetic/multi_periodic/s0000004096_n000p000_seed1297748005.bin' '<work>/archive.lz4'""]","{""family"":""multi_periodic"",""noise_density"":0.0,""seed"":1297748005,""size_requested"":4096}"
mathzip-benchmark-results-v1,20260724T134555Z-8b4c06c2,quick,synthetic,datasets/synthetic/multi_periodic/s0000004096_n000p000_seed1297748005.bin,s0000004096_n000p000_seed1297748005.bin,CC0-1.0,python/mathzip_bench/synthetic.py and datasets/synthetic/manifest.json,datasets/synthetic/manifest.json,c7188cafa911c31e5d80193ab1dae1d468dfe9e6deafecb9be709a46aae23de1,true,043059f7687705dc0fcb16d7e05b8050129e2c7cb97bd80b390e798ddecba724,5.439875272461005,4096,brotli-fast,brotli,fast,,1,ok,,3,3,87,47.08045977011494,0.978759765625,97.8759765625,0.169921875,0.0,0.0038636329991277307,0.0033854290086310357,1.0601420996571695,1.2098909738049115,0.003068000000000737,0.0027529999999993393,348160.0,true,true,d0057a8fb807381dd01cca2d1b0b87c8ad9583df423d956e75dacdc2afb89e94,043059f7687705dc0fcb16d7e05b8050129e2c7cb97bd80b390e798ddecba724,,,,,,,,,,,,,,,,,,,,"[""'<tmp>/mathzip-toolpkgs.cQThTC/extracted/usr/bin/brotli' -f -d -o '<work>/restored.bin' '<work>/archive.br'"",""'<tmp>/mathzip-toolpkgs.cQThTC/extracted/usr/bin/brotli' -f -q 4 -o '<work>/archive.br' '<repo>/datasets/synthetic/multi_periodic/s0000004096_n000p000_seed1297748005.bin'""]","{""family"":""multi_periodic"",""noise_density"":0.0,""seed"":1297748005,""size_requested"":4096}"
mathzip-benchmark-results-v1,20260724T134555Z-8b4c06c2,quick,synthetic,datasets/synthetic/multi_periodic/s0000004096_n000p000_seed1297748005.bin,s0000004096_n000p000_seed1297748005.bin,CC0-1.0,python/mathzip_bench/synthetic.py and datasets/synthetic/manifest.json,datasets/synthetic/manifest.json,c7188cafa911c31e5d80193ab1dae1d468dfe9e6deafecb9be709a46aae23de1,true,043059f7687705dc0fcb16d7e05b8050129e2c7cb97bd80b390e798ddecba724,5.439875272461005,4096,7z-fast,7z,fast,,1,ok,,3,3,280,14.628571428571428,0.931640625,93.1640625,0.546875,0.0,0.008778168994467705,0.006323902009171434,0.4666121149617233,0.6477013707770376,0.008096999999999355,0.005763000000000851,503808.0,true,true,7659c423d1cf09c0234a0b9d5440396eeb5289fdc59588b1f6faa7fb34d892fb,043059f7687705dc0fcb16d7e05b8050129e2c7cb97bd80b390e798ddecba724,,,,,,,,,,,,,,,,,,,,"[""'<tmp>/mathzip-toolpkgs.cQThTC/extracted/usr/lib/7zip/7z' a -y -bd -bso0 -bsp0 -t7z -m0=lzma2 -mx=1 -mmt=1 '<work>/archive.7z' '<repo>/datasets/synthetic/multi_periodic/s0000004096_n000p000_seed1297748005.bin'"",""'<tmp>/mathzip-toolpkgs.cQThTC/extracted/usr/lib/7zip/7z' e -so -bd -mmt=1 '<work>/archive.7z'""]","{""family"":""multi_periodic"",""noise_density"":0.0,""seed"":1297748005,""size_requested"":4096}"
mathzip-benchmark-results-v1,20260724T134555Z-8b4c06c2,quick,synthetic,datasets/synthetic/periodic/s0000004096_n000p000_seed1297748005.bin,s0000004096_n000p000_seed1297748005.bin,CC0-1.0,python/mathzip_bench/synthetic.py and datasets/synthetic/manifest.json,datasets/synthetic/manifest.json,c7188cafa911c31e5d80193ab1dae1d468dfe9e6deafecb9be709a46aae23de1,true,8915369e240a7c1e4e01beaa91ef99ca933311ed3ec5dc26147876e63bfcce31,2.8073546641885185,4096,mathzip-fast,mathzip,fast,,1,ok,,3,3,165,24.824242424242424,0.959716796875,95.9716796875,0.322265625,0.0,0.005869129003258422,0.0037634119944414124,0.6978889027189525,1.0883740621674753,0.005278999999999812,0.003023000000000664,425984.0,true,true,8bbe1431d7706b4f0b8a785ec7420ede55c71954d01a1e8f8a74f6ac466678c9,8915369e240a7c1e4e01beaa91ef99ca933311ed3ec5dc26147876e63bfcce31,"[{""type"":""identity""}]",1,4096.0,4096.0,"{""periodic"":1}","{""sparse"":1}",8,36,1,120,0.0,0.0,0.0,1,1,1,0.000240105,0.000101633,0.002010219,"[""'<repo>/target/release/mathzip' compress --mode fast --max-input-bytes 8589934592 --no-sync --force '<repo>/datasets/synthetic/periodic/s0000004096_n000p000_seed1297748005.bin' '<work>/archive.mz'"",""'<repo>/target/release/mathzip' compress --mode fast --max-input-bytes 8589934592 --no-sync --force --metrics-output '<work>/metrics-probe.mz.metrics.json' '<repo>/datasets/synthetic/periodic/s0000004096_n000p000_seed1297748005.bin' '<work>/metrics-probe.mz'"",""'<repo>/target/release/mathzip' decompress --max-archive-bytes 17179869184 --max-output-bytes 8589934592 --max-segments 8388608 --no-sync --force '<work>/archive.mz' '<work>/restored.bin'""]","{""family"":""periodic"",""noise_density"":0.0,""seed"":1297748005,""size_requested"":4096}"
mathzip-benchmark-results-v1,20260724T134555Z-8b4c06c2,quick,synthetic,datasets/synthetic/periodic/s0000004096_n000p000_seed1297748005.bin,s0000004096_n000p000_seed1297748005.bin,CC0-1.0,python/mathzip_bench/synthetic.py and datasets/synthetic/manifest.json,datasets/synthetic/manifest.json,c7188cafa911c31e5d80193ab1dae1d468dfe9e6deafecb9be709a46aae23de1,true,8915369e240a7c1e4e01beaa91ef99ca933311ed3ec5dc26147876e63bfcce31,2.8073546641885185,4096,raw,raw,default,,1,ok,,3,3,4096,1.0,0.0,0.0,8.0,0.0,0.00023038798826746643,0.00019015399448107928,17.778704657313963,21.540436272074004,0.00023443200000006215,0.00019340199999984264,,true,true,8915369e240a7c1e4e01beaa91ef99ca933311ed3ec5dc26147876e63bfcce31,8915369e240a7c1e4e01beaa91ef99ca933311ed3ec5dc26147876e63bfcce31,,,,,,,,,,,,,,,,,,,,"[""stdlib:shutil.copyfile""]","{""family"":""periodic"",""noise_density"":0.0,""seed"":1297748005,""size_requested"":4096}"
mathzip-benchmark-results-v1,20260724T134555Z-8b4c06c2,quick,synthetic,datasets/synthetic/periodic/s0000004096_n000p000_seed1297748005.bin,s0000004096_n000p000_seed1297748005.bin,CC0-1.0,python/mathzip_bench/synthetic.py and datasets/synthetic/manifest.json,datasets/synthetic/manifest.json,c7188cafa911c31e5d80193ab1dae1d468dfe9e6deafecb9be709a46aae23de1,true,8915369e240a7c1e4e01beaa91ef99ca933311ed3ec5dc26147876e63bfcce31,2.8073546641885185,4096,gzip-fast,gzip,fast,,1,ok,,3,3,69,59.36231884057971,0.983154296875,98.3154296875,0.134765625,0.0,0.002419626005575992,0.00262916499923449,1.692823597762972,1.5579090704435037,0.0018719999999996517,0.001860000000000639,348160.0,true,true,7037c8ff6643108af0aba71879ef4e7885c9125eb849dfafe77be6e8bb2c73cd,8915369e240a7c1e4e01beaa91ef99ca933311ed3ec5dc26147876e63bfcce31,,,,,,,,,,,,,,,,,,,,"[""'<external>/gzip' -d -c '<work>/archive.gz'"",""'<external>/gzip' -n -c -1 '<repo>/datasets/synthetic/periodic/s0000004096_n000p000_seed1297748005.bin'""]","{""family"":""periodic"",""noise_density"":0.0,""seed"":1297748005,""size_requested"":4096}"
mathzip-benchmark-results-v1,20260724T134555Z-8b4c06c2,quick,synthetic,datasets/synthetic/periodic/s0000004096_n000p000_seed1297748005.bin,s0000004096_n000p000_seed1297748005.bin,CC0-1.0,python/mathzip_bench/synthetic.py and datasets/synthetic/manifest.json,datasets/synthetic/manifest.json,c7188cafa911c31e5d80193ab1dae1d468dfe9e6deafecb9be709a46aae23de1,true,8915369e240a7c1e4e01beaa91ef99ca933311ed3ec5dc26147876e63bfcce31,2.8073546641885185,4096,bzip2-fast,bzip2,fast,,1,ok,,3,3,57,71.85964912280701,0.986083984375,98.6083984375,0.111328125,0.0,0.0030778009968344122,0.002689934990485199,1.330820285071331,1.5227133795011087,0.002435000000000187,0.0021249999999994884,344064.0,true,true,585e65af35454d106275242e8cbc7c6775decb4088e97238476d1072662057a9,8915369e240a7c1e4e01beaa91ef99ca933311ed3ec5dc26147876e63bfcce31,,,,,,,,,,,,,,,,,,,,"[""'<external>/bzip2' -c -1"",""'<external>/bzip2' -d -c '<work>/archive.bz2'""]","{""family"":""periodic"",""noise_density"":0.0,""seed"":1297748005,""size_requested"":4096}"
mathzip-benchmark-results-v1,20260724T134555Z-8b4c06c2,quick,synthetic,datasets/synthetic/periodic/s0000004096_n000p000_seed1297748005.bin,s0000004096_n000p000_seed1297748005.bin,CC0-1.0,python/mathzip_bench/synthetic.py and datasets/synthetic/manifest.json,datasets/synthetic/manifest.json,c7188cafa911c31e5d80193ab1dae1d468dfe9e6deafecb9be709a46aae23de1,true,8915369e240a7c1e4e01beaa91ef99ca933311ed3ec5dc26147876e63bfcce31,2.8073546641885185,4096,xz-fast,xz,fast,,1,ok,,3,3,100,40.96,0.9755859375,97.55859375,0.1953125,0.0,0.0038428060070145875,0.003836531992419623,1.0658877894234673,1.067630872906324,0.002426999999999069,0.002235000000000653,352256.0,true,true,896e0ab32f16429371224cadc44b59c0c6b516c92292d2e0b388ee61b88f66a4,8915369e240a7c1e4e01beaa91ef99ca933311ed3ec5dc26147876e63bfcce31,,,,,,,,,,,,,,,,,,,,"[""'<external>/xz' -c --threads=1 -1 '<repo>/datasets/synthetic/periodic/s0000004096_n000p000_seed1297748005.bin'"",""'<external>/xz' -d -c --threads=1 '<work>/archive.xz'""]","{""family"":""periodic"",""noise_density"":0.0,""seed"":1297748005,""size_requested"":4096}"
mathzip-benchmark-results-v1,20260724T134555Z-8b4c06c2,quick,synthetic,datasets/synthetic/periodic/s0000004096_n000p000_seed1297748005.bin,s0000004096_n000p000_seed1297748005.bin,CC0-1.0,python/mathzip_bench/synthetic.py and datasets/synthetic/manifest.json,datasets/synthetic/manifest.json,c7188cafa911c31e5d80193ab1dae1d468dfe9e6deafecb9be709a46aae23de1,true,8915369e240a7c1e4e01beaa91ef99ca933311ed3ec5dc26147876e63bfcce31,2.8073546641885185,4096,zstd-fast,zstd,fast,,1,ok,,3,3,28,146.28571428571428,0.9931640625,99.31640625,0.0546875,0.0,0.005068258993560448,0.0038732899993192405,0.8081670658907197,1.0574989222908437,0.004561000000000703,0.003465999999999525,335872.0,true,true,da780b1d07e6d25090e81cd8f1f0c6c0232eb30c1fde93c4a7b0472c331dd842,8915369e240a7c1e4e01beaa91ef99ca933311ed3ec5dc26147876e63bfcce31,,,,,,,,,,,,,,,,,,,,"[""'<external>/zstd' -q -d -c '<work>/archive.zst'"",""'<external>/zstd' -q -f -T1 -1 -c '<repo>/datasets/synthetic/periodic/s0000004096_n000p000_seed1297748005.bin'""]","{""family"":""periodic"",""noise_density"":0.0,""seed"":1297748005,""size_requested"":4096}"
mathzip-benchmark-results-v1,20260724T134555Z-8b4c06c2,quick,synthetic,datasets/synthetic/periodic/s0000004096_n000p000_seed1297748005.bin,s0000004096_n000p000_seed1297748005.bin,CC0-1.0,python/mathzip_bench/synthetic.py and datasets/synthetic/manifest.json,datasets/synthetic/manifest.json,c7188cafa911c31e5d80193ab1dae1d468dfe9e6deafecb9be709a46aae23de1,true,8915369e240a7c1e4e01beaa91ef99ca933311ed3ec5dc26147876e63bfcce31,2.8073546641885185,4096,lz4-fast,lz4,fast,,1,ok,,3,3,51,80.31372549019608,0.987548828125,98.7548828125,0.099609375,0.0,0.0025677890080260113,0.002764108998235315,1.595146636735859,1.4818518381927057,0.0020060000000006184,0.0020769999999998845,339968.0,true,true,e467c7e8dcb1bff73846528bfc35e60b71b5ab42846683c9a5b3253320364cda,8915369e240a7c1e4e01beaa91ef99ca933311ed3ec5dc26147876e63bfcce31,,,,,,,,,,,,,,,,,,,,"[""'<tmp>/mathzip-toolpkgs.cQThTC/extracted/usr/bin/lz4' -q -d -f '<work>/archive.lz4' '<work>/restored.bin'"",""'<tmp>/mathzip-toolpkgs.cQThTC/extracted/usr/bin/lz4' -q -f -1 '<repo>/datasets/synthetic/periodic/s0000004096_n000p000_seed1297748005.bin' '<work>/archive.lz4'""]","{""family"":""periodic"",""noise_density"":0.0,""seed"":1297748005,""size_requested"":4096}"
mathzip-benchmark-results-v1,20260724T134555Z-8b4c06c2,quick,synthetic,datasets/synthetic/periodic/s0000004096_n000p000_seed1297748005.bin,s0000004096_n000p000_seed1297748005.bin,CC0-1.0,python/mathzip_bench/synthetic.py and datasets/synthetic/manifest.json,datasets/synthetic/manifest.json,c7188cafa911c31e5d80193ab1dae1d468dfe9e6deafecb9be709a46aae23de1,true,8915369e240a7c1e4e01beaa91ef99ca933311ed3ec5dc26147876e63bfcce31,2.8073546641885185,4096,brotli-fast,brotli,fast,,1,ok,,3,3,20,204.8,0.9951171875,99.51171875,0.0390625,0.0,0.0034351759968558326,0.0031889210076769814,1.1923697661339652,1.2844469932429572,0.002857999999999805,0.0025729999999999364,348160.0,true,true,025d3fa30e41e9fbd9dea2db4f8345102018fd28bd00c4cd42098f8accd06020,8915369e240a7c1e4e01beaa91ef99ca933311ed3ec5dc26147876e63bfcce31,,,,,,,,,,,,,,,,,,,,"[""'<tmp>/mathzip-toolpkgs.cQThTC/extracted/usr/bin/brotli' -f -d -o '<work>/restored.bin' '<work>/archive.br'"",""'<tmp>/mathzip-toolpkgs.cQThTC/extracted/usr/bin/brotli' -f -q 4 -o '<work>/archive.br' '<repo>/datasets/synthetic/periodic/s0000004096_n000p000_seed1297748005.bin'""]","{""family"":""periodic"",""noise_density"":0.0,""seed"":1297748005,""size_requested"":4096}"
mathzip-benchmark-results-v1,20260724T134555Z-8b4c06c2,quick,synthetic,datasets/synthetic/periodic/s0000004096_n000p000_seed1297748005.bin,s0000004096_n000p000_seed1297748005.bin,CC0-1.0,python/mathzip_bench/synthetic.py and datasets/synthetic/manifest.json,datasets/synthetic/manifest.json,c7188cafa911c31e5d80193ab1dae1d468dfe9e6deafecb9be709a46aae23de1,true,8915369e240a7c1e4e01beaa91ef99ca933311ed3ec5dc26147876e63bfcce31,2.8073546641885185,4096,7z-fast,7z,fast,,1,ok,,3,3,227,18.044052863436125,0.944580078125,94.4580078125,0.443359375,0.0,0.008851589998812415,0.006353427001158707,0.46274172217076764,0.6446914396361194,0.008150000000000546,0.005798000000000414,401408.0,true,true,723933e087487058e25e2175e648e9c8741c3d9988efd2c234c002a80e9fd262,8915369e240a7c1e4e01beaa91ef99ca933311ed3ec5dc26147876e63bfcce31,,,,,,,,,,,,,,,,,,,,"[""'<tmp>/mathzip-toolpkgs.cQThTC/extracted/usr/lib/7zip/7z' a -y -bd -bso0 -bsp0 -t7z -m0=lzma2 -mx=1 -mmt=1 '<work>/archive.7z' '<repo>/datasets/synthetic/periodic/s0000004096_n000p000_seed1297748005.bin'"",""'<tmp>/mathzip-toolpkgs.cQThTC/extracted/usr/lib/7zip/7z' e -so -bd -mmt=1 '<work>/archive.7z'""]","{""family"":""periodic"",""noise_density"":0.0,""seed"":1297748005,""size_requested"":4096}"
mathzip-benchmark-results-v1,20260724T134555Z-8b4c06c2,quick,synthetic,datasets/synthetic/periodic/s0000004096_n005p000_seed1297748005.bin,s0000004096_n005p000_seed1297748005.bin,CC0-1.0,python/mathzip_bench/synthetic.py and datasets/synthetic/manifest.json,datasets/synthetic/manifest.json,c7188cafa911c31e5d80193ab1dae1d468dfe9e6deafecb9be709a46aae23de1,true,e2567917572929030362d6cbc216ef78565e29067bdc1676914bee20725cefc8,3.2975967729040656,4096,mathzip-fast,mathzip,fast,,1,ok,,3,3,1686,2.4294187425860025,0.58837890625,58.837890625,3.29296875,0.0,0.0057989710039692,0.003825555002549663,0.7063322091447648,1.070694316842939,0.005240999999999829,0.0032160000000001077,425984.0,true,true,13790c33b20608531ba23f996a065d995bb0f39e6cb9001544196bd1e36e8aca,e2567917572929030362d6cbc216ef78565e29067bdc1676914bee20725cefc8,"[{""type"":""identity""}]",1,4096.0,4096.0,"{""periodic"":1}","{""sparse"":1}",8,36,1522,120,0.0,0.0,1.1927574792013107,1522,1,0,0.000253066,0.000101944,0.001837831,"[""'<repo>/target/release/mathzip' compress --mode fast --max-input-bytes 8589934592 --no-sync --force '<repo>/datasets/synthetic/periodic/s0000004096_n005p000_seed1297748005.bin' '<work>/archive.mz'"",""'<repo>/target/release/mathzip' compress --mode fast --max-input-bytes 8589934592 --no-sync --force --metrics-output '<work>/metrics-probe.mz.metrics.json' '<repo>/datasets/synthetic/periodic/s0000004096_n005p000_seed1297748005.bin' '<work>/metrics-probe.mz'"",""'<repo>/target/release/mathzip' decompress --max-archive-bytes 17179869184 --max-output-bytes 8589934592 --max-segments 8388608 --no-sync --force '<work>/archive.mz' '<work>/restored.bin'""]","{""family"":""periodic"",""noise_density"":0.05,""seed"":1297748005,""size_requested"":4096}"
mathzip-benchmark-results-v1,20260724T134555Z-8b4c06c2,quick,synthetic,datasets/synthetic/periodic/s0000004096_n005p000_seed1297748005.bin,s0000004096_n005p000_seed1297748005.bin,CC0-1.0,python/mathzip_bench/synthetic.py and datasets/synthetic/manifest.json,datasets/synthetic/manifest.json,c7188cafa911c31e5d80193ab1dae1d468dfe9e6deafecb9be709a46aae23de1,true,e2567917572929030362d6cbc216ef78565e29067bdc1676914bee20725cefc8,3.2975967729040656,4096,raw,raw,default,,1,ok,,3,3,4096,1.0,0.0,0.0,8.0,0.0,0.00023403100203722715,0.000188304009498097,17.50195471687316,21.752059400739387,0.00023817499999978509,0.0001916499999996546,,true,true,e2567917572929030362d6cbc216ef78565e29067bdc1676914bee20725cefc8,e2567917572929030362d6cbc216ef78565e29067bdc1676914bee20725cefc8,,,,,,,,,,,,,,,,,,,,"[""stdlib:shutil.copyfile""]","{""family"":""periodic"",""noise_density"":0.05,""seed"":1297748005,""size_requested"":4096}"
mathzip-benchmark-results-v1,20260724T134555Z-8b4c06c2,quick,synthetic,datasets/synthetic/periodic/s0000004096_n005p000_seed1297748005.bin,s0000004096_n005p000_seed1297748005.bin,CC0-1.0,python/mathzip_bench/synthetic.py and datasets/synthetic/manifest.json,datasets/synthetic/manifest.json,c7188cafa911c31e5d80193ab1dae1d468dfe9e6deafecb9be709a46aae23de1,true,e2567917572929030362d6cbc216ef78565e29067bdc1676914bee20725cefc8,3.2975967729040656,4096,gzip-fast,gzip,fast,,1,ok,,3,3,846,4.84160756501182,0.79345703125,79.345703125,1.65234375,0.0,0.0026290719979442656,0.002354810989345424,1.5579641802136877,1.7394177360869973,0.002050999999999803,0.001836000000000837,348160.0,true,true,577e499306c2534e21f37e90eb923db0f6717633523ed8184c59999c795f10fd,e2567917572929030362d6cbc216ef78565e29067bdc1676914bee20725cefc8,,,,,,,,,,,,,,,,,,,,"[""'<external>/gzip' -d -c '<work>/archive.gz'"",""'<external>/gzip' -n -c -1 '<repo>/datasets/synthetic/periodic/s0000004096_n005p000_seed1297748005.bin'""]","{""family"":""periodic"",""noise_density"":0.05,""seed"":1297748005,""size_requested"":4096}"
mathzip-benchmark-results-v1,20260724T134555Z-8b4c06c2,quick,synthetic,datasets/synthetic/periodic/s0000004096_n005p000_seed1297748005.bin,s0000004096_n005p000_seed1297748005.bin,CC0-1.0,python/mathzip_bench/synthetic.py and datasets/synthetic/manifest.json,datasets/synthetic/manifest.json,c7188cafa911c31e5d80193ab1dae1d468dfe9e6deafecb9be709a46aae23de1,true,e2567917572929030362d6cbc216ef78565e29067bdc1676914bee20725cefc8,3.2975967729040656,4096,bzip2-fast,bzip2,fast,,1,ok,,3,3,761,5.382391590013141,0.814208984375,81.4208984375,1.486328125,0.0,0.003336059002322145,0.0025962049985537305,1.2277960303306625,1.5776874331117,0.0028169999999994033,0.0020730000000011017,339968.0,true,true,24f6a66dae04f1fabf8213d1d3a6b625c635122b8624d295055bc728bf88b458,e2567917572929030362d6cbc216ef78565e29067bdc1676914bee20725cefc8,,,,,,,,,,,,,,,,,,,,"[""'<external>/bzip2' -c -1"",""'<external>/bzip2' -d -c '<work>/archive.bz2'""]","{""family"":""periodic"",""noise_density"":0.05,""seed"":1297748005,""size_requested"":4096}"
mathzip-benchmark-results-v1,20260724T134555Z-8b4c06c2,quick,synthetic,datasets/synthetic/periodic/s0000004096_n005p000_seed1297748005.bin,s0000004096_n005p000_seed1297748005.bin,CC0-1.0,python/mathzip_bench/synthetic.py and datasets/synthetic/manifest.json,datasets/synthetic/manifest.json,c7188cafa911c31e5d80193ab1dae1d468dfe9e6deafecb9be709a46aae23de1,true,e2567917572929030362d6cbc216ef78565e29067bdc1676914bee20725cefc8,3.2975967729040656,4096,xz-fast,xz,fast,,1,ok,,3,3,628,6.522292993630574,0.8466796875,84.66796875,1.2265625,0.0,0.007549521993496455,0.003767910005990416,0.5425509063393025,1.0870747957058342,0.0064669999999997785,0.0023290000000004696,364544.0,true,true,3577b5ab4852370ebcefb8e623a756f6d63ecc7a60304e8873dbd76952921857,e2567917572929030362d6cbc216ef78565e29067bdc1676914bee20725cefc8,,,,,,,,,,,,,,,,,,,,"[""'<external>/xz' -c --threads=1 -1 '<repo>/datasets/synthetic/periodic/s0000004096_n005p000_seed1297748005.bin'"",""'<external>/xz' -d -c --threads=1 '<work>/archive.xz'""]","{""family"":""periodic"",""noise_density"":0.05,""seed"":1297748005,""size_requested"":4096}"
mathzip-benchmark-results-v1,20260724T134555Z-8b4c06c2,quick,synthetic,datasets/synthetic/periodic/s0000004096_n005p000_seed1297748005.bin,s0000004096_n005p000_seed1297748005.bin,CC0-1.0,python/mathzip_bench/synthetic.py and datasets/synthetic/manifest.json,datasets/synthetic/manifest.json,c7188cafa911c31e5d80193ab1dae1d468dfe9e6deafecb9be709a46aae23de1,true,e2567917572929030362d6cbc216ef78565e29067bdc1676914bee20725cefc8,3.2975967729040656,4096,zstd-fast,zstd,fast,,1,ok,,3,3,708,5.785310734463277,0.8271484375,82.71484375,1.3828125,0.0,0.005966836994048208,0.0041839339974103495,0.6864608508805707,0.9789829386733212,0.0035279999999993095,0.0036050000000003024,864256.0,true,true,d5221ada332075ddbbda3e7ffb4adddaabd9dbba56f38f3fa5c556519c4de6cc,e2567917572929030362d6cbc216ef78565e29067bdc1676914bee20725cefc8,,,,,,,,,,,,,,,,,,,,"[""'<external>/zstd' -q -d -c '<work>/archive.zst'"",""'<external>/zstd' -q -f -T1 -1 -c '<repo>/datasets/synthetic/periodic/s0000004096_n005p000_seed1297748005.bin'""]","{""family"":""periodic"",""noise_density"":0.05,""seed"":1297748005,""size_requested"":4096}"
mathzip-benchmark-results-v1,20260724T134555Z-8b4c06c2,quick,synthetic,datasets/synthetic/periodic/s0000004096_n005p000_seed1297748005.bin,s0000004096_n005p000_seed1297748005.bin,CC0-1.0,python/mathzip_bench/synthetic.py and datasets/synthetic/manifest.json,datasets/synthetic/manifest.json,c7188cafa911c31e5d80193ab1dae1d468dfe9e6deafecb9be709a46aae23de1,true,e2567917572929030362d6cbc216ef78565e29067bdc1676914bee20725cefc8,3.2975967729040656,4096,lz4-fast,lz4,fast,,1,ok,,3,3,1227,3.3382233088834554,0.700439453125,70.0439453125,2.396484375,0.0,0.0025401040038559586,0.003028676990652457,1.6125323978003032,1.3524056915417757,0.0018910000000005311,0.0018639999999994217,673792.0,true,true,40fb44a1b33b539432bde338a134b7fa0586ee63eb49d14e6fdede67d74625f4,e2567917572929030362d6cbc216ef78565e29067bdc1676914bee20725cefc8,,,,,,,,,,,,,,,,,,,,"[""'<tmp>/mathzip-toolpkgs.cQThTC/extracted/usr/bin/lz4' -q -d -f '<work>/archive.lz4' '<work>/restored.bin'"",""'<tmp>/mathzip-toolpkgs.cQThTC/extracted/usr/bin/lz4' -q -f -1 '<repo>/datasets/synthetic/periodic/s0000004096_n005p000_seed1297748005.bin' '<work>/archive.lz4'""]","{""family"":""periodic"",""noise_density"":0.05,""seed"":1297748005,""size_requested"":4096}"
mathzip-benchmark-results-v1,20260724T134555Z-8b4c06c2,quick,synthetic,datasets/synthetic/periodic/s0000004096_n005p000_seed1297748005.bin,s0000004096_n005p000_seed1297748005.bin,CC0-1.0,python/mathzip_bench/synthetic.py and datasets/synthetic/manifest.json,datasets/synthetic/manifest.json,c7188cafa911c31e5d80193ab1dae1d468dfe9e6deafecb9be709a46aae23de1,true,e2567917572929030362d6cbc216ef78565e29067bdc1676914bee20725cefc8,3.2975967729040656,4096,brotli-fast,brotli,fast,,1,ok,,3,3,671,6.104321907600596,0.836181640625,83.6181640625,1.310546875,0.0,0.004466856000362895,0.003122291003819555,0.9169760564628081,1.3118572211844728,0.003766000000000602,0.0025700000000004053,356352.0,true,true,4784128c118272d8ecdbada58d503945967b519cc0d189123fc434dd1967eae9,e2567917572929030362d6cbc216ef78565e29067bdc1676914bee20725cefc8,,,,,,,,,,,,,,,,,,,,"[""'<tmp>/mathzip-toolpkgs.cQThTC/extracted/usr/bin/brotli' -f -d -o '<work>/restored.bin' '<work>/archive.br'"",""'<tmp>/mathzip-toolpkgs.cQThTC/extracted/usr/bin/brotli' -f -q 4 -o '<work>/archive.br' '<repo>/datasets/synthetic/periodic/s0000004096_n005p000_seed1297748005.bin'""]","{""family"":""periodic"",""noise_density"":0.05,""seed"":1297748005,""size_requested"":4096}"
mathzip-benchmark-results-v1,20260724T134555Z-8b4c06c2,quick,synthetic,datasets/synthetic/periodic/s0000004096_n005p000_seed1297748005.bin,s0000004096_n005p000_seed1297748005.bin,CC0-1.0,python/mathzip_bench/synthetic.py and datasets/synthetic/manifest.json,datasets/synthetic/manifest.json,c7188cafa911c31e5d80193ab1dae1d468dfe9e6deafecb9be709a46aae23de1,true,e2567917572929030362d6cbc216ef78565e29067bdc1676914bee20725cefc8,3.2975967729040656,4096,7z-fast,7z,fast,,1,ok,,3,3,759,5.396574440052701,0.814697265625,81.4697265625,1.482421875,0.0,0.009296172996982932,0.006918316998053342,0.440611421638706,0.5920515063349253,0.008479000000000347,0.006318000000000268,401408.0,true,true,839c3181b78e045e2025da8ef872ef90fede639fc957072ddd84db41ee879c3c,e2567917572929030362d6cbc216ef78565e29067bdc1676914bee20725cefc8,,,,,,,,,,,,,,,,,,,,"[""'<tmp>/mathzip-toolpkgs.cQThTC/extracted/usr/lib/7zip/7z' a -y -bd -bso0 -bsp0 -t7z -m0=lzma2 -mx=1 -mmt=1 '<work>/archive.7z' '<repo>/datasets/synthetic/periodic/s0000004096_n005p000_seed1297748005.bin'"",""'<tmp>/mathzip-toolpkgs.cQThTC/extracted/usr/lib/7zip/7z' e -so -bd -mmt=1 '<work>/archive.7z'""]","{""family"":""periodic"",""noise_density"":0.05,""seed"":1297748005,""size_requested"":4096}"
mathzip-benchmark-results-v1,20260724T134555Z-8b4c06c2,quick,synthetic,datasets/synthetic/piecewise_mixed/s0000004096_n000p000_seed1297748005.bin,s0000004096_n000p000_seed1297748005.bin,CC0-1.0,python/mathzip_bench/synthetic.py and datasets/synthetic/manifest.json,datasets/synthetic/manifest.json,c7188cafa911c31e5d80193ab1dae1d468dfe9e6deafecb9be709a46aae23de1,true,d457c5766accb381882199def16f9ea00d16b8d49f10183a0b3d0f20f6dccd46,6.871983942080938,4096,mathzip-fast,mathzip,fast,,1,ok,,3,3,2910,1.4075601374570448,0.28955078125,28.955078125,5.68359375,0.0,0.006247619996429421,0.003747009002836421,0.6556096565317522,1.0931385531498319,0.00558300000000056,0.003121999999999403,430080.0,true,true,e7c8e54ac67003b5270176a719631290d65497a346b8b028b772cb3c16245c04,d457c5766accb381882199def16f9ea00d16b8d49f10183a0b3d0f20f6dccd46,"[{""type"":""delta""}]",1,4096.0,4096.0,"{""recurrence"":1}","{""zero_run"":1}",5,36,2749,120,0.0,0.0,4.896147114253734,2749,1,0,0.000275709,0.00010957,0.001929108,"[""'<repo>/target/release/mathzip' compress --mode fast --max-input-bytes 8589934592 --no-sync --force '<repo>/datasets/synthetic/piecewise_mixed/s0000004096_n000p000_seed1297748005.bin' '<work>/archive.mz'"",""'<repo>/target/release/mathzip' compress --mode fast --max-input-bytes 8589934592 --no-sync --force --metrics-output '<work>/metrics-probe.mz.metrics.json' '<repo>/datasets/synthetic/piecewise_mixed/s0000004096_n000p000_seed1297748005.bin' '<work>/metrics-probe.mz'"",""'<repo>/target/release/mathzip' decompress --max-archive-bytes 17179869184 --max-output-bytes 8589934592 --max-segments 8388608 --no-sync --force '<work>/archive.mz' '<work>/restored.bin'""]","{""family"":""piecewise_mixed"",""noise_density"":0.0,""seed"":1297748005,""size_requested"":4096}"
mathzip-benchmark-results-v1,20260724T134555Z-8b4c06c2,quick,synthetic,datasets/synthetic/piecewise_mixed/s0000004096_n000p000_seed1297748005.bin,s0000004096_n000p000_seed1297748005.bin,CC0-1.0,python/mathzip_bench/synthetic.py and datasets/synthetic/manifest.json,datasets/synthetic/manifest.json,c7188cafa911c31e5d80193ab1dae1d468dfe9e6deafecb9be709a46aae23de1,true,d457c5766accb381882199def16f9ea00d16b8d49f10183a0b3d0f20f6dccd46,6.871983942080938,4096,raw,raw,default,,1,ok,,3,3,4096,1.0,0.0,0.0,8.0,0.0,0.00020649601356126368,0.00018083899340126663,19.835734014229722,22.649982301722492,0.00021028499999964367,0.00018408599999997222,,true,true,d457c5766accb381882199def16f9ea00d16b8d49f10183a0b3d0f20f6dccd46,d457c5766accb381882199def16f9ea00d16b8d49f10183a0b3d0f20f6dccd46,,,,,,,,,,,,,,,,,,,,"[""stdlib:shutil.copyfile""]","{""family"":""piecewise_mixed"",""noise_density"":0.0,""seed"":1297748005,""size_requested"":4096}"
mathzip-benchmark-results-v1,20260724T134555Z-8b4c06c2,quick,synthetic,datasets/synthetic/piecewise_mixed/s0000004096_n000p000_seed1297748005.bin,s0000004096_n000p000_seed1297748005.bin,CC0-1.0,python/mathzip_bench/synthetic.py and datasets/synthetic/manifest.json,datasets/synthetic/manifest.json,c7188cafa911c31e5d80193ab1dae1d468dfe9e6deafecb9be709a46aae23de1,true,d457c5766accb381882199def16f9ea00d16b8d49f10183a0b3d0f20f6dccd46,6.871983942080938,4096,gzip-fast,gzip,fast,,1,ok,,3,3,1737,2.3580886586067935,0.575927734375,57.5927734375,3.392578125,0.0,0.002616505997139029,0.0025880850007524714,1.5654464405885926,1.5826373549590182,0.0020119999999996807,0.0019559999999998468,348160.0,true,true,beb5f0f65148cb79c156d6fb8bb44de1ab719cf6c56045bba44527d381b344cb,d457c5766accb381882199def16f9ea00d16b8d49f10183a0b3d0f20f6dccd46,,,,,,,,,,,,,,,,,,,,"[""'<external>/gzip' -d -c '<work>/archive.gz'"",""'<external>/gzip' -n -c -1 '<repo>/datasets/synthetic/piecewise_mixed/s0000004096_n000p000_seed1297748005.bin'""]","{""family"":""piecewise_mixed"",""noise_density"":0.0,""seed"":1297748005,""size_requested"":4096}"
mathzip-benchmark-results-v1,20260724T134555Z-8b4c06c2,quick,synthetic,datasets/synthetic/piecewise_mixed/s0000004096_n000p000_seed1297748005.bin,s0000004096_n000p000_seed1297748005.bin,CC0-1.0,python/mathzip_bench/synthetic.py and datasets/synthetic/manifest.json,datasets/synthetic/manifest.json,c7188cafa911c31e5d80193ab1dae1d468dfe9e6deafecb9be709a46aae23de1,true,d457c5766accb381882199def16f9ea00d16b8d49f10183a0b3d0f20f6dccd46,6.871983942080938,4096,bzip2-fast,bzip2,fast,,1,ok,,3,3,2459,1.6657177714518097,0.399658203125,39.9658203125,4.802734375,0.0,0.004017463012132794,0.002806939010042697,1.0195489012916916,1.4592408261616252,0.0034320000000001016,0.0022479999999998057,344064.0,true,true,ae3c86d323485a27ea0fb512006866ec8d6387c5d3ed9d6849e167c8169a375c,d457c5766accb381882199def16f9ea00d16b8d49f10183a0b3d0f20f6dccd46,,,,,,,,,,,,,,,,,,,,"[""'<external>/bzip2' -c -1"",""'<external>/bzip2' -d -c '<work>/archive.bz2'""]","{""family"":""piecewise_mixed"",""noise_density"":0.0,""seed"":1297748005,""size_requested"":4096}"
mathzip-benchmark-results-v1,20260724T134555Z-8b4c06c2,quick,synthetic,datasets/synthetic/piecewise_mixed/s0000004096_n000p000_seed1297748005.bin,s0000004096_n000p000_seed1297748005.bin,CC0-1.0,python/mathzip_bench/synthetic.py and datasets/synthetic/manifest.json,datasets/synthetic/manifest.json,c7188cafa911c31e5d80193ab1dae1d468dfe9e6deafecb9be709a46aae23de1,true,d457c5766accb381882199def16f9ea00d16b8d49f10183a0b3d0f20f6dccd46,6.871983942080938,4096,xz-fast,xz,fast,,1,ok,,3,3,1708,2.398126463700234,0.5830078125,58.30078125,3.3359375,0.0,0.009051946995896287,0.003758938008104451,0.4524993354310324,1.089669473444049,0.008096000000000103,0.0024049999999995464,356352.0,true,true,fc7886222ee730c279e88bcc14b469cc37b705e02511c94f749d3fc259474baa,d457c5766accb381882199def16f9ea00d16b8d49f10183a0b3d0f20f6dccd46,,,,,,,,,,,,,,,,,,,,"[""'<external>/xz' -c --threads=1 -1 '<repo>/datasets/synthetic/piecewise_mixed/s0000004096_n000p000_seed1297748005.bin'"",""'<external>/xz' -d -c --threads=1 '<work>/archive.xz'""]","{""family"":""piecewise_mixed"",""noise_density"":0.0,""seed"":1297748005,""size_requested"":4096}"
mathzip-benchmark-results-v1,20260724T134555Z-8b4c06c2,quick,synthetic,datasets/synthetic/piecewise_mixed/s0000004096_n000p000_seed1297748005.bin,s0000004096_n000p000_seed1297748005.bin,CC0-1.0,python/mathzip_bench/synthetic.py and datasets/synthetic/manifest.json,datasets/synthetic/manifest.json,c7188cafa911c31e5d80193ab1dae1d468dfe9e6deafecb9be709a46aae23de1,true,d457c5766accb381882199def16f9ea00d16b8d49f10183a0b3d0f20f6dccd46,6.871983942080938,4096,zstd-fast,zstd,fast,,1,ok,,3,3,1656,2.473429951690821,0.595703125,59.5703125,3.234375,0.0,0.004359946993645281,0.004062926003825851,0.9394609627066592,1.008140437739453,0.003884000000001109,0.003657999999999717,364544.0,true,true,bf1fc8baddb96c1064e1019361356ef5445737fe5cbe87f9d51f97f95883ec17,d457c5766accb381882199def16f9ea00d16b8d49f10183a0b3d0f20f6dccd46,,,,,,,,,,,,,,,,,,,,"[""'<external>/zstd' -q -d -c '<work>/archive.zst'"",""'<external>/zstd' -q -f -T1 -1 -c '<repo>/datasets/synthetic/piecewise_mixed/s0000004096_n000p000_seed1297748005.bin'""]","{""family"":""piecewise_mixed"",""noise_density"":0.0,""seed"":1297748005,""size_requested"":4096}"
mathzip-benchmark-results-v1,20260724T134555Z-8b4c06c2,quick,synthetic,datasets/synthetic/piecewise_mixed/s0000004096_n000p000_seed1297748005.bin,s0000004096_n000p000_seed1297748005.bin,CC0-1.0,python/mathzip_bench/synthetic.py and datasets/synthetic/manifest.json,datasets/synthetic/manifest.json,c7188cafa911c31e5d80193ab1dae1d468dfe9e6deafecb9be709a46aae23de1,true,d457c5766accb381882199def16f9ea00d16b8d49f10183a0b3d0f20f6dccd46,6.871983942080938,4096,lz4-fast,lz4,fast,,1,ok,,3,3,1684,2.4323040380047507,0.5888671875,58.88671875,3.2890625,0.0,0.0025950510025722906,0.002442683995468542,1.578389016608893,1.6768439993050874,0.0019939999999998292,0.0018820000000001613,348160.0,true,true,984c20e3bd6f60e3c2f1f882fb3a0d34b91d3e57136c3b62d647c3878ffc0f0f,d457c5766accb381882199def16f9ea00d16b8d49f10183a0b3d0f20f6dccd46,,,,,,,,,,,,,,,,,,,,"[""'<tmp>/mathzip-toolpkgs.cQThTC/extracted/usr/bin/lz4' -q -d -f '<work>/archive.lz4' '<work>/restored.bin'"",""'<tmp>/mathzip-toolpkgs.cQThTC/extracted/usr/bin/lz4' -q -f -1 '<repo>/datasets/synthetic/piecewise_mixed/s0000004096_n000p000_seed1297748005.bin' '<work>/archive.lz4'""]","{""family"":""piecewise_mixed"",""noise_density"":0.0,""seed"":1297748005,""size_requested"":4096}"
mathzip-benchmark-results-v1,20260724T134555Z-8b4c06c2,quick,synthetic,datasets/synthetic/piecewise_mixed/s0000004096_n000p000_seed1297748005.bin,s0000004096_n000p000_seed1297748005.bin,CC0-1.0,python/mathzip_bench/synthetic.py and datasets/synthetic/manifest.json,datasets/synthetic/manifest.json,c7188cafa911c31e5d80193ab1dae1d468dfe9e6deafecb9be709a46aae23de1,true,d457c5766accb381882199def16f9ea00d16b8d49f10183a0b3d0f20f6dccd46,6.871983942080938,4096,brotli-fast,brotli,fast,,1,ok,,3,3,2060,1.9883495145631067,0.4970703125,49.70703125,4.0234375,0.0,0.004767531005199999,0.003415925006265752,0.8591449107583039,1.199089556265668,0.004077999999998916,0.0027620000000005973,352256.0,true,true,b01a32ea4f27ab3767e21aa416c12b5c183e5f21cee755f15c16d9ad37700ba2,d457c5766accb381882199def16f9ea00d16b8d49f10183a0b3d0f20f6dccd46,,,,,,,,,,,,,,,,,,,,"[""'<tmp>/mathzip-toolpkgs.cQThTC/extracted/usr/bin/brotli' -f -d -o '<work>/restored.bin' '<work>/archive.br'"",""'<tmp>/mathzip-toolpkgs.cQThTC/extracted/usr/bin/brotli' -f -q 4 -o '<work>/archive.br' '<repo>/datasets/synthetic/piecewise_mixed/s0000004096_n000p000_seed1297748005.bin'""]","{""family"":""piecewise_mixed"",""noise_density"":0.0,""seed"":1297748005,""size_requested"":4096}"
mathzip-benchmark-results-v1,20260724T134555Z-8b4c06c2,quick,synthetic,datasets/synthetic/piecewise_mixed/s0000004096_n000p000_seed1297748005.bin,s0000004096_n000p000_seed1297748005.bin,CC0-1.0,python/mathzip_bench/synthetic.py and datasets/synthetic/manifest.json,datasets/synthetic/manifest.json,c7188cafa911c31e5d80193ab1dae1d468dfe9e6deafecb9be709a46aae23de1,true,d457c5766accb381882199def16f9ea00d16b8d49f10183a0b3d0f20f6dccd46,6.871983942080938,4096,7z-fast,7z,fast,,1,ok,,3,3,1837,2.2297223734349485,0.551513671875,55.1513671875,3.587890625,0.0,0.009132191000389867,0.006883201000164263,0.4485232514108756,0.5950719730401962,0.008412000000000752,0.006093000000000792,397312.0,true,true,023682bcc9db84ef9a2f2cecca0f7c3998b812de61c9c2c50388cb0f3db541e5,d457c5766accb381882199def16f9ea00d16b8d49f10183a0b3d0f20f6dccd46,,,,,,,,,,,,,,,,,,,,"[""'<tmp>/mathzip-toolpkgs.cQThTC/extracted/usr/lib/7zip/7z' a -y -bd -bso0 -bsp0 -t7z -m0=lzma2 -mx=1 -mmt=1 '<work>/archive.7z' '<repo>/datasets/synthetic/piecewise_mixed/s0000004096_n000p000_seed1297748005.bin'"",""'<tmp>/mathzip-toolpkgs.cQThTC/extracted/usr/lib/7zip/7z' e -so -bd -mmt=1 '<work>/archive.7z'""]","{""family"":""piecewise_mixed"",""noise_density"":0.0,""seed"":1297748005,""size_requested"":4096}"
mathzip-benchmark-results-v1,20260724T134555Z-8b4c06c2,quick,synthetic,datasets/synthetic/polynomial_d2/s0000004096_n000p000_seed1297748005.bin,s0000004096_n000p000_seed1297748005.bin,CC0-1.0,python/mathzip_bench/synthetic.py and datasets/synthetic/manifest.json,datasets/synthetic/manifest.json,c7188cafa911c31e5d80193ab1dae1d468dfe9e6deafecb9be709a46aae23de1,true,5147e2303423a94c08035d3f27e8cea82037b0b129980dbe1ccbfbc9c20c7fa7,7.0,4096,mathzip-fast,mathzip,fast,,1,ok,,3,3,163,25.12883435582822,0.960205078125,96.0205078125,0.318359375,0.0,0.0059656460070982575,0.004297844992834143,0.6865978965440375,0.9530357671878157,0.005276999999999532,0.0034469999999995338,589824.0,true,true,813b9744be73c3409637b360ddf545cfccf26146aed2519acc28fcd753302ec1,5147e2303423a94c08035d3f27e8cea82037b0b129980dbe1ccbfbc9c20c7fa7,"[{""type"":""delta""}]",1,4096.0,4096.0,"{""affine"":1}","{""rle"":1}",2,36,5,120,0.0,0.0,0.0032818649698048933,5,1,1,0.00026078,0.000104479,0.00185013,"[""'<repo>/target/release/mathzip' compress --mode fast --max-input-bytes 8589934592 --no-sync --force '<repo>/datasets/synthetic/polynomial_d2/s0000004096_n000p000_seed1297748005.bin' '<work>/archive.mz'"",""'<repo>/target/release/mathzip' compress --mode fast --max-input-bytes 8589934592 --no-sync --force --metrics-output '<work>/metrics-probe.mz.metrics.json' '<repo>/datasets/synthetic/polynomial_d2/s0000004096_n000p000_seed1297748005.bin' '<work>/metrics-probe.mz'"",""'<repo>/target/release/mathzip' decompress --max-archive-bytes 17179869184 --max-output-bytes 8589934592 --max-segments 8388608 --no-sync --force '<work>/archive.mz' '<work>/restored.bin'""]","{""family"":""polynomial_d2"",""noise_density"":0.0,""seed"":1297748005,""size_requested"":4096}"
mathzip-benchmark-results-v1,20260724T134555Z-8b4c06c2,quick,synthetic,datasets/synthetic/polynomial_d2/s0000004096_n000p000_seed1297748005.bin,s0000004096_n000p000_seed1297748005.bin,CC0-1.0,python/mathzip_bench/synthetic.py and datasets/synthetic/manifest.json,datasets/synthetic/manifest.json,c7188cafa911c31e5d80193ab1dae1d468dfe9e6deafecb9be709a46aae23de1,true,5147e2303423a94c08035d3f27e8cea82037b0b129980dbe1ccbfbc9c20c7fa7,7.0,4096,raw,raw,default,,1,ok,,3,3,4096,1.0,0.0,0.0,8.0,0.0,0.0002116899995598942,0.00018637199536897242,19.349048176652786,21.9775508218973,0.00021557399999938553,0.00018953600000060078,,true,true,5147e2303423a94c08035d3f27e8cea82037b0b129980dbe1ccbfbc9c20c7fa7,5147e2303423a94c08035d3f27e8cea82037b0b129980dbe1ccbfbc9c20c7fa7,,,,,,,,,,,,,,,,,,,,"[""stdlib:shutil.copyfile""]","{""family"":""polynomial_d2"",""noise_density"":0.0,""seed"":1297748005,""size_requested"":4096}"
mathzip-benchmark-results-v1,20260724T134555Z-8b4c06c2,quick,synthetic,datasets/synthetic/polynomial_d2/s0000004096_n000p000_seed1297748005.bin,s0000004096_n000p000_seed1297748005.bin,CC0-1.0,python/mathzip_bench/synthetic.py and datasets/synthetic/manifest.json,datasets/synthetic/manifest.json,c7188cafa911c31e5d80193ab1dae1d468dfe9e6deafecb9be709a46aae23de1,true,5147e2303423a94c08035d3f27e8cea82037b0b129980dbe1ccbfbc9c20c7fa7,7.0,4096,gzip-fast,gzip,fast,,1,ok,,3,3,333,12.3003003003003,0.918701171875,91.8701171875,0.650390625,0.0,0.0025249099999200553,0.0022890649997862056,1.6222360401478426,1.7893768854892975,0.0019460000000002253,0.0017699999999996052,348160.0,true,true,d4121b1121304497e960d0c75d80ae603a2f31e0eef01d09fa275430fa54f73e,5147e2303423a94c08035d3f27e8cea82037b0b129980dbe1ccbfbc9c20c7fa7,,,,,,,,,,,,,,,,,,,,"[""'<external>/gzip' -d -c '<work>/archive.gz'"",""'<external>/gzip' -n -c -1 '<repo>/datasets/synthetic/polynomial_d2/s0000004096_n000p000_seed1297748005.bin'""]","{""family"":""polynomial_d2"",""noise_density"":0.0,""seed"":1297748005,""size_requested"":4096}"
mathzip-benchmark-results-v1,20260724T134555Z-8b4c06c2,quick,synthetic,datasets/synthetic/polynomial_d2/s0000004096_n000p000_seed1297748005.bin,s0000004096_n000p000_seed1297748005.bin,CC0-1.0,python/mathzip_bench/synthetic.py and datasets/synthetic/manifest.json,datasets/synthetic/manifest.json,c7188cafa911c31e5d80193ab1dae1d468dfe9e6deafecb9be709a46aae23de1,true,5147e2303423a94c08035d3f27e8cea82037b0b129980dbe1ccbfbc9c20c7fa7,7.0,4096,bzip2-fast,bzip2,fast,,1,ok,,3,3,555,7.38018018018018,0.864501953125,86.4501953125,1.083984375,0.0,0.0032312769908457994,0.002584372996352613,1.2676103013155353,1.5849105395315544,0.002565999999999846,0.0020290000000002806,348160.0,true,true,d5d0c25178cecf36da17242538db02718cf11deadd1b29b92d281da8a70f7ef6,5147e2303423a94c08035d3f27e8cea82037b0b129980dbe1ccbfbc9c20c7fa7,,,,,,,,,,,,,,,,,,,,"[""'<external>/bzip2' -c -1"",""'<external>/bzip2' -d -c '<work>/archive.bz2'""]","{""family"":""polynomial_d2"",""noise_density"":0.0,""seed"":1297748005,""size_requested"":4096}"
mathzip-benchmark-results-v1,20260724T134555Z-8b4c06c2,quick,synthetic,datasets/synthetic/polynomial_d2/s0000004096_n000p000_seed1297748005.bin,s0000004096_n000p000_seed1297748005.bin,CC0-1.0,python/mathzip_bench/synthetic.py and datasets/synthetic/manifest.json,datasets/synthetic/manifest.json,c7188cafa911c31e5d80193ab1dae1d468dfe9e6deafecb9be709a46aae23de1,true,5147e2303423a94c08035d3f27e8cea82037b0b129980dbe1ccbfbc9c20c7fa7,7.0,4096,xz-fast,xz,fast,,1,ok,,3,3,360,11.377777777777778,0.912109375,91.2109375,0.703125,0.0,0.005932977990596555,0.003817919990979135,0.6903784248807151,1.0728354731576104,0.004666999999999533,0.0022609999999989583,364544.0,true,true,d46f22c54842e337ffc6fcaf59bc9e7e749fae8696c425792ad06b54d9e47992,5147e2303423a94c08035d3f27e8cea82037b0b129980dbe1ccbfbc9c20c7fa7,,,,,,,,,,,,,,,,,,,,"[""'<external>/xz' -c --threads=1 -1 '<repo>/datasets/synthetic/polynomial_d2/s0000004096_n000p000_seed1297748005.bin'"",""'<external>/xz' -d -c --threads=1 '<work>/archive.xz'""]","{""family"":""polynomial_d2"",""noise_density"":0.0,""seed"":1297748005,""size_requested"":4096}"
mathzip-benchmark-results-v1,20260724T134555Z-8b4c06c2,quick,synthetic,datasets/synthetic/polynomial_d2/s0000004096_n000p000_seed1297748005.bin,s0000004096_n000p000_seed1297748005.bin,CC0-1.0,python/mathzip_bench/synthetic.py and datasets/synthetic/manifest.json,datasets/synthetic/manifest.json,c7188cafa911c31e5d80193ab1dae1d468dfe9e6deafecb9be709a46aae23de1,true,5147e2303423a94c08035d3f27e8cea82037b0b129980dbe1ccbfbc9c20c7fa7,7.0,4096,zstd-fast,zstd,fast,,1,ok,,3,3,280,14.628571428571428,0.931640625,93.1640625,0.546875,0.0,0.004584174006595276,0.0038722440076526254,0.8935088402200837,1.057784579666253,0.004078999999999944,0.003478000000000314,344064.0,true,true,3aca3cc2dfccccc51523678c3e77e7487a4b4751b11849d9336a39e0e04fe76f,5147e2303423a94c08035d3f27e8cea82037b0b129980dbe1ccbfbc9c20c7fa7,,,,,,,,,,,,,,,,,,,,"[""'<external>/zstd' -q -d -c '<work>/archive.zst'"",""'<external>/zstd' -q -f -T1 -1 -c '<repo>/datasets/synthetic/polynomial_d2/s0000004096_n000p000_seed1297748005.bin'""]","{""family"":""polynomial_d2"",""noise_density"":0.0,""seed"":1297748005,""size_requested"":4096}"
mathzip-benchmark-results-v1,20260724T134555Z-8b4c06c2,quick,synthetic,datasets/synthetic/polynomial_d2/s0000004096_n000p000_seed1297748005.bin,s0000004096_n000p000_seed1297748005.bin,CC0-1.0,python/mathzip_bench/synthetic.py and datasets/synthetic/manifest.json,datasets/synthetic/manifest.json,c7188cafa911c31e5d80193ab1dae1d468dfe9e6deafecb9be709a46aae23de1,true,5147e2303423a94c08035d3f27e8cea82037b0b129980dbe1ccbfbc9c20c7fa7,7.0,4096,lz4-fast,lz4,fast,,1,ok,,3,3,300,13.653333333333334,0.9267578125,92.67578125,0.5859375,0.0,0.002459337003529072,0.002472142004990019,1.6654895177531048,1.6568627496851813,0.001898999999999873,0.0018500000000001293,466944.0,true,true,f31699393a97bb88c08086e457791ce6342caf1ecd61bd63dacb94d42dbc9314,5147e2303423a94c08035d3f27e8cea82037b0b129980dbe1ccbfbc9c20c7fa7,,,,,,,,,,,,,,,,,,,,"[""'<tmp>/mathzip-toolpkgs.cQThTC/extracted/usr/bin/lz4' -q -d -f '<work>/archive.lz4' '<work>/restored.bin'"",""'<tmp>/mathzip-toolpkgs.cQThTC/extracted/usr/bin/lz4' -q -f -1 '<repo>/datasets/synthetic/polynomial_d2/s0000004096_n000p000_seed1297748005.bin' '<work>/archive.lz4'""]","{""family"":""polynomial_d2"",""noise_density"":0.0,""seed"":1297748005,""size_requested"":4096}"
mathzip-benchmark-results-v1,20260724T134555Z-8b4c06c2,quick,synthetic,datasets/synthetic/polynomial_d2/s0000004096_n000p000_seed1297748005.bin,s0000004096_n000p000_seed1297748005.bin,CC0-1.0,python/mathzip_bench/synthetic.py and datasets/synthetic/manifest.json,datasets/synthetic/manifest.json,c7188cafa911c31e5d80193ab1dae1d468dfe9e6deafecb9be709a46aae23de1,true,5147e2303423a94c08035d3f27e8cea82037b0b129980dbe1ccbfbc9c20c7fa7,7.0,4096,brotli-fast,brotli,fast,,1,ok,,3,3,280,14.628571428571428,0.931640625,93.1640625,0.546875,0.0,0.004163138990406878,0.00310323599842377,0.9838729884921962,1.3199125049079365,0.003465999999999525,0.002484000000000819,364544.0,true,true,de6fb60f0eae35cc1744d4fe2556f33fdffaf6f7a189d42c5e6dfedef57e945f,5147e2303423a94c08035d3f27e8cea82037b0b129980dbe1ccbfbc9c20c7fa7,,,,,,,,,,,,,,,,,,,,"[""'<tmp>/mathzip-toolpkgs.cQThTC/extracted/usr/bin/brotli' -f -d -o '<work>/restored.bin' '<work>/archive.br'"",""'<tmp>/mathzip-toolpkgs.cQThTC/extracted/usr/bin/brotli' -f -q 4 -o '<work>/archive.br' '<repo>/datasets/synthetic/polynomial_d2/s0000004096_n000p000_seed1297748005.bin'""]","{""family"":""polynomial_d2"",""noise_density"":0.0,""seed"":1297748005,""size_requested"":4096}"
mathzip-benchmark-results-v1,20260724T134555Z-8b4c06c2,quick,synthetic,datasets/synthetic/polynomial_d2/s0000004096_n000p000_seed1297748005.bin,s0000004096_n000p000_seed1297748005.bin,CC0-1.0,python/mathzip_bench/synthetic.py and datasets/synthetic/manifest.json,datasets/synthetic/manifest.json,c7188cafa911c31e5d80193ab1dae1d468dfe9e6deafecb9be709a46aae23de1,true,5147e2303423a94c08035d3f27e8cea82037b0b129980dbe1ccbfbc9c20c7fa7,7.0,4096,7z-fast,7z,fast,,1,ok,,3,3,488,8.39344262295082,0.880859375,88.0859375,0.953125,0.0,0.008987521010567434,0.006777475995477289,0.45574302359727065,0.6043547779045358,0.00819100000000006,0.006116999999999706,569344.0,true,true,d4b958ab62769666139950e66190ba434225e58f12943f63eab6cc8c899da108,5147e2303423a94c08035d3f27e8cea82037b0b129980dbe1ccbfbc9c20c7fa7,,,,,,,,,,,,,,,,,,,,"[""'<tmp>/mathzip-toolpkgs.cQThTC/extracted/usr/lib/7zip/7z' a -y -bd -bso0 -bsp0 -t7z -m0=lzma2 -mx=1 -mmt=1 '<work>/archive.7z' '<repo>/datasets/synthetic/polynomial_d2/s0000004096_n000p000_seed1297748005.bin'"",""'<tmp>/mathzip-toolpkgs.cQThTC/extracted/usr/lib/7zip/7z' e -so -bd -mmt=1 '<work>/archive.7z'""]","{""family"":""polynomial_d2"",""noise_density"":0.0,""seed"":1297748005,""size_requested"":4096}"
mathzip-benchmark-results-v1,20260724T134555Z-8b4c06c2,quick,synthetic,datasets/synthetic/random/s0000004096_n000p000_seed1297748005.bin,s0000004096_n000p000_seed1297748005.bin,CC0-1.0,python/mathzip_bench/synthetic.py and datasets/synthetic/manifest.json,datasets/synthetic/manifest.json,c7188cafa911c31e5d80193ab1dae1d468dfe9e6deafecb9be709a46aae23de1,true,6c6b8fcb18143838e2a9c45cf658f7874a5ae3c8bc2696011804cccac322c168,7.958224938904445,4096,mathzip-fast,mathzip,fast,,1,ok,,3,3,4252,0.9633113828786454,-0.0380859375,-3.80859375,8.3046875,3.80859375,0.006128688997705467,0.0036449379986152053,0.668332167211211,1.123750253517663,0.005311999999999983,0.0030540000000005563,430080.0,true,true,ca9fc2da647a8ed4b6f71c8f1cff840a72cb866c21a4516fc0e3fa5338afbe91,6c6b8fcb18143838e2a9c45cf658f7874a5ae3c8bc2696011804cccac322c168,"[{""type"":""identity""}]",1,4096.0,4096.0,"{""raw"":1}","{""raw"":1}",0,36,4096,120,100.0,100.0,7.9582249389044275,4096,0,0,0.00031202,9.9845e-05,0.001848619,"[""'<repo>/target/release/mathzip' compress --mode fast --max-input-bytes 8589934592 --no-sync --force '<repo>/datasets/synthetic/random/s0000004096_n000p000_seed1297748005.bin' '<work>/archive.mz'"",""'<repo>/target/release/mathzip' compress --mode fast --max-input-bytes 8589934592 --no-sync --force --metrics-output '<work>/metrics-probe.mz.metrics.json' '<repo>/datasets/synthetic/random/s0000004096_n000p000_seed1297748005.bin' '<work>/metrics-probe.mz'"",""'<repo>/target/release/mathzip' decompress --max-archive-bytes 17179869184 --max-output-bytes 8589934592 --max-segments 8388608 --no-sync --force '<work>/archive.mz' '<work>/restored.bin'""]","{""family"":""random"",""noise_density"":0.0,""seed"":1297748005,""size_requested"":4096}"
mathzip-benchmark-results-v1,20260724T134555Z-8b4c06c2,quick,synthetic,datasets/synthetic/random/s0000004096_n000p000_seed1297748005.bin,s0000004096_n000p000_seed1297748005.bin,CC0-1.0,python/mathzip_bench/synthetic.py and datasets/synthetic/manifest.json,datasets/synthetic/manifest.json,c7188cafa911c31e5d80193ab1dae1d468dfe9e6deafecb9be709a46aae23de1,true,6c6b8fcb18143838e2a9c45cf658f7874a5ae3c8bc2696011804cccac322c168,7.958224938904445,4096,raw,raw,default,,1,ok,,3,3,4096,1.0,0.0,0.0,8.0,0.0,0.00021618099708575755,0.0001893110020319,18.947086262050796,21.636354760352493,0.00022018599999995558,0.00019571999999978829,,true,true,6c6b8fcb18143838e2a9c45cf658f7874a5ae3c8bc2696011804cccac322c168,6c6b8fcb18143838e2a9c45cf658f7874a5ae3c8bc2696011804cccac322c168,,,,,,,,,,,,,,,,,,,,"[""stdlib:shutil.copyfile""]","{""family"":""random"",""noise_density"":0.0,""seed"":1297748005,""size_requested"":4096}"
mathzip-benchmark-results-v1,20260724T134555Z-8b4c06c2,quick,synthetic,datasets/synthetic/random/s0000004096_n000p000_seed1297748005.bin,s0000004096_n000p000_seed1297748005.bin,CC0-1.0,python/mathzip_bench/synthetic.py and datasets/synthetic/manifest.json,datasets/synthetic/manifest.json,c7188cafa911c31e5d80193ab1dae1d468dfe9e6deafecb9be709a46aae23de1,true,6c6b8fcb18143838e2a9c45cf658f7874a5ae3c8bc2696011804cccac322c168,7.958224938904445,4096,gzip-fast,gzip,fast,,1,ok,,3,3,4119,0.9944161204175771,-0.005615234375,-0.5615234375,8.044921875,0.5615234375,0.002958451004815288,0.0023089980095392093,1.3845083096976065,1.7739296366121209,0.002107000000000525,0.0017160000000000508,344064.0,true,true,faf03408df21b90178bf795de2a44d64fae22259c4e77a2220cb2128a799c3e6,6c6b8fcb18143838e2a9c45cf658f7874a5ae3c8bc2696011804cccac322c168,,,,,,,,,,,,,,,,,,,,"[""'<external>/gzip' -d -c '<work>/archive.gz'"",""'<external>/gzip' -n -c -1 '<repo>/datasets/synthetic/random/s0000004096_n000p000_seed1297748005.bin'""]","{""family"":""random"",""noise_density"":0.0,""seed"":1297748005,""size_requested"":4096}"
mathzip-benchmark-results-v1,20260724T134555Z-8b4c06c2,quick,synthetic,datasets/synthetic/random/s0000004096_n000p000_seed1297748005.bin,s0000004096_n000p000_seed1297748005.bin,CC0-1.0,python/mathzip_bench/synthetic.py and datasets/synthetic/manifest.json,datasets/synthetic/manifest.json,c7188cafa911c31e5d80193ab1dae1d468dfe9e6deafecb9be709a46aae23de1,true,6c6b8fcb18143838e2a9c45cf658f7874a5ae3c8bc2696011804cccac322c168,7.958224938904445,4096,bzip2-fast,bzip2,fast,,1,ok,,3,3,4587,0.8929583605842598,-0.119873046875,-11.9873046875,8.958984375,11.9873046875,0.004273133992683142,0.002903004002291709,0.9585470539921173,1.4109522400818282,0.0036650000000006955,0.002357999999999194,356352.0,true,true,bff23c2dd19f5a101b6788962aa79d4b066d90e395222003975d27a171af92d8,6c6b8fcb18143838e2a9c45cf658f7874a5ae3c8bc2696011804cccac322c168,,,,,,,,,,,,,,,,,,,,"[""'<external>/bzip2' -c -1"",""'<external>/bzip2' -d -c '<work>/archive.bz2'""]","{""family"":""random"",""noise_density"":0.0,""seed"":1297748005,""size_requested"":4096}"
mathzip-benchmark-results-v1,20260724T134555Z-8b4c06c2,quick,synthetic,datasets/synthetic/random/s0000004096_n000p000_seed1297748005.bin,s0000004096_n000p000_seed1297748005.bin,CC0-1.0,python/mathzip_bench/synthetic.py and datasets/synthetic/manifest.json,datasets/synthetic/manifest.json,c7188cafa911c31e5d80193ab1dae1d468dfe9e6deafecb9be709a46aae23de1,true,6c6b8fcb18143838e2a9c45cf658f7874a5ae3c8bc2696011804cccac322c168,7.958224938904445,4096,xz-fast,xz,fast,,1,ok,,3,3,4156,0.9855630413859481,-0.0146484375,-1.46484375,8.1171875,1.46484375,0.009714851999888197,0.0036189660022500902,0.4216224807178883,1.131814998387195,0.008726999999998597,0.002143000000000228,368640.0,true,true,32ebc8f9f90cf905ddc53304cc595787f30170c6ee5af779c2d90845682956b4,6c6b8fcb18143838e2a9c45cf658f7874a5ae3c8bc2696011804cccac322c168,,,,,,,,,,,,,,,,,,,,"[""'<external>/xz' -c --threads=1 -1 '<repo>/datasets/synthetic/random/s0000004096_n000p000_seed1297748005.bin'"",""'<external>/xz' -d -c --threads=1 '<work>/archive.xz'""]","{""family"":""random"",""noise_density"":0.0,""seed"":1297748005,""size_requested"":4096}"
mathzip-benchmark-results-v1,20260724T134555Z-8b4c06c2,quick,synthetic,datasets/synthetic/random/s0000004096_n000p000_seed1297748005.bin,s0000004096_n000p000_seed1297748005.bin,CC0-1.0,python/mathzip_bench/synthetic.py and datasets/synthetic/manifest.json,datasets/synthetic/manifest.json,c7188cafa911c31e5d80193ab1dae1d468dfe9e6deafecb9be709a46aae23de1,true,6c6b8fcb18143838e2a9c45cf658f7874a5ae3c8bc2696011804cccac322c168,7.958224938904445,4096,zstd-fast,zstd,fast,,1,ok,,3,3,4110,0.9965936739659368,-0.00341796875,-0.341796875,8.02734375,0.341796875,0.004177875001914799,0.00401603699719999,0.9804027162427611,1.0199109228465177,0.0036839999999997985,0.003416999999998893,380928.0,true,true,0d69b6d867d759fb2469cf56ce2a97077f66de5ae02eea59d3ffa387376b5b90,6c6b8fcb18143838e2a9c45cf658f7874a5ae3c8bc2696011804cccac322c168,,,,,,,,,,,,,,,,,,,,"[""'<external>/zstd' -q -d -c '<work>/archive.zst'"",""'<external>/zstd' -q -f -T1 -1 -c '<repo>/datasets/synthetic/random/s0000004096_n000p000_seed1297748005.bin'""]","{""family"":""random"",""noise_density"":0.0,""seed"":1297748005,""size_requested"":4096}"
mathzip-benchmark-results-v1,20260724T134555Z-8b4c06c2,quick,synthetic,datasets/synthetic/random/s0000004096_n000p000_seed1297748005.bin,s0000004096_n000p000_seed1297748005.bin,CC0-1.0,python/mathzip_bench/synthetic.py and datasets/synthetic/manifest.json,datasets/synthetic/manifest.json,c7188cafa911c31e5d80193ab1dae1d468dfe9e6deafecb9be709a46aae23de1,true,6c6b8fcb18143838e2a9c45cf658f7874a5ae3c8bc2696011804cccac322c168,7.958224938904445,4096,lz4-fast,lz4,fast,,1,ok,,3,3,4115,0.9953827460510328,-0.004638671875,-0.4638671875,8.037109375,0.4638671875,0.002679978992091492,0.0025380279985256493,1.5283701895004131,1.6138513847677736,0.0020400000000000418,0.0019090000000003826,462848.0,true,true,42b671c8dd888e05fef7338e93f9f63542c5c3987ee805f14bcee6764979f475,6c6b8fcb18143838e2a9c45cf658f7874a5ae3c8bc2696011804cccac322c168,,,,,,,,,,,,,,,,,,,,"[""'<tmp>/mathzip-toolpkgs.cQThTC/extracted/usr/bin/lz4' -q -d -f '<work>/archive.lz4' '<work>/restored.bin'"",""'<tmp>/mathzip-toolpkgs.cQThTC/extracted/usr/bin/lz4' -q -f -1 '<repo>/datasets/synthetic/random/s0000004096_n000p000_seed1297748005.bin' '<work>/archive.lz4'""]","{""family"":""random"",""noise_density"":0.0,""seed"":1297748005,""size_requested"":4096}"
mathzip-benchmark-results-v1,20260724T134555Z-8b4c06c2,quick,synthetic,datasets/synthetic/random/s0000004096_n000p000_seed1297748005.bin,s0000004096_n000p000_seed1297748005.bin,CC0-1.0,python/mathzip_bench/synthetic.py and datasets/synthetic/manifest.json,datasets/synthetic/manifest.json,c7188cafa911c31e5d80193ab1dae1d468dfe9e6deafecb9be709a46aae23de1,true,6c6b8fcb18143838e2a9c45cf658f7874a5ae3c8bc2696011804cccac322c168,7.958224938904445,4096,brotli-fast,brotli,fast,,1,ok,,3,3,4101,0.9987807851743478,-0.001220703125,-0.1220703125,8.009765625,0.1220703125,0.004316866004955955,0.0035398519976297393,0.9488364927930607,1.1571105240396078,0.003704999999999181,0.0027540000000003673,352256.0,true,true,52c3b4599c50e2152c7815c5d815644c0f4d2fb750b2d706a465e0aa8b335fbd,6c6b8fcb18143838e2a9c45cf658f7874a5ae3c8bc2696011804cccac322c168,,,,,,,,,,,,,,,,,,,,"[""'<tmp>/mathzip-toolpkgs.cQThTC/extracted/usr/bin/brotli' -f -d -o '<work>/restored.bin' '<work>/archive.br'"",""'<tmp>/mathzip-toolpkgs.cQThTC/extracted/usr/bin/brotli' -f -q 4 -o '<work>/archive.br' '<repo>/datasets/synthetic/random/s0000004096_n000p000_seed1297748005.bin'""]","{""family"":""random"",""noise_density"":0.0,""seed"":1297748005,""size_requested"":4096}"
mathzip-benchmark-results-v1,20260724T134555Z-8b4c06c2,quick,synthetic,datasets/synthetic/random/s0000004096_n000p000_seed1297748005.bin,s0000004096_n000p000_seed1297748005.bin,CC0-1.0,python/mathzip_bench/synthetic.py and datasets/synthetic/manifest.json,datasets/synthetic/manifest.json,c7188cafa911c31e5d80193ab1dae1d468dfe9e6deafecb9be709a46aae23de1,true,6c6b8fcb18143838e2a9c45cf658f7874a5ae3c8bc2696011804cccac322c168,7.958224938904445,4096,7z-fast,7z,fast,,1,ok,,3,3,4286,0.9556696220251983,-0.04638671875,-4.638671875,8.37109375,4.638671875,0.00954022900259588,0.007513645992730744,0.4293397987496407,0.5451414671336356,0.008915000000000006,0.005570999999998882,1609728.0,true,true,7f6d85b4b98203240c64a5249cfec84b8b972e0e9f7bebbd3da568a2065df359,6c6b8fcb18143838e2a9c45cf658f7874a5ae3c8bc2696011804cccac322c168,,,,,,,,,,,,,,,,,,,,"[""'<tmp>/mathzip-toolpkgs.cQThTC/extracted/usr/lib/7zip/7z' a -y -bd -bso0 -bsp0 -t7z -m0=lzma2 -mx=1 -mmt=1 '<work>/archive.7z' '<repo>/datasets/synthetic/random/s0000004096_n000p000_seed1297748005.bin'"",""'<tmp>/mathzip-toolpkgs.cQThTC/extracted/usr/lib/7zip/7z' e -so -bd -mmt=1 '<work>/archive.7z'""]","{""family"":""random"",""noise_density"":0.0,""seed"":1297748005,""size_requested"":4096}"
mathzip-benchmark-results-v1,20260724T134555Z-8b4c06c2,quick,synthetic,datasets/synthetic/recurrence/s0000004096_n000p000_seed1297748005.bin,s0000004096_n000p000_seed1297748005.bin,CC0-1.0,python/mathzip_bench/synthetic.py and datasets/synthetic/manifest.json,datasets/synthetic/manifest.json,c7188cafa911c31e5d80193ab1dae1d468dfe9e6deafecb9be709a46aae23de1,true,e421cc48c94607e9e57e7c690c6859b350dd420e29673666ab3618bdc630d283,7.125283106106212,4096,mathzip-fast,mathzip,fast,,1,ok,,3,3,162,25.28395061728395,0.96044921875,96.044921875,0.31640625,0.0,0.00626751700474415,0.0037653680046787485,0.6535283425477049,1.0878086802964322,0.005454000000000292,0.0031560000000006028,425984.0,true,true,1670c572debb9929c6418f39022dc1adeffb0c22e4f684d1e2b7af409de7b852,e421cc48c94607e9e57e7c690c6859b350dd420e29673666ab3618bdc630d283,"[{""type"":""identity""}]",1,4096.0,4096.0,"{""recurrence"":1}","{""sparse"":1}",5,36,1,120,0.0,0.0,0.0,1,1,1,0.000233038,0.000100244,0.001811653,"[""'<repo>/target/release/mathzip' compress --mode fast --max-input-bytes 8589934592 --no-sync --force '<repo>/datasets/synthetic/recurrence/s0000004096_n000p000_seed1297748005.bin' '<work>/archive.mz'"",""'<repo>/target/release/mathzip' compress --mode fast --max-input-bytes 8589934592 --no-sync --force --metrics-output '<work>/metrics-probe.mz.metrics.json' '<repo>/datasets/synthetic/recurrence/s0000004096_n000p000_seed1297748005.bin' '<work>/metrics-probe.mz'"",""'<repo>/target/release/mathzip' decompress --max-archive-bytes 17179869184 --max-output-bytes 8589934592 --max-segments 8388608 --no-sync --force '<work>/archive.mz' '<work>/restored.bin'""]","{""family"":""recurrence"",""noise_density"":0.0,""seed"":1297748005,""size_requested"":4096}"
mathzip-benchmark-results-v1,20260724T134555Z-8b4c06c2,quick,synthetic,datasets/synthetic/recurrence/s0000004096_n000p000_seed1297748005.bin,s0000004096_n000p000_seed1297748005.bin,CC0-1.0,python/mathzip_bench/synthetic.py and datasets/synthetic/manifest.json,datasets/synthetic/manifest.json,c7188cafa911c31e5d80193ab1dae1d468dfe9e6deafecb9be709a46aae23de1,true,e421cc48c94607e9e57e7c690c6859b350dd420e29673666ab3618bdc630d283,7.125283106106212,4096,raw,raw,default,,1,ok,,3,3,4096,1.0,0.0,0.0,8.0,0.0,0.0002099249977618456,0.00018661499780137092,19.511730587925523,21.948932552354105,0.00021381999999992019,0.0001898830000000018,,true,true,e421cc48c94607e9e57e7c690c6859b350dd420e29673666ab3618bdc630d283,e421cc48c94607e9e57e7c690c6859b350dd420e29673666ab3618bdc630d283,,,,,,,,,,,,,,,,,,,,"[""stdlib:shutil.copyfile""]","{""family"":""recurrence"",""noise_density"":0.0,""seed"":1297748005,""size_requested"":4096}"
mathzip-benchmark-results-v1,20260724T134555Z-8b4c06c2,quick,synthetic,datasets/synthetic/recurrence/s0000004096_n000p000_seed1297748005.bin,s0000004096_n000p000_seed1297748005.bin,CC0-1.0,python/mathzip_bench/synthetic.py and datasets/synthetic/manifest.json,datasets/synthetic/manifest.json,c7188cafa911c31e5d80193ab1dae1d468dfe9e6deafecb9be709a46aae23de1,true,e421cc48c94607e9e57e7c690c6859b350dd420e29673666ab3618bdc630d283,7.125283106106212,4096,gzip-fast,gzip,fast,,1,ok,,3,3,467,8.770877944325482,0.885986328125,88.5986328125,0.912109375,0.0,0.002597967002657242,0.002457542999763973,1.5766174073075392,1.6667053233222724,0.0019700000000000273,0.0019310000000007932,344064.0,true,true,59ef2ea55eade84d1c70c9c767bcce8038e8273a688dd9610ad33d6686e26305,e421cc48c94607e9e57e7c690c6859b350dd420e29673666ab3618bdc630d283,,,,,,,,,,,,,,,,,,,,"[""'<external>/gzip' -d -c '<work>/archive.gz'"",""'<external>/gzip' -n -c -1 '<repo>/datasets/synthetic/recurrence/s0000004096_n000p000_seed1297748005.bin'""]","{""family"":""recurrence"",""noise_density"":0.0,""seed"":1297748005,""size_requested"":4096}"
mathzip-benchmark-results-v1,20260724T134555Z-8b4c06c2,quick,synthetic,datasets/synthetic/recurrence/s0000004096_n000p000_seed1297748005.bin,s0000004096_n000p000_seed1297748005.bin,CC0-1.0,python/mathzip_bench/synthetic.py and datasets/synthetic/manifest.json,datasets/synthetic/manifest.json,c7188cafa911c31e5d80193ab1dae1d468dfe9e6deafecb9be709a46aae23de1,true,e421cc48c94607e9e57e7c690c6859b350dd420e29673666ab3618bdc630d283,7.125283106106212,4096,bzip2-fast,bzip2,fast,,1,ok,,3,3,927,4.418554476806904,0.773681640625,77.3681640625,1.810546875,0.0,0.0035352739942027256,0.0026491250027902424,1.1586089244332332,1.5461709038591265,0.0029810000000010106,0.0020809999999995554,344064.0,true,true,fab24764312a059700aa78f9166af844d09761a6aee24ea6c23f2722a051a2f1,e421cc48c94607e9e57e7c690c6859b350dd420e29673666ab3618bdc630d283,,,,,,,,,,,,,,,,,,,,"[""'<external>/bzip2' -c -1"",""'<external>/bzip2' -d -c '<work>/archive.bz2'""]","{""family"":""recurrence"",""noise_density"":0.0,""seed"":1297748005,""size_requested"":4096}"
mathzip-benchmark-results-v1,20260724T134555Z-8b4c06c2,quick,synthetic,datasets/synthetic/recurrence/s0000004096_n000p000_seed1297748005.bin,s0000004096_n000p000_seed1297748005.bin,CC0-1.0,python/mathzip_bench/synthetic.py and datasets/synthetic/manifest.json,datasets/synthetic/manifest.json,c7188cafa911c31e5d80193ab1dae1d468dfe9e6deafecb9be709a46aae23de1,true,e421cc48c94607e9e57e7c690c6859b350dd420e29673666ab3618bdc630d283,7.125283106106212,4096,xz-fast,xz,fast,,1,ok,,3,3,492,8.325203252032521,0.8798828125,87.98828125,0.9609375,0.0,0.0076327909919200465,0.003749757001060061,0.5366320136809669,1.09233744982463,0.0057109999999998,0.002215000000000522,2015232.0,true,true,94ee88dcbfa36d53b59c272aa28cb34ae6930663a91565bc50c54224ed98dd31,e421cc48c94607e9e57e7c690c6859b350dd420e29673666ab3618bdc630d283,,,,,,,,,,,,,,,,,,,,"[""'<external>/xz' -c --threads=1 -1 '<repo>/datasets/synthetic/recurrence/s0000004096_n000p000_seed1297748005.bin'"",""'<external>/xz' -d -c --threads=1 '<work>/archive.xz'""]","{""family"":""recurrence"",""noise_density"":0.0,""seed"":1297748005,""size_requested"":4096}"
mathzip-benchmark-results-v1,20260724T134555Z-8b4c06c2,quick,synthetic,datasets/synthetic/recurrence/s0000004096_n000p000_seed1297748005.bin,s0000004096_n000p000_seed1297748005.bin,CC0-1.0,python/mathzip_bench/synthetic.py and datasets/synthetic/manifest.json,datasets/synthetic/manifest.json,c7188cafa911c31e5d80193ab1dae1d468dfe9e6deafecb9be709a46aae23de1,true,e421cc48c94607e9e57e7c690c6859b350dd420e29673666ab3618bdc630d283,7.125283106106212,4096,zstd-fast,zstd,fast,,1,ok,,3,3,408,10.03921568627451,0.900390625,90.0390625,0.796875,0.0,0.004389972003991716,0.003977924992796034,0.9330355629319702,1.0296825624962256,0.003582999999999892,0.003437999999999164,344064.0,true,true,0124c38e6e5c5c5d6efe5a76e6203cc75238c9cced87852db9d9607abb6aed27,e421cc48c94607e9e57e7c690c6859b350dd420e29673666ab3618bdc630d283,,,,,,,,,,,,,,,,,,,,"[""'<external>/zstd' -q -d -c '<work>/archive.zst'"",""'<external>/zstd' -q -f -T1 -1 -c '<repo>/datasets/synthetic/recurrence/s0000004096_n000p000_seed1297748005.bin'""]","{""family"":""recurrence"",""noise_density"":0.0,""seed"":1297748005,""size_requested"":4096}"
mathzip-benchmark-results-v1,20260724T134555Z-8b4c06c2,quick,synthetic,datasets/synthetic/recurrence/s0000004096_n000p000_seed1297748005.bin,s0000004096_n000p000_seed1297748005.bin,CC0-1.0,python/mathzip_bench/synthetic.py and datasets/synthetic/manifest.json,datasets/synthetic/manifest.json,c7188cafa911c31e5d80193ab1dae1d468dfe9e6deafecb9be709a46aae23de1,true,e421cc48c94607e9e57e7c690c6859b350dd420e29673666ab3618bdc630d283,7.125283106106212,4096,lz4-fast,lz4,fast,,1,ok,,3,3,429,9.547785547785548,0.895263671875,89.5263671875,0.837890625,0.0,0.002637943995068781,0.0024930459912866354,1.552724397355222,1.642970091332369,0.0019620000000006854,0.0018840000000004409,339968.0,true,true,cdb818840ebddade3761c542eeeaafefb51cc131487364f3bc5921f8f0a5ae3f,e421cc48c94607e9e57e7c690c6859b350dd420e29673666ab3618bdc630d283,,,,,,,,,,,,,,,,,,,,"[""'<tmp>/mathzip-toolpkgs.cQThTC/extracted/usr/bin/lz4' -q -d -f '<work>/archive.lz4' '<work>/restored.bin'"",""'<tmp>/mathzip-toolpkgs.cQThTC/extracted/usr/bin/lz4' -q -f -1 '<repo>/datasets/synthetic/recurrence/s0000004096_n000p000_seed1297748005.bin' '<work>/archive.lz4'""]","{""family"":""recurrence"",""noise_density"":0.0,""seed"":1297748005,""size_requested"":4096}"
mathzip-benchmark-results-v1,20260724T134555Z-8b4c06c2,quick,synthetic,datasets/synthetic/recurrence/s0000004096_n000p000_seed1297748005.bin,s0000004096_n000p000_seed1297748005.bin,CC0-1.0,python/mathzip_bench/synthetic.py and datasets/synthetic/manifest.json,datasets/synthetic/manifest.json,c7188cafa911c31e5d80193ab1dae1d468dfe9e6deafecb9be709a46aae23de1,true,e421cc48c94607e9e57e7c690c6859b350dd420e29673666ab3618bdc630d283,7.125283106106212,4096,brotli-fast,brotli,fast,,1,ok,,3,3,416,9.846153846153847,0.8984375,89.84375,0.8125,0.0,0.0048176860000239685,0.0032136290101334453,0.8502006980072221,1.2745715162155304,0.003473999999999755,0.0024660000000000792,346112.0,true,true,dcd665cb4f08798fd6e20cb1ea76175a0a8a962d6105ab8d0833fc2cbac0b0d8,e421cc48c94607e9e57e7c690c6859b350dd420e29673666ab3618bdc630d283,,,,,,,,,,,,,,,,,,,,"[""'<tmp>/mathzip-toolpkgs.cQThTC/extracted/usr/bin/brotli' -f -d -o '<work>/restored.bin' '<work>/archive.br'"",""'<tmp>/mathzip-toolpkgs.cQThTC/extracted/usr/bin/brotli' -f -q 4 -o '<work>/archive.br' '<repo>/datasets/synthetic/recurrence/s0000004096_n000p000_seed1297748005.bin'""]","{""family"":""recurrence"",""noise_density"":0.0,""seed"":1297748005,""size_requested"":4096}"
mathzip-benchmark-results-v1,20260724T134555Z-8b4c06c2,quick,synthetic,datasets/synthetic/recurrence/s0000004096_n000p000_seed1297748005.bin,s0000004096_n000p000_seed1297748005.bin,CC0-1.0,python/mathzip_bench/synthetic.py and datasets/synthetic/manifest.json,datasets/synthetic/manifest.json,c7188cafa911c31e5d80193ab1dae1d468dfe9e6deafecb9be709a46aae23de1,true,e421cc48c94607e9e57e7c690c6859b350dd420e29673666ab3618bdc630d283,7.125283106106212,4096,7z-fast,7z,fast,,1,ok,,3,3,619,6.617124394184168,0.848876953125,84.8876953125,1.208984375,0.0,0.010012475002440624,0.006151041001430713,0.40908966054862217,0.6659035436517629,0.008293000000000994,0.005583999999998923,397312.0,true,true,9f2c845efc8873d78f41c569c5c4148154c8d454ff4399a5858ee2aa506651a6,e421cc48c94607e9e57e7c690c6859b350dd420e29673666ab3618bdc630d283,,,,,,,,,,,,,,,,,,,,"[""'<tmp>/mathzip-toolpkgs.cQThTC/extracted/usr/lib/7zip/7z' a -y -bd -bso0 -bsp0 -t7z -m0=lzma2 -mx=1 -mmt=1 '<work>/archive.7z' '<repo>/datasets/synthetic/recurrence/s0000004096_n000p000_seed1297748005.bin'"",""'<tmp>/mathzip-toolpkgs.cQThTC/extracted/usr/lib/7zip/7z' e -so -bd -mmt=1 '<work>/archive.7z'""]","{""family"":""recurrence"",""noise_density"":0.0,""seed"":1297748005,""size_requested"":4096}"
mathzip-benchmark-results-v1,20260724T134555Z-8b4c06c2,quick,canterbury_files,datasets/data/canterbury/alice29.txt,alice29.txt,Upstream files retain their original terms; see dataset manifest,datasets/manifests/canterbury.json,datasets/data/canterbury/dataset.json,30daaac9157db37ceda0cc444f6c9c304e91cf17e0164d0a12bc354539937151,true,7467306ee0feed4971260f3c87421154a05be571d944e9cb021a5713700c38f0,4.567680212177265,152089,mathzip-fast,mathzip,fast,,1,ok,,3,3,133568,1.1386634523239099,0.12177738034966368,12.177738034966367,7.025780957202691,0.0,0.12686160299926996,0.009245512002962641,1.19885762440567,16.450035428136857,0.1253820000000001,0.008510000000001128,4468736.0,true,true,0f57531997d66a7dbd4b2ea6cfc45c569ae144d343f8a30e86cf3e05891f4375,7467306ee0feed4971260f3c87421154a05be571d944e9cb021a5713700c38f0,"[{""type"":""identity""}]",10,15208.9,16384.0,"{""raw"":10}","{""bit_pack"":10}",0,360,133088,120,100.0,0.0,4.567680212177265,133088,0,0,0.010750782,0.001664062,0.108371646,"[""'<repo>/target/release/mathzip' compress --mode fast --max-input-bytes 8589934592 --no-sync --force '<repo>/datasets/data/canterbury/alice29.txt' '<work>/archive.mz'"",""'<repo>/target/release/mathzip' compress --mode fast --max-input-bytes 8589934592 --no-sync --force --metrics-output '<work>/metrics-probe.mz.metrics.json' '<repo>/datasets/data/canterbury/alice29.txt' '<work>/metrics-probe.mz'"",""'<repo>/target/release/mathzip' decompress --max-archive-bytes 17179869184 --max-output-bytes 8589934592 --max-segments 8388608 --no-sync --force '<work>/archive.mz' '<work>/restored.bin'""]",{}
mathzip-benchmark-results-v1,20260724T134555Z-8b4c06c2,quick,canterbury_files,datasets/data/canterbury/alice29.txt,alice29.txt,Upstream files retain their original terms; see dataset manifest,datasets/manifests/canterbury.json,datasets/data/canterbury/dataset.json,30daaac9157db37ceda0cc444f6c9c304e91cf17e0164d0a12bc354539937151,true,7467306ee0feed4971260f3c87421154a05be571d944e9cb021a5713700c38f0,4.567680212177265,152089,raw,raw,default,,1,ok,,3,3,152089,1.0,0.0,0.0,8.0,0.0,0.00034083399805240333,0.0003191639989381656,446.2260246016193,476.52304303113306,0.00034473799999990007,0.00032270200000006355,,true,true,7467306ee0feed4971260f3c87421154a05be571d944e9cb021a5713700c38f0,7467306ee0feed4971260f3c87421154a05be571d944e9cb021a5713700c38f0,,,,,,,,,,,,,,,,,,,,"[""stdlib:shutil.copyfile""]",{}
mathzip-benchmark-results-v1,20260724T134555Z-8b4c06c2,quick,canterbury_files,datasets/data/canterbury/alice29.txt,alice29.txt,Upstream files retain their original terms; see dataset manifest,datasets/manifests/canterbury.json,datasets/data/canterbury/dataset.json,30daaac9157db37ceda0cc444f6c9c304e91cf17e0164d0a12bc354539937151,true,7467306ee0feed4971260f3c87421154a05be571d944e9cb021a5713700c38f0,4.567680212177265,152089,gzip-fast,gzip,fast,,1,ok,,3,3,65132,2.3350887428606524,0.5717507512048866,57.175075120488664,3.425993990360907,0.0,0.006562149996170774,0.004442742996616289,23.176702771004752,34.233130324179236,0.0059280000000008215,0.0038919999999995625,348160.0,true,true,79d5e79e6e6b0c185cb68aee554c3dbf0daca27b6ffc90f6ae95241e62a46868,7467306ee0feed4971260f3c87421154a05be571d944e9cb021a5713700c38f0,,,,,,,,,,,,,,,,,,,,"[""'<external>/gzip' -d -c '<work>/archive.gz'"",""'<external>/gzip' -n -c -1 '<repo>/datasets/data/canterbury/alice29.txt'""]",{}
mathzip-benchmark-results-v1,20260724T134555Z-8b4c06c2,quick,canterbury_files,datasets/data/canterbury/alice29.txt,alice29.txt,Upstream files retain their original terms; see dataset manifest,datasets/manifests/canterbury.json,datasets/data/canterbury/dataset.json,30daaac9157db37ceda0cc444f6c9c304e91cf17e0164d0a12bc354539937151,true,7467306ee0feed4971260f3c87421154a05be571d944e9cb021a5713700c38f0,4.567680212177265,152089,bzip2-fast,bzip2,fast,,1,ok,,3,3,45995,3.306642026307207,0.6975783915996554,69.75783915996554,2.4193728672027563,0.0,0.020506271001067944,0.01043611200293526,7.416706820663756,14.573339185821641,0.019880000000000564,0.009844999999999438,2424832.0,true,true,87b38224c889c234bd9c6f4921d5001e600b54fbf08fc9d8dad0339b3029b7b7,7467306ee0feed4971260f3c87421154a05be571d944e9cb021a5713700c38f0,,,,,,,,,,,,,,,,,,,,"[""'<external>/bzip2' -c -1"",""'<external>/bzip2' -d -c '<work>/archive.bz2'""]",{}
mathzip-benchmark-results-v1,20260724T134555Z-8b4c06c2,quick,canterbury_files,datasets/data/canterbury/alice29.txt,alice29.txt,Upstream files retain their original terms; see dataset manifest,datasets/manifests/canterbury.json,datasets/data/canterbury/dataset.json,30daaac9157db37ceda0cc444f6c9c304e91cf17e0164d0a12bc354539937151,true,7467306ee0feed4971260f3c87421154a05be571d944e9cb021a5713700c38f0,4.567680212177265,152089,xz-fast,xz,fast,,1,ok,,3,3,54204,2.805863035938307,0.6436034164206484,64.36034164206484,2.8511726686348124,0.0,0.027779001000453718,0.008362948996364139,5.474962904444113,18.186048972213264,0.026994000000000185,0.0069470000000002585,5128192.0,true,true,61e688b223ebd04a9faec66f0343cdca1e05975f265409a61cea8a352ea02cfe,7467306ee0feed4971260f3c87421154a05be571d944e9cb021a5713700c38f0,,,,,,,,,,,,,,,,,,,,"[""'<external>/xz' -c --threads=1 -1 '<repo>/datasets/data/canterbury/alice29.txt'"",""'<external>/xz' -d -c --threads=1 '<work>/archive.xz'""]",{}
mathzip-benchmark-results-v1,20260724T134555Z-8b4c06c2,quick,canterbury_files,datasets/data/canterbury/alice29.txt,alice29.txt,Upstream files retain their original terms; see dataset manifest,datasets/manifests/canterbury.json,datasets/data/canterbury/dataset.json,30daaac9157db37ceda0cc444f6c9c304e91cf17e0164d0a12bc354539937151,true,7467306ee0feed4971260f3c87421154a05be571d944e9cb021a5713700c38f0,4.567680212177265,152089,zstd-fast,zstd,fast,,1,ok,,3,3,59661,2.5492197583010676,0.6077231094950983,60.77231094950983,3.1382151240392138,0.0,0.006493043998489156,0.005157453997526318,23.423374311861902,29.489162690146497,0.005954000000000015,0.0045880000000000365,356352.0,true,true,9a9c91793d8a0141f0c601a569624a1b08bb0bf27310b823f20885b14f774cb5,7467306ee0feed4971260f3c87421154a05be571d944e9cb021a5713700c38f0,,,,,,,,,,,,,,,,,,,,"[""'<external>/zstd' -q -d -c '<work>/archive.zst'"",""'<external>/zstd' -q -f -T1 -1 -c '<repo>/datasets/data/canterbury/alice29.txt'""]",{}
mathzip-benchmark-results-v1,20260724T134555Z-8b4c06c2,quick,canterbury_files,datasets/data/canterbury/alice29.txt,alice29.txt,Upstream files retain their original terms; see dataset manifest,datasets/manifests/canterbury.json,datasets/data/canterbury/dataset.json,30daaac9157db37ceda0cc444f6c9c304e91cf17e0164d0a12bc354539937151,true,7467306ee0feed4971260f3c87421154a05be571d944e9cb021a5713700c38f0,4.567680212177265,152089,lz4-fast,lz4,fast,,1,ok,,3,3,88718,1.7142969859554995,0.4166705021401942,41.66705021401942,4.6666359828784465,0.0,0.0037542420031968504,0.0034086749947164208,40.511240317084415,44.61821682493751,0.003154999999999575,0.0028249999999996334,466944.0,true,true,1057a7c043e84bf291facb205079048887ca75a2be75eab90f1cc8445f2b873f,7467306ee0feed4971260f3c87421154a05be571d944e9cb021a5713700c38f0,,,,,,,,,,,,,,,,,,,,"[""'<tmp>/mathzip-toolpkgs.cQThTC/extracted/usr/bin/lz4' -q -d -f '<work>/archive.lz4' '<work>/restored.bin'"",""'<tmp>/mathzip-toolpkgs.cQThTC/extracted/usr/bin/lz4' -q -f -1 '<repo>/datasets/data/canterbury/alice29.txt' '<work>/archive.lz4'""]",{}
mathzip-benchmark-results-v1,20260724T134555Z-8b4c06c2,quick,canterbury_files,datasets/data/canterbury/alice29.txt,alice29.txt,Upstream files retain their original terms; see dataset manifest,datasets/manifests/canterbury.json,datasets/data/canterbury/dataset.json,30daaac9157db37ceda0cc444f6c9c304e91cf17e0164d0a12bc354539937151,true,7467306ee0feed4971260f3c87421154a05be571d944e9cb021a5713700c38f0,4.567680212177265,152089,brotli-fast,brotli,fast,,1,ok,,3,3,55504,2.7401448544249063,0.6350557897020823,63.505578970208234,2.9195536823833415,0.0,0.010759490993223153,0.005072273997939192,14.135334106027226,29.98438177073874,0.01018399999999886,0.004095000000001292,348160.0,true,true,f9cd312599db2eb54833222692ce415a3664b24ed88f8187f9ed5dc5b97e42b2,7467306ee0feed4971260f3c87421154a05be571d944e9cb021a5713700c38f0,,,,,,,,,,,,,,,,,,,,"[""'<tmp>/mathzip-toolpkgs.cQThTC/extracted/usr/bin/brotli' -f -d -o '<work>/restored.bin' '<work>/archive.br'"",""'<tmp>/mathzip-toolpkgs.cQThTC/extracted/usr/bin/brotli' -f -q 4 -o '<work>/archive.br' '<repo>/datasets/data/canterbury/alice29.txt'""]",{}
mathzip-benchmark-results-v1,20260724T134555Z-8b4c06c2,quick,canterbury_files,datasets/data/canterbury/alice29.txt,alice29.txt,Upstream files retain their original terms; see dataset manifest,datasets/manifests/canterbury.json,datasets/data/canterbury/dataset.json,30daaac9157db37ceda0cc444f6c9c304e91cf17e0164d0a12bc354539937151,true,7467306ee0feed4971260f3c87421154a05be571d944e9cb021a5713700c38f0,4.567680212177265,152089,7z-fast,7z,fast,,1,ok,,3,3,52485,2.8977612651233686,0.6549060089815831,65.49060089815832,2.760751928147335,0.0,0.023392324001179077,0.010841355004231445,6.50166268184102,14.02859697340773,0.022643999999999664,0.010266999999999804,7823360.0,true,true,d9ba6b98972de1c2ad45c392d6ae7ce59215ee5ef446d6a8caf1905dc8843b83,7467306ee0feed4971260f3c87421154a05be571d944e9cb021a5713700c38f0,,,,,,,,,,,,,,,,,,,,"[""'<tmp>/mathzip-toolpkgs.cQThTC/extracted/usr/lib/7zip/7z' a -y -bd -bso0 -bsp0 -t7z -m0=lzma2 -mx=1 -mmt=1 '<work>/archive.7z' '<repo>/datasets/data/canterbury/alice29.txt'"",""'<tmp>/mathzip-toolpkgs.cQThTC/extracted/usr/lib/7zip/7z' e -so -bd -mmt=1 '<work>/archive.7z'""]",{}
mathzip-benchmark-results-v1,20260724T134555Z-8b4c06c2,quick,canterbury_files,datasets/data/canterbury/asyoulik.txt,asyoulik.txt,Upstream files retain their original terms; see dataset manifest,datasets/manifests/canterbury.json,datasets/data/canterbury/dataset.json,30daaac9157db37ceda0cc444f6c9c304e91cf17e0164d0a12bc354539937151,true,eaa3526fe53859f34ecdf255712f9ecf0b2c903451d4755b2edaa2e2599cb0fc,4.808116220349888,125179,mathzip-fast,mathzip,fast,,1,ok,,3,3,109948,1.1385291228580783,0.12167376317113898,12.167376317113899,7.026609894630888,0.0,0.10278127099445555,0.008480959993903525,1.2179164432278005,14.760003595109987,0.10183900000000001,0.007272000000000389,4292608.0,true,true,f046a2b10e61ca17428c4b1d8072bf7d5ebe266eefa4a0e4200a2f0c03fa8d68,eaa3526fe53859f34ecdf255712f9ecf0b2c903451d4755b2edaa2e2599cb0fc,"[{""type"":""identity""}]",8,15647.375,16384.0,"{""raw"":8}","{""bit_pack"":8}",0,288,109540,120,100.0,0.0,4.808116220349888,109540,0,0,0.008280923,0.001320577,0.088236362,"[""'<repo>/target/release/mathzip' compress --mode fast --max-input-bytes 8589934592 --no-sync --force '<repo>/datasets/data/canterbury/asyoulik.txt' '<work>/archive.mz'"",""'<repo>/target/release/mathzip' compress --mode fast --max-input-bytes 8589934592 --no-sync --force --metrics-output '<work>/metrics-probe.mz.metrics.json' '<repo>/datasets/data/canterbury/asyoulik.txt' '<work>/metrics-probe.mz'"",""'<repo>/target/release/mathzip' decompress --max-archive-bytes 17179869184 --max-output-bytes 8589934592 --max-segments 8388608 --no-sync --force '<work>/archive.mz' '<work>/restored.bin'""]",{}
mathzip-benchmark-results-v1,20260724T134555Z-8b4c06c2,quick,canterbury_files,datasets/data/canterbury/asyoulik.txt,asyoulik.txt,Upstream files retain their original terms; see dataset manifest,datasets/manifests/canterbury.json,datasets/data/canterbury/dataset.json,30daaac9157db37ceda0cc444f6c9c304e91cf17e0164d0a12bc354539937151,true,eaa3526fe53859f34ecdf255712f9ecf0b2c903451d4755b2edaa2e2599cb0fc,4.808116220349888,125179,raw,raw,default,,1,ok,,3,3,125179,1.0,0.0,0.0,8.0,0.0,0.0003189859999110922,0.000315626006340608,392.4278809568128,396.60546813405807,0.00032302699999942064,0.0003188939999994034,,true,true,eaa3526fe53859f34ecdf255712f9ecf0b2c903451d4755b2edaa2e2599cb0fc,eaa3526fe53859f34ecdf255712f9ecf0b2c903451d4755b2edaa2e2599cb0fc,,,,,,,,,,,,,,,,,,,,"[""stdlib:shutil.copyfile""]",{}
mathzip-benchmark-results-v1,20260724T134555Z-8b4c06c2,quick,canterbury_files,datasets/data/canterbury/asyoulik.txt,asyoulik.txt,Upstream files retain their original terms; see dataset manifest,datasets/manifests/canterbury.json,datasets/data/canterbury/dataset.json,30daaac9157db37ceda0cc444f6c9c304e91cf17e0164d0a12bc354539937151,true,eaa3526fe53859f34ecdf255712f9ecf0b2c903451d4755b2edaa2e2599cb0fc,4.808116220349888,125179,gzip-fast,gzip,fast,,1,ok,,3,3,56800,2.203855633802817,0.5462497703288891,54.62497703288891,3.6300018373688876,0.0,0.006286497999099083,0.004316548991482705,19.912358202919876,28.999786692332176,0.005575999999999581,0.0036079999999998336,344064.0,true,true,1f112caee2614a4fd9178cb8408a12ef5f580581c1338351fd43710966dda2b3,eaa3526fe53859f34ecdf255712f9ecf0b2c903451d4755b2edaa2e2599cb0fc,,,,,,,,,,,,,,,,,,,,"[""'<external>/gzip' -d -c '<work>/archive.gz'"",""'<external>/gzip' -n -c -1 '<repo>/datasets/data/canterbury/asyoulik.txt'""]",{}
mathzip-benchmark-results-v1,20260724T134555Z-8b4c06c2,quick,canterbury_files,datasets/data/canterbury/asyoulik.txt,asyoulik.txt,Upstream files retain their original terms; see dataset manifest,datasets/manifests/canterbury.json,datasets/data/canterbury/dataset.json,30daaac9157db37ceda0cc444f6c9c304e91cf17e0164d0a12bc354539937151,true,eaa3526fe53859f34ecdf255712f9ecf0b2c903451d4755b2edaa2e2599cb0fc,4.808116220349888,125179,bzip2-fast,bzip2,fast,,1,ok,,3,3,41502,3.0162160859717604,0.6684587670455907,66.84587670455907,2.6523298636352743,0.0,0.017736694993800484,0.009856969001702964,7.057628269739875,12.699542828872968,0.017068999999999335,0.00914700000000046,2420736.0,true,true,f8e0782a421b0738aabafddbd076e0da55542f26101a7bf37010c8eb16058f97,eaa3526fe53859f34ecdf255712f9ecf0b2c903451d4755b2edaa2e2599cb0fc,,,,,,,,,,,,,,,,,,,,"[""'<external>/bzip2' -c -1"",""'<external>/bzip2' -d -c '<work>/archive.bz2'""]",{}
mathzip-benchmark-results-v1,20260724T134555Z-8b4c06c2,quick,canterbury_files,datasets/data/canterbury/asyoulik.txt,asyoulik.txt,Upstream files retain their original terms; see dataset manifest,datasets/manifests/canterbury.json,datasets/data/canterbury/dataset.json,30daaac9157db37ceda0cc444f6c9c304e91cf17e0164d0a12bc354539937151,true,eaa3526fe53859f34ecdf255712f9ecf0b2c903451d4755b2edaa2e2599cb0fc,4.808116220349888,125179,xz-fast,xz,fast,,1,ok,,3,3,48720,2.5693555008210183,0.6107973382116809,61.07973382116809,3.113621294306553,0.0,0.02575444600370247,0.007817063000402413,4.860481176027014,16.01355905581878,0.02478700000000167,0.006278000000000006,5115904.0,true,true,3fd0ad8732e69d7504bf2b990d8652078be7a7237b04c7438630842df52b3145,eaa3526fe53859f34ecdf255712f9ecf0b2c903451d4755b2edaa2e2599cb0fc,,,,,,,,,,,,,,,,,,,,"[""'<external>/xz' -c --threads=1 -1 '<repo>/datasets/data/canterbury/asyoulik.txt'"",""'<external>/xz' -d -c --threads=1 '<work>/archive.xz'""]",{}
mathzip-benchmark-results-v1,20260724T134555Z-8b4c06c2,quick,canterbury_files,datasets/data/canterbury/asyoulik.txt,asyoulik.txt,Upstream files retain their original terms; see dataset manifest,datasets/manifests/canterbury.json,datasets/data/canterbury/dataset.json,30daaac9157db37ceda0cc444f6c9c304e91cf17e0164d0a12bc354539937151,true,eaa3526fe53859f34ecdf255712f9ecf0b2c903451d4755b2edaa2e2599cb0fc,4.808116220349888,125179,zstd-fast,zstd,fast,,1,ok,,3,3,54516,2.2961882750018345,0.5644956422403118,56.44956422403118,3.4840348620775052,0.0,0.005814150994410738,0.004975071002263576,21.530056601615115,25.161248943592085,0.005304000000002418,0.00442899999999824,364544.0,true,true,a30af5952bfb61774228a0739547ffa533634cb40a29b6dffd48860976b7821b,eaa3526fe53859f34ecdf255712f9ecf0b2c903451d4755b2edaa2e2599cb0fc,,,,,,,,,,,,,,,,,,,,"[""'<external>/zstd' -q -d -c '<work>/archive.zst'"",""'<external>/zstd' -q -f -T1 -1 -c '<repo>/datasets/data/canterbury/asyoulik.txt'""]",{}
mathzip-benchmark-results-v1,20260724T134555Z-8b4c06c2,quick,canterbury_files,datasets/data/canterbury/asyoulik.txt,asyoulik.txt,Upstream files retain their original terms; see dataset manifest,datasets/manifests/canterbury.json,datasets/data/canterbury/dataset.json,30daaac9157db37ceda0cc444f6c9c304e91cf17e0164d0a12bc354539937151,true,eaa3526fe53859f34ecdf255712f9ecf0b2c903451d4755b2edaa2e2599cb0fc,4.808116220349888,125179,lz4-fast,lz4,fast,,1,ok,,3,3,79672,1.571179335274626,0.36353541728245153,36.353541728245155,5.091716661740388,0.0,0.0036920299899065867,0.003196024990756996,33.905195879291114,39.167090483341525,0.0028810000000003555,0.002625999999999351,458752.0,true,true,4d8e9d44a9a6278222aa8641b4a25800e3bd76f7c4038b36136a28c5844d35e6,eaa3526fe53859f34ecdf255712f9ecf0b2c903451d4755b2edaa2e2599cb0fc,,,,,,,,,,,,,,,,,,,,"[""'<tmp>/mathzip-toolpkgs.cQThTC/extracted/usr/bin/lz4' -q -d -f '<work>/archive.lz4' '<work>/restored.bin'"",""'<tmp>/mathzip-toolpkgs.cQThTC/extracted/usr/bin/lz4' -q -f -1 '<repo>/datasets/data/canterbury/asyoulik.txt' '<work>/archive.lz4'""]",{}
mathzip-benchmark-results-v1,20260724T134555Z-8b4c06c2,quick,canterbury_files,datasets/data/canterbury/asyoulik.txt,asyoulik.txt,Upstream files retain their original terms; see dataset manifest,datasets/manifests/canterbury.json,datasets/data/canterbury/dataset.json,30daaac9157db37ceda0cc444f6c9c304e91cf17e0164d0a12bc354539937151,true,eaa3526fe53859f34ecdf255712f9ecf0b2c903451d4755b2edaa2e2599cb0fc,4.808116220349888,125179,brotli-fast,brotli,fast,,1,ok,,3,3,49441,2.531886490969034,0.6050375861765951,60.50375861765951,3.159699310587239,0.0,0.010421950995805673,0.004470269996090792,12.01109082650441,28.002559154026006,0.009608000000000061,0.003800999999999277,352256.0,true,true,e4ee477397a1f98729e2ce282388baad144e2a8de4d61a69d2ce325f99601394,eaa3526fe53859f34ecdf255712f9ecf0b2c903451d4755b2edaa2e2599cb0fc,,,,,,,,,,,,,,,,,,,,"[""'<tmp>/mathzip-toolpkgs.cQThTC/extracted/usr/bin/brotli' -f -d -o '<work>/restored.bin' '<work>/archive.br'"",""'<tmp>/mathzip-toolpkgs.cQThTC/extracted/usr/bin/brotli' -f -q 4 -o '<work>/archive.br' '<repo>/datasets/data/canterbury/asyoulik.txt'""]",{}
mathzip-benchmark-results-v1,20260724T134555Z-8b4c06c2,quick,canterbury_files,datasets/data/canterbury/asyoulik.txt,asyoulik.txt,Upstream files retain their original terms; see dataset manifest,datasets/manifests/canterbury.json,datasets/data/canterbury/dataset.json,30daaac9157db37ceda0cc444f6c9c304e91cf17e0164d0a12bc354539937151,true,eaa3526fe53859f34ecdf255712f9ecf0b2c903451d4755b2edaa2e2599cb0fc,4.808116220349888,125179,7z-fast,7z,fast,,1,ok,,3,3,47756,2.6212203702152608,0.6184983104194792,61.84983104194792,3.0520135166441658,0.0,0.021059927996248007,0.010883191993343644,5.943942449485186,11.502048303159748,0.02012999999999998,0.010291999999999746,7811072.0,true,true,9988179b0ec628d9c861c1b90c1d252e46d89a4a49a002831ba9407265dc71e8,eaa3526fe53859f34ecdf255712f9ecf0b2c903451d4755b2edaa2e2599cb0fc,,,,,,,,,,,,,,,,,,,,"[""'<tmp>/mathzip-toolpkgs.cQThTC/extracted/usr/lib/7zip/7z' a -y -bd -bso0 -bsp0 -t7z -m0=lzma2 -mx=1 -mmt=1 '<work>/archive.7z' '<repo>/datasets/data/canterbury/asyoulik.txt'"",""'<tmp>/mathzip-toolpkgs.cQThTC/extracted/usr/lib/7zip/7z' e -so -bd -mmt=1 '<work>/archive.7z'""]",{}
mathzip-benchmark-results-v1,20260724T134555Z-8b4c06c2,quick,canterbury_files,datasets/data/canterbury/cp.html,cp.html,Upstream files retain their original terms; see dataset manifest,datasets/manifests/canterbury.json,datasets/data/canterbury/dataset.json,30daaac9157db37ceda0cc444f6c9c304e91cf17e0164d0a12bc354539937151,true,e0cd21cef5b6c4069461e949be100080c3ce887de6f1dd8626c480528efaaf61,5.229136688128089,24603,mathzip-fast,mathzip,fast,,1,ok,,3,3,22748,1.0815456303850888,0.07539730927122712,7.5397309271227115,7.396821525830183,0.0,0.021649160000379197,0.004388533998280764,1.1364413214909523,5.606200159241875,0.020645000000000024,0.003791000000001432,3461120.0,true,true,a1b66971ee97fe8d75254e12bac1116bf42390a50c4db974f2ce87dd026bbd97,e0cd21cef5b6c4069461e949be100080c3ce887de6f1dd8626c480528efaaf61,"[{""type"":""identity""}]",2,12301.5,12301.5,"{""raw"":2}","{""bit_pack"":1,""raw"":1}",0,72,22556,120,100.0,33.406495142868756,5.229136688128088,22556,0,0,0.001638573,0.000292182,0.015420381,"[""'<repo>/target/release/mathzip' compress --mode fast --max-input-bytes 8589934592 --no-sync --force '<repo>/datasets/data/canterbury/cp.html' '<work>/archive.mz'"",""'<repo>/target/release/mathzip' compress --mode fast --max-input-bytes 8589934592 --no-sync --force --metrics-output '<work>/metrics-probe.mz.metrics.json' '<repo>/datasets/data/canterbury/cp.html' '<work>/metrics-probe.mz'"",""'<repo>/target/release/mathzip' decompress --max-archive-bytes 17179869184 --max-output-bytes 8589934592 --max-segments 8388608 --no-sync --force '<work>/archive.mz' '<work>/restored.bin'""]",{}
mathzip-benchmark-results-v1,20260724T134555Z-8b4c06c2,quick,canterbury_files,datasets/data/canterbury/cp.html,cp.html,Upstream files retain their original terms; see dataset manifest,datasets/manifests/canterbury.json,datasets/data/canterbury/dataset.json,30daaac9157db37ceda0cc444f6c9c304e91cf17e0164d0a12bc354539937151,true,e0cd21cef5b6c4069461e949be100080c3ce887de6f1dd8626c480528efaaf61,5.229136688128089,24603,raw,raw,default,,1,ok,,3,3,24603,1.0,0.0,0.0,8.0,0.0,0.0002350249997107312,0.00022044200159143656,104.68248071601478,111.6075875848686,0.00023888500000079915,0.00022396700000015812,,true,true,e0cd21cef5b6c4069461e949be100080c3ce887de6f1dd8626c480528efaaf61,e0cd21cef5b6c4069461e949be100080c3ce887de6f1dd8626c480528efaaf61,,,,,,,,,,,,,,,,,,,,"[""stdlib:shutil.copyfile""]",{}
mathzip-benchmark-results-v1,20260724T134555Z-8b4c06c2,quick,canterbury_files,datasets/data/canterbury/cp.html,cp.html,Upstream files retain their original terms; see dataset manifest,datasets/manifests/canterbury.json,datasets/data/canterbury/dataset.json,30daaac9157db37ceda0cc444f6c9c304e91cf17e0164d0a12bc354539937151,true,e0cd21cef5b6c4069461e949be100080c3ce887de6f1dd8626c480528efaaf61,5.229136688128089,24603,gzip-fast,gzip,fast,,1,ok,,3,3,9046,2.7197656422728276,0.63232126163476,63.232126163475996,2.94142990692192,0.0,0.0033592249965295196,0.002764863005722873,7.324010754092934,8.898451731270335,0.002610999999999919,0.0021729999999990923,344064.0,true,true,a286460ae02391c37c86d2075cead1fa9e7dfaf99c7750bc0dd1a0f1a7ac215d,e0cd21cef5b6c4069461e949be100080c3ce887de6f1dd8626c480528efaaf61,,,,,,,,,,,,,,,,,,,,"[""'<external>/gzip' -d -c '<work>/archive.gz'"",""'<external>/gzip' -n -c -1 '<repo>/datasets/data/canterbury/cp.html'""]",{}
mathzip-benchmark-results-v1,20260724T134555Z-8b4c06c2,quick,canterbury_files,datasets/data/canterbury/cp.html,cp.html,Upstream files retain their original terms; see dataset manifest,datasets/manifests/canterbury.json,datasets/data/canterbury/dataset.json,30daaac9157db37ceda0cc444f6c9c304e91cf17e0164d0a12bc354539937151,true,e0cd21cef5b6c4069461e949be100080c3ce887de6f1dd8626c480528efaaf61,5.229136688128089,24603,bzip2-fast,bzip2,fast,,1,ok,,3,3,7624,3.227046169989507,0.6901190911677437,69.01190911677438,2.4790472706580498,0.0,0.006526338009280153,0.004963661995134316,3.7698016812821624,4.956622756367649,0.00586099999999945,0.0034479999999987854,819200.0,true,true,e1d23feb804d314a356804a58d19ca5bb2edbc4e5d78d8162e6405236ca3651c,e0cd21cef5b6c4069461e949be100080c3ce887de6f1dd8626c480528efaaf61,,,,,,,,,,,,,,,,,,,,"[""'<external>/bzip2' -c -1"",""'<external>/bzip2' -d -c '<work>/archive.bz2'""]",{}
mathzip-benchmark-results-v1,20260724T134555Z-8b4c06c2,quick,canterbury_files,datasets/data/canterbury/cp.html,cp.html,Upstream files retain their original terms; see dataset manifest,datasets/manifests/canterbury.json,datasets/data/canterbury/dataset.json,30daaac9157db37ceda0cc444f6c9c304e91cf17e0164d0a12bc354539937151,true,e0cd21cef5b6c4069461e949be100080c3ce887de6f1dd8626c480528efaaf61,5.229136688128089,24603,xz-fast,xz,fast,,1,ok,,3,3,8080,3.0449257425742573,0.6715847660854367,67.15847660854367,2.6273218713165063,0.0,0.011536699006683193,0.004436728006112389,2.1325857583479917,5.54530274700296,0.010241999999998086,0.0030700000000010164,348160.0,true,true,4e82d3c4590078a05a047753531b10bea4704101d05d4cad4857ad2454172d41,e0cd21cef5b6c4069461e949be100080c3ce887de6f1dd8626c480528efaaf61,,,,,,,,,,,,,,,,,,,,"[""'<external>/xz' -c --threads=1 -1 '<repo>/datasets/data/canterbury/cp.html'"",""'<external>/xz' -d -c --threads=1 '<work>/archive.xz'""]",{}
mathzip-benchmark-results-v1,20260724T134555Z-8b4c06c2,quick,canterbury_files,datasets/data/canterbury/cp.html,cp.html,Upstream files retain their original terms; see dataset manifest,datasets/manifests/canterbury.json,datasets/data/canterbury/dataset.json,30daaac9157db37ceda0cc444f6c9c304e91cf17e0164d0a12bc354539937151,true,e0cd21cef5b6c4069461e949be100080c3ce887de6f1dd8626c480528efaaf61,5.229136688128089,24603,zstd-fast,zstd,fast,,1,ok,,3,3,8824,2.7881912964641886,0.641344551477462,64.13445514774621,2.869243588180303,0.0,0.00460955299786292,0.004176314992946573,5.337393888606213,5.891078628300858,0.004113999999999507,0.0037760000000002236,360448.0,true,true,6e0355a354ab0d2a0274139cccf4801dc19fb9dd42b8704cba8d25b55881c79a,e0cd21cef5b6c4069461e949be100080c3ce887de6f1dd8626c480528efaaf61,,,,,,,,,,,,,,,,,,,,"[""'<external>/zstd' -q -d -c '<work>/archive.zst'"",""'<external>/zstd' -q -f -T1 -1 -c '<repo>/datasets/data/canterbury/cp.html'""]",{}
mathzip-benchmark-results-v1,20260724T134555Z-8b4c06c2,quick,canterbury_files,datasets/data/canterbury/cp.html,cp.html,Upstream files retain their original terms; see dataset manifest,datasets/manifests/canterbury.json,datasets/data/canterbury/dataset.json,30daaac9157db37ceda0cc444f6c9c304e91cf17e0164d0a12bc354539937151,true,e0cd21cef5b6c4069461e949be100080c3ce887de6f1dd8626c480528efaaf61,5.229136688128089,24603,lz4-fast,lz4,fast,,1,ok,,3,3,11924,2.0633176786313316,0.5153436572775678,51.53436572775678,3.877250741779458,0.0,0.0028711009945254773,0.0026125190051971003,8.569186540951435,9.417347759406573,0.0023469999999985447,0.001951000000000036,339968.0,true,true,49bbcc34ccfc87aaa2e9b5cd3ad87ca188ce389d3140414fc495ca2f80f629c2,e0cd21cef5b6c4069461e949be100080c3ce887de6f1dd8626c480528efaaf61,,,,,,,,,,,,,,,,,,,,"[""'<tmp>/mathzip-toolpkgs.cQThTC/extracted/usr/bin/lz4' -q -d -f '<work>/archive.lz4' '<work>/restored.bin'"",""'<tmp>/mathzip-toolpkgs.cQThTC/extracted/usr/bin/lz4' -q -f -1 '<repo>/datasets/data/canterbury/cp.html' '<work>/archive.lz4'""]",{}
mathzip-benchmark-results-v1,20260724T134555Z-8b4c06c2,quick,canterbury_files,datasets/data/canterbury/cp.html,cp.html,Upstream files retain their original terms; see dataset manifest,datasets/manifests/canterbury.json,datasets/data/canterbury/dataset.json,30daaac9157db37ceda0cc444f6c9c304e91cf17e0164d0a12bc354539937151,true,e0cd21cef5b6c4069461e949be100080c3ce887de6f1dd8626c480528efaaf61,5.229136688128089,24603,brotli-fast,brotli,fast,,1,ok,,3,3,8095,3.0392835083384804,0.6709750843393082,67.09750843393081,2.6321993252855345,0.0,0.0052269320003688335,0.0033305090037174523,4.706967681665633,7.387159131693861,0.004539999999998656,0.0027850000000011477,344064.0,true,true,2a0d0ee4f3805830c0ed0a21469ed95fe1511ab0e211b551d634f8596d70a31d,e0cd21cef5b6c4069461e949be100080c3ce887de6f1dd8626c480528efaaf61,,,,,,,,,,,,,,,,,,,,"[""'<tmp>/mathzip-toolpkgs.cQThTC/extracted/usr/bin/brotli' -f -d -o '<work>/restored.bin' '<work>/archive.br'"",""'<tmp>/mathzip-toolpkgs.cQThTC/extracted/usr/bin/brotli' -f -q 4 -o '<work>/archive.br' '<repo>/datasets/data/canterbury/cp.html'""]",{}
mathzip-benchmark-results-v1,20260724T134555Z-8b4c06c2,quick,canterbury_files,datasets/data/canterbury/cp.html,cp.html,Upstream files retain their original terms; see dataset manifest,datasets/manifests/canterbury.json,datasets/data/canterbury/dataset.json,30daaac9157db37ceda0cc444f6c9c304e91cf17e0164d0a12bc354539937151,true,e0cd21cef5b6c4069461e949be100080c3ce887de6f1dd8626c480528efaaf61,5.229136688128089,24603,7z-fast,7z,fast,,1,ok,,3,3,8099,3.0377824422768245,0.6708125025403406,67.08125025403406,2.6334999796772753,0.0,0.010577815002761781,0.006901925997226499,2.3259056802918523,3.564657171039878,0.009830000000000894,0.006273999999999447,4857856.0,true,true,b0f661791ca1a5a0ffe7bbc7d0f1c2b245407d1897f28fba94c8d8fc7b513042,e0cd21cef5b6c4069461e949be100080c3ce887de6f1dd8626c480528efaaf61,,,,,,,,,,,,,,,,,,,,"[""'<tmp>/mathzip-toolpkgs.cQThTC/extracted/usr/lib/7zip/7z' a -y -bd -bso0 -bsp0 -t7z -m0=lzma2 -mx=1 -mmt=1 '<work>/archive.7z' '<repo>/datasets/data/canterbury/cp.html'"",""'<tmp>/mathzip-toolpkgs.cQThTC/extracted/usr/lib/7zip/7z' e -so -bd -mmt=1 '<work>/archive.7z'""]",{}
mathzip-benchmark-results-v1,20260724T134555Z-8b4c06c2,quick,canterbury_files,datasets/data/canterbury/fields.c,fields.c,Upstream files retain their original terms; see dataset manifest,datasets/manifests/canterbury.json,datasets/data/canterbury/dataset.json,30daaac9157db37ceda0cc444f6c9c304e91cf17e0164d0a12bc354539937151,true,85d73e354cc50cec76cb5a50537cf8dc035f8cbb8480f9e1cbe2f7d6c23393c7,5.007698078197545,11150,mathzip-fast,mathzip,fast,,1,ok,,3,3,9914,1.1246721807544886,0.11085201793721977,11.085201793721977,7.113183856502242,0.0,0.013300549006089568,0.00414644498960115,0.83831126030174,2.689050506629904,0.012285999999999575,0.0034749999999981185,540672.0,true,true,ca3f80403bcb11a30a88c593fcd4d30037bcde67f81f3f6ce057d128d2daaf4b,85d73e354cc50cec76cb5a50537cf8dc035f8cbb8480f9e1cbe2f7d6c23393c7,"[{""type"":""identity""}]",1,11150.0,11150.0,"{""raw"":1}","{""bit_pack"":1}",0,36,9758,120,100.0,0.0,5.007698078197545,9758,0,0,0.000723216,0.000140622,0.007890912,"[""'<repo>/target/release/mathzip' compress --mode fast --max-input-bytes 8589934592 --no-sync --force '<repo>/datasets/data/canterbury/fields.c' '<work>/archive.mz'"",""'<repo>/target/release/mathzip' compress --mode fast --max-input-bytes 8589934592 --no-sync --force --metrics-output '<work>/metrics-probe.mz.metrics.json' '<repo>/datasets/data/canterbury/fields.c' '<work>/metrics-probe.mz'"",""'<repo>/target/release/mathzip' decompress --max-archive-bytes 17179869184 --max-output-bytes 8589934592 --max-segments 8388608 --no-sync --force '<work>/archive.mz' '<work>/restored.bin'""]",{}
mathzip-benchmark-results-v1,20260724T134555Z-8b4c06c2,quick,canterbury_files,datasets/data/canterbury/fields.c,fields.c,Upstream files retain their original terms; see dataset manifest,datasets/manifests/canterbury.json,datasets/data/canterbury/dataset.json,30daaac9157db37ceda0cc444f6c9c304e91cf17e0164d0a12bc354539937151,true,85d73e354cc50cec76cb5a50537cf8dc035f8cbb8480f9e1cbe2f7d6c23393c7,5.007698078197545,11150,raw,raw,default,,1,ok,,3,3,11150,1.0,0.0,0.0,8.0,0.0,0.00021859200205653906,0.00019745998724829406,51.00827063707501,56.4671362303875,0.00022257599999964128,0.00020089100000042492,,true,true,85d73e354cc50cec76cb5a50537cf8dc035f8cbb8480f9e1cbe2f7d6c23393c7,85d73e354cc50cec76cb5a50537cf8dc035f8cbb8480f9e1cbe2f7d6c23393c7,,,,,,,,,,,,,,,,,,,,"[""stdlib:shutil.copyfile""]",{}
mathzip-benchmark-results-v1,20260724T134555Z-8b4c06c2,quick,canterbury_files,datasets/data/canterbury/fields.c,fields.c,Upstream files retain their original terms; see dataset manifest,datasets/manifests/canterbury.json,datasets/data/canterbury/dataset.json,30daaac9157db37ceda0cc444f6c9c304e91cf17e0164d0a12bc354539937151,true,85d73e354cc50cec76cb5a50537cf8dc035f8cbb8480f9e1cbe2f7d6c23393c7,5.007698078197545,11150,gzip-fast,gzip,fast,,1,ok,,3,3,3665,3.0422919508867667,0.6713004484304932,67.13004484304932,2.629596412556054,0.0,0.0027623569912975654,0.002532696002162993,4.03640805121372,4.402423342745276,0.0021900000000005804,0.0019249999999999545,454656.0,true,true,730a5735d13cc21937b47a8617b75bdba08dd29624f34a586e1831f12e31cef5,85d73e354cc50cec76cb5a50537cf8dc035f8cbb8480f9e1cbe2f7d6c23393c7,,,,,,,,,,,,,,,,,,,,"[""'<external>/gzip' -d -c '<work>/archive.gz'"",""'<external>/gzip' -n -c -1 '<repo>/datasets/data/canterbury/fields.c'""]",{}
mathzip-benchmark-results-v1,20260724T134555Z-8b4c06c2,quick,canterbury_files,datasets/data/canterbury/fields.c,fields.c,Upstream files retain their original terms; see dataset manifest,datasets/manifests/canterbury.json,datasets/data/canterbury/dataset.json,30daaac9157db37ceda0cc444f6c9c304e91cf17e0164d0a12bc354539937151,true,85d73e354cc50cec76cb5a50537cf8dc035f8cbb8480f9e1cbe2f7d6c23393c7,5.007698078197545,11150,bzip2-fast,bzip2,fast,,1,ok,,3,3,3039,3.668970055939454,0.7274439461883409,72.74439461883408,2.1804484304932736,0.0,0.005117898996104486,0.003124077004031278,2.178628380217522,3.569054151229995,0.0044260000000022615,0.002460999999998492,344064.0,true,true,ec1025d89bf9ba30e04315c52f6ad9d1a42179ffd7395452db66c1f50bf30162,85d73e354cc50cec76cb5a50537cf8dc035f8cbb8480f9e1cbe2f7d6c23393c7,,,,,,,,,,,,,,,,,,,,"[""'<external>/bzip2' -c -1"",""'<external>/bzip2' -d -c '<work>/archive.bz2'""]",{}
mathzip-benchmark-results-v1,20260724T134555Z-8b4c06c2,quick,canterbury_files,datasets/data/canterbury/fields.c,fields.c,Upstream files retain their original terms; see dataset manifest,datasets/manifests/canterbury.json,datasets/data/canterbury/dataset.json,30daaac9157db37ceda0cc444f6c9c304e91cf17e0164d0a12bc354539937151,true,85d73e354cc50cec76cb5a50537cf8dc035f8cbb8480f9e1cbe2f7d6c23393c7,5.007698078197545,11150,xz-fast,xz,fast,,1,ok,,3,3,3228,3.4541511771995044,0.7104932735426008,71.04932735426009,2.316053811659193,0.0,0.009668763988884166,0.004014189995359629,1.1531980729717635,2.7776463029625673,0.008710000000000662,0.002541999999998268,368640.0,true,true,93fcfdb0119e490cf06aabdd019a09a63f4f5c59a9143e9f0221693f7d52b081,85d73e354cc50cec76cb5a50537cf8dc035f8cbb8480f9e1cbe2f7d6c23393c7,,,,,,,,,,,,,,,,,,,,"[""'<external>/xz' -c --threads=1 -1 '<repo>/datasets/data/canterbury/fields.c'"",""'<external>/xz' -d -c --threads=1 '<work>/archive.xz'""]",{}
mathzip-benchmark-results-v1,20260724T134555Z-8b4c06c2,quick,canterbury_files,datasets/data/canterbury/fields.c,fields.c,Upstream files retain their original terms; see dataset manifest,datasets/manifests/canterbury.json,datasets/data/canterbury/dataset.json,30daaac9157db37ceda0cc444f6c9c304e91cf17e0164d0a12bc354539937151,true,85d73e354cc50cec76cb5a50537cf8dc035f8cbb8480f9e1cbe2f7d6c23393c7,5.007698078197545,11150,zstd-fast,zstd,fast,,1,ok,,3,3,3560,3.1320224719101124,0.6807174887892377,68.07174887892377,2.5542600896860987,0.0,0.004431953013408929,0.004192955995677039,2.5158208957237442,2.6592218023503498,0.0038890000000009195,0.0036479999999983193,360448.0,true,true,029a8054534f92eb17e63c0d57dbf800c35ec26eed6131e757650d188e166d11,85d73e354cc50cec76cb5a50537cf8dc035f8cbb8480f9e1cbe2f7d6c23393c7,,,,,,,,,,,,,,,,,,,,"[""'<external>/zstd' -q -d -c '<work>/archive.zst'"",""'<external>/zstd' -q -f -T1 -1 -c '<repo>/datasets/data/canterbury/fields.c'""]",{}
mathzip-benchmark-results-v1,20260724T134555Z-8b4c06c2,quick,canterbury_files,datasets/data/canterbury/fields.c,fields.c,Upstream files retain their original terms; see dataset manifest,datasets/manifests/canterbury.json,datasets/data/canterbury/dataset.json,30daaac9157db37ceda0cc444f6c9c304e91cf17e0164d0a12bc354539937151,true,85d73e354cc50cec76cb5a50537cf8dc035f8cbb8480f9e1cbe2f7d6c23393c7,5.007698078197545,11150,lz4-fast,lz4,fast,,1,ok,,3,3,5234,2.130301872372946,0.5305829596412557,53.05829596412557,3.755336322869955,0.0,0.0025975970056606457,0.0025910640106303617,4.292428723817467,4.303251465133583,0.002036000000000371,0.0019999999999988916,348160.0,true,true,1dfd279df1b1d62129cbafb332c1a2feb6c472d6c970079aef11361121c38acb,85d73e354cc50cec76cb5a50537cf8dc035f8cbb8480f9e1cbe2f7d6c23393c7,,,,,,,,,,,,,,,,,,,,"[""'<tmp>/mathzip-toolpkgs.cQThTC/extracted/usr/bin/lz4' -q -d -f '<work>/archive.lz4' '<work>/restored.bin'"",""'<tmp>/mathzip-toolpkgs.cQThTC/extracted/usr/bin/lz4' -q -f -1 '<repo>/datasets/data/canterbury/fields.c' '<work>/archive.lz4'""]",{}
mathzip-benchmark-results-v1,20260724T134555Z-8b4c06c2,quick,canterbury_files,datasets/data/canterbury/fields.c,fields.c,Upstream files retain their original terms; see dataset manifest,datasets/manifests/canterbury.json,datasets/data/canterbury/dataset.json,30daaac9157db37ceda0cc444f6c9c304e91cf17e0164d0a12bc354539937151,true,85d73e354cc50cec76cb5a50537cf8dc035f8cbb8480f9e1cbe2f7d6c23393c7,5.007698078197545,11150,brotli-fast,brotli,fast,,1,ok,,3,3,3273,3.4066605560647725,0.7064573991031391,70.6457399103139,2.3483408071748877,0.0,0.004630923998774961,0.003227445005904883,2.4077268387366235,3.4547451558741153,0.004068000000000183,0.0025680000000001257,352256.0,true,true,385ec12ba9366b43789f6f80187de2e28229d85377bdc12b4ae4959bded788a7,85d73e354cc50cec76cb5a50537cf8dc035f8cbb8480f9e1cbe2f7d6c23393c7,,,,,,,,,,,,,,,,,,,,"[""'<tmp>/mathzip-toolpkgs.cQThTC/extracted/usr/bin/brotli' -f -d -o '<work>/restored.bin' '<work>/archive.br'"",""'<tmp>/mathzip-toolpkgs.cQThTC/extracted/usr/bin/brotli' -f -q 4 -o '<work>/archive.br' '<repo>/datasets/data/canterbury/fields.c'""]",{}
mathzip-benchmark-results-v1,20260724T134555Z-8b4c06c2,quick,canterbury_files,datasets/data/canterbury/fields.c,fields.c,Upstream files retain their original terms; see dataset manifest,datasets/manifests/canterbury.json,datasets/data/canterbury/dataset.json,30daaac9157db37ceda0cc444f6c9c304e91cf17e0164d0a12bc354539937151,true,85d73e354cc50cec76cb5a50537cf8dc035f8cbb8480f9e1cbe2f7d6c23393c7,5.007698078197545,11150,7z-fast,7z,fast,,1,ok,,3,3,3238,3.443483631871526,0.7095964125560539,70.95964125560539,2.3232286995515694,0.0,0.009736268999404274,0.006831150996731594,1.145202541207749,1.632228595932777,0.009005000000001928,0.006208999999998355,401408.0,true,true,bdbbf8ac260a71768969a5f3972d305d3593a925aff47178ef155aab579696fc,85d73e354cc50cec76cb5a50537cf8dc035f8cbb8480f9e1cbe2f7d6c23393c7,,,,,,,,,,,,,,,,,,,,"[""'<tmp>/mathzip-toolpkgs.cQThTC/extracted/usr/lib/7zip/7z' a -y -bd -bso0 -bsp0 -t7z -m0=lzma2 -mx=1 -mmt=1 '<work>/archive.7z' '<repo>/datasets/data/canterbury/fields.c'"",""'<tmp>/mathzip-toolpkgs.cQThTC/extracted/usr/lib/7zip/7z' e -so -bd -mmt=1 '<work>/archive.7z'""]",{}
mathzip-benchmark-results-v1,20260724T134555Z-8b4c06c2,quick,canterbury_files,datasets/data/canterbury/grammar.lsp,grammar.lsp,Upstream files retain their original terms; see dataset manifest,datasets/manifests/canterbury.json,datasets/data/canterbury/dataset.json,30daaac9157db37ceda0cc444f6c9c304e91cf17e0164d0a12bc354539937151,true,1b0805dfc0ae706b35aac2bb4e15f02485efd24dda5dbd29de7b2f84d1a88c15,4.632267666454029,3721,mathzip-fast,mathzip,fast,,1,ok,,3,3,3413,1.0902431878113097,0.08277344799785002,8.277344799785002,7.3378124160172,0.0,0.006940027989912778,0.004916417005006224,0.5361649845517071,0.756851991238951,0.0060259999999985325,0.0030780000000003582,425984.0,true,true,4d6ba0bb2e85718b710c9c47ace685c9e06a02fb0c6eaf9657a63dd44f65ed8f,1b0805dfc0ae706b35aac2bb4e15f02485efd24dda5dbd29de7b2f84d1a88c15,"[{""type"":""identity""}]",1,3721.0,3721.0,"{""raw"":1}","{""bit_pack"":1}",0,36,3257,120,100.0,0.0,4.632267666454031,3257,0,0,0.000273763,9.6181e-05,0.002600946,"[""'<repo>/target/release/mathzip' compress --mode fast --max-input-bytes 8589934592 --no-sync --force '<repo>/datasets/data/canterbury/grammar.lsp' '<work>/archive.mz'"",""'<repo>/target/release/mathzip' compress --mode fast --max-input-bytes 8589934592 --no-sync --force --metrics-output '<work>/metrics-probe.mz.metrics.json' '<repo>/datasets/data/canterbury/grammar.lsp' '<work>/metrics-probe.mz'"",""'<repo>/target/release/mathzip' decompress --max-archive-bytes 17179869184 --max-output-bytes 8589934592 --max-segments 8388608 --no-sync --force '<work>/archive.mz' '<work>/restored.bin'""]",{}
mathzip-benchmark-results-v1,20260724T134555Z-8b4c06c2,quick,canterbury_files,datasets/data/canterbury/grammar.lsp,grammar.lsp,Upstream files retain their original terms; see dataset manifest,datasets/manifests/canterbury.json,datasets/data/canterbury/dataset.json,30daaac9157db37ceda0cc444f6c9c304e91cf17e0164d0a12bc354539937151,true,1b0805dfc0ae706b35aac2bb4e15f02485efd24dda5dbd29de7b2f84d1a88c15,4.632267666454029,3721,raw,raw,default,,1,ok,,3,3,3721,1.0,0.0,0.0,8.0,0.0,0.00021367099543567747,0.00019262899877503514,17.414623788375398,19.31692540408015,0.00021762800000058036,0.00019624000000018071,,true,true,1b0805dfc0ae706b35aac2bb4e15f02485efd24dda5dbd29de7b2f84d1a88c15,1b0805dfc0ae706b35aac2bb4e15f02485efd24dda5dbd29de7b2f84d1a88c15,,,,,,,,,,,,,,,,,,,,"[""stdlib:shutil.copyfile""]",{}
mathzip-benchmark-results-v1,20260724T134555Z-8b4c06c2,quick,canterbury_files,datasets/data/canterbury/grammar.lsp,grammar.lsp,Upstream files retain their original terms; see dataset manifest,datasets/manifests/canterbury.json,datasets/data/canterbury/dataset.json,30daaac9157db37ceda0cc444f6c9c304e91cf17e0164d0a12bc354539937151,true,1b0805dfc0ae706b35aac2bb4e15f02485efd24dda5dbd29de7b2f84d1a88c15,4.632267666454029,3721,gzip-fast,gzip,fast,,1,ok,,3,3,1344,2.7686011904761907,0.638806772373018,63.880677237301796,2.8895458210158558,0.0,0.0030504850001307204,0.0024305490078404546,1.219806030792004,1.5309298384837393,0.0023569999999999425,0.0018890000000002516,462848.0,true,true,4cd26e390746a5ed7974eefebc9f6b9cf3a237a9a7484291ec3ffa4e94b992eb,1b0805dfc0ae706b35aac2bb4e15f02485efd24dda5dbd29de7b2f84d1a88c15,,,,,,,,,,,,,,,,,,,,"[""'<external>/gzip' -d -c '<work>/archive.gz'"",""'<external>/gzip' -n -c -1 '<repo>/datasets/data/canterbury/grammar.lsp'""]",{}
mathzip-benchmark-results-v1,20260724T134555Z-8b4c06c2,quick,canterbury_files,datasets/data/canterbury/grammar.lsp,grammar.lsp,Upstream files retain their original terms; see dataset manifest,datasets/manifests/canterbury.json,datasets/data/canterbury/dataset.json,30daaac9157db37ceda0cc444f6c9c304e91cf17e0164d0a12bc354539937151,true,1b0805dfc0ae706b35aac2bb4e15f02485efd24dda5dbd29de7b2f84d1a88c15,4.632267666454029,3721,bzip2-fast,bzip2,fast,,1,ok,,3,3,1283,2.9002338269680434,0.6552002149959688,65.52002149959688,2.7583982800322495,0.0,0.006215123998117633,0.0038403620128519833,0.5987008466970207,0.9689190726154118,0.005531000000001285,0.0030760000000000787,344064.0,true,true,5159c9413a5410d2ef9af5efeb8c28016716eb4b0d57adef47c30da033ba6cb8,1b0805dfc0ae706b35aac2bb4e15f02485efd24dda5dbd29de7b2f84d1a88c15,,,,,,,,,,,,,,,,,,,,"[""'<external>/bzip2' -c -1"",""'<external>/bzip2' -d -c '<work>/archive.bz2'""]",{}
mathzip-benchmark-results-v1,20260724T134555Z-8b4c06c2,quick,canterbury_files,datasets/data/canterbury/grammar.lsp,grammar.lsp,Upstream files retain their original terms; see dataset manifest,datasets/manifests/canterbury.json,datasets/data/canterbury/dataset.json,30daaac9157db37ceda0cc444f6c9c304e91cf17e0164d0a12bc354539937151,true,1b0805dfc0ae706b35aac2bb4e15f02485efd24dda5dbd29de7b2f84d1a88c15,4.632267666454029,3721,xz-fast,xz,fast,,1,ok,,3,3,1332,2.7935435435435436,0.6420317119054018,64.20317119054017,2.863746304756786,0.0,0.01394400600111112,0.004527842000243254,0.2668530119467457,0.8218042943636489,0.012675999999999021,0.00247099999999989,827392.0,true,true,dbf70c17647ad0ad7ce3314446c57a6e913a3029454a98895ce8406f38db6157,1b0805dfc0ae706b35aac2bb4e15f02485efd24dda5dbd29de7b2f84d1a88c15,,,,,,,,,,,,,,,,,,,,"[""'<external>/xz' -c --threads=1 -1 '<repo>/datasets/data/canterbury/grammar.lsp'"",""'<external>/xz' -d -c --threads=1 '<work>/archive.xz'""]",{}
mathzip-benchmark-results-v1,20260724T134555Z-8b4c06c2,quick,canterbury_files,datasets/data/canterbury/grammar.lsp,grammar.lsp,Upstream files retain their original terms; see dataset manifest,datasets/manifests/canterbury.json,datasets/data/canterbury/dataset.json,30daaac9157db37ceda0cc444f6c9c304e91cf17e0164d0a12bc354539937151,true,1b0805dfc0ae706b35aac2bb4e15f02485efd24dda5dbd29de7b2f84d1a88c15,4.632267666454029,3721,zstd-fast,zstd,fast,,1,ok,,3,3,1341,2.7747949291573453,0.6396130072561139,63.961300725611395,2.883095941951088,0.0,0.004923121989122592,0.004813065999769606,0.7558212061820478,0.7731038801832592,0.004058000000000561,0.003973000000000226,380928.0,true,true,9abd5ced41a0f4e9c4224bc05108dea37073c77311f34f67aca1360b30994953,1b0805dfc0ae706b35aac2bb4e15f02485efd24dda5dbd29de7b2f84d1a88c15,,,,,,,,,,,,,,,,,,,,"[""'<external>/zstd' -q -d -c '<work>/archive.zst'"",""'<external>/zstd' -q -f -T1 -1 -c '<repo>/datasets/data/canterbury/grammar.lsp'""]",{}
mathzip-benchmark-results-v1,20260724T134555Z-8b4c06c2,quick,canterbury_files,datasets/data/canterbury/grammar.lsp,grammar.lsp,Upstream files retain their original terms; see dataset manifest,datasets/manifests/canterbury.json,datasets/data/canterbury/dataset.json,30daaac9157db37ceda0cc444f6c9c304e91cf17e0164d0a12bc354539937151,true,1b0805dfc0ae706b35aac2bb4e15f02485efd24dda5dbd29de7b2f84d1a88c15,4.632267666454029,3721,lz4-fast,lz4,fast,,1,ok,,3,3,1931,1.9269808389435525,0.48105348024724537,48.105348024724535,4.151572158022037,0.0,0.004443070996785536,0.003534225994371809,0.8374838040382566,1.0528472163143006,0.0037529999999996733,0.0026679999999998927,532480.0,true,true,4f0202be94eb681a42cccd3f85718d6f77caf2cc4b0117ddf9ea0226ba60ab10,1b0805dfc0ae706b35aac2bb4e15f02485efd24dda5dbd29de7b2f84d1a88c15,,,,,,,,,,,,,,,,,,,,"[""'<tmp>/mathzip-toolpkgs.cQThTC/extracted/usr/bin/lz4' -q -d -f '<work>/archive.lz4' '<work>/restored.bin'"",""'<tmp>/mathzip-toolpkgs.cQThTC/extracted/usr/bin/lz4' -q -f -1 '<repo>/datasets/data/canterbury/grammar.lsp' '<work>/archive.lz4'""]",{}
mathzip-benchmark-results-v1,20260724T134555Z-8b4c06c2,quick,canterbury_files,datasets/data/canterbury/grammar.lsp,grammar.lsp,Upstream files retain their original terms; see dataset manifest,datasets/manifests/canterbury.json,datasets/data/canterbury/dataset.json,30daaac9157db37ceda0cc444f6c9c304e91cf17e0164d0a12bc354539937151,true,1b0805dfc0ae706b35aac2bb4e15f02485efd24dda5dbd29de7b2f84d1a88c15,4.632267666454029,3721,brotli-fast,brotli,fast,,1,ok,,3,3,1258,2.9578696343402227,0.6619188390217683,66.19188390217683,2.7046492878258532,0.0,0.0067406370071694255,0.0037493900017580017,0.5520249786544354,0.99242810117254,0.005592999999999293,0.0028149999999982356,368640.0,true,true,8e63d25825a4ede4331e52af6ea581217855b0e3f03a538e04f9afa41e0e24bc,1b0805dfc0ae706b35aac2bb4e15f02485efd24dda5dbd29de7b2f84d1a88c15,,,,,,,,,,,,,,,,,,,,"[""'<tmp>/mathzip-toolpkgs.cQThTC/extracted/usr/bin/brotli' -f -d -o '<work>/restored.bin' '<work>/archive.br'"",""'<tmp>/mathzip-toolpkgs.cQThTC/extracted/usr/bin/brotli' -f -q 4 -o '<work>/archive.br' '<repo>/datasets/data/canterbury/grammar.lsp'""]",{}
mathzip-benchmark-results-v1,20260724T134555Z-8b4c06c2,quick,canterbury_files,datasets/data/canterbury/grammar.lsp,grammar.lsp,Upstream files retain their original terms; see dataset manifest,datasets/manifests/canterbury.json,datasets/data/canterbury/dataset.json,30daaac9157db37ceda0cc444f6c9c304e91cf17e0164d0a12bc354539937151,true,1b0805dfc0ae706b35aac2bb4e15f02485efd24dda5dbd29de7b2f84d1a88c15,4.632267666454029,3721,7z-fast,7z,fast,,1,ok,,3,3,1406,2.64651493598862,0.6221445847890352,62.21445847890352,3.022843321687718,0.0,0.010541776995523833,0.007111116996384226,0.3529765429092251,0.5232651919370767,0.009551999999999339,0.0061720000000011765,593920.0,true,true,6fdc92c76d4ac8f39e2adce35ed514d523c87ef594971e3303f49a75127968d9,1b0805dfc0ae706b35aac2bb4e15f02485efd24dda5dbd29de7b2f84d1a88c15,,,,,,,,,,,,,,,,,,,,"[""'<tmp>/mathzip-toolpkgs.cQThTC/extracted/usr/lib/7zip/7z' a -y -bd -bso0 -bsp0 -t7z -m0=lzma2 -mx=1 -mmt=1 '<work>/archive.7z' '<repo>/datasets/data/canterbury/grammar.lsp'"",""'<tmp>/mathzip-toolpkgs.cQThTC/extracted/usr/lib/7zip/7z' e -so -bd -mmt=1 '<work>/archive.7z'""]",{}
mathzip-benchmark-results-v1,20260724T134555Z-8b4c06c2,quick,canterbury_files,datasets/data/canterbury/kennedy.xls,kennedy.xls,Upstream files retain their original terms; see dataset manifest,datasets/manifests/canterbury.json,datasets/data/canterbury/dataset.json,30daaac9157db37ceda0cc444f6c9c304e91cf17e0164d0a12bc354539937151,true,9af47239ca29dfe20e633f80bbbb9a4cc9783d0803d7b2b5626f42e4c3790420,3.573470858581421,1029744,mathzip-fast,mathzip,fast,,1,ok,,3,3,1018201,1.0113366614253965,0.01120958218741741,1.120958218741741,7.910323342500661,0.0,0.558757020990015,0.028648373001487926,1.842919124623226,35.944240182383744,0.557421999999999,0.027352000000000487,10702848.0,true,true,87e8f0158a6187bd72f6ea4bfd114091057ff82ca0694f4beff640417823527d,9af47239ca29dfe20e633f80bbbb9a4cc9783d0803d7b2b5626f42e4c3790420,"[{""type"":""xor""}]",63,16345.142857142857,16384.0,"{""constant"":1,""periodic"":25,""raw"":37}","{""raw"":37,""zero_run"":26}",205,2268,1015608,120,58.6320483537656,58.6320483537656,5.745126551594269,1015608,26,0,0.07672811,0.011207541,0.45868145,"[""'<repo>/target/release/mathzip' compress --mode fast --max-input-bytes 8589934592 --no-sync --force '<repo>/datasets/data/canterbury/kennedy.xls' '<work>/archive.mz'"",""'<repo>/target/release/mathzip' compress --mode fast --max-input-bytes 8589934592 --no-sync --force --metrics-output '<work>/metrics-probe.mz.metrics.json' '<repo>/datasets/data/canterbury/kennedy.xls' '<work>/metrics-probe.mz'"",""'<repo>/target/release/mathzip' decompress --max-archive-bytes 17179869184 --max-output-bytes 8589934592 --max-segments 8388608 --no-sync --force '<work>/archive.mz' '<work>/restored.bin'""]",{}
mathzip-benchmark-results-v1,20260724T134555Z-8b4c06c2,quick,canterbury_files,datasets/data/canterbury/kennedy.xls,kennedy.xls,Upstream files retain their original terms; see dataset manifest,datasets/manifests/canterbury.json,datasets/data/canterbury/dataset.json,30daaac9157db37ceda0cc444f6c9c304e91cf17e0164d0a12bc354539937151,true,9af47239ca29dfe20e633f80bbbb9a4cc9783d0803d7b2b5626f42e4c3790420,3.573470858581421,1029744,raw,raw,default,,1,ok,,3,3,1029744,1.0,0.0,0.0,8.0,0.0,0.0010635219950927421,0.0010402910120319575,968.2394955171599,989.8614792303583,0.0010675560000006357,0.0010437550000004236,,true,true,9af47239ca29dfe20e633f80bbbb9a4cc9783d0803d7b2b5626f42e4c3790420,9af47239ca29dfe20e633f80bbbb9a4cc9783d0803d7b2b5626f42e4c3790420,,,,,,,,,,,,,,,,,,,,"[""stdlib:shutil.copyfile""]",{}
mathzip-benchmark-results-v1,20260724T134555Z-8b4c06c2,quick,canterbury_files,datasets/data/canterbury/kennedy.xls,kennedy.xls,Upstream files retain their original terms; see dataset manifest,datasets/manifests/canterbury.json,datasets/data/canterbury/dataset.json,30daaac9157db37ceda0cc444f6c9c304e91cf17e0164d0a12bc354539937151,true,9af47239ca29dfe20e633f80bbbb9a4cc9783d0803d7b2b5626f42e4c3790420,3.573470858581421,1029744,gzip-fast,gzip,fast,,1,ok,,3,3,245025,4.202607897153352,0.7620525101384421,76.2052510138442,1.9035799188924627,0.0,0.0169791219959734,0.010877353997784667,60.647658945156515,94.66861152167361,0.016313000000000244,0.010177999999999798,1847296.0,true,true,cd6f3661478bd2d25ae215ccb270d7d68cacb34b65026a11f552ebf6f5fa13b7,9af47239ca29dfe20e633f80bbbb9a4cc9783d0803d7b2b5626f42e4c3790420,,,,,,,,,,,,,,,,,,,,"[""'<external>/gzip' -d -c '<work>/archive.gz'"",""'<external>/gzip' -n -c -1 '<repo>/datasets/data/canterbury/kennedy.xls'""]",{}
mathzip-benchmark-results-v1,20260724T134555Z-8b4c06c2,quick,canterbury_files,datasets/data/canterbury/kennedy.xls,kennedy.xls,Upstream files retain their original terms; see dataset manifest,datasets/manifests/canterbury.json,datasets/data/canterbury/dataset.json,30daaac9157db37ceda0cc444f6c9c304e91cf17e0164d0a12bc354539937151,true,9af47239ca29dfe20e633f80bbbb9a4cc9783d0803d7b2b5626f42e4c3790420,3.573470858581421,1029744,bzip2-fast,bzip2,fast,,1,ok,,3,3,123054,8.368228582573504,0.8805003962149816,88.05003962149816,0.9559968302801473,0.0,0.07587051400332712,0.02717729500727728,13.572387290731193,37.8898635689926,0.0750719999999987,0.026253999999998,2453504.0,true,true,a4d6eac3117ceab29eced265a9bf43983d613ad4d2f81f08b8a6b0495f4b4230,9af47239ca29dfe20e633f80bbbb9a4cc9783d0803d7b2b5626f42e4c3790420,,,,,,,,,,,,,,,,,,,,"[""'<external>/bzip2' -c -1"",""'<external>/bzip2' -d -c '<work>/archive.bz2'""]",{}
mathzip-benchmark-results-v1,20260724T134555Z-8b4c06c2,quick,canterbury_files,datasets/data/canterbury/kennedy.xls,kennedy.xls,Upstream files retain their original terms; see dataset manifest,datasets/manifests/canterbury.json,datasets/data/canterbury/dataset.json,30daaac9157db37ceda0cc444f6c9c304e91cf17e0164d0a12bc354539937151,true,9af47239ca29dfe20e633f80bbbb9a4cc9783d0803d7b2b5626f42e4c3790420,3.573470858581421,1029744,xz-fast,xz,fast,,1,ok,,3,3,66836,15.407026153569932,0.9350945477710965,93.50945477710965,0.519243617831228,0.0,0.06580187600047793,0.014762524006073363,15.649158695604982,69.75392551953576,0.06366699999999881,0.013386000000000564,8949760.0,true,true,2c73c74f612e5ce3d5df639ee4fb9114b4b60eaa5384c841aaa8422c20cece1c,9af47239ca29dfe20e633f80bbbb9a4cc9783d0803d7b2b5626f42e4c3790420,,,,,,,,,,,,,,,,,,,,"[""'<external>/xz' -c --threads=1 -1 '<repo>/datasets/data/canterbury/kennedy.xls'"",""'<external>/xz' -d -c --threads=1 '<work>/archive.xz'""]",{}
mathzip-benchmark-results-v1,20260724T134555Z-8b4c06c2,quick,canterbury_files,datasets/data/canterbury/kennedy.xls,kennedy.xls,Upstream files retain their original terms; see dataset manifest,datasets/manifests/canterbury.json,datasets/data/canterbury/dataset.json,30daaac9157db37ceda0cc444f6c9c304e91cf17e0164d0a12bc354539937151,true,9af47239ca29dfe20e633f80bbbb9a4cc9783d0803d7b2b5626f42e4c3790420,3.573470858581421,1029744,zstd-fast,zstd,fast,,1,ok,,3,3,115395,8.923644871961523,0.8879381671561087,88.79381671561087,0.8964946627511304,0.0,0.013081634999252856,0.008579183006077074,78.71676591334437,120.02821239162047,0.013476999999999961,0.008151999999999049,4096000.0,true,true,aa685ee8f414c970b2e7e41a91df2c5b108be07d062163d927be06370cb6a4f7,9af47239ca29dfe20e633f80bbbb9a4cc9783d0803d7b2b5626f42e4c3790420,,,,,,,,,,,,,,,,,,,,"[""'<external>/zstd' -q -d -c '<work>/archive.zst'"",""'<external>/zstd' -q -f -T1 -1 -c '<repo>/datasets/data/canterbury/kennedy.xls'""]",{}
mathzip-benchmark-results-v1,20260724T134555Z-8b4c06c2,quick,canterbury_files,datasets/data/canterbury/kennedy.xls,kennedy.xls,Upstream files retain their original terms; see dataset manifest,datasets/manifests/canterbury.json,datasets/data/canterbury/dataset.json,30daaac9157db37ceda0cc444f6c9c304e91cf17e0164d0a12bc354539937151,true,9af47239ca29dfe20e633f80bbbb9a4cc9783d0803d7b2b5626f42e4c3790420,3.573470858581421,1029744,lz4-fast,lz4,fast,,1,ok,,3,3,374723,2.7480138662425313,0.636100817290511,63.6100817290511,2.9111934616759116,0.0,0.007897011004388332,0.00668415600375738,130.3966778604938,154.05744561035795,0.0071229999999999905,0.006085000000000562,454656.0,true,true,135a9340cf0e01c20a776b1d50d79ef26d62484fc7732563739a3825588a2814,9af47239ca29dfe20e633f80bbbb9a4cc9783d0803d7b2b5626f42e4c3790420,,,,,,,,,,,,,,,,,,,,"[""'<tmp>/mathzip-toolpkgs.cQThTC/extracted/usr/bin/lz4' -q -d -f '<work>/archive.lz4' '<work>/restored.bin'"",""'<tmp>/mathzip-toolpkgs.cQThTC/extracted/usr/bin/lz4' -q -f -1 '<repo>/datasets/data/canterbury/kennedy.xls' '<work>/archive.lz4'""]",{}
mathzip-benchmark-results-v1,20260724T134555Z-8b4c06c2,quick,canterbury_files,datasets/data/canterbury/kennedy.xls,kennedy.xls,Upstream files retain their original terms; see dataset manifest,datasets/manifests/canterbury.json,datasets/data/canterbury/dataset.json,30daaac9157db37ceda0cc444f6c9c304e91cf17e0164d0a12bc354539937151,true,9af47239ca29dfe20e633f80bbbb9a4cc9783d0803d7b2b5626f42e4c3790420,3.573470858581421,1029744,brotli-fast,brotli,fast,,1,ok,,3,3,113743,9.053251628671655,0.8895424493854783,88.95424493854783,0.8836604049161734,0.0,0.035509909997927025,0.010609734003082849,28.99877808927462,97.05653315161241,0.03374599999999717,0.009582000000001756,5619712.0,true,true,05232094ee0a6529c8f73e3bf5c07fc05c333806315b41ce4ff750185d8d1700,9af47239ca29dfe20e633f80bbbb9a4cc9783d0803d7b2b5626f42e4c3790420,,,,,,,,,,,,,,,,,,,,"[""'<tmp>/mathzip-toolpkgs.cQThTC/extracted/usr/bin/brotli' -f -d -o '<work>/restored.bin' '<work>/archive.br'"",""'<tmp>/mathzip-toolpkgs.cQThTC/extracted/usr/bin/brotli' -f -q 4 -o '<work>/archive.br' '<repo>/datasets/data/canterbury/kennedy.xls'""]",{}
mathzip-benchmark-results-v1,20260724T134555Z-8b4c06c2,quick,canterbury_files,datasets/data/canterbury/kennedy.xls,kennedy.xls,Upstream files retain their original terms; see dataset manifest,datasets/manifests/canterbury.json,datasets/data/canterbury/dataset.json,30daaac9157db37ceda0cc444f6c9c304e91cf17e0164d0a12bc354539937151,true,9af47239ca29dfe20e633f80bbbb9a4cc9783d0803d7b2b5626f42e4c3790420,3.573470858581421,1029744,7z-fast,7z,fast,,1,ok,,3,3,71855,14.330860761255305,0.9302205208284777,93.02205208284778,0.558235833372178,0.0,0.07439099899784196,0.016561357988393866,13.842319821916524,62.17750988304465,0.07321199999999806,0.0158440000000013,9625600.0,true,true,8375a5aa9b16bee7e85b059be976f42e7e2b2f0cf325bfebca48b2ab777621ec,9af47239ca29dfe20e633f80bbbb9a4cc9783d0803d7b2b5626f42e4c3790420,,,,,,,,,,,,,,,,,,,,"[""'<tmp>/mathzip-toolpkgs.cQThTC/extracted/usr/lib/7zip/7z' a -y -bd -bso0 -bsp0 -t7z -m0=lzma2 -mx=1 -mmt=1 '<work>/archive.7z' '<repo>/datasets/data/canterbury/kennedy.xls'"",""'<tmp>/mathzip-toolpkgs.cQThTC/extracted/usr/lib/7zip/7z' e -so -bd -mmt=1 '<work>/archive.7z'""]",{}
mathzip-benchmark-results-v1,20260724T134555Z-8b4c06c2,quick,canterbury_files,datasets/data/canterbury/lcet10.txt,lcet10.txt,Upstream files retain their original terms; see dataset manifest,datasets/manifests/canterbury.json,datasets/data/canterbury/dataset.json,30daaac9157db37ceda0cc444f6c9c304e91cf17e0164d0a12bc354539937151,true,5314ba1dbb03f471df88bec6cd120a938ef60d0fd3511c5c1dce61bf7463245f,4.669117836842554,426754,mathzip-fast,mathzip,fast,,1,ok,,3,3,374520,1.1394691872263163,0.12239838408075843,12.239838408075842,7.020812927353933,0.0,0.352508668001974,0.017509222001535818,1.2106198761546774,24.37309892824292,0.35111300000000156,0.016811000000000575,6262784.0,true,true,dad70f11d7114fce73a552940052d783a7464341de024fc863bb3d4d7f3f8203,5314ba1dbb03f471df88bec6cd120a938ef60d0fd3511c5c1dce61bf7463245f,"[{""type"":""xor""}]",27,15805.703703703704,16384.0,"{""raw"":27}","{""bit_pack"":26,""zero_run"":1}",0,972,373428,120,100.0,0.0,5.811180979718952,373428,0,0,0.029994534,0.004613122,0.311626423,"[""'<repo>/target/release/mathzip' compress --mode fast --max-input-bytes 8589934592 --no-sync --force '<repo>/datasets/data/canterbury/lcet10.txt' '<work>/archive.mz'"",""'<repo>/target/release/mathzip' compress --mode fast --max-input-bytes 8589934592 --no-sync --force --metrics-output '<work>/metrics-probe.mz.metrics.json' '<repo>/datasets/data/canterbury/lcet10.txt' '<work>/metrics-probe.mz'"",""'<repo>/target/release/mathzip' decompress --max-archive-bytes 17179869184 --max-output-bytes 8589934592 --max-segments 8388608 --no-sync --force '<work>/archive.mz' '<work>/restored.bin'""]",{}
mathzip-benchmark-results-v1,20260724T134555Z-8b4c06c2,quick,canterbury_files,datasets/data/canterbury/lcet10.txt,lcet10.txt,Upstream files retain their original terms; see dataset manifest,datasets/manifests/canterbury.json,datasets/data/canterbury/dataset.json,30daaac9157db37ceda0cc444f6c9c304e91cf17e0164d0a12bc354539937151,true,5314ba1dbb03f471df88bec6cd120a938ef60d0fd3511c5c1dce61bf7463245f,4.669117836842554,426754,raw,raw,default,,1,ok,,3,3,426754,1.0,0.0,0.0,8.0,0.0,0.0005547729961108416,0.0005566690088016912,769.2407579166598,766.620726594154,0.0005587419999999454,0.000560172999999331,,true,true,5314ba1dbb03f471df88bec6cd120a938ef60d0fd3511c5c1dce61bf7463245f,5314ba1dbb03f471df88bec6cd120a938ef60d0fd3511c5c1dce61bf7463245f,,,,,,,,,,,,,,,,,,,,"[""stdlib:shutil.copyfile""]",{}
mathzip-benchmark-results-v1,20260724T134555Z-8b4c06c2,quick,canterbury_files,datasets/data/canterbury/lcet10.txt,lcet10.txt,Upstream files retain their original terms; see dataset manifest,datasets/manifests/canterbury.json,datasets/data/canterbury/dataset.json,30daaac9157db37ceda0cc444f6c9c304e91cf17e0164d0a12bc354539937151,true,5314ba1dbb03f471df88bec6cd120a938ef60d0fd3511c5c1dce61bf7463245f,4.669117836842554,426754,gzip-fast,gzip,fast,,1,ok,,3,3,174121,2.450904830548871,0.5919874213246976,59.19874213246976,3.264100629402419,0.0,0.013288589994772337,0.008364360008272342,32.11431763399148,51.02052034799325,0.01217200000000318,0.007238999999998441,1884160.0,true,true,da5ca430a3481350baa9b4f80feb8f3b716d3ef7e295bac855624ff0328e2152,5314ba1dbb03f471df88bec6cd120a938ef60d0fd3511c5c1dce61bf7463245f,,,,,,,,,,,,,,,,,,,,"[""'<external>/gzip' -d -c '<work>/archive.gz'"",""'<external>/gzip' -n -c -1 '<repo>/datasets/data/canterbury/lcet10.txt'""]",{}
mathzip-benchmark-results-v1,20260724T134555Z-8b4c06c2,quick,canterbury_files,datasets/data/canterbury/lcet10.txt,lcet10.txt,Upstream files retain their original terms; see dataset manifest,datasets/manifests/canterbury.json,datasets/data/canterbury/dataset.json,30daaac9157db37ceda0cc444f6c9c304e91cf17e0164d0a12bc354539937151,true,5314ba1dbb03f471df88bec6cd120a938ef60d0fd3511c5c1dce61bf7463245f,4.669117836842554,426754,bzip2-fast,bzip2,fast,,1,ok,,3,3,124819,3.4189826869306756,0.7075153367045183,70.75153367045182,2.339877306363854,0.0,0.05129739899712149,0.023611256998265162,8.319213222174227,18.074175383011408,0.050290999999997865,0.022293999999998704,2453504.0,true,true,915a7fd6ba3a94d05ed52221f1c59d9df021abc907bb07009d63e16fe03324c6,5314ba1dbb03f471df88bec6cd120a938ef60d0fd3511c5c1dce61bf7463245f,,,,,,,,,,,,,,,,,,,,"[""'<external>/bzip2' -c -1"",""'<external>/bzip2' -d -c '<work>/archive.bz2'""]",{}
mathzip-benchmark-results-v1,20260724T134555Z-8b4c06c2,quick,canterbury_files,datasets/data/canterbury/lcet10.txt,lcet10.txt,Upstream files retain their original terms; see dataset manifest,datasets/manifests/canterbury.json,datasets/data/canterbury/dataset.json,30daaac9157db37ceda0cc444f6c9c304e91cf17e0164d0a12bc354539937151,true,5314ba1dbb03f471df88bec6cd120a938ef60d0fd3511c5c1dce61bf7463245f,4.669117836842554,426754,xz-fast,xz,fast,,1,ok,,3,3,137408,3.105743479273405,0.6780159061192162,67.80159061192163,2.57587275104627,0.0,0.06324635600321926,0.01564127100573387,6.747487554512675,27.283844122613694,0.06036900000000145,0.01379400000000075,6467584.0,true,true,788935a79527c2d125f4c1b9feb32170b853c33bf2dcb88094fabf9e3609718a,5314ba1dbb03f471df88bec6cd120a938ef60d0fd3511c5c1dce61bf7463245f,,,,,,,,,,,,,,,,,,,,"[""'<external>/xz' -c --threads=1 -1 '<repo>/datasets/data/canterbury/lcet10.txt'"",""'<external>/xz' -d -c --threads=1 '<work>/archive.xz'""]",{}
mathzip-benchmark-results-v1,20260724T134555Z-8b4c06c2,quick,canterbury_files,datasets/data/canterbury/lcet10.txt,lcet10.txt,Upstream files retain their original terms; see dataset manifest,datasets/manifests/canterbury.json,datasets/data/canterbury/dataset.json,30daaac9157db37ceda0cc444f6c9c304e91cf17e0164d0a12bc354539937151,true,5314ba1dbb03f471df88bec6cd120a938ef60d0fd3511c5c1dce61bf7463245f,4.669117836842554,426754,zstd-fast,zstd,fast,,1,ok,,3,3,158524,2.692046630163256,0.6285354091584379,62.85354091584379,2.971716726732497,0.0,0.010016575994086452,0.006610667987843044,42.604778344610516,64.55535216483366,0.009413000000002114,0.005934999999997359,360448.0,true,true,3d6a80b58a19ed1f55fb97bca2733bd09a853f076061c691a0159c16d905f16b,5314ba1dbb03f471df88bec6cd120a938ef60d0fd3511c5c1dce61bf7463245f,,,,,,,,,,,,,,,,,,,,"[""'<external>/zstd' -q -d -c '<work>/archive.zst'"",""'<external>/zstd' -q -f -T1 -1 -c '<repo>/datasets/data/canterbury/lcet10.txt'""]",{}
mathzip-benchmark-results-v1,20260724T134555Z-8b4c06c2,quick,canterbury_files,datasets/data/canterbury/lcet10.txt,lcet10.txt,Upstream files retain their original terms; see dataset manifest,datasets/manifests/canterbury.json,datasets/data/canterbury/dataset.json,30daaac9157db37ceda0cc444f6c9c304e91cf17e0164d0a12bc354539937151,true,5314ba1dbb03f471df88bec6cd120a938ef60d0fd3511c5c1dce61bf7463245f,4.669117836842554,426754,lz4-fast,lz4,fast,,1,ok,,3,3,233232,1.82974034437813,0.4534743669655118,45.34743669655118,4.372205064275906,0.0,0.005540055994060822,0.004651143986848183,77.03062937585806,91.75248093946604,0.004874999999998408,0.004057000000003086,458752.0,true,true,ccc18100094fc19a59193d1546b2d4673a9546a17c9e7bf851606893b510c344,5314ba1dbb03f471df88bec6cd120a938ef60d0fd3511c5c1dce61bf7463245f,,,,,,,,,,,,,,,,,,,,"[""'<tmp>/mathzip-toolpkgs.cQThTC/extracted/usr/bin/lz4' -q -d -f '<work>/archive.lz4' '<work>/restored.bin'"",""'<tmp>/mathzip-toolpkgs.cQThTC/extracted/usr/bin/lz4' -q -f -1 '<repo>/datasets/data/canterbury/lcet10.txt' '<work>/archive.lz4'""]",{}
mathzip-benchmark-results-v1,20260724T134555Z-8b4c06c2,quick,canterbury_files,datasets/data/canterbury/lcet10.txt,lcet10.txt,Upstream files retain their original terms; see dataset manifest,datasets/manifests/canterbury.json,datasets/data/canterbury/dataset.json,30daaac9157db37ceda0cc444f6c9c304e91cf17e0164d0a12bc354539937151,true,5314ba1dbb03f471df88bec6cd120a938ef60d0fd3511c5c1dce61bf7463245f,4.669117836842554,426754,brotli-fast,brotli,fast,,1,ok,,3,3,141896,3.0075125443987147,0.6674993087352432,66.74993087352432,2.660005530118054,0.0,0.022685683012241498,0.006790159008232877,18.811600240103765,62.848896392937604,0.021782000000001744,0.006071000000002158,4300800.0,true,true,9d92791d762a76f2b233589a92020971b8ad802443978bb22441aa10951bcf1f,5314ba1dbb03f471df88bec6cd120a938ef60d0fd3511c5c1dce61bf7463245f,,,,,,,,,,,,,,,,,,,,"[""'<tmp>/mathzip-toolpkgs.cQThTC/extracted/usr/bin/brotli' -f -d -o '<work>/restored.bin' '<work>/archive.br'"",""'<tmp>/mathzip-toolpkgs.cQThTC/extracted/usr/bin/brotli' -f -q 4 -o '<work>/archive.br' '<repo>/datasets/data/canterbury/lcet10.txt'""]",{}
mathzip-benchmark-results-v1,20260724T134555Z-8b4c06c2,quick,canterbury_files,datasets/data/canterbury/lcet10.txt,lcet10.txt,Upstream files retain their original terms; see dataset manifest,datasets/manifests/canterbury.json,datasets/data/canterbury/dataset.json,30daaac9157db37ceda0cc444f6c9c304e91cf17e0164d0a12bc354539937151,true,5314ba1dbb03f471df88bec6cd120a938ef60d0fd3511c5c1dce61bf7463245f,4.669117836842554,426754,7z-fast,7z,fast,,1,ok,,3,3,132564,3.2192299568510303,0.689366707752007,68.93667077520071,2.4850663379839437,0.0,0.04731431898835581,0.016545657999813557,9.019552835686495,25.7925070133088,0.04648900000000111,0.015857000000000454,9003008.0,true,true,9ca64b7ca72217ffa3130eff67997540c5f2a9c0bbb4470e31fd4046fd5871f0,5314ba1dbb03f471df88bec6cd120a938ef60d0fd3511c5c1dce61bf7463245f,,,,,,,,,,,,,,,,,,,,"[""'<tmp>/mathzip-toolpkgs.cQThTC/extracted/usr/lib/7zip/7z' a -y -bd -bso0 -bsp0 -t7z -m0=lzma2 -mx=1 -mmt=1 '<work>/archive.7z' '<repo>/datasets/data/canterbury/lcet10.txt'"",""'<tmp>/mathzip-toolpkgs.cQThTC/extracted/usr/lib/7zip/7z' e -so -bd -mmt=1 '<work>/archive.7z'""]",{}
mathzip-benchmark-results-v1,20260724T134555Z-8b4c06c2,quick,canterbury_files,datasets/data/canterbury/plrabn12.txt,plrabn12.txt,Upstream files retain their original terms; see dataset manifest,datasets/manifests/canterbury.json,datasets/data/canterbury/dataset.json,30daaac9157db37ceda0cc444f6c9c304e91cf17e0164d0a12bc354539937151,true,07e2e0b461af78c7c647cb53dab39de560198e16f799b4516eccf0fbd69f764c,4.531362798245583,481861,mathzip-fast,mathzip,fast,,1,ok,,3,3,422859,1.139531143951057,0.12244609960133734,12.244609960133735,7.020431203189301,0.0,0.3833199299988337,0.019840925000607967,1.2570726494744642,24.286216493698493,0.3822019999999995,0.018914999999999793,6889472.0,true,true,250f0779b88270f8b8ffd7e2a19f3a12ea868fd12f99d65c1327d50d9701d2dc,07e2e0b461af78c7c647cb53dab39de560198e16f799b4516eccf0fbd69f764c,"[{""type"":""identity""}]",30,16062.033333333333,16384.0,"{""raw"":30}","{""bit_pack"":30}",0,1080,421659,120,100.0,0.0,4.531362798245583,421659,0,0,0.033797011,0.005130014,0.333620206,"[""'<repo>/target/release/mathzip' compress --mode fast --max-input-bytes 8589934592 --no-sync --force '<repo>/datasets/data/canterbury/plrabn12.txt' '<work>/archive.mz'"",""'<repo>/target/release/mathzip' compress --mode fast --max-input-bytes 8589934592 --no-sync --force --metrics-output '<work>/metrics-probe.mz.metrics.json' '<repo>/datasets/data/canterbury/plrabn12.txt' '<work>/metrics-probe.mz'"",""'<repo>/target/release/mathzip' decompress --max-archive-bytes 17179869184 --max-output-bytes 8589934592 --max-segments 8388608 --no-sync --force '<work>/archive.mz' '<work>/restored.bin'""]",{}
mathzip-benchmark-results-v1,20260724T134555Z-8b4c06c2,quick,canterbury_files,datasets/data/canterbury/plrabn12.txt,plrabn12.txt,Upstream files retain their original terms; see dataset manifest,datasets/manifests/canterbury.json,datasets/data/canterbury/dataset.json,30daaac9157db37ceda0cc444f6c9c304e91cf17e0164d0a12bc354539937151,true,07e2e0b461af78c7c647cb53dab39de560198e16f799b4516eccf0fbd69f764c,4.531362798245583,481861,raw,raw,default,,1,ok,,3,3,481861,1.0,0.0,0.0,8.0,0.0,0.0005871670000487939,0.0005817720084451139,820.6540898244573,828.264325208524,0.0005910789999994392,0.0005849219999998212,,true,true,07e2e0b461af78c7c647cb53dab39de560198e16f799b4516eccf0fbd69f764c,07e2e0b461af78c7c647cb53dab39de560198e16f799b4516eccf0fbd69f764c,,,,,,,,,,,,,,,,,,,,"[""stdlib:shutil.copyfile""]",{}
mathzip-benchmark-results-v1,20260724T134555Z-8b4c06c2,quick,canterbury_files,datasets/data/canterbury/plrabn12.txt,plrabn12.txt,Upstream files retain their original terms; see dataset manifest,datasets/manifests/canterbury.json,datasets/data/canterbury/dataset.json,30daaac9157db37ceda0cc444f6c9c304e91cf17e0164d0a12bc354539937151,true,07e2e0b461af78c7c647cb53dab39de560198e16f799b4516eccf0fbd69f764c,4.531362798245583,481861,gzip-fast,gzip,fast,,1,ok,,3,3,228765,2.1063580530238455,0.5252469073031434,52.52469073031434,3.7980247415748525,0.0,0.015541171000222676,0.009818805992836133,31.005449974979093,49.07531530326285,0.014550000000003394,0.00816199999999867,1900544.0,true,true,70e9d308e835510e168dd85eb3b02cd4ea081ee57302a856aa8d6f74435af234,07e2e0b461af78c7c647cb53dab39de560198e16f799b4516eccf0fbd69f764c,,,,,,,,,,,,,,,,,,,,"[""'<external>/gzip' -d -c '<work>/archive.gz'"",""'<external>/gzip' -n -c -1 '<repo>/datasets/data/canterbury/plrabn12.txt'""]",{}
mathzip-benchmark-results-v1,20260724T134555Z-8b4c06c2,quick,canterbury_files,datasets/data/canterbury/plrabn12.txt,plrabn12.txt,Upstream files retain their original terms; see dataset manifest,datasets/manifests/canterbury.json,datasets/data/canterbury/dataset.json,30daaac9157db37ceda0cc444f6c9c304e91cf17e0164d0a12bc354539937151,true,07e2e0b461af78c7c647cb53dab39de560198e16f799b4516eccf0fbd69f764c,4.531362798245583,481861,bzip2-fast,bzip2,fast,,1,ok,,3,3,164084,2.936672679846908,0.6594785633201277,65.94785633201276,2.724171493438979,0.0,0.056306390004465356,0.029624753995449282,8.55783863894997,16.265485278764498,0.054945000000003574,0.02856599999999787,2453504.0,true,true,0e56663a0c878e5dbe04b31d52dcd7a8ce3ef45081e561142bb29b4e25b26f97,07e2e0b461af78c7c647cb53dab39de560198e16f799b4516eccf0fbd69f764c,,,,,,,,,,,,,,,,,,,,"[""'<external>/bzip2' -c -1"",""'<external>/bzip2' -d -c '<work>/archive.bz2'""]",{}
mathzip-benchmark-results-v1,20260724T134555Z-8b4c06c2,quick,canterbury_files,datasets/data/canterbury/plrabn12.txt,plrabn12.txt,Upstream files retain their original terms; see dataset manifest,datasets/manifests/canterbury.json,datasets/data/canterbury/dataset.json,30daaac9157db37ceda0cc444f6c9c304e91cf17e0164d0a12bc354539937151,true,07e2e0b461af78c7c647cb53dab39de560198e16f799b4516eccf0fbd69f764c,4.531362798245583,481861,xz-fast,xz,fast,,1,ok,,3,3,189700,2.5401212440695837,0.6063180045697826,60.631800456978254,3.1494559634417394,0.0,0.08504178600560408,0.019650301997899078,5.666167452883061,24.521811423128174,0.08245600000000053,0.018232000000001136,6766592.0,true,true,2f9051d479fb9bf54f65e4b11c0f38c15dca9c93dc2d14d653c6caab902c365f,07e2e0b461af78c7c647cb53dab39de560198e16f799b4516eccf0fbd69f764c,,,,,,,,,,,,,,,,,,,,"[""'<external>/xz' -c --threads=1 -1 '<repo>/datasets/data/canterbury/plrabn12.txt'"",""'<external>/xz' -d -c --threads=1 '<work>/archive.xz'""]",{}
mathzip-benchmark-results-v1,20260724T134555Z-8b4c06c2,quick,canterbury_files,datasets/data/canterbury/plrabn12.txt,plrabn12.txt,Upstream files retain their original terms; see dataset manifest,datasets/manifests/canterbury.json,datasets/data/canterbury/dataset.json,30daaac9157db37ceda0cc444f6c9c304e91cf17e0164d0a12bc354539937151,true,07e2e0b461af78c7c647cb53dab39de560198e16f799b4516eccf0fbd69f764c,4.531362798245583,481861,zstd-fast,zstd,fast,,1,ok,,3,3,217845,2.211944272303702,0.5479090443094585,54.79090443094585,3.616727645524332,0.0,0.0100419310037978,0.00693666200095322,47.98489452056213,69.4658324037965,0.010432000000001551,0.00632399999999933,348160.0,true,true,35ee76ba33292e47505227c1372b260469c5235f612f369b760ba1de5a8ec4f4,07e2e0b461af78c7c647cb53dab39de560198e16f799b4516eccf0fbd69f764c,,,,,,,,,,,,,,,,,,,,"[""'<external>/zstd' -q -d -c '<work>/archive.zst'"",""'<external>/zstd' -q -f -T1 -1 -c '<repo>/datasets/data/canterbury/plrabn12.txt'""]",{}
mathzip-benchmark-results-v1,20260724T134555Z-8b4c06c2,quick,canterbury_files,datasets/data/canterbury/plrabn12.txt,plrabn12.txt,Upstream files retain their original terms; see dataset manifest,datasets/manifests/canterbury.json,datasets/data/canterbury/dataset.json,30daaac9157db37ceda0cc444f6c9c304e91cf17e0164d0a12bc354539937151,true,07e2e0b461af78c7c647cb53dab39de560198e16f799b4516eccf0fbd69f764c,4.531362798245583,481861,lz4-fast,lz4,fast,,1,ok,,3,3,325608,1.4798807154615365,0.324269862055655,32.4269862055655,5.40584110355476,0.0,0.0062701130082132295,0.004936405006446876,76.85044900607208,97.61374914957267,0.0056770000000021525,0.0043780000000026575,532480.0,true,true,7d5fd8431957ccaf415cb782d987571cc2621c2fac8118e8fcfb740c5acc93bd,07e2e0b461af78c7c647cb53dab39de560198e16f799b4516eccf0fbd69f764c,,,,,,,,,,,,,,,,,,,,"[""'<tmp>/mathzip-toolpkgs.cQThTC/extracted/usr/bin/lz4' -q -d -f '<work>/archive.lz4' '<work>/restored.bin'"",""'<tmp>/mathzip-toolpkgs.cQThTC/extracted/usr/bin/lz4' -q -f -1 '<repo>/datasets/data/canterbury/plrabn12.txt' '<work>/archive.lz4'""]",{}
mathzip-benchmark-results-v1,20260724T134555Z-8b4c06c2,quick,canterbury_files,datasets/data/canterbury/plrabn12.txt,plrabn12.txt,Upstream files retain their original terms; see dataset manifest,datasets/manifests/canterbury.json,datasets/data/canterbury/dataset.json,30daaac9157db37ceda0cc444f6c9c304e91cf17e0164d0a12bc354539937151,true,07e2e0b461af78c7c647cb53dab39de560198e16f799b4516eccf0fbd69f764c,4.531362798245583,481861,brotli-fast,brotli,fast,,1,ok,,3,3,193873,2.4854466583794546,0.5976578307852265,59.76578307852265,3.2187373537181885,0.0,0.02881063800305128,0.01002219801011961,16.72510688409493,48.07937335836465,0.028052999999999884,0.007292999999997107,4984832.0,true,true,4d42cbf1bde947983082efa801e0e11d11e5780189a56b5e55df98dfee864723,07e2e0b461af78c7c647cb53dab39de560198e16f799b4516eccf0fbd69f764c,,,,,,,,,,,,,,,,,,,,"[""'<tmp>/mathzip-toolpkgs.cQThTC/extracted/usr/bin/brotli' -f -d -o '<work>/restored.bin' '<work>/archive.br'"",""'<tmp>/mathzip-toolpkgs.cQThTC/extracted/usr/bin/brotli' -f -q 4 -o '<work>/archive.br' '<repo>/datasets/data/canterbury/plrabn12.txt'""]",{}
mathzip-benchmark-results-v1,20260724T134555Z-8b4c06c2,quick,canterbury_files,datasets/data/canterbury/plrabn12.txt,plrabn12.txt,Upstream files retain their original terms; see dataset manifest,datasets/manifests/canterbury.json,datasets/data/canterbury/dataset.json,30daaac9157db37ceda0cc444f6c9c304e91cf17e0164d0a12bc354539937151,true,07e2e0b461af78c7c647cb53dab39de560198e16f799b4516eccf0fbd69f764c,4.531362798245583,481861,7z-fast,7z,fast,,1,ok,,3,3,181857,2.649669795498661,0.6225944826412596,62.25944826412596,3.019244138869923,0.0,0.06561415499891154,0.0199191630090354,7.343857434542797,24.190825677837275,0.06231299999999962,0.018589999999999662,9043968.0,true,true,362a23539d387e8798e9542b30cd687343466c8fba37b970a0702639d04bd49b,07e2e0b461af78c7c647cb53dab39de560198e16f799b4516eccf0fbd69f764c,,,,,,,,,,,,,,,,,,,,"[""'<tmp>/mathzip-toolpkgs.cQThTC/extracted/usr/lib/7zip/7z' a -y -bd -bso0 -bsp0 -t7z -m0=lzma2 -mx=1 -mmt=1 '<work>/archive.7z' '<repo>/datasets/data/canterbury/plrabn12.txt'"",""'<tmp>/mathzip-toolpkgs.cQThTC/extracted/usr/lib/7zip/7z' e -so -bd -mmt=1 '<work>/archive.7z'""]",{}
mathzip-benchmark-results-v1,20260724T134555Z-8b4c06c2,quick,canterbury_files,datasets/data/canterbury/ptt5,ptt5,Upstream files retain their original terms; see dataset manifest,datasets/manifests/canterbury.json,datasets/data/canterbury/dataset.json,30daaac9157db37ceda0cc444f6c9c304e91cf17e0164d0a12bc354539937151,true,0ec3a75089bb52342813496b17e51377bc9eba3cb519a444d67025354841d650,1.210175941358675,513216,mathzip-fast,mathzip,fast,,1,ok,,3,3,101743,5.04423891569936,0.8017540372864447,80.17540372864447,1.5859677017084424,0.0,0.21411539999826346,0.012619501998415217,2.3969130665246983,40.6684828026059,0.2131429999999952,0.010927000000002351,5484544.0,true,true,963826572ef6c3c3821248045805ed999c870185cf44c147e467a010f2a92e8e,0ec3a75089bb52342813496b17e51377bc9eba3cb519a444d67025354841d650,"[{""type"":""identity""}]",32,16038.0,16384.0,"{""raw"":25,""recurrence"":7}","{""sparse"":7,""zero_run"":25}",21,1152,100450,120,77.65307394937025,0.0,1.2803009200446887,100450,7,0,0.025078906,0.009032203,0.174543,"[""'<repo>/target/release/mathzip' compress --mode fast --max-input-bytes 8589934592 --no-sync --force '<repo>/datasets/data/canterbury/ptt5' '<work>/archive.mz'"",""'<repo>/target/release/mathzip' compress --mode fast --max-input-bytes 8589934592 --no-sync --force --metrics-output '<work>/metrics-probe.mz.metrics.json' '<repo>/datasets/data/canterbury/ptt5' '<work>/metrics-probe.mz'"",""'<repo>/target/release/mathzip' decompress --max-archive-bytes 17179869184 --max-output-bytes 8589934592 --max-segments 8388608 --no-sync --force '<work>/archive.mz' '<work>/restored.bin'""]",{}
mathzip-benchmark-results-v1,20260724T134555Z-8b4c06c2,quick,canterbury_files,datasets/data/canterbury/ptt5,ptt5,Upstream files retain their original terms; see dataset manifest,datasets/manifests/canterbury.json,datasets/data/canterbury/dataset.json,30daaac9157db37ceda0cc444f6c9c304e91cf17e0164d0a12bc354539937151,true,0ec3a75089bb52342813496b17e51377bc9eba3cb519a444d67025354841d650,1.210175941358675,513216,raw,raw,default,,1,ok,,3,3,513216,1.0,0.0,0.0,8.0,0.0,0.0006504419870907441,0.0006632870063185692,789.0265545363702,773.7465005510876,0.000654386000000784,0.0006668099999984634,,true,true,0ec3a75089bb52342813496b17e51377bc9eba3cb519a444d67025354841d650,0ec3a75089bb52342813496b17e51377bc9eba3cb519a444d67025354841d650,,,,,,,,,,,,,,,,,,,,"[""stdlib:shutil.copyfile""]",{}
mathzip-benchmark-results-v1,20260724T134555Z-8b4c06c2,quick,canterbury_files,datasets/data/canterbury/ptt5,ptt5,Upstream files retain their original terms; see dataset manifest,datasets/manifests/canterbury.json,datasets/data/canterbury/dataset.json,30daaac9157db37ceda0cc444f6c9c304e91cf17e0164d0a12bc354539937151,true,0ec3a75089bb52342813496b17e51377bc9eba3cb519a444d67025354841d650,1.210175941358675,513216,gzip-fast,gzip,fast,,1,ok,,3,3,65536,7.8310546875,0.8723032797106871,87.2303279710687,1.0215737623145031,0.0,0.008763783000176772,0.006247925994102843,58.561011835830264,82.14181801839574,0.008060999999997875,0.005570999999996218,344064.0,true,true,30f4593cabe414f17847f4e05c1e0a212bf021a814654c671cbd48ae1f66094a,0ec3a75089bb52342813496b17e51377bc9eba3cb519a444d67025354841d650,,,,,,,,,,,,,,,,,,,,"[""'<external>/gzip' -d -c '<work>/archive.gz'"",""'<external>/gzip' -n -c -1 '<repo>/datasets/data/canterbury/ptt5'""]",{}
mathzip-benchmark-results-v1,20260724T134555Z-8b4c06c2,quick,canterbury_files,datasets/data/canterbury/ptt5,ptt5,Upstream files retain their original terms; see dataset manifest,datasets/manifests/canterbury.json,datasets/data/canterbury/dataset.json,30daaac9157db37ceda0cc444f6c9c304e91cf17e0164d0a12bc354539937151,true,0ec3a75089bb52342813496b17e51377bc9eba3cb519a444d67025354841d650,1.210175941358675,513216,bzip2-fast,bzip2,fast,,1,ok,,3,3,49912,10.282417054015067,0.9027466018206759,90.27466018206759,0.7780271854345928,0.0,0.02041343400196638,0.011827811002149247,25.141090908592993,43.39061555064947,0.019660000000001787,0.01117100000000093,2420736.0,true,true,e8f6b822c3c9797f6b38b1c35305e6f7fb74381718ff499446e8a7d37af3c0fa,0ec3a75089bb52342813496b17e51377bc9eba3cb519a444d67025354841d650,,,,,,,,,,,,,,,,,,,,"[""'<external>/bzip2' -c -1"",""'<external>/bzip2' -d -c '<work>/archive.bz2'""]",{}
mathzip-benchmark-results-v1,20260724T134555Z-8b4c06c2,quick,canterbury_files,datasets/data/canterbury/ptt5,ptt5,Upstream files retain their original terms; see dataset manifest,datasets/manifests/canterbury.json,datasets/data/canterbury/dataset.json,30daaac9157db37ceda0cc444f6c9c304e91cf17e0164d0a12bc354539937151,true,0ec3a75089bb52342813496b17e51377bc9eba3cb519a444d67025354841d650,1.210175941358675,513216,xz-fast,xz,fast,,1,ok,,3,3,48580,10.564347468093866,0.9053420002494077,90.53420002494077,0.7572639980047388,0.0,0.03263863299798686,0.010519727991777472,15.724187959454522,48.78605230108085,0.029883000000001658,0.008774999999999977,6168576.0,true,true,1b538e209072caa2be9f39f4ff0e6ee87f47f80928e5615893852406ac7a4504,0ec3a75089bb52342813496b17e51377bc9eba3cb519a444d67025354841d650,,,,,,,,,,,,,,,,,,,,"[""'<external>/xz' -c --threads=1 -1 '<repo>/datasets/data/canterbury/ptt5'"",""'<external>/xz' -d -c --threads=1 '<work>/archive.xz'""]",{}
mathzip-benchmark-results-v1,20260724T134555Z-8b4c06c2,quick,canterbury_files,datasets/data/canterbury/ptt5,ptt5,Upstream files retain their original terms; see dataset manifest,datasets/manifests/canterbury.json,datasets/data/canterbury/dataset.json,30daaac9157db37ceda0cc444f6c9c304e91cf17e0164d0a12bc354539937151,true,0ec3a75089bb52342813496b17e51377bc9eba3cb519a444d67025354841d650,1.210175941358675,513216,zstd-fast,zstd,fast,,1,ok,,3,3,51670,9.932572092123088,0.8993211435341065,89.93211435341065,0.805430851727148,0.0,0.007329600004595704,0.006256717999349348,70.01964632151964,82.02639148086435,0.0074890000000031876,0.005786999999997988,356352.0,true,true,b3a26842038a3990f161b13a0918c84eed8ef2cbfb393ec8fc26a6cfea51b412,0ec3a75089bb52342813496b17e51377bc9eba3cb519a444d67025354841d650,,,,,,,,,,,,,,,,,,,,"[""'<external>/zstd' -q -d -c '<work>/archive.zst'"",""'<external>/zstd' -q -f -T1 -1 -c '<repo>/datasets/data/canterbury/ptt5'""]",{}
mathzip-benchmark-results-v1,20260724T134555Z-8b4c06c2,quick,canterbury_files,datasets/data/canterbury/ptt5,ptt5,Upstream files retain their original terms; see dataset manifest,datasets/manifests/canterbury.json,datasets/data/canterbury/dataset.json,30daaac9157db37ceda0cc444f6c9c304e91cf17e0164d0a12bc354539937151,true,0ec3a75089bb52342813496b17e51377bc9eba3cb519a444d67025354841d650,1.210175941358675,513216,lz4-fast,lz4,fast,,1,ok,,3,3,86904,5.905550952775476,0.8306677890011224,83.06677890011224,1.3546576879910213,0.0,0.004475381996599026,0.004813951993128285,114.67535070526,106.6101200702862,0.0038610000000005584,0.0042439999999999145,466944.0,true,true,41fe23cc43df386a8e7f9539942b9e71ae6aa22131c933b0c0e3933424607632,0ec3a75089bb52342813496b17e51377bc9eba3cb519a444d67025354841d650,,,,,,,,,,,,,,,,,,,,"[""'<tmp>/mathzip-toolpkgs.cQThTC/extracted/usr/bin/lz4' -q -d -f '<work>/archive.lz4' '<work>/restored.bin'"",""'<tmp>/mathzip-toolpkgs.cQThTC/extracted/usr/bin/lz4' -q -f -1 '<repo>/datasets/data/canterbury/ptt5' '<work>/archive.lz4'""]",{}
mathzip-benchmark-results-v1,20260724T134555Z-8b4c06c2,quick,canterbury_files,datasets/data/canterbury/ptt5,ptt5,Upstream files retain their original terms; see dataset manifest,datasets/manifests/canterbury.json,datasets/data/canterbury/dataset.json,30daaac9157db37ceda0cc444f6c9c304e91cf17e0164d0a12bc354539937151,true,0ec3a75089bb52342813496b17e51377bc9eba3cb519a444d67025354841d650,1.210175941358675,513216,brotli-fast,brotli,fast,,1,ok,,3,3,53296,9.629540678474932,0.8961528868936276,89.61528868936276,0.8307769048509789,0.0,0.012419979000696912,0.006412706992705353,41.321808995909116,80.03110084146971,0.011566000000001964,0.005832999999999089,352256.0,true,true,1a7b8673968c8fd3ef3c25d614f6fcdc1ab735b573fe4ea805664b24901d8267,0ec3a75089bb52342813496b17e51377bc9eba3cb519a444d67025354841d650,,,,,,,,,,,,,,,,,,,,"[""'<tmp>/mathzip-toolpkgs.cQThTC/extracted/usr/bin/brotli' -f -d -o '<work>/restored.bin' '<work>/archive.br'"",""'<tmp>/mathzip-toolpkgs.cQThTC/extracted/usr/bin/brotli' -f -q 4 -o '<work>/archive.br' '<repo>/datasets/data/canterbury/ptt5'""]",{}
mathzip-benchmark-results-v1,20260724T134555Z-8b4c06c2,quick,canterbury_files,datasets/data/canterbury/ptt5,ptt5,Upstream files retain their original terms; see dataset manifest,datasets/manifests/canterbury.json,datasets/data/canterbury/dataset.json,30daaac9157db37ceda0cc444f6c9c304e91cf17e0164d0a12bc354539937151,true,0ec3a75089bb52342813496b17e51377bc9eba3cb519a444d67025354841d650,1.210175941358675,513216,7z-fast,7z,fast,,1,ok,,3,3,50265,10.210205908683974,0.9020587822671156,90.20587822671156,0.7835297418630752,0.0,0.02351954199548345,0.01184917900536675,21.820833079936456,43.31236786679933,0.022853000000001344,0.011227999999995575,8572928.0,true,true,efcecd183c2d8e52a7038f7815b36770e1578bdda80c19d6505503724a18ad65,0ec3a75089bb52342813496b17e51377bc9eba3cb519a444d67025354841d650,,,,,,,,,,,,,,,,,,,,"[""'<tmp>/mathzip-toolpkgs.cQThTC/extracted/usr/lib/7zip/7z' a -y -bd -bso0 -bsp0 -t7z -m0=lzma2 -mx=1 -mmt=1 '<work>/archive.7z' '<repo>/datasets/data/canterbury/ptt5'"",""'<tmp>/mathzip-toolpkgs.cQThTC/extracted/usr/lib/7zip/7z' e -so -bd -mmt=1 '<work>/archive.7z'""]",{}
mathzip-benchmark-results-v1,20260724T134555Z-8b4c06c2,quick,canterbury_files,datasets/data/canterbury/sum,sum,Upstream files retain their original terms; see dataset manifest,datasets/manifests/canterbury.json,datasets/data/canterbury/dataset.json,30daaac9157db37ceda0cc444f6c9c304e91cf17e0164d0a12bc354539937151,true,ee5733cd76ecc2f9d8ff156adc3c02a7a851051dcf43a2d56ff4ee4ff606bdb3,5.328990058101005,38240,mathzip-fast,mathzip,fast,,1,ok,,3,3,34861,1.0969277989730644,0.08836297071129706,8.836297071129707,7.2930962343096235,0.0,0.02654425599030219,0.005240616999799386,1.440612990395014,7.296850733694879,0.025351000000000568,0.003867999999997096,3653632.0,true,true,6e6f8e2c2d2ed26e6d182534dd1a6b026aac4a81a69536f16b47b96dff19d043,ee5733cd76ecc2f9d8ff156adc3c02a7a851051dcf43a2d56ff4ee4ff606bdb3,"[{""type"":""identity""}]",3,12746.666666666666,16384.0,"{""raw"":3}","{""zero_run"":3}",0,108,34633,120,100.0,0.0,5.328990058101005,34633,0,0,0.00249412,0.000561896,0.019051403,"[""'<repo>/target/release/mathzip' compress --mode fast --max-input-bytes 8589934592 --no-sync --force '<repo>/datasets/data/canterbury/sum' '<work>/archive.mz'"",""'<repo>/target/release/mathzip' compress --mode fast --max-input-bytes 8589934592 --no-sync --force --metrics-output '<work>/metrics-probe.mz.metrics.json' '<repo>/datasets/data/canterbury/sum' '<work>/metrics-probe.mz'"",""'<repo>/target/release/mathzip' decompress --max-archive-bytes 17179869184 --max-output-bytes 8589934592 --max-segments 8388608 --no-sync --force '<work>/archive.mz' '<work>/restored.bin'""]",{}
mathzip-benchmark-results-v1,20260724T134555Z-8b4c06c2,quick,canterbury_files,datasets/data/canterbury/sum,sum,Upstream files retain their original terms; see dataset manifest,datasets/manifests/canterbury.json,datasets/data/canterbury/dataset.json,30daaac9157db37ceda0cc444f6c9c304e91cf17e0164d0a12bc354539937151,true,ee5733cd76ecc2f9d8ff156adc3c02a7a851051dcf43a2d56ff4ee4ff606bdb3,5.328990058101005,38240,raw,raw,default,,1,ok,,3,3,38240,1.0,0.0,0.0,8.0,0.0,0.00023639100254513323,0.0002198290021624416,161.76588613053912,173.95338933369098,0.00024016699999940272,0.0002232500000012294,,true,true,ee5733cd76ecc2f9d8ff156adc3c02a7a851051dcf43a2d56ff4ee4ff606bdb3,ee5733cd76ecc2f9d8ff156adc3c02a7a851051dcf43a2d56ff4ee4ff606bdb3,,,,,,,,,,,,,,,,,,,,"[""stdlib:shutil.copyfile""]",{}
mathzip-benchmark-results-v1,20260724T134555Z-8b4c06c2,quick,canterbury_files,datasets/data/canterbury/sum,sum,Upstream files retain their original terms; see dataset manifest,datasets/manifests/canterbury.json,datasets/data/canterbury/dataset.json,30daaac9157db37ceda0cc444f6c9c304e91cf17e0164d0a12bc354539937151,true,ee5733cd76ecc2f9d8ff156adc3c02a7a851051dcf43a2d56ff4ee4ff606bdb3,5.328990058101005,38240,gzip-fast,gzip,fast,,1,ok,,3,3,14130,2.7062986553432413,0.6304916317991631,63.04916317991631,2.9560669456066946,0.0,0.006105616004788317,0.00612503600132186,6.263086307755083,6.243228609880388,0.005027000000001891,0.0046580000000027155,348160.0,true,true,0b6dbbd4296e35ce3e4ffd69221f256c44136625a12b9a239b3059f00e9e00b6,ee5733cd76ecc2f9d8ff156adc3c02a7a851051dcf43a2d56ff4ee4ff606bdb3,,,,,,,,,,,,,,,,,,,,"[""'<external>/gzip' -d -c '<work>/archive.gz'"",""'<external>/gzip' -n -c -1 '<repo>/datasets/data/canterbury/sum'""]",{}
mathzip-benchmark-results-v1,20260724T134555Z-8b4c06c2,quick,canterbury_files,datasets/data/canterbury/sum,sum,Upstream files retain their original terms; see dataset manifest,datasets/manifests/canterbury.json,datasets/data/canterbury/dataset.json,30daaac9157db37ceda0cc444f6c9c304e91cf17e0164d0a12bc354539937151,true,ee5733cd76ecc2f9d8ff156adc3c02a7a851051dcf43a2d56ff4ee4ff606bdb3,5.328990058101005,38240,bzip2-fast,bzip2,fast,,1,ok,,3,3,12909,2.9622743822139594,0.6624215481171548,66.24215481171548,2.7006276150627615,0.0,0.008457978998194449,0.007992610000655986,4.521174621994594,4.7844196072198555,0.007823000000001912,0.007042000000001991,339968.0,true,true,fa800d99d56c759604e7cfabfc0239685410a7a8af6d4722795991040ee4fa92,ee5733cd76ecc2f9d8ff156adc3c02a7a851051dcf43a2d56ff4ee4ff606bdb3,,,,,,,,,,,,,,,,,,,,"[""'<external>/bzip2' -c -1"",""'<external>/bzip2' -d -c '<work>/archive.bz2'""]",{}
mathzip-benchmark-results-v1,20260724T134555Z-8b4c06c2,quick,canterbury_files,datasets/data/canterbury/sum,sum,Upstream files retain their original terms; see dataset manifest,datasets/manifests/canterbury.json,datasets/data/canterbury/dataset.json,30daaac9157db37ceda0cc444f6c9c304e91cf17e0164d0a12bc354539937151,true,ee5733cd76ecc2f9d8ff156adc3c02a7a851051dcf43a2d56ff4ee4ff606bdb3,5.328990058101005,38240,xz-fast,xz,fast,,1,ok,,3,3,10304,3.7111801242236027,0.7305439330543932,73.05439330543932,2.1556485355648536,0.0,0.012097065991838463,0.0050183910061605275,3.16109708137489,7.619972208832862,0.011129000000000389,0.003408999999997775,364544.0,true,true,93d313a13253569db0c22c7c85d467b7d6325fe799b00d587356bc0dca2a61f4,ee5733cd76ecc2f9d8ff156adc3c02a7a851051dcf43a2d56ff4ee4ff606bdb3,,,,,,,,,,,,,,,,,,,,"[""'<external>/xz' -c --threads=1 -1 '<repo>/datasets/data/canterbury/sum'"",""'<external>/xz' -d -c --threads=1 '<work>/archive.xz'""]",{}
mathzip-benchmark-results-v1,20260724T134555Z-8b4c06c2,quick,canterbury_files,datasets/data/canterbury/sum,sum,Upstream files retain their original terms; see dataset manifest,datasets/manifests/canterbury.json,datasets/data/canterbury/dataset.json,30daaac9157db37ceda0cc444f6c9c304e91cf17e0164d0a12bc354539937151,true,ee5733cd76ecc2f9d8ff156adc3c02a7a851051dcf43a2d56ff4ee4ff606bdb3,5.328990058101005,38240,zstd-fast,zstd,fast,,1,ok,,3,3,13624,2.8068115091015855,0.6437238493723849,64.3723849372385,2.8502092050209207,0.0,0.004647551992093213,0.004421086996444501,8.227987565293933,8.64945657725196,0.004194000000001807,0.004016999999997495,352256.0,true,true,3c12fb98e01ac5f536b063734e16d0786edfe0c57f8f9a5490b3d7816e01b128,ee5733cd76ecc2f9d8ff156adc3c02a7a851051dcf43a2d56ff4ee4ff606bdb3,,,,,,,,,,,,,,,,,,,,"[""'<external>/zstd' -q -d -c '<work>/archive.zst'"",""'<external>/zstd' -q -f -T1 -1 -c '<repo>/datasets/data/canterbury/sum'""]",{}
mathzip-benchmark-results-v1,20260724T134555Z-8b4c06c2,quick,canterbury_files,datasets/data/canterbury/sum,sum,Upstream files retain their original terms; see dataset manifest,datasets/manifests/canterbury.json,datasets/data/canterbury/dataset.json,30daaac9157db37ceda0cc444f6c9c304e91cf17e0164d0a12bc354539937151,true,ee5733cd76ecc2f9d8ff156adc3c02a7a851051dcf43a2d56ff4ee4ff606bdb3,5.328990058101005,38240,lz4-fast,lz4,fast,,1,ok,,3,3,18831,2.0306940682916466,0.5075575313807532,50.75575313807532,3.9395397489539747,0.0,0.003642819996457547,0.004745603000628762,10.497361944094525,8.057985464636095,0.00274999999999892,0.0039879999999996585,339968.0,true,true,01af4f609e8a4d42aa7c4063ddd268cc31ecd323f619e7f4004914b3d99285d9,ee5733cd76ecc2f9d8ff156adc3c02a7a851051dcf43a2d56ff4ee4ff606bdb3,,,,,,,,,,,,,,,,,,,,"[""'<tmp>/mathzip-toolpkgs.cQThTC/extracted/usr/bin/lz4' -q -d -f '<work>/archive.lz4' '<work>/restored.bin'"",""'<tmp>/mathzip-toolpkgs.cQThTC/extracted/usr/bin/lz4' -q -f -1 '<repo>/datasets/data/canterbury/sum' '<work>/archive.lz4'""]",{}
mathzip-benchmark-results-v1,20260724T134555Z-8b4c06c2,quick,canterbury_files,datasets/data/canterbury/sum,sum,Upstream files retain their original terms; see dataset manifest,datasets/manifests/canterbury.json,datasets/data/canterbury/dataset.json,30daaac9157db37ceda0cc444f6c9c304e91cf17e0164d0a12bc354539937151,true,ee5733cd76ecc2f9d8ff156adc3c02a7a851051dcf43a2d56ff4ee4ff606bdb3,5.328990058101005,38240,brotli-fast,brotli,fast,,1,ok,,3,3,12526,3.0528500718505507,0.6724372384937238,67.24372384937239,2.6205020920502093,0.0,0.006176745009724982,0.004195210989564657,6.190963029847111,9.115155374811845,0.005451000000000761,0.003253999999998314,888832.0,true,true,b1f85438882e55b51e08bb15cbd9457ef3c8efde98044145e7878a3bf5b5cd2b,ee5733cd76ecc2f9d8ff156adc3c02a7a851051dcf43a2d56ff4ee4ff606bdb3,,,,,,,,,,,,,,,,,,,,"[""'<tmp>/mathzip-toolpkgs.cQThTC/extracted/usr/bin/brotli' -f -d -o '<work>/restored.bin' '<work>/archive.br'"",""'<tmp>/mathzip-toolpkgs.cQThTC/extracted/usr/bin/brotli' -f -q 4 -o '<work>/archive.br' '<repo>/datasets/data/canterbury/sum'""]",{}
mathzip-benchmark-results-v1,20260724T134555Z-8b4c06c2,quick,canterbury_files,datasets/data/canterbury/sum,sum,Upstream files retain their original terms; see dataset manifest,datasets/manifests/canterbury.json,datasets/data/canterbury/dataset.json,30daaac9157db37ceda0cc444f6c9c304e91cf17e0164d0a12bc354539937151,true,ee5733cd76ecc2f9d8ff156adc3c02a7a851051dcf43a2d56ff4ee4ff606bdb3,5.328990058101005,38240,7z-fast,7z,fast,,1,ok,,3,3,10351,3.6943290503333013,0.7293148535564853,72.93148535564853,2.1654811715481173,0.0,0.016631054997560568,0.014419928993447684,2.299312942300354,2.6518854577838766,0.01559999999999917,0.013382000000000005,7155712.0,true,true,dd741739331f975015ee675345c6197304a0223969ca257d7adb8ac4a1ca14ee,ee5733cd76ecc2f9d8ff156adc3c02a7a851051dcf43a2d56ff4ee4ff606bdb3,,,,,,,,,,,,,,,,,,,,"[""'<tmp>/mathzip-toolpkgs.cQThTC/extracted/usr/lib/7zip/7z' a -y -bd -bso0 -bsp0 -t7z -m0=lzma2 -mx=1 -mmt=1 '<work>/archive.7z' '<repo>/datasets/data/canterbury/sum'"",""'<tmp>/mathzip-toolpkgs.cQThTC/extracted/usr/lib/7zip/7z' e -so -bd -mmt=1 '<work>/archive.7z'""]",{}
mathzip-benchmark-results-v1,20260724T134555Z-8b4c06c2,quick,canterbury_files,datasets/data/canterbury/xargs.1,xargs.1,Upstream files retain their original terms; see dataset manifest,datasets/manifests/canterbury.json,datasets/data/canterbury/dataset.json,30daaac9157db37ceda0cc444f6c9c304e91cf17e0164d0a12bc354539937151,true,c58aeb5d2d1e12751d47e7412b45784405fc30a5671b03d480fa05776e183619,4.898431525738649,4227,mathzip-fast,mathzip,fast,,1,ok,,3,3,3856,1.0962136929460582,0.08776910338301391,8.776910338301391,7.297847172935889,0.0,0.007952265994390473,0.0046061999892117456,0.5315466060845707,0.9176761777387269,0.006870000000002818,0.0034360000000006607,716800.0,true,true,e30fa7e176395b18120acb5a8ca81963e7179cb9c2b1d2b1a4560cffe362e81d,c58aeb5d2d1e12751d47e7412b45784405fc30a5671b03d480fa05776e183619,"[{""type"":""identity""}]",1,4227.0,4227.0,"{""raw"":1}","{""bit_pack"":1}",0,36,3700,120,100.0,0.0,4.898431525738648,3700,0,0,0.000340649,0.000119121,0.003125729,"[""'<repo>/target/release/mathzip' compress --mode fast --max-input-bytes 8589934592 --no-sync --force '<repo>/datasets/data/canterbury/xargs.1' '<work>/archive.mz'"",""'<repo>/target/release/mathzip' compress --mode fast --max-input-bytes 8589934592 --no-sync --force --metrics-output '<work>/metrics-probe.mz.metrics.json' '<repo>/datasets/data/canterbury/xargs.1' '<work>/metrics-probe.mz'"",""'<repo>/target/release/mathzip' decompress --max-archive-bytes 17179869184 --max-output-bytes 8589934592 --max-segments 8388608 --no-sync --force '<work>/archive.mz' '<work>/restored.bin'""]",{}
mathzip-benchmark-results-v1,20260724T134555Z-8b4c06c2,quick,canterbury_files,datasets/data/canterbury/xargs.1,xargs.1,Upstream files retain their original terms; see dataset manifest,datasets/manifests/canterbury.json,datasets/data/canterbury/dataset.json,30daaac9157db37ceda0cc444f6c9c304e91cf17e0164d0a12bc354539937151,true,c58aeb5d2d1e12751d47e7412b45784405fc30a5671b03d480fa05776e183619,4.898431525738649,4227,raw,raw,default,,1,ok,,3,3,4227,1.0,0.0,0.0,8.0,0.0,0.00024207000387832522,0.0001958820066647604,17.461890908733455,21.57931742671108,0.0002459200000011208,0.00019919200000018122,,true,true,c58aeb5d2d1e12751d47e7412b45784405fc30a5671b03d480fa05776e183619,c58aeb5d2d1e12751d47e7412b45784405fc30a5671b03d480fa05776e183619,,,,,,,,,,,,,,,,,,,,"[""stdlib:shutil.copyfile""]",{}
mathzip-benchmark-results-v1,20260724T134555Z-8b4c06c2,quick,canterbury_files,datasets/data/canterbury/xargs.1,xargs.1,Upstream files retain their original terms; see dataset manifest,datasets/manifests/canterbury.json,datasets/data/canterbury/dataset.json,30daaac9157db37ceda0cc444f6c9c304e91cf17e0164d0a12bc354539937151,true,c58aeb5d2d1e12751d47e7412b45784405fc30a5671b03d480fa05776e183619,4.898431525738649,4227,gzip-fast,gzip,fast,,1,ok,,3,3,1864,2.267703862660944,0.5590253134610835,55.902531346108354,3.5277974923113318,0.0,0.0041901740041794255,0.0025370430084876716,1.0087886555030514,1.6661128667738705,0.0022540000000006444,0.001934999999999576,454656.0,true,true,d272379b5f44c43845001eb9330e1cfb4df599abf2cf52a42c787663e8923716,c58aeb5d2d1e12751d47e7412b45784405fc30a5671b03d480fa05776e183619,,,,,,,,,,,,,,,,,,,,"[""'<external>/gzip' -d -c '<work>/archive.gz'"",""'<external>/gzip' -n -c -1 '<repo>/datasets/data/canterbury/xargs.1'""]",{}
mathzip-benchmark-results-v1,20260724T134555Z-8b4c06c2,quick,canterbury_files,datasets/data/canterbury/xargs.1,xargs.1,Upstream files retain their original terms; see dataset manifest,datasets/manifests/canterbury.json,datasets/data/canterbury/dataset.json,30daaac9157db37ceda0cc444f6c9c304e91cf17e0164d0a12bc354539937151,true,c58aeb5d2d1e12751d47e7412b45784405fc30a5671b03d480fa05776e183619,4.898431525738649,4227,bzip2-fast,bzip2,fast,,1,ok,,3,3,1762,2.398978433598184,0.5831559025313461,58.31559025313461,3.3347527797492313,0.0,0.0038057429919717833,0.004367821995401755,1.110689820336491,0.9677592183129243,0.0029419999999973356,0.002527000000000612,344064.0,true,true,dc2e74363c24197fa28ee0dfc92b32fda7aa352e5e071e039d142c7102e84a22,c58aeb5d2d1e12751d47e7412b45784405fc30a5671b03d480fa05776e183619,,,,,,,,,,,,,,,,,,,,"[""'<external>/bzip2' -c -1"",""'<external>/bzip2' -d -c '<work>/archive.bz2'""]",{}
mathzip-benchmark-results-v1,20260724T134555Z-8b4c06c2,quick,canterbury_files,datasets/data/canterbury/xargs.1,xargs.1,Upstream files retain their original terms; see dataset manifest,datasets/manifests/canterbury.json,datasets/data/canterbury/dataset.json,30daaac9157db37ceda0cc444f6c9c304e91cf17e0164d0a12bc354539937151,true,c58aeb5d2d1e12751d47e7412b45784405fc30a5671b03d480fa05776e183619,4.898431525738649,4227,xz-fast,xz,fast,,1,ok,,3,3,1864,2.267703862660944,0.5590253134610835,55.902531346108354,3.5277974923113318,0.0,0.009377601993037388,0.0038370849943021312,0.4507548948162261,1.101617505548319,0.008481999999997214,0.0023820000000007724,3477504.0,true,true,d0ec1308fa5cd114e071b3861c6873d4f488eefd2e87505dc1445eed367d8643,c58aeb5d2d1e12751d47e7412b45784405fc30a5671b03d480fa05776e183619,,,,,,,,,,,,,,,,,,,,"[""'<external>/xz' -c --threads=1 -1 '<repo>/datasets/data/canterbury/xargs.1'"",""'<external>/xz' -d -c --threads=1 '<work>/archive.xz'""]",{}
mathzip-benchmark-results-v1,20260724T134555Z-8b4c06c2,quick,canterbury_files,datasets/data/canterbury/xargs.1,xargs.1,Upstream files retain their original terms; see dataset manifest,datasets/manifests/canterbury.json,datasets/data/canterbury/dataset.json,30daaac9157db37ceda0cc444f6c9c304e91cf17e0164d0a12bc354539937151,true,c58aeb5d2d1e12751d47e7412b45784405fc30a5671b03d480fa05776e183619,4.898431525738649,4227,zstd-fast,zstd,fast,,1,ok,,3,3,1864,2.267703862660944,0.5590253134610835,55.902531346108354,3.5277974923113318,0.0,0.004454974012332968,0.003958795001381077,0.948827083681778,1.0677491505686343,0.003803000000001333,0.0034309999999990737,356352.0,true,true,21b4024dccc53bf2d31c713edcf8487b0c9da329dbbb6792565082454913356b,c58aeb5d2d1e12751d47e7412b45784405fc30a5671b03d480fa05776e183619,,,,,,,,,,,,,,,,,,,,"[""'<external>/zstd' -q -d -c '<work>/archive.zst'"",""'<external>/zstd' -q -f -T1 -1 -c '<repo>/datasets/data/canterbury/xargs.1'""]",{}
mathzip-benchmark-results-v1,20260724T134555Z-8b4c06c2,quick,canterbury_files,datasets/data/canterbury/xargs.1,xargs.1,Upstream files retain their original terms; see dataset manifest,datasets/manifests/canterbury.json,datasets/data/canterbury/dataset.json,30daaac9157db37ceda0cc444f6c9c304e91cf17e0164d0a12bc354539937151,true,c58aeb5d2d1e12751d47e7412b45784405fc30a5671b03d480fa05776e183619,4.898431525738649,4227,lz4-fast,lz4,fast,,1,ok,,3,3,2677,1.57900635039223,0.3666903241069316,36.669032410693156,5.066477407144547,0.0,0.0027175319992238656,0.0025765190075617284,1.5554554651821,1.640585607012538,0.0019860000000022637,0.0020269999999982247,450560.0,true,true,71412edf7acd1c043b2b25de5566c6cda815b5ccbcb782d874e54954857895b3,c58aeb5d2d1e12751d47e7412b45784405fc30a5671b03d480fa05776e183619,,,,,,,,,,,,,,,,,,,,"[""'<tmp>/mathzip-toolpkgs.cQThTC/extracted/usr/bin/lz4' -q -d -f '<work>/archive.lz4' '<work>/restored.bin'"",""'<tmp>/mathzip-toolpkgs.cQThTC/extracted/usr/bin/lz4' -q -f -1 '<repo>/datasets/data/canterbury/xargs.1' '<work>/archive.lz4'""]",{}
mathzip-benchmark-results-v1,20260724T134555Z-8b4c06c2,quick,canterbury_files,datasets/data/canterbury/xargs.1,xargs.1,Upstream files retain their original terms; see dataset manifest,datasets/manifests/canterbury.json,datasets/data/canterbury/dataset.json,30daaac9157db37ceda0cc444f6c9c304e91cf17e0164d0a12bc354539937151,true,c58aeb5d2d1e12751d47e7412b45784405fc30a5671b03d480fa05776e183619,4.898431525738649,4227,brotli-fast,brotli,fast,,1,ok,,3,3,1762,2.398978433598184,0.5831559025313461,58.31559025313461,3.3347527797492313,0.0,0.00833039999997709,0.0034612719900906086,0.5074186113525911,1.2212273441964745,0.003958000000000794,0.0026389999999985037,339968.0,true,true,c719fd2e73d7dd5256fec082e7fdfa146d472169a8f660a33d774f985bb511d3,c58aeb5d2d1e12751d47e7412b45784405fc30a5671b03d480fa05776e183619,,,,,,,,,,,,,,,,,,,,"[""'<tmp>/mathzip-toolpkgs.cQThTC/extracted/usr/bin/brotli' -f -d -o '<work>/restored.bin' '<work>/archive.br'"",""'<tmp>/mathzip-toolpkgs.cQThTC/extracted/usr/bin/brotli' -f -q 4 -o '<work>/archive.br' '<repo>/datasets/data/canterbury/xargs.1'""]",{}
mathzip-benchmark-results-v1,20260724T134555Z-8b4c06c2,quick,canterbury_files,datasets/data/canterbury/xargs.1,xargs.1,Upstream files retain their original terms; see dataset manifest,datasets/manifests/canterbury.json,datasets/data/canterbury/dataset.json,30daaac9157db37ceda0cc444f6c9c304e91cf17e0164d0a12bc354539937151,true,c58aeb5d2d1e12751d47e7412b45784405fc30a5671b03d480fa05776e183619,4.898431525738649,4227,7z-fast,7z,fast,,1,ok,,3,3,1926,2.194704049844237,0.5443577004968063,54.435770049680634,3.64513839602555,0.0,0.01177409099182114,0.007595044997287914,0.35900860651886257,0.556547064765173,0.009063000000001153,0.00625400000000198,1908736.0,true,true,f92f124ee7f3bcb855bf53d168ac0225f9b8df2b5bc6287068cc682774d000b6,c58aeb5d2d1e12751d47e7412b45784405fc30a5671b03d480fa05776e183619,,,,,,,,,,,,,,,,,,,,"[""'<tmp>/mathzip-toolpkgs.cQThTC/extracted/usr/lib/7zip/7z' a -y -bd -bso0 -bsp0 -t7z -m0=lzma2 -mx=1 -mmt=1 '<work>/archive.7z' '<repo>/datasets/data/canterbury/xargs.1'"",""'<tmp>/mathzip-toolpkgs.cQThTC/extracted/usr/lib/7zip/7z' e -so -bd -mmt=1 '<work>/archive.7z'""]",{}
mathzip-benchmark-results-v1,20260724T134555Z-8b4c06c2,quick,canterbury_combined,datasets/data/canterbury/combined.bin,combined.bin,Upstream files retain their original terms; see dataset manifest,datasets/manifests/canterbury.json,datasets/data/canterbury/dataset.json,30daaac9157db37ceda0cc444f6c9c304e91cf17e0164d0a12bc354539937151,true,0737d6c25a3337923a1429471546118448f07133e55c8f43fadde7984384982c,4.711679495819222,2810784,mathzip-fast,mathzip,fast,,1,ok,,3,3,2242788,1.2532544315378895,0.20207742750777002,20.207742750777,6.38338057993784,0.0,1.7504247770120855,0.0745013870036928,1.6057725169989372,37.727941895372744,1.7487110000000001,0.07280999999999693,21389312.0,true,true,525f4d0ea32b7397a51cdf3b1911737f1d604c96934a9abb07f613c1a8c6f138,0737d6c25a3337923a1429471546118448f07133e55c8f43fadde7984384982c,"[{""type"":""xor""}]",172,16341.767441860466,16384.0,"{""constant"":1,""periodic"":32,""raw"":137,""recurrence"":2}","{""bit_pack"":72,""raw"":32,""rle"":1,""sparse"":3,""zero_run"":64}",303,6192,2236173,120,79.59857463255803,18.652731764518368,5.841359554791087,2236173,35,0,0.191303057,0.033633454,1.513180426,"[""'<repo>/target/release/mathzip' compress --mode fast --max-input-bytes 8589934592 --no-sync --force '<repo>/datasets/data/canterbury/combined.bin' '<work>/archive.mz'"",""'<repo>/target/release/mathzip' compress --mode fast --max-input-bytes 8589934592 --no-sync --force --metrics-output '<work>/metrics-probe.mz.metrics.json' '<repo>/datasets/data/canterbury/combined.bin' '<work>/metrics-probe.mz'"",""'<repo>/target/release/mathzip' decompress --max-archive-bytes 17179869184 --max-output-bytes 8589934592 --max-segments 8388608 --no-sync --force '<work>/archive.mz' '<work>/restored.bin'""]",{}
mathzip-benchmark-results-v1,20260724T134555Z-8b4c06c2,quick,canterbury_combined,datasets/data/canterbury/combined.bin,combined.bin,Upstream files retain their original terms; see dataset manifest,datasets/manifests/canterbury.json,datasets/data/canterbury/dataset.json,30daaac9157db37ceda0cc444f6c9c304e91cf17e0164d0a12bc354539937151,true,0737d6c25a3337923a1429471546118448f07133e55c8f43fadde7984384982c,4.711679495819222,2810784,raw,raw,default,,1,ok,,3,3,2810784,1.0,0.0,0.0,8.0,0.0,0.0025100929924519733,0.002578143001301214,1119.792775985681,1090.235878530155,0.002514079999999197,0.0025817640000003195,,true,true,0737d6c25a3337923a1429471546118448f07133e55c8f43fadde7984384982c,0737d6c25a3337923a1429471546118448f07133e55c8f43fadde7984384982c,,,,,,,,,,,,,,,,,,,,"[""stdlib:shutil.copyfile""]",{}
mathzip-benchmark-results-v1,20260724T134555Z-8b4c06c2,quick,canterbury_combined,datasets/data/canterbury/combined.bin,combined.bin,Upstream files retain their original terms; see dataset manifest,datasets/manifests/canterbury.json,datasets/data/canterbury/dataset.json,30daaac9157db37ceda0cc444f6c9c304e91cf17e0164d0a12bc354539937151,true,0737d6c25a3337923a1429471546118448f07133e55c8f43fadde7984384982c,4.711679495819222,2810784,gzip-fast,gzip,fast,,1,ok,,3,3,871191,3.2263694184168568,0.6900540916697975,69.00540916697975,2.47956726664162,0.0,0.052003952994709834,0.0292923250090098,54.04942967097002,95.9563298282213,0.05116499999999746,0.02822100000000205,1974272.0,true,true,979f4a606d31168acf8bf2d45ed087a0836e0962da596f37a3c4e3b54f34884e,0737d6c25a3337923a1429471546118448f07133e55c8f43fadde7984384982c,,,,,,,,,,,,,,,,,,,,"[""'<external>/gzip' -d -c '<work>/archive.gz'"",""'<external>/gzip' -n -c -1 '<repo>/datasets/data/canterbury/combined.bin'""]",{}
mathzip-benchmark-results-v1,20260724T134555Z-8b4c06c2,quick,canterbury_combined,datasets/data/canterbury/combined.bin,combined.bin,Upstream files retain their original terms; see dataset manifest,datasets/manifests/canterbury.json,datasets/data/canterbury/dataset.json,30daaac9157db37ceda0cc444f6c9c304e91cf17e0164d0a12bc354539937151,true,0737d6c25a3337923a1429471546118448f07133e55c8f43fadde7984384982c,4.711679495819222,2810784,bzip2-fast,bzip2,fast,,1,ok,,3,3,583549,4.816706052105308,0.7923892408666052,79.23892408666052,1.6608860730671584,0.0,0.22799984100856818,0.10288346999732312,12.328008596700606,27.320073866804186,0.22549499999999512,0.10180700000000087,2457600.0,true,true,8d2dec0b622b33889f6619eb61aa7a39e3b721e113d89c6e2d5ad49c43c5763f,0737d6c25a3337923a1429471546118448f07133e55c8f43fadde7984384982c,,,,,,,,,,,,,,,,,,,,"[""'<external>/bzip2' -c -1"",""'<external>/bzip2' -d -c '<work>/archive.bz2'""]",{}
mathzip-benchmark-results-v1,20260724T134555Z-8b4c06c2,quick,canterbury_combined,datasets/data/canterbury/combined.bin,combined.bin,Upstream files retain their original terms; see dataset manifest,datasets/manifests/canterbury.json,datasets/data/canterbury/dataset.json,30daaac9157db37ceda0cc444f6c9c304e91cf17e0164d0a12bc354539937151,true,0737d6c25a3337923a1429471546118448f07133e55c8f43fadde7984384982c,4.711679495819222,2810784,xz-fast,xz,fast,,1,ok,,3,3,568060,4.948040699926064,0.7978998030442752,79.78998030442752,1.6168015756457985,0.0,0.2691453629959142,0.0568450139980996,10.443367735236329,49.44644749483161,0.2658400000000043,0.055506000000001166,10846208.0,true,true,44c576ec71f374201b8ecd6c64e1d36cf475961c75d3dc3ee05f2e0b8314c1c5,0737d6c25a3337923a1429471546118448f07133e55c8f43fadde7984384982c,,,,,,,,,,,,,,,,,,,,"[""'<external>/xz' -c --threads=1 -1 '<repo>/datasets/data/canterbury/combined.bin'"",""'<external>/xz' -d -c --threads=1 '<work>/archive.xz'""]",{}
mathzip-benchmark-results-v1,20260724T134555Z-8b4c06c2,quick,canterbury_combined,datasets/data/canterbury/combined.bin,combined.bin,Upstream files retain their original terms; see dataset manifest,datasets/manifests/canterbury.json,datasets/data/canterbury/dataset.json,30daaac9157db37ceda0cc444f6c9c304e91cf17e0164d0a12bc354539937151,true,0737d6c25a3337923a1429471546118448f07133e55c8f43fadde7984384982c,4.711679495819222,2810784,zstd-fast,zstd,fast,,1,ok,,3,3,699742,4.016886223779622,0.7510509523321607,75.10509523321606,1.9915923813427143,0.0,0.027001067996025085,0.012245863006683066,104.09899343291845,229.52927029038628,0.030617000000006556,0.01492600000000266,7340032.0,true,true,113111e51bb073b1041d395e05b48ffc0c7fbf5c007eb84b5ea263731d9e9355,0737d6c25a3337923a1429471546118448f07133e55c8f43fadde7984384982c,,,,,,,,,,,,,,,,,,,,"[""'<external>/zstd' -q -d -c '<work>/archive.zst'"",""'<external>/zstd' -q -f -T1 -1 -c '<repo>/datasets/data/canterbury/combined.bin'""]",{}
mathzip-benchmark-results-v1,20260724T134555Z-8b4c06c2,quick,canterbury_combined,datasets/data/canterbury/combined.bin,combined.bin,Upstream files retain their original terms; see dataset manifest,datasets/manifests/canterbury.json,datasets/data/canterbury/dataset.json,30daaac9157db37ceda0cc444f6c9c304e91cf17e0164d0a12bc354539937151,true,0737d6c25a3337923a1429471546118448f07133e55c8f43fadde7984384982c,4.711679495819222,2810784,lz4-fast,lz4,fast,,1,ok,,3,3,1227840,2.28921032056294,0.5631681409884217,56.31681409884217,3.4946548720926263,0.0,0.020466932997805998,0.014946988012525253,137.33293602423524,188.05019430300095,0.01887800000000084,0.014088999999998464,5824512.0,true,true,7e9aaaec66df8096e3b619cb918b5fe6e0fa6725cfc066c6b81e3573b3989943,0737d6c25a3337923a1429471546118448f07133e55c8f43fadde7984384982c,,,,,,,,,,,,,,,,,,,,"[""'<tmp>/mathzip-toolpkgs.cQThTC/extracted/usr/bin/lz4' -q -d -f '<work>/archive.lz4' '<work>/restored.bin'"",""'<tmp>/mathzip-toolpkgs.cQThTC/extracted/usr/bin/lz4' -q -f -1 '<repo>/datasets/data/canterbury/combined.bin' '<work>/archive.lz4'""]",{}
mathzip-benchmark-results-v1,20260724T134555Z-8b4c06c2,quick,canterbury_combined,datasets/data/canterbury/combined.bin,combined.bin,Upstream files retain their original terms; see dataset manifest,datasets/manifests/canterbury.json,datasets/data/canterbury/dataset.json,30daaac9157db37ceda0cc444f6c9c304e91cf17e0164d0a12bc354539937151,true,0737d6c25a3337923a1429471546118448f07133e55c8f43fadde7984384982c,4.711679495819222,2810784,brotli-fast,brotli,fast,,1,ok,,3,3,597909,4.701023065382859,0.7872803459817617,78.72803459817617,1.7017572321459067,0.0,0.1285432029981166,0.021543716997257434,21.866453724831977,130.46885086532743,0.1274399999999929,0.02083499999999816,14659584.0,true,true,6357d72eacff449b4bc567e383eed9a318d4352dfc2a4a05c1ec2cfce892f230,0737d6c25a3337923a1429471546118448f07133e55c8f43fadde7984384982c,,,,,,,,,,,,,,,,,,,,"[""'<tmp>/mathzip-toolpkgs.cQThTC/extracted/usr/bin/brotli' -f -d -o '<work>/restored.bin' '<work>/archive.br'"",""'<tmp>/mathzip-toolpkgs.cQThTC/extracted/usr/bin/brotli' -f -q 4 -o '<work>/archive.br' '<repo>/datasets/data/canterbury/combined.bin'""]",{}
mathzip-benchmark-results-v1,20260724T134555Z-8b4c06c2,quick,canterbury_combined,datasets/data/canterbury/combined.bin,combined.bin,Upstream files retain their original terms; see dataset manifest,datasets/manifests/canterbury.json,datasets/data/canterbury/dataset.json,30daaac9157db37ceda0cc444f6c9c304e91cf17e0164d0a12bc354539937151,true,0737d6c25a3337923a1429471546118448f07133e55c8f43fadde7984384982c,4.711679495819222,2810784,7z-fast,7z,fast,,1,ok,,3,3,558068,5.036633528530573,0.8014546831062082,80.14546831062081,1.5883625351503352,0.0,0.2008125019929139,0.05239370799972676,13.997056817205458,53.647357808969325,0.1998450000000105,0.05159100000000194,11407360.0,true,true,d615c3faea195bbe0f1591e0df3c6cfa64a4d816c02cb62f59b39cb951357281,0737d6c25a3337923a1429471546118448f07133e55c8f43fadde7984384982c,,,,,,,,,,,,,,,,,,,,"[""'<tmp>/mathzip-toolpkgs.cQThTC/extracted/usr/lib/7zip/7z' a -y -bd -bso0 -bsp0 -t7z -m0=lzma2 -mx=1 -mmt=1 '<work>/archive.7z' '<repo>/datasets/data/canterbury/combined.bin'"",""'<tmp>/mathzip-toolpkgs.cQThTC/extracted/usr/lib/7zip/7z' e -so -bd -mmt=1 '<work>/archive.7z'""]",{}
mathzip-benchmark-results-v1,20260724T134555Z-8b4c06c2,quick,calgary_files,datasets/data/calgary/bib,bib,Upstream files retain their original terms; see dataset manifest,datasets/manifests/calgary.json,datasets/data/calgary/dataset.json,83a3c9348bc6c40af11956faf339f4c6287ef14cdb7d5479a8a0a4f84f2b19c7,true,0f1a13936e358191533aca4a32ff42906d1b7f641f3afb0a90458b2410419fcf,5.200676299765089,111261,mathzip-fast,mathzip,fast,,1,ok,,3,3,97733,1.1384179345768572,0.12158797781792363,12.158797781792362,7.027296177456611,0.0,0.09023382699524518,0.0071193140029208735,1.233029826008187,15.628050673752055,0.08925400000000394,0.0065029999999950405,4132864.0,true,true,b4827aed1976b43625567d215941167929ba02b802e2c75b43648b3685af6ecc,0f1a13936e358191533aca4a32ff42906d1b7f641f3afb0a90458b2410419fcf,"[{""type"":""identity""}]",7,15894.42857142857,16384.0,"{""raw"":7}","{""bit_pack"":7}",0,252,97361,120,100.0,0.0,5.20067629976509,97361,0,0,0.007282618,0.001221412,0.076811659,"[""'<repo>/target/release/mathzip' compress --mode fast --max-input-bytes 8589934592 --no-sync --force '<repo>/datasets/data/calgary/bib' '<work>/archive.mz'"",""'<repo>/target/release/mathzip' compress --mode fast --max-input-bytes 8589934592 --no-sync --force --metrics-output '<work>/metrics-probe.mz.metrics.json' '<repo>/datasets/data/calgary/bib' '<work>/metrics-probe.mz'"",""'<repo>/target/release/mathzip' decompress --max-archive-bytes 17179869184 --max-output-bytes 8589934592 --max-segments 8388608 --no-sync --force '<work>/archive.mz' '<work>/restored.bin'""]",{}
mathzip-benchmark-results-v1,20260724T134555Z-8b4c06c2,quick,calgary_files,datasets/data/calgary/bib,bib,Upstream files retain their original terms; see dataset manifest,datasets/manifests/calgary.json,datasets/data/calgary/dataset.json,83a3c9348bc6c40af11956faf339f4c6287ef14cdb7d5479a8a0a4f84f2b19c7,true,0f1a13936e358191533aca4a32ff42906d1b7f641f3afb0a90458b2410419fcf,5.200676299765089,111261,raw,raw,default,,1,ok,,3,3,111261,1.0,0.0,0.0,8.0,0.0,0.0002962369908345863,0.0002833720063790679,375.58104977553677,392.6322907533982,0.00030757300000061605,0.00028677200000082337,,true,true,0f1a13936e358191533aca4a32ff42906d1b7f641f3afb0a90458b2410419fcf,0f1a13936e358191533aca4a32ff42906d1b7f641f3afb0a90458b2410419fcf,,,,,,,,,,,,,,,,,,,,"[""stdlib:shutil.copyfile""]",{}
mathzip-benchmark-results-v1,20260724T134555Z-8b4c06c2,quick,calgary_files,datasets/data/calgary/bib,bib,Upstream files retain their original terms; see dataset manifest,datasets/manifests/calgary.json,datasets/data/calgary/dataset.json,83a3c9348bc6c40af11956faf339f4c6287ef14cdb7d5479a8a0a4f84f2b19c7,true,0f1a13936e358191533aca4a32ff42906d1b7f641f3afb0a90458b2410419fcf,5.200676299765089,111261,gzip-fast,gzip,fast,,1,ok,,3,3,43867,2.5363257118107003,0.6057288717520066,60.57288717520066,3.1541690259839474,0.0,0.0054640510061290115,0.003702530011651106,20.36236482331494,30.049992748170666,0.004918000000003531,0.003140000000001919,348160.0,true,true,59d0622425c6157dc40be165de58705d62792571d7b5351b4a9009243809a372,0f1a13936e358191533aca4a32ff42906d1b7f641f3afb0a90458b2410419fcf,,,,,,,,,,,,,,,,,,,,"[""'<external>/gzip' -d -c '<work>/archive.gz'"",""'<external>/gzip' -n -c -1 '<repo>/datasets/data/calgary/bib'""]",{}
mathzip-benchmark-results-v1,20260724T134555Z-8b4c06c2,quick,calgary_files,datasets/data/calgary/bib,bib,Upstream files retain their original terms; see dataset manifest,datasets/manifests/calgary.json,datasets/data/calgary/dataset.json,83a3c9348bc6c40af11956faf339f4c6287ef14cdb7d5479a8a0a4f84f2b19c7,true,0f1a13936e358191533aca4a32ff42906d1b7f641f3afb0a90458b2410419fcf,5.200676299765089,111261,bzip2-fast,bzip2,fast,,1,ok,,3,3,29246,3.8043151200164127,0.7371405973341962,73.71405973341962,2.1028752213264306,0.0,0.016082255999208428,0.00871741000446491,6.9182457986911965,12.763079853191947,0.015105000000005475,0.00809600000000188,2441216.0,true,true,8a8b4bb8d6dc8aa9be9f7f6b4487a9d16eff6334e1472a262f4668170f83217f,0f1a13936e358191533aca4a32ff42906d1b7f641f3afb0a90458b2410419fcf,,,,,,,,,,,,,,,,,,,,"[""'<external>/bzip2' -c -1"",""'<external>/bzip2' -d -c '<work>/archive.bz2'""]",{}
mathzip-benchmark-results-v1,20260724T134555Z-8b4c06c2,quick,calgary_files,datasets/data/calgary/bib,bib,Upstream files retain their original terms; see dataset manifest,datasets/manifests/calgary.json,datasets/data/calgary/dataset.json,83a3c9348bc6c40af11956faf339f4c6287ef14cdb7d5479a8a0a4f84f2b19c7,true,0f1a13936e358191533aca4a32ff42906d1b7f641f3afb0a90458b2410419fcf,5.200676299765089,111261,xz-fast,xz,fast,,1,ok,,3,3,34012,3.2712278019522523,0.6943043833868112,69.43043833868113,2.4455649329055102,0.0,0.02110134600661695,0.007707017008215189,5.272696820625131,14.43632470012754,0.02022699999999844,0.0053530000000066025,4702208.0,true,true,9c0af4ab07407993444a8e6cf7a3d2ff61a58980ded71dbef847cb013d093acd,0f1a13936e358191533aca4a32ff42906d1b7f641f3afb0a90458b2410419fcf,,,,,,,,,,,,,,,,,,,,"[""'<external>/xz' -c --threads=1 -1 '<repo>/datasets/data/calgary/bib'"",""'<external>/xz' -d -c --threads=1 '<work>/archive.xz'""]",{}
mathzip-benchmark-results-v1,20260724T134555Z-8b4c06c2,quick,calgary_files,datasets/data/calgary/bib,bib,Upstream files retain their original terms; see dataset manifest,datasets/manifests/calgary.json,datasets/data/calgary/dataset.json,83a3c9348bc6c40af11956faf339f4c6287ef14cdb7d5479a8a0a4f84f2b19c7,true,0f1a13936e358191533aca4a32ff42906d1b7f641f3afb0a90458b2410419fcf,5.200676299765089,111261,zstd-fast,zstd,fast,,1,ok,,3,3,40385,2.7550080475424044,0.6370246537421019,63.70246537421019,2.9038027700631845,0.0,0.010424955995404162,0.009024370010592975,10.672563035186851,12.328949263981835,0.009611000000006698,0.007941000000002418,344064.0,true,true,782a2ab747b2d8a1e368776bbb6dd88153c723f69ffb1edb85cc17a8c1460513,0f1a13936e358191533aca4a32ff42906d1b7f641f3afb0a90458b2410419fcf,,,,,,,,,,,,,,,,,,,,"[""'<external>/zstd' -q -d -c '<work>/archive.zst'"",""'<external>/zstd' -q -f -T1 -1 -c '<repo>/datasets/data/calgary/bib'""]",{}
mathzip-benchmark-results-v1,20260724T134555Z-8b4c06c2,quick,calgary_files,datasets/data/calgary/bib,bib,Upstream files retain their original terms; see dataset manifest,datasets/manifests/calgary.json,datasets/data/calgary/dataset.json,83a3c9348bc6c40af11956faf339f4c6287ef14cdb7d5479a8a0a4f84f2b19c7,true,0f1a13936e358191533aca4a32ff42906d1b7f641f3afb0a90458b2410419fcf,5.200676299765089,111261,lz4-fast,lz4,fast,,1,ok,,3,3,56707,1.962032905990442,0.4903245521791104,49.03245521791104,4.077403582567117,0.0,0.005861065001226962,0.0035692310048034415,18.98306877277568,31.17226087363521,0.004823000000001798,0.0025869999999983406,737280.0,true,true,71d12d5ca78b3063697f2ef339385305d41ec848f4e2863100823e1ab00802d0,0f1a13936e358191533aca4a32ff42906d1b7f641f3afb0a90458b2410419fcf,,,,,,,,,,,,,,,,,,,,"[""'<tmp>/mathzip-toolpkgs.cQThTC/extracted/usr/bin/lz4' -q -d -f '<work>/archive.lz4' '<work>/restored.bin'"",""'<tmp>/mathzip-toolpkgs.cQThTC/extracted/usr/bin/lz4' -q -f -1 '<repo>/datasets/data/calgary/bib' '<work>/archive.lz4'""]",{}
mathzip-benchmark-results-v1,20260724T134555Z-8b4c06c2,quick,calgary_files,datasets/data/calgary/bib,bib,Upstream files retain their original terms; see dataset manifest,datasets/manifests/calgary.json,datasets/data/calgary/dataset.json,83a3c9348bc6c40af11956faf339f4c6287ef14cdb7d5479a8a0a4f84f2b19c7,true,0f1a13936e358191533aca4a32ff42906d1b7f641f3afb0a90458b2410419fcf,5.200676299765089,111261,brotli-fast,brotli,fast,,1,ok,,3,3,35387,3.1441207222991494,0.6819460547721123,68.19460547721124,2.544431561823101,0.0,0.009082692995434627,0.004650599992601201,12.249780990717712,23.924009843247955,0.007953999999998018,0.003583000000006109,487424.0,true,true,ca73bfca220f78a5431b2caaf2355d78c841f115ad38c2abfc31b3b7e9d26fa7,0f1a13936e358191533aca4a32ff42906d1b7f641f3afb0a90458b2410419fcf,,,,,,,,,,,,,,,,,,,,"[""'<tmp>/mathzip-toolpkgs.cQThTC/extracted/usr/bin/brotli' -f -d -o '<work>/restored.bin' '<work>/archive.br'"",""'<tmp>/mathzip-toolpkgs.cQThTC/extracted/usr/bin/brotli' -f -q 4 -o '<work>/archive.br' '<repo>/datasets/data/calgary/bib'""]",{}
mathzip-benchmark-results-v1,20260724T134555Z-8b4c06c2,quick,calgary_files,datasets/data/calgary/bib,bib,Upstream files retain their original terms; see dataset manifest,datasets/manifests/calgary.json,datasets/data/calgary/dataset.json,83a3c9348bc6c40af11956faf339f4c6287ef14cdb7d5479a8a0a4f84f2b19c7,true,0f1a13936e358191533aca4a32ff42906d1b7f641f3afb0a90458b2410419fcf,5.200676299765089,111261,7z-fast,7z,fast,,1,ok,,3,3,32995,3.3720563721776027,0.7034450526240101,70.34450526240101,2.3724395790079185,0.0,0.02218233500025235,0.016811248002341017,5.015747891226702,6.618247496230296,0.021376000000003614,0.015907999999996036,7712768.0,true,true,fc8dff6d6ffa70788d1080ec7f74460937e827373ed64b22b5ca62b0883b743e,0f1a13936e358191533aca4a32ff42906d1b7f641f3afb0a90458b2410419fcf,,,,,,,,,,,,,,,,,,,,"[""'<tmp>/mathzip-toolpkgs.cQThTC/extracted/usr/lib/7zip/7z' a -y -bd -bso0 -bsp0 -t7z -m0=lzma2 -mx=1 -mmt=1 '<work>/archive.7z' '<repo>/datasets/data/calgary/bib'"",""'<tmp>/mathzip-toolpkgs.cQThTC/extracted/usr/lib/7zip/7z' e -so -bd -mmt=1 '<work>/archive.7z'""]",{}
mathzip-benchmark-results-v1,20260724T134555Z-8b4c06c2,quick,calgary_files,datasets/data/calgary/book1,book1,Upstream files retain their original terms; see dataset manifest,datasets/manifests/calgary.json,datasets/data/calgary/dataset.json,83a3c9348bc6c40af11956faf339f4c6287ef14cdb7d5479a8a0a4f84f2b19c7,true,9ffa47cd93bccd732f20e0c304203cfbc1b8a91bedac536e2d8f6051003d9951,4.527148564470308,768771,mathzip-fast,mathzip,fast,,1,ok,,3,3,674534,1.1397068198193123,0.12258136688298593,12.258136688298594,7.0193490649361125,0.0,0.624872044994845,0.029041789995972067,1.2302854738946467,26.471198920818043,0.6239619999999917,0.027588000000008606,8646656.0,true,true,e01885795c5a7a1d788fc170a4fde010b3c572c754dff42557cda2b73002c88c,9ffa47cd93bccd732f20e0c304203cfbc1b8a91bedac536e2d8f6051003d9951,"[{""type"":""identity""}]",47,16356.829787234043,16384.0,"{""raw"":47}","{""bit_pack"":47}",0,1692,672722,120,100.0,0.0,4.527148564470308,672722,0,0,0.054792927,0.008084198,0.553505711,"[""'<repo>/target/release/mathzip' compress --mode fast --max-input-bytes 8589934592 --no-sync --force '<repo>/datasets/data/calgary/book1' '<work>/archive.mz'"",""'<repo>/target/release/mathzip' compress --mode fast --max-input-bytes 8589934592 --no-sync --force --metrics-output '<work>/metrics-probe.mz.metrics.json' '<repo>/datasets/data/calgary/book1' '<work>/metrics-probe.mz'"",""'<repo>/target/release/mathzip' decompress --max-archive-bytes 17179869184 --max-output-bytes 8589934592 --max-segments 8388608 --no-sync --force '<work>/archive.mz' '<work>/restored.bin'""]",{}
mathzip-benchmark-results-v1,20260724T134555Z-8b4c06c2,quick,calgary_files,datasets/data/calgary/book1,book1,Upstream files retain their original terms; see dataset manifest,datasets/manifests/calgary.json,datasets/data/calgary/dataset.json,83a3c9348bc6c40af11956faf339f4c6287ef14cdb7d5479a8a0a4f84f2b19c7,true,9ffa47cd93bccd732f20e0c304203cfbc1b8a91bedac536e2d8f6051003d9951,4.527148564470308,768771,raw,raw,default,,1,ok,,3,3,768771,1.0,0.0,0.0,8.0,0.0,0.0008499459945596755,0.0008186369959730655,904.4939383451897,939.0865594660883,0.0008538120000007865,0.0008220140000005927,,true,true,9ffa47cd93bccd732f20e0c304203cfbc1b8a91bedac536e2d8f6051003d9951,9ffa47cd93bccd732f20e0c304203cfbc1b8a91bedac536e2d8f6051003d9951,,,,,,,,,,,,,,,,,,,,"[""stdlib:shutil.copyfile""]",{}
mathzip-benchmark-results-v1,20260724T134555Z-8b4c06c2,quick,calgary_files,datasets/data/calgary/book1,book1,Upstream files retain their original terms; see dataset manifest,datasets/manifests/calgary.json,datasets/data/calgary/dataset.json,83a3c9348bc6c40af11956faf339f4c6287ef14cdb7d5479a8a0a4f84f2b19c7,true,9ffa47cd93bccd732f20e0c304203cfbc1b8a91bedac536e2d8f6051003d9951,4.527148564470308,768771,gzip-fast,gzip,fast,,1,ok,,3,3,364999,2.1062276882950366,0.5252175225132061,52.521752251320606,3.798259819894351,0.0,0.025665973997092806,0.013522975001251325,29.952925226491654,56.84925099165406,0.02454899999999327,0.01162100000000521,1970176.0,true,true,df480cfa94114aefbbed3f498186676fb79d204f78622d392af97f6168aa79c6,9ffa47cd93bccd732f20e0c304203cfbc1b8a91bedac536e2d8f6051003d9951,,,,,,,,,,,,,,,,,,,,"[""'<external>/gzip' -d -c '<work>/archive.gz'"",""'<external>/gzip' -n -c -1 '<repo>/datasets/data/calgary/book1'""]",{}
mathzip-benchmark-results-v1,20260724T134555Z-8b4c06c2,quick,calgary_files,datasets/data/calgary/book1,book1,Upstream files retain their original terms; see dataset manifest,datasets/manifests/calgary.json,datasets/data/calgary/dataset.json,83a3c9348bc6c40af11956faf339f4c6287ef14cdb7d5479a8a0a4f84f2b19c7,true,9ffa47cd93bccd732f20e0c304203cfbc1b8a91bedac536e2d8f6051003d9951,4.527148564470308,768771,bzip2-fast,bzip2,fast,,1,ok,,3,3,270508,2.84195291821314,0.648129286874765,64.8129286874765,2.8149657050018795,0.0,0.08749398500367533,0.04495688699535094,8.786558298467105,17.10018311720515,0.08654199999999435,0.04415800000000303,2457600.0,true,true,cbcf31385253bcd96a8a742d92ecd66795ca1dd9f1d068d8bb001682190326a7,9ffa47cd93bccd732f20e0c304203cfbc1b8a91bedac536e2d8f6051003d9951,,,,,,,,,,,,,,,,,,,,"[""'<external>/bzip2' -c -1"",""'<external>/bzip2' -d -c '<work>/archive.bz2'""]",{}
mathzip-benchmark-results-v1,20260724T134555Z-8b4c06c2,quick,calgary_files,datasets/data/calgary/book1,book1,Upstream files retain their original terms; see dataset manifest,datasets/manifests/calgary.json,datasets/data/calgary/dataset.json,83a3c9348bc6c40af11956faf339f4c6287ef14cdb7d5479a8a0a4f84f2b19c7,true,9ffa47cd93bccd732f20e0c304203cfbc1b8a91bedac536e2d8f6051003d9951,4.527148564470308,768771,xz-fast,xz,fast,,1,ok,,3,3,301308,2.551445696762117,0.608065340654109,60.8065340654109,3.1354772747671285,0.0,0.13599764100217726,0.0332127150031738,5.652825992678007,23.146888169983587,0.13336899999999474,0.03136500000000808,8306688.0,true,true,277e76056caf1210f683762e6559b506800e3a399979adabb00377a41d445256,9ffa47cd93bccd732f20e0c304203cfbc1b8a91bedac536e2d8f6051003d9951,,,,,,,,,,,,,,,,,,,,"[""'<external>/xz' -c --threads=1 -1 '<repo>/datasets/data/calgary/book1'"",""'<external>/xz' -d -c --threads=1 '<work>/archive.xz'""]",{}
mathzip-benchmark-results-v1,20260724T134555Z-8b4c06c2,quick,calgary_files,datasets/data/calgary/book1,book1,Upstream files retain their original terms; see dataset manifest,datasets/manifests/calgary.json,datasets/data/calgary/dataset.json,83a3c9348bc6c40af11956faf339f4c6287ef14cdb7d5479a8a0a4f84f2b19c7,true,9ffa47cd93bccd732f20e0c304203cfbc1b8a91bedac536e2d8f6051003d9951,4.527148564470308,768771,zstd-fast,zstd,fast,,1,ok,,3,3,349762,2.1979832000045745,0.5450374688951587,54.50374688951587,3.639700248838731,0.0,0.02265030299895443,0.014637321000918746,33.94087046144537,52.52129129037658,0.02382300000000015,0.013854999999999507,4493312.0,true,true,f411492bc2e96bc2f36e723c3aed8eb23621e6b54792f5447e1a240f0a2aa560,9ffa47cd93bccd732f20e0c304203cfbc1b8a91bedac536e2d8f6051003d9951,,,,,,,,,,,,,,,,,,,,"[""'<external>/zstd' -q -d -c '<work>/archive.zst'"",""'<external>/zstd' -q -f -T1 -1 -c '<repo>/datasets/data/calgary/book1'""]",{}
mathzip-benchmark-results-v1,20260724T134555Z-8b4c06c2,quick,calgary_files,datasets/data/calgary/book1,book1,Upstream files retain their original terms; see dataset manifest,datasets/manifests/calgary.json,datasets/data/calgary/dataset.json,83a3c9348bc6c40af11956faf339f4c6287ef14cdb7d5479a8a0a4f84f2b19c7,true,9ffa47cd93bccd732f20e0c304203cfbc1b8a91bedac536e2d8f6051003d9951,4.527148564470308,768771,lz4-fast,lz4,fast,,1,ok,,3,3,522825,1.4704174436953092,0.31992101679173646,31.992101679173647,5.440631865666108,0.0,0.00893943700066302,0.009345352998934686,85.99769761149184,82.26238217942492,0.008184000000007075,0.008341999999998961,454656.0,true,true,e5b395e7482aad4b45fe79c3b3c95d4a8e26c207a34ab483634e468af83b1d40,9ffa47cd93bccd732f20e0c304203cfbc1b8a91bedac536e2d8f6051003d9951,,,,,,,,,,,,,,,,,,,,"[""'<tmp>/mathzip-toolpkgs.cQThTC/extracted/usr/bin/lz4' -q -d -f '<work>/archive.lz4' '<work>/restored.bin'"",""'<tmp>/mathzip-toolpkgs.cQThTC/extracted/usr/bin/lz4' -q -f -1 '<repo>/datasets/data/calgary/book1' '<work>/archive.lz4'""]",{}
mathzip-benchmark-results-v1,20260724T134555Z-8b4c06c2,quick,calgary_files,datasets/data/calgary/book1,book1,Upstream files retain their original terms; see dataset manifest,datasets/manifests/calgary.json,datasets/data/calgary/dataset.json,83a3c9348bc6c40af11956faf339f4c6287ef14cdb7d5479a8a0a4f84f2b19c7,true,9ffa47cd93bccd732f20e0c304203cfbc1b8a91bedac536e2d8f6051003d9951,4.527148564470308,768771,brotli-fast,brotli,fast,,1,ok,,3,3,309843,2.4811630406367096,0.5969632049075733,59.69632049075733,3.224294360739414,0.0,0.04483767200144939,0.01497074999497272,17.14564930969541,51.35153551145791,0.043657000000003165,0.013326999999996758,5660672.0,true,true,a599d9b584b1c1fd2e1c334216296716e0b9c48a95dce04a38f96e6a7ca94021,9ffa47cd93bccd732f20e0c304203cfbc1b8a91bedac536e2d8f6051003d9951,,,,,,,,,,,,,,,,,,,,"[""'<tmp>/mathzip-toolpkgs.cQThTC/extracted/usr/bin/brotli' -f -d -o '<work>/restored.bin' '<work>/archive.br'"",""'<tmp>/mathzip-toolpkgs.cQThTC/extracted/usr/bin/brotli' -f -q 4 -o '<work>/archive.br' '<repo>/datasets/data/calgary/book1'""]",{}
mathzip-benchmark-results-v1,20260724T134555Z-8b4c06c2,quick,calgary_files,datasets/data/calgary/book1,book1,Upstream files retain their original terms; see dataset manifest,datasets/manifests/calgary.json,datasets/data/calgary/dataset.json,83a3c9348bc6c40af11956faf339f4c6287ef14cdb7d5479a8a0a4f84f2b19c7,true,9ffa47cd93bccd732f20e0c304203cfbc1b8a91bedac536e2d8f6051003d9951,4.527148564470308,768771,7z-fast,7z,fast,,1,ok,,3,3,289783,2.6529195984581566,0.6230568010499875,62.30568010499875,3.0155455916000995,0.0,0.09712008500355296,0.027278156994725578,7.9156747028369665,28.182659119846228,0.09644899999999978,0.026667999999993697,9359360.0,true,true,a20a0cdde95c92f2c8915c53098e079e3df0b1d1d6ddbdbc53930b3a3709ebd9,9ffa47cd93bccd732f20e0c304203cfbc1b8a91bedac536e2d8f6051003d9951,,,,,,,,,,,,,,,,,,,,"[""'<tmp>/mathzip-toolpkgs.cQThTC/extracted/usr/lib/7zip/7z' a -y -bd -bso0 -bsp0 -t7z -m0=lzma2 -mx=1 -mmt=1 '<work>/archive.7z' '<repo>/datasets/data/calgary/book1'"",""'<tmp>/mathzip-toolpkgs.cQThTC/extracted/usr/lib/7zip/7z' e -so -bd -mmt=1 '<work>/archive.7z'""]",{}
mathzip-benchmark-results-v1,20260724T134555Z-8b4c06c2,quick,calgary_files,datasets/data/calgary/book2,book2,Upstream files retain their original terms; see dataset manifest,datasets/manifests/calgary.json,datasets/data/calgary/dataset.json,83a3c9348bc6c40af11956faf339f4c6287ef14cdb7d5479a8a0a4f84f2b19c7,true,c8538730cf2ce6a243acf3eb299c43d619b5c695d892f4884df796c13081fdf8,4.792632804734776,610856,mathzip-fast,mathzip,fast,,1,ok,,3,3,536025,1.1396035632666386,0.12250186623361314,12.250186623361314,7.019985070131095,0.0,0.49400024399801623,0.02266227400104981,1.2365499965268296,26.954753083106425,0.4879190000000051,0.0219330000000042,7536640.0,true,true,7bce26cefd84222ace2ea73d4f52c45fa55dcdb2e85c479d879fda70b1ecb4b3,c8538730cf2ce6a243acf3eb299c43d619b5c695d892f4884df796c13081fdf8,"[{""type"":""identity""}]",38,16075.157894736842,16384.0,"{""raw"":38}","{""bit_pack"":38}",0,1368,534537,120,100.0,0.0,4.792632804734775,534537,0,0,0.044002016,0.006532493,0.432835386,"[""'<repo>/target/release/mathzip' compress --mode fast --max-input-bytes 8589934592 --no-sync --force '<repo>/datasets/data/calgary/book2' '<work>/archive.mz'"",""'<repo>/target/release/mathzip' compress --mode fast --max-input-bytes 8589934592 --no-sync --force --metrics-output '<work>/metrics-probe.mz.metrics.json' '<repo>/datasets/data/calgary/book2' '<work>/metrics-probe.mz'"",""'<repo>/target/release/mathzip' decompress --max-archive-bytes 17179869184 --max-output-bytes 8589934592 --max-segments 8388608 --no-sync --force '<work>/archive.mz' '<work>/restored.bin'""]",{}
mathzip-benchmark-results-v1,20260724T134555Z-8b4c06c2,quick,calgary_files,datasets/data/calgary/book2,book2,Upstream files retain their original terms; see dataset manifest,datasets/manifests/calgary.json,datasets/data/calgary/dataset.json,83a3c9348bc6c40af11956faf339f4c6287ef14cdb7d5479a8a0a4f84f2b19c7,true,c8538730cf2ce6a243acf3eb299c43d619b5c695d892f4884df796c13081fdf8,4.792632804734776,610856,raw,raw,default,,1,ok,,3,3,610856,1.0,0.0,0.0,8.0,0.0,0.0007124080002540722,0.0007128150027710944,857.452470750111,856.9628832520007,0.0007165159999988902,0.000716292999999979,,true,true,c8538730cf2ce6a243acf3eb299c43d619b5c695d892f4884df796c13081fdf8,c8538730cf2ce6a243acf3eb299c43d619b5c695d892f4884df796c13081fdf8,,,,,,,,,,,,,,,,,,,,"[""stdlib:shutil.copyfile""]",{}
mathzip-benchmark-results-v1,20260724T134555Z-8b4c06c2,quick,calgary_files,datasets/data/calgary/book2,book2,Upstream files retain their original terms; see dataset manifest,datasets/manifests/calgary.json,datasets/data/calgary/dataset.json,83a3c9348bc6c40af11956faf339f4c6287ef14cdb7d5479a8a0a4f84f2b19c7,true,c8538730cf2ce6a243acf3eb299c43d619b5c695d892f4884df796c13081fdf8,4.792632804734776,610856,gzip-fast,gzip,fast,,1,ok,,3,3,248840,2.454814338530783,0.592637217281978,59.26372172819781,3.258902261744175,0.0,0.016795064992038533,0.009965500998077914,36.3711602360317,61.29706876932913,0.016200999999995247,0.009211000000000524,1839104.0,true,true,0412dcd1488f5542429256a33889642f5780a29c00473013a384a3c1b6f53fb7,c8538730cf2ce6a243acf3eb299c43d619b5c695d892f4884df796c13081fdf8,,,,,,,,,,,,,,,,,,,,"[""'<external>/gzip' -d -c '<work>/archive.gz'"",""'<external>/gzip' -n -c -1 '<repo>/datasets/data/calgary/book2'""]",{}
mathzip-benchmark-results-v1,20260724T134555Z-8b4c06c2,quick,calgary_files,datasets/data/calgary/book2,book2,Upstream files retain their original terms; see dataset manifest,datasets/manifests/calgary.json,datasets/data/calgary/dataset.json,83a3c9348bc6c40af11956faf339f4c6287ef14cdb7d5479a8a0a4f84f2b19c7,true,c8538730cf2ce6a243acf3eb299c43d619b5c695d892f4884df796c13081fdf8,4.792632804734776,610856,bzip2-fast,bzip2,fast,,1,ok,,3,3,183426,3.3302585238733875,0.6997230116426785,69.97230116426785,2.4022159068585722,0.0,0.07418052300636191,0.033068058008211665,8.234722205283068,18.472690469101888,0.07344099999999543,0.03228200000000214,2457600.0,true,true,251e0b041105c6435d4f04ef9a639db2b7ae562a3763cab2c451771f4addaad4,c8538730cf2ce6a243acf3eb299c43d619b5c695d892f4884df796c13081fdf8,,,,,,,,,,,,,,,,,,,,"[""'<external>/bzip2' -c -1"",""'<external>/bzip2' -d -c '<work>/archive.bz2'""]",{}
mathzip-benchmark-results-v1,20260724T134555Z-8b4c06c2,quick,calgary_files,datasets/data/calgary/book2,book2,Upstream files retain their original terms; see dataset manifest,datasets/manifests/calgary.json,datasets/data/calgary/dataset.json,83a3c9348bc6c40af11956faf339f4c6287ef14cdb7d5479a8a0a4f84f2b19c7,true,c8538730cf2ce6a243acf3eb299c43d619b5c695d892f4884df796c13081fdf8,4.792632804734776,610856,xz-fast,xz,fast,,1,ok,,3,3,195056,3.131695513083422,0.680684154694396,68.0684154694396,2.5545267624448313,0.0,0.09080625500064343,0.025510088991723023,6.727025577650698,23.945663231445316,0.08754499999999865,0.02316900000000288,7340032.0,true,true,ff2ce4208b9c44a1412030c71e146712fe029c433899f980f179237fa494bf4b,c8538730cf2ce6a243acf3eb299c43d619b5c695d892f4884df796c13081fdf8,,,,,,,,,,,,,,,,,,,,"[""'<external>/xz' -c --threads=1 -1 '<repo>/datasets/data/calgary/book2'"",""'<external>/xz' -d -c --threads=1 '<work>/archive.xz'""]",{}
mathzip-benchmark-results-v1,20260724T134555Z-8b4c06c2,quick,calgary_files,datasets/data/calgary/book2,book2,Upstream files retain their original terms; see dataset manifest,datasets/manifests/calgary.json,datasets/data/calgary/dataset.json,83a3c9348bc6c40af11956faf339f4c6287ef14cdb7d5479a8a0a4f84f2b19c7,true,c8538730cf2ce6a243acf3eb299c43d619b5c695d892f4884df796c13081fdf8,4.792632804734776,610856,zstd-fast,zstd,fast,,1,ok,,3,3,228148,2.67745498536038,0.6265109944078473,62.65109944078473,2.987912044737221,0.0,0.0212875970028108,0.011590646987315267,28.69539478407746,52.702493714847584,0.022618000000008465,0.010952000000003181,4190208.0,true,true,74b55197aec4c7e30092f7dd70e0694d27b95af4a65768dcc05f02b283ce43ed,c8538730cf2ce6a243acf3eb299c43d619b5c695d892f4884df796c13081fdf8,,,,,,,,,,,,,,,,,,,,"[""'<external>/zstd' -q -d -c '<work>/archive.zst'"",""'<external>/zstd' -q -f -T1 -1 -c '<repo>/datasets/data/calgary/book2'""]",{}
mathzip-benchmark-results-v1,20260724T134555Z-8b4c06c2,quick,calgary_files,datasets/data/calgary/book2,book2,Upstream files retain their original terms; see dataset manifest,datasets/manifests/calgary.json,datasets/data/calgary/dataset.json,83a3c9348bc6c40af11956faf339f4c6287ef14cdb7d5479a8a0a4f84f2b19c7,true,c8538730cf2ce6a243acf3eb299c43d619b5c695d892f4884df796c13081fdf8,4.792632804734776,610856,lz4-fast,lz4,fast,,1,ok,,3,3,333517,1.8315588110950867,0.45401698599997375,45.401698599997374,4.36786411200021,0.0,0.009576152006047778,0.010751135996542871,63.78929653729561,56.81780978274542,0.008803999999997814,0.009759999999999991,278528.0,true,true,444fdf4165b219c4ca0a6e5611b35e64574ff0c5deb401d0da61186c4463a0d3,c8538730cf2ce6a243acf3eb299c43d619b5c695d892f4884df796c13081fdf8,,,,,,,,,,,,,,,,,,,,"[""'<tmp>/mathzip-toolpkgs.cQThTC/extracted/usr/bin/lz4' -q -d -f '<work>/archive.lz4' '<work>/restored.bin'"",""'<tmp>/mathzip-toolpkgs.cQThTC/extracted/usr/bin/lz4' -q -f -1 '<repo>/datasets/data/calgary/book2' '<work>/archive.lz4'""]",{}
mathzip-benchmark-results-v1,20260724T134555Z-8b4c06c2,quick,calgary_files,datasets/data/calgary/book2,book2,Upstream files retain their original terms; see dataset manifest,datasets/manifests/calgary.json,datasets/data/calgary/dataset.json,83a3c9348bc6c40af11956faf339f4c6287ef14cdb7d5479a8a0a4f84f2b19c7,true,c8538730cf2ce6a243acf3eb299c43d619b5c695d892f4884df796c13081fdf8,4.792632804734776,610856,brotli-fast,brotli,fast,,1,ok,,3,3,203756,2.9979779736547636,0.6664418455413388,66.64418455413387,2.66846523566929,0.0,0.03132701000140514,0.008545317992684431,19.499339387084838,71.48429122508351,0.02898299999999665,0.007494999999998697,5181440.0,true,true,82c4ec8d8ddfaeefa25c6e44eb3bed4f1af87a961c9a1cda040ae0a3cbbe3b9e,c8538730cf2ce6a243acf3eb299c43d619b5c695d892f4884df796c13081fdf8,,,,,,,,,,,,,,,,,,,,"[""'<tmp>/mathzip-toolpkgs.cQThTC/extracted/usr/bin/brotli' -f -d -o '<work>/restored.bin' '<work>/archive.br'"",""'<tmp>/mathzip-toolpkgs.cQThTC/extracted/usr/bin/brotli' -f -q 4 -o '<work>/archive.br' '<repo>/datasets/data/calgary/book2'""]",{}
mathzip-benchmark-results-v1,20260724T134555Z-8b4c06c2,quick,calgary_files,datasets/data/calgary/book2,book2,Upstream files retain their original terms; see dataset manifest,datasets/manifests/calgary.json,datasets/data/calgary/dataset.json,83a3c9348bc6c40af11956faf339f4c6287ef14cdb7d5479a8a0a4f84f2b19c7,true,c8538730cf2ce6a243acf3eb299c43d619b5c695d892f4884df796c13081fdf8,4.792632804734776,610856,7z-fast,7z,fast,,1,ok,,3,3,188508,3.240477857703652,0.6914035386408581,69.14035386408581,2.4687716908731354,0.0,0.0662168679991737,0.021672725008102134,9.22508144008899,28.18547274381221,0.06278100000000109,0.019666999999998325,9175040.0,true,true,f9e13a4e705f5440dbeef4431f0e9c2415a6fe9b7695f0482e557527e42c7e25,c8538730cf2ce6a243acf3eb299c43d619b5c695d892f4884df796c13081fdf8,,,,,,,,,,,,,,,,,,,,"[""'<tmp>/mathzip-toolpkgs.cQThTC/extracted/usr/lib/7zip/7z' a -y -bd -bso0 -bsp0 -t7z -m0=lzma2 -mx=1 -mmt=1 '<work>/archive.7z' '<repo>/datasets/data/calgary/book2'"",""'<tmp>/mathzip-toolpkgs.cQThTC/extracted/usr/lib/7zip/7z' e -so -bd -mmt=1 '<work>/archive.7z'""]",{}
mathzip-benchmark-results-v1,20260724T134555Z-8b4c06c2,quick,calgary_files,datasets/data/calgary/geo,geo,Upstream files retain their original terms; see dataset manifest,datasets/manifests/calgary.json,datasets/data/calgary/dataset.json,83a3c9348bc6c40af11956faf339f4c6287ef14cdb7d5479a8a0a4f84f2b19c7,true,913ff6f45610599020c02f543a0d5a1f46cf772412e25a568b683d23db8c447d,5.646375764301419,102400,mathzip-fast,mathzip,fast,,1,ok,,3,3,101589,1.007983147781748,0.007919921875000013,0.7919921875000013,7.936640625,0.0,0.061539836999145336,0.007978107008966617,1.663962808374389,12.83512490931901,0.06038099999999247,0.005814000000000874,4259840.0,true,true,789b6ea4d636a3a80a30d5bfc37102837cff2a1fbcc3d60dbffcf951b686eedc,913ff6f45610599020c02f543a0d5a1f46cf772412e25a568b683d23db8c447d,"[{""type"":""xor""}]",7,14628.57142857143,16384.0,"{""recurrence"":7}","{""zero_run"":7}",35,252,101182,120,0.0,0.0,7.9568700249696125,101182,7,0,0.006958944,0.001150398,0.048259263,"[""'<repo>/target/release/mathzip' compress --mode fast --max-input-bytes 8589934592 --no-sync --force '<repo>/datasets/data/calgary/geo' '<work>/archive.mz'"",""'<repo>/target/release/mathzip' compress --mode fast --max-input-bytes 8589934592 --no-sync --force --metrics-output '<work>/metrics-probe.mz.metrics.json' '<repo>/datasets/data/calgary/geo' '<work>/metrics-probe.mz'"",""'<repo>/target/release/mathzip' decompress --max-archive-bytes 17179869184 --max-output-bytes 8589934592 --max-segments 8388608 --no-sync --force '<work>/archive.mz' '<work>/restored.bin'""]",{}
mathzip-benchmark-results-v1,20260724T134555Z-8b4c06c2,quick,calgary_files,datasets/data/calgary/geo,geo,Upstream files retain their original terms; see dataset manifest,datasets/manifests/calgary.json,datasets/data/calgary/dataset.json,83a3c9348bc6c40af11956faf339f4c6287ef14cdb7d5479a8a0a4f84f2b19c7,true,913ff6f45610599020c02f543a0d5a1f46cf772412e25a568b683d23db8c447d,5.646375764301419,102400,raw,raw,default,,1,ok,,3,3,102400,1.0,0.0,0.0,8.0,0.0,0.00028706499142572284,0.00026875900221057236,356.71364693906145,381.0104932588257,0.0002909809999991353,0.00027206899999931977,,true,true,913ff6f45610599020c02f543a0d5a1f46cf772412e25a568b683d23db8c447d,913ff6f45610599020c02f543a0d5a1f46cf772412e25a568b683d23db8c447d,,,,,,,,,,,,,,,,,,,,"[""stdlib:shutil.copyfile""]",{}
mathzip-benchmark-results-v1,20260724T134555Z-8b4c06c2,quick,calgary_files,datasets/data/calgary/geo,geo,Upstream files retain their original terms; see dataset manifest,datasets/manifests/calgary.json,datasets/data/calgary/dataset.json,83a3c9348bc6c40af11956faf339f4c6287ef14cdb7d5479a8a0a4f84f2b19c7,true,913ff6f45610599020c02f543a0d5a1f46cf772412e25a568b683d23db8c447d,5.646375764301419,102400,gzip-fast,gzip,fast,,1,ok,,3,3,69806,1.4669226141019396,0.31830078125000005,31.830078125000007,5.45359375,0.0,0.006937723999726586,0.00425129100040067,14.759883789559165,24.08680092478947,0.006264000000001602,0.0036279999999990764,348160.0,true,true,7c7ec16b0e846c4742b908d7f78ec29aef7f97ffa6731ce3a787542adc8f592f,913ff6f45610599020c02f543a0d5a1f46cf772412e25a568b683d23db8c447d,,,,,,,,,,,,,,,,,,,,"[""'<external>/gzip' -d -c '<work>/archive.gz'"",""'<external>/gzip' -n -c -1 '<repo>/datasets/data/calgary/geo'""]",{}
mathzip-benchmark-results-v1,20260724T134555Z-8b4c06c2,quick,calgary_files,datasets/data/calgary/geo,geo,Upstream files retain their original terms; see dataset manifest,datasets/manifests/calgary.json,datasets/data/calgary/dataset.json,83a3c9348bc6c40af11956faf339f4c6287ef14cdb7d5479a8a0a4f84f2b19c7,true,913ff6f45610599020c02f543a0d5a1f46cf772412e25a568b683d23db8c447d,5.646375764301419,102400,bzip2-fast,bzip2,fast,,1,ok,,3,3,57195,1.7903662907596818,0.44145507812499996,44.14550781249999,4.468359375,0.0,0.016044389994931407,0.009346074002678506,6.382293127526148,10.95647220112456,0.01532100000000014,0.008728000000004954,2424832.0,true,true,7da0acd9f5934449422e741806ad0634cbd119bd056c7cfecf7dbbd15ee44cae,913ff6f45610599020c02f543a0d5a1f46cf772412e25a568b683d23db8c447d,,,,,,,,,,,,,,,,,,,,"[""'<external>/bzip2' -c -1"",""'<external>/bzip2' -d -c '<work>/archive.bz2'""]",{}
mathzip-benchmark-results-v1,20260724T134555Z-8b4c06c2,quick,calgary_files,datasets/data/calgary/geo,geo,Upstream files retain their original terms; see dataset manifest,datasets/manifests/calgary.json,datasets/data/calgary/dataset.json,83a3c9348bc6c40af11956faf339f4c6287ef14cdb7d5479a8a0a4f84f2b19c7,true,913ff6f45610599020c02f543a0d5a1f46cf772412e25a568b683d23db8c447d,5.646375764301419,102400,xz-fast,xz,fast,,1,ok,,3,3,55680,1.839080459770115,0.45625000000000004,45.62500000000001,4.35,0.0,0.026175077000516467,0.00974904299073387,3.9121183864322355,10.503595080802054,0.025198000000003162,0.008040000000001157,4988928.0,true,true,23d90a991a5452f62d187bff16e9a7ff34f301abdd7a69077b8a536e0cd7d500,913ff6f45610599020c02f543a0d5a1f46cf772412e25a568b683d23db8c447d,,,,,,,,,,,,,,,,,,,,"[""'<external>/xz' -c --threads=1 -1 '<repo>/datasets/data/calgary/geo'"",""'<external>/xz' -d -c --threads=1 '<work>/archive.xz'""]",{}
mathzip-benchmark-results-v1,20260724T134555Z-8b4c06c2,quick,calgary_files,datasets/data/calgary/geo,geo,Upstream files retain their original terms; see dataset manifest,datasets/manifests/calgary.json,datasets/data/calgary/dataset.json,83a3c9348bc6c40af11956faf339f4c6287ef14cdb7d5479a8a0a4f84f2b19c7,true,913ff6f45610599020c02f543a0d5a1f46cf772412e25a568b683d23db8c447d,5.646375764301419,102400,zstd-fast,zstd,fast,,1,ok,,3,3,70734,1.4476772132213644,0.30923828124999997,30.923828124999996,5.52609375,0.0,0.005193823002628051,0.004659679005271755,19.715727691949855,21.97576268325547,0.004787999999997794,0.004200999999994792,360448.0,true,true,3e2ca4de115de63f632440fc894948c0b8469366fac62953bc4e4e3b264c0bc5,913ff6f45610599020c02f543a0d5a1f46cf772412e25a568b683d23db8c447d,,,,,,,,,,,,,,,,,,,,"[""'<external>/zstd' -q -d -c '<work>/archive.zst'"",""'<external>/zstd' -q -f -T1 -1 -c '<repo>/datasets/data/calgary/geo'""]",{}
mathzip-benchmark-results-v1,20260724T134555Z-8b4c06c2,quick,calgary_files,datasets/data/calgary/geo,geo,Upstream files retain their original terms; see dataset manifest,datasets/manifests/calgary.json,datasets/data/calgary/dataset.json,83a3c9348bc6c40af11956faf339f4c6287ef14cdb7d5479a8a0a4f84f2b19c7,true,913ff6f45610599020c02f543a0d5a1f46cf772412e25a568b683d23db8c447d,5.646375764301419,102400,lz4-fast,lz4,fast,,1,ok,,3,3,98318,1.0415183384527757,0.03986328125000005,3.986328125000005,7.68109375,0.0,0.003256900003179908,0.0032181749993469566,31.440940741201974,31.819276459726204,0.0024449999999944794,0.0026809999999954925,339968.0,true,true,8864a5f68cc035a3bc1b12a5d92d8c71fd6635c95fcfe835bcee1e7d98375b93,913ff6f45610599020c02f543a0d5a1f46cf772412e25a568b683d23db8c447d,,,,,,,,,,,,,,,,,,,,"[""'<tmp>/mathzip-toolpkgs.cQThTC/extracted/usr/bin/lz4' -q -d -f '<work>/archive.lz4' '<work>/restored.bin'"",""'<tmp>/mathzip-toolpkgs.cQThTC/extracted/usr/bin/lz4' -q -f -1 '<repo>/datasets/data/calgary/geo' '<work>/archive.lz4'""]",{}
mathzip-benchmark-results-v1,20260724T134555Z-8b4c06c2,quick,calgary_files,datasets/data/calgary/geo,geo,Upstream files retain their original terms; see dataset manifest,datasets/manifests/calgary.json,datasets/data/calgary/dataset.json,83a3c9348bc6c40af11956faf339f4c6287ef14cdb7d5479a8a0a4f84f2b19c7,true,913ff6f45610599020c02f543a0d5a1f46cf772412e25a568b683d23db8c447d,5.646375764301419,102400,brotli-fast,brotli,fast,,1,ok,,3,3,69467,1.4740812184202572,0.32161132812500004,32.16113281250001,5.427109375,0.0,0.008321449990035035,0.004550868994556367,12.305547725771874,22.501197051044155,0.0076650000000029195,0.0039759999999944284,356352.0,true,true,7a4da249f5077e1e7532a8297684c9dab3c4cd50472eeda26f61ba9d153b5450,913ff6f45610599020c02f543a0d5a1f46cf772412e25a568b683d23db8c447d,,,,,,,,,,,,,,,,,,,,"[""'<tmp>/mathzip-toolpkgs.cQThTC/extracted/usr/bin/brotli' -f -d -o '<work>/restored.bin' '<work>/archive.br'"",""'<tmp>/mathzip-toolpkgs.cQThTC/extracted/usr/bin/brotli' -f -q 4 -o '<work>/archive.br' '<repo>/datasets/data/calgary/geo'""]",{}
mathzip-benchmark-results-v1,20260724T134555Z-8b4c06c2,quick,calgary_files,datasets/data/calgary/geo,geo,Upstream files retain their original terms; see dataset manifest,datasets/manifests/calgary.json,datasets/data/calgary/dataset.json,83a3c9348bc6c40af11956faf339f4c6287ef14cdb7d5479a8a0a4f84f2b19c7,true,913ff6f45610599020c02f543a0d5a1f46cf772412e25a568b683d23db8c447d,5.646375764301419,102400,7z-fast,7z,fast,,1,ok,,3,3,55541,1.843683044957779,0.45760742187500003,45.7607421875,4.339140625,0.0,0.020846308005275205,0.011206891009351239,4.912140796062663,9.137235288052283,0.020206000000001723,0.010629999999991924,7692288.0,true,true,c600525c4842295a4c2cec4c1bfc5d736734c23f5c8260b224d6bc9cb777f83f,913ff6f45610599020c02f543a0d5a1f46cf772412e25a568b683d23db8c447d,,,,,,,,,,,,,,,,,,,,"[""'<tmp>/mathzip-toolpkgs.cQThTC/extracted/usr/lib/7zip/7z' a -y -bd -bso0 -bsp0 -t7z -m0=lzma2 -mx=1 -mmt=1 '<work>/archive.7z' '<repo>/datasets/data/calgary/geo'"",""'<tmp>/mathzip-toolpkgs.cQThTC/extracted/usr/lib/7zip/7z' e -so -bd -mmt=1 '<work>/archive.7z'""]",{}
mathzip-benchmark-results-v1,20260724T134555Z-8b4c06c2,quick,calgary_files,datasets/data/calgary/news,news,Upstream files retain their original terms; see dataset manifest,datasets/manifests/calgary.json,datasets/data/calgary/dataset.json,83a3c9348bc6c40af11956faf339f4c6287ef14cdb7d5479a8a0a4f84f2b19c7,true,7f0482f9774681429eb7021050c17966f6acf19450e170de6611e1ed953d42e8,5.189631614106074,377109,mathzip-fast,mathzip,fast,,1,ok,,3,3,330815,1.1399392409654943,0.12276026294784792,12.276026294784792,7.017917896417217,0.0,0.3314892170019448,0.016607704004854895,1.1376207148173618,22.706871454944075,0.3304340000000039,0.015285999999996136,5787648.0,true,true,d296b10e677d001bbd097ccba9aea06a2de4de148d004b015036e72880e8805b,7f0482f9774681429eb7021050c17966f6acf19450e170de6611e1ed953d42e8,"[{""type"":""xor""}]",24,15712.875,16384.0,"{""raw"":24}","{""bit_pack"":23,""zero_run"":1}",0,864,329831,120,100.0,0.0,6.1790343801544525,329831,0,0,0.027300194,0.004113095,0.293004679,"[""'<repo>/target/release/mathzip' compress --mode fast --max-input-bytes 8589934592 --no-sync --force '<repo>/datasets/data/calgary/news' '<work>/archive.mz'"",""'<repo>/target/release/mathzip' compress --mode fast --max-input-bytes 8589934592 --no-sync --force --metrics-output '<work>/metrics-probe.mz.metrics.json' '<repo>/datasets/data/calgary/news' '<work>/metrics-probe.mz'"",""'<repo>/target/release/mathzip' decompress --max-archive-bytes 17179869184 --max-output-bytes 8589934592 --max-segments 8388608 --no-sync --force '<work>/archive.mz' '<work>/restored.bin'""]",{}
mathzip-benchmark-results-v1,20260724T134555Z-8b4c06c2,quick,calgary_files,datasets/data/calgary/news,news,Upstream files retain their original terms; see dataset manifest,datasets/manifests/calgary.json,datasets/data/calgary/dataset.json,83a3c9348bc6c40af11956faf339f4c6287ef14cdb7d5479a8a0a4f84f2b19c7,true,7f0482f9774681429eb7021050c17966f6acf19450e170de6611e1ed953d42e8,5.189631614106074,377109,raw,raw,default,,1,ok,,3,3,377109,1.0,0.0,0.0,8.0,0.0,0.0005285660008667037,0.0005075499939266592,713.4567856836127,742.9987282287154,0.0005324499999996846,0.0005109329999992696,,true,true,7f0482f9774681429eb7021050c17966f6acf19450e170de6611e1ed953d42e8,7f0482f9774681429eb7021050c17966f6acf19450e170de6611e1ed953d42e8,,,,,,,,,,,,,,,,,,,,"[""stdlib:shutil.copyfile""]",{}
mathzip-benchmark-results-v1,20260724T134555Z-8b4c06c2,quick,calgary_files,datasets/data/calgary/news,news,Upstream files retain their original terms; see dataset manifest,datasets/manifests/calgary.json,datasets/data/calgary/dataset.json,83a3c9348bc6c40af11956faf339f4c6287ef14cdb7d5479a8a0a4f84f2b19c7,true,7f0482f9774681429eb7021050c17966f6acf19450e170de6611e1ed953d42e8,5.189631614106074,377109,gzip-fast,gzip,fast,,1,ok,,3,3,164194,2.296728260472368,0.5645980339901726,56.45980339901726,3.483215728078619,0.0,0.012203056990983896,0.007357751004747115,30.902830354608945,51.25329734000168,0.011337000000004593,0.0066599999999965576,462848.0,true,true,6ab5940e50d0c96c3d1e285d0ce332bb2c5390e6fa821915f4f8ecdb69b0fdae,7f0482f9774681429eb7021050c17966f6acf19450e170de6611e1ed953d42e8,,,,,,,,,,,,,,,,,,,,"[""'<external>/gzip' -d -c '<work>/archive.gz'"",""'<external>/gzip' -n -c -1 '<repo>/datasets/data/calgary/news'""]",{}
mathzip-benchmark-results-v1,20260724T134555Z-8b4c06c2,quick,calgary_files,datasets/data/calgary/news,news,Upstream files retain their original terms; see dataset manifest,datasets/manifests/calgary.json,datasets/data/calgary/dataset.json,83a3c9348bc6c40af11956faf339f4c6287ef14cdb7d5479a8a0a4f84f2b19c7,true,7f0482f9774681429eb7021050c17966f6acf19450e170de6611e1ed953d42e8,5.189631614106074,377109,bzip2-fast,bzip2,fast,,1,ok,,3,3,134580,2.8021176995095853,0.6431270534513893,64.31270534513894,2.854983572388885,0.0,0.0444459040008951,0.02395235099538695,8.484673863139456,15.744133011103106,0.0437909999999917,0.022373000000001753,2453504.0,true,true,1e93de2ae4d6069f5c15a24784c0d7596faa6a14902f65f9d75692c67bd15943,7f0482f9774681429eb7021050c17966f6acf19450e170de6611e1ed953d42e8,,,,,,,,,,,,,,,,,,,,"[""'<external>/bzip2' -c -1"",""'<external>/bzip2' -d -c '<work>/archive.bz2'""]",{}
mathzip-benchmark-results-v1,20260724T134555Z-8b4c06c2,quick,calgary_files,datasets/data/calgary/news,news,Upstream files retain their original terms; see dataset manifest,datasets/manifests/calgary.json,datasets/data/calgary/dataset.json,83a3c9348bc6c40af11956faf339f4c6287ef14cdb7d5479a8a0a4f84f2b19c7,true,7f0482f9774681429eb7021050c17966f6acf19450e170de6611e1ed953d42e8,5.189631614106074,377109,xz-fast,xz,fast,,1,ok,,3,3,130084,2.8989652839703575,0.6550493358684094,65.50493358684093,2.7596053130527247,0.0,0.056863178993808106,0.01536566398863215,6.631866291560376,24.542317226186476,0.05423199999999895,0.013892999999995936,6082560.0,true,true,65dce4c10c47501b4bed9ad34a9716bd7d9b0431cd3e596959f9464beca88de8,7f0482f9774681429eb7021050c17966f6acf19450e170de6611e1ed953d42e8,,,,,,,,,,,,,,,,,,,,"[""'<external>/xz' -c --threads=1 -1 '<repo>/datasets/data/calgary/news'"",""'<external>/xz' -d -c --threads=1 '<work>/archive.xz'""]",{}
mathzip-benchmark-results-v1,20260724T134555Z-8b4c06c2,quick,calgary_files,datasets/data/calgary/news,news,Upstream files retain their original terms; see dataset manifest,datasets/manifests/calgary.json,datasets/data/calgary/dataset.json,83a3c9348bc6c40af11956faf339f4c6287ef14cdb7d5479a8a0a4f84f2b19c7,true,7f0482f9774681429eb7021050c17966f6acf19450e170de6611e1ed953d42e8,5.189631614106074,377109,zstd-fast,zstd,fast,,1,ok,,3,3,155689,2.4221942462216344,0.5871511950125825,58.71511950125825,3.3027904398993395,0.0,0.013093117988319136,0.009880883997539058,28.802077575137808,38.16551232601487,0.012639999999997542,0.009326999999998975,380928.0,true,true,1f2243b28415cad205ceeb8a11701f6bd922289e2b35fe6240ce6e9de03db47a,7f0482f9774681429eb7021050c17966f6acf19450e170de6611e1ed953d42e8,,,,,,,,,,,,,,,,,,,,"[""'<external>/zstd' -q -d -c '<work>/archive.zst'"",""'<external>/zstd' -q -f -T1 -1 -c '<repo>/datasets/data/calgary/news'""]",{}
mathzip-benchmark-results-v1,20260724T134555Z-8b4c06c2,quick,calgary_files,datasets/data/calgary/news,news,Upstream files retain their original terms; see dataset manifest,datasets/manifests/calgary.json,datasets/data/calgary/dataset.json,83a3c9348bc6c40af11956faf339f4c6287ef14cdb7d5479a8a0a4f84f2b19c7,true,7f0482f9774681429eb7021050c17966f6acf19450e170de6611e1ed953d42e8,5.189631614106074,377109,lz4-fast,lz4,fast,,1,ok,,3,3,222789,1.6926733366548619,0.40921855484753744,40.92185548475374,4.7262515612197005,0.0,0.00967353799205739,0.008660979990963824,38.98356530047551,43.541146659320944,0.008697000000005062,0.0077410000000028845,344064.0,true,true,538ec28dc6263f2794c96c7d9a7717c58b8c03fc6897c5069c26eba9429471c2,7f0482f9774681429eb7021050c17966f6acf19450e170de6611e1ed953d42e8,,,,,,,,,,,,,,,,,,,,"[""'<tmp>/mathzip-toolpkgs.cQThTC/extracted/usr/bin/lz4' -q -d -f '<work>/archive.lz4' '<work>/restored.bin'"",""'<tmp>/mathzip-toolpkgs.cQThTC/extracted/usr/bin/lz4' -q -f -1 '<repo>/datasets/data/calgary/news' '<work>/archive.lz4'""]",{}
mathzip-benchmark-results-v1,20260724T134555Z-8b4c06c2,quick,calgary_files,datasets/data/calgary/news,news,Upstream files retain their original terms; see dataset manifest,datasets/manifests/calgary.json,datasets/data/calgary/dataset.json,83a3c9348bc6c40af11956faf339f4c6287ef14cdb7d5479a8a0a4f84f2b19c7,true,7f0482f9774681429eb7021050c17966f6acf19450e170de6611e1ed953d42e8,5.189631614106074,377109,brotli-fast,brotli,fast,,1,ok,,3,3,135924,2.774410700097113,0.6395630971416753,63.956309714167524,2.8834952228665984,0.0,0.026814487006049603,0.007157151005230844,14.06362910895594,52.68982025451018,0.025732000000004973,0.0059520000000006235,4620288.0,true,true,7d93dc8b12923a31419ed50fa0569eb1466fc9f50a28dd6ef76f0778e335c293,7f0482f9774681429eb7021050c17966f6acf19450e170de6611e1ed953d42e8,,,,,,,,,,,,,,,,,,,,"[""'<tmp>/mathzip-toolpkgs.cQThTC/extracted/usr/bin/brotli' -f -d -o '<work>/restored.bin' '<work>/archive.br'"",""'<tmp>/mathzip-toolpkgs.cQThTC/extracted/usr/bin/brotli' -f -q 4 -o '<work>/archive.br' '<repo>/datasets/data/calgary/news'""]",{}
mathzip-benchmark-results-v1,20260724T134555Z-8b4c06c2,quick,calgary_files,datasets/data/calgary/news,news,Upstream files retain their original terms; see dataset manifest,datasets/manifests/calgary.json,datasets/data/calgary/dataset.json,83a3c9348bc6c40af11956faf339f4c6287ef14cdb7d5479a8a0a4f84f2b19c7,true,7f0482f9774681429eb7021050c17966f6acf19450e170de6611e1ed953d42e8,5.189631614106074,377109,7z-fast,7z,fast,,1,ok,,3,3,128095,2.943979078028026,0.6603236729964015,66.03236729964014,2.7174106160287876,0.0,0.041556201002094895,0.01814349999767728,9.074674558942228,20.7847989664771,0.040636000000006334,0.0156379999999956,8974336.0,true,true,88ae0c7a060296fb08038ae2bd71457b14bc6cf43dc823ab8f6696f6fa6d972a,7f0482f9774681429eb7021050c17966f6acf19450e170de6611e1ed953d42e8,,,,,,,,,,,,,,,,,,,,"[""'<tmp>/mathzip-toolpkgs.cQThTC/extracted/usr/lib/7zip/7z' a -y -bd -bso0 -bsp0 -t7z -m0=lzma2 -mx=1 -mmt=1 '<work>/archive.7z' '<repo>/datasets/data/calgary/news'"",""'<tmp>/mathzip-toolpkgs.cQThTC/extracted/usr/lib/7zip/7z' e -so -bd -mmt=1 '<work>/archive.7z'""]",{}
mathzip-benchmark-results-v1,20260724T134555Z-8b4c06c2,quick,calgary_files,datasets/data/calgary/obj1,obj1,Upstream files retain their original terms; see dataset manifest,datasets/manifests/calgary.json,datasets/data/calgary/dataset.json,83a3c9348bc6c40af11956faf339f4c6287ef14cdb7d5479a8a0a4f84f2b19c7,true,8c06109caffd7e794516e4ed10095b0238ea8df63ed66840907cd4dd23e2cf72,5.948170510344817,21504,mathzip-fast,mathzip,fast,,1,ok,,3,3,18582,1.1572489505973522,0.1358816964285714,13.588169642857139,6.912946428571429,0.0,0.019106137988273986,0.00766447201021947,1.1255021822409979,2.805672715788839,0.017969000000007895,0.007103999999998223,3457024.0,true,true,00a2da2c83127376850d8af4e5a103cc05e4b85c90f726cae02b1aea9de5f9f4,8c06109caffd7e794516e4ed10095b0238ea8df63ed66840907cd4dd23e2cf72,"[{""type"":""delta""}]",2,10752.0,10752.0,"{""recurrence"":2}","{""zero_run"":2}",10,72,18380,120,0.0,0.0,7.2212949101146595,18380,2,0,0.00137967,0.000313699,0.01057538,"[""'<repo>/target/release/mathzip' compress --mode fast --max-input-bytes 8589934592 --no-sync --force '<repo>/datasets/data/calgary/obj1' '<work>/archive.mz'"",""'<repo>/target/release/mathzip' compress --mode fast --max-input-bytes 8589934592 --no-sync --force --metrics-output '<work>/metrics-probe.mz.metrics.json' '<repo>/datasets/data/calgary/obj1' '<work>/metrics-probe.mz'"",""'<repo>/target/release/mathzip' decompress --max-archive-bytes 17179869184 --max-output-bytes 8589934592 --max-segments 8388608 --no-sync --force '<work>/archive.mz' '<work>/restored.bin'""]",{}
mathzip-benchmark-results-v1,20260724T134555Z-8b4c06c2,quick,calgary_files,datasets/data/calgary/obj1,obj1,Upstream files retain their original terms; see dataset manifest,datasets/manifests/calgary.json,datasets/data/calgary/dataset.json,83a3c9348bc6c40af11956faf339f4c6287ef14cdb7d5479a8a0a4f84f2b19c7,true,8c06109caffd7e794516e4ed10095b0238ea8df63ed66840907cd4dd23e2cf72,5.948170510344817,21504,raw,raw,default,,1,ok,,3,3,21504,1.0,0.0,0.0,8.0,0.0,0.00046050798846408725,0.0003991510020568967,46.69625834661713,53.874348026651646,0.0004680900000000321,0.0004053010000006907,,true,true,8c06109caffd7e794516e4ed10095b0238ea8df63ed66840907cd4dd23e2cf72,8c06109caffd7e794516e4ed10095b0238ea8df63ed66840907cd4dd23e2cf72,,,,,,,,,,,,,,,,,,,,"[""stdlib:shutil.copyfile""]",{}
mathzip-benchmark-results-v1,20260724T134555Z-8b4c06c2,quick,calgary_files,datasets/data/calgary/obj1,obj1,Upstream files retain their original terms; see dataset manifest,datasets/manifests/calgary.json,datasets/data/calgary/dataset.json,83a3c9348bc6c40af11956faf339f4c6287ef14cdb7d5479a8a0a4f84f2b19c7,true,8c06109caffd7e794516e4ed10095b0238ea8df63ed66840907cd4dd23e2cf72,5.948170510344817,21504,gzip-fast,gzip,fast,,1,ok,,3,3,10702,2.009344047841525,0.5023251488095238,50.23251488095239,3.9813988095238093,0.0,0.0032726529898354784,0.002824058014084585,6.570815808088788,7.614574450224421,0.0025759999999976912,0.002121000000002482,532480.0,true,true,f129f4b8e875d4b9269a0a07de61932eb501bbfa284f80af002da09cebf58368,8c06109caffd7e794516e4ed10095b0238ea8df63ed66840907cd4dd23e2cf72,,,,,,,,,,,,,,,,,,,,"[""'<external>/gzip' -d -c '<work>/archive.gz'"",""'<external>/gzip' -n -c -1 '<repo>/datasets/data/calgary/obj1'""]",{}
mathzip-benchmark-results-v1,20260724T134555Z-8b4c06c2,quick,calgary_files,datasets/data/calgary/obj1,obj1,Upstream files retain their original terms; see dataset manifest,datasets/manifests/calgary.json,datasets/data/calgary/dataset.json,83a3c9348bc6c40af11956faf339f4c6287ef14cdb7d5479a8a0a4f84f2b19c7,true,8c06109caffd7e794516e4ed10095b0238ea8df63ed66840907cd4dd23e2cf72,5.948170510344817,21504,bzip2-fast,bzip2,fast,,1,ok,,3,3,10787,1.9935107073329008,0.49837239583333337,49.837239583333336,4.013020833333333,0.0,0.006785211997339502,0.004894477999187075,3.169245118418079,4.393522660347355,0.006098999999991861,0.004082000000011021,360448.0,true,true,aa23a8fedb4fe1c98f5b85f8d7519ec5a48e19a4d6221a300a3cb630b45c7306,8c06109caffd7e794516e4ed10095b0238ea8df63ed66840907cd4dd23e2cf72,,,,,,,,,,,,,,,,,,,,"[""'<external>/bzip2' -c -1"",""'<external>/bzip2' -d -c '<work>/archive.bz2'""]",{}
mathzip-benchmark-results-v1,20260724T134555Z-8b4c06c2,quick,calgary_files,datasets/data/calgary/obj1,obj1,Upstream files retain their original terms; see dataset manifest,datasets/manifests/calgary.json,datasets/data/calgary/dataset.json,83a3c9348bc6c40af11956faf339f4c6287ef14cdb7d5479a8a0a4f84f2b19c7,true,8c06109caffd7e794516e4ed10095b0238ea8df63ed66840907cd4dd23e2cf72,5.948170510344817,21504,xz-fast,xz,fast,,1,ok,,3,3,9608,2.238134887593672,0.5531994047619048,55.319940476190474,3.574404761904762,0.0,0.011507780000101775,0.005525823013158515,1.8686488618838575,3.891547005539812,0.010166999999995596,0.0035670000000038726,823296.0,true,true,04ec83723bd42d4a7a3a9621c4029fb7ce43cf31867df89f1fd1bbd65515d47e,8c06109caffd7e794516e4ed10095b0238ea8df63ed66840907cd4dd23e2cf72,,,,,,,,,,,,,,,,,,,,"[""'<external>/xz' -c --threads=1 -1 '<repo>/datasets/data/calgary/obj1'"",""'<external>/xz' -d -c --threads=1 '<work>/archive.xz'""]",{}
mathzip-benchmark-results-v1,20260724T134555Z-8b4c06c2,quick,calgary_files,datasets/data/calgary/obj1,obj1,Upstream files retain their original terms; see dataset manifest,datasets/manifests/calgary.json,datasets/data/calgary/dataset.json,83a3c9348bc6c40af11956faf339f4c6287ef14cdb7d5479a8a0a4f84f2b19c7,true,8c06109caffd7e794516e4ed10095b0238ea8df63ed66840907cd4dd23e2cf72,5.948170510344817,21504,zstd-fast,zstd,fast,,1,ok,,3,3,11149,1.9287828504798636,0.48153831845238093,48.153831845238095,4.1476934523809526,0.0,0.005528485999093391,0.0042007820011349395,3.88967250772208,5.119046880840327,0.004922000000000537,0.003725000000002865,360448.0,true,true,b4c347d5cfebe37592597b547157e591c93174bb2ada005606a350332d31293f,8c06109caffd7e794516e4ed10095b0238ea8df63ed66840907cd4dd23e2cf72,,,,,,,,,,,,,,,,,,,,"[""'<external>/zstd' -q -d -c '<work>/archive.zst'"",""'<external>/zstd' -q -f -T1 -1 -c '<repo>/datasets/data/calgary/obj1'""]",{}
mathzip-benchmark-results-v1,20260724T134555Z-8b4c06c2,quick,calgary_files,datasets/data/calgary/obj1,obj1,Upstream files retain their original terms; see dataset manifest,datasets/manifests/calgary.json,datasets/data/calgary/dataset.json,83a3c9348bc6c40af11956faf339f4c6287ef14cdb7d5479a8a0a4f84f2b19c7,true,8c06109caffd7e794516e4ed10095b0238ea8df63ed66840907cd4dd23e2cf72,5.948170510344817,21504,lz4-fast,lz4,fast,,1,ok,,3,3,12944,1.661310259579728,0.39806547619047616,39.80654761904761,4.815476190476191,0.0,0.002694223992875777,0.0026463929971214384,7.981519003936613,8.125777246006376,0.0020919999999975403,0.0020319999999998117,425984.0,true,true,24f499248b3adbaed68f36cff08580b632815c157bf05be8b2c58d8ea4845191,8c06109caffd7e794516e4ed10095b0238ea8df63ed66840907cd4dd23e2cf72,,,,,,,,,,,,,,,,,,,,"[""'<tmp>/mathzip-toolpkgs.cQThTC/extracted/usr/bin/lz4' -q -d -f '<work>/archive.lz4' '<work>/restored.bin'"",""'<tmp>/mathzip-toolpkgs.cQThTC/extracted/usr/bin/lz4' -q -f -1 '<repo>/datasets/data/calgary/obj1' '<work>/archive.lz4'""]",{}
mathzip-benchmark-results-v1,20260724T134555Z-8b4c06c2,quick,calgary_files,datasets/data/calgary/obj1,obj1,Upstream files retain their original terms; see dataset manifest,datasets/manifests/calgary.json,datasets/data/calgary/dataset.json,83a3c9348bc6c40af11956faf339f4c6287ef14cdb7d5479a8a0a4f84f2b19c7,true,8c06109caffd7e794516e4ed10095b0238ea8df63ed66840907cd4dd23e2cf72,5.948170510344817,21504,brotli-fast,brotli,fast,,1,ok,,3,3,10686,2.0123526108927567,0.5030691964285714,50.30691964285714,3.9754464285714284,0.0,0.0050936250045197085,0.0036271139979362488,4.221747769205415,5.928680491496909,0.004451000000010197,0.0028559999999941965,344064.0,true,true,3f8bae6fface95ed948e00e815cfcb8fb54075bf0dadb87725d39320cd73ea49,8c06109caffd7e794516e4ed10095b0238ea8df63ed66840907cd4dd23e2cf72,,,,,,,,,,,,,,,,,,,,"[""'<tmp>/mathzip-toolpkgs.cQThTC/extracted/usr/bin/brotli' -f -d -o '<work>/restored.bin' '<work>/archive.br'"",""'<tmp>/mathzip-toolpkgs.cQThTC/extracted/usr/bin/brotli' -f -q 4 -o '<work>/archive.br' '<repo>/datasets/data/calgary/obj1'""]",{}
mathzip-benchmark-results-v1,20260724T134555Z-8b4c06c2,quick,calgary_files,datasets/data/calgary/obj1,obj1,Upstream files retain their original terms; see dataset manifest,datasets/manifests/calgary.json,datasets/data/calgary/dataset.json,83a3c9348bc6c40af11956faf339f4c6287ef14cdb7d5479a8a0a4f84f2b19c7,true,8c06109caffd7e794516e4ed10095b0238ea8df63ed66840907cd4dd23e2cf72,5.948170510344817,21504,7z-fast,7z,fast,,1,ok,,3,3,9688,2.2196531791907512,0.5494791666666667,54.94791666666667,3.6041666666666665,0.0,0.011207652991288342,0.007786001995555125,1.9186889544773524,2.761879590099798,0.010513999999993473,0.006810999999999012,397312.0,true,true,8de86977b6901e4c4be6cee70f374a3633174693b320811127feff640386c839,8c06109caffd7e794516e4ed10095b0238ea8df63ed66840907cd4dd23e2cf72,,,,,,,,,,,,,,,,,,,,"[""'<tmp>/mathzip-toolpkgs.cQThTC/extracted/usr/lib/7zip/7z' a -y -bd -bso0 -bsp0 -t7z -m0=lzma2 -mx=1 -mmt=1 '<work>/archive.7z' '<repo>/datasets/data/calgary/obj1'"",""'<tmp>/mathzip-toolpkgs.cQThTC/extracted/usr/lib/7zip/7z' e -so -bd -mmt=1 '<work>/archive.7z'""]",{}
mathzip-benchmark-results-v1,20260724T134555Z-8b4c06c2,quick,calgary_files,datasets/data/calgary/obj2,obj2,Upstream files retain their original terms; see dataset manifest,datasets/manifests/calgary.json,datasets/data/calgary/dataset.json,83a3c9348bc6c40af11956faf339f4c6287ef14cdb7d5479a8a0a4f84f2b19c7,true,8b3e7f028bfefaebdd48a791060a1ab11d1ffd9bf27e0d63b15e58dda0deb984,6.2603809013450515,246814,mathzip-fast,mathzip,fast,,1,ok,,3,3,244562,1.0092082989180657,0.009124279822052217,0.9124279822052217,7.927005761423582,0.0,0.14023534700390883,0.009330581990070641,1.7599984973340599,26.452154888371695,0.1394599999999997,0.008619000000003041,5079040.0,true,true,f54b86c5608722e3b177b8359701d30c72cc7bd599e0c34b2150442e26e52fcb,8b3e7f028bfefaebdd48a791060a1ab11d1ffd9bf27e0d63b15e58dda0deb984,"[{""type"":""identity""}]",16,15425.875,16384.0,"{""periodic"":1,""raw"":13,""recurrence"":2}","{""raw"":13,""zero_run"":3}",19,576,243847,120,86.29656340402084,86.29656340402084,6.407965335440119,243847,3,0,0.017752023,0.002657181,0.114258308,"[""'<repo>/target/release/mathzip' compress --mode fast --max-input-bytes 8589934592 --no-sync --force '<repo>/datasets/data/calgary/obj2' '<work>/archive.mz'"",""'<repo>/target/release/mathzip' compress --mode fast --max-input-bytes 8589934592 --no-sync --force --metrics-output '<work>/metrics-probe.mz.metrics.json' '<repo>/datasets/data/calgary/obj2' '<work>/metrics-probe.mz'"",""'<repo>/target/release/mathzip' decompress --max-archive-bytes 17179869184 --max-output-bytes 8589934592 --max-segments 8388608 --no-sync --force '<work>/archive.mz' '<work>/restored.bin'""]",{}
mathzip-benchmark-results-v1,20260724T134555Z-8b4c06c2,quick,calgary_files,datasets/data/calgary/obj2,obj2,Upstream files retain their original terms; see dataset manifest,datasets/manifests/calgary.json,datasets/data/calgary/dataset.json,83a3c9348bc6c40af11956faf339f4c6287ef14cdb7d5479a8a0a4f84f2b19c7,true,8b3e7f028bfefaebdd48a791060a1ab11d1ffd9bf27e0d63b15e58dda0deb984,6.2603809013450515,246814,raw,raw,default,,1,ok,,3,3,246814,1.0,0.0,0.0,8.0,0.0,0.00040713099588174373,0.0003852399968309328,606.2274857394798,640.6759475400922,0.000411273000000989,0.00038857699999894635,,true,true,8b3e7f028bfefaebdd48a791060a1ab11d1ffd9bf27e0d63b15e58dda0deb984,8b3e7f028bfefaebdd48a791060a1ab11d1ffd9bf27e0d63b15e58dda0deb984,,,,,,,,,,,,,,,,,,,,"[""stdlib:shutil.copyfile""]",{}
mathzip-benchmark-results-v1,20260724T134555Z-8b4c06c2,quick,calgary_files,datasets/data/calgary/obj2,obj2,Upstream files retain their original terms; see dataset manifest,datasets/manifests/calgary.json,datasets/data/calgary/dataset.json,83a3c9348bc6c40af11956faf339f4c6287ef14cdb7d5479a8a0a4f84f2b19c7,true,8b3e7f028bfefaebdd48a791060a1ab11d1ffd9bf27e0d63b15e58dda0deb984,6.2603809013450515,246814,gzip-fast,gzip,fast,,1,ok,,3,3,93901,2.6284491112980692,0.6195475135121995,61.95475135121995,3.0436198919024045,0.0,0.008608303993241861,0.005388918012613431,28.671617567614568,45.80028855928059,0.007809000000001731,0.004805000000004611,344064.0,true,true,24b8ed35b6450a05d55141b78d993e4d555b4e478f9043070bfa9e2c85828be9,8b3e7f028bfefaebdd48a791060a1ab11d1ffd9bf27e0d63b15e58dda0deb984,,,,,,,,,,,,,,,,,,,,"[""'<external>/gzip' -d -c '<work>/archive.gz'"",""'<external>/gzip' -n -c -1 '<repo>/datasets/data/calgary/obj2'""]",{}
mathzip-benchmark-results-v1,20260724T134555Z-8b4c06c2,quick,calgary_files,datasets/data/calgary/obj2,obj2,Upstream files retain their original terms; see dataset manifest,datasets/manifests/calgary.json,datasets/data/calgary/dataset.json,83a3c9348bc6c40af11956faf339f4c6287ef14cdb7d5479a8a0a4f84f2b19c7,true,8b3e7f028bfefaebdd48a791060a1ab11d1ffd9bf27e0d63b15e58dda0deb984,6.2603809013450515,246814,bzip2-fast,bzip2,fast,,1,ok,,3,3,80055,3.0830553994129035,0.6756464382085294,67.56464382085295,2.594828494331764,0.0,0.030952148998039775,0.014488004002487287,7.974050526043634,17.0357490208884,0.030312999999992485,0.013518000000004804,2457600.0,true,true,a2ec3cdb97fc73897764225f611dab5f10cbcff1420f6ab4da0860ccb17e11ef,8b3e7f028bfefaebdd48a791060a1ab11d1ffd9bf27e0d63b15e58dda0deb984,,,,,,,,,,,,,,,,,,,,"[""'<external>/bzip2' -c -1"",""'<external>/bzip2' -d -c '<work>/archive.bz2'""]",{}
mathzip-benchmark-results-v1,20260724T134555Z-8b4c06c2,quick,calgary_files,datasets/data/calgary/obj2,obj2,Upstream files retain their original terms; see dataset manifest,datasets/manifests/calgary.json,datasets/data/calgary/dataset.json,83a3c9348bc6c40af11956faf339f4c6287ef14cdb7d5479a8a0a4f84f2b19c7,true,8b3e7f028bfefaebdd48a791060a1ab11d1ffd9bf27e0d63b15e58dda0deb984,6.2603809013450515,246814,xz-fast,xz,fast,,1,ok,,3,3,67456,3.6588887571157493,0.7266929752769291,72.6692975276929,2.1864561977845667,0.0,0.03235715399205219,0.011047089006751776,7.627803114594823,22.341994334358297,0.03162500000000534,0.009458000000009292,5353472.0,true,true,115309119724ca00d9a8b09d9d80f4b224e3b4d53774bddb2e9c6c83493f335d,8b3e7f028bfefaebdd48a791060a1ab11d1ffd9bf27e0d63b15e58dda0deb984,,,,,,,,,,,,,,,,,,,,"[""'<external>/xz' -c --threads=1 -1 '<repo>/datasets/data/calgary/obj2'"",""'<external>/xz' -d -c --threads=1 '<work>/archive.xz'""]",{}
mathzip-benchmark-results-v1,20260724T134555Z-8b4c06c2,quick,calgary_files,datasets/data/calgary/obj2,obj2,Upstream files retain their original terms; see dataset manifest,datasets/manifests/calgary.json,datasets/data/calgary/dataset.json,83a3c9348bc6c40af11956faf339f4c6287ef14cdb7d5479a8a0a4f84f2b19c7,true,8b3e7f028bfefaebdd48a791060a1ab11d1ffd9bf27e0d63b15e58dda0deb984,6.2603809013450515,246814,zstd-fast,zstd,fast,,1,ok,,3,3,88994,2.773377980538014,0.6394288816679767,63.94288816679767,2.8845689466561866,0.0,0.010441634003655054,0.005735406011808664,23.63748814731523,43.03339632657794,0.006557000000000812,0.005255000000005339,536576.0,true,true,2dbc4398a726475f9b51b86c256730864c3599e5911d6fdb12588422b3f27a1d,8b3e7f028bfefaebdd48a791060a1ab11d1ffd9bf27e0d63b15e58dda0deb984,,,,,,,,,,,,,,,,,,,,"[""'<external>/zstd' -q -d -c '<work>/archive.zst'"",""'<external>/zstd' -q -f -T1 -1 -c '<repo>/datasets/data/calgary/obj2'""]",{}
mathzip-benchmark-results-v1,20260724T134555Z-8b4c06c2,quick,calgary_files,datasets/data/calgary/obj2,obj2,Upstream files retain their original terms; see dataset manifest,datasets/manifests/calgary.json,datasets/data/calgary/dataset.json,83a3c9348bc6c40af11956faf339f4c6287ef14cdb7d5479a8a0a4f84f2b19c7,true,8b3e7f028bfefaebdd48a791060a1ab11d1ffd9bf27e0d63b15e58dda0deb984,6.2603809013450515,246814,lz4-fast,lz4,fast,,1,ok,,3,3,117758,2.0959425261977955,0.5228876806015866,52.28876806015867,3.816898555187307,0.0,0.0047042030055308715,0.004268382006557658,52.4666983354701,57.82378419288887,0.004009000000010587,0.0033209999999996853,339968.0,true,true,9187128be7546328920466d5020e9682ecd1435091a948d5d2cd8591d026ee20,8b3e7f028bfefaebdd48a791060a1ab11d1ffd9bf27e0d63b15e58dda0deb984,,,,,,,,,,,,,,,,,,,,"[""'<tmp>/mathzip-toolpkgs.cQThTC/extracted/usr/bin/lz4' -q -d -f '<work>/archive.lz4' '<work>/restored.bin'"",""'<tmp>/mathzip-toolpkgs.cQThTC/extracted/usr/bin/lz4' -q -f -1 '<repo>/datasets/data/calgary/obj2' '<work>/archive.lz4'""]",{}
mathzip-benchmark-results-v1,20260724T134555Z-8b4c06c2,quick,calgary_files,datasets/data/calgary/obj2,obj2,Upstream files retain their original terms; see dataset manifest,datasets/manifests/calgary.json,datasets/data/calgary/dataset.json,83a3c9348bc6c40af11956faf339f4c6287ef14cdb7d5479a8a0a4f84f2b19c7,true,8b3e7f028bfefaebdd48a791060a1ab11d1ffd9bf27e0d63b15e58dda0deb984,6.2603809013450515,246814,brotli-fast,brotli,fast,,1,ok,,3,3,81599,3.024718440176963,0.6693907152754706,66.93907152754706,2.644874277796235,0.0,0.013493367994669825,0.007295519011677243,18.291504396641145,33.830903545717355,0.01281299999999419,0.005191000000010604,4247552.0,true,true,6eeba45f9632d4701879f4a44bbbc411f8e11991cba7857299d559ff827b735d,8b3e7f028bfefaebdd48a791060a1ab11d1ffd9bf27e0d63b15e58dda0deb984,,,,,,,,,,,,,,,,,,,,"[""'<tmp>/mathzip-toolpkgs.cQThTC/extracted/usr/bin/brotli' -f -d -o '<work>/restored.bin' '<work>/archive.br'"",""'<tmp>/mathzip-toolpkgs.cQThTC/extracted/usr/bin/brotli' -f -q 4 -o '<work>/archive.br' '<repo>/datasets/data/calgary/obj2'""]",{}
mathzip-benchmark-results-v1,20260724T134555Z-8b4c06c2,quick,calgary_files,datasets/data/calgary/obj2,obj2,Upstream files retain their original terms; see dataset manifest,datasets/manifests/calgary.json,datasets/data/calgary/dataset.json,83a3c9348bc6c40af11956faf339f4c6287ef14cdb7d5479a8a0a4f84f2b19c7,true,8b3e7f028bfefaebdd48a791060a1ab11d1ffd9bf27e0d63b15e58dda0deb984,6.2603809013450515,246814,7z-fast,7z,fast,,1,ok,,3,3,67062,3.6803853150815664,0.7282893190823859,72.82893190823859,2.1736854473409126,0.0,0.027856208005687222,0.019412331996136345,8.86028708392792,12.71428904312597,0.026001000000007934,0.017863000000005513,8675328.0,true,true,8a7927976f55b53f4fc9d80624ce34f24062ad0f37ee109b66b765d2e0818094,8b3e7f028bfefaebdd48a791060a1ab11d1ffd9bf27e0d63b15e58dda0deb984,,,,,,,,,,,,,,,,,,,,"[""'<tmp>/mathzip-toolpkgs.cQThTC/extracted/usr/lib/7zip/7z' a -y -bd -bso0 -bsp0 -t7z -m0=lzma2 -mx=1 -mmt=1 '<work>/archive.7z' '<repo>/datasets/data/calgary/obj2'"",""'<tmp>/mathzip-toolpkgs.cQThTC/extracted/usr/lib/7zip/7z' e -so -bd -mmt=1 '<work>/archive.7z'""]",{}
mathzip-benchmark-results-v1,20260724T134555Z-8b4c06c2,quick,calgary_files,datasets/data/calgary/paper1,paper1,Upstream files retain their original terms; see dataset manifest,datasets/manifests/calgary.json,datasets/data/calgary/dataset.json,83a3c9348bc6c40af11956faf339f4c6287ef14cdb7d5479a8a0a4f84f2b19c7,true,8d9c42d9fa58b5bce1a8b5fae3cc27c9eb7cc7a032bc12a633d44e816497e143,4.982982517726421,53161,mathzip-fast,mathzip,fast,,1,ok,,3,3,46784,1.1363072845417237,0.11995635898497015,11.995635898497014,7.040349128120239,0.0,0.04749812700902112,0.007721255999058485,1.1192230798890945,6.885019743741478,0.046866999999991776,0.004615000000001146,3801088.0,true,true,e5c6b548e9a4e14d6bca0555602b44be52d62badd7327d3a30a1a9b0b9003042,8d9c42d9fa58b5bce1a8b5fae3cc27c9eb7cc7a032bc12a633d44e816497e143,"[{""type"":""identity""}]",4,13290.25,16384.0,"{""raw"":4}","{""bit_pack"":4}",0,144,46520,120,100.0,0.0,4.982982517726421,46520,0,0,0.003501163,0.000610673,0.037449882,"[""'<repo>/target/release/mathzip' compress --mode fast --max-input-bytes 8589934592 --no-sync --force '<repo>/datasets/data/calgary/paper1' '<work>/archive.mz'"",""'<repo>/target/release/mathzip' compress --mode fast --max-input-bytes 8589934592 --no-sync --force --metrics-output '<work>/metrics-probe.mz.metrics.json' '<repo>/datasets/data/calgary/paper1' '<work>/metrics-probe.mz'"",""'<repo>/target/release/mathzip' decompress --max-archive-bytes 17179869184 --max-output-bytes 8589934592 --max-segments 8388608 --no-sync --force '<work>/archive.mz' '<work>/restored.bin'""]",{}
mathzip-benchmark-results-v1,20260724T134555Z-8b4c06c2,quick,calgary_files,datasets/data/calgary/paper1,paper1,Upstream files retain their original terms; see dataset manifest,datasets/manifests/calgary.json,datasets/data/calgary/dataset.json,83a3c9348bc6c40af11956faf339f4c6287ef14cdb7d5479a8a0a4f84f2b19c7,true,8d9c42d9fa58b5bce1a8b5fae3cc27c9eb7cc7a032bc12a633d44e816497e143,4.982982517726421,53161,raw,raw,default,,1,ok,,3,3,53161,1.0,0.0,0.0,8.0,0.0,0.0002552350051701069,0.0002489159960532561,208.28255890907167,213.57004307841305,0.00025928899999883015,0.0002524820000004979,,true,true,8d9c42d9fa58b5bce1a8b5fae3cc27c9eb7cc7a032bc12a633d44e816497e143,8d9c42d9fa58b5bce1a8b5fae3cc27c9eb7cc7a032bc12a633d44e816497e143,,,,,,,,,,,,,,,,,,,,"[""stdlib:shutil.copyfile""]",{}
mathzip-benchmark-results-v1,20260724T134555Z-8b4c06c2,quick,calgary_files,datasets/data/calgary/paper1,paper1,Upstream files retain their original terms; see dataset manifest,datasets/manifests/calgary.json,datasets/data/calgary/dataset.json,83a3c9348bc6c40af11956faf339f4c6287ef14cdb7d5479a8a0a4f84f2b19c7,true,8d9c42d9fa58b5bce1a8b5fae3cc27c9eb7cc7a032bc12a633d44e816497e143,4.982982517726421,53161,gzip-fast,gzip,fast,,1,ok,,3,3,21605,2.4605878268919232,0.593593047534847,59.3593047534847,3.251255619721224,0.0,0.003994206999777816,0.0036417630035430193,13.309525521075187,14.597600104202394,0.0033299999999911734,0.0028970000000043683,462848.0,true,true,db37e5a6ce92f81e10572fa2a4b4c047cbe0cc89eed1116dfb9dbc543d86f5ab,8d9c42d9fa58b5bce1a8b5fae3cc27c9eb7cc7a032bc12a633d44e816497e143,,,,,,,,,,,,,,,,,,,,"[""'<external>/gzip' -d -c '<work>/archive.gz'"",""'<external>/gzip' -n -c -1 '<repo>/datasets/data/calgary/paper1'""]",{}
mathzip-benchmark-results-v1,20260724T134555Z-8b4c06c2,quick,calgary_files,datasets/data/calgary/paper1,paper1,Upstream files retain their original terms; see dataset manifest,datasets/manifests/calgary.json,datasets/data/calgary/dataset.json,83a3c9348bc6c40af11956faf339f4c6287ef14cdb7d5479a8a0a4f84f2b19c7,true,8d9c42d9fa58b5bce1a8b5fae3cc27c9eb7cc7a032bc12a633d44e816497e143,4.982982517726421,53161,bzip2-fast,bzip2,fast,,1,ok,,3,3,16558,3.2105930667955067,0.6885310660070352,68.85310660070351,2.491751471943718,0.0,0.011461037007393315,0.005990692006889731,4.638410988962584,8.873933084668849,0.008703999999994494,0.004761999999999489,1560576.0,true,true,6f09d644dd44845fc718053c53add1bdf1dbed70ee52e0f6d4a44925f939d9c5,8d9c42d9fa58b5bce1a8b5fae3cc27c9eb7cc7a032bc12a633d44e816497e143,,,,,,,,,,,,,,,,,,,,"[""'<external>/bzip2' -c -1"",""'<external>/bzip2' -d -c '<work>/archive.bz2'""]",{}
mathzip-benchmark-results-v1,20260724T134555Z-8b4c06c2,quick,calgary_files,datasets/data/calgary/paper1,paper1,Upstream files retain their original terms; see dataset manifest,datasets/manifests/calgary.json,datasets/data/calgary/dataset.json,83a3c9348bc6c40af11956faf339f4c6287ef14cdb7d5479a8a0a4f84f2b19c7,true,8d9c42d9fa58b5bce1a8b5fae3cc27c9eb7cc7a032bc12a633d44e816497e143,4.982982517726421,53161,xz-fast,xz,fast,,1,ok,,3,3,18416,2.8866746307558646,0.6535806324185023,65.35806324185023,2.7713549406519817,0.0,0.01914550100627821,0.009048092004377395,2.7766836700991737,5.875382342960386,0.01802899999999852,0.007790999999997439,4534272.0,true,true,280b4e69b1a9c1d14667edce9c47f88a317466619de1003d394e8437a672aff0,8d9c42d9fa58b5bce1a8b5fae3cc27c9eb7cc7a032bc12a633d44e816497e143,,,,,,,,,,,,,,,,,,,,"[""'<external>/xz' -c --threads=1 -1 '<repo>/datasets/data/calgary/paper1'"",""'<external>/xz' -d -c --threads=1 '<work>/archive.xz'""]",{}
mathzip-benchmark-results-v1,20260724T134555Z-8b4c06c2,quick,calgary_files,datasets/data/calgary/paper1,paper1,Upstream files retain their original terms; see dataset manifest,datasets/manifests/calgary.json,datasets/data/calgary/dataset.json,83a3c9348bc6c40af11956faf339f4c6287ef14cdb7d5479a8a0a4f84f2b19c7,true,8d9c42d9fa58b5bce1a8b5fae3cc27c9eb7cc7a032bc12a633d44e816497e143,4.982982517726421,53161,zstd-fast,zstd,fast,,1,ok,,3,3,20700,2.5681642512077296,0.610616805552943,61.061680555294295,3.1150655555764564,0.0,0.005091054001240991,0.004227137003908865,10.442042057900293,12.5761242067247,0.004674999999991769,0.003780000000006112,401408.0,true,true,2ba749693145b88f129f0ad9dcef4ac13a759d97519d7f03db3d020cc4a6d129,8d9c42d9fa58b5bce1a8b5fae3cc27c9eb7cc7a032bc12a633d44e816497e143,,,,,,,,,,,,,,,,,,,,"[""'<external>/zstd' -q -d -c '<work>/archive.zst'"",""'<external>/zstd' -q -f -T1 -1 -c '<repo>/datasets/data/calgary/paper1'""]",{}
mathzip-benchmark-results-v1,20260724T134555Z-8b4c06c2,quick,calgary_files,datasets/data/calgary/paper1,paper1,Upstream files retain their original terms; see dataset manifest,datasets/manifests/calgary.json,datasets/data/calgary/dataset.json,83a3c9348bc6c40af11956faf339f4c6287ef14cdb7d5479a8a0a4f84f2b19c7,true,8d9c42d9fa58b5bce1a8b5fae3cc27c9eb7cc7a032bc12a633d44e816497e143,4.982982517726421,53161,lz4-fast,lz4,fast,,1,ok,,3,3,28952,1.836177120751589,0.45539022967965237,45.53902296796524,4.356878162562781,0.0,0.002984990002005361,0.0031950459961080924,17.80943988565645,16.63857110813296,0.0023869999999988067,0.0026249999999947704,344064.0,true,true,0324992a88aa169af006811f1a9a8e0414424423f0abb9db665022c0ec131988,8d9c42d9fa58b5bce1a8b5fae3cc27c9eb7cc7a032bc12a633d44e816497e143,,,,,,,,,,,,,,,,,,,,"[""'<tmp>/mathzip-toolpkgs.cQThTC/extracted/usr/bin/lz4' -q -d -f '<work>/archive.lz4' '<work>/restored.bin'"",""'<tmp>/mathzip-toolpkgs.cQThTC/extracted/usr/bin/lz4' -q -f -1 '<repo>/datasets/data/calgary/paper1' '<work>/archive.lz4'""]",{}
mathzip-benchmark-results-v1,20260724T134555Z-8b4c06c2,quick,calgary_files,datasets/data/calgary/paper1,paper1,Upstream files retain their original terms; see dataset manifest,datasets/manifests/calgary.json,datasets/data/calgary/dataset.json,83a3c9348bc6c40af11956faf339f4c6287ef14cdb7d5479a8a0a4f84f2b19c7,true,8d9c42d9fa58b5bce1a8b5fae3cc27c9eb7cc7a032bc12a633d44e816497e143,4.982982517726421,53161,brotli-fast,brotli,fast,,1,ok,,3,3,19011,2.7963284414286464,0.642388216925942,64.2388216925942,2.8608942645924644,0.0,0.006079391998355277,0.0040410089859506115,8.744459974678753,13.155377823911062,0.005468999999990842,0.003287000000014473,364544.0,true,true,9f0a91287076416d31aa7e7e36e6e3aeeda9845a8d75fac653bef782e709d808,8d9c42d9fa58b5bce1a8b5fae3cc27c9eb7cc7a032bc12a633d44e816497e143,,,,,,,,,,,,,,,,,,,,"[""'<tmp>/mathzip-toolpkgs.cQThTC/extracted/usr/bin/brotli' -f -d -o '<work>/restored.bin' '<work>/archive.br'"",""'<tmp>/mathzip-toolpkgs.cQThTC/extracted/usr/bin/brotli' -f -q 4 -o '<work>/archive.br' '<repo>/datasets/data/calgary/paper1'""]",{}
mathzip-benchmark-results-v1,20260724T134555Z-8b4c06c2,quick,calgary_files,datasets/data/calgary/paper1,paper1,Upstream files retain their original terms; see dataset manifest,datasets/manifests/calgary.json,datasets/data/calgary/dataset.json,83a3c9348bc6c40af11956faf339f4c6287ef14cdb7d5479a8a0a4f84f2b19c7,true,8d9c42d9fa58b5bce1a8b5fae3cc27c9eb7cc7a032bc12a633d44e816497e143,4.982982517726421,53161,7z-fast,7z,fast,,1,ok,,3,3,18239,2.9146883052798946,0.6569101408927598,65.69101408927598,2.744718872857922,0.0,0.014036546999705024,0.00794468299136497,3.7873274674403308,6.691393483891098,0.01315599999999506,0.007294999999999163,7573504.0,true,true,8ca3dd1b6b28df7956b8958f467e369b71fff38e30bdef75dde599775cdba728,8d9c42d9fa58b5bce1a8b5fae3cc27c9eb7cc7a032bc12a633d44e816497e143,,,,,,,,,,,,,,,,,,,,"[""'<tmp>/mathzip-toolpkgs.cQThTC/extracted/usr/lib/7zip/7z' a -y -bd -bso0 -bsp0 -t7z -m0=lzma2 -mx=1 -mmt=1 '<work>/archive.7z' '<repo>/datasets/data/calgary/paper1'"",""'<tmp>/mathzip-toolpkgs.cQThTC/extracted/usr/lib/7zip/7z' e -so -bd -mmt=1 '<work>/archive.7z'""]",{}
mathzip-benchmark-results-v1,20260724T134555Z-8b4c06c2,quick,calgary_files,datasets/data/calgary/paper2,paper2,Upstream files retain their original terms; see dataset manifest,datasets/manifests/calgary.json,datasets/data/calgary/dataset.json,83a3c9348bc6c40af11956faf339f4c6287ef14cdb7d5479a8a0a4f84f2b19c7,true,dc4b9cf68094c632a920f4e76d0a0a8b9617b624c36928ca46a5d29798c5bbbe,4.601434708427095,82199,mathzip-fast,mathzip,fast,,1,ok,,3,3,72267,1.1374347904299333,0.12082872054404559,12.08287205440456,7.033370235647635,0.0,0.06893586699152365,0.006432120004319586,1.1923981460929065,12.779456842347162,0.06793100000000152,0.005710999999990918,3993600.0,true,true,7d233f24d1bc6aa5ff9e9c19fde6d39aa3d53b6ac134bbaab5b426c115fcfe36,dc4b9cf68094c632a920f4e76d0a0a8b9617b624c36928ca46a5d29798c5bbbe,"[{""type"":""identity""}]",6,13699.833333333334,16384.0,"{""raw"":6}","{""bit_pack"":6}",0,216,71931,120,100.0,0.0,4.601434708427093,71931,0,0,0.005472785,0.000913458,0.057778783,"[""'<repo>/target/release/mathzip' compress --mode fast --max-input-bytes 8589934592 --no-sync --force '<repo>/datasets/data/calgary/paper2' '<work>/archive.mz'"",""'<repo>/target/release/mathzip' compress --mode fast --max-input-bytes 8589934592 --no-sync --force --metrics-output '<work>/metrics-probe.mz.metrics.json' '<repo>/datasets/data/calgary/paper2' '<work>/metrics-probe.mz'"",""'<repo>/target/release/mathzip' decompress --max-archive-bytes 17179869184 --max-output-bytes 8589934592 --max-segments 8388608 --no-sync --force '<work>/archive.mz' '<work>/restored.bin'""]",{}
mathzip-benchmark-results-v1,20260724T134555Z-8b4c06c2,quick,calgary_files,datasets/data/calgary/paper2,paper2,Upstream files retain their original terms; see dataset manifest,datasets/manifests/calgary.json,datasets/data/calgary/dataset.json,83a3c9348bc6c40af11956faf339f4c6287ef14cdb7d5479a8a0a4f84f2b19c7,true,dc4b9cf68094c632a920f4e76d0a0a8b9617b624c36928ca46a5d29798c5bbbe,4.601434708427095,82199,raw,raw,default,,1,ok,,3,3,82199,1.0,0.0,0.0,8.0,0.0,0.00027239999326411635,0.0002531589998397976,301.7584509273488,324.69317722070565,0.0002764039999991752,0.0002563059999989292,,true,true,dc4b9cf68094c632a920f4e76d0a0a8b9617b624c36928ca46a5d29798c5bbbe,dc4b9cf68094c632a920f4e76d0a0a8b9617b624c36928ca46a5d29798c5bbbe,,,,,,,,,,,,,,,,,,,,"[""stdlib:shutil.copyfile""]",{}
mathzip-benchmark-results-v1,20260724T134555Z-8b4c06c2,quick,calgary_files,datasets/data/calgary/paper2,paper2,Upstream files retain their original terms; see dataset manifest,datasets/manifests/calgary.json,datasets/data/calgary/dataset.json,83a3c9348bc6c40af11956faf339f4c6287ef14cdb7d5479a8a0a4f84f2b19c7,true,dc4b9cf68094c632a920f4e76d0a0a8b9617b624c36928ca46a5d29798c5bbbe,4.601434708427095,82199,gzip-fast,gzip,fast,,1,ok,,3,3,35071,2.3437883151321603,0.5733403082762565,57.33403082762565,3.4132775337899486,0.0,0.005058648996055126,0.0034418889990774915,16.249200144959858,23.881943904068752,0.0043270000000035225,0.002843999999996072,348160.0,true,true,51e178929151ca84f120a3e897ac77e0467ef33794e23b3aa78cd66413c7c205,dc4b9cf68094c632a920f4e76d0a0a8b9617b624c36928ca46a5d29798c5bbbe,,,,,,,,,,,,,,,,,,,,"[""'<external>/gzip' -d -c '<work>/archive.gz'"",""'<external>/gzip' -n -c -1 '<repo>/datasets/data/calgary/paper2'""]",{}
mathzip-benchmark-results-v1,20260724T134555Z-8b4c06c2,quick,calgary_files,datasets/data/calgary/paper2,paper2,Upstream files retain their original terms; see dataset manifest,datasets/manifests/calgary.json,datasets/data/calgary/dataset.json,83a3c9348bc6c40af11956faf339f4c6287ef14cdb7d5479a8a0a4f84f2b19c7,true,dc4b9cf68094c632a920f4e76d0a0a8b9617b624c36928ca46a5d29798c5bbbe,4.601434708427095,82199,bzip2-fast,bzip2,fast,,1,ok,,3,3,25041,3.2825765744179547,0.6953612574362218,69.53612574362218,2.4371099405102252,0.0,0.012837747010053135,0.007169837990659289,6.402914774347137,11.46455472314536,0.012112000000001899,0.006603999999995835,2330624.0,true,true,7208602f45f87612d0198eda6f268ac066b0a036957d982fa802f6d692f3c72c,dc4b9cf68094c632a920f4e76d0a0a8b9617b624c36928ca46a5d29798c5bbbe,,,,,,,,,,,,,,,,,,,,"[""'<external>/bzip2' -c -1"",""'<external>/bzip2' -d -c '<work>/archive.bz2'""]",{}
mathzip-benchmark-results-v1,20260724T134555Z-8b4c06c2,quick,calgary_files,datasets/data/calgary/paper2,paper2,Upstream files retain their original terms; see dataset manifest,datasets/manifests/calgary.json,datasets/data/calgary/dataset.json,83a3c9348bc6c40af11956faf339f4c6287ef14cdb7d5479a8a0a4f84f2b19c7,true,dc4b9cf68094c632a920f4e76d0a0a8b9617b624c36928ca46a5d29798c5bbbe,4.601434708427095,82199,xz-fast,xz,fast,,1,ok,,3,3,29536,2.7830105633802815,0.6406768938794876,64.06768938794876,2.8745848489640995,0.0,0.018996222992427647,0.006588723001186736,4.327123346191845,12.47571038958454,0.018045000000000755,0.004970999999997616,4677632.0,true,true,4d073d73c0dde6eaa0bc1b4334eb7ec5e486b245c5ba3aa227c44720b6eb7e83,dc4b9cf68094c632a920f4e76d0a0a8b9617b624c36928ca46a5d29798c5bbbe,,,,,,,,,,,,,,,,,,,,"[""'<external>/xz' -c --threads=1 -1 '<repo>/datasets/data/calgary/paper2'"",""'<external>/xz' -d -c --threads=1 '<work>/archive.xz'""]",{}
mathzip-benchmark-results-v1,20260724T134555Z-8b4c06c2,quick,calgary_files,datasets/data/calgary/paper2,paper2,Upstream files retain their original terms; see dataset manifest,datasets/manifests/calgary.json,datasets/data/calgary/dataset.json,83a3c9348bc6c40af11956faf339f4c6287ef14cdb7d5479a8a0a4f84f2b19c7,true,dc4b9cf68094c632a920f4e76d0a0a8b9617b624c36928ca46a5d29798c5bbbe,4.601434708427095,82199,zstd-fast,zstd,fast,,1,ok,,3,3,32874,2.500425868467482,0.6000681273494811,60.00681273494811,3.199454981204151,0.0,0.005458240004372783,0.004345362991443835,15.059616274503789,18.916486415945588,0.0049999999999954525,0.003894999999999982,360448.0,true,true,adaa0cf51f3f779702d0afd96fb421493204ae93544efe4cc0f03c153e99fef4,dc4b9cf68094c632a920f4e76d0a0a8b9617b624c36928ca46a5d29798c5bbbe,,,,,,,,,,,,,,,,,,,,"[""'<external>/zstd' -q -d -c '<work>/archive.zst'"",""'<external>/zstd' -q -f -T1 -1 -c '<repo>/datasets/data/calgary/paper2'""]",{}
mathzip-benchmark-results-v1,20260724T134555Z-8b4c06c2,quick,calgary_files,datasets/data/calgary/paper2,paper2,Upstream files retain their original terms; see dataset manifest,datasets/manifests/calgary.json,datasets/data/calgary/dataset.json,83a3c9348bc6c40af11956faf339f4c6287ef14cdb7d5479a8a0a4f84f2b19c7,true,dc4b9cf68094c632a920f4e76d0a0a8b9617b624c36928ca46a5d29798c5bbbe,4.601434708427095,82199,lz4-fast,lz4,fast,,1,ok,,3,3,47843,1.7180987814309303,0.417961289066777,41.7961289066777,4.656309687465784,0.0,0.003244939012802206,0.0032004079985199496,25.331446808615382,25.683912812995555,0.0025610000000000355,0.0024540000000001783,456704.0,true,true,1bc52357dd42ddf9077b09d189d6ed7cbfdd1a582659b699119ca839daef696a,dc4b9cf68094c632a920f4e76d0a0a8b9617b624c36928ca46a5d29798c5bbbe,,,,,,,,,,,,,,,,,,,,"[""'<tmp>/mathzip-toolpkgs.cQThTC/extracted/usr/bin/lz4' -q -d -f '<work>/archive.lz4' '<work>/restored.bin'"",""'<tmp>/mathzip-toolpkgs.cQThTC/extracted/usr/bin/lz4' -q -f -1 '<repo>/datasets/data/calgary/paper2' '<work>/archive.lz4'""]",{}
mathzip-benchmark-results-v1,20260724T134555Z-8b4c06c2,quick,calgary_files,datasets/data/calgary/paper2,paper2,Upstream files retain their original terms; see dataset manifest,datasets/manifests/calgary.json,datasets/data/calgary/dataset.json,83a3c9348bc6c40af11956faf339f4c6287ef14cdb7d5479a8a0a4f84f2b19c7,true,dc4b9cf68094c632a920f4e76d0a0a8b9617b624c36928ca46a5d29798c5bbbe,4.601434708427095,82199,brotli-fast,brotli,fast,,1,ok,,3,3,30266,2.7158858124628296,0.6317960072506965,63.17960072506965,2.9456319419944283,0.0,0.007217100996058434,0.004191312997136265,11.389476196175218,19.611754134363828,0.006551999999999225,0.0032480000000134623,352256.0,true,true,15f8ace6a03e47353878ee4b278d22bbaea7a809a137bbc42c4e4e407ec5b711,dc4b9cf68094c632a920f4e76d0a0a8b9617b624c36928ca46a5d29798c5bbbe,,,,,,,,,,,,,,,,,,,,"[""'<tmp>/mathzip-toolpkgs.cQThTC/extracted/usr/bin/brotli' -f -d -o '<work>/restored.bin' '<work>/archive.br'"",""'<tmp>/mathzip-toolpkgs.cQThTC/extracted/usr/bin/brotli' -f -q 4 -o '<work>/archive.br' '<repo>/datasets/data/calgary/paper2'""]",{}
mathzip-benchmark-results-v1,20260724T134555Z-8b4c06c2,quick,calgary_files,datasets/data/calgary/paper2,paper2,Upstream files retain their original terms; see dataset manifest,datasets/manifests/calgary.json,datasets/data/calgary/dataset.json,83a3c9348bc6c40af11956faf339f4c6287ef14cdb7d5479a8a0a4f84f2b19c7,true,dc4b9cf68094c632a920f4e76d0a0a8b9617b624c36928ca46a5d29798c5bbbe,4.601434708427095,82199,7z-fast,7z,fast,,1,ok,,3,3,29040,2.830544077134986,0.6467110305478169,64.67110305478168,2.826311755617465,0.0,0.015602036990458146,0.0086146980029298,5.268478728147552,9.541715794569313,0.015010000000003743,0.007888000000008333,7774208.0,true,true,e15403cddf3d162fcc3655522ab117e75407da7244aeb5380c4fea902c577835,dc4b9cf68094c632a920f4e76d0a0a8b9617b624c36928ca46a5d29798c5bbbe,,,,,,,,,,,,,,,,,,,,"[""'<tmp>/mathzip-toolpkgs.cQThTC/extracted/usr/lib/7zip/7z' a -y -bd -bso0 -bsp0 -t7z -m0=lzma2 -mx=1 -mmt=1 '<work>/archive.7z' '<repo>/datasets/data/calgary/paper2'"",""'<tmp>/mathzip-toolpkgs.cQThTC/extracted/usr/lib/7zip/7z' e -so -bd -mmt=1 '<work>/archive.7z'""]",{}
mathzip-benchmark-results-v1,20260724T134555Z-8b4c06c2,quick,calgary_files,datasets/data/calgary/pic,pic,Upstream files retain their original terms; see dataset manifest,datasets/manifests/calgary.json,datasets/data/calgary/dataset.json,83a3c9348bc6c40af11956faf339f4c6287ef14cdb7d5479a8a0a4f84f2b19c7,true,0ec3a75089bb52342813496b17e51377bc9eba3cb519a444d67025354841d650,1.210175941358675,513216,mathzip-fast,mathzip,fast,,1,ok,,3,3,101743,5.04423891569936,0.8017540372864447,80.17540372864447,1.5859677017084424,0.0,0.21433832599723246,0.01519161299802363,2.394420118810794,33.78285110782953,0.21316799999999603,0.014351999999988152,5472256.0,true,true,963826572ef6c3c3821248045805ed999c870185cf44c147e467a010f2a92e8e,0ec3a75089bb52342813496b17e51377bc9eba3cb519a444d67025354841d650,"[{""type"":""identity""}]",32,16038.0,16384.0,"{""raw"":25,""recurrence"":7}","{""sparse"":7,""zero_run"":25}",21,1152,100450,120,77.65307394937025,0.0,1.2803009200446887,100450,7,0,0.025808726,0.009139882,0.175510411,"[""'<repo>/target/release/mathzip' compress --mode fast --max-input-bytes 8589934592 --no-sync --force '<repo>/datasets/data/calgary/pic' '<work>/archive.mz'"",""'<repo>/target/release/mathzip' compress --mode fast --max-input-bytes 8589934592 --no-sync --force --metrics-output '<work>/metrics-probe.mz.metrics.json' '<repo>/datasets/data/calgary/pic' '<work>/metrics-probe.mz'"",""'<repo>/target/release/mathzip' decompress --max-archive-bytes 17179869184 --max-output-bytes 8589934592 --max-segments 8388608 --no-sync --force '<work>/archive.mz' '<work>/restored.bin'""]",{}
mathzip-benchmark-results-v1,20260724T134555Z-8b4c06c2,quick,calgary_files,datasets/data/calgary/pic,pic,Upstream files retain their original terms; see dataset manifest,datasets/manifests/calgary.json,datasets/data/calgary/dataset.json,83a3c9348bc6c40af11956faf339f4c6287ef14cdb7d5479a8a0a4f84f2b19c7,true,0ec3a75089bb52342813496b17e51377bc9eba3cb519a444d67025354841d650,1.210175941358675,513216,raw,raw,default,,1,ok,,3,3,513216,1.0,0.0,0.0,8.0,0.0,0.0006429009954445064,0.0006206139951245859,798.2815451159144,826.9488023662338,0.0006468569999995566,0.0006232589999992655,,true,true,0ec3a75089bb52342813496b17e51377bc9eba3cb519a444d67025354841d650,0ec3a75089bb52342813496b17e51377bc9eba3cb519a444d67025354841d650,,,,,,,,,,,,,,,,,,,,"[""stdlib:shutil.copyfile""]",{}
mathzip-benchmark-results-v1,20260724T134555Z-8b4c06c2,quick,calgary_files,datasets/data/calgary/pic,pic,Upstream files retain their original terms; see dataset manifest,datasets/manifests/calgary.json,datasets/data/calgary/dataset.json,83a3c9348bc6c40af11956faf339f4c6287ef14cdb7d5479a8a0a4f84f2b19c7,true,0ec3a75089bb52342813496b17e51377bc9eba3cb519a444d67025354841d650,1.210175941358675,513216,gzip-fast,gzip,fast,,1,ok,,3,3,65536,7.8310546875,0.8723032797106871,87.2303279710687,1.0215737623145031,0.0,0.009595440002158284,0.006052261000149883,53.485405555614264,84.79740050656942,0.008256000000002928,0.0054110000000093805,348160.0,true,true,30f4593cabe414f17847f4e05c1e0a212bf021a814654c671cbd48ae1f66094a,0ec3a75089bb52342813496b17e51377bc9eba3cb519a444d67025354841d650,,,,,,,,,,,,,,,,,,,,"[""'<external>/gzip' -d -c '<work>/archive.gz'"",""'<external>/gzip' -n -c -1 '<repo>/datasets/data/calgary/pic'""]",{}
mathzip-benchmark-results-v1,20260724T134555Z-8b4c06c2,quick,calgary_files,datasets/data/calgary/pic,pic,Upstream files retain their original terms; see dataset manifest,datasets/manifests/calgary.json,datasets/data/calgary/dataset.json,83a3c9348bc6c40af11956faf339f4c6287ef14cdb7d5479a8a0a4f84f2b19c7,true,0ec3a75089bb52342813496b17e51377bc9eba3cb519a444d67025354841d650,1.210175941358675,513216,bzip2-fast,bzip2,fast,,1,ok,,3,3,49912,10.282417054015067,0.9027466018206759,90.27466018206759,0.7780271854345928,0.0,0.020538053999189287,0.012466422995203175,24.988540784840595,41.167863483974116,0.019621000000000777,0.011511999999996192,2420736.0,true,true,e8f6b822c3c9797f6b38b1c35305e6f7fb74381718ff499446e8a7d37af3c0fa,0ec3a75089bb52342813496b17e51377bc9eba3cb519a444d67025354841d650,,,,,,,,,,,,,,,,,,,,"[""'<external>/bzip2' -c -1"",""'<external>/bzip2' -d -c '<work>/archive.bz2'""]",{}
mathzip-benchmark-results-v1,20260724T134555Z-8b4c06c2,quick,calgary_files,datasets/data/calgary/pic,pic,Upstream files retain their original terms; see dataset manifest,datasets/manifests/calgary.json,datasets/data/calgary/dataset.json,83a3c9348bc6c40af11956faf339f4c6287ef14cdb7d5479a8a0a4f84f2b19c7,true,0ec3a75089bb52342813496b17e51377bc9eba3cb519a444d67025354841d650,1.210175941358675,513216,xz-fast,xz,fast,,1,ok,,3,3,48580,10.564347468093866,0.9053420002494077,90.53420002494077,0.7572639980047388,0.0,0.03286647800996434,0.01013531799253542,15.615180909996047,50.63639842163605,0.030402000000009366,0.008698999999992907,6221824.0,true,true,1b538e209072caa2be9f39f4ff0e6ee87f47f80928e5615893852406ac7a4504,0ec3a75089bb52342813496b17e51377bc9eba3cb519a444d67025354841d650,,,,,,,,,,,,,,,,,,,,"[""'<external>/xz' -c --threads=1 -1 '<repo>/datasets/data/calgary/pic'"",""'<external>/xz' -d -c --threads=1 '<work>/archive.xz'""]",{}
mathzip-benchmark-results-v1,20260724T134555Z-8b4c06c2,quick,calgary_files,datasets/data/calgary/pic,pic,Upstream files retain their original terms; see dataset manifest,datasets/manifests/calgary.json,datasets/data/calgary/dataset.json,83a3c9348bc6c40af11956faf339f4c6287ef14cdb7d5479a8a0a4f84f2b19c7,true,0ec3a75089bb52342813496b17e51377bc9eba3cb519a444d67025354841d650,1.210175941358675,513216,zstd-fast,zstd,fast,,1,ok,,3,3,51670,9.932572092123088,0.8993211435341065,89.93211435341065,0.805430851727148,0.0,0.007259156001964584,0.0061159090109867975,70.69912808887227,83.91491748455444,0.0076599999999871216,0.005591000000009672,348160.0,true,true,b3a26842038a3990f161b13a0918c84eed8ef2cbfb393ec8fc26a6cfea51b412,0ec3a75089bb52342813496b17e51377bc9eba3cb519a444d67025354841d650,,,,,,,,,,,,,,,,,,,,"[""'<external>/zstd' -q -d -c '<work>/archive.zst'"",""'<external>/zstd' -q -f -T1 -1 -c '<repo>/datasets/data/calgary/pic'""]",{}
mathzip-benchmark-results-v1,20260724T134555Z-8b4c06c2,quick,calgary_files,datasets/data/calgary/pic,pic,Upstream files retain their original terms; see dataset manifest,datasets/manifests/calgary.json,datasets/data/calgary/dataset.json,83a3c9348bc6c40af11956faf339f4c6287ef14cdb7d5479a8a0a4f84f2b19c7,true,0ec3a75089bb52342813496b17e51377bc9eba3cb519a444d67025354841d650,1.210175941358675,513216,lz4-fast,lz4,fast,,1,ok,,3,3,86904,5.905550952775476,0.8306677890011224,83.06677890011224,1.3546576879910213,0.0,0.006094382988521829,0.004844466995564289,84.21131408488634,105.93858941962303,0.00391500000000633,0.004139999999992483,339968.0,true,true,41fe23cc43df386a8e7f9539942b9e71ae6aa22131c933b0c0e3933424607632,0ec3a75089bb52342813496b17e51377bc9eba3cb519a444d67025354841d650,,,,,,,,,,,,,,,,,,,,"[""'<tmp>/mathzip-toolpkgs.cQThTC/extracted/usr/bin/lz4' -q -d -f '<work>/archive.lz4' '<work>/restored.bin'"",""'<tmp>/mathzip-toolpkgs.cQThTC/extracted/usr/bin/lz4' -q -f -1 '<repo>/datasets/data/calgary/pic' '<work>/archive.lz4'""]",{}
mathzip-benchmark-results-v1,20260724T134555Z-8b4c06c2,quick,calgary_files,datasets/data/calgary/pic,pic,Upstream files retain their original terms; see dataset manifest,datasets/manifests/calgary.json,datasets/data/calgary/dataset.json,83a3c9348bc6c40af11956faf339f4c6287ef14cdb7d5479a8a0a4f84f2b19c7,true,0ec3a75089bb52342813496b17e51377bc9eba3cb519a444d67025354841d650,1.210175941358675,513216,brotli-fast,brotli,fast,,1,ok,,3,3,53296,9.629540678474932,0.8961528868936276,89.61528868936276,0.8307769048509789,0.0,0.012633202990400605,0.006337199010886252,40.62437692087822,80.98467463596779,0.011933999999996558,0.005723999999986518,348160.0,true,true,1a7b8673968c8fd3ef3c25d614f6fcdc1ab735b573fe4ea805664b24901d8267,0ec3a75089bb52342813496b17e51377bc9eba3cb519a444d67025354841d650,,,,,,,,,,,,,,,,,,,,"[""'<tmp>/mathzip-toolpkgs.cQThTC/extracted/usr/bin/brotli' -f -d -o '<work>/restored.bin' '<work>/archive.br'"",""'<tmp>/mathzip-toolpkgs.cQThTC/extracted/usr/bin/brotli' -f -q 4 -o '<work>/archive.br' '<repo>/datasets/data/calgary/pic'""]",{}
mathzip-benchmark-results-v1,20260724T134555Z-8b4c06c2,quick,calgary_files,datasets/data/calgary/pic,pic,Upstream files retain their original terms; see dataset manifest,datasets/manifests/calgary.json,datasets/data/calgary/dataset.json,83a3c9348bc6c40af11956faf339f4c6287ef14cdb7d5479a8a0a4f84f2b19c7,true,0ec3a75089bb52342813496b17e51377bc9eba3cb519a444d67025354841d650,1.210175941358675,513216,7z-fast,7z,fast,,1,ok,,3,3,50265,10.210205908683974,0.9020587822671156,90.20587822671156,0.7835297418630752,0.0,0.024201355001423508,0.012935195001773536,21.206085360502044,39.67593839363328,0.02355500000000177,0.011881999999985737,8765440.0,true,true,630a2eeb410366dcacefc59a0b14a5c410d97dd4152668543cbe1ca2287859ef,0ec3a75089bb52342813496b17e51377bc9eba3cb519a444d67025354841d650,,,,,,,,,,,,,,,,,,,,"[""'<tmp>/mathzip-toolpkgs.cQThTC/extracted/usr/lib/7zip/7z' a -y -bd -bso0 -bsp0 -t7z -m0=lzma2 -mx=1 -mmt=1 '<work>/archive.7z' '<repo>/datasets/data/calgary/pic'"",""'<tmp>/mathzip-toolpkgs.cQThTC/extracted/usr/lib/7zip/7z' e -so -bd -mmt=1 '<work>/archive.7z'""]",{}
mathzip-benchmark-results-v1,20260724T134555Z-8b4c06c2,quick,calgary_files,datasets/data/calgary/progc,progc,Upstream files retain their original terms; see dataset manifest,datasets/manifests/calgary.json,datasets/data/calgary/dataset.json,83a3c9348bc6c40af11956faf339f4c6287ef14cdb7d5479a8a0a4f84f2b19c7,true,151377a9d6aa9b7e872000269707a15e2b038c826340628e6f4d8b4db9ec3c19,5.1990160325343595,39611,mathzip-fast,mathzip,fast,,1,ok,,3,3,34891,1.1352784385658192,0.11915881951983032,11.915881951983032,7.0467294438413575,0.0,0.03665732700028457,0.005308242994942702,1.0805752421526127,7.462167809148602,0.0358009999999922,0.004596000000006484,3645440.0,true,true,be5e7424d2006699e7e56064170985a267596eaed11f97fdfc013255fe4e6144,151377a9d6aa9b7e872000269707a15e2b038c826340628e6f4d8b4db9ec3c19,"[{""type"":""identity""}]",3,13203.666666666666,16384.0,"{""raw"":3}","{""bit_pack"":3}",0,108,34663,120,100.0,0.0,5.199016032534358,34663,0,0,0.00266055,0.00045896,0.029188437,"[""'<repo>/target/release/mathzip' compress --mode fast --max-input-bytes 8589934592 --no-sync --force '<repo>/datasets/data/calgary/progc' '<work>/archive.mz'"",""'<repo>/target/release/mathzip' compress --mode fast --max-input-bytes 8589934592 --no-sync --force --metrics-output '<work>/metrics-probe.mz.metrics.json' '<repo>/datasets/data/calgary/progc' '<work>/metrics-probe.mz'"",""'<repo>/target/release/mathzip' decompress --max-archive-bytes 17179869184 --max-output-bytes 8589934592 --max-segments 8388608 --no-sync --force '<work>/archive.mz' '<work>/restored.bin'""]",{}
mathzip-benchmark-results-v1,20260724T134555Z-8b4c06c2,quick,calgary_files,datasets/data/calgary/progc,progc,Upstream files retain their original terms; see dataset manifest,datasets/manifests/calgary.json,datasets/data/calgary/dataset.json,83a3c9348bc6c40af11956faf339f4c6287ef14cdb7d5479a8a0a4f84f2b19c7,true,151377a9d6aa9b7e872000269707a15e2b038c826340628e6f4d8b4db9ec3c19,5.1990160325343595,39611,raw,raw,default,,1,ok,,3,3,39611,1.0,0.0,0.0,8.0,0.0,0.00023734600108582526,0.0002247869997518137,166.89137301149012,176.21570661886284,0.00024116600000034794,0.00022815400000020247,,true,true,151377a9d6aa9b7e872000269707a15e2b038c826340628e6f4d8b4db9ec3c19,151377a9d6aa9b7e872000269707a15e2b038c826340628e6f4d8b4db9ec3c19,,,,,,,,,,,,,,,,,,,,"[""stdlib:shutil.copyfile""]",{}
mathzip-benchmark-results-v1,20260724T134555Z-8b4c06c2,quick,calgary_files,datasets/data/calgary/progc,progc,Upstream files retain their original terms; see dataset manifest,datasets/manifests/calgary.json,datasets/data/calgary/dataset.json,83a3c9348bc6c40af11956faf339f4c6287ef14cdb7d5479a8a0a4f84f2b19c7,true,151377a9d6aa9b7e872000269707a15e2b038c826340628e6f4d8b4db9ec3c19,5.1990160325343595,39611,gzip-fast,gzip,fast,,1,ok,,3,3,15449,2.5639847239303513,0.6099820756860468,60.99820756860468,3.1201433945116257,0.0,0.003577415001927875,0.0029937680083094165,11.07252023560408,13.231152143404849,0.0030450000000143973,0.002400999999991882,344064.0,true,true,677a4e29eccd0c56298e96f73ba1b0972aefa73c4267d891e7e6366e44ac1d65,151377a9d6aa9b7e872000269707a15e2b038c826340628e6f4d8b4db9ec3c19,,,,,,,,,,,,,,,,,,,,"[""'<external>/gzip' -d -c '<work>/archive.gz'"",""'<external>/gzip' -n -c -1 '<repo>/datasets/data/calgary/progc'""]",{}
mathzip-benchmark-results-v1,20260724T134555Z-8b4c06c2,quick,calgary_files,datasets/data/calgary/progc,progc,Upstream files retain their original terms; see dataset manifest,datasets/manifests/calgary.json,datasets/data/calgary/dataset.json,83a3c9348bc6c40af11956faf339f4c6287ef14cdb7d5479a8a0a4f84f2b19c7,true,151377a9d6aa9b7e872000269707a15e2b038c826340628e6f4d8b4db9ec3c19,5.1990160325343595,39611,bzip2-fast,bzip2,fast,,1,ok,,3,3,12544,3.157764668367347,0.6833202898184847,68.33202898184847,2.533437681452122,0.0,0.007914657995570451,0.004626959998859093,5.004764580120689,8.560912566732197,0.00715900000000147,0.0040499999999923375,339968.0,true,true,bcb79732bc4dd8d090c89259ffa0f07e52ff1525f59975886644b4290024c691,151377a9d6aa9b7e872000269707a15e2b038c826340628e6f4d8b4db9ec3c19,,,,,,,,,,,,,,,,,,,,"[""'<external>/bzip2' -c -1"",""'<external>/bzip2' -d -c '<work>/archive.bz2'""]",{}
mathzip-benchmark-results-v1,20260724T134555Z-8b4c06c2,quick,calgary_files,datasets/data/calgary/progc,progc,Upstream files retain their original terms; see dataset manifest,datasets/manifests/calgary.json,datasets/data/calgary/dataset.json,83a3c9348bc6c40af11956faf339f4c6287ef14cdb7d5479a8a0a4f84f2b19c7,true,151377a9d6aa9b7e872000269707a15e2b038c826340628e6f4d8b4db9ec3c19,5.1990160325343595,39611,xz-fast,xz,fast,,1,ok,,3,3,13304,2.9773752254960915,0.6641337002347832,66.41337002347832,2.686930398121734,0.0,0.013159288006136194,0.005051667001680471,3.0101172632994535,7.841174009851231,0.012131999999994036,0.003506999999984828,364544.0,true,true,d6744770234b7b58f4f4521aa7c94dd16be5b1a7fda93f1b6f912308d0a01cad,151377a9d6aa9b7e872000269707a15e2b038c826340628e6f4d8b4db9ec3c19,,,,,,,,,,,,,,,,,,,,"[""'<external>/xz' -c --threads=1 -1 '<repo>/datasets/data/calgary/progc'"",""'<external>/xz' -d -c --threads=1 '<work>/archive.xz'""]",{}
mathzip-benchmark-results-v1,20260724T134555Z-8b4c06c2,quick,calgary_files,datasets/data/calgary/progc,progc,Upstream files retain their original terms; see dataset manifest,datasets/manifests/calgary.json,datasets/data/calgary/dataset.json,83a3c9348bc6c40af11956faf339f4c6287ef14cdb7d5479a8a0a4f84f2b19c7,true,151377a9d6aa9b7e872000269707a15e2b038c826340628e6f4d8b4db9ec3c19,5.1990160325343595,39611,zstd-fast,zstd,fast,,1,ok,,3,3,14969,2.646202151112299,0.6220999217389109,62.209992173891095,3.0232006260887125,0.0,0.0050137969956267625,0.004641732986783609,7.9003996441320465,8.533666221815057,0.004594999999994798,0.004075999999997748,356352.0,true,true,b2dd8763f8370e5ad105cb74f57d581cd5e851a5924bb0812e83e5be322e0911,151377a9d6aa9b7e872000269707a15e2b038c826340628e6f4d8b4db9ec3c19,,,,,,,,,,,,,,,,,,,,"[""'<external>/zstd' -q -d -c '<work>/archive.zst'"",""'<external>/zstd' -q -f -T1 -1 -c '<repo>/datasets/data/calgary/progc'""]",{}
mathzip-benchmark-results-v1,20260724T134555Z-8b4c06c2,quick,calgary_files,datasets/data/calgary/progc,progc,Upstream files retain their original terms; see dataset manifest,datasets/manifests/calgary.json,datasets/data/calgary/dataset.json,83a3c9348bc6c40af11956faf339f4c6287ef14cdb7d5479a8a0a4f84f2b19c7,true,151377a9d6aa9b7e872000269707a15e2b038c826340628e6f4d8b4db9ec3c19,5.1990160325343595,39611,lz4-fast,lz4,fast,,1,ok,,3,3,20922,1.8932702418506835,0.47181338517078586,47.181338517078586,4.225492918633713,0.0,0.002918061989475973,0.0026780899934237823,13.574420332007191,14.790765096493132,0.0022879999999929623,0.002093999999999596,360448.0,true,true,f43ecceb861eb6ef8b9e24177b12067902dc748e48c00a4ffffced8deb86e0c0,151377a9d6aa9b7e872000269707a15e2b038c826340628e6f4d8b4db9ec3c19,,,,,,,,,,,,,,,,,,,,"[""'<tmp>/mathzip-toolpkgs.cQThTC/extracted/usr/bin/lz4' -q -d -f '<work>/archive.lz4' '<work>/restored.bin'"",""'<tmp>/mathzip-toolpkgs.cQThTC/extracted/usr/bin/lz4' -q -f -1 '<repo>/datasets/data/calgary/progc' '<work>/archive.lz4'""]",{}
mathzip-benchmark-results-v1,20260724T134555Z-8b4c06c2,quick,calgary_files,datasets/data/calgary/progc,progc,Upstream files retain their original terms; see dataset manifest,datasets/manifests/calgary.json,datasets/data/calgary/dataset.json,83a3c9348bc6c40af11956faf339f4c6287ef14cdb7d5479a8a0a4f84f2b19c7,true,151377a9d6aa9b7e872000269707a15e2b038c826340628e6f4d8b4db9ec3c19,5.1990160325343595,39611,brotli-fast,brotli,fast,,1,ok,,3,3,13687,2.894060056988383,0.6544646689051021,65.44646689051021,2.764282648759183,0.0,0.005980499001452699,0.0038300809974316508,6.623360356782644,10.342078934247624,0.005215000000006853,0.003210000000009927,352256.0,true,true,500e69ecef93e09a39a20ef0e42f74743b2081423341b922e2f85ec918fc8734,151377a9d6aa9b7e872000269707a15e2b038c826340628e6f4d8b4db9ec3c19,,,,,,,,,,,,,,,,,,,,"[""'<tmp>/mathzip-toolpkgs.cQThTC/extracted/usr/bin/brotli' -f -d -o '<work>/restored.bin' '<work>/archive.br'"",""'<tmp>/mathzip-toolpkgs.cQThTC/extracted/usr/bin/brotli' -f -q 4 -o '<work>/archive.br' '<repo>/datasets/data/calgary/progc'""]",{}
mathzip-benchmark-results-v1,20260724T134555Z-8b4c06c2,quick,calgary_files,datasets/data/calgary/progc,progc,Upstream files retain their original terms; see dataset manifest,datasets/manifests/calgary.json,datasets/data/calgary/dataset.json,83a3c9348bc6c40af11956faf339f4c6287ef14cdb7d5479a8a0a4f84f2b19c7,true,151377a9d6aa9b7e872000269707a15e2b038c826340628e6f4d8b4db9ec3c19,5.1990160325343595,39611,7z-fast,7z,fast,,1,ok,,3,3,13228,2.9944814030843663,0.6660523591931534,66.60523591931535,2.6715811264547726,0.0,0.012015845000860281,0.007751144003123045,3.2965638286083108,5.110342419653173,0.01137800000000766,0.007013000000000602,503808.0,true,true,9463b09fdb4953df339c17fac95066c945a161409feb0a1a4afcbb9a6a7e1475,151377a9d6aa9b7e872000269707a15e2b038c826340628e6f4d8b4db9ec3c19,,,,,,,,,,,,,,,,,,,,"[""'<tmp>/mathzip-toolpkgs.cQThTC/extracted/usr/lib/7zip/7z' a -y -bd -bso0 -bsp0 -t7z -m0=lzma2 -mx=1 -mmt=1 '<work>/archive.7z' '<repo>/datasets/data/calgary/progc'"",""'<tmp>/mathzip-toolpkgs.cQThTC/extracted/usr/lib/7zip/7z' e -so -bd -mmt=1 '<work>/archive.7z'""]",{}
mathzip-benchmark-results-v1,20260724T134555Z-8b4c06c2,quick,calgary_files,datasets/data/calgary/progl,progl,Upstream files retain their original terms; see dataset manifest,datasets/manifests/calgary.json,datasets/data/calgary/dataset.json,83a3c9348bc6c40af11956faf339f4c6287ef14cdb7d5479a8a0a4f84f2b19c7,true,9388db0cfb71ffbe5687d381819a5ff69cdd992d6931e0cf81a310a1caed0ba0,4.770085093315094,71646,mathzip-fast,mathzip,fast,,1,ok,,3,3,62996,1.1373103054162168,0.12073249029952826,12.073249029952827,7.034140077603774,0.0,0.0623043559899088,0.007165725008235313,1.149935648345426,9.998430014780054,0.06055200000000127,0.005760999999992578,3883008.0,true,true,03ac7db745c65985fb7ac84bb43da956d22cf36cc61476318d545b2ca53f3e09,9388db0cfb71ffbe5687d381819a5ff69cdd992d6931e0cf81a310a1caed0ba0,"[{""type"":""identity""}]",5,14329.2,16384.0,"{""raw"":5}","{""bit_pack"":5}",0,180,62696,120,100.0,0.0,4.770085093315093,62696,0,0,0.004784951,0.000825729,0.051377046,"[""'<repo>/target/release/mathzip' compress --mode fast --max-input-bytes 8589934592 --no-sync --force '<repo>/datasets/data/calgary/progl' '<work>/archive.mz'"",""'<repo>/target/release/mathzip' compress --mode fast --max-input-bytes 8589934592 --no-sync --force --metrics-output '<work>/metrics-probe.mz.metrics.json' '<repo>/datasets/data/calgary/progl' '<work>/metrics-probe.mz'"",""'<repo>/target/release/mathzip' decompress --max-archive-bytes 17179869184 --max-output-bytes 8589934592 --max-segments 8388608 --no-sync --force '<work>/archive.mz' '<work>/restored.bin'""]",{}
mathzip-benchmark-results-v1,20260724T134555Z-8b4c06c2,quick,calgary_files,datasets/data/calgary/progl,progl,Upstream files retain their original terms; see dataset manifest,datasets/manifests/calgary.json,datasets/data/calgary/dataset.json,83a3c9348bc6c40af11956faf339f4c6287ef14cdb7d5479a8a0a4f84f2b19c7,true,9388db0cfb71ffbe5687d381819a5ff69cdd992d6931e0cf81a310a1caed0ba0,4.770085093315094,71646,raw,raw,default,,1,ok,,3,3,71646,1.0,0.0,0.0,8.0,0.0,0.0002959669945994392,0.0002473860076861456,242.07428972600636,289.61217600833777,0.00029972499999963986,0.0002506269999997812,,true,true,9388db0cfb71ffbe5687d381819a5ff69cdd992d6931e0cf81a310a1caed0ba0,9388db0cfb71ffbe5687d381819a5ff69cdd992d6931e0cf81a310a1caed0ba0,,,,,,,,,,,,,,,,,,,,"[""stdlib:shutil.copyfile""]",{}
mathzip-benchmark-results-v1,20260724T134555Z-8b4c06c2,quick,calgary_files,datasets/data/calgary/progl,progl,Upstream files retain their original terms; see dataset manifest,datasets/manifests/calgary.json,datasets/data/calgary/dataset.json,83a3c9348bc6c40af11956faf339f4c6287ef14cdb7d5479a8a0a4f84f2b19c7,true,9388db0cfb71ffbe5687d381819a5ff69cdd992d6931e0cf81a310a1caed0ba0,4.770085093315094,71646,gzip-fast,gzip,fast,,1,ok,,3,3,20032,3.576577476038339,0.7204030929849539,72.04030929849539,2.2367752561203695,0.0,0.004018469000584446,0.003585180005757138,17.829178224239087,19.983933828970855,0.003396999999992545,0.002601000000012732,1495040.0,true,true,24d769a59fd749eb284127bf7f392a8292bc563e2f0b3358db271c477dc3e2a3,9388db0cfb71ffbe5687d381819a5ff69cdd992d6931e0cf81a310a1caed0ba0,,,,,,,,,,,,,,,,,,,,"[""'<external>/gzip' -d -c '<work>/archive.gz'"",""'<external>/gzip' -n -c -1 '<repo>/datasets/data/calgary/progl'""]",{}
mathzip-benchmark-results-v1,20260724T134555Z-8b4c06c2,quick,calgary_files,datasets/data/calgary/progl,progl,Upstream files retain their original terms; see dataset manifest,datasets/manifests/calgary.json,datasets/data/calgary/dataset.json,83a3c9348bc6c40af11956faf339f4c6287ef14cdb7d5479a8a0a4f84f2b19c7,true,9388db0cfb71ffbe5687d381819a5ff69cdd992d6931e0cf81a310a1caed0ba0,4.770085093315094,71646,bzip2-fast,bzip2,fast,,1,ok,,3,3,15579,4.598883111881379,0.7825558998408844,78.25558998408843,1.739552801272925,0.0,0.012901371999760158,0.006025248003425077,5.553362851744135,11.890962821658551,0.012104000000007886,0.005117999999995959,344064.0,true,true,3f57b649acc27569ab267c6b0367fde72fc037b79ace2416c748bac7ef64588b,9388db0cfb71ffbe5687d381819a5ff69cdd992d6931e0cf81a310a1caed0ba0,,,,,,,,,,,,,,,,,,,,"[""'<external>/bzip2' -c -1"",""'<external>/bzip2' -d -c '<work>/archive.bz2'""]",{}
mathzip-benchmark-results-v1,20260724T134555Z-8b4c06c2,quick,calgary_files,datasets/data/calgary/progl,progl,Upstream files retain their original terms; see dataset manifest,datasets/manifests/calgary.json,datasets/data/calgary/dataset.json,83a3c9348bc6c40af11956faf339f4c6287ef14cdb7d5479a8a0a4f84f2b19c7,true,9388db0cfb71ffbe5687d381819a5ff69cdd992d6931e0cf81a310a1caed0ba0,4.770085093315094,71646,xz-fast,xz,fast,,1,ok,,3,3,16356,4.3804108584005865,0.7717109119839209,77.17109119839209,1.8263127041286324,0.0,0.014853848013444804,0.0069288100057747215,4.823396599665648,10.340303737624156,0.013942999999997596,0.004125999999999408,4792320.0,true,true,96b09e60cbfc370f3b37a0b247c8058b4dc172a21c937a5168be3663c86f52a4,9388db0cfb71ffbe5687d381819a5ff69cdd992d6931e0cf81a310a1caed0ba0,,,,,,,,,,,,,,,,,,,,"[""'<external>/xz' -c --threads=1 -1 '<repo>/datasets/data/calgary/progl'"",""'<external>/xz' -d -c --threads=1 '<work>/archive.xz'""]",{}
mathzip-benchmark-results-v1,20260724T134555Z-8b4c06c2,quick,calgary_files,datasets/data/calgary/progl,progl,Upstream files retain their original terms; see dataset manifest,datasets/manifests/calgary.json,datasets/data/calgary/dataset.json,83a3c9348bc6c40af11956faf339f4c6287ef14cdb7d5479a8a0a4f84f2b19c7,true,9388db0cfb71ffbe5687d381819a5ff69cdd992d6931e0cf81a310a1caed0ba0,4.770085093315094,71646,zstd-fast,zstd,fast,,1,ok,,3,3,18503,3.872128843971248,0.741744130865645,74.1744130865645,2.06604695307484,0.0,0.004968149994965643,0.005648696998832747,14.421062180610646,12.683633059943737,0.0044330000000059044,0.003982000000007702,348160.0,true,true,5f6798835befa7b38c26c9c08aee9d2e27c553a2b5bc28683b665c0b57108b69,9388db0cfb71ffbe5687d381819a5ff69cdd992d6931e0cf81a310a1caed0ba0,,,,,,,,,,,,,,,,,,,,"[""'<external>/zstd' -q -d -c '<work>/archive.zst'"",""'<external>/zstd' -q -f -T1 -1 -c '<repo>/datasets/data/calgary/progl'""]",{}
mathzip-benchmark-results-v1,20260724T134555Z-8b4c06c2,quick,calgary_files,datasets/data/calgary/progl,progl,Upstream files retain their original terms; see dataset manifest,datasets/manifests/calgary.json,datasets/data/calgary/dataset.json,83a3c9348bc6c40af11956faf339f4c6287ef14cdb7d5479a8a0a4f84f2b19c7,true,9388db0cfb71ffbe5687d381819a5ff69cdd992d6931e0cf81a310a1caed0ba0,4.770085093315094,71646,lz4-fast,lz4,fast,,1,ok,,3,3,27005,2.6530642473615997,0.6230773525388718,62.307735253887174,3.0153811796890264,0.0,0.004491215993766673,0.0029854180029360577,15.95247258191033,23.99864941175359,0.0026209999999906586,0.002296000000001186,405504.0,true,true,92010c2b8677988a07705c6b72cbdf97952a0473f4d66a90c48bb46677c9b180,9388db0cfb71ffbe5687d381819a5ff69cdd992d6931e0cf81a310a1caed0ba0,,,,,,,,,,,,,,,,,,,,"[""'<tmp>/mathzip-toolpkgs.cQThTC/extracted/usr/bin/lz4' -q -d -f '<work>/archive.lz4' '<work>/restored.bin'"",""'<tmp>/mathzip-toolpkgs.cQThTC/extracted/usr/bin/lz4' -q -f -1 '<repo>/datasets/data/calgary/progl' '<work>/archive.lz4'""]",{}
mathzip-benchmark-results-v1,20260724T134555Z-8b4c06c2,quick,calgary_files,datasets/data/calgary/progl,progl,Upstream files retain their original terms; see dataset manifest,datasets/manifests/calgary.json,datasets/data/calgary/dataset.json,83a3c9348bc6c40af11956faf339f4c6287ef14cdb7d5479a8a0a4f84f2b19c7,true,9388db0cfb71ffbe5687d381819a5ff69cdd992d6931e0cf81a310a1caed0ba0,4.770085093315094,71646,brotli-fast,brotli,fast,,1,ok,,3,3,16862,4.248962163444431,0.7646484102392318,76.46484102392319,1.8828127180861458,0.0,0.00730816600844264,0.004151947010541335,9.803553985669199,17.256000574693925,0.006149999999990996,0.0034359999999935553,643072.0,true,true,ff5caa8bdf3447c40853d652648f1c8f58ef0f0403a2d47a6a1f3d30d4cf52e3,9388db0cfb71ffbe5687d381819a5ff69cdd992d6931e0cf81a310a1caed0ba0,,,,,,,,,,,,,,,,,,,,"[""'<tmp>/mathzip-toolpkgs.cQThTC/extracted/usr/bin/brotli' -f -d -o '<work>/restored.bin' '<work>/archive.br'"",""'<tmp>/mathzip-toolpkgs.cQThTC/extracted/usr/bin/brotli' -f -q 4 -o '<work>/archive.br' '<repo>/datasets/data/calgary/progl'""]",{}
mathzip-benchmark-results-v1,20260724T134555Z-8b4c06c2,quick,calgary_files,datasets/data/calgary/progl,progl,Upstream files retain their original terms; see dataset manifest,datasets/manifests/calgary.json,datasets/data/calgary/dataset.json,83a3c9348bc6c40af11956faf339f4c6287ef14cdb7d5479a8a0a4f84f2b19c7,true,9388db0cfb71ffbe5687d381819a5ff69cdd992d6931e0cf81a310a1caed0ba0,4.770085093315094,71646,7z-fast,7z,fast,,1,ok,,3,3,16154,4.435186331558747,0.7745303296764648,77.45303296764648,1.8037573625882812,0.0,0.013166329998057336,0.009009015004266985,5.441607495070473,7.95270070768735,0.01238100000000486,0.008028999999993403,5672960.0,true,true,26027cc94bea2429727b6d5904be9d1e6fc994f6b07db38b436575c408d77d7f,9388db0cfb71ffbe5687d381819a5ff69cdd992d6931e0cf81a310a1caed0ba0,,,,,,,,,,,,,,,,,,,,"[""'<tmp>/mathzip-toolpkgs.cQThTC/extracted/usr/lib/7zip/7z' a -y -bd -bso0 -bsp0 -t7z -m0=lzma2 -mx=1 -mmt=1 '<work>/archive.7z' '<repo>/datasets/data/calgary/progl'"",""'<tmp>/mathzip-toolpkgs.cQThTC/extracted/usr/lib/7zip/7z' e -so -bd -mmt=1 '<work>/archive.7z'""]",{}
mathzip-benchmark-results-v1,20260724T134555Z-8b4c06c2,quick,calgary_files,datasets/data/calgary/progp,progp,Upstream files retain their original terms; see dataset manifest,datasets/manifests/calgary.json,datasets/data/calgary/dataset.json,83a3c9348bc6c40af11956faf339f4c6287ef14cdb7d5479a8a0a4f84f2b19c7,true,d0cd70ab5f7381a8584b25fa73b3608571a17ee1042cc5c546f63b904614d1bc,4.868772210245372,49379,mathzip-fast,mathzip,fast,,1,ok,,3,3,43475,1.1358021851638873,0.1195649972660443,11.95649972660443,7.043480021871646,0.0,0.04442667200055439,0.005803274005302228,1.1114719553916577,8.508817601044568,0.04362600000000327,0.004812000000001149,3727360.0,true,true,2f70f5cd4cc54ff64df469144e1a7e6e22ccff6ca17ec95571cb21c5a9480d9b,d0cd70ab5f7381a8584b25fa73b3608571a17ee1042cc5c546f63b904614d1bc,"[{""type"":""identity""}]",4,12344.75,16384.0,"{""raw"":4}","{""bit_pack"":4}",0,144,43211,120,100.0,0.0,4.86877221024537,43211,0,0,0.003215169,0.000607841,0.03623639,"[""'<repo>/target/release/mathzip' compress --mode fast --max-input-bytes 8589934592 --no-sync --force '<repo>/datasets/data/calgary/progp' '<work>/archive.mz'"",""'<repo>/target/release/mathzip' compress --mode fast --max-input-bytes 8589934592 --no-sync --force --metrics-output '<work>/metrics-probe.mz.metrics.json' '<repo>/datasets/data/calgary/progp' '<work>/metrics-probe.mz'"",""'<repo>/target/release/mathzip' decompress --max-archive-bytes 17179869184 --max-output-bytes 8589934592 --max-segments 8388608 --no-sync --force '<work>/archive.mz' '<work>/restored.bin'""]",{}
mathzip-benchmark-results-v1,20260724T134555Z-8b4c06c2,quick,calgary_files,datasets/data/calgary/progp,progp,Upstream files retain their original terms; see dataset manifest,datasets/manifests/calgary.json,datasets/data/calgary/dataset.json,83a3c9348bc6c40af11956faf339f4c6287ef14cdb7d5479a8a0a4f84f2b19c7,true,d0cd70ab5f7381a8584b25fa73b3608571a17ee1042cc5c546f63b904614d1bc,4.868772210245372,49379,raw,raw,default,,1,ok,,3,3,49379,1.0,0.0,0.0,8.0,0.0,0.00024757900973781943,0.00022540400095749646,199.44744125235513,219.06887096166142,0.00025116699999827574,0.00022857200000103717,,true,true,d0cd70ab5f7381a8584b25fa73b3608571a17ee1042cc5c546f63b904614d1bc,d0cd70ab5f7381a8584b25fa73b3608571a17ee1042cc5c546f63b904614d1bc,,,,,,,,,,,,,,,,,,,,"[""stdlib:shutil.copyfile""]",{}
mathzip-benchmark-results-v1,20260724T134555Z-8b4c06c2,quick,calgary_files,datasets/data/calgary/progp,progp,Upstream files retain their original terms; see dataset manifest,datasets/manifests/calgary.json,datasets/data/calgary/dataset.json,83a3c9348bc6c40af11956faf339f4c6287ef14cdb7d5479a8a0a4f84f2b19c7,true,d0cd70ab5f7381a8584b25fa73b3608571a17ee1042cc5c546f63b904614d1bc,4.868772210245372,49379,gzip-fast,gzip,fast,,1,ok,,3,3,13376,3.6916118421052633,0.7291156159501002,72.91156159501003,2.167075072399198,0.0,0.003471386997262016,0.002933362004114315,14.224573647059994,16.833585466349305,0.002895999999992682,0.0023720000000082564,348160.0,true,true,708e19e598241013edd9547622c63a2e240286ee969b2a22348c6c71322cf2bc,d0cd70ab5f7381a8584b25fa73b3608571a17ee1042cc5c546f63b904614d1bc,,,,,,,,,,,,,,,,,,,,"[""'<external>/gzip' -d -c '<work>/archive.gz'"",""'<external>/gzip' -n -c -1 '<repo>/datasets/data/calgary/progp'""]",{}
mathzip-benchmark-results-v1,20260724T134555Z-8b4c06c2,quick,calgary_files,datasets/data/calgary/progp,progp,Upstream files retain their original terms; see dataset manifest,datasets/manifests/calgary.json,datasets/data/calgary/dataset.json,83a3c9348bc6c40af11956faf339f4c6287ef14cdb7d5479a8a0a4f84f2b19c7,true,d0cd70ab5f7381a8584b25fa73b3608571a17ee1042cc5c546f63b904614d1bc,4.868772210245372,49379,bzip2-fast,bzip2,fast,,1,ok,,3,3,10710,4.610550887021475,0.7831061787399501,78.31061787399501,1.7351505700803986,0.0,0.008875029001501389,0.004590794997056946,5.563812804628194,10.756089093861902,0.008074000000007686,0.004024000000001138,360448.0,true,true,55564bf0f2ad57362ae66dfb416aa79d630836ec74ad7c8d7c99a142f7b9f27b,d0cd70ab5f7381a8584b25fa73b3608571a17ee1042cc5c546f63b904614d1bc,,,,,,,,,,,,,,,,,,,,"[""'<external>/bzip2' -c -1"",""'<external>/bzip2' -d -c '<work>/archive.bz2'""]",{}
mathzip-benchmark-results-v1,20260724T134555Z-8b4c06c2,quick,calgary_files,datasets/data/calgary/progp,progp,Upstream files retain their original terms; see dataset manifest,datasets/manifests/calgary.json,datasets/data/calgary/dataset.json,83a3c9348bc6c40af11956faf339f4c6287ef14cdb7d5479a8a0a4f84f2b19c7,true,d0cd70ab5f7381a8584b25fa73b3608571a17ee1042cc5c546f63b904614d1bc,4.868772210245372,49379,xz-fast,xz,fast,,1,ok,,3,3,11084,4.45498015156983,0.7755321087911865,77.55321087911865,1.7957431296705078,0.0,0.012683143009780906,0.004591649994836189,3.8932778698403236,10.754086233822715,0.011572999999998501,0.0031790000000029295,348160.0,true,true,2fafae714c4c733706e252b1f0a01896bb5059b4ce3ed666fdce33dd4a086762,d0cd70ab5f7381a8584b25fa73b3608571a17ee1042cc5c546f63b904614d1bc,,,,,,,,,,,,,,,,,,,,"[""'<external>/xz' -c --threads=1 -1 '<repo>/datasets/data/calgary/progp'"",""'<external>/xz' -d -c --threads=1 '<work>/archive.xz'""]",{}
mathzip-benchmark-results-v1,20260724T134555Z-8b4c06c2,quick,calgary_files,datasets/data/calgary/progp,progp,Upstream files retain their original terms; see dataset manifest,datasets/manifests/calgary.json,datasets/data/calgary/dataset.json,83a3c9348bc6c40af11956faf339f4c6287ef14cdb7d5479a8a0a4f84f2b19c7,true,d0cd70ab5f7381a8584b25fa73b3608571a17ee1042cc5c546f63b904614d1bc,4.868772210245372,49379,zstd-fast,zstd,fast,,1,ok,,3,3,12843,3.8448181888966753,0.7399096782032848,73.99096782032848,2.0807225743737217,0.0,0.004686686006607488,0.004290145996492356,10.536016266159798,11.509864708653856,0.004280999999991764,0.003837000000004309,360448.0,true,true,db5015a38085bbd0b89fb64ae4dbc7c91a6a39ecfac439e48b19da262d04aa14,d0cd70ab5f7381a8584b25fa73b3608571a17ee1042cc5c546f63b904614d1bc,,,,,,,,,,,,,,,,,,,,"[""'<external>/zstd' -q -d -c '<work>/archive.zst'"",""'<external>/zstd' -q -f -T1 -1 -c '<repo>/datasets/data/calgary/progp'""]",{}
mathzip-benchmark-results-v1,20260724T134555Z-8b4c06c2,quick,calgary_files,datasets/data/calgary/progp,progp,Upstream files retain their original terms; see dataset manifest,datasets/manifests/calgary.json,datasets/data/calgary/dataset.json,83a3c9348bc6c40af11956faf339f4c6287ef14cdb7d5479a8a0a4f84f2b19c7,true,d0cd70ab5f7381a8584b25fa73b3608571a17ee1042cc5c546f63b904614d1bc,4.868772210245372,49379,lz4-fast,lz4,fast,,1,ok,,3,3,18736,2.635514517506405,0.6205674477004395,62.05674477004395,3.035460418396484,0.0,0.0030791830067755654,0.004079638994880952,16.036396632270424,12.103767039671835,0.00244699999998943,0.0020489999999995234,339968.0,true,true,ab469d1f5147bae6c5217133280b803997350f952095bda70a78b022cc864ab8,d0cd70ab5f7381a8584b25fa73b3608571a17ee1042cc5c546f63b904614d1bc,,,,,,,,,,,,,,,,,,,,"[""'<tmp>/mathzip-toolpkgs.cQThTC/extracted/usr/bin/lz4' -q -d -f '<work>/archive.lz4' '<work>/restored.bin'"",""'<tmp>/mathzip-toolpkgs.cQThTC/extracted/usr/bin/lz4' -q -f -1 '<repo>/datasets/data/calgary/progp' '<work>/archive.lz4'""]",{}
mathzip-benchmark-results-v1,20260724T134555Z-8b4c06c2,quick,calgary_files,datasets/data/calgary/progp,progp,Upstream files retain their original terms; see dataset manifest,datasets/manifests/calgary.json,datasets/data/calgary/dataset.json,83a3c9348bc6c40af11956faf339f4c6287ef14cdb7d5479a8a0a4f84f2b19c7,true,d0cd70ab5f7381a8584b25fa73b3608571a17ee1042cc5c546f63b904614d1bc,4.868772210245372,49379,brotli-fast,brotli,fast,,1,ok,,3,3,11708,4.217543559959003,0.762895157860629,76.2895157860629,1.896838737114968,0.0,0.0054867659928277135,0.0035544280108297244,8.999654817527867,13.89224928724137,0.004898000000011393,0.002849999999995134,348160.0,true,true,6748d4944bb405b7239619ef2f2e8c91c2dba29136e3004752068aad1e307aa0,d0cd70ab5f7381a8584b25fa73b3608571a17ee1042cc5c546f63b904614d1bc,,,,,,,,,,,,,,,,,,,,"[""'<tmp>/mathzip-toolpkgs.cQThTC/extracted/usr/bin/brotli' -f -d -o '<work>/restored.bin' '<work>/archive.br'"",""'<tmp>/mathzip-toolpkgs.cQThTC/extracted/usr/bin/brotli' -f -q 4 -o '<work>/archive.br' '<repo>/datasets/data/calgary/progp'""]",{}
mathzip-benchmark-results-v1,20260724T134555Z-8b4c06c2,quick,calgary_files,datasets/data/calgary/progp,progp,Upstream files retain their original terms; see dataset manifest,datasets/manifests/calgary.json,datasets/data/calgary/dataset.json,83a3c9348bc6c40af11956faf339f4c6287ef14cdb7d5479a8a0a4f84f2b19c7,true,d0cd70ab5f7381a8584b25fa73b3608571a17ee1042cc5c546f63b904614d1bc,4.868772210245372,49379,7z-fast,7z,fast,,1,ok,,3,3,11050,4.468687782805429,0.7762206606047105,77.62206606047106,1.790234715162316,0.0,0.011935774004086852,0.007379317990853451,4.137058893968037,6.691539795575213,0.011092999999988251,0.00669000000000608,397312.0,true,true,6577e7d08d826410e51dfd15bea9bec7468dcb8e20769b66bb382be156811c22,d0cd70ab5f7381a8584b25fa73b3608571a17ee1042cc5c546f63b904614d1bc,,,,,,,,,,,,,,,,,,,,"[""'<tmp>/mathzip-toolpkgs.cQThTC/extracted/usr/lib/7zip/7z' a -y -bd -bso0 -bsp0 -t7z -m0=lzma2 -mx=1 -mmt=1 '<work>/archive.7z' '<repo>/datasets/data/calgary/progp'"",""'<tmp>/mathzip-toolpkgs.cQThTC/extracted/usr/lib/7zip/7z' e -so -bd -mmt=1 '<work>/archive.7z'""]",{}
mathzip-benchmark-results-v1,20260724T134555Z-8b4c06c2,quick,calgary_files,datasets/data/calgary/trans,trans,Upstream files retain their original terms; see dataset manifest,datasets/manifests/calgary.json,datasets/data/calgary/dataset.json,83a3c9348bc6c40af11956faf339f4c6287ef14cdb7d5479a8a0a4f84f2b19c7,true,117a00c6af3e1c57f20013a8f1b468158f70634f685a348bedb7e4069cdd576a,5.532780979531252,93695,mathzip-fast,mathzip,fast,,1,ok,,3,3,82326,1.1380973204091052,0.12134051977159932,12.134051977159931,7.029275841827205,0.0,0.08078409801237285,0.0067585499928100035,1.159819844564579,13.863180726587245,0.07982499999999959,0.006083000000003835,4104192.0,true,true,56ac47696179aea67619ff773c53f1d1bfce654e3243133ee45e8bfd0943fe26,117a00c6af3e1c57f20013a8f1b468158f70634f685a348bedb7e4069cdd576a,"[{""type"":""identity""}]",6,15615.833333333334,16384.0,"{""raw"":6}","{""bit_pack"":6}",0,216,81990,120,100.0,0.0,5.532780979531253,81990,0,0,0.006203724,0.001024425,0.068453263,"[""'<repo>/target/release/mathzip' compress --mode fast --max-input-bytes 8589934592 --no-sync --force '<repo>/datasets/data/calgary/trans' '<work>/archive.mz'"",""'<repo>/target/release/mathzip' compress --mode fast --max-input-bytes 8589934592 --no-sync --force --metrics-output '<work>/metrics-probe.mz.metrics.json' '<repo>/datasets/data/calgary/trans' '<work>/metrics-probe.mz'"",""'<repo>/target/release/mathzip' decompress --max-archive-bytes 17179869184 --max-output-bytes 8589934592 --max-segments 8388608 --no-sync --force '<work>/archive.mz' '<work>/restored.bin'""]",{}
mathzip-benchmark-results-v1,20260724T134555Z-8b4c06c2,quick,calgary_files,datasets/data/calgary/trans,trans,Upstream files retain their original terms; see dataset manifest,datasets/manifests/calgary.json,datasets/data/calgary/dataset.json,83a3c9348bc6c40af11956faf339f4c6287ef14cdb7d5479a8a0a4f84f2b19c7,true,117a00c6af3e1c57f20013a8f1b468158f70634f685a348bedb7e4069cdd576a,5.532780979531252,93695,raw,raw,default,,1,ok,,3,3,93695,1.0,0.0,0.0,8.0,0.0,0.0002822909882524982,0.0002768740087049082,331.90928474200354,338.4030174528226,0.00028631400000023177,0.000280138000000818,,true,true,117a00c6af3e1c57f20013a8f1b468158f70634f685a348bedb7e4069cdd576a,117a00c6af3e1c57f20013a8f1b468158f70634f685a348bedb7e4069cdd576a,,,,,,,,,,,,,,,,,,,,"[""stdlib:shutil.copyfile""]",{}
mathzip-benchmark-results-v1,20260724T134555Z-8b4c06c2,quick,calgary_files,datasets/data/calgary/trans,trans,Upstream files retain their original terms; see dataset manifest,datasets/manifests/calgary.json,datasets/data/calgary/dataset.json,83a3c9348bc6c40af11956faf339f4c6287ef14cdb7d5479a8a0a4f84f2b19c7,true,117a00c6af3e1c57f20013a8f1b468158f70634f685a348bedb7e4069cdd576a,5.532780979531252,93695,gzip-fast,gzip,fast,,1,ok,,3,3,23960,3.910475792988314,0.7442766422968141,74.42766422968141,2.045786861625487,0.0,0.004397165990667418,0.0034828959906008095,21.308042543506218,26.901463682192055,0.0037779999999969505,0.002853999999999246,348160.0,true,true,a69a4811bd67a276ee1724fdbbe7d41a1f192d60bdec945ac182f36f5eb11a33,117a00c6af3e1c57f20013a8f1b468158f70634f685a348bedb7e4069cdd576a,,,,,,,,,,,,,,,,,,,,"[""'<external>/gzip' -d -c '<work>/archive.gz'"",""'<external>/gzip' -n -c -1 '<repo>/datasets/data/calgary/trans'""]",{}
mathzip-benchmark-results-v1,20260724T134555Z-8b4c06c2,quick,calgary_files,datasets/data/calgary/trans,trans,Upstream files retain their original terms; see dataset manifest,datasets/manifests/calgary.json,datasets/data/calgary/dataset.json,83a3c9348bc6c40af11956faf339f4c6287ef14cdb7d5479a8a0a4f84f2b19c7,true,117a00c6af3e1c57f20013a8f1b468158f70634f685a348bedb7e4069cdd576a,5.532780979531252,93695,bzip2-fast,bzip2,fast,,1,ok,,3,3,17899,5.234649980445835,0.8089652596189765,80.89652596189765,1.5282779230481882,0.0,0.013900771999033168,0.006619779989705421,6.740273130623012,14.153793652614944,0.013238000000001193,0.005888999999996258,2359296.0,true,true,297b1b4c748475441074b0a9ca3416dc651f0453960a2f6253f6d6cbc206f381,117a00c6af3e1c57f20013a8f1b468158f70634f685a348bedb7e4069cdd576a,,,,,,,,,,,,,,,,,,,,"[""'<external>/bzip2' -c -1"",""'<external>/bzip2' -d -c '<work>/archive.bz2'""]",{}
mathzip-benchmark-results-v1,20260724T134555Z-8b4c06c2,quick,calgary_files,datasets/data/calgary/trans,trans,Upstream files retain their original terms; see dataset manifest,datasets/manifests/calgary.json,datasets/data/calgary/dataset.json,83a3c9348bc6c40af11956faf339f4c6287ef14cdb7d5479a8a0a4f84f2b19c7,true,117a00c6af3e1c57f20013a8f1b468158f70634f685a348bedb7e4069cdd576a,5.532780979531252,93695,xz-fast,xz,fast,,1,ok,,3,3,18216,5.143555116381203,0.8055819414056247,80.55819414056246,1.5553444687550029,0.0,0.015536481005256064,0.005383365001762286,6.030644903971662,17.404541577494417,0.01457399999999609,0.004054999999993925,4829184.0,true,true,57c27e8c28651a661dd6994f32e5f5ad84cf8c05472e7da9b8a5447330573bfc,117a00c6af3e1c57f20013a8f1b468158f70634f685a348bedb7e4069cdd576a,,,,,,,,,,,,,,,,,,,,"[""'<external>/xz' -c --threads=1 -1 '<repo>/datasets/data/calgary/trans'"",""'<external>/xz' -d -c --threads=1 '<work>/archive.xz'""]",{}
mathzip-benchmark-results-v1,20260724T134555Z-8b4c06c2,quick,calgary_files,datasets/data/calgary/trans,trans,Upstream files retain their original terms; see dataset manifest,datasets/manifests/calgary.json,datasets/data/calgary/dataset.json,83a3c9348bc6c40af11956faf339f4c6287ef14cdb7d5479a8a0a4f84f2b19c7,true,117a00c6af3e1c57f20013a8f1b468158f70634f685a348bedb7e4069cdd576a,5.532780979531252,93695,zstd-fast,zstd,fast,,1,ok,,3,3,21879,4.282416929475753,0.7664870057100166,76.64870057100165,1.8681039543198676,0.0,0.004776286004926078,0.004362791005405597,19.61670634952902,21.47593132100753,0.004330000000010159,0.003973000000002003,380928.0,true,true,c8223f27af76fd3e4c3c7e19fd46c2775104887df9618224c4f3e415fe2dc579,117a00c6af3e1c57f20013a8f1b468158f70634f685a348bedb7e4069cdd576a,,,,,,,,,,,,,,,,,,,,"[""'<external>/zstd' -q -d -c '<work>/archive.zst'"",""'<external>/zstd' -q -f -T1 -1 -c '<repo>/datasets/data/calgary/trans'""]",{}
mathzip-benchmark-results-v1,20260724T134555Z-8b4c06c2,quick,calgary_files,datasets/data/calgary/trans,trans,Upstream files retain their original terms; see dataset manifest,datasets/manifests/calgary.json,datasets/data/calgary/dataset.json,83a3c9348bc6c40af11956faf339f4c6287ef14cdb7d5479a8a0a4f84f2b19c7,true,117a00c6af3e1c57f20013a8f1b468158f70634f685a348bedb7e4069cdd576a,5.532780979531252,93695,lz4-fast,lz4,fast,,1,ok,,3,3,30055,3.1174513392114456,0.6792251454186455,67.92251454186456,2.5661988366508353,0.0,0.003095584994298406,0.0029905159899499267,30.26730009758151,31.330713600888934,0.0025430000000028485,0.002443999999997004,466944.0,true,true,4891fbb10c10bcf573902f41a81fa4d2a9d9ce68f099e9216fc81726713d15af,117a00c6af3e1c57f20013a8f1b468158f70634f685a348bedb7e4069cdd576a,,,,,,,,,,,,,,,,,,,,"[""'<tmp>/mathzip-toolpkgs.cQThTC/extracted/usr/bin/lz4' -q -d -f '<work>/archive.lz4' '<work>/restored.bin'"",""'<tmp>/mathzip-toolpkgs.cQThTC/extracted/usr/bin/lz4' -q -f -1 '<repo>/datasets/data/calgary/trans' '<work>/archive.lz4'""]",{}
mathzip-benchmark-results-v1,20260724T134555Z-8b4c06c2,quick,calgary_files,datasets/data/calgary/trans,trans,Upstream files retain their original terms; see dataset manifest,datasets/manifests/calgary.json,datasets/data/calgary/dataset.json,83a3c9348bc6c40af11956faf339f4c6287ef14cdb7d5479a8a0a4f84f2b19c7,true,117a00c6af3e1c57f20013a8f1b468158f70634f685a348bedb7e4069cdd576a,5.532780979531252,93695,brotli-fast,brotli,fast,,1,ok,,3,3,19415,4.825907803244914,0.7927851005923475,79.27851005923475,1.65771919526122,0.0,0.008290917001431808,0.004017013998236507,11.300921235108161,23.32453908329238,0.006258000000002539,0.003306000000009135,356352.0,true,true,6d3037a150b9a6c7e423793b6082f85c811a42ec35217dd7c3c74bcfeda64a78,117a00c6af3e1c57f20013a8f1b468158f70634f685a348bedb7e4069cdd576a,,,,,,,,,,,,,,,,,,,,"[""'<tmp>/mathzip-toolpkgs.cQThTC/extracted/usr/bin/brotli' -f -d -o '<work>/restored.bin' '<work>/archive.br'"",""'<tmp>/mathzip-toolpkgs.cQThTC/extracted/usr/bin/brotli' -f -q 4 -o '<work>/archive.br' '<repo>/datasets/data/calgary/trans'""]",{}
mathzip-benchmark-results-v1,20260724T134555Z-8b4c06c2,quick,calgary_files,datasets/data/calgary/trans,trans,Upstream files retain their original terms; see dataset manifest,datasets/manifests/calgary.json,datasets/data/calgary/dataset.json,83a3c9348bc6c40af11956faf339f4c6287ef14cdb7d5479a8a0a4f84f2b19c7,true,117a00c6af3e1c57f20013a8f1b468158f70634f685a348bedb7e4069cdd576a,5.532780979531252,93695,7z-fast,7z,fast,,1,ok,,3,3,18191,5.150623934912869,0.8058487646085704,80.58487646085703,1.5532098831314372,0.0,0.015652437999960966,0.008682996005518362,5.985968447869505,10.790630323963457,0.014759999999995443,0.008025000000003502,7864320.0,true,true,2d4d4f2f47b37cca91cc38ab997a9bf7fa0fea0869c0edb2baeda3bd4b8bb2fd,117a00c6af3e1c57f20013a8f1b468158f70634f685a348bedb7e4069cdd576a,,,,,,,,,,,,,,,,,,,,"[""'<tmp>/mathzip-toolpkgs.cQThTC/extracted/usr/lib/7zip/7z' a -y -bd -bso0 -bsp0 -t7z -m0=lzma2 -mx=1 -mmt=1 '<work>/archive.7z' '<repo>/datasets/data/calgary/trans'"",""'<tmp>/mathzip-toolpkgs.cQThTC/extracted/usr/lib/7zip/7z' e -so -bd -mmt=1 '<work>/archive.7z'""]",{}
mathzip-benchmark-results-v1,20260724T134555Z-8b4c06c2,quick,calgary_combined,datasets/data/calgary/combined.bin,combined.bin,Upstream files retain their original terms; see dataset manifest,datasets/manifests/calgary.json,datasets/data/calgary/dataset.json,83a3c9348bc6c40af11956faf339f4c6287ef14cdb7d5479a8a0a4f84f2b19c7,true,3a1586fb28c0d9b767e561b604092ce73336cd3eedc5df0f29c9db1a63f0f124,5.3634917945462295,3141622,mathzip-fast,mathzip,fast,,1,ok,,3,3,2455746,1.2792943569896886,0.21831907212261692,21.83190721226169,6.253447423019065,0.0,2.2434844960080227,0.08821627500583418,1.4003314957558617,35.612725653993316,2.2410850000000124,0.0874730000000028,23515136.0,true,true,147ed8b8fb4716a509395e1b4ac7837c9ebb11127e93f344c8a713bfd9a5f9d8,3a1586fb28c0d9b767e561b604092ce73336cd3eedc5df0f29c9db1a63f0f124,"[{""type"":""identity""}]",192,16362.614583333334,16384.0,"{""raw"":177,""recurrence"":15}","{""bit_pack"":135,""raw"":14,""sparse"":7,""zero_run"":36}",57,6912,2448657,120,92.17728931106288,7.301196643007975,5.463961286008807,2448657,15,0,0.217593482,0.036698764,1.963816162,"[""'<repo>/target/release/mathzip' compress --mode fast --max-input-bytes 8589934592 --no-sync --force '<repo>/datasets/data/calgary/combined.bin' '<work>/archive.mz'"",""'<repo>/target/release/mathzip' compress --mode fast --max-input-bytes 8589934592 --no-sync --force --metrics-output '<work>/metrics-probe.mz.metrics.json' '<repo>/datasets/data/calgary/combined.bin' '<work>/metrics-probe.mz'"",""'<repo>/target/release/mathzip' decompress --max-archive-bytes 17179869184 --max-output-bytes 8589934592 --max-segments 8388608 --no-sync --force '<work>/archive.mz' '<work>/restored.bin'""]",{}
mathzip-benchmark-results-v1,20260724T134555Z-8b4c06c2,quick,calgary_combined,datasets/data/calgary/combined.bin,combined.bin,Upstream files retain their original terms; see dataset manifest,datasets/manifests/calgary.json,datasets/data/calgary/dataset.json,83a3c9348bc6c40af11956faf339f4c6287ef14cdb7d5479a8a0a4f84f2b19c7,true,3a1586fb28c0d9b767e561b604092ce73336cd3eedc5df0f29c9db1a63f0f124,5.3634917945462295,3141622,raw,raw,default,,1,ok,,3,3,3141622,1.0,0.0,0.0,8.0,0.0,0.0027415639924583957,0.0028588159912033007,1145.923279063374,1098.9241733874812,0.002745509000000368,0.0028622350000020447,,true,true,3a1586fb28c0d9b767e561b604092ce73336cd3eedc5df0f29c9db1a63f0f124,3a1586fb28c0d9b767e561b604092ce73336cd3eedc5df0f29c9db1a63f0f124,,,,,,,,,,,,,,,,,,,,"[""stdlib:shutil.copyfile""]",{}
mathzip-benchmark-results-v1,20260724T134555Z-8b4c06c2,quick,calgary_combined,datasets/data/calgary/combined.bin,combined.bin,Upstream files retain their original terms; see dataset manifest,datasets/manifests/calgary.json,datasets/data/calgary/dataset.json,83a3c9348bc6c40af11956faf339f4c6287ef14cdb7d5479a8a0a4f84f2b19c7,true,3a1586fb28c0d9b767e561b604092ce73336cd3eedc5df0f29c9db1a63f0f124,5.3634917945462295,3141622,gzip-fast,gzip,fast,,1,ok,,3,3,1196883,2.6248363457413966,0.6190238672889354,61.902386728893546,3.0478090616885165,0.0,0.07012762199155986,0.03652647499984596,44.79863869301182,86.00944931076017,0.06862499999999727,0.0357360000000142,1970176.0,true,true,000181f73dde27e95ea5722a48719ec0f21964c1051ccbbe5d4dadba078b2930,3a1586fb28c0d9b767e561b604092ce73336cd3eedc5df0f29c9db1a63f0f124,,,,,,,,,,,,,,,,,,,,"[""'<external>/gzip' -d -c '<work>/archive.gz'"",""'<external>/gzip' -n -c -1 '<repo>/datasets/data/calgary/combined.bin'""]",{}
mathzip-benchmark-results-v1,20260724T134555Z-8b4c06c2,quick,calgary_combined,datasets/data/calgary/combined.bin,combined.bin,Upstream files retain their original terms; see dataset manifest,datasets/manifests/calgary.json,datasets/data/calgary/dataset.json,83a3c9348bc6c40af11956faf339f4c6287ef14cdb7d5479a8a0a4f84f2b19c7,true,3a1586fb28c0d9b767e561b604092ce73336cd3eedc5df0f29c9db1a63f0f124,5.3634917945462295,3141622,bzip2-fast,bzip2,fast,,1,ok,,3,3,924922,3.3966345270195757,0.7055909336005414,70.55909336005413,2.355272531195669,0.0,0.2990468580101151,0.1453504230012186,10.505450620363101,21.614123544543528,0.29807599999998047,0.14260399999999152,2457600.0,true,true,0f7e7567bc05f20e3daa0f114fff4289813f47ef2302b135018093c945f87c8f,3a1586fb28c0d9b767e561b604092ce73336cd3eedc5df0f29c9db1a63f0f124,,,,,,,,,,,,,,,,,,,,"[""'<external>/bzip2' -c -1"",""'<external>/bzip2' -d -c '<work>/archive.bz2'""]",{}
mathzip-benchmark-results-v1,20260724T134555Z-8b4c06c2,quick,calgary_combined,datasets/data/calgary/combined.bin,combined.bin,Upstream files retain their original terms; see dataset manifest,datasets/manifests/calgary.json,datasets/data/calgary/dataset.json,83a3c9348bc6c40af11956faf339f4c6287ef14cdb7d5479a8a0a4f84f2b19c7,true,3a1586fb28c0d9b767e561b604092ce73336cd3eedc5df0f29c9db1a63f0f124,5.3634917945462295,3141622,xz-fast,xz,fast,,1,ok,,3,3,940132,3.3416818063846354,0.7007494854568754,70.07494854568755,2.394004116344996,0.0,0.40266522800084203,0.08725906300242059,7.802069266317255,36.00338912546941,0.3995819999999952,0.08475900000001957,10850304.0,true,true,edddaae678770bf6eab670385f25c75ee2cc319ebd0c63bc48b950e272de4cfd,3a1586fb28c0d9b767e561b604092ce73336cd3eedc5df0f29c9db1a63f0f124,,,,,,,,,,,,,,,,,,,,"[""'<external>/xz' -c --threads=1 -1 '<repo>/datasets/data/calgary/combined.bin'"",""'<external>/xz' -d -c --threads=1 '<work>/archive.xz'""]",{}
mathzip-benchmark-results-v1,20260724T134555Z-8b4c06c2,quick,calgary_combined,datasets/data/calgary/combined.bin,combined.bin,Upstream files retain their original terms; see dataset manifest,datasets/manifests/calgary.json,datasets/data/calgary/dataset.json,83a3c9348bc6c40af11956faf339f4c6287ef14cdb7d5479a8a0a4f84f2b19c7,true,3a1586fb28c0d9b767e561b604092ce73336cd3eedc5df0f29c9db1a63f0f124,5.3634917945462295,3141622,zstd-fast,zstd,fast,,1,ok,,3,3,1136806,2.763551564646914,0.6381467916891339,63.81467916891339,2.894825666486929,0.0,0.03786307599511929,0.017039970989571884,82.97323757861005,184.36780214723422,0.03622899999999163,0.017766999999992095,7966720.0,true,true,d9c620f588dd8767ffff393fb60b3ceace74350e5e13adb2123044911f11764f,3a1586fb28c0d9b767e561b604092ce73336cd3eedc5df0f29c9db1a63f0f124,,,,,,,,,,,,,,,,,,,,"[""'<external>/zstd' -q -d -c '<work>/archive.zst'"",""'<external>/zstd' -q -f -T1 -1 -c '<repo>/datasets/data/calgary/combined.bin'""]",{}
mathzip-benchmark-results-v1,20260724T134555Z-8b4c06c2,quick,calgary_combined,datasets/data/calgary/combined.bin,combined.bin,Upstream files retain their original terms; see dataset manifest,datasets/manifests/calgary.json,datasets/data/calgary/dataset.json,83a3c9348bc6c40af11956faf339f4c6287ef14cdb7d5479a8a0a4f84f2b19c7,true,3a1586fb28c0d9b767e561b604092ce73336cd3eedc5df0f29c9db1a63f0f124,5.3634917945462295,3141622,lz4-fast,lz4,fast,,1,ok,,3,3,1622118,1.9367407303291129,0.4836686272250449,48.366862722504486,4.130650982199641,0.0,0.02799966200836934,0.017542743997182697,112.20214012086795,179.08384232845975,0.02711200000001668,0.016604999999998427,6545408.0,true,true,9f241ae2e447ec40cc050f8d1341ffa5e80e30da9151d3ecb35cae1ce454e605,3a1586fb28c0d9b767e561b604092ce73336cd3eedc5df0f29c9db1a63f0f124,,,,,,,,,,,,,,,,,,,,"[""'<tmp>/mathzip-toolpkgs.cQThTC/extracted/usr/bin/lz4' -q -d -f '<work>/archive.lz4' '<work>/restored.bin'"",""'<tmp>/mathzip-toolpkgs.cQThTC/extracted/usr/bin/lz4' -q -f -1 '<repo>/datasets/data/calgary/combined.bin' '<work>/archive.lz4'""]",{}
mathzip-benchmark-results-v1,20260724T134555Z-8b4c06c2,quick,calgary_combined,datasets/data/calgary/combined.bin,combined.bin,Upstream files retain their original terms; see dataset manifest,datasets/manifests/calgary.json,datasets/data/calgary/dataset.json,83a3c9348bc6c40af11956faf339f4c6287ef14cdb7d5479a8a0a4f84f2b19c7,true,3a1586fb28c0d9b767e561b604092ce73336cd3eedc5df0f29c9db1a63f0f124,5.3634917945462295,3141622,brotli-fast,brotli,fast,,1,ok,,3,3,990929,3.170380521712454,0.6845804492074476,68.45804492074477,2.5233564063404192,0.0,0.13912984800117556,0.02513008400273975,22.580503358082122,125.01438513526226,0.13731500000000096,0.023882999999997878,14520320.0,true,true,152e5efb2d14ab3815a7b5e5292f8b7b1e8f2287c57be372ef387e3679500968,3a1586fb28c0d9b767e561b604092ce73336cd3eedc5df0f29c9db1a63f0f124,,,,,,,,,,,,,,,,,,,,"[""'<tmp>/mathzip-toolpkgs.cQThTC/extracted/usr/bin/brotli' -f -d -o '<work>/restored.bin' '<work>/archive.br'"",""'<tmp>/mathzip-toolpkgs.cQThTC/extracted/usr/bin/brotli' -f -q 4 -o '<work>/archive.br' '<repo>/datasets/data/calgary/combined.bin'""]",{}
mathzip-benchmark-results-v1,20260724T134555Z-8b4c06c2,quick,calgary_combined,datasets/data/calgary/combined.bin,combined.bin,Upstream files retain their original terms; see dataset manifest,datasets/manifests/calgary.json,datasets/data/calgary/dataset.json,83a3c9348bc6c40af11956faf339f4c6287ef14cdb7d5479a8a0a4f84f2b19c7,true,3a1586fb28c0d9b767e561b604092ce73336cd3eedc5df0f29c9db1a63f0f124,5.3634917945462295,3141622,7z-fast,7z,fast,,1,ok,,3,3,919765,3.4156790049632244,0.7072324423498435,70.72324423498435,2.342140461201252,0.0,0.25999097600288223,0.07653728900186252,12.083580931536533,41.04694640965855,0.2587159999999926,0.0755630000000167,11718656.0,true,true,36561004fdfbdbf37e15a40d1b8b8113fdd8fdaa78166b0a5a0428241bd5a236,3a1586fb28c0d9b767e561b604092ce73336cd3eedc5df0f29c9db1a63f0f124,,,,,,,,,,,,,,,,,,,,"[""'<tmp>/mathzip-toolpkgs.cQThTC/extracted/usr/lib/7zip/7z' a -y -bd -bso0 -bsp0 -t7z -m0=lzma2 -mx=1 -mmt=1 '<work>/archive.7z' '<repo>/datasets/data/calgary/combined.bin'"",""'<tmp>/mathzip-toolpkgs.cQThTC/extracted/usr/lib/7zip/7z' e -so -bd -mmt=1 '<work>/archive.7z'""]",{}
mathzip-benchmark-results-v1,20260724T134555Z-8b4c06c2,quick,silesia_quick_subset,datasets/data/silesia/dickens,dickens,Per-file upstream terms; see Silesia provenance,datasets/manifests/silesia.json,datasets/data/silesia/dataset.json,7b9daf7c42ff8dff9effce4fef13077fe99c06d23a7969f92fbeec67c7701f30,true,b24c37886142e11d0ee687db6ab06f936207aa7f2ea1fd1d9a36763c7a507e6a,4.532332261326248,10192446,mathzip-fast,mathzip,fast,,1,ok,,3,3,8951797,1.138592173169253,0.12172240108017252,12.172240108017252,7.02622079135862,0.0,8.153819737010053,0.31661007000366226,1.2500210120830433,32.19242521212956,8.145846000000006,0.3153949999999952,73699328.0,true,true,7545edd53009fbd40b4c6cf36d12e70a79d743e72359f9efa6c2e47123b02e29,b24c37886142e11d0ee687db6ab06f936207aa7f2ea1fd1d9a36763c7a507e6a,"[{""type"":""identity""}]",623,16360.266452648475,16384.0,"{""raw"":623}","{""bit_pack"":618,""raw"":5}",0,22428,8929249,120,100.0,0.8037324897281771,4.532332261326248,8929249,0,0,0.754191013,0.107196181,7.221048711,"[""'<repo>/target/release/mathzip' compress --mode fast --max-input-bytes 8589934592 --no-sync --force '<repo>/datasets/data/silesia/dickens' '<work>/archive.mz'"",""'<repo>/target/release/mathzip' compress --mode fast --max-input-bytes 8589934592 --no-sync --force --metrics-output '<work>/metrics-probe.mz.metrics.json' '<repo>/datasets/data/silesia/dickens' '<work>/metrics-probe.mz'"",""'<repo>/target/release/mathzip' decompress --max-archive-bytes 17179869184 --max-output-bytes 8589934592 --max-segments 8388608 --no-sync --force '<work>/archive.mz' '<work>/restored.bin'""]",{}
mathzip-benchmark-results-v1,20260724T134555Z-8b4c06c2,quick,silesia_quick_subset,datasets/data/silesia/dickens,dickens,Per-file upstream terms; see Silesia provenance,datasets/manifests/silesia.json,datasets/data/silesia/dataset.json,7b9daf7c42ff8dff9effce4fef13077fe99c06d23a7969f92fbeec67c7701f30,true,b24c37886142e11d0ee687db6ab06f936207aa7f2ea1fd1d9a36763c7a507e6a,4.532332261326248,10192446,raw,raw,default,,1,ok,,3,3,10192446,1.0,0.0,0.0,8.0,0.0,0.009677501002443023,0.009643340003094636,1053.210534147915,1056.941474295125,0.009682546000000514,0.009646960000001314,,true,true,b24c37886142e11d0ee687db6ab06f936207aa7f2ea1fd1d9a36763c7a507e6a,b24c37886142e11d0ee687db6ab06f936207aa7f2ea1fd1d9a36763c7a507e6a,,,,,,,,,,,,,,,,,,,,"[""stdlib:shutil.copyfile""]",{}
mathzip-benchmark-results-v1,20260724T134555Z-8b4c06c2,quick,silesia_quick_subset,datasets/data/silesia/dickens,dickens,Per-file upstream terms; see Silesia provenance,datasets/manifests/silesia.json,datasets/data/silesia/dataset.json,7b9daf7c42ff8dff9effce4fef13077fe99c06d23a7969f92fbeec67c7701f30,true,b24c37886142e11d0ee687db6ab06f936207aa7f2ea1fd1d9a36763c7a507e6a,4.532332261326248,10192446,gzip-fast,gzip,fast,,1,ok,,3,3,4582034,2.2244370076695197,0.5504480475049855,55.04480475049856,3.5964156199601156,0.0,0.24119000899372622,0.12033256600261666,42.25898926130528,84.70230743503271,0.23856000000000677,0.11954000000000065,1970176.0,true,true,45239d5ec60732ece47095c983172e71c9cffc4f3764752648b990a833174ff0,b24c37886142e11d0ee687db6ab06f936207aa7f2ea1fd1d9a36763c7a507e6a,,,,,,,,,,,,,,,,,,,,"[""'<external>/gzip' -d -c '<work>/archive.gz'"",""'<external>/gzip' -n -c -1 '<repo>/datasets/data/silesia/dickens'""]",{}
mathzip-benchmark-results-v1,20260724T134555Z-8b4c06c2,quick,silesia_quick_subset,datasets/data/silesia/dickens,dickens,Per-file upstream terms; see Silesia provenance,datasets/manifests/silesia.json,datasets/data/silesia/dataset.json,7b9daf7c42ff8dff9effce4fef13077fe99c06d23a7969f92fbeec67c7701f30,true,b24c37886142e11d0ee687db6ab06f936207aa7f2ea1fd1d9a36763c7a507e6a,4.532332261326248,10192446,bzip2-fast,bzip2,fast,,1,ok,,3,3,3302765,3.0860342773403495,0.6759595292435201,67.595952924352,2.592323766051839,0.0,1.0838016539928503,0.5408372550009517,9.404346231111434,18.84568029615871,1.0822860000000105,0.5344300000000146,2457600.0,true,true,b7bff4adefbe1361f88837c9f13fe15045406bd6f90d48c291eb9ad686fd4a5f,b24c37886142e11d0ee687db6ab06f936207aa7f2ea1fd1d9a36763c7a507e6a,,,,,,,,,,,,,,,,,,,,"[""'<external>/bzip2' -c -1"",""'<external>/bzip2' -d -c '<work>/archive.bz2'""]",{}
mathzip-benchmark-results-v1,20260724T134555Z-8b4c06c2,quick,silesia_quick_subset,datasets/data/silesia/dickens,dickens,Per-file upstream terms; see Silesia provenance,datasets/manifests/silesia.json,datasets/data/silesia/dataset.json,7b9daf7c42ff8dff9effce4fef13077fe99c06d23a7969f92fbeec67c7701f30,true,b24c37886142e11d0ee687db6ab06f936207aa7f2ea1fd1d9a36763c7a507e6a,4.532332261326248,10192446,xz-fast,xz,fast,,1,ok,,3,3,3662084,2.7832365396315324,0.640706068003696,64.0706068003696,2.8743514559704315,0.0,1.55270601400116,0.2910891359933885,6.564311536177502,35.01486225247342,1.550165000000021,0.28760800000000586,10854400.0,true,true,27970c05d43716b73ffdb6d2ffe5fbdb4c69884e54b1406aacf957e1abac1d5d,b24c37886142e11d0ee687db6ab06f936207aa7f2ea1fd1d9a36763c7a507e6a,,,,,,,,,,,,,,,,,,,,"[""'<external>/xz' -c --threads=1 -1 '<repo>/datasets/data/silesia/dickens'"",""'<external>/xz' -d -c --threads=1 '<work>/archive.xz'""]",{}
mathzip-benchmark-results-v1,20260724T134555Z-8b4c06c2,quick,silesia_quick_subset,datasets/data/silesia/dickens,dickens,Per-file upstream terms; see Silesia provenance,datasets/manifests/silesia.json,datasets/data/silesia/dataset.json,7b9daf7c42ff8dff9effce4fef13077fe99c06d23a7969f92fbeec67c7701f30,true,b24c37886142e11d0ee687db6ab06f936207aa7f2ea1fd1d9a36763c7a507e6a,4.532332261326248,10192446,zstd-fast,zstd,fast,,1,ok,,3,3,4262734,2.3910584146231035,0.5817751695716612,58.17751695716612,3.3457986434267104,0.0,0.09235877401079051,0.030401081996387802,110.35709502606856,335.26589616813794,0.11365000000000691,0.04136600000001067,14168064.0,true,true,870439a968e672dff9905b3256ecd2213a16bec81afe46cac561bd3d8e6caed5,b24c37886142e11d0ee687db6ab06f936207aa7f2ea1fd1d9a36763c7a507e6a,,,,,,,,,,,,,,,,,,,,"[""'<external>/zstd' -q -d -c '<work>/archive.zst'"",""'<external>/zstd' -q -f -T1 -1 -c '<repo>/datasets/data/silesia/dickens'""]",{}
mathzip-benchmark-results-v1,20260724T134555Z-8b4c06c2,quick,silesia_quick_subset,datasets/data/silesia/dickens,dickens,Per-file upstream terms; see Silesia provenance,datasets/manifests/silesia.json,datasets/data/silesia/dataset.json,7b9daf7c42ff8dff9effce4fef13077fe99c06d23a7969f92fbeec67c7701f30,true,b24c37886142e11d0ee687db6ab06f936207aa7f2ea1fd1d9a36763c7a507e6a,4.532332261326248,10192446,lz4-fast,lz4,fast,,1,ok,,3,3,6431133,1.584860086084365,0.3690294753585155,36.90294753585155,5.047764197131876,0.0,0.06482187799701933,0.03706045499711763,157.23774618915968,275.0221496415172,0.0639799999999866,0.036011000000002014,8630272.0,true,true,b0f9ada76d2d200f51222c6e17bd0918b475da04c87484b4195dc1f37ab90931,b24c37886142e11d0ee687db6ab06f936207aa7f2ea1fd1d9a36763c7a507e6a,,,,,,,,,,,,,,,,,,,,"[""'<tmp>/mathzip-toolpkgs.cQThTC/extracted/usr/bin/lz4' -q -d -f '<work>/archive.lz4' '<work>/restored.bin'"",""'<tmp>/mathzip-toolpkgs.cQThTC/extracted/usr/bin/lz4' -q -f -1 '<repo>/datasets/data/silesia/dickens' '<work>/archive.lz4'""]",{}
mathzip-benchmark-results-v1,20260724T134555Z-8b4c06c2,quick,silesia_quick_subset,datasets/data/silesia/dickens,dickens,Per-file upstream terms; see Silesia provenance,datasets/manifests/silesia.json,datasets/data/silesia/dataset.json,7b9daf7c42ff8dff9effce4fef13077fe99c06d23a7969f92fbeec67c7701f30,true,b24c37886142e11d0ee687db6ab06f936207aa7f2ea1fd1d9a36763c7a507e6a,4.532332261326248,10192446,brotli-fast,brotli,fast,,1,ok,,3,3,3438421,2.964280988279213,0.6626500645674257,66.26500645674257,2.6987994834605944,0.0,1.1616634129895829,0.07215853400703054,8.774009653768273,141.2507354848275,1.1603110000000072,0.07130599999999276,44544000.0,true,true,b1a8c29bdfd9bcf1b8c82ef686bfa49684fc533d9ec6c83917221de9b7338ae0,b24c37886142e11d0ee687db6ab06f936207aa7f2ea1fd1d9a36763c7a507e6a,,,,,,,,,,,,,,,,,,,,"[""'<tmp>/mathzip-toolpkgs.cQThTC/extracted/usr/bin/brotli' -f -d -o '<work>/restored.bin' '<work>/archive.br'"",""'<tmp>/mathzip-toolpkgs.cQThTC/extracted/usr/bin/brotli' -f -q 4 -o '<work>/archive.br' '<repo>/datasets/data/silesia/dickens'""]",{}
mathzip-benchmark-results-v1,20260724T134555Z-8b4c06c2,quick,silesia_quick_subset,datasets/data/silesia/dickens,dickens,Per-file upstream terms; see Silesia provenance,datasets/manifests/silesia.json,datasets/data/silesia/dataset.json,7b9daf7c42ff8dff9effce4fef13077fe99c06d23a7969f92fbeec67c7701f30,true,b24c37886142e11d0ee687db6ab06f936207aa7f2ea1fd1d9a36763c7a507e6a,4.532332261326248,10192446,7z-fast,7z,fast,,1,ok,,3,3,3508145,2.9053662263104862,0.6558093121121269,65.58093121121269,2.7535255031029844,0.0,1.0499658530025044,0.2391657680127537,9.707407122673054,42.61665908415656,1.0486789999999644,0.23801800000001094,11808768.0,true,true,4ab64dfbf0532388e32b7f710a2d9cd21a42a60ee07a1ad70989df366d331655,b24c37886142e11d0ee687db6ab06f936207aa7f2ea1fd1d9a36763c7a507e6a,,,,,,,,,,,,,,,,,,,,"[""'<tmp>/mathzip-toolpkgs.cQThTC/extracted/usr/lib/7zip/7z' a -y -bd -bso0 -bsp0 -t7z -m0=lzma2 -mx=1 -mmt=1 '<work>/archive.7z' '<repo>/datasets/data/silesia/dickens'"",""'<tmp>/mathzip-toolpkgs.cQThTC/extracted/usr/lib/7zip/7z' e -so -bd -mmt=1 '<work>/archive.7z'""]",{}
mathzip-benchmark-results-v1,20260724T134555Z-8b4c06c2,quick,silesia_quick_subset,datasets/data/silesia/mozilla,mozilla,Per-file upstream terms; see Silesia provenance,datasets/manifests/silesia.json,datasets/data/silesia/dataset.json,7b9daf7c42ff8dff9effce4fef13077fe99c06d23a7969f92fbeec67c7701f30,true,657fc3764b0c75ac9de9623125705831ebbfbe08fed248df73bc2dc66e2a963b,6.222428869049127,51220480,mathzip-fast,mathzip,fast,,1,ok,,3,3,45185547,1.1335589231662948,0.11782265609381248,11.782265609381248,7.0574187512495,0.0,29.2012874980137,1.062867570988601,1.7540486871849084,48.19083900768417,29.182675999999958,1.0609650000000101,344739840.0,true,true,ee4a876bfb1943884f15db1c7ee52725b548e10585994ed33aad4b05cbcfc30f,657fc3764b0c75ac9de9623125705831ebbfbe08fed248df73bc2dc66e2a963b,"[{""type"":""identity""}]",3127,16380.070354972817,16384.0,"{""constant"":4,""periodic"":144,""raw"":2728,""recurrence"":251}","{""bit_pack"":185,""raw"":1516,""sparse"":42,""zero_run"":1384}",2719,112572,45070136,120,87.23710515793682,48.49260295881648,6.321875020062975,45070136,399,0,4.162063028,0.577637581,24.281779276,"[""'<repo>/target/release/mathzip' compress --mode fast --max-input-bytes 8589934592 --no-sync --force '<repo>/datasets/data/silesia/mozilla' '<work>/archive.mz'"",""'<repo>/target/release/mathzip' compress --mode fast --max-input-bytes 8589934592 --no-sync --force --metrics-output '<work>/metrics-probe.mz.metrics.json' '<repo>/datasets/data/silesia/mozilla' '<work>/metrics-probe.mz'"",""'<repo>/target/release/mathzip' decompress --max-archive-bytes 17179869184 --max-output-bytes 8589934592 --max-segments 8388608 --no-sync --force '<work>/archive.mz' '<work>/restored.bin'""]",{}
mathzip-benchmark-results-v1,20260724T134555Z-8b4c06c2,quick,silesia_quick_subset,datasets/data/silesia/mozilla,mozilla,Per-file upstream terms; see Silesia provenance,datasets/manifests/silesia.json,datasets/data/silesia/dataset.json,7b9daf7c42ff8dff9effce4fef13077fe99c06d23a7969f92fbeec67c7701f30,true,657fc3764b0c75ac9de9623125705831ebbfbe08fed248df73bc2dc66e2a963b,6.222428869049127,51220480,raw,raw,default,,1,ok,,3,3,51220480,1.0,0.0,0.0,8.0,0.0,0.049282952008070424,0.04819654500170145,1039.3143655764025,1062.7417379854053,0.04870283300000011,0.048202900999996245,,true,true,657fc3764b0c75ac9de9623125705831ebbfbe08fed248df73bc2dc66e2a963b,657fc3764b0c75ac9de9623125705831ebbfbe08fed248df73bc2dc66e2a963b,,,,,,,,,,,,,,,,,,,,"[""stdlib:shutil.copyfile""]",{}
mathzip-benchmark-results-v1,20260724T134555Z-8b4c06c2,quick,silesia_quick_subset,datasets/data/silesia/mozilla,mozilla,Per-file upstream terms; see Silesia provenance,datasets/manifests/silesia.json,datasets/data/silesia/dataset.json,7b9daf7c42ff8dff9effce4fef13077fe99c06d23a7969f92fbeec67c7701f30,true,657fc3764b0c75ac9de9623125705831ebbfbe08fed248df73bc2dc66e2a963b,6.222428869049127,51220480,gzip-fast,gzip,fast,,1,ok,,3,3,20686601,2.476022039580113,0.5961263736692823,59.61263736692823,3.2309890106457417,0.0,1.1333849869988626,0.539789499991457,45.19248144942245,94.88973016483398,1.1318610000000149,0.5388379999999415,1966080.0,true,true,1867dcf54a0c1d66d1e8ef2c5909215a0b6a928f7cc79369a2371ed17b2249c7,657fc3764b0c75ac9de9623125705831ebbfbe08fed248df73bc2dc66e2a963b,,,,,,,,,,,,,,,,,,,,"[""'<external>/gzip' -d -c '<work>/archive.gz'"",""'<external>/gzip' -n -c -1 '<repo>/datasets/data/silesia/mozilla'""]",{}
mathzip-benchmark-results-v1,20260724T134555Z-8b4c06c2,quick,silesia_quick_subset,datasets/data/silesia/mozilla,mozilla,Per-file upstream terms; see Silesia provenance,datasets/manifests/silesia.json,datasets/data/silesia/dataset.json,7b9daf7c42ff8dff9effce4fef13077fe99c06d23a7969f92fbeec67c7701f30,true,657fc3764b0c75ac9de9623125705831ebbfbe08fed248df73bc2dc66e2a963b,6.222428869049127,51220480,bzip2-fast,bzip2,fast,,1,ok,,3,3,18670806,2.7433459487501506,0.6354816276614355,63.54816276614355,2.916146978708517,0.0,5.367512158001773,2.3446983820031164,9.542685417794834,21.845231946738267,5.365160000000003,2.342057000000068,2551808.0,true,true,8c60bb5fcbdf0d40e6d151bad26d484ed61a2979890ba83bb1716a6973595f12,657fc3764b0c75ac9de9623125705831ebbfbe08fed248df73bc2dc66e2a963b,,,,,,,,,,,,,,,,,,,,"[""'<external>/bzip2' -c -1"",""'<external>/bzip2' -d -c '<work>/archive.bz2'""]",{}
mathzip-benchmark-results-v1,20260724T134555Z-8b4c06c2,quick,silesia_quick_subset,datasets/data/silesia/mozilla,mozilla,Per-file upstream terms; see Silesia provenance,datasets/manifests/silesia.json,datasets/data/silesia/dataset.json,7b9daf7c42ff8dff9effce4fef13077fe99c06d23a7969f92fbeec67c7701f30,true,657fc3764b0c75ac9de9623125705831ebbfbe08fed248df73bc2dc66e2a963b,6.222428869049127,51220480,xz-fast,xz,fast,,1,ok,,3,3,15109144,3.390031890621997,0.7050175242403038,70.50175242403039,2.359859806077569,0.0,5.522300205993815,1.4644945339969127,9.275207447868574,34.97485228586588,5.51594799999998,1.4622269999999276,10850304.0,true,true,05eb6cf654fd0b0a62a2e33ad60f4628c2861f3292b3c8556968e0b754cd5786,657fc3764b0c75ac9de9623125705831ebbfbe08fed248df73bc2dc66e2a963b,,,,,,,,,,,,,,,,,,,,"[""'<external>/xz' -c --threads=1 -1 '<repo>/datasets/data/silesia/mozilla'"",""'<external>/xz' -d -c --threads=1 '<work>/archive.xz'""]",{}
mathzip-benchmark-results-v1,20260724T134555Z-8b4c06c2,quick,silesia_quick_subset,datasets/data/silesia/mozilla,mozilla,Per-file upstream terms; see Silesia provenance,datasets/manifests/silesia.json,datasets/data/silesia/dataset.json,7b9daf7c42ff8dff9effce4fef13077fe99c06d23a7969f92fbeec67c7701f30,true,657fc3764b0c75ac9de9623125705831ebbfbe08fed248df73bc2dc66e2a963b,6.222428869049127,51220480,zstd-fast,zstd,fast,,1,ok,,3,3,20119027,2.5458726209771476,0.6072073709578669,60.72073709578669,3.142341032337065,0.0,0.2972098359896336,0.10758845799136907,172.33776880044618,476.07783359167576,0.36897700000008626,0.17571900000001506,16072704.0,true,true,3ff5e793c17049302af37d189bd139559a513c444f96777e28c313d3bdf8a8db,657fc3764b0c75ac9de9623125705831ebbfbe08fed248df73bc2dc66e2a963b,,,,,,,,,,,,,,,,,,,,"[""'<external>/zstd' -q -d -c '<work>/archive.zst'"",""'<external>/zstd' -q -f -T1 -1 -c '<repo>/datasets/data/silesia/mozilla'""]",{}
mathzip-benchmark-results-v1,20260724T134555Z-8b4c06c2,quick,silesia_quick_subset,datasets/data/silesia/mozilla,mozilla,Per-file upstream terms; see Silesia provenance,datasets/manifests/silesia.json,datasets/data/silesia/dataset.json,7b9daf7c42ff8dff9effce4fef13077fe99c06d23a7969f92fbeec67c7701f30,true,657fc3764b0c75ac9de9623125705831ebbfbe08fed248df73bc2dc66e2a963b,6.222428869049127,51220480,lz4-fast,lz4,fast,,1,ok,,3,3,26441791,1.9371032771569823,0.48376526342587967,48.376526342587965,4.129877892592963,0.0,0.19180626100569498,0.12732977799896616,267.0427948046972,402.2663104023937,0.19074699999993072,0.1263569999999845,9433088.0,true,true,6cd3a409c9eda52e53f14bb7f0258b5555e38197cc1143a98bff9780d1e1d20f,657fc3764b0c75ac9de9623125705831ebbfbe08fed248df73bc2dc66e2a963b,,,,,,,,,,,,,,,,,,,,"[""'<tmp>/mathzip-toolpkgs.cQThTC/extracted/usr/bin/lz4' -q -d -f '<work>/archive.lz4' '<work>/restored.bin'"",""'<tmp>/mathzip-toolpkgs.cQThTC/extracted/usr/bin/lz4' -q -f -1 '<repo>/datasets/data/silesia/mozilla' '<work>/archive.lz4'""]",{}
mathzip-benchmark-results-v1,20260724T134555Z-8b4c06c2,quick,silesia_quick_subset,datasets/data/silesia/mozilla,mozilla,Per-file upstream terms; see Silesia provenance,datasets/manifests/silesia.json,datasets/data/silesia/dataset.json,7b9daf7c42ff8dff9effce4fef13077fe99c06d23a7969f92fbeec67c7701f30,true,657fc3764b0c75ac9de9623125705831ebbfbe08fed248df73bc2dc66e2a963b,6.222428869049127,51220480,brotli-fast,brotli,fast,,1,ok,,3,3,18039758,2.8393108155885463,0.6478018558201719,64.7801855820172,2.8175851534386247,0.0,2.1208597590011777,0.3206579029938439,24.150809492525035,159.73559211164476,2.118864999999971,0.3151259999999638,76210176.0,true,true,5ef37e5822699152e341c756ee42303e42efe9f22ad1e9104a57a7d42657ef3e,657fc3764b0c75ac9de9623125705831ebbfbe08fed248df73bc2dc66e2a963b,,,,,,,,,,,,,,,,,,,,"[""'<tmp>/mathzip-toolpkgs.cQThTC/extracted/usr/bin/brotli' -f -d -o '<work>/restored.bin' '<work>/archive.br'"",""'<tmp>/mathzip-toolpkgs.cQThTC/extracted/usr/bin/brotli' -f -q 4 -o '<work>/archive.br' '<repo>/datasets/data/silesia/mozilla'""]",{}
mathzip-benchmark-results-v1,20260724T134555Z-8b4c06c2,quick,silesia_quick_subset,datasets/data/silesia/mozilla,mozilla,Per-file upstream terms; see Silesia provenance,datasets/manifests/silesia.json,datasets/data/silesia/dataset.json,7b9daf7c42ff8dff9effce4fef13077fe99c06d23a7969f92fbeec67c7701f30,true,657fc3764b0c75ac9de9623125705831ebbfbe08fed248df73bc2dc66e2a963b,6.222428869049127,51220480,7z-fast,7z,fast,,1,ok,,3,3,15380917,3.330131747021325,0.6997115802116654,69.97115802116653,2.402307358306677,0.0,3.500492722989293,1.2549228229909204,14.632362942397316,40.81564145747518,3.4976559999999495,1.2536360000000286,11776000.0,true,true,8972887f511fee24a4afe2f27e4f0efbe73eace6ac33203998dbff3b73bce352,657fc3764b0c75ac9de9623125705831ebbfbe08fed248df73bc2dc66e2a963b,,,,,,,,,,,,,,,,,,,,"[""'<tmp>/mathzip-toolpkgs.cQThTC/extracted/usr/lib/7zip/7z' a -y -bd -bso0 -bsp0 -t7z -m0=lzma2 -mx=1 -mmt=1 '<work>/archive.7z' '<repo>/datasets/data/silesia/mozilla'"",""'<tmp>/mathzip-toolpkgs.cQThTC/extracted/usr/lib/7zip/7z' e -so -bd -mmt=1 '<work>/archive.7z'""]",{}
mathzip-benchmark-results-v1,20260724T134555Z-8b4c06c2,quick,silesia_quick_subset,datasets/data/silesia/nci,nci,Per-file upstream terms; see Silesia provenance,datasets/manifests/silesia.json,datasets/data/silesia/dataset.json,7b9daf7c42ff8dff9effce4fef13077fe99c06d23a7969f92fbeec67c7701f30,true,fc63a31770947b8c2062d3b19ca94c00485a232bb91b502021948fee983e1635,2.4292555992818246,33553445,mathzip-fast,mathzip,fast,,1,ok,,3,3,29434021,1.13995451046257,0.1227720134251491,12.27720134251491,7.017823892598807,0.0,21.884914243011735,1.0467120529938256,1.5331769011027425,32.05604149109567,21.867928000000006,1.0452870000000303,251236352.0,true,true,bb24fcbed38f9878cd713d2be8c8606918da2815b79e5445335983acc15c0b19,fc63a31770947b8c2062d3b19ca94c00485a232bb91b502021948fee983e1635,"[{""type"":""identity""}]",2048,16383.51806640625,16384.0,"{""raw"":2047,""recurrence"":1}","{""bit_pack"":2047,""rle"":1}",5,73728,29360168,120,99.95117043868372,0.0,2.435374640672302,29360168,1,0,2.590217031,0.391087035,18.84581158,"[""'<repo>/target/release/mathzip' compress --mode fast --max-input-bytes 8589934592 --no-sync --force '<repo>/datasets/data/silesia/nci' '<work>/archive.mz'"",""'<repo>/target/release/mathzip' compress --mode fast --max-input-bytes 8589934592 --no-sync --force --metrics-output '<work>/metrics-probe.mz.metrics.json' '<repo>/datasets/data/silesia/nci' '<work>/metrics-probe.mz'"",""'<repo>/target/release/mathzip' decompress --max-archive-bytes 17179869184 --max-output-bytes 8589934592 --max-segments 8388608 --no-sync --force '<work>/archive.mz' '<work>/restored.bin'""]",{}
mathzip-benchmark-results-v1,20260724T134555Z-8b4c06c2,quick,silesia_quick_subset,datasets/data/silesia/nci,nci,Per-file upstream terms; see Silesia provenance,datasets/manifests/silesia.json,datasets/data/silesia/dataset.json,7b9daf7c42ff8dff9effce4fef13077fe99c06d23a7969f92fbeec67c7701f30,true,fc63a31770947b8c2062d3b19ca94c00485a232bb91b502021948fee983e1635,2.4292555992818246,33553445,raw,raw,default,,1,ok,,3,3,33553445,1.0,0.0,0.0,8.0,0.0,0.03146391100017354,0.03193752899824176,1066.4104980405946,1050.5961498100621,0.031441958000002046,0.03194408200000254,,true,true,fc63a31770947b8c2062d3b19ca94c00485a232bb91b502021948fee983e1635,fc63a31770947b8c2062d3b19ca94c00485a232bb91b502021948fee983e1635,,,,,,,,,,,,,,,,,,,,"[""stdlib:shutil.copyfile""]",{}
mathzip-benchmark-results-v1,20260724T134555Z-8b4c06c2,quick,silesia_quick_subset,datasets/data/silesia/nci,nci,Per-file upstream terms; see Silesia provenance,datasets/manifests/silesia.json,datasets/data/silesia/dataset.json,7b9daf7c42ff8dff9effce4fef13077fe99c06d23a7969f92fbeec67c7701f30,true,fc63a31770947b8c2062d3b19ca94c00485a232bb91b502021948fee983e1635,2.4292555992818246,33553445,gzip-fast,gzip,fast,,1,ok,,3,3,4623393,7.25732054359212,0.8622080981550478,86.22080981550478,1.102335214759617,0.0,0.3296209749969421,0.22843382699647918,101.79402266591585,146.88474750509326,0.32869099999993523,0.22499500000014905,1970176.0,true,true,ef4b69d3c1d5247b341839521d91ef24f2723dd2d21cdb73a18b84eb52d590b8,fc63a31770947b8c2062d3b19ca94c00485a232bb91b502021948fee983e1635,,,,,,,,,,,,,,,,,,,,"[""'<external>/gzip' -d -c '<work>/archive.gz'"",""'<external>/gzip' -n -c -1 '<repo>/datasets/data/silesia/nci'""]",{}
mathzip-benchmark-results-v1,20260724T134555Z-8b4c06c2,quick,silesia_quick_subset,datasets/data/silesia/nci,nci,Per-file upstream terms; see Silesia provenance,datasets/manifests/silesia.json,datasets/data/silesia/dataset.json,7b9daf7c42ff8dff9effce4fef13077fe99c06d23a7969f92fbeec67c7701f30,true,fc63a31770947b8c2062d3b19ca94c00485a232bb91b502021948fee983e1635,2.4292555992818246,33553445,bzip2-fast,bzip2,fast,,1,ok,,3,3,2358098,14.229029073431214,0.9297211359370103,92.97211359370104,0.5622309125039172,0.0,4.127192906002165,1.0339010469906498,8.12984654805045,32.45324598293346,4.123131000000058,1.0326129999999694,2449408.0,true,true,44ce9b916613a6fe93b148f3dfaf614f1882ddcde3910379d7f35dc79083e325,fc63a31770947b8c2062d3b19ca94c00485a232bb91b502021948fee983e1635,,,,,,,,,,,,,,,,,,,,"[""'<external>/bzip2' -c -1"",""'<external>/bzip2' -d -c '<work>/archive.bz2'""]",{}
mathzip-benchmark-results-v1,20260724T134555Z-8b4c06c2,quick,silesia_quick_subset,datasets/data/silesia/nci,nci,Per-file upstream terms; see Silesia provenance,datasets/manifests/silesia.json,datasets/data/silesia/dataset.json,7b9daf7c42ff8dff9effce4fef13077fe99c06d23a7969f92fbeec67c7701f30,true,fc63a31770947b8c2062d3b19ca94c00485a232bb91b502021948fee983e1635,2.4292555992818246,33553445,xz-fast,xz,fast,,1,ok,,3,3,2355892,14.242352790365603,0.9297868817941048,92.97868817941048,0.5617049456471608,0.0,1.1975989009952173,0.26867184998991434,28.017264354632204,124.88634369867765,1.1955179999999928,0.264220000000023,10846208.0,true,true,7c80e198de8825bdb380bc7581e6ff05fbae711f3efaaeaf46de5187e7093e9b,fc63a31770947b8c2062d3b19ca94c00485a232bb91b502021948fee983e1635,,,,,,,,,,,,,,,,,,,,"[""'<external>/xz' -c --threads=1 -1 '<repo>/datasets/data/silesia/nci'"",""'<external>/xz' -d -c --threads=1 '<work>/archive.xz'""]",{}
mathzip-benchmark-results-v1,20260724T134555Z-8b4c06c2,quick,silesia_quick_subset,datasets/data/silesia/nci,nci,Per-file upstream terms; see Silesia provenance,datasets/manifests/silesia.json,datasets/data/silesia/dataset.json,7b9daf7c42ff8dff9effce4fef13077fe99c06d23a7969f92fbeec67c7701f30,true,fc63a31770947b8c2062d3b19ca94c00485a232bb91b502021948fee983e1635,2.4292555992818246,33553445,zstd-fast,zstd,fast,,1,ok,,3,3,2853911,11.757004685850399,0.914944322408623,91.4944322408623,0.6804454207310159,0.0,0.11374439499923028,0.05291711899917573,294.98987620644573,634.0754303068286,0.14325299999995877,0.08755600000006325,12394496.0,true,true,8d3ec6a641be1f4da01522e1c54ab5df3dad27ef8decfd42f3bd9c3cdf3d7041,fc63a31770947b8c2062d3b19ca94c00485a232bb91b502021948fee983e1635,,,,,,,,,,,,,,,,,,,,"[""'<external>/zstd' -q -d -c '<work>/archive.zst'"",""'<external>/zstd' -q -f -T1 -1 -c '<repo>/datasets/data/silesia/nci'""]",{}
mathzip-benchmark-results-v1,20260724T134555Z-8b4c06c2,quick,silesia_quick_subset,datasets/data/silesia/nci,nci,Per-file upstream terms; see Silesia provenance,datasets/manifests/silesia.json,datasets/data/silesia/dataset.json,7b9daf7c42ff8dff9effce4fef13077fe99c06d23a7969f92fbeec67c7701f30,true,fc63a31770947b8c2062d3b19ca94c00485a232bb91b502021948fee983e1635,2.4292555992818246,33553445,lz4-fast,lz4,fast,,1,ok,,3,3,5539348,6.057291399637647,0.8349097089732515,83.49097089732514,1.3207223282139882,0.0,0.08915400800469797,0.07339706900529563,376.35374730692877,457.149658082111,0.08822199999997338,0.07237699999996039,6746112.0,true,true,2f035638f18352ec1f70145039d6a27cf36ff0916cffb39a3514992d5147f9bc,fc63a31770947b8c2062d3b19ca94c00485a232bb91b502021948fee983e1635,,,,,,,,,,,,,,,,,,,,"[""'<tmp>/mathzip-toolpkgs.cQThTC/extracted/usr/bin/lz4' -q -d -f '<work>/archive.lz4' '<work>/restored.bin'"",""'<tmp>/mathzip-toolpkgs.cQThTC/extracted/usr/bin/lz4' -q -f -1 '<repo>/datasets/data/silesia/nci' '<work>/archive.lz4'""]",{}
mathzip-benchmark-results-v1,20260724T134555Z-8b4c06c2,quick,silesia_quick_subset,datasets/data/silesia/nci,nci,Per-file upstream terms; see Silesia provenance,datasets/manifests/silesia.json,datasets/data/silesia/dataset.json,7b9daf7c42ff8dff9effce4fef13077fe99c06d23a7969f92fbeec67c7701f30,true,fc63a31770947b8c2062d3b19ca94c00485a232bb91b502021948fee983e1635,2.4292555992818246,33553445,brotli-fast,brotli,fast,,1,ok,,3,3,2615981,12.826333601046796,0.9220353975575384,92.20353975575384,0.6237168195396926,0.0,0.5729336520016659,0.09778106199519243,58.564276828170044,343.14870707427696,0.5714819999999463,0.09655500000008033,49819648.0,true,true,d1ea92a362c626238595b04a3a730d8b7ea659de9654a019cd3f0162e79b2a77,fc63a31770947b8c2062d3b19ca94c00485a232bb91b502021948fee983e1635,,,,,,,,,,,,,,,,,,,,"[""'<tmp>/mathzip-toolpkgs.cQThTC/extracted/usr/bin/brotli' -f -d -o '<work>/restored.bin' '<work>/archive.br'"",""'<tmp>/mathzip-toolpkgs.cQThTC/extracted/usr/bin/brotli' -f -q 4 -o '<work>/archive.br' '<repo>/datasets/data/silesia/nci'""]",{}
mathzip-benchmark-results-v1,20260724T134555Z-8b4c06c2,quick,silesia_quick_subset,datasets/data/silesia/nci,nci,Per-file upstream terms; see Silesia provenance,datasets/manifests/silesia.json,datasets/data/silesia/dataset.json,7b9daf7c42ff8dff9effce4fef13077fe99c06d23a7969f92fbeec67c7701f30,true,fc63a31770947b8c2062d3b19ca94c00485a232bb91b502021948fee983e1635,2.4292555992818246,33553445,7z-fast,7z,fast,,1,ok,,3,3,2473797,13.563540177306384,0.9262729356106355,92.62729356106355,0.589816515114916,0.0,0.7610035039979266,0.25240479499916546,44.09105191201777,132.93505378973066,0.7598450000001549,0.2512450000001536,11825152.0,true,true,b5ebe9041595db5bb481c8a4a41e087f28ffb25d498e15d88f6821116fda9ff9,fc63a31770947b8c2062d3b19ca94c00485a232bb91b502021948fee983e1635,,,,,,,,,,,,,,,,,,,,"[""'<tmp>/mathzip-toolpkgs.cQThTC/extracted/usr/lib/7zip/7z' a -y -bd -bso0 -bsp0 -t7z -m0=lzma2 -mx=1 -mmt=1 '<work>/archive.7z' '<repo>/datasets/data/silesia/nci'"",""'<tmp>/mathzip-toolpkgs.cQThTC/extracted/usr/lib/7zip/7z' e -so -bd -mmt=1 '<work>/archive.7z'""]",{}
mathzip-benchmark-results-v1,20260724T134555Z-8b4c06c2,quick,silesia_quick_subset,datasets/data/silesia/xml,xml,Per-file upstream terms; see Silesia provenance,datasets/manifests/silesia.json,datasets/data/silesia/dataset.json,7b9daf7c42ff8dff9effce4fef13077fe99c06d23a7969f92fbeec67c7701f30,true,0e82e54e695c1938e4193448022543845b33020c8be6bf3bf3ead2224903e08c,5.518154617082,5345280,mathzip-fast,mathzip,fast,,1,ok,,3,3,4694694,1.138579000037063,0.12171223958333333,12.171223958333332,7.026302083333333,0.0,3.752305224988959,0.17033315199660137,1.4245323020106202,31.38132499366097,3.7406149999999343,0.16919900000004873,40706048.0,true,true,da2ec2173e2ea010e47ca7185aed4935fd792f53aa3bcf6c786c8ca3660b0271,0e82e54e695c1938e4193448022543845b33020c8be6bf3bf3ead2224903e08c,"[{""type"":""identity""}]",327,16346.422018348623,16384.0,"{""raw"":326,""recurrence"":1}","{""bit_pack"":320,""raw"":4,""sparse"":1,""zero_run"":2}",3,11772,4682799,120,99.69348659003832,1.2260536398467432,5.540414033615906,4682799,1,0,0.391793539,0.056490133,3.268448861,"[""'<repo>/target/release/mathzip' compress --mode fast --max-input-bytes 8589934592 --no-sync --force '<repo>/datasets/data/silesia/xml' '<work>/archive.mz'"",""'<repo>/target/release/mathzip' compress --mode fast --max-input-bytes 8589934592 --no-sync --force --metrics-output '<work>/metrics-probe.mz.metrics.json' '<repo>/datasets/data/silesia/xml' '<work>/metrics-probe.mz'"",""'<repo>/target/release/mathzip' decompress --max-archive-bytes 17179869184 --max-output-bytes 8589934592 --max-segments 8388608 --no-sync --force '<work>/archive.mz' '<work>/restored.bin'""]",{}
mathzip-benchmark-results-v1,20260724T134555Z-8b4c06c2,quick,silesia_quick_subset,datasets/data/silesia/xml,xml,Per-file upstream terms; see Silesia provenance,datasets/manifests/silesia.json,datasets/data/silesia/dataset.json,7b9daf7c42ff8dff9effce4fef13077fe99c06d23a7969f92fbeec67c7701f30,true,0e82e54e695c1938e4193448022543845b33020c8be6bf3bf3ead2224903e08c,5.518154617082,5345280,raw,raw,default,,1,ok,,3,3,5345280,1.0,0.0,0.0,8.0,0.0,0.004633666991139762,0.004660069011151791,1153.5744822018812,1147.0388071954435,0.004625025999999366,0.004663569000001644,,true,true,0e82e54e695c1938e4193448022543845b33020c8be6bf3bf3ead2224903e08c,0e82e54e695c1938e4193448022543845b33020c8be6bf3bf3ead2224903e08c,,,,,,,,,,,,,,,,,,,,"[""stdlib:shutil.copyfile""]",{}
mathzip-benchmark-results-v1,20260724T134555Z-8b4c06c2,quick,silesia_quick_subset,datasets/data/silesia/xml,xml,Per-file upstream terms; see Silesia provenance,datasets/manifests/silesia.json,datasets/data/silesia/dataset.json,7b9daf7c42ff8dff9effce4fef13077fe99c06d23a7969f92fbeec67c7701f30,true,0e82e54e695c1938e4193448022543845b33020c8be6bf3bf3ead2224903e08c,5.518154617082,5345280,gzip-fast,gzip,fast,,1,ok,,3,3,967164,5.526756579028996,0.8190620510057471,81.90620510057471,1.447503591954023,0.0,0.06897303099685814,0.04625068700988777,77.49811662247362,115.57190488559124,0.0681169999999156,0.04522400000007565,1974272.0,true,true,db353f82b201ec602f94969e6a252072281165a2632f8771af5efeed1b7ffd13,0e82e54e695c1938e4193448022543845b33020c8be6bf3bf3ead2224903e08c,,,,,,,,,,,,,,,,,,,,"[""'<external>/gzip' -d -c '<work>/archive.gz'"",""'<external>/gzip' -n -c -1 '<repo>/datasets/data/silesia/xml'""]",{}
mathzip-benchmark-results-v1,20260724T134555Z-8b4c06c2,quick,silesia_quick_subset,datasets/data/silesia/xml,xml,Per-file upstream terms; see Silesia provenance,datasets/manifests/silesia.json,datasets/data/silesia/dataset.json,7b9daf7c42ff8dff9effce4fef13077fe99c06d23a7969f92fbeec67c7701f30,true,0e82e54e695c1938e4193448022543845b33020c8be6bf3bf3ead2224903e08c,5.518154617082,5345280,bzip2-fast,bzip2,fast,,1,ok,,3,3,567188,9.424176816152668,0.8938899365421455,89.38899365421456,0.8488805076628353,0.0,0.6458282480016351,0.17238338000606745,8.276627751325096,31.00809370260555,0.6447870000001785,0.17138899999997648,2453504.0,true,true,2ce9931879d8db03307845f0e16625b741d5f8ecbdc954060651dd3fd25d9a76,0e82e54e695c1938e4193448022543845b33020c8be6bf3bf3ead2224903e08c,,,,,,,,,,,,,,,,,,,,"[""'<external>/bzip2' -c -1"",""'<external>/bzip2' -d -c '<work>/archive.bz2'""]",{}
mathzip-benchmark-results-v1,20260724T134555Z-8b4c06c2,quick,silesia_quick_subset,datasets/data/silesia/xml,xml,Per-file upstream terms; see Silesia provenance,datasets/manifests/silesia.json,datasets/data/silesia/dataset.json,7b9daf7c42ff8dff9effce4fef13077fe99c06d23a7969f92fbeec67c7701f30,true,0e82e54e695c1938e4193448022543845b33020c8be6bf3bf3ead2224903e08c,5.518154617082,5345280,xz-fast,xz,fast,,1,ok,,3,3,560200,9.541735094609068,0.8951972581417624,89.51972581417624,0.8384219348659003,0.0,0.288842244000989,0.061010056000668555,18.505880324007236,87.61309774804052,0.2859019999999646,0.05909600000006776,10846208.0,true,true,a789ac74792585c2c09977d8ce3fbc6ac3996f62aa48d7ea27b6340a317340ca,0e82e54e695c1938e4193448022543845b33020c8be6bf3bf3ead2224903e08c,,,,,,,,,,,,,,,,,,,,"[""'<external>/xz' -c --threads=1 -1 '<repo>/datasets/data/silesia/xml'"",""'<external>/xz' -d -c --threads=1 '<work>/archive.xz'""]",{}
mathzip-benchmark-results-v1,20260724T134555Z-8b4c06c2,quick,silesia_quick_subset,datasets/data/silesia/xml,xml,Per-file upstream terms; see Silesia provenance,datasets/manifests/silesia.json,datasets/data/silesia/dataset.json,7b9daf7c42ff8dff9effce4fef13077fe99c06d23a7969f92fbeec67c7701f30,true,0e82e54e695c1938e4193448022543845b33020c8be6bf3bf3ead2224903e08c,5.518154617082,5345280,zstd-fast,zstd,fast,,1,ok,,3,3,697810,7.660079391238303,0.8694530501676245,86.94530501676245,1.0443755986590038,0.0,0.036210992009728216,0.01589787899865769,147.6148457508143,336.2259833812624,0.046818000000030224,0.024102999999968233,9293824.0,true,true,33bc62a5a7cb033df6c2a936a8cd90cf74808ca57bc682656b810475eb011ece,0e82e54e695c1938e4193448022543845b33020c8be6bf3bf3ead2224903e08c,,,,,,,,,,,,,,,,,,,,"[""'<external>/zstd' -q -d -c '<work>/archive.zst'"",""'<external>/zstd' -q -f -T1 -1 -c '<repo>/datasets/data/silesia/xml'""]",{}
mathzip-benchmark-results-v1,20260724T134555Z-8b4c06c2,quick,silesia_quick_subset,datasets/data/silesia/xml,xml,Per-file upstream terms; see Silesia provenance,datasets/manifests/silesia.json,datasets/data/silesia/dataset.json,7b9daf7c42ff8dff9effce4fef13077fe99c06d23a7969f92fbeec67c7701f30,true,0e82e54e695c1938e4193448022543845b33020c8be6bf3bf3ead2224903e08c,5.518154617082,5345280,lz4-fast,lz4,fast,,1,ok,,3,3,1228106,4.352458175434368,0.7702447767001915,77.02447767001915,1.8380417863984675,0.0,0.02484898800321389,0.020851184002822265,215.1105710747117,256.35378783653255,0.024029999999925167,0.019802000000026965,6721536.0,true,true,625db192a431f4ee5f4adec5597b9a7efe2dc17faeb9e40b58227a466cc1d14a,0e82e54e695c1938e4193448022543845b33020c8be6bf3bf3ead2224903e08c,,,,,,,,,,,,,,,,,,,,"[""'<tmp>/mathzip-toolpkgs.cQThTC/extracted/usr/bin/lz4' -q -d -f '<work>/archive.lz4' '<work>/restored.bin'"",""'<tmp>/mathzip-toolpkgs.cQThTC/extracted/usr/bin/lz4' -q -f -1 '<repo>/datasets/data/silesia/xml' '<work>/archive.lz4'""]",{}
mathzip-benchmark-results-v1,20260724T134555Z-8b4c06c2,quick,silesia_quick_subset,datasets/data/silesia/xml,xml,Per-file upstream terms; see Silesia provenance,datasets/manifests/silesia.json,datasets/data/silesia/dataset.json,7b9daf7c42ff8dff9effce4fef13077fe99c06d23a7969f92fbeec67c7701f30,true,0e82e54e695c1938e4193448022543845b33020c8be6bf3bf3ead2224903e08c,5.518154617082,5345280,brotli-fast,brotli,fast,,1,ok,,3,3,581027,9.199710168374276,0.8913009234315135,89.13009234315135,0.8695926125478928,0.0,0.10790751699823886,0.025700198995764367,49.535751991098444,207.98593819763622,0.10699000000010983,0.024603999999953885,15613952.0,true,true,722babb1847922fc70281e2537e9418d79d2fa28a3c36299c6832c8d5c59dd17,0e82e54e695c1938e4193448022543845b33020c8be6bf3bf3ead2224903e08c,,,,,,,,,,,,,,,,,,,,"[""'<tmp>/mathzip-toolpkgs.cQThTC/extracted/usr/bin/brotli' -f -d -o '<work>/restored.bin' '<work>/archive.br'"",""'<tmp>/mathzip-toolpkgs.cQThTC/extracted/usr/bin/brotli' -f -q 4 -o '<work>/archive.br' '<repo>/datasets/data/silesia/xml'""]",{}
mathzip-benchmark-results-v1,20260724T134555Z-8b4c06c2,quick,silesia_quick_subset,datasets/data/silesia/xml,xml,Per-file upstream terms; see Silesia provenance,datasets/manifests/silesia.json,datasets/data/silesia/dataset.json,7b9daf7c42ff8dff9effce4fef13077fe99c06d23a7969f92fbeec67c7701f30,true,0e82e54e695c1938e4193448022543845b33020c8be6bf3bf3ead2224903e08c,5.518154617082,5345280,7z-fast,7z,fast,,1,ok,,3,3,562427,9.503953401952609,0.8947806288912835,89.47806288912835,0.8417549688697318,0.0,0.17653420599526726,0.05686419698758982,30.27900439954001,94.00079985595447,0.1750489999998308,0.05598900000018148,11776000.0,true,true,1e77af5eb5464ef6d352d957560fd8a45091f7c1822288c19ab9d7df6f8ca34c,0e82e54e695c1938e4193448022543845b33020c8be6bf3bf3ead2224903e08c,,,,,,,,,,,,,,,,,,,,"[""'<tmp>/mathzip-toolpkgs.cQThTC/extracted/usr/lib/7zip/7z' a -y -bd -bso0 -bsp0 -t7z -m0=lzma2 -mx=1 -mmt=1 '<work>/archive.7z' '<repo>/datasets/data/silesia/xml'"",""'<tmp>/mathzip-toolpkgs.cQThTC/extracted/usr/lib/7zip/7z' e -so -bd -mmt=1 '<work>/archive.7z'""]",{}
