schema_version,run_id,profile,corpus,input_path,input_name,input_license,input_provenance,input_manifest,input_manifest_sha256,input_manifest_verified,input_sha256,input_entropy_bits_per_byte,original_bytes,codec,codec_family,codec_level,variant,threads,status,error,successful_repeats,requested_repeats,compressed_bytes,ratio,savings,savings_percent,bits_per_byte,expansion_percent,compression_seconds,decompression_seconds,compression_mbps,decompression_mbps,compression_cpu_seconds,decompression_cpu_seconds,peak_rss_bytes,roundtrip_verified,deterministic_archive,archive_sha256,restored_sha256,transform,segment_count,mean_segment_size,median_segment_size,model_distribution_json,residual_distribution_json,model_parameter_bytes,partition_metadata_bytes,residual_bytes,container_overhead_bytes,raw_model_percent,raw_fallback_percent,estimated_residual_entropy,actual_residual_coded_bytes,math_segments_winning_raw,math_segments_winning_zstd,search_seconds,model_fitting_seconds,residual_coding_seconds,command_lines_json,tags_json
mathzip-benchmark-results-v1,20260725T051723Z-a5f0fdfc,segmentation-ablation,synthetic_segmentation,datasets/synthetic/constant_00/s0000065536_n000p000_seed1297748005.bin,s0000065536_n000p000_seed1297748005.bin,CC0-1.0,python/mathzip_bench/synthetic.py and datasets/synthetic/manifest.json,datasets/synthetic/manifest.json,c7188cafa911c31e5d80193ab1dae1d468dfe9e6deafecb9be709a46aae23de1,true,de2f256064a0af797747c2b97505dc0b9f3df0de4f489eac731c23ae9ca9cc31,-0.0,65536,mathzip-fast-fixed-256b,mathzip,fast,"Fixed segmentation, 256 B",1,ok,,3,3,9592,6.832360300250208,0.8536376953125,85.36376953125,1.1708984375,0.0,0.04810591400018893,0.0065107559930766,1.3623273013738522,10.065804964844265,0.04614499999999999,0.004458999999999991,3645440.0,true,true,952af840a5661b28a498d9ca7b8b04f61ee00fc8e39ebd4273e8dd645c190348,de2f256064a0af797747c2b97505dc0b9f3df0de4f489eac731c23ae9ca9cc31,"[{""type"":""identity""}]",256,256.0,256.0,"{""raw"":256}","{""sparse"":256}",0,9216,256,120,100.0,0.0,0.0,256,0,0,0.004674395,0.020862982,0.018983285,"[""'<repo>/target/release/mathzip' compress --mode fast --max-input-bytes 8589934592 --no-sync --force --segmentation fixed --segment-size 256 '<repo>/datasets/synthetic/constant_00/s0000065536_n000p000_seed1297748005.bin' '<work>/archive.mz'"",""'<repo>/target/release/mathzip' compress --mode fast --max-input-bytes 8589934592 --no-sync --force --segmentation fixed --segment-size 256 --metrics-output '<work>/metrics-probe.mz.metrics.json' '<repo>/datasets/synthetic/constant_00/s0000065536_n000p000_seed1297748005.bin' '<work>/metrics-probe.mz'"",""'<repo>/target/release/mathzip' decompress --max-archive-bytes 17179869184 --max-output-bytes 8589934592 --max-segments 8388608 --no-sync --force '<work>/archive.mz' '<work>/restored.bin'""]","{""family"":""constant_00"",""noise_density"":0.0,""seed"":1297748005,""size_requested"":65536}"
mathzip-benchmark-results-v1,20260725T051723Z-a5f0fdfc,segmentation-ablation,synthetic_segmentation,datasets/synthetic/constant_00/s0000065536_n000p000_seed1297748005.bin,s0000065536_n000p000_seed1297748005.bin,CC0-1.0,python/mathzip_bench/synthetic.py and datasets/synthetic/manifest.json,datasets/synthetic/manifest.json,c7188cafa911c31e5d80193ab1dae1d468dfe9e6deafecb9be709a46aae23de1,true,de2f256064a0af797747c2b97505dc0b9f3df0de4f489eac731c23ae9ca9cc31,-0.0,65536,mathzip-fast-fixed-1kib,mathzip,fast,"Fixed segmentation, 1 KiB",1,ok,,3,3,2488,26.340836012861736,0.9620361328125,96.20361328125,0.3037109375,0.0,0.0311071530013578,0.006332985998596996,2.1067823210031276,10.348357001660636,0.03031600000000001,0.004486999999999908,3600384.0,true,true,91f8f4cdcb0b08c9c44ef4b5e7f02fdc05f80c1f1310a4c00459c3ee5143341d,de2f256064a0af797747c2b97505dc0b9f3df0de4f489eac731c23ae9ca9cc31,"[{""type"":""identity""}]",64,1024.0,1024.0,"{""raw"":64}","{""sparse"":64}",0,2304,64,120,100.0,0.0,0.0,64,0,0,0.003388567,0.00566862,0.018002455,"[""'<repo>/target/release/mathzip' compress --mode fast --max-input-bytes 8589934592 --no-sync --force --segmentation fixed --segment-size 1024 '<repo>/datasets/synthetic/constant_00/s0000065536_n000p000_seed1297748005.bin' '<work>/archive.mz'"",""'<repo>/target/release/mathzip' compress --mode fast --max-input-bytes 8589934592 --no-sync --force --segmentation fixed --segment-size 1024 --metrics-output '<work>/metrics-probe.mz.metrics.json' '<repo>/datasets/synthetic/constant_00/s0000065536_n000p000_seed1297748005.bin' '<work>/metrics-probe.mz'"",""'<repo>/target/release/mathzip' decompress --max-archive-bytes 17179869184 --max-output-bytes 8589934592 --max-segments 8388608 --no-sync --force '<work>/archive.mz' '<work>/restored.bin'""]","{""family"":""constant_00"",""noise_density"":0.0,""seed"":1297748005,""size_requested"":65536}"
mathzip-benchmark-results-v1,20260725T051723Z-a5f0fdfc,segmentation-ablation,synthetic_segmentation,datasets/synthetic/constant_00/s0000065536_n000p000_seed1297748005.bin,s0000065536_n000p000_seed1297748005.bin,CC0-1.0,python/mathzip_bench/synthetic.py and datasets/synthetic/manifest.json,datasets/synthetic/manifest.json,c7188cafa911c31e5d80193ab1dae1d468dfe9e6deafecb9be709a46aae23de1,true,de2f256064a0af797747c2b97505dc0b9f3df0de4f489eac731c23ae9ca9cc31,-0.0,65536,mathzip-fast-fixed-4kib,mathzip,fast,"Fixed segmentation, 4 KiB",1,ok,,3,3,712,92.04494382022472,0.9891357421875,98.91357421875,0.0869140625,0.0,0.02711464300227817,0.005011922999983653,2.416996601964985,13.076018925313447,0.026364999999999972,0.0043199999999999905,3592192.0,true,true,7090753e5e0932ea6759b91873be5d151e042e797251f9c3154bf75f02c36b90,de2f256064a0af797747c2b97505dc0b9f3df0de4f489eac731c23ae9ca9cc31,"[{""type"":""identity""}]",16,4096.0,4096.0,"{""raw"":16}","{""sparse"":16}",0,576,16,120,100.0,0.0,0.0,16,0,0,0.003019601,0.002158532,0.017614722,"[""'<repo>/target/release/mathzip' compress --mode fast --max-input-bytes 8589934592 --no-sync --force --segmentation fixed --segment-size 4096 '<repo>/datasets/synthetic/constant_00/s0000065536_n000p000_seed1297748005.bin' '<work>/archive.mz'"",""'<repo>/target/release/mathzip' compress --mode fast --max-input-bytes 8589934592 --no-sync --force --segmentation fixed --segment-size 4096 --metrics-output '<work>/metrics-probe.mz.metrics.json' '<repo>/datasets/synthetic/constant_00/s0000065536_n000p000_seed1297748005.bin' '<work>/metrics-probe.mz'"",""'<repo>/target/release/mathzip' decompress --max-archive-bytes 17179869184 --max-output-bytes 8589934592 --max-segments 8388608 --no-sync --force '<work>/archive.mz' '<work>/restored.bin'""]","{""family"":""constant_00"",""noise_density"":0.0,""seed"":1297748005,""size_requested"":65536}"
mathzip-benchmark-results-v1,20260725T051723Z-a5f0fdfc,segmentation-ablation,synthetic_segmentation,datasets/synthetic/constant_00/s0000065536_n000p000_seed1297748005.bin,s0000065536_n000p000_seed1297748005.bin,CC0-1.0,python/mathzip_bench/synthetic.py and datasets/synthetic/manifest.json,datasets/synthetic/manifest.json,c7188cafa911c31e5d80193ab1dae1d468dfe9e6deafecb9be709a46aae23de1,true,de2f256064a0af797747c2b97505dc0b9f3df0de4f489eac731c23ae9ca9cc31,-0.0,65536,mathzip-fast-fixed-16kib,mathzip,fast,"Fixed segmentation, 16 KiB",1,ok,,3,3,268,244.53731343283582,0.99591064453125,99.591064453125,0.03271484375,0.0,0.02600072300992906,0.005305514001520351,2.520545293104863,12.352431824931566,0.025322000000000067,0.00425399999999998,3649536.0,true,true,7eb2ce390fa2153f1edc9d0dd73d27c22ae8e2b5a06c4b6f38fc8037777987ef,de2f256064a0af797747c2b97505dc0b9f3df0de4f489eac731c23ae9ca9cc31,"[{""type"":""identity""}]",4,16384.0,16384.0,"{""raw"":4}","{""sparse"":4}",0,144,4,120,100.0,0.0,0.0,4,0,0,0.002820628,0.001266869,0.01725299,"[""'<repo>/target/release/mathzip' compress --mode fast --max-input-bytes 8589934592 --no-sync --force --segmentation fixed --segment-size 16384 '<repo>/datasets/synthetic/constant_00/s0000065536_n000p000_seed1297748005.bin' '<work>/archive.mz'"",""'<repo>/target/release/mathzip' compress --mode fast --max-input-bytes 8589934592 --no-sync --force --segmentation fixed --segment-size 16384 --metrics-output '<work>/metrics-probe.mz.metrics.json' '<repo>/datasets/synthetic/constant_00/s0000065536_n000p000_seed1297748005.bin' '<work>/metrics-probe.mz'"",""'<repo>/target/release/mathzip' decompress --max-archive-bytes 17179869184 --max-output-bytes 8589934592 --max-segments 8388608 --no-sync --force '<work>/archive.mz' '<work>/restored.bin'""]","{""family"":""constant_00"",""noise_density"":0.0,""seed"":1297748005,""size_requested"":65536}"
mathzip-benchmark-results-v1,20260725T051723Z-a5f0fdfc,segmentation-ablation,synthetic_segmentation,datasets/synthetic/constant_00/s0000065536_n000p000_seed1297748005.bin,s0000065536_n000p000_seed1297748005.bin,CC0-1.0,python/mathzip_bench/synthetic.py and datasets/synthetic/manifest.json,datasets/synthetic/manifest.json,c7188cafa911c31e5d80193ab1dae1d468dfe9e6deafecb9be709a46aae23de1,true,de2f256064a0af797747c2b97505dc0b9f3df0de4f489eac731c23ae9ca9cc31,-0.0,65536,mathzip-fast-fixed-64kib,mathzip,fast,"Fixed segmentation, 64 KiB",1,ok,,3,3,157,417.4267515923567,0.9976043701171875,99.76043701171875,0.0191650390625,0.0,0.02590306599449832,0.004742309989524074,2.530047987906895,13.819425584740618,0.025151000000000145,0.004006999999999872,3633152.0,true,true,f627f6495e76aaa64ff7ff2fdd11edff92fedd7c87baed70802444813347156f,de2f256064a0af797747c2b97505dc0b9f3df0de4f489eac731c23ae9ca9cc31,"[{""type"":""identity""}]",1,65536.0,65536.0,"{""raw"":1}","{""sparse"":1}",0,36,1,120,100.0,0.0,0.0,1,0,0,0.002893627,0.001040801,0.01753598,"[""'<repo>/target/release/mathzip' compress --mode fast --max-input-bytes 8589934592 --no-sync --force --segmentation fixed --segment-size 65536 '<repo>/datasets/synthetic/constant_00/s0000065536_n000p000_seed1297748005.bin' '<work>/archive.mz'"",""'<repo>/target/release/mathzip' compress --mode fast --max-input-bytes 8589934592 --no-sync --force --segmentation fixed --segment-size 65536 --metrics-output '<work>/metrics-probe.mz.metrics.json' '<repo>/datasets/synthetic/constant_00/s0000065536_n000p000_seed1297748005.bin' '<work>/metrics-probe.mz'"",""'<repo>/target/release/mathzip' decompress --max-archive-bytes 17179869184 --max-output-bytes 8589934592 --max-segments 8388608 --no-sync --force '<work>/archive.mz' '<work>/restored.bin'""]","{""family"":""constant_00"",""noise_density"":0.0,""seed"":1297748005,""size_requested"":65536}"
mathzip-benchmark-results-v1,20260725T051723Z-a5f0fdfc,segmentation-ablation,synthetic_segmentation,datasets/synthetic/constant_00/s0000065536_n000p000_seed1297748005.bin,s0000065536_n000p000_seed1297748005.bin,CC0-1.0,python/mathzip_bench/synthetic.py and datasets/synthetic/manifest.json,datasets/synthetic/manifest.json,c7188cafa911c31e5d80193ab1dae1d468dfe9e6deafecb9be709a46aae23de1,true,de2f256064a0af797747c2b97505dc0b9f3df0de4f489eac731c23ae9ca9cc31,-0.0,65536,mathzip-fast-fixed-256kib,mathzip,fast,"Fixed segmentation, 256 KiB",1,ok,,3,3,157,417.4267515923567,0.9976043701171875,99.76043701171875,0.0191650390625,0.0,0.026222738000797108,0.0053619279933627695,2.49920507911904,12.222469246346341,0.025483000000000144,0.0044559999999997935,3702784.0,true,true,f627f6495e76aaa64ff7ff2fdd11edff92fedd7c87baed70802444813347156f,de2f256064a0af797747c2b97505dc0b9f3df0de4f489eac731c23ae9ca9cc31,"[{""type"":""identity""}]",1,65536.0,65536.0,"{""raw"":1}","{""sparse"":1}",0,36,1,120,100.0,0.0,0.0,1,0,0,0.002942652,0.001026894,0.017774163,"[""'<repo>/target/release/mathzip' compress --mode fast --max-input-bytes 8589934592 --no-sync --force --segmentation fixed --segment-size 262144 '<repo>/datasets/synthetic/constant_00/s0000065536_n000p000_seed1297748005.bin' '<work>/archive.mz'"",""'<repo>/target/release/mathzip' compress --mode fast --max-input-bytes 8589934592 --no-sync --force --segmentation fixed --segment-size 262144 --metrics-output '<work>/metrics-probe.mz.metrics.json' '<repo>/datasets/synthetic/constant_00/s0000065536_n000p000_seed1297748005.bin' '<work>/metrics-probe.mz'"",""'<repo>/target/release/mathzip' decompress --max-archive-bytes 17179869184 --max-output-bytes 8589934592 --max-segments 8388608 --no-sync --force '<work>/archive.mz' '<work>/restored.bin'""]","{""family"":""constant_00"",""noise_density"":0.0,""seed"":1297748005,""size_requested"":65536}"
mathzip-benchmark-results-v1,20260725T051723Z-a5f0fdfc,segmentation-ablation,synthetic_segmentation,datasets/synthetic/constant_00/s0000065536_n000p000_seed1297748005.bin,s0000065536_n000p000_seed1297748005.bin,CC0-1.0,python/mathzip_bench/synthetic.py and datasets/synthetic/manifest.json,datasets/synthetic/manifest.json,c7188cafa911c31e5d80193ab1dae1d468dfe9e6deafecb9be709a46aae23de1,true,de2f256064a0af797747c2b97505dc0b9f3df0de4f489eac731c23ae9ca9cc31,-0.0,65536,mathzip-fast-change-point-4kib,mathzip,fast,"Change-point segmentation, 4 KiB anchor",1,ok,,3,3,157,417.4267515923567,0.9976043701171875,99.76043701171875,0.0191650390625,0.0,0.03807345399400219,0.005173409008421004,1.7213042980109987,12.667855932775455,0.036926000000000014,0.0043759999999999355,3690496.0,true,true,f627f6495e76aaa64ff7ff2fdd11edff92fedd7c87baed70802444813347156f,de2f256064a0af797747c2b97505dc0b9f3df0de4f489eac731c23ae9ca9cc31,"[{""type"":""identity""}]",1,65536.0,65536.0,"{""raw"":1}","{""sparse"":1}",0,36,1,120,100.0,0.0,0.0,1,0,0,0.014695992,0.001031459,0.017667137,"[""'<repo>/target/release/mathzip' compress --mode fast --max-input-bytes 8589934592 --no-sync --force --segmentation change-point --segment-size 4096 '<repo>/datasets/synthetic/constant_00/s0000065536_n000p000_seed1297748005.bin' '<work>/archive.mz'"",""'<repo>/target/release/mathzip' compress --mode fast --max-input-bytes 8589934592 --no-sync --force --segmentation change-point --segment-size 4096 --metrics-output '<work>/metrics-probe.mz.metrics.json' '<repo>/datasets/synthetic/constant_00/s0000065536_n000p000_seed1297748005.bin' '<work>/metrics-probe.mz'"",""'<repo>/target/release/mathzip' decompress --max-archive-bytes 17179869184 --max-output-bytes 8589934592 --max-segments 8388608 --no-sync --force '<work>/archive.mz' '<work>/restored.bin'""]","{""family"":""constant_00"",""noise_density"":0.0,""seed"":1297748005,""size_requested"":65536}"
mathzip-benchmark-results-v1,20260725T051723Z-a5f0fdfc,segmentation-ablation,synthetic_segmentation,datasets/synthetic/constant_00/s0000065536_n000p000_seed1297748005.bin,s0000065536_n000p000_seed1297748005.bin,CC0-1.0,python/mathzip_bench/synthetic.py and datasets/synthetic/manifest.json,datasets/synthetic/manifest.json,c7188cafa911c31e5d80193ab1dae1d468dfe9e6deafecb9be709a46aae23de1,true,de2f256064a0af797747c2b97505dc0b9f3df0de4f489eac731c23ae9ca9cc31,-0.0,65536,mathzip-fast-adaptive-4kib,mathzip,fast,"Adaptive segmentation, 4 KiB anchor",1,ok,,3,3,416,157.53846153846155,0.99365234375,99.365234375,0.05078125,0.0,0.07518555800197646,0.0051424339908408,0.8716567615056764,12.744159694947237,0.07337300000000013,0.004402000000000017,3633152.0,true,true,f58f49dfd31de7e315e5da34e48374498010ea0d6d2dac831695f13058fa3b7d,de2f256064a0af797747c2b97505dc0b9f3df0de4f489eac731c23ae9ca9cc31,"[{""type"":""identity""}]",8,8192.0,8192.0,"{""raw"":8}","{""sparse"":8}",0,288,8,120,100.0,0.0,0.0,8,0,0,0.014873132,0.00506967,0.049616286,"[""'<repo>/target/release/mathzip' compress --mode fast --max-input-bytes 8589934592 --no-sync --force --segmentation adaptive --segment-size 4096 '<repo>/datasets/synthetic/constant_00/s0000065536_n000p000_seed1297748005.bin' '<work>/archive.mz'"",""'<repo>/target/release/mathzip' compress --mode fast --max-input-bytes 8589934592 --no-sync --force --segmentation adaptive --segment-size 4096 --metrics-output '<work>/metrics-probe.mz.metrics.json' '<repo>/datasets/synthetic/constant_00/s0000065536_n000p000_seed1297748005.bin' '<work>/metrics-probe.mz'"",""'<repo>/target/release/mathzip' decompress --max-archive-bytes 17179869184 --max-output-bytes 8589934592 --max-segments 8388608 --no-sync --force '<work>/archive.mz' '<work>/restored.bin'""]","{""family"":""constant_00"",""noise_density"":0.0,""seed"":1297748005,""size_requested"":65536}"
mathzip-benchmark-results-v1,20260725T051723Z-a5f0fdfc,segmentation-ablation,synthetic_segmentation,datasets/synthetic/constant_00/s0000065536_n000p000_seed1297748005.bin,s0000065536_n000p000_seed1297748005.bin,CC0-1.0,python/mathzip_bench/synthetic.py and datasets/synthetic/manifest.json,datasets/synthetic/manifest.json,c7188cafa911c31e5d80193ab1dae1d468dfe9e6deafecb9be709a46aae23de1,true,de2f256064a0af797747c2b97505dc0b9f3df0de4f489eac731c23ae9ca9cc31,-0.0,65536,zstd-fast,zstd,fast,,1,ok,,3,3,24,2730.6666666666665,0.9996337890625,99.96337890625,0.0029296875,0.0,0.004636262994608842,0.0042287660035071895,14.13552252670024,15.49766526349454,0.0041560000000000485,0.0037320000000002906,389120.0,true,true,40eb9372c2afad4b3e9046218632fdd43b7c6a3c132b15acb74578752b42e505,de2f256064a0af797747c2b97505dc0b9f3df0de4f489eac731c23ae9ca9cc31,,,,,,,,,,,,,,,,,,,,"[""'<external>/zstd' -q -d -c '<work>/archive.zst'"",""'<external>/zstd' -q -f -T1 -1 -c '<repo>/datasets/synthetic/constant_00/s0000065536_n000p000_seed1297748005.bin'""]","{""family"":""constant_00"",""noise_density"":0.0,""seed"":1297748005,""size_requested"":65536}"
mathzip-benchmark-results-v1,20260725T051723Z-a5f0fdfc,segmentation-ablation,synthetic_segmentation,datasets/synthetic/linear/s0000065536_n000p000_seed1297748005.bin,s0000065536_n000p000_seed1297748005.bin,CC0-1.0,python/mathzip_bench/synthetic.py and datasets/synthetic/manifest.json,datasets/synthetic/manifest.json,c7188cafa911c31e5d80193ab1dae1d468dfe9e6deafecb9be709a46aae23de1,true,35171a3b38d84c658143e78203683076d07beca32140221055c899b2dcf1cbc5,8.0,65536,mathzip-fast-fixed-256b,mathzip,fast,"Fixed segmentation, 256 B",1,ok,,3,3,9850,6.653401015228426,0.849700927734375,84.9700927734375,1.202392578125,0.0,0.05420128200785257,0.005218670004978776,1.2091226917936235,12.557988900903215,0.05321800000000021,0.004477000000000064,3674112.0,true,true,8ce8c4869ab10a0ef7250d642b01992e11d93e7c0318a2615296f9a6bd4f9773,35171a3b38d84c658143e78203683076d07beca32140221055c899b2dcf1cbc5,"[{""type"":""delta""}]",256,256.0,256.0,"{""constant"":256}","{""sparse"":256}",256,9216,258,120,0.0,0.0,0.00026615423635777775,258,256,256,0.005619925,0.019184237,0.025373795,"[""'<repo>/target/release/mathzip' compress --mode fast --max-input-bytes 8589934592 --no-sync --force --segmentation fixed --segment-size 256 '<repo>/datasets/synthetic/linear/s0000065536_n000p000_seed1297748005.bin' '<work>/archive.mz'"",""'<repo>/target/release/mathzip' compress --mode fast --max-input-bytes 8589934592 --no-sync --force --segmentation fixed --segment-size 256 --metrics-output '<work>/metrics-probe.mz.metrics.json' '<repo>/datasets/synthetic/linear/s0000065536_n000p000_seed1297748005.bin' '<work>/metrics-probe.mz'"",""'<repo>/target/release/mathzip' decompress --max-archive-bytes 17179869184 --max-output-bytes 8589934592 --max-segments 8388608 --no-sync --force '<work>/archive.mz' '<work>/restored.bin'""]","{""family"":""linear"",""noise_density"":0.0,""seed"":1297748005,""size_requested"":65536}"
mathzip-benchmark-results-v1,20260725T051723Z-a5f0fdfc,segmentation-ablation,synthetic_segmentation,datasets/synthetic/linear/s0000065536_n000p000_seed1297748005.bin,s0000065536_n000p000_seed1297748005.bin,CC0-1.0,python/mathzip_bench/synthetic.py and datasets/synthetic/manifest.json,datasets/synthetic/manifest.json,c7188cafa911c31e5d80193ab1dae1d468dfe9e6deafecb9be709a46aae23de1,true,35171a3b38d84c658143e78203683076d07beca32140221055c899b2dcf1cbc5,8.0,65536,mathzip-fast-fixed-1kib,mathzip,fast,"Fixed segmentation, 1 KiB",1,ok,,3,3,2554,25.660140955364135,0.961029052734375,96.1029052734375,0.311767578125,0.0,0.03829931998916436,0.005140629000379704,1.711153096674861,12.748634456047945,0.03758000000000017,0.004413999999999696,3670016.0,true,true,aaf806a34fec757873dd83abe194993d5f1e0d6b78d1aada39af64929339fd97,35171a3b38d84c658143e78203683076d07beca32140221055c899b2dcf1cbc5,"[{""type"":""delta""}]",64,1024.0,1024.0,"{""constant"":64}","{""sparse"":64}",64,2304,66,120,0.0,0.0,0.00026615423635777775,66,64,64,0.004331802,0.005408764,0.024333249,"[""'<repo>/target/release/mathzip' compress --mode fast --max-input-bytes 8589934592 --no-sync --force --segmentation fixed --segment-size 1024 '<repo>/datasets/synthetic/linear/s0000065536_n000p000_seed1297748005.bin' '<work>/archive.mz'"",""'<repo>/target/release/mathzip' compress --mode fast --max-input-bytes 8589934592 --no-sync --force --segmentation fixed --segment-size 1024 --metrics-output '<work>/metrics-probe.mz.metrics.json' '<repo>/datasets/synthetic/linear/s0000065536_n000p000_seed1297748005.bin' '<work>/metrics-probe.mz'"",""'<repo>/target/release/mathzip' decompress --max-archive-bytes 17179869184 --max-output-bytes 8589934592 --max-segments 8388608 --no-sync --force '<work>/archive.mz' '<work>/restored.bin'""]","{""family"":""linear"",""noise_density"":0.0,""seed"":1297748005,""size_requested"":65536}"
mathzip-benchmark-results-v1,20260725T051723Z-a5f0fdfc,segmentation-ablation,synthetic_segmentation,datasets/synthetic/linear/s0000065536_n000p000_seed1297748005.bin,s0000065536_n000p000_seed1297748005.bin,CC0-1.0,python/mathzip_bench/synthetic.py and datasets/synthetic/manifest.json,datasets/synthetic/manifest.json,c7188cafa911c31e5d80193ab1dae1d468dfe9e6deafecb9be709a46aae23de1,true,35171a3b38d84c658143e78203683076d07beca32140221055c899b2dcf1cbc5,8.0,65536,mathzip-fast-fixed-4kib,mathzip,fast,"Fixed segmentation, 4 KiB",1,ok,,3,3,730,89.77534246575343,0.988861083984375,98.8861083984375,0.089111328125,0.0,0.03435764698951971,0.00508908300253097,1.9074647347063896,12.877762057998813,0.033569000000000404,0.00433400000000006,3764224.0,true,true,722407fd49534cda02010938dab56ded9d26518e9aac430ea4a7d81b45514dee,35171a3b38d84c658143e78203683076d07beca32140221055c899b2dcf1cbc5,"[{""type"":""delta""}]",16,4096.0,4096.0,"{""constant"":16}","{""sparse"":16}",16,576,18,120,0.0,0.0,0.00026615423635777775,18,16,16,0.003893011,0.001860423,0.023877613,"[""'<repo>/target/release/mathzip' compress --mode fast --max-input-bytes 8589934592 --no-sync --force --segmentation fixed --segment-size 4096 '<repo>/datasets/synthetic/linear/s0000065536_n000p000_seed1297748005.bin' '<work>/archive.mz'"",""'<repo>/target/release/mathzip' compress --mode fast --max-input-bytes 8589934592 --no-sync --force --segmentation fixed --segment-size 4096 --metrics-output '<work>/metrics-probe.mz.metrics.json' '<repo>/datasets/synthetic/linear/s0000065536_n000p000_seed1297748005.bin' '<work>/metrics-probe.mz'"",""'<repo>/target/release/mathzip' decompress --max-archive-bytes 17179869184 --max-output-bytes 8589934592 --max-segments 8388608 --no-sync --force '<work>/archive.mz' '<work>/restored.bin'""]","{""family"":""linear"",""noise_density"":0.0,""seed"":1297748005,""size_requested"":65536}"
mathzip-benchmark-results-v1,20260725T051723Z-a5f0fdfc,segmentation-ablation,synthetic_segmentation,datasets/synthetic/linear/s0000065536_n000p000_seed1297748005.bin,s0000065536_n000p000_seed1297748005.bin,CC0-1.0,python/mathzip_bench/synthetic.py and datasets/synthetic/manifest.json,datasets/synthetic/manifest.json,c7188cafa911c31e5d80193ab1dae1d468dfe9e6deafecb9be709a46aae23de1,true,35171a3b38d84c658143e78203683076d07beca32140221055c899b2dcf1cbc5,8.0,65536,mathzip-fast-fixed-16kib,mathzip,fast,"Fixed segmentation, 16 KiB",1,ok,,3,3,274,239.1824817518248,0.995819091796875,99.5819091796875,0.033447265625,0.0,0.034182209012215026,0.005080446993815713,1.9172546741078285,12.899652349443889,0.03283000000000058,0.004389000000000198,3715072.0,true,true,abea5a1912992bc7eff009759e2226367bb5e132e3214208c90dd99bea9ec0f2,35171a3b38d84c658143e78203683076d07beca32140221055c899b2dcf1cbc5,"[{""type"":""delta""}]",4,16384.0,16384.0,"{""constant"":4}","{""sparse"":4}",4,144,6,120,0.0,0.0,0.00026615423635777775,6,4,4,0.003655109,0.00095996,0.024687882,"[""'<repo>/target/release/mathzip' compress --mode fast --max-input-bytes 8589934592 --no-sync --force --segmentation fixed --segment-size 16384 '<repo>/datasets/synthetic/linear/s0000065536_n000p000_seed1297748005.bin' '<work>/archive.mz'"",""'<repo>/target/release/mathzip' compress --mode fast --max-input-bytes 8589934592 --no-sync --force --segmentation fixed --segment-size 16384 --metrics-output '<work>/metrics-probe.mz.metrics.json' '<repo>/datasets/synthetic/linear/s0000065536_n000p000_seed1297748005.bin' '<work>/metrics-probe.mz'"",""'<repo>/target/release/mathzip' decompress --max-archive-bytes 17179869184 --max-output-bytes 8589934592 --max-segments 8388608 --no-sync --force '<work>/archive.mz' '<work>/restored.bin'""]","{""family"":""linear"",""noise_density"":0.0,""seed"":1297748005,""size_requested"":65536}"
mathzip-benchmark-results-v1,20260725T051723Z-a5f0fdfc,segmentation-ablation,synthetic_segmentation,datasets/synthetic/linear/s0000065536_n000p000_seed1297748005.bin,s0000065536_n000p000_seed1297748005.bin,CC0-1.0,python/mathzip_bench/synthetic.py and datasets/synthetic/manifest.json,datasets/synthetic/manifest.json,c7188cafa911c31e5d80193ab1dae1d468dfe9e6deafecb9be709a46aae23de1,true,35171a3b38d84c658143e78203683076d07beca32140221055c899b2dcf1cbc5,8.0,65536,mathzip-fast-fixed-64kib,mathzip,fast,"Fixed segmentation, 64 KiB",1,ok,,3,3,159,412.17610062893084,0.9975738525390625,99.75738525390625,0.0194091796875,0.0,0.03495721500075888,0.0063750030094524845,1.874748889423179,10.280152009783684,0.03399299999999972,0.00426300000000035,3784704.0,true,true,32ce203e1f71a0def09dff35d16daec8dd97a37b795ea96921d9f806ef975472,35171a3b38d84c658143e78203683076d07beca32140221055c899b2dcf1cbc5,"[{""type"":""identity""}]",1,65536.0,65536.0,"{""affine"":1}","{""sparse"":1}",2,36,1,120,0.0,0.0,0.0,1,1,1,0.003613178,0.000742717,0.025784896,"[""'<repo>/target/release/mathzip' compress --mode fast --max-input-bytes 8589934592 --no-sync --force --segmentation fixed --segment-size 65536 '<repo>/datasets/synthetic/linear/s0000065536_n000p000_seed1297748005.bin' '<work>/archive.mz'"",""'<repo>/target/release/mathzip' compress --mode fast --max-input-bytes 8589934592 --no-sync --force --segmentation fixed --segment-size 65536 --metrics-output '<work>/metrics-probe.mz.metrics.json' '<repo>/datasets/synthetic/linear/s0000065536_n000p000_seed1297748005.bin' '<work>/metrics-probe.mz'"",""'<repo>/target/release/mathzip' decompress --max-archive-bytes 17179869184 --max-output-bytes 8589934592 --max-segments 8388608 --no-sync --force '<work>/archive.mz' '<work>/restored.bin'""]","{""family"":""linear"",""noise_density"":0.0,""seed"":1297748005,""size_requested"":65536}"
mathzip-benchmark-results-v1,20260725T051723Z-a5f0fdfc,segmentation-ablation,synthetic_segmentation,datasets/synthetic/linear/s0000065536_n000p000_seed1297748005.bin,s0000065536_n000p000_seed1297748005.bin,CC0-1.0,python/mathzip_bench/synthetic.py and datasets/synthetic/manifest.json,datasets/synthetic/manifest.json,c7188cafa911c31e5d80193ab1dae1d468dfe9e6deafecb9be709a46aae23de1,true,35171a3b38d84c658143e78203683076d07beca32140221055c899b2dcf1cbc5,8.0,65536,mathzip-fast-fixed-256kib,mathzip,fast,"Fixed segmentation, 256 KiB",1,ok,,3,3,159,412.17610062893084,0.9975738525390625,99.75738525390625,0.0194091796875,0.0,0.03540583098947536,0.004971736008883454,1.8509945443585563,13.181713567031888,0.034106999999999665,0.004251000000000005,3768320.0,true,true,32ce203e1f71a0def09dff35d16daec8dd97a37b795ea96921d9f806ef975472,35171a3b38d84c658143e78203683076d07beca32140221055c899b2dcf1cbc5,"[{""type"":""identity""}]",1,65536.0,65536.0,"{""affine"":1}","{""sparse"":1}",2,36,1,120,0.0,0.0,0.0,1,1,1,0.003744189,0.000724423,0.025806571,"[""'<repo>/target/release/mathzip' compress --mode fast --max-input-bytes 8589934592 --no-sync --force --segmentation fixed --segment-size 262144 '<repo>/datasets/synthetic/linear/s0000065536_n000p000_seed1297748005.bin' '<work>/archive.mz'"",""'<repo>/target/release/mathzip' compress --mode fast --max-input-bytes 8589934592 --no-sync --force --segmentation fixed --segment-size 262144 --metrics-output '<work>/metrics-probe.mz.metrics.json' '<repo>/datasets/synthetic/linear/s0000065536_n000p000_seed1297748005.bin' '<work>/metrics-probe.mz'"",""'<repo>/target/release/mathzip' decompress --max-archive-bytes 17179869184 --max-output-bytes 8589934592 --max-segments 8388608 --no-sync --force '<work>/archive.mz' '<work>/restored.bin'""]","{""family"":""linear"",""noise_density"":0.0,""seed"":1297748005,""size_requested"":65536}"
mathzip-benchmark-results-v1,20260725T051723Z-a5f0fdfc,segmentation-ablation,synthetic_segmentation,datasets/synthetic/linear/s0000065536_n000p000_seed1297748005.bin,s0000065536_n000p000_seed1297748005.bin,CC0-1.0,python/mathzip_bench/synthetic.py and datasets/synthetic/manifest.json,datasets/synthetic/manifest.json,c7188cafa911c31e5d80193ab1dae1d468dfe9e6deafecb9be709a46aae23de1,true,35171a3b38d84c658143e78203683076d07beca32140221055c899b2dcf1cbc5,8.0,65536,mathzip-fast-change-point-4kib,mathzip,fast,"Change-point segmentation, 4 KiB anchor",1,ok,,3,3,159,412.17610062893084,0.9975738525390625,99.75738525390625,0.0194091796875,0.0,0.04835722800635267,0.004868325995630585,1.3552472443497083,13.461711491551677,0.04754300000000011,0.004122999999999877,3866624.0,true,true,32ce203e1f71a0def09dff35d16daec8dd97a37b795ea96921d9f806ef975472,35171a3b38d84c658143e78203683076d07beca32140221055c899b2dcf1cbc5,"[{""type"":""identity""}]",1,65536.0,65536.0,"{""affine"":1}","{""sparse"":1}",2,36,1,120,0.0,0.0,0.0,1,1,1,0.017512059,0.000737752,0.026248095,"[""'<repo>/target/release/mathzip' compress --mode fast --max-input-bytes 8589934592 --no-sync --force --segmentation change-point --segment-size 4096 '<repo>/datasets/synthetic/linear/s0000065536_n000p000_seed1297748005.bin' '<work>/archive.mz'"",""'<repo>/target/release/mathzip' compress --mode fast --max-input-bytes 8589934592 --no-sync --force --segmentation change-point --segment-size 4096 --metrics-output '<work>/metrics-probe.mz.metrics.json' '<repo>/datasets/synthetic/linear/s0000065536_n000p000_seed1297748005.bin' '<work>/metrics-probe.mz'"",""'<repo>/target/release/mathzip' decompress --max-archive-bytes 17179869184 --max-output-bytes 8589934592 --max-segments 8388608 --no-sync --force '<work>/archive.mz' '<work>/restored.bin'""]","{""family"":""linear"",""noise_density"":0.0,""seed"":1297748005,""size_requested"":65536}"
mathzip-benchmark-results-v1,20260725T051723Z-a5f0fdfc,segmentation-ablation,synthetic_segmentation,datasets/synthetic/linear/s0000065536_n000p000_seed1297748005.bin,s0000065536_n000p000_seed1297748005.bin,CC0-1.0,python/mathzip_bench/synthetic.py and datasets/synthetic/manifest.json,datasets/synthetic/manifest.json,c7188cafa911c31e5d80193ab1dae1d468dfe9e6deafecb9be709a46aae23de1,true,35171a3b38d84c658143e78203683076d07beca32140221055c899b2dcf1cbc5,8.0,65536,mathzip-fast-adaptive-4kib,mathzip,fast,"Adaptive segmentation, 4 KiB anchor",1,ok,,3,3,426,153.84037558685446,0.993499755859375,99.3499755859375,0.052001953125,0.0,0.09502177199465223,0.005594588001258671,0.6896945681426392,11.71417805658892,0.09423199999999987,0.004659999999999442,3719168.0,true,true,f0e3f8259601e5a43ca982aeb6b5d4040bb84e623d0b4f4f5b71648efaaa5eeb,35171a3b38d84c658143e78203683076d07beca32140221055c899b2dcf1cbc5,"[{""type"":""delta""}]",8,8192.0,8192.0,"{""constant"":8}","{""sparse"":8}",8,288,10,120,0.0,0.0,0.00026615423635777775,10,8,8,0.017996439,0.00430526,0.069443361,"[""'<repo>/target/release/mathzip' compress --mode fast --max-input-bytes 8589934592 --no-sync --force --segmentation adaptive --segment-size 4096 '<repo>/datasets/synthetic/linear/s0000065536_n000p000_seed1297748005.bin' '<work>/archive.mz'"",""'<repo>/target/release/mathzip' compress --mode fast --max-input-bytes 8589934592 --no-sync --force --segmentation adaptive --segment-size 4096 --metrics-output '<work>/metrics-probe.mz.metrics.json' '<repo>/datasets/synthetic/linear/s0000065536_n000p000_seed1297748005.bin' '<work>/metrics-probe.mz'"",""'<repo>/target/release/mathzip' decompress --max-archive-bytes 17179869184 --max-output-bytes 8589934592 --max-segments 8388608 --no-sync --force '<work>/archive.mz' '<work>/restored.bin'""]","{""family"":""linear"",""noise_density"":0.0,""seed"":1297748005,""size_requested"":65536}"
mathzip-benchmark-results-v1,20260725T051723Z-a5f0fdfc,segmentation-ablation,synthetic_segmentation,datasets/synthetic/linear/s0000065536_n000p000_seed1297748005.bin,s0000065536_n000p000_seed1297748005.bin,CC0-1.0,python/mathzip_bench/synthetic.py and datasets/synthetic/manifest.json,datasets/synthetic/manifest.json,c7188cafa911c31e5d80193ab1dae1d468dfe9e6deafecb9be709a46aae23de1,true,35171a3b38d84c658143e78203683076d07beca32140221055c899b2dcf1cbc5,8.0,65536,zstd-fast,zstd,fast,,1,ok,,3,3,281,233.22419928825622,0.9957122802734375,99.57122802734375,0.0343017578125,0.0,0.0044133719929959625,0.005322693003108725,14.849416750730704,12.312564328193195,0.004086000000000034,0.003874999999999851,356352.0,true,true,c2bc1fa3d957f726ea60e7ad05e39d5c195bc6ee4478879bcdc2b48c0c68c2af,35171a3b38d84c658143e78203683076d07beca32140221055c899b2dcf1cbc5,,,,,,,,,,,,,,,,,,,,"[""'<external>/zstd' -q -d -c '<work>/archive.zst'"",""'<external>/zstd' -q -f -T1 -1 -c '<repo>/datasets/synthetic/linear/s0000065536_n000p000_seed1297748005.bin'""]","{""family"":""linear"",""noise_density"":0.0,""seed"":1297748005,""size_requested"":65536}"
mathzip-benchmark-results-v1,20260725T051723Z-a5f0fdfc,segmentation-ablation,synthetic_segmentation,datasets/synthetic/linear/s0000065536_n005p000_seed1297748005.bin,s0000065536_n005p000_seed1297748005.bin,CC0-1.0,python/mathzip_bench/synthetic.py and datasets/synthetic/manifest.json,datasets/synthetic/manifest.json,c7188cafa911c31e5d80193ab1dae1d468dfe9e6deafecb9be709a46aae23de1,true,6d4dc987463f20cf02ac2d7b5a56d7f1ac84c5d7ed37c15f903ebb76c3362922,7.999728456073299,65536,mathzip-fast-fixed-256b,mathzip,fast,"Fixed segmentation, 256 B",1,ok,,3,3,16996,3.855966109672864,0.74066162109375,74.066162109375,2.07470703125,0.0,0.059235024004010484,0.005513815995072946,1.1063724730754378,11.88577929669069,0.05849700000000002,0.004525000000000112,3723264.0,true,true,9f7eee20391a050bfdfb30757e56cbd772c13b9664528258584623ed523c2133,6d4dc987463f20cf02ac2d7b5a56d7f1ac84c5d7ed37c15f903ebb76c3362922,"[{""type"":""identity""}]",256,256.0,256.0,"{""affine"":256}","{""rle"":14,""sparse"":242}",512,9216,7148,120,0.0,0.0,1.1515089309869542,7148,256,256,0.006139826,0.01935746,0.030062532,"[""'<repo>/target/release/mathzip' compress --mode fast --max-input-bytes 8589934592 --no-sync --force --segmentation fixed --segment-size 256 '<repo>/datasets/synthetic/linear/s0000065536_n005p000_seed1297748005.bin' '<work>/archive.mz'"",""'<repo>/target/release/mathzip' compress --mode fast --max-input-bytes 8589934592 --no-sync --force --segmentation fixed --segment-size 256 --metrics-output '<work>/metrics-probe.mz.metrics.json' '<repo>/datasets/synthetic/linear/s0000065536_n005p000_seed1297748005.bin' '<work>/metrics-probe.mz'"",""'<repo>/target/release/mathzip' decompress --max-archive-bytes 17179869184 --max-output-bytes 8589934592 --max-segments 8388608 --no-sync --force '<work>/archive.mz' '<work>/restored.bin'""]","{""family"":""linear"",""noise_density"":0.05,""seed"":1297748005,""size_requested"":65536}"
mathzip-benchmark-results-v1,20260725T051723Z-a5f0fdfc,segmentation-ablation,synthetic_segmentation,datasets/synthetic/linear/s0000065536_n005p000_seed1297748005.bin,s0000065536_n005p000_seed1297748005.bin,CC0-1.0,python/mathzip_bench/synthetic.py and datasets/synthetic/manifest.json,datasets/synthetic/manifest.json,c7188cafa911c31e5d80193ab1dae1d468dfe9e6deafecb9be709a46aae23de1,true,6d4dc987463f20cf02ac2d7b5a56d7f1ac84c5d7ed37c15f903ebb76c3362922,7.999728456073299,65536,mathzip-fast-fixed-1kib,mathzip,fast,"Fixed segmentation, 1 KiB",1,ok,,3,3,9749,6.722330495435429,0.8512420654296875,85.12420654296875,1.1900634765625,0.0,0.042423931998200715,0.005344728997442871,1.544788446360406,12.261800370300346,0.04164600000000007,0.004252999999999396,3653632.0,true,true,cf260bc905304024c1e63e498860f252761a0b12736968951a619681afc3597d,6d4dc987463f20cf02ac2d7b5a56d7f1ac84c5d7ed37c15f903ebb76c3362922,"[{""type"":""identity""}]",64,1024.0,1024.0,"{""affine"":64}","{""rle"":6,""sparse"":58}",128,2304,7197,120,0.0,0.0,1.328777923859744,7197,64,64,0.004499716,0.005444446,0.027964588,"[""'<repo>/target/release/mathzip' compress --mode fast --max-input-bytes 8589934592 --no-sync --force --segmentation fixed --segment-size 1024 '<repo>/datasets/synthetic/linear/s0000065536_n005p000_seed1297748005.bin' '<work>/archive.mz'"",""'<repo>/target/release/mathzip' compress --mode fast --max-input-bytes 8589934592 --no-sync --force --segmentation fixed --segment-size 1024 --metrics-output '<work>/metrics-probe.mz.metrics.json' '<repo>/datasets/synthetic/linear/s0000065536_n005p000_seed1297748005.bin' '<work>/metrics-probe.mz'"",""'<repo>/target/release/mathzip' decompress --max-archive-bytes 17179869184 --max-output-bytes 8589934592 --max-segments 8388608 --no-sync --force '<work>/archive.mz' '<work>/restored.bin'""]","{""family"":""linear"",""noise_density"":0.05,""seed"":1297748005,""size_requested"":65536}"
mathzip-benchmark-results-v1,20260725T051723Z-a5f0fdfc,segmentation-ablation,synthetic_segmentation,datasets/synthetic/linear/s0000065536_n005p000_seed1297748005.bin,s0000065536_n005p000_seed1297748005.bin,CC0-1.0,python/mathzip_bench/synthetic.py and datasets/synthetic/manifest.json,datasets/synthetic/manifest.json,c7188cafa911c31e5d80193ab1dae1d468dfe9e6deafecb9be709a46aae23de1,true,6d4dc987463f20cf02ac2d7b5a56d7f1ac84c5d7ed37c15f903ebb76c3362922,7.999728456073299,65536,mathzip-fast-fixed-4kib,mathzip,fast,"Fixed segmentation, 4 KiB",1,ok,,3,3,8119,8.0719300406454,0.8761138916015625,87.61138916015625,0.9910888671875,0.0,0.037971248995745555,0.005171899989363737,1.7259374324859027,12.671552066895716,0.03712599999999977,0.004477000000000508,3702784.0,true,true,c71999a49137b1222fad6e59df8d51c540079a26a4bbe2e6936329a59749f229,6d4dc987463f20cf02ac2d7b5a56d7f1ac84c5d7ed37c15f903ebb76c3362922,"[{""type"":""identity""}]",16,4096.0,4096.0,"{""affine"":16}","{""rle"":2,""sparse"":14}",32,576,7391,120,0.0,0.0,1.313745959004969,7391,16,16,0.004026312,0.00184513,0.027326737,"[""'<repo>/target/release/mathzip' compress --mode fast --max-input-bytes 8589934592 --no-sync --force --segmentation fixed --segment-size 4096 '<repo>/datasets/synthetic/linear/s0000065536_n005p000_seed1297748005.bin' '<work>/archive.mz'"",""'<repo>/target/release/mathzip' compress --mode fast --max-input-bytes 8589934592 --no-sync --force --segmentation fixed --segment-size 4096 --metrics-output '<work>/metrics-probe.mz.metrics.json' '<repo>/datasets/synthetic/linear/s0000065536_n005p000_seed1297748005.bin' '<work>/metrics-probe.mz'"",""'<repo>/target/release/mathzip' decompress --max-archive-bytes 17179869184 --max-output-bytes 8589934592 --max-segments 8388608 --no-sync --force '<work>/archive.mz' '<work>/restored.bin'""]","{""family"":""linear"",""noise_density"":0.05,""seed"":1297748005,""size_requested"":65536}"
mathzip-benchmark-results-v1,20260725T051723Z-a5f0fdfc,segmentation-ablation,synthetic_segmentation,datasets/synthetic/linear/s0000065536_n005p000_seed1297748005.bin,s0000065536_n005p000_seed1297748005.bin,CC0-1.0,python/mathzip_bench/synthetic.py and datasets/synthetic/manifest.json,datasets/synthetic/manifest.json,c7188cafa911c31e5d80193ab1dae1d468dfe9e6deafecb9be709a46aae23de1,true,6d4dc987463f20cf02ac2d7b5a56d7f1ac84c5d7ed37c15f903ebb76c3362922,7.999728456073299,65536,mathzip-fast-fixed-16kib,mathzip,fast,"Fixed segmentation, 16 KiB",1,ok,,3,3,6837,9.585490712300716,0.8956756591796875,89.56756591796875,0.8345947265625,0.0,0.03672440000809729,0.004756718000862747,1.7845356216997443,13.777566798812424,0.03555000000000064,0.004102000000000494,3661824.0,true,true,b2ef71dc0529ea2de29b2743188b3103d9b5895a5d2989e0e1bb2d548a6fe46e,6d4dc987463f20cf02ac2d7b5a56d7f1ac84c5d7ed37c15f903ebb76c3362922,"[{""type"":""identity""}]",4,16384.0,16384.0,"{""affine"":4}","{""sparse"":4}",8,144,6565,120,0.0,0.0,0.6833443192921628,6565,4,4,0.00385833,0.000942069,0.027300003,"[""'<repo>/target/release/mathzip' compress --mode fast --max-input-bytes 8589934592 --no-sync --force --segmentation fixed --segment-size 16384 '<repo>/datasets/synthetic/linear/s0000065536_n005p000_seed1297748005.bin' '<work>/archive.mz'"",""'<repo>/target/release/mathzip' compress --mode fast --max-input-bytes 8589934592 --no-sync --force --segmentation fixed --segment-size 16384 --metrics-output '<work>/metrics-probe.mz.metrics.json' '<repo>/datasets/synthetic/linear/s0000065536_n005p000_seed1297748005.bin' '<work>/metrics-probe.mz'"",""'<repo>/target/release/mathzip' decompress --max-archive-bytes 17179869184 --max-output-bytes 8589934592 --max-segments 8388608 --no-sync --force '<work>/archive.mz' '<work>/restored.bin'""]","{""family"":""linear"",""noise_density"":0.05,""seed"":1297748005,""size_requested"":65536}"
mathzip-benchmark-results-v1,20260725T051723Z-a5f0fdfc,segmentation-ablation,synthetic_segmentation,datasets/synthetic/linear/s0000065536_n005p000_seed1297748005.bin,s0000065536_n005p000_seed1297748005.bin,CC0-1.0,python/mathzip_bench/synthetic.py and datasets/synthetic/manifest.json,datasets/synthetic/manifest.json,c7188cafa911c31e5d80193ab1dae1d468dfe9e6deafecb9be709a46aae23de1,true,6d4dc987463f20cf02ac2d7b5a56d7f1ac84c5d7ed37c15f903ebb76c3362922,7.999728456073299,65536,mathzip-fast-fixed-64kib,mathzip,fast,"Fixed segmentation, 64 KiB",1,ok,,3,3,6717,9.756736638380229,0.8975067138671875,89.75067138671875,0.8199462890625,0.0,0.03816181000729557,0.004974009993020445,1.7173189633162362,13.175687240669085,0.037046999999999386,0.004217000000000581,3842048.0,true,true,1ea893ab44aea37d7fad79def1832eb421ee273be94d6b87e564db355fd5e604,6d4dc987463f20cf02ac2d7b5a56d7f1ac84c5d7ed37c15f903ebb76c3362922,"[{""type"":""identity""}]",1,65536.0,65536.0,"{""affine"":1}","{""sparse"":1}",2,36,6559,120,0.0,0.0,0.6833443192921628,6559,1,1,0.003796672,0.000672927,0.028817294,"[""'<repo>/target/release/mathzip' compress --mode fast --max-input-bytes 8589934592 --no-sync --force --segmentation fixed --segment-size 65536 '<repo>/datasets/synthetic/linear/s0000065536_n005p000_seed1297748005.bin' '<work>/archive.mz'"",""'<repo>/target/release/mathzip' compress --mode fast --max-input-bytes 8589934592 --no-sync --force --segmentation fixed --segment-size 65536 --metrics-output '<work>/metrics-probe.mz.metrics.json' '<repo>/datasets/synthetic/linear/s0000065536_n005p000_seed1297748005.bin' '<work>/metrics-probe.mz'"",""'<repo>/target/release/mathzip' decompress --max-archive-bytes 17179869184 --max-output-bytes 8589934592 --max-segments 8388608 --no-sync --force '<work>/archive.mz' '<work>/restored.bin'""]","{""family"":""linear"",""noise_density"":0.05,""seed"":1297748005,""size_requested"":65536}"
mathzip-benchmark-results-v1,20260725T051723Z-a5f0fdfc,segmentation-ablation,synthetic_segmentation,datasets/synthetic/linear/s0000065536_n005p000_seed1297748005.bin,s0000065536_n005p000_seed1297748005.bin,CC0-1.0,python/mathzip_bench/synthetic.py and datasets/synthetic/manifest.json,datasets/synthetic/manifest.json,c7188cafa911c31e5d80193ab1dae1d468dfe9e6deafecb9be709a46aae23de1,true,6d4dc987463f20cf02ac2d7b5a56d7f1ac84c5d7ed37c15f903ebb76c3362922,7.999728456073299,65536,mathzip-fast-fixed-256kib,mathzip,fast,"Fixed segmentation, 256 KiB",1,ok,,3,3,6717,9.756736638380229,0.8975067138671875,89.75067138671875,0.8199462890625,0.0,0.037811300993780605,0.005105436997837387,1.7332384307744315,12.836511355983905,0.036895999999999596,0.004384999999999195,3817472.0,true,true,1ea893ab44aea37d7fad79def1832eb421ee273be94d6b87e564db355fd5e604,6d4dc987463f20cf02ac2d7b5a56d7f1ac84c5d7ed37c15f903ebb76c3362922,"[{""type"":""identity""}]",1,65536.0,65536.0,"{""affine"":1}","{""sparse"":1}",2,36,6559,120,0.0,0.0,0.6833443192921628,6559,1,1,0.003886187,0.000691039,0.028805458,"[""'<repo>/target/release/mathzip' compress --mode fast --max-input-bytes 8589934592 --no-sync --force --segmentation fixed --segment-size 262144 '<repo>/datasets/synthetic/linear/s0000065536_n005p000_seed1297748005.bin' '<work>/archive.mz'"",""'<repo>/target/release/mathzip' compress --mode fast --max-input-bytes 8589934592 --no-sync --force --segmentation fixed --segment-size 262144 --metrics-output '<work>/metrics-probe.mz.metrics.json' '<repo>/datasets/synthetic/linear/s0000065536_n005p000_seed1297748005.bin' '<work>/metrics-probe.mz'"",""'<repo>/target/release/mathzip' decompress --max-archive-bytes 17179869184 --max-output-bytes 8589934592 --max-segments 8388608 --no-sync --force '<work>/archive.mz' '<work>/restored.bin'""]","{""family"":""linear"",""noise_density"":0.05,""seed"":1297748005,""size_requested"":65536}"
mathzip-benchmark-results-v1,20260725T051723Z-a5f0fdfc,segmentation-ablation,synthetic_segmentation,datasets/synthetic/linear/s0000065536_n005p000_seed1297748005.bin,s0000065536_n005p000_seed1297748005.bin,CC0-1.0,python/mathzip_bench/synthetic.py and datasets/synthetic/manifest.json,datasets/synthetic/manifest.json,c7188cafa911c31e5d80193ab1dae1d468dfe9e6deafecb9be709a46aae23de1,true,6d4dc987463f20cf02ac2d7b5a56d7f1ac84c5d7ed37c15f903ebb76c3362922,7.999728456073299,65536,mathzip-fast-change-point-4kib,mathzip,fast,"Change-point segmentation, 4 KiB anchor",1,ok,,3,3,6717,9.756736638380229,0.8975067138671875,89.75067138671875,0.8199462890625,0.0,0.05465805099811405,0.007001830002991483,1.199018237995008,9.359838781004424,0.05222399999999894,0.004375000000000462,3796992.0,true,true,1ea893ab44aea37d7fad79def1832eb421ee273be94d6b87e564db355fd5e604,6d4dc987463f20cf02ac2d7b5a56d7f1ac84c5d7ed37c15f903ebb76c3362922,"[{""type"":""identity""}]",1,65536.0,65536.0,"{""affine"":1}","{""sparse"":1}",2,36,6559,120,0.0,0.0,0.6833443192921628,6559,1,1,0.019299604,0.000687276,0.028966613,"[""'<repo>/target/release/mathzip' compress --mode fast --max-input-bytes 8589934592 --no-sync --force --segmentation change-point --segment-size 4096 '<repo>/datasets/synthetic/linear/s0000065536_n005p000_seed1297748005.bin' '<work>/archive.mz'"",""'<repo>/target/release/mathzip' compress --mode fast --max-input-bytes 8589934592 --no-sync --force --segmentation change-point --segment-size 4096 --metrics-output '<work>/metrics-probe.mz.metrics.json' '<repo>/datasets/synthetic/linear/s0000065536_n005p000_seed1297748005.bin' '<work>/metrics-probe.mz'"",""'<repo>/target/release/mathzip' decompress --max-archive-bytes 17179869184 --max-output-bytes 8589934592 --max-segments 8388608 --no-sync --force '<work>/archive.mz' '<work>/restored.bin'""]","{""family"":""linear"",""noise_density"":0.05,""seed"":1297748005,""size_requested"":65536}"
mathzip-benchmark-results-v1,20260725T051723Z-a5f0fdfc,segmentation-ablation,synthetic_segmentation,datasets/synthetic/linear/s0000065536_n005p000_seed1297748005.bin,s0000065536_n005p000_seed1297748005.bin,CC0-1.0,python/mathzip_bench/synthetic.py and datasets/synthetic/manifest.json,datasets/synthetic/manifest.json,c7188cafa911c31e5d80193ab1dae1d468dfe9e6deafecb9be709a46aae23de1,true,6d4dc987463f20cf02ac2d7b5a56d7f1ac84c5d7ed37c15f903ebb76c3362922,7.999728456073299,65536,mathzip-fast-adaptive-4kib,mathzip,fast,"Adaptive segmentation, 4 KiB anchor",1,ok,,3,3,6997,9.366299842789767,0.8932342529296875,89.32342529296875,0.8541259765625,0.0,0.10573370300699025,0.004855136998230591,0.6198212881626523,13.498280280017633,0.10486799999999974,0.0041970000000013385,3649536.0,true,true,bc2b78c68851c8ad6c16581aecd7251acb1d9ea5dfbcb386dbdd2eb73c71f611,6d4dc987463f20cf02ac2d7b5a56d7f1ac84c5d7ed37c15f903ebb76c3362922,"[{""type"":""identity""}]",8,8192.0,8192.0,"{""affine"":8}","{""sparse"":8}",16,288,6573,120,0.0,0.0,0.6833443192921628,6573,8,8,0.019393062,0.004111029,0.077786435,"[""'<repo>/target/release/mathzip' compress --mode fast --max-input-bytes 8589934592 --no-sync --force --segmentation adaptive --segment-size 4096 '<repo>/datasets/synthetic/linear/s0000065536_n005p000_seed1297748005.bin' '<work>/archive.mz'"",""'<repo>/target/release/mathzip' compress --mode fast --max-input-bytes 8589934592 --no-sync --force --segmentation adaptive --segment-size 4096 --metrics-output '<work>/metrics-probe.mz.metrics.json' '<repo>/datasets/synthetic/linear/s0000065536_n005p000_seed1297748005.bin' '<work>/metrics-probe.mz'"",""'<repo>/target/release/mathzip' decompress --max-archive-bytes 17179869184 --max-output-bytes 8589934592 --max-segments 8388608 --no-sync --force '<work>/archive.mz' '<work>/restored.bin'""]","{""family"":""linear"",""noise_density"":0.05,""seed"":1297748005,""size_requested"":65536}"
mathzip-benchmark-results-v1,20260725T051723Z-a5f0fdfc,segmentation-ablation,synthetic_segmentation,datasets/synthetic/linear/s0000065536_n005p000_seed1297748005.bin,s0000065536_n005p000_seed1297748005.bin,CC0-1.0,python/mathzip_bench/synthetic.py and datasets/synthetic/manifest.json,datasets/synthetic/manifest.json,c7188cafa911c31e5d80193ab1dae1d468dfe9e6deafecb9be709a46aae23de1,true,6d4dc987463f20cf02ac2d7b5a56d7f1ac84c5d7ed37c15f903ebb76c3362922,7.999728456073299,65536,zstd-fast,zstd,fast,,1,ok,,3,3,10810,6.062534690101757,0.835052490234375,83.5052490234375,1.319580078125,0.0,0.004657787008909509,0.004227832003380172,14.07020112225858,15.501088961813915,0.0041569999999993,0.00374400000000108,376832.0,true,true,c66767aba71e477c891b35d33ad06efcc3253fcd20220936ae7d40cf659b2ed5,6d4dc987463f20cf02ac2d7b5a56d7f1ac84c5d7ed37c15f903ebb76c3362922,,,,,,,,,,,,,,,,,,,,"[""'<external>/zstd' -q -d -c '<work>/archive.zst'"",""'<external>/zstd' -q -f -T1 -1 -c '<repo>/datasets/synthetic/linear/s0000065536_n005p000_seed1297748005.bin'""]","{""family"":""linear"",""noise_density"":0.05,""seed"":1297748005,""size_requested"":65536}"
mathzip-benchmark-results-v1,20260725T051723Z-a5f0fdfc,segmentation-ablation,synthetic_segmentation,datasets/synthetic/periodic/s0000065536_n000p000_seed1297748005.bin,s0000065536_n000p000_seed1297748005.bin,CC0-1.0,python/mathzip_bench/synthetic.py and datasets/synthetic/manifest.json,datasets/synthetic/manifest.json,c7188cafa911c31e5d80193ab1dae1d468dfe9e6deafecb9be709a46aae23de1,true,742efc49d53b0f51b7a9cdc8afdf6fb69b22e359571f016274fae0b527f1d1c8,2.8073549203781116,65536,mathzip-fast-fixed-256b,mathzip,fast,"Fixed segmentation, 256 B",1,ok,,3,3,11640,5.630240549828179,0.8223876953125,82.23876953125,1.4208984375,0.0,0.060102723000454716,0.006140983998193406,1.0903998475993204,10.67190535251025,0.05941999999999936,0.004709000000000074,3649536.0,true,true,bb655aba574a21ef93e7d8589ac285fbcce06c4ccd212fa109c2d51637f3eeb4,742efc49d53b0f51b7a9cdc8afdf6fb69b22e359571f016274fae0b527f1d1c8,"[{""type"":""identity""}]",256,256.0,256.0,"{""periodic"":256}","{""sparse"":256}",2048,9216,256,120,0.0,0.0,0.0,256,256,256,0.00480063,0.018879129,0.033123908,"[""'<repo>/target/release/mathzip' compress --mode fast --max-input-bytes 8589934592 --no-sync --force --segmentation fixed --segment-size 256 '<repo>/datasets/synthetic/periodic/s0000065536_n000p000_seed1297748005.bin' '<work>/archive.mz'"",""'<repo>/target/release/mathzip' compress --mode fast --max-input-bytes 8589934592 --no-sync --force --segmentation fixed --segment-size 256 --metrics-output '<work>/metrics-probe.mz.metrics.json' '<repo>/datasets/synthetic/periodic/s0000065536_n000p000_seed1297748005.bin' '<work>/metrics-probe.mz'"",""'<repo>/target/release/mathzip' decompress --max-archive-bytes 17179869184 --max-output-bytes 8589934592 --max-segments 8388608 --no-sync --force '<work>/archive.mz' '<work>/restored.bin'""]","{""family"":""periodic"",""noise_density"":0.0,""seed"":1297748005,""size_requested"":65536}"
mathzip-benchmark-results-v1,20260725T051723Z-a5f0fdfc,segmentation-ablation,synthetic_segmentation,datasets/synthetic/periodic/s0000065536_n000p000_seed1297748005.bin,s0000065536_n000p000_seed1297748005.bin,CC0-1.0,python/mathzip_bench/synthetic.py and datasets/synthetic/manifest.json,datasets/synthetic/manifest.json,c7188cafa911c31e5d80193ab1dae1d468dfe9e6deafecb9be709a46aae23de1,true,742efc49d53b0f51b7a9cdc8afdf6fb69b22e359571f016274fae0b527f1d1c8,2.8073549203781116,65536,mathzip-fast-fixed-1kib,mathzip,fast,"Fixed segmentation, 1 KiB",1,ok,,3,3,3000,21.845333333333333,0.9542236328125,95.42236328125,0.3662109375,0.0,0.043923310993704945,0.00546970299910754,1.492055095969258,11.981637761811406,0.04282800000000009,0.004762000000001265,3702784.0,true,true,7cb48c64b26b581d65628e91c31b2b24f96a8ccf193cf006192b201a33970d73,742efc49d53b0f51b7a9cdc8afdf6fb69b22e359571f016274fae0b527f1d1c8,"[{""type"":""identity""}]",64,1024.0,1024.0,"{""periodic"":64}","{""sparse"":64}",512,2304,64,120,0.0,0.0,0.0,64,64,64,0.003339852,0.00513746,0.03086424,"[""'<repo>/target/release/mathzip' compress --mode fast --max-input-bytes 8589934592 --no-sync --force --segmentation fixed --segment-size 1024 '<repo>/datasets/synthetic/periodic/s0000065536_n000p000_seed1297748005.bin' '<work>/archive.mz'"",""'<repo>/target/release/mathzip' compress --mode fast --max-input-bytes 8589934592 --no-sync --force --segmentation fixed --segment-size 1024 --metrics-output '<work>/metrics-probe.mz.metrics.json' '<repo>/datasets/synthetic/periodic/s0000065536_n000p000_seed1297748005.bin' '<work>/metrics-probe.mz'"",""'<repo>/target/release/mathzip' decompress --max-archive-bytes 17179869184 --max-output-bytes 8589934592 --max-segments 8388608 --no-sync --force '<work>/archive.mz' '<work>/restored.bin'""]","{""family"":""periodic"",""noise_density"":0.0,""seed"":1297748005,""size_requested"":65536}"
mathzip-benchmark-results-v1,20260725T051723Z-a5f0fdfc,segmentation-ablation,synthetic_segmentation,datasets/synthetic/periodic/s0000065536_n000p000_seed1297748005.bin,s0000065536_n000p000_seed1297748005.bin,CC0-1.0,python/mathzip_bench/synthetic.py and datasets/synthetic/manifest.json,datasets/synthetic/manifest.json,c7188cafa911c31e5d80193ab1dae1d468dfe9e6deafecb9be709a46aae23de1,true,742efc49d53b0f51b7a9cdc8afdf6fb69b22e359571f016274fae0b527f1d1c8,2.8073549203781116,65536,mathzip-fast-fixed-4kib,mathzip,fast,"Fixed segmentation, 4 KiB",1,ok,,3,3,840,78.01904761904763,0.9871826171875,98.71826171875,0.1025390625,0.0,0.040481461997842416,0.005394024992710911,1.6189138624364146,12.149739774761988,0.03901699999999941,0.004355999999999582,3629056.0,true,true,2be75f931a65c9bf77ffccd5db210115c714e88f04689a753406c8e545206b0a,742efc49d53b0f51b7a9cdc8afdf6fb69b22e359571f016274fae0b527f1d1c8,"[{""type"":""identity""}]",16,4096.0,4096.0,"{""periodic"":16}","{""sparse"":16}",128,576,16,120,0.0,0.0,0.0,16,16,16,0.003024051,0.001620392,0.030582773,"[""'<repo>/target/release/mathzip' compress --mode fast --max-input-bytes 8589934592 --no-sync --force --segmentation fixed --segment-size 4096 '<repo>/datasets/synthetic/periodic/s0000065536_n000p000_seed1297748005.bin' '<work>/archive.mz'"",""'<repo>/target/release/mathzip' compress --mode fast --max-input-bytes 8589934592 --no-sync --force --segmentation fixed --segment-size 4096 --metrics-output '<work>/metrics-probe.mz.metrics.json' '<repo>/datasets/synthetic/periodic/s0000065536_n000p000_seed1297748005.bin' '<work>/metrics-probe.mz'"",""'<repo>/target/release/mathzip' decompress --max-archive-bytes 17179869184 --max-output-bytes 8589934592 --max-segments 8388608 --no-sync --force '<work>/archive.mz' '<work>/restored.bin'""]","{""family"":""periodic"",""noise_density"":0.0,""seed"":1297748005,""size_requested"":65536}"
mathzip-benchmark-results-v1,20260725T051723Z-a5f0fdfc,segmentation-ablation,synthetic_segmentation,datasets/synthetic/periodic/s0000065536_n000p000_seed1297748005.bin,s0000065536_n000p000_seed1297748005.bin,CC0-1.0,python/mathzip_bench/synthetic.py and datasets/synthetic/manifest.json,datasets/synthetic/manifest.json,c7188cafa911c31e5d80193ab1dae1d468dfe9e6deafecb9be709a46aae23de1,true,742efc49d53b0f51b7a9cdc8afdf6fb69b22e359571f016274fae0b527f1d1c8,2.8073549203781116,65536,mathzip-fast-fixed-16kib,mathzip,fast,"Fixed segmentation, 16 KiB",1,ok,,3,3,300,218.45333333333335,0.99542236328125,99.542236328125,0.03662109375,0.0,0.04014252401248086,0.005327534003299661,1.6325829432056627,12.301376201336232,0.03794599999999981,0.004597000000000406,3637248.0,true,true,38adab40302d8c78ec585ecc5288ce440c556a0d90a8739e5849127db6730a70,742efc49d53b0f51b7a9cdc8afdf6fb69b22e359571f016274fae0b527f1d1c8,"[{""type"":""identity""}]",4,16384.0,16384.0,"{""periodic"":4}","{""sparse"":4}",32,144,4,120,0.0,0.0,0.0,4,4,4,0.002917902,0.000709119,0.030505821,"[""'<repo>/target/release/mathzip' compress --mode fast --max-input-bytes 8589934592 --no-sync --force --segmentation fixed --segment-size 16384 '<repo>/datasets/synthetic/periodic/s0000065536_n000p000_seed1297748005.bin' '<work>/archive.mz'"",""'<repo>/target/release/mathzip' compress --mode fast --max-input-bytes 8589934592 --no-sync --force --segmentation fixed --segment-size 16384 --metrics-output '<work>/metrics-probe.mz.metrics.json' '<repo>/datasets/synthetic/periodic/s0000065536_n000p000_seed1297748005.bin' '<work>/metrics-probe.mz'"",""'<repo>/target/release/mathzip' decompress --max-archive-bytes 17179869184 --max-output-bytes 8589934592 --max-segments 8388608 --no-sync --force '<work>/archive.mz' '<work>/restored.bin'""]","{""family"":""periodic"",""noise_density"":0.0,""seed"":1297748005,""size_requested"":65536}"
mathzip-benchmark-results-v1,20260725T051723Z-a5f0fdfc,segmentation-ablation,synthetic_segmentation,datasets/synthetic/periodic/s0000065536_n000p000_seed1297748005.bin,s0000065536_n000p000_seed1297748005.bin,CC0-1.0,python/mathzip_bench/synthetic.py and datasets/synthetic/manifest.json,datasets/synthetic/manifest.json,c7188cafa911c31e5d80193ab1dae1d468dfe9e6deafecb9be709a46aae23de1,true,742efc49d53b0f51b7a9cdc8afdf6fb69b22e359571f016274fae0b527f1d1c8,2.8073549203781116,65536,mathzip-fast-fixed-64kib,mathzip,fast,"Fixed segmentation, 64 KiB",1,ok,,3,3,165,397.1878787878788,0.9974822998046875,99.74822998046875,0.0201416015625,0.0,0.03956754598766565,0.005070623999927193,1.6563069142683113,12.924642016631681,0.03882800000000053,0.004452999999999818,3796992.0,true,true,64bbf75408fb362f8c84b5ee1cdf5d7197cc69fe7a73a77bb8881239f86c5bf4,742efc49d53b0f51b7a9cdc8afdf6fb69b22e359571f016274fae0b527f1d1c8,"[{""type"":""identity""}]",1,65536.0,65536.0,"{""periodic"":1}","{""sparse"":1}",8,36,1,120,0.0,0.0,0.0,1,1,1,0.003264275,0.000481504,0.031417382,"[""'<repo>/target/release/mathzip' compress --mode fast --max-input-bytes 8589934592 --no-sync --force --segmentation fixed --segment-size 65536 '<repo>/datasets/synthetic/periodic/s0000065536_n000p000_seed1297748005.bin' '<work>/archive.mz'"",""'<repo>/target/release/mathzip' compress --mode fast --max-input-bytes 8589934592 --no-sync --force --segmentation fixed --segment-size 65536 --metrics-output '<work>/metrics-probe.mz.metrics.json' '<repo>/datasets/synthetic/periodic/s0000065536_n000p000_seed1297748005.bin' '<work>/metrics-probe.mz'"",""'<repo>/target/release/mathzip' decompress --max-archive-bytes 17179869184 --max-output-bytes 8589934592 --max-segments 8388608 --no-sync --force '<work>/archive.mz' '<work>/restored.bin'""]","{""family"":""periodic"",""noise_density"":0.0,""seed"":1297748005,""size_requested"":65536}"
mathzip-benchmark-results-v1,20260725T051723Z-a5f0fdfc,segmentation-ablation,synthetic_segmentation,datasets/synthetic/periodic/s0000065536_n000p000_seed1297748005.bin,s0000065536_n000p000_seed1297748005.bin,CC0-1.0,python/mathzip_bench/synthetic.py and datasets/synthetic/manifest.json,datasets/synthetic/manifest.json,c7188cafa911c31e5d80193ab1dae1d468dfe9e6deafecb9be709a46aae23de1,true,742efc49d53b0f51b7a9cdc8afdf6fb69b22e359571f016274fae0b527f1d1c8,2.8073549203781116,65536,mathzip-fast-fixed-256kib,mathzip,fast,"Fixed segmentation, 256 KiB",1,ok,,3,3,165,397.1878787878788,0.9974822998046875,99.74822998046875,0.0201416015625,0.0,0.03976410000177566,0.005397189001087099,1.6481197863669363,12.142617200694614,0.038916000000000395,0.00463799999999992,3747840.0,true,true,64bbf75408fb362f8c84b5ee1cdf5d7197cc69fe7a73a77bb8881239f86c5bf4,742efc49d53b0f51b7a9cdc8afdf6fb69b22e359571f016274fae0b527f1d1c8,"[{""type"":""identity""}]",1,65536.0,65536.0,"{""periodic"":1}","{""sparse"":1}",8,36,1,120,0.0,0.0,0.0,1,1,1,0.003310903,0.000485947,0.031617892,"[""'<repo>/target/release/mathzip' compress --mode fast --max-input-bytes 8589934592 --no-sync --force --segmentation fixed --segment-size 262144 '<repo>/datasets/synthetic/periodic/s0000065536_n000p000_seed1297748005.bin' '<work>/archive.mz'"",""'<repo>/target/release/mathzip' compress --mode fast --max-input-bytes 8589934592 --no-sync --force --segmentation fixed --segment-size 262144 --metrics-output '<work>/metrics-probe.mz.metrics.json' '<repo>/datasets/synthetic/periodic/s0000065536_n000p000_seed1297748005.bin' '<work>/metrics-probe.mz'"",""'<repo>/target/release/mathzip' decompress --max-archive-bytes 17179869184 --max-output-bytes 8589934592 --max-segments 8388608 --no-sync --force '<work>/archive.mz' '<work>/restored.bin'""]","{""family"":""periodic"",""noise_density"":0.0,""seed"":1297748005,""size_requested"":65536}"
mathzip-benchmark-results-v1,20260725T051723Z-a5f0fdfc,segmentation-ablation,synthetic_segmentation,datasets/synthetic/periodic/s0000065536_n000p000_seed1297748005.bin,s0000065536_n000p000_seed1297748005.bin,CC0-1.0,python/mathzip_bench/synthetic.py and datasets/synthetic/manifest.json,datasets/synthetic/manifest.json,c7188cafa911c31e5d80193ab1dae1d468dfe9e6deafecb9be709a46aae23de1,true,742efc49d53b0f51b7a9cdc8afdf6fb69b22e359571f016274fae0b527f1d1c8,2.8073549203781116,65536,mathzip-fast-change-point-4kib,mathzip,fast,"Change-point segmentation, 4 KiB anchor",1,ok,,3,3,165,397.1878787878788,0.9974822998046875,99.74822998046875,0.0201416015625,0.0,0.05292031400313135,0.005345741010387428,1.238390233212187,12.259479064297267,0.0515040000000031,0.004655000000001408,3784704.0,true,true,64bbf75408fb362f8c84b5ee1cdf5d7197cc69fe7a73a77bb8881239f86c5bf4,742efc49d53b0f51b7a9cdc8afdf6fb69b22e359571f016274fae0b527f1d1c8,"[{""type"":""identity""}]",1,65536.0,65536.0,"{""periodic"":1}","{""sparse"":1}",8,36,1,120,0.0,0.0,0.0,1,1,1,0.01582357,0.000479167,0.032255832,"[""'<repo>/target/release/mathzip' compress --mode fast --max-input-bytes 8589934592 --no-sync --force --segmentation change-point --segment-size 4096 '<repo>/datasets/synthetic/periodic/s0000065536_n000p000_seed1297748005.bin' '<work>/archive.mz'"",""'<repo>/target/release/mathzip' compress --mode fast --max-input-bytes 8589934592 --no-sync --force --segmentation change-point --segment-size 4096 --metrics-output '<work>/metrics-probe.mz.metrics.json' '<repo>/datasets/synthetic/periodic/s0000065536_n000p000_seed1297748005.bin' '<work>/metrics-probe.mz'"",""'<repo>/target/release/mathzip' decompress --max-archive-bytes 17179869184 --max-output-bytes 8589934592 --max-segments 8388608 --no-sync --force '<work>/archive.mz' '<work>/restored.bin'""]","{""family"":""periodic"",""noise_density"":0.0,""seed"":1297748005,""size_requested"":65536}"
mathzip-benchmark-results-v1,20260725T051723Z-a5f0fdfc,segmentation-ablation,synthetic_segmentation,datasets/synthetic/periodic/s0000065536_n000p000_seed1297748005.bin,s0000065536_n000p000_seed1297748005.bin,CC0-1.0,python/mathzip_bench/synthetic.py and datasets/synthetic/manifest.json,datasets/synthetic/manifest.json,c7188cafa911c31e5d80193ab1dae1d468dfe9e6deafecb9be709a46aae23de1,true,742efc49d53b0f51b7a9cdc8afdf6fb69b22e359571f016274fae0b527f1d1c8,2.8073549203781116,65536,mathzip-fast-adaptive-4kib,mathzip,fast,"Adaptive segmentation, 4 KiB anchor",1,ok,,3,3,480,136.53333333333333,0.99267578125,99.267578125,0.05859375,0.0,0.11105862200201955,0.005224616004852578,0.5901027657160041,12.543696979669075,0.1101320000000019,0.004503999999997177,3657728.0,true,true,49c0ff700ee99965c61c7ff85c31c1b470e84450b7e9195f61bf4a2653bf1a92,742efc49d53b0f51b7a9cdc8afdf6fb69b22e359571f016274fae0b527f1d1c8,"[{""type"":""identity""}]",8,8192.0,8192.0,"{""periodic"":8}","{""sparse"":8}",64,288,8,120,0.0,0.0,0.0,8,8,8,0.015717701,0.003682792,0.087929636,"[""'<repo>/target/release/mathzip' compress --mode fast --max-input-bytes 8589934592 --no-sync --force --segmentation adaptive --segment-size 4096 '<repo>/datasets/synthetic/periodic/s0000065536_n000p000_seed1297748005.bin' '<work>/archive.mz'"",""'<repo>/target/release/mathzip' compress --mode fast --max-input-bytes 8589934592 --no-sync --force --segmentation adaptive --segment-size 4096 --metrics-output '<work>/metrics-probe.mz.metrics.json' '<repo>/datasets/synthetic/periodic/s0000065536_n000p000_seed1297748005.bin' '<work>/metrics-probe.mz'"",""'<repo>/target/release/mathzip' decompress --max-archive-bytes 17179869184 --max-output-bytes 8589934592 --max-segments 8388608 --no-sync --force '<work>/archive.mz' '<work>/restored.bin'""]","{""family"":""periodic"",""noise_density"":0.0,""seed"":1297748005,""size_requested"":65536}"
mathzip-benchmark-results-v1,20260725T051723Z-a5f0fdfc,segmentation-ablation,synthetic_segmentation,datasets/synthetic/periodic/s0000065536_n000p000_seed1297748005.bin,s0000065536_n000p000_seed1297748005.bin,CC0-1.0,python/mathzip_bench/synthetic.py and datasets/synthetic/manifest.json,datasets/synthetic/manifest.json,c7188cafa911c31e5d80193ab1dae1d468dfe9e6deafecb9be709a46aae23de1,true,742efc49d53b0f51b7a9cdc8afdf6fb69b22e359571f016274fae0b527f1d1c8,2.8073549203781116,65536,zstd-fast,zstd,fast,,1,ok,,3,3,29,2259.862068965517,0.9995574951171875,99.95574951171875,0.0035400390625,0.0,0.004159146003075875,0.00422192900441587,15.757080889089535,15.522762209277678,0.0037170000000017467,0.003824999999999079,344064.0,true,true,f5e7e860e2d7e692debe0ba95d092d05ada0c1a9d3c46610b5293395b32960e9,742efc49d53b0f51b7a9cdc8afdf6fb69b22e359571f016274fae0b527f1d1c8,,,,,,,,,,,,,,,,,,,,"[""'<external>/zstd' -q -d -c '<work>/archive.zst'"",""'<external>/zstd' -q -f -T1 -1 -c '<repo>/datasets/synthetic/periodic/s0000065536_n000p000_seed1297748005.bin'""]","{""family"":""periodic"",""noise_density"":0.0,""seed"":1297748005,""size_requested"":65536}"
mathzip-benchmark-results-v1,20260725T051723Z-a5f0fdfc,segmentation-ablation,synthetic_segmentation,datasets/synthetic/piecewise_mixed/s0000065536_n001p000_seed1297748005.bin,s0000065536_n001p000_seed1297748005.bin,CC0-1.0,python/mathzip_bench/synthetic.py and datasets/synthetic/manifest.json,datasets/synthetic/manifest.json,c7188cafa911c31e5d80193ab1dae1d468dfe9e6deafecb9be709a46aae23de1,true,a9eed5b582fa42393e69d5b7974ab65ce3ca8752b202ecf832436ebf8ec91664,6.9116712252463195,65536,mathzip-fast-fixed-256b,mathzip,fast,"Fixed segmentation, 256 B",1,ok,,3,3,33527,1.9547230590270528,0.4884185791015625,48.84185791015625,4.0926513671875,0.0,0.05762099599814974,0.005636368005070835,1.1373631931337045,11.627345826432844,0.05693699999999957,0.004689000000000831,3792896.0,true,true,40503ce9de3656af2524c1b658acd6358f474956e973a49abbda8d32e754ba1e,a9eed5b582fa42393e69d5b7974ab65ce3ca8752b202ecf832436ebf8ec91664,"[{""type"":""identity""}]",256,256.0,256.0,"{""affine"":43,""constant"":42,""periodic"":42,""raw"":85,""recurrence"":44}","{""raw"":85,""rle"":1,""sparse"":133,""zero_run"":37}",689,9216,23502,120,33.203125,33.203125,3.6684845147096343,23502,171,168,0.005840249,0.019410206,0.029398445,"[""'<repo>/target/release/mathzip' compress --mode fast --max-input-bytes 8589934592 --no-sync --force --segmentation fixed --segment-size 256 '<repo>/datasets/synthetic/piecewise_mixed/s0000065536_n001p000_seed1297748005.bin' '<work>/archive.mz'"",""'<repo>/target/release/mathzip' compress --mode fast --max-input-bytes 8589934592 --no-sync --force --segmentation fixed --segment-size 256 --metrics-output '<work>/metrics-probe.mz.metrics.json' '<repo>/datasets/synthetic/piecewise_mixed/s0000065536_n001p000_seed1297748005.bin' '<work>/metrics-probe.mz'"",""'<repo>/target/release/mathzip' decompress --max-archive-bytes 17179869184 --max-output-bytes 8589934592 --max-segments 8388608 --no-sync --force '<work>/archive.mz' '<work>/restored.bin'""]","{""family"":""piecewise_mixed"",""noise_density"":0.01,""seed"":1297748005,""size_requested"":65536}"
mathzip-benchmark-results-v1,20260725T051723Z-a5f0fdfc,segmentation-ablation,synthetic_segmentation,datasets/synthetic/piecewise_mixed/s0000065536_n001p000_seed1297748005.bin,s0000065536_n001p000_seed1297748005.bin,CC0-1.0,python/mathzip_bench/synthetic.py and datasets/synthetic/manifest.json,datasets/synthetic/manifest.json,c7188cafa911c31e5d80193ab1dae1d468dfe9e6deafecb9be709a46aae23de1,true,a9eed5b582fa42393e69d5b7974ab65ce3ca8752b202ecf832436ebf8ec91664,6.9116712252463195,65536,mathzip-fast-fixed-1kib,mathzip,fast,"Fixed segmentation, 1 KiB",1,ok,,3,3,26656,2.458583433373349,0.59326171875,59.326171875,3.25390625,0.0,0.04145180800696835,0.005566513005760498,1.58101668301134,11.773259117903821,0.04054000000000002,0.004392999999998537,3686400.0,true,true,284e53ef9c93a1a4b979d78ee2c7f96ff2227b35fa0f1ba6e694b6e80c97bed4,a9eed5b582fa42393e69d5b7974ab65ce3ca8752b202ecf832436ebf8ec91664,"[{""type"":""identity""}]",64,1024.0,1024.0,"{""affine"":11,""constant"":10,""periodic"":18,""raw"":13,""recurrence"":12}","{""raw"":13,""rle"":1,""sparse"":30,""zero_run"":20}",306,2304,23926,120,20.3125,20.3125,3.4842432028342896,23926,51,41,0.004199058,0.005321121,0.027111271,"[""'<repo>/target/release/mathzip' compress --mode fast --max-input-bytes 8589934592 --no-sync --force --segmentation fixed --segment-size 1024 '<repo>/datasets/synthetic/piecewise_mixed/s0000065536_n001p000_seed1297748005.bin' '<work>/archive.mz'"",""'<repo>/target/release/mathzip' compress --mode fast --max-input-bytes 8589934592 --no-sync --force --segmentation fixed --segment-size 1024 --metrics-output '<work>/metrics-probe.mz.metrics.json' '<repo>/datasets/synthetic/piecewise_mixed/s0000065536_n001p000_seed1297748005.bin' '<work>/metrics-probe.mz'"",""'<repo>/target/release/mathzip' decompress --max-archive-bytes 17179869184 --max-output-bytes 8589934592 --max-segments 8388608 --no-sync --force '<work>/archive.mz' '<work>/restored.bin'""]","{""family"":""piecewise_mixed"",""noise_density"":0.01,""seed"":1297748005,""size_requested"":65536}"
mathzip-benchmark-results-v1,20260725T051723Z-a5f0fdfc,segmentation-ablation,synthetic_segmentation,datasets/synthetic/piecewise_mixed/s0000065536_n001p000_seed1297748005.bin,s0000065536_n001p000_seed1297748005.bin,CC0-1.0,python/mathzip_bench/synthetic.py and datasets/synthetic/manifest.json,datasets/synthetic/manifest.json,c7188cafa911c31e5d80193ab1dae1d468dfe9e6deafecb9be709a46aae23de1,true,a9eed5b582fa42393e69d5b7974ab65ce3ca8752b202ecf832436ebf8ec91664,6.9116712252463195,65536,mathzip-fast-fixed-4kib,mathzip,fast,"Fixed segmentation, 4 KiB",1,ok,,3,3,26577,2.46589156037175,0.5944671630859375,59.44671630859375,3.2442626953125,0.0,0.03710515800048597,0.005229059999692254,1.7662234452455818,12.533036531203885,0.036087999999999454,0.004651000000000849,3665920.0,true,true,9a1ffb25a6bc37f281ae278cf2812c282b15d23fbbe5cafec70b40561e0689c9,a9eed5b582fa42393e69d5b7974ab65ce3ca8752b202ecf832436ebf8ec91664,"[{""type"":""identity""}]",16,4096.0,4096.0,"{""affine"":3,""constant"":2,""periodic"":4,""raw"":3,""recurrence"":4}","{""raw"":3,""rle"":1,""sparse"":6,""zero_run"":6}",76,576,25805,120,18.75,18.75,3.8396540626177487,25805,13,10,0.003869934,0.001765971,0.026789583,"[""'<repo>/target/release/mathzip' compress --mode fast --max-input-bytes 8589934592 --no-sync --force --segmentation fixed --segment-size 4096 '<repo>/datasets/synthetic/piecewise_mixed/s0000065536_n001p000_seed1297748005.bin' '<work>/archive.mz'"",""'<repo>/target/release/mathzip' compress --mode fast --max-input-bytes 8589934592 --no-sync --force --segmentation fixed --segment-size 4096 --metrics-output '<work>/metrics-probe.mz.metrics.json' '<repo>/datasets/synthetic/piecewise_mixed/s0000065536_n001p000_seed1297748005.bin' '<work>/metrics-probe.mz'"",""'<repo>/target/release/mathzip' decompress --max-archive-bytes 17179869184 --max-output-bytes 8589934592 --max-segments 8388608 --no-sync --force '<work>/archive.mz' '<work>/restored.bin'""]","{""family"":""piecewise_mixed"",""noise_density"":0.01,""seed"":1297748005,""size_requested"":65536}"
mathzip-benchmark-results-v1,20260725T051723Z-a5f0fdfc,segmentation-ablation,synthetic_segmentation,datasets/synthetic/piecewise_mixed/s0000065536_n001p000_seed1297748005.bin,s0000065536_n001p000_seed1297748005.bin,CC0-1.0,python/mathzip_bench/synthetic.py and datasets/synthetic/manifest.json,datasets/synthetic/manifest.json,c7188cafa911c31e5d80193ab1dae1d468dfe9e6deafecb9be709a46aae23de1,true,a9eed5b582fa42393e69d5b7974ab65ce3ca8752b202ecf832436ebf8ec91664,6.9116712252463195,65536,mathzip-fast-fixed-16kib,mathzip,fast,"Fixed segmentation, 16 KiB",1,ok,,3,3,34776,1.8845180584311019,0.4693603515625,46.93603515625,4.2451171875,0.0,0.03711222900892608,0.005945479002548382,1.7658869259574128,11.022829274463776,0.0360289999999992,0.004590999999999568,3747840.0,true,true,43fa49453751851d21e475f28c63282a4b8de4ed5ed11fd7d82876e546babbb3,a9eed5b582fa42393e69d5b7974ab65ce3ca8752b202ecf832436ebf8ec91664,"[{""type"":""delta""}]",4,16384.0,16384.0,"{""constant"":1,""raw"":1,""recurrence"":2}","{""raw"":1,""zero_run"":3}",9,144,34503,120,25.0,25.0,4.5182759531775885,34503,3,1,0.003922457,0.000824208,0.027292029,"[""'<repo>/target/release/mathzip' compress --mode fast --max-input-bytes 8589934592 --no-sync --force --segmentation fixed --segment-size 16384 '<repo>/datasets/synthetic/piecewise_mixed/s0000065536_n001p000_seed1297748005.bin' '<work>/archive.mz'"",""'<repo>/target/release/mathzip' compress --mode fast --max-input-bytes 8589934592 --no-sync --force --segmentation fixed --segment-size 16384 --metrics-output '<work>/metrics-probe.mz.metrics.json' '<repo>/datasets/synthetic/piecewise_mixed/s0000065536_n001p000_seed1297748005.bin' '<work>/metrics-probe.mz'"",""'<repo>/target/release/mathzip' decompress --max-archive-bytes 17179869184 --max-output-bytes 8589934592 --max-segments 8388608 --no-sync --force '<work>/archive.mz' '<work>/restored.bin'""]","{""family"":""piecewise_mixed"",""noise_density"":0.01,""seed"":1297748005,""size_requested"":65536}"
mathzip-benchmark-results-v1,20260725T051723Z-a5f0fdfc,segmentation-ablation,synthetic_segmentation,datasets/synthetic/piecewise_mixed/s0000065536_n001p000_seed1297748005.bin,s0000065536_n001p000_seed1297748005.bin,CC0-1.0,python/mathzip_bench/synthetic.py and datasets/synthetic/manifest.json,datasets/synthetic/manifest.json,c7188cafa911c31e5d80193ab1dae1d468dfe9e6deafecb9be709a46aae23de1,true,a9eed5b582fa42393e69d5b7974ab65ce3ca8752b202ecf832436ebf8ec91664,6.9116712252463195,65536,mathzip-fast-fixed-64kib,mathzip,fast,"Fixed segmentation, 64 KiB",1,ok,,3,3,45256,1.448117376701432,0.3094482421875,30.94482421875,5.5244140625,0.0,0.03946878599526826,0.005844997009262443,1.6604513756226709,11.21232395776191,0.038558999999999344,0.005067999999999628,3862528.0,true,true,6b1972ecc4f190b87d252aaf47e85d3a0986a981e6db20cfd31a9e40686b0952,a9eed5b582fa42393e69d5b7974ab65ce3ca8752b202ecf832436ebf8ec91664,"[{""type"":""delta""}]",1,65536.0,65536.0,"{""recurrence"":1}","{""zero_run"":1}",3,36,45097,120,0.0,0.0,5.600602017748276,45097,1,0,0.004235699,0.000599445,0.030151308,"[""'<repo>/target/release/mathzip' compress --mode fast --max-input-bytes 8589934592 --no-sync --force --segmentation fixed --segment-size 65536 '<repo>/datasets/synthetic/piecewise_mixed/s0000065536_n001p000_seed1297748005.bin' '<work>/archive.mz'"",""'<repo>/target/release/mathzip' compress --mode fast --max-input-bytes 8589934592 --no-sync --force --segmentation fixed --segment-size 65536 --metrics-output '<work>/metrics-probe.mz.metrics.json' '<repo>/datasets/synthetic/piecewise_mixed/s0000065536_n001p000_seed1297748005.bin' '<work>/metrics-probe.mz'"",""'<repo>/target/release/mathzip' decompress --max-archive-bytes 17179869184 --max-output-bytes 8589934592 --max-segments 8388608 --no-sync --force '<work>/archive.mz' '<work>/restored.bin'""]","{""family"":""piecewise_mixed"",""noise_density"":0.01,""seed"":1297748005,""size_requested"":65536}"
mathzip-benchmark-results-v1,20260725T051723Z-a5f0fdfc,segmentation-ablation,synthetic_segmentation,datasets/synthetic/piecewise_mixed/s0000065536_n001p000_seed1297748005.bin,s0000065536_n001p000_seed1297748005.bin,CC0-1.0,python/mathzip_bench/synthetic.py and datasets/synthetic/manifest.json,datasets/synthetic/manifest.json,c7188cafa911c31e5d80193ab1dae1d468dfe9e6deafecb9be709a46aae23de1,true,a9eed5b582fa42393e69d5b7974ab65ce3ca8752b202ecf832436ebf8ec91664,6.9116712252463195,65536,mathzip-fast-fixed-256kib,mathzip,fast,"Fixed segmentation, 256 KiB",1,ok,,3,3,45256,1.448117376701432,0.3094482421875,30.94482421875,5.5244140625,0.0,0.039047729995218106,0.005659453003318049,1.6783562068275344,11.579917699038628,0.03822499999999884,0.005026000000000863,3907584.0,true,true,6b1972ecc4f190b87d252aaf47e85d3a0986a981e6db20cfd31a9e40686b0952,a9eed5b582fa42393e69d5b7974ab65ce3ca8752b202ecf832436ebf8ec91664,"[{""type"":""delta""}]",1,65536.0,65536.0,"{""recurrence"":1}","{""zero_run"":1}",3,36,45097,120,0.0,0.0,5.600602017748276,45097,1,0,0.004094718,0.000618939,0.02977022,"[""'<repo>/target/release/mathzip' compress --mode fast --max-input-bytes 8589934592 --no-sync --force --segmentation fixed --segment-size 262144 '<repo>/datasets/synthetic/piecewise_mixed/s0000065536_n001p000_seed1297748005.bin' '<work>/archive.mz'"",""'<repo>/target/release/mathzip' compress --mode fast --max-input-bytes 8589934592 --no-sync --force --segmentation fixed --segment-size 262144 --metrics-output '<work>/metrics-probe.mz.metrics.json' '<repo>/datasets/synthetic/piecewise_mixed/s0000065536_n001p000_seed1297748005.bin' '<work>/metrics-probe.mz'"",""'<repo>/target/release/mathzip' decompress --max-archive-bytes 17179869184 --max-output-bytes 8589934592 --max-segments 8388608 --no-sync --force '<work>/archive.mz' '<work>/restored.bin'""]","{""family"":""piecewise_mixed"",""noise_density"":0.01,""seed"":1297748005,""size_requested"":65536}"
mathzip-benchmark-results-v1,20260725T051723Z-a5f0fdfc,segmentation-ablation,synthetic_segmentation,datasets/synthetic/piecewise_mixed/s0000065536_n001p000_seed1297748005.bin,s0000065536_n001p000_seed1297748005.bin,CC0-1.0,python/mathzip_bench/synthetic.py and datasets/synthetic/manifest.json,datasets/synthetic/manifest.json,c7188cafa911c31e5d80193ab1dae1d468dfe9e6deafecb9be709a46aae23de1,true,a9eed5b582fa42393e69d5b7974ab65ce3ca8752b202ecf832436ebf8ec91664,6.9116712252463195,65536,mathzip-fast-change-point-4kib,mathzip,fast,"Change-point segmentation, 4 KiB anchor",1,ok,,3,3,24283,2.6988428118436767,0.6294708251953125,62.94708251953125,2.9642333984375,0.0,0.09784193799714558,0.0064719810034148395,0.669815023511819,10.1261113043164,0.09711599999999976,0.004671000000000092,3747840.0,true,true,3c7692c75f0f4426e1745362e3f2ee4dcce295831ecad623c05d79ccc6234da0,a9eed5b582fa42393e69d5b7974ab65ce3ca8752b202ecf832436ebf8ec91664,"[{""type"":""identity""}]",9,7281.777777777777,9216.0,"{""affine"":2,""constant"":1,""periodic"":2,""raw"":1,""recurrence"":3}","{""raw"":1,""rle"":1,""sparse"":4,""zero_run"":3}",34,324,23805,120,32.8125,32.8125,3.759261102131765,23805,8,7,0.019043077,0.00362017,0.072327427,"[""'<repo>/target/release/mathzip' compress --mode fast --max-input-bytes 8589934592 --no-sync --force --segmentation change-point --segment-size 4096 '<repo>/datasets/synthetic/piecewise_mixed/s0000065536_n001p000_seed1297748005.bin' '<work>/archive.mz'"",""'<repo>/target/release/mathzip' compress --mode fast --max-input-bytes 8589934592 --no-sync --force --segmentation change-point --segment-size 4096 --metrics-output '<work>/metrics-probe.mz.metrics.json' '<repo>/datasets/synthetic/piecewise_mixed/s0000065536_n001p000_seed1297748005.bin' '<work>/metrics-probe.mz'"",""'<repo>/target/release/mathzip' decompress --max-archive-bytes 17179869184 --max-output-bytes 8589934592 --max-segments 8388608 --no-sync --force '<work>/archive.mz' '<work>/restored.bin'""]","{""family"":""piecewise_mixed"",""noise_density"":0.01,""seed"":1297748005,""size_requested"":65536}"
mathzip-benchmark-results-v1,20260725T051723Z-a5f0fdfc,segmentation-ablation,synthetic_segmentation,datasets/synthetic/piecewise_mixed/s0000065536_n001p000_seed1297748005.bin,s0000065536_n001p000_seed1297748005.bin,CC0-1.0,python/mathzip_bench/synthetic.py and datasets/synthetic/manifest.json,datasets/synthetic/manifest.json,c7188cafa911c31e5d80193ab1dae1d468dfe9e6deafecb9be709a46aae23de1,true,a9eed5b582fa42393e69d5b7974ab65ce3ca8752b202ecf832436ebf8ec91664,6.9116712252463195,65536,mathzip-fast-adaptive-4kib,mathzip,fast,"Adaptive segmentation, 4 KiB anchor",1,ok,,3,3,24407,2.6851313147867417,0.6275787353515625,62.75787353515625,2.9793701171875,0.0,0.10768310500134248,0.005362165000406094,0.6086005785139922,12.221929014686557,0.10532499999999878,0.00469500000000167,3702784.0,true,true,d4a584eec58297417219a680df37fbed5f53ab263e1094c2ddc0de8e53702dad,a9eed5b582fa42393e69d5b7974ab65ce3ca8752b202ecf832436ebf8ec91664,"[{""type"":""identity""}]",16,4096.0,4096.0,"{""affine"":3,""constant"":2,""periodic"":5,""raw"":2,""recurrence"":4}","{""raw"":2,""rle"":1,""sparse"":7,""zero_run"":6}",84,576,23627,120,20.3125,20.3125,3.4664101186032776,23627,14,11,0.019058174,0.00542096,0.078312117,"[""'<repo>/target/release/mathzip' compress --mode fast --max-input-bytes 8589934592 --no-sync --force --segmentation adaptive --segment-size 4096 '<repo>/datasets/synthetic/piecewise_mixed/s0000065536_n001p000_seed1297748005.bin' '<work>/archive.mz'"",""'<repo>/target/release/mathzip' compress --mode fast --max-input-bytes 8589934592 --no-sync --force --segmentation adaptive --segment-size 4096 --metrics-output '<work>/metrics-probe.mz.metrics.json' '<repo>/datasets/synthetic/piecewise_mixed/s0000065536_n001p000_seed1297748005.bin' '<work>/metrics-probe.mz'"",""'<repo>/target/release/mathzip' decompress --max-archive-bytes 17179869184 --max-output-bytes 8589934592 --max-segments 8388608 --no-sync --force '<work>/archive.mz' '<work>/restored.bin'""]","{""family"":""piecewise_mixed"",""noise_density"":0.01,""seed"":1297748005,""size_requested"":65536}"
mathzip-benchmark-results-v1,20260725T051723Z-a5f0fdfc,segmentation-ablation,synthetic_segmentation,datasets/synthetic/piecewise_mixed/s0000065536_n001p000_seed1297748005.bin,s0000065536_n001p000_seed1297748005.bin,CC0-1.0,python/mathzip_bench/synthetic.py and datasets/synthetic/manifest.json,datasets/synthetic/manifest.json,c7188cafa911c31e5d80193ab1dae1d468dfe9e6deafecb9be709a46aae23de1,true,a9eed5b582fa42393e69d5b7974ab65ce3ca8752b202ecf832436ebf8ec91664,6.9116712252463195,65536,zstd-fast,zstd,fast,,1,ok,,3,3,15064,4.350504514073287,0.7701416015625,77.01416015625,1.8388671875,0.0,0.005595381007879041,0.0042028160096379,11.712517862093142,15.593354515094834,0.0041910000000005,0.0037920000000006837,356352.0,true,true,a6bc3e8c682d3b5d68e0d38671442d617ecbf7cd7094f97baa46fb39067ca769,a9eed5b582fa42393e69d5b7974ab65ce3ca8752b202ecf832436ebf8ec91664,,,,,,,,,,,,,,,,,,,,"[""'<external>/zstd' -q -d -c '<work>/archive.zst'"",""'<external>/zstd' -q -f -T1 -1 -c '<repo>/datasets/synthetic/piecewise_mixed/s0000065536_n001p000_seed1297748005.bin'""]","{""family"":""piecewise_mixed"",""noise_density"":0.01,""seed"":1297748005,""size_requested"":65536}"
mathzip-benchmark-results-v1,20260725T051723Z-a5f0fdfc,segmentation-ablation,synthetic_segmentation,datasets/synthetic/polynomial_d2/s0000065536_n000p000_seed1297748005.bin,s0000065536_n000p000_seed1297748005.bin,CC0-1.0,python/mathzip_bench/synthetic.py and datasets/synthetic/manifest.json,datasets/synthetic/manifest.json,c7188cafa911c31e5d80193ab1dae1d468dfe9e6deafecb9be709a46aae23de1,true,84d3c13eee3f79467573fc92d68af063eeeb786852df80299fe4c5e51659f4e3,7.0,65536,mathzip-fast-fixed-256b,mathzip,fast,"Fixed segmentation, 256 B",1,ok,,3,3,10108,6.483577364463791,0.84576416015625,84.576416015625,1.23388671875,0.0,0.05899023999518249,0.005171940996660851,1.1109634408226188,12.671451596665905,0.05822900000000075,0.0043959999999998445,3825664.0,true,true,0b57f9f7127a0717f473f5ee2e50378784682eb3497781a5f708d80b70f3674d,84d3c13eee3f79467573fc92d68af063eeeb786852df80299fe4c5e51659f4e3,"[{""type"":""delta""}]",256,256.0,256.0,"{""affine"":256}","{""rle"":1,""sparse"":255}",512,9216,260,120,0.0,0.0,0.036752478880722035,260,256,256,0.006722071,0.019110374,0.029434206,"[""'<repo>/target/release/mathzip' compress --mode fast --max-input-bytes 8589934592 --no-sync --force --segmentation fixed --segment-size 256 '<repo>/datasets/synthetic/polynomial_d2/s0000065536_n000p000_seed1297748005.bin' '<work>/archive.mz'"",""'<repo>/target/release/mathzip' compress --mode fast --max-input-bytes 8589934592 --no-sync --force --segmentation fixed --segment-size 256 --metrics-output '<work>/metrics-probe.mz.metrics.json' '<repo>/datasets/synthetic/polynomial_d2/s0000065536_n000p000_seed1297748005.bin' '<work>/metrics-probe.mz'"",""'<repo>/target/release/mathzip' decompress --max-archive-bytes 17179869184 --max-output-bytes 8589934592 --max-segments 8388608 --no-sync --force '<work>/archive.mz' '<work>/restored.bin'""]","{""family"":""polynomial_d2"",""noise_density"":0.0,""seed"":1297748005,""size_requested"":65536}"
mathzip-benchmark-results-v1,20260725T051723Z-a5f0fdfc,segmentation-ablation,synthetic_segmentation,datasets/synthetic/polynomial_d2/s0000065536_n000p000_seed1297748005.bin,s0000065536_n000p000_seed1297748005.bin,CC0-1.0,python/mathzip_bench/synthetic.py and datasets/synthetic/manifest.json,datasets/synthetic/manifest.json,c7188cafa911c31e5d80193ab1dae1d468dfe9e6deafecb9be709a46aae23de1,true,84d3c13eee3f79467573fc92d68af063eeeb786852df80299fe4c5e51659f4e3,7.0,65536,mathzip-fast-fixed-1kib,mathzip,fast,"Fixed segmentation, 1 KiB",1,ok,,3,3,2620,25.013740458015267,0.96002197265625,96.002197265625,0.31982421875,0.0,0.04342212800111156,0.005293139998684637,1.5092765605205334,12.381308640294025,0.042607000000000284,0.0044599999999999085,3784704.0,true,true,c46db4a49575c19e1cff0e8c4d0cfa6029e56c609f890688513394c65dc3c093,84d3c13eee3f79467573fc92d68af063eeeb786852df80299fe4c5e51659f4e3,"[{""type"":""delta""}]",64,1024.0,1024.0,"{""affine"":64}","{""rle"":1,""sparse"":63}",128,2304,68,120,0.0,0.0,0.11602385832821632,68,64,64,0.005111497,0.005267383,0.028032094,"[""'<repo>/target/release/mathzip' compress --mode fast --max-input-bytes 8589934592 --no-sync --force --segmentation fixed --segment-size 1024 '<repo>/datasets/synthetic/polynomial_d2/s0000065536_n000p000_seed1297748005.bin' '<work>/archive.mz'"",""'<repo>/target/release/mathzip' compress --mode fast --max-input-bytes 8589934592 --no-sync --force --segmentation fixed --segment-size 1024 --metrics-output '<work>/metrics-probe.mz.metrics.json' '<repo>/datasets/synthetic/polynomial_d2/s0000065536_n000p000_seed1297748005.bin' '<work>/metrics-probe.mz'"",""'<repo>/target/release/mathzip' decompress --max-archive-bytes 17179869184 --max-output-bytes 8589934592 --max-segments 8388608 --no-sync --force '<work>/archive.mz' '<work>/restored.bin'""]","{""family"":""polynomial_d2"",""noise_density"":0.0,""seed"":1297748005,""size_requested"":65536}"
mathzip-benchmark-results-v1,20260725T051723Z-a5f0fdfc,segmentation-ablation,synthetic_segmentation,datasets/synthetic/polynomial_d2/s0000065536_n000p000_seed1297748005.bin,s0000065536_n000p000_seed1297748005.bin,CC0-1.0,python/mathzip_bench/synthetic.py and datasets/synthetic/manifest.json,datasets/synthetic/manifest.json,c7188cafa911c31e5d80193ab1dae1d468dfe9e6deafecb9be709a46aae23de1,true,84d3c13eee3f79467573fc92d68af063eeeb786852df80299fe4c5e51659f4e3,7.0,65536,mathzip-fast-fixed-4kib,mathzip,fast,"Fixed segmentation, 4 KiB",1,ok,,3,3,748,87.61497326203208,0.98858642578125,98.858642578125,0.09130859375,0.0,0.038628650989267044,0.004965072002960369,1.6965645530362723,13.199405761069505,0.03791299999999964,0.004281999999999897,3747840.0,true,true,2605a6f872a994bc85baa13040982050e559d912f465f4fa0c841a0fe3ff4225,84d3c13eee3f79467573fc92d68af063eeeb786852df80299fe4c5e51659f4e3,"[{""type"":""delta""}]",16,4096.0,4096.0,"{""affine"":16}","{""rle"":1,""sparse"":15}",32,576,20,120,0.0,0.0,0.33723044933092994,20,16,16,0.004664418,0.001665838,0.027977325,"[""'<repo>/target/release/mathzip' compress --mode fast --max-input-bytes 8589934592 --no-sync --force --segmentation fixed --segment-size 4096 '<repo>/datasets/synthetic/polynomial_d2/s0000065536_n000p000_seed1297748005.bin' '<work>/archive.mz'"",""'<repo>/target/release/mathzip' compress --mode fast --max-input-bytes 8589934592 --no-sync --force --segmentation fixed --segment-size 4096 --metrics-output '<work>/metrics-probe.mz.metrics.json' '<repo>/datasets/synthetic/polynomial_d2/s0000065536_n000p000_seed1297748005.bin' '<work>/metrics-probe.mz'"",""'<repo>/target/release/mathzip' decompress --max-archive-bytes 17179869184 --max-output-bytes 8589934592 --max-segments 8388608 --no-sync --force '<work>/archive.mz' '<work>/restored.bin'""]","{""family"":""polynomial_d2"",""noise_density"":0.0,""seed"":1297748005,""size_requested"":65536}"
mathzip-benchmark-results-v1,20260725T051723Z-a5f0fdfc,segmentation-ablation,synthetic_segmentation,datasets/synthetic/polynomial_d2/s0000065536_n000p000_seed1297748005.bin,s0000065536_n000p000_seed1297748005.bin,CC0-1.0,python/mathzip_bench/synthetic.py and datasets/synthetic/manifest.json,datasets/synthetic/manifest.json,c7188cafa911c31e5d80193ab1dae1d468dfe9e6deafecb9be709a46aae23de1,true,84d3c13eee3f79467573fc92d68af063eeeb786852df80299fe4c5e51659f4e3,7.0,65536,mathzip-fast-fixed-16kib,mathzip,fast,"Fixed segmentation, 16 KiB",1,ok,,3,3,280,234.05714285714285,0.9957275390625,99.57275390625,0.0341796875,0.0,0.037983050002367236,0.004979137011105195,1.7254011985850417,13.16212023365336,0.03717099999999718,0.004256999999999067,3788800.0,true,true,e7ce6dedf4609330e7b87ff0a18f726e7e7d60a5fd1717632033ae90a07a4872,84d3c13eee3f79467573fc92d68af063eeeb786852df80299fe4c5e51659f4e3,"[{""type"":""delta""}]",4,16384.0,16384.0,"{""affine"":4}","{""rle"":1,""sparse"":3}",8,144,8,120,0.0,0.0,0.8112539389549073,8,4,4,0.004446424,0.000764063,0.028203666,"[""'<repo>/target/release/mathzip' compress --mode fast --max-input-bytes 8589934592 --no-sync --force --segmentation fixed --segment-size 16384 '<repo>/datasets/synthetic/polynomial_d2/s0000065536_n000p000_seed1297748005.bin' '<work>/archive.mz'"",""'<repo>/target/release/mathzip' compress --mode fast --max-input-bytes 8589934592 --no-sync --force --segmentation fixed --segment-size 16384 --metrics-output '<work>/metrics-probe.mz.metrics.json' '<repo>/datasets/synthetic/polynomial_d2/s0000065536_n000p000_seed1297748005.bin' '<work>/metrics-probe.mz'"",""'<repo>/target/release/mathzip' decompress --max-archive-bytes 17179869184 --max-output-bytes 8589934592 --max-segments 8388608 --no-sync --force '<work>/archive.mz' '<work>/restored.bin'""]","{""family"":""polynomial_d2"",""noise_density"":0.0,""seed"":1297748005,""size_requested"":65536}"
mathzip-benchmark-results-v1,20260725T051723Z-a5f0fdfc,segmentation-ablation,synthetic_segmentation,datasets/synthetic/polynomial_d2/s0000065536_n000p000_seed1297748005.bin,s0000065536_n000p000_seed1297748005.bin,CC0-1.0,python/mathzip_bench/synthetic.py and datasets/synthetic/manifest.json,datasets/synthetic/manifest.json,c7188cafa911c31e5d80193ab1dae1d468dfe9e6deafecb9be709a46aae23de1,true,84d3c13eee3f79467573fc92d68af063eeeb786852df80299fe4c5e51659f4e3,7.0,65536,mathzip-fast-fixed-64kib,mathzip,fast,"Fixed segmentation, 64 KiB",1,ok,,3,3,164,399.609756097561,0.99749755859375,99.749755859375,0.02001953125,0.0,0.03893540000717621,0.005066033991170116,1.6831983230664385,12.936352206524175,0.038145000000000095,0.0044240000000002055,3764224.0,true,true,3bbfe72d672ca5eb6cb2f4921ed3bf35418d80d4bd1e9d76d5288d2d9aacfdb9,84d3c13eee3f79467573fc92d68af063eeeb786852df80299fe4c5e51659f4e3,"[{""type"":""delta""}]",1,65536.0,65536.0,"{""affine"":1}","{""rle"":1}",2,36,6,120,0.0,0.0,0.00026615423635777775,6,1,1,0.004092587,0.00054107,0.03004576,"[""'<repo>/target/release/mathzip' compress --mode fast --max-input-bytes 8589934592 --no-sync --force --segmentation fixed --segment-size 65536 '<repo>/datasets/synthetic/polynomial_d2/s0000065536_n000p000_seed1297748005.bin' '<work>/archive.mz'"",""'<repo>/target/release/mathzip' compress --mode fast --max-input-bytes 8589934592 --no-sync --force --segmentation fixed --segment-size 65536 --metrics-output '<work>/metrics-probe.mz.metrics.json' '<repo>/datasets/synthetic/polynomial_d2/s0000065536_n000p000_seed1297748005.bin' '<work>/metrics-probe.mz'"",""'<repo>/target/release/mathzip' decompress --max-archive-bytes 17179869184 --max-output-bytes 8589934592 --max-segments 8388608 --no-sync --force '<work>/archive.mz' '<work>/restored.bin'""]","{""family"":""polynomial_d2"",""noise_density"":0.0,""seed"":1297748005,""size_requested"":65536}"
mathzip-benchmark-results-v1,20260725T051723Z-a5f0fdfc,segmentation-ablation,synthetic_segmentation,datasets/synthetic/polynomial_d2/s0000065536_n000p000_seed1297748005.bin,s0000065536_n000p000_seed1297748005.bin,CC0-1.0,python/mathzip_bench/synthetic.py and datasets/synthetic/manifest.json,datasets/synthetic/manifest.json,c7188cafa911c31e5d80193ab1dae1d468dfe9e6deafecb9be709a46aae23de1,true,84d3c13eee3f79467573fc92d68af063eeeb786852df80299fe4c5e51659f4e3,7.0,65536,mathzip-fast-fixed-256kib,mathzip,fast,"Fixed segmentation, 256 KiB",1,ok,,3,3,164,399.609756097561,0.99749755859375,99.749755859375,0.02001953125,0.0,0.03966817900072783,0.004843589005758986,1.652105078955037,13.53046262225764,0.03834099999999907,0.004162000000000887,3743744.0,true,true,3bbfe72d672ca5eb6cb2f4921ed3bf35418d80d4bd1e9d76d5288d2d9aacfdb9,84d3c13eee3f79467573fc92d68af063eeeb786852df80299fe4c5e51659f4e3,"[{""type"":""delta""}]",1,65536.0,65536.0,"{""affine"":1}","{""rle"":1}",2,36,6,120,0.0,0.0,0.00026615423635777775,6,1,1,0.003995582,0.000559533,0.02952926,"[""'<repo>/target/release/mathzip' compress --mode fast --max-input-bytes 8589934592 --no-sync --force --segmentation fixed --segment-size 262144 '<repo>/datasets/synthetic/polynomial_d2/s0000065536_n000p000_seed1297748005.bin' '<work>/archive.mz'"",""'<repo>/target/release/mathzip' compress --mode fast --max-input-bytes 8589934592 --no-sync --force --segmentation fixed --segment-size 262144 --metrics-output '<work>/metrics-probe.mz.metrics.json' '<repo>/datasets/synthetic/polynomial_d2/s0000065536_n000p000_seed1297748005.bin' '<work>/metrics-probe.mz'"",""'<repo>/target/release/mathzip' decompress --max-archive-bytes 17179869184 --max-output-bytes 8589934592 --max-segments 8388608 --no-sync --force '<work>/archive.mz' '<work>/restored.bin'""]","{""family"":""polynomial_d2"",""noise_density"":0.0,""seed"":1297748005,""size_requested"":65536}"
mathzip-benchmark-results-v1,20260725T051723Z-a5f0fdfc,segmentation-ablation,synthetic_segmentation,datasets/synthetic/polynomial_d2/s0000065536_n000p000_seed1297748005.bin,s0000065536_n000p000_seed1297748005.bin,CC0-1.0,python/mathzip_bench/synthetic.py and datasets/synthetic/manifest.json,datasets/synthetic/manifest.json,c7188cafa911c31e5d80193ab1dae1d468dfe9e6deafecb9be709a46aae23de1,true,84d3c13eee3f79467573fc92d68af063eeeb786852df80299fe4c5e51659f4e3,7.0,65536,mathzip-fast-change-point-4kib,mathzip,fast,"Change-point segmentation, 4 KiB anchor",1,ok,,3,3,164,399.609756097561,0.99749755859375,99.749755859375,0.02001953125,0.0,0.05287523400329519,0.004938545011100359,1.2394460513577261,13.270305292893928,0.052042000000000144,0.004204999999998904,3768320.0,true,true,3bbfe72d672ca5eb6cb2f4921ed3bf35418d80d4bd1e9d76d5288d2d9aacfdb9,84d3c13eee3f79467573fc92d68af063eeeb786852df80299fe4c5e51659f4e3,"[{""type"":""delta""}]",1,65536.0,65536.0,"{""affine"":1}","{""rle"":1}",2,36,6,120,0.0,0.0,0.00026615423635777775,6,1,1,0.018141024,0.000544519,0.029828591,"[""'<repo>/target/release/mathzip' compress --mode fast --max-input-bytes 8589934592 --no-sync --force --segmentation change-point --segment-size 4096 '<repo>/datasets/synthetic/polynomial_d2/s0000065536_n000p000_seed1297748005.bin' '<work>/archive.mz'"",""'<repo>/target/release/mathzip' compress --mode fast --max-input-bytes 8589934592 --no-sync --force --segmentation change-point --segment-size 4096 --metrics-output '<work>/metrics-probe.mz.metrics.json' '<repo>/datasets/synthetic/polynomial_d2/s0000065536_n000p000_seed1297748005.bin' '<work>/metrics-probe.mz'"",""'<repo>/target/release/mathzip' decompress --max-archive-bytes 17179869184 --max-output-bytes 8589934592 --max-segments 8388608 --no-sync --force '<work>/archive.mz' '<work>/restored.bin'""]","{""family"":""polynomial_d2"",""noise_density"":0.0,""seed"":1297748005,""size_requested"":65536}"
mathzip-benchmark-results-v1,20260725T051723Z-a5f0fdfc,segmentation-ablation,synthetic_segmentation,datasets/synthetic/polynomial_d2/s0000065536_n000p000_seed1297748005.bin,s0000065536_n000p000_seed1297748005.bin,CC0-1.0,python/mathzip_bench/synthetic.py and datasets/synthetic/manifest.json,datasets/synthetic/manifest.json,c7188cafa911c31e5d80193ab1dae1d468dfe9e6deafecb9be709a46aae23de1,true,84d3c13eee3f79467573fc92d68af063eeeb786852df80299fe4c5e51659f4e3,7.0,65536,mathzip-fast-adaptive-4kib,mathzip,fast,"Adaptive segmentation, 4 KiB anchor",1,ok,,3,3,436,150.3119266055046,0.99334716796875,99.334716796875,0.05322265625,0.0,0.10794589199940674,0.005266660999041051,0.6071189814278452,12.443557694701203,0.10611399999999804,0.004291999999999518,3801088.0,true,true,8bf80dc6c907f14f499367abac0c5c0aab2c2543f46e2bfa3535486bb497eada,84d3c13eee3f79467573fc92d68af063eeeb786852df80299fe4c5e51659f4e3,"[{""type"":""delta""}]",8,8192.0,8192.0,"{""affine"":8}","{""rle"":1,""sparse"":7}",16,288,12,120,0.0,0.0,0.5435216048274042,12,8,8,0.018946091,0.003657771,0.080029619,"[""'<repo>/target/release/mathzip' compress --mode fast --max-input-bytes 8589934592 --no-sync --force --segmentation adaptive --segment-size 4096 '<repo>/datasets/synthetic/polynomial_d2/s0000065536_n000p000_seed1297748005.bin' '<work>/archive.mz'"",""'<repo>/target/release/mathzip' compress --mode fast --max-input-bytes 8589934592 --no-sync --force --segmentation adaptive --segment-size 4096 --metrics-output '<work>/metrics-probe.mz.metrics.json' '<repo>/datasets/synthetic/polynomial_d2/s0000065536_n000p000_seed1297748005.bin' '<work>/metrics-probe.mz'"",""'<repo>/target/release/mathzip' decompress --max-archive-bytes 17179869184 --max-output-bytes 8589934592 --max-segments 8388608 --no-sync --force '<work>/archive.mz' '<work>/restored.bin'""]","{""family"":""polynomial_d2"",""noise_density"":0.0,""seed"":1297748005,""size_requested"":65536}"
mathzip-benchmark-results-v1,20260725T051723Z-a5f0fdfc,segmentation-ablation,synthetic_segmentation,datasets/synthetic/polynomial_d2/s0000065536_n000p000_seed1297748005.bin,s0000065536_n000p000_seed1297748005.bin,CC0-1.0,python/mathzip_bench/synthetic.py and datasets/synthetic/manifest.json,datasets/synthetic/manifest.json,c7188cafa911c31e5d80193ab1dae1d468dfe9e6deafecb9be709a46aae23de1,true,84d3c13eee3f79467573fc92d68af063eeeb786852df80299fe4c5e51659f4e3,7.0,65536,zstd-fast,zstd,fast,,1,ok,,3,3,281,233.22419928825622,0.9957122802734375,99.57122802734375,0.0343017578125,0.0,0.006238526009838097,0.007127363001927733,10.505045566316522,9.194985576330899,0.004054999999997477,0.0037820000000010623,364544.0,true,true,66d036b22ddd4f7a4fa4cd5f79e9db054e78ed77d8bb0fd1af610d51c61af759,84d3c13eee3f79467573fc92d68af063eeeb786852df80299fe4c5e51659f4e3,,,,,,,,,,,,,,,,,,,,"[""'<external>/zstd' -q -d -c '<work>/archive.zst'"",""'<external>/zstd' -q -f -T1 -1 -c '<repo>/datasets/synthetic/polynomial_d2/s0000065536_n000p000_seed1297748005.bin'""]","{""family"":""polynomial_d2"",""noise_density"":0.0,""seed"":1297748005,""size_requested"":65536}"
mathzip-benchmark-results-v1,20260725T051723Z-a5f0fdfc,segmentation-ablation,synthetic_segmentation,datasets/synthetic/random/s0000065536_n000p000_seed1297748005.bin,s0000065536_n000p000_seed1297748005.bin,CC0-1.0,python/mathzip_bench/synthetic.py and datasets/synthetic/manifest.json,datasets/synthetic/manifest.json,c7188cafa911c31e5d80193ab1dae1d468dfe9e6deafecb9be709a46aae23de1,true,9e4d8d3305ce218314fdc3746942be9b9f0df4e3f1673227fcd510319189dbdc,7.997385715086543,65536,mathzip-fast-fixed-256b,mathzip,fast,"Fixed segmentation, 256 B",1,ok,,3,3,65692,0.9976252816172441,-0.00238037109375,-0.238037109375,8.01904296875,0.238037109375,0.06254120501398575,0.0053832419944228604,1.0478851500437918,12.174076526356519,0.06148199999999804,0.004675000000002427,3883008.0,true,true,4244eaf9c9367d55713d9f90fe9a95e9e8c636ec3ce1d5d1f26a3f1bc5aae922,9e4d8d3305ce218314fdc3746942be9b9f0df4e3f1673227fcd510319189dbdc,"[{""type"":""identity""}]",1,65536.0,65536.0,"{""raw"":1}","{""raw"":1}",0,36,65536,120,100.0,100.0,7.997385715086538,65536,0,0,0.007450969,0.019222777,0.03193546,"[""'<repo>/target/release/mathzip' compress --mode fast --max-input-bytes 8589934592 --no-sync --force --segmentation fixed --segment-size 256 '<repo>/datasets/synthetic/random/s0000065536_n000p000_seed1297748005.bin' '<work>/archive.mz'"",""'<repo>/target/release/mathzip' compress --mode fast --max-input-bytes 8589934592 --no-sync --force --segmentation fixed --segment-size 256 --metrics-output '<work>/metrics-probe.mz.metrics.json' '<repo>/datasets/synthetic/random/s0000065536_n000p000_seed1297748005.bin' '<work>/metrics-probe.mz'"",""'<repo>/target/release/mathzip' decompress --max-archive-bytes 17179869184 --max-output-bytes 8589934592 --max-segments 8388608 --no-sync --force '<work>/archive.mz' '<work>/restored.bin'""]","{""family"":""random"",""noise_density"":0.0,""seed"":1297748005,""size_requested"":65536}"
mathzip-benchmark-results-v1,20260725T051723Z-a5f0fdfc,segmentation-ablation,synthetic_segmentation,datasets/synthetic/random/s0000065536_n000p000_seed1297748005.bin,s0000065536_n000p000_seed1297748005.bin,CC0-1.0,python/mathzip_bench/synthetic.py and datasets/synthetic/manifest.json,datasets/synthetic/manifest.json,c7188cafa911c31e5d80193ab1dae1d468dfe9e6deafecb9be709a46aae23de1,true,9e4d8d3305ce218314fdc3746942be9b9f0df4e3f1673227fcd510319189dbdc,7.997385715086543,65536,mathzip-fast-fixed-1kib,mathzip,fast,"Fixed segmentation, 1 KiB",1,ok,,3,3,65692,0.9976252816172441,-0.00238037109375,-0.238037109375,8.01904296875,0.238037109375,0.04570957001124043,0.0053609599999617785,1.4337478997042425,12.224676177488218,0.04426199999999625,0.00464500000000001,3825664.0,true,true,4244eaf9c9367d55713d9f90fe9a95e9e8c636ec3ce1d5d1f26a3f1bc5aae922,9e4d8d3305ce218314fdc3746942be9b9f0df4e3f1673227fcd510319189dbdc,"[{""type"":""identity""}]",1,65536.0,65536.0,"{""raw"":1}","{""raw"":1}",0,36,65536,120,100.0,100.0,7.997385715086538,65536,0,0,0.005197687,0.005203459,0.029812607,"[""'<repo>/target/release/mathzip' compress --mode fast --max-input-bytes 8589934592 --no-sync --force --segmentation fixed --segment-size 1024 '<repo>/datasets/synthetic/random/s0000065536_n000p000_seed1297748005.bin' '<work>/archive.mz'"",""'<repo>/target/release/mathzip' compress --mode fast --max-input-bytes 8589934592 --no-sync --force --segmentation fixed --segment-size 1024 --metrics-output '<work>/metrics-probe.mz.metrics.json' '<repo>/datasets/synthetic/random/s0000065536_n000p000_seed1297748005.bin' '<work>/metrics-probe.mz'"",""'<repo>/target/release/mathzip' decompress --max-archive-bytes 17179869184 --max-output-bytes 8589934592 --max-segments 8388608 --no-sync --force '<work>/archive.mz' '<work>/restored.bin'""]","{""family"":""random"",""noise_density"":0.0,""seed"":1297748005,""size_requested"":65536}"
mathzip-benchmark-results-v1,20260725T051723Z-a5f0fdfc,segmentation-ablation,synthetic_segmentation,datasets/synthetic/random/s0000065536_n000p000_seed1297748005.bin,s0000065536_n000p000_seed1297748005.bin,CC0-1.0,python/mathzip_bench/synthetic.py and datasets/synthetic/manifest.json,datasets/synthetic/manifest.json,c7188cafa911c31e5d80193ab1dae1d468dfe9e6deafecb9be709a46aae23de1,true,9e4d8d3305ce218314fdc3746942be9b9f0df4e3f1673227fcd510319189dbdc,7.997385715086543,65536,mathzip-fast-fixed-4kib,mathzip,fast,"Fixed segmentation, 4 KiB",1,ok,,3,3,65692,0.9976252816172441,-0.00238037109375,-0.238037109375,8.01904296875,0.238037109375,0.040521734990761615,0.00529447800363414,1.6173048862528043,12.378179672295543,0.039680000000004156,0.004557999999999396,3768320.0,true,true,4244eaf9c9367d55713d9f90fe9a95e9e8c636ec3ce1d5d1f26a3f1bc5aae922,9e4d8d3305ce218314fdc3746942be9b9f0df4e3f1673227fcd510319189dbdc,"[{""type"":""identity""}]",1,65536.0,65536.0,"{""raw"":1}","{""raw"":1}",0,36,65536,120,100.0,100.0,7.997385715086538,65536,0,0,0.004827614,0.001584607,0.029793637,"[""'<repo>/target/release/mathzip' compress --mode fast --max-input-bytes 8589934592 --no-sync --force --segmentation fixed --segment-size 4096 '<repo>/datasets/synthetic/random/s0000065536_n000p000_seed1297748005.bin' '<work>/archive.mz'"",""'<repo>/target/release/mathzip' compress --mode fast --max-input-bytes 8589934592 --no-sync --force --segmentation fixed --segment-size 4096 --metrics-output '<work>/metrics-probe.mz.metrics.json' '<repo>/datasets/synthetic/random/s0000065536_n000p000_seed1297748005.bin' '<work>/metrics-probe.mz'"",""'<repo>/target/release/mathzip' decompress --max-archive-bytes 17179869184 --max-output-bytes 8589934592 --max-segments 8388608 --no-sync --force '<work>/archive.mz' '<work>/restored.bin'""]","{""family"":""random"",""noise_density"":0.0,""seed"":1297748005,""size_requested"":65536}"
mathzip-benchmark-results-v1,20260725T051723Z-a5f0fdfc,segmentation-ablation,synthetic_segmentation,datasets/synthetic/random/s0000065536_n000p000_seed1297748005.bin,s0000065536_n000p000_seed1297748005.bin,CC0-1.0,python/mathzip_bench/synthetic.py and datasets/synthetic/manifest.json,datasets/synthetic/manifest.json,c7188cafa911c31e5d80193ab1dae1d468dfe9e6deafecb9be709a46aae23de1,true,9e4d8d3305ce218314fdc3746942be9b9f0df4e3f1673227fcd510319189dbdc,7.997385715086543,65536,mathzip-fast-fixed-16kib,mathzip,fast,"Fixed segmentation, 16 KiB",1,ok,,3,3,65692,0.9976252816172441,-0.00238037109375,-0.238037109375,8.01904296875,0.238037109375,0.04064859299978707,0.005484000008436851,1.6122575263636627,11.950401148646288,0.039363999999999066,0.004723999999995954,3768320.0,true,true,4244eaf9c9367d55713d9f90fe9a95e9e8c636ec3ce1d5d1f26a3f1bc5aae922,9e4d8d3305ce218314fdc3746942be9b9f0df4e3f1673227fcd510319189dbdc,"[{""type"":""identity""}]",1,65536.0,65536.0,"{""raw"":1}","{""raw"":1}",0,36,65536,120,100.0,100.0,7.997385715086538,65536,0,0,0.004833221,0.000685155,0.030135279,"[""'<repo>/target/release/mathzip' compress --mode fast --max-input-bytes 8589934592 --no-sync --force --segmentation fixed --segment-size 16384 '<repo>/datasets/synthetic/random/s0000065536_n000p000_seed1297748005.bin' '<work>/archive.mz'"",""'<repo>/target/release/mathzip' compress --mode fast --max-input-bytes 8589934592 --no-sync --force --segmentation fixed --segment-size 16384 --metrics-output '<work>/metrics-probe.mz.metrics.json' '<repo>/datasets/synthetic/random/s0000065536_n000p000_seed1297748005.bin' '<work>/metrics-probe.mz'"",""'<repo>/target/release/mathzip' decompress --max-archive-bytes 17179869184 --max-output-bytes 8589934592 --max-segments 8388608 --no-sync --force '<work>/archive.mz' '<work>/restored.bin'""]","{""family"":""random"",""noise_density"":0.0,""seed"":1297748005,""size_requested"":65536}"
mathzip-benchmark-results-v1,20260725T051723Z-a5f0fdfc,segmentation-ablation,synthetic_segmentation,datasets/synthetic/random/s0000065536_n000p000_seed1297748005.bin,s0000065536_n000p000_seed1297748005.bin,CC0-1.0,python/mathzip_bench/synthetic.py and datasets/synthetic/manifest.json,datasets/synthetic/manifest.json,c7188cafa911c31e5d80193ab1dae1d468dfe9e6deafecb9be709a46aae23de1,true,9e4d8d3305ce218314fdc3746942be9b9f0df4e3f1673227fcd510319189dbdc,7.997385715086543,65536,mathzip-fast-fixed-64kib,mathzip,fast,"Fixed segmentation, 64 KiB",1,ok,,3,3,65692,0.9976252816172441,-0.00238037109375,-0.238037109375,8.01904296875,0.238037109375,0.03925088999676518,0.005248076995485462,1.669669146493266,12.487621667207977,0.03841700000000259,0.004582999999996673,3788800.0,true,true,4244eaf9c9367d55713d9f90fe9a95e9e8c636ec3ce1d5d1f26a3f1bc5aae922,9e4d8d3305ce218314fdc3746942be9b9f0df4e3f1673227fcd510319189dbdc,"[{""type"":""identity""}]",1,65536.0,65536.0,"{""raw"":1}","{""raw"":1}",0,36,65536,120,100.0,100.0,7.997385715086538,65536,0,0,0.00440654,0.000460849,0.029958156,"[""'<repo>/target/release/mathzip' compress --mode fast --max-input-bytes 8589934592 --no-sync --force --segmentation fixed --segment-size 65536 '<repo>/datasets/synthetic/random/s0000065536_n000p000_seed1297748005.bin' '<work>/archive.mz'"",""'<repo>/target/release/mathzip' compress --mode fast --max-input-bytes 8589934592 --no-sync --force --segmentation fixed --segment-size 65536 --metrics-output '<work>/metrics-probe.mz.metrics.json' '<repo>/datasets/synthetic/random/s0000065536_n000p000_seed1297748005.bin' '<work>/metrics-probe.mz'"",""'<repo>/target/release/mathzip' decompress --max-archive-bytes 17179869184 --max-output-bytes 8589934592 --max-segments 8388608 --no-sync --force '<work>/archive.mz' '<work>/restored.bin'""]","{""family"":""random"",""noise_density"":0.0,""seed"":1297748005,""size_requested"":65536}"
mathzip-benchmark-results-v1,20260725T051723Z-a5f0fdfc,segmentation-ablation,synthetic_segmentation,datasets/synthetic/random/s0000065536_n000p000_seed1297748005.bin,s0000065536_n000p000_seed1297748005.bin,CC0-1.0,python/mathzip_bench/synthetic.py and datasets/synthetic/manifest.json,datasets/synthetic/manifest.json,c7188cafa911c31e5d80193ab1dae1d468dfe9e6deafecb9be709a46aae23de1,true,9e4d8d3305ce218314fdc3746942be9b9f0df4e3f1673227fcd510319189dbdc,7.997385715086543,65536,mathzip-fast-fixed-256kib,mathzip,fast,"Fixed segmentation, 256 KiB",1,ok,,3,3,65692,0.9976252816172441,-0.00238037109375,-0.238037109375,8.01904296875,0.238037109375,0.04010347800794989,0.0068434269924182445,1.634172477185358,9.576488515564876,0.038755999999999347,0.004806000000002086,3784704.0,true,true,4244eaf9c9367d55713d9f90fe9a95e9e8c636ec3ce1d5d1f26a3f1bc5aae922,9e4d8d3305ce218314fdc3746942be9b9f0df4e3f1673227fcd510319189dbdc,"[{""type"":""identity""}]",1,65536.0,65536.0,"{""raw"":1}","{""raw"":1}",0,36,65536,120,100.0,100.0,7.997385715086538,65536,0,0,0.004474247,0.000462871,0.030323808,"[""'<repo>/target/release/mathzip' compress --mode fast --max-input-bytes 8589934592 --no-sync --force --segmentation fixed --segment-size 262144 '<repo>/datasets/synthetic/random/s0000065536_n000p000_seed1297748005.bin' '<work>/archive.mz'"",""'<repo>/target/release/mathzip' compress --mode fast --max-input-bytes 8589934592 --no-sync --force --segmentation fixed --segment-size 262144 --metrics-output '<work>/metrics-probe.mz.metrics.json' '<repo>/datasets/synthetic/random/s0000065536_n000p000_seed1297748005.bin' '<work>/metrics-probe.mz'"",""'<repo>/target/release/mathzip' decompress --max-archive-bytes 17179869184 --max-output-bytes 8589934592 --max-segments 8388608 --no-sync --force '<work>/archive.mz' '<work>/restored.bin'""]","{""family"":""random"",""noise_density"":0.0,""seed"":1297748005,""size_requested"":65536}"
mathzip-benchmark-results-v1,20260725T051723Z-a5f0fdfc,segmentation-ablation,synthetic_segmentation,datasets/synthetic/random/s0000065536_n000p000_seed1297748005.bin,s0000065536_n000p000_seed1297748005.bin,CC0-1.0,python/mathzip_bench/synthetic.py and datasets/synthetic/manifest.json,datasets/synthetic/manifest.json,c7188cafa911c31e5d80193ab1dae1d468dfe9e6deafecb9be709a46aae23de1,true,9e4d8d3305ce218314fdc3746942be9b9f0df4e3f1673227fcd510319189dbdc,7.997385715086543,65536,mathzip-fast-change-point-4kib,mathzip,fast,"Change-point segmentation, 4 KiB anchor",1,ok,,3,3,65692,0.9976252816172441,-0.00238037109375,-0.238037109375,8.01904296875,0.238037109375,0.05543596400821116,0.005430794000858441,1.1821928448884342,12.06748037020752,0.05480599999999569,0.004488000000002046,3780608.0,true,true,4244eaf9c9367d55713d9f90fe9a95e9e8c636ec3ce1d5d1f26a3f1bc5aae922,9e4d8d3305ce218314fdc3746942be9b9f0df4e3f1673227fcd510319189dbdc,"[{""type"":""identity""}]",1,65536.0,65536.0,"{""raw"":1}","{""raw"":1}",0,36,65536,120,100.0,100.0,7.997385715086538,65536,0,0,0.021029514,0.000468744,0.029758384,"[""'<repo>/target/release/mathzip' compress --mode fast --max-input-bytes 8589934592 --no-sync --force --segmentation change-point --segment-size 4096 '<repo>/datasets/synthetic/random/s0000065536_n000p000_seed1297748005.bin' '<work>/archive.mz'"",""'<repo>/target/release/mathzip' compress --mode fast --max-input-bytes 8589934592 --no-sync --force --segmentation change-point --segment-size 4096 --metrics-output '<work>/metrics-probe.mz.metrics.json' '<repo>/datasets/synthetic/random/s0000065536_n000p000_seed1297748005.bin' '<work>/metrics-probe.mz'"",""'<repo>/target/release/mathzip' decompress --max-archive-bytes 17179869184 --max-output-bytes 8589934592 --max-segments 8388608 --no-sync --force '<work>/archive.mz' '<work>/restored.bin'""]","{""family"":""random"",""noise_density"":0.0,""seed"":1297748005,""size_requested"":65536}"
mathzip-benchmark-results-v1,20260725T051723Z-a5f0fdfc,segmentation-ablation,synthetic_segmentation,datasets/synthetic/random/s0000065536_n000p000_seed1297748005.bin,s0000065536_n000p000_seed1297748005.bin,CC0-1.0,python/mathzip_bench/synthetic.py and datasets/synthetic/manifest.json,datasets/synthetic/manifest.json,c7188cafa911c31e5d80193ab1dae1d468dfe9e6deafecb9be709a46aae23de1,true,9e4d8d3305ce218314fdc3746942be9b9f0df4e3f1673227fcd510319189dbdc,7.997385715086543,65536,mathzip-fast-adaptive-4kib,mathzip,fast,"Adaptive segmentation, 4 KiB anchor",1,ok,,3,3,65692,0.9976252816172441,-0.00238037109375,-0.238037109375,8.01904296875,0.238037109375,0.11796832899563015,0.0061214180022943765,0.5555389362379425,10.706016151067672,0.11505899999999869,0.004737000000002212,3796992.0,true,true,4244eaf9c9367d55713d9f90fe9a95e9e8c636ec3ce1d5d1f26a3f1bc5aae922,9e4d8d3305ce218314fdc3746942be9b9f0df4e3f1673227fcd510319189dbdc,"[{""type"":""identity""}]",1,65536.0,65536.0,"{""raw"":1}","{""raw"":1}",0,36,65536,120,100.0,100.0,7.997385715086538,65536,0,0,0.022328356,0.003428063,0.085377989,"[""'<repo>/target/release/mathzip' compress --mode fast --max-input-bytes 8589934592 --no-sync --force --segmentation adaptive --segment-size 4096 '<repo>/datasets/synthetic/random/s0000065536_n000p000_seed1297748005.bin' '<work>/archive.mz'"",""'<repo>/target/release/mathzip' compress --mode fast --max-input-bytes 8589934592 --no-sync --force --segmentation adaptive --segment-size 4096 --metrics-output '<work>/metrics-probe.mz.metrics.json' '<repo>/datasets/synthetic/random/s0000065536_n000p000_seed1297748005.bin' '<work>/metrics-probe.mz'"",""'<repo>/target/release/mathzip' decompress --max-archive-bytes 17179869184 --max-output-bytes 8589934592 --max-segments 8388608 --no-sync --force '<work>/archive.mz' '<work>/restored.bin'""]","{""family"":""random"",""noise_density"":0.0,""seed"":1297748005,""size_requested"":65536}"
mathzip-benchmark-results-v1,20260725T051723Z-a5f0fdfc,segmentation-ablation,synthetic_segmentation,datasets/synthetic/random/s0000065536_n000p000_seed1297748005.bin,s0000065536_n000p000_seed1297748005.bin,CC0-1.0,python/mathzip_bench/synthetic.py and datasets/synthetic/manifest.json,datasets/synthetic/manifest.json,c7188cafa911c31e5d80193ab1dae1d468dfe9e6deafecb9be709a46aae23de1,true,9e4d8d3305ce218314fdc3746942be9b9f0df4e3f1673227fcd510319189dbdc,7.997385715086543,65536,zstd-fast,zstd,fast,,1,ok,,3,3,65550,0.9997864225781846,-0.000213623046875,-0.0213623046875,8.001708984375,0.0213623046875,0.0057104380102828145,0.005981266993330792,11.47652769927438,10.956875871462298,0.0042500000000025295,0.004178000000003124,360448.0,true,true,97155beee33ca332af86643fc5f276dd42156acf37f326ec9319620f9ed43ffc,9e4d8d3305ce218314fdc3746942be9b9f0df4e3f1673227fcd510319189dbdc,,,,,,,,,,,,,,,,,,,,"[""'<external>/zstd' -q -d -c '<work>/archive.zst'"",""'<external>/zstd' -q -f -T1 -1 -c '<repo>/datasets/synthetic/random/s0000065536_n000p000_seed1297748005.bin'""]","{""family"":""random"",""noise_density"":0.0,""seed"":1297748005,""size_requested"":65536}"
mathzip-benchmark-results-v1,20260725T051723Z-a5f0fdfc,segmentation-ablation,synthetic_segmentation,datasets/synthetic/recurrence/s0000065536_n000p000_seed1297748005.bin,s0000065536_n000p000_seed1297748005.bin,CC0-1.0,python/mathzip_bench/synthetic.py and datasets/synthetic/manifest.json,datasets/synthetic/manifest.json,c7188cafa911c31e5d80193ab1dae1d468dfe9e6deafecb9be709a46aae23de1,true,8d5944aabf5526f28b79d4b3841ec21dbd86daac0caa96729fec8838039fdd69,7.125807747528513,65536,mathzip-fast-fixed-256b,mathzip,fast,"Fixed segmentation, 256 B",1,ok,,3,3,10872,6.027961736571008,0.8341064453125,83.41064453125,1.3271484375,0.0,0.059811166996951215,0.00514898999244906,1.0957151196086945,12.727933069613236,0.05891599999999997,0.0045000000000001705,3637248.0,true,true,f95fc7a40481b8377da258a2b3c39f2dc9dd1b21d1e90c09331572d32ec24f06,8d5944aabf5526f28b79d4b3841ec21dbd86daac0caa96729fec8838039fdd69,"[{""type"":""identity""}]",256,256.0,256.0,"{""recurrence"":256}","{""sparse"":256}",1280,9216,256,120,0.0,0.0,0.0,256,256,256,0.005905061,0.019171748,0.031037858,"[""'<repo>/target/release/mathzip' compress --mode fast --max-input-bytes 8589934592 --no-sync --force --segmentation fixed --segment-size 256 '<repo>/datasets/synthetic/recurrence/s0000065536_n000p000_seed1297748005.bin' '<work>/archive.mz'"",""'<repo>/target/release/mathzip' compress --mode fast --max-input-bytes 8589934592 --no-sync --force --segmentation fixed --segment-size 256 --metrics-output '<work>/metrics-probe.mz.metrics.json' '<repo>/datasets/synthetic/recurrence/s0000065536_n000p000_seed1297748005.bin' '<work>/metrics-probe.mz'"",""'<repo>/target/release/mathzip' decompress --max-archive-bytes 17179869184 --max-output-bytes 8589934592 --max-segments 8388608 --no-sync --force '<work>/archive.mz' '<work>/restored.bin'""]","{""family"":""recurrence"",""noise_density"":0.0,""seed"":1297748005,""size_requested"":65536}"
mathzip-benchmark-results-v1,20260725T051723Z-a5f0fdfc,segmentation-ablation,synthetic_segmentation,datasets/synthetic/recurrence/s0000065536_n000p000_seed1297748005.bin,s0000065536_n000p000_seed1297748005.bin,CC0-1.0,python/mathzip_bench/synthetic.py and datasets/synthetic/manifest.json,datasets/synthetic/manifest.json,c7188cafa911c31e5d80193ab1dae1d468dfe9e6deafecb9be709a46aae23de1,true,8d5944aabf5526f28b79d4b3841ec21dbd86daac0caa96729fec8838039fdd69,7.125807747528513,65536,mathzip-fast-fixed-1kib,mathzip,fast,"Fixed segmentation, 1 KiB",1,ok,,3,3,2808,23.33903133903134,0.9571533203125,95.71533203125,0.3427734375,0.0,0.04327031999127939,0.005161865003174171,1.5145716512659944,12.69618635119286,0.042532000000001347,0.004488000000002046,3629056.0,true,true,a63420a276a4f5a16465c4500901534fc5f4e6d088bcafa297717ec6c41777bf,8d5944aabf5526f28b79d4b3841ec21dbd86daac0caa96729fec8838039fdd69,"[{""type"":""identity""}]",64,1024.0,1024.0,"{""recurrence"":64}","{""sparse"":64}",320,2304,64,120,0.0,0.0,0.0,64,64,64,0.004463659,0.005233556,0.029531497,"[""'<repo>/target/release/mathzip' compress --mode fast --max-input-bytes 8589934592 --no-sync --force --segmentation fixed --segment-size 1024 '<repo>/datasets/synthetic/recurrence/s0000065536_n000p000_seed1297748005.bin' '<work>/archive.mz'"",""'<repo>/target/release/mathzip' compress --mode fast --max-input-bytes 8589934592 --no-sync --force --segmentation fixed --segment-size 1024 --metrics-output '<work>/metrics-probe.mz.metrics.json' '<repo>/datasets/synthetic/recurrence/s0000065536_n000p000_seed1297748005.bin' '<work>/metrics-probe.mz'"",""'<repo>/target/release/mathzip' decompress --max-archive-bytes 17179869184 --max-output-bytes 8589934592 --max-segments 8388608 --no-sync --force '<work>/archive.mz' '<work>/restored.bin'""]","{""family"":""recurrence"",""noise_density"":0.0,""seed"":1297748005,""size_requested"":65536}"
mathzip-benchmark-results-v1,20260725T051723Z-a5f0fdfc,segmentation-ablation,synthetic_segmentation,datasets/synthetic/recurrence/s0000065536_n000p000_seed1297748005.bin,s0000065536_n000p000_seed1297748005.bin,CC0-1.0,python/mathzip_bench/synthetic.py and datasets/synthetic/manifest.json,datasets/synthetic/manifest.json,c7188cafa911c31e5d80193ab1dae1d468dfe9e6deafecb9be709a46aae23de1,true,8d5944aabf5526f28b79d4b3841ec21dbd86daac0caa96729fec8838039fdd69,7.125807747528513,65536,mathzip-fast-fixed-4kib,mathzip,fast,"Fixed segmentation, 4 KiB",1,ok,,3,3,792,82.74747474747475,0.9879150390625,98.79150390625,0.0966796875,0.0,0.0397626400081208,0.005117528009577654,1.6481803015749321,12.806182961255278,0.0377900000000011,0.004462000000000188,3637248.0,true,true,db3c9486dd739ec6fa979b20668d84ba4d20fbd9193fcb763f8ca0cc1297d5a1,8d5944aabf5526f28b79d4b3841ec21dbd86daac0caa96729fec8838039fdd69,"[{""type"":""identity""}]",16,4096.0,4096.0,"{""recurrence"":16}","{""sparse"":16}",80,576,16,120,0.0,0.0,0.0,16,16,16,0.003904642,0.001573286,0.028773506,"[""'<repo>/target/release/mathzip' compress --mode fast --max-input-bytes 8589934592 --no-sync --force --segmentation fixed --segment-size 4096 '<repo>/datasets/synthetic/recurrence/s0000065536_n000p000_seed1297748005.bin' '<work>/archive.mz'"",""'<repo>/target/release/mathzip' compress --mode fast --max-input-bytes 8589934592 --no-sync --force --segmentation fixed --segment-size 4096 --metrics-output '<work>/metrics-probe.mz.metrics.json' '<repo>/datasets/synthetic/recurrence/s0000065536_n000p000_seed1297748005.bin' '<work>/metrics-probe.mz'"",""'<repo>/target/release/mathzip' decompress --max-archive-bytes 17179869184 --max-output-bytes 8589934592 --max-segments 8388608 --no-sync --force '<work>/archive.mz' '<work>/restored.bin'""]","{""family"":""recurrence"",""noise_density"":0.0,""seed"":1297748005,""size_requested"":65536}"
mathzip-benchmark-results-v1,20260725T051723Z-a5f0fdfc,segmentation-ablation,synthetic_segmentation,datasets/synthetic/recurrence/s0000065536_n000p000_seed1297748005.bin,s0000065536_n000p000_seed1297748005.bin,CC0-1.0,python/mathzip_bench/synthetic.py and datasets/synthetic/manifest.json,datasets/synthetic/manifest.json,c7188cafa911c31e5d80193ab1dae1d468dfe9e6deafecb9be709a46aae23de1,true,8d5944aabf5526f28b79d4b3841ec21dbd86daac0caa96729fec8838039fdd69,7.125807747528513,65536,mathzip-fast-fixed-16kib,mathzip,fast,"Fixed segmentation, 16 KiB",1,ok,,3,3,288,227.55555555555554,0.99560546875,99.560546875,0.03515625,0.0,0.0374853380053537,0.0055028929928084835,1.7483102324071367,11.909372049510402,0.03674799999999934,0.0046820000000025175,3670016.0,true,true,2fffe701f4d52ce57ec4b5dd8c0d5c20f85f9051b4bfcd082daa9842208ff96f,8d5944aabf5526f28b79d4b3841ec21dbd86daac0caa96729fec8838039fdd69,"[{""type"":""identity""}]",4,16384.0,16384.0,"{""recurrence"":4}","{""sparse"":4}",20,144,4,120,0.0,0.0,0.0,4,4,4,0.003657889,0.000681119,0.028841982,"[""'<repo>/target/release/mathzip' compress --mode fast --max-input-bytes 8589934592 --no-sync --force --segmentation fixed --segment-size 16384 '<repo>/datasets/synthetic/recurrence/s0000065536_n000p000_seed1297748005.bin' '<work>/archive.mz'"",""'<repo>/target/release/mathzip' compress --mode fast --max-input-bytes 8589934592 --no-sync --force --segmentation fixed --segment-size 16384 --metrics-output '<work>/metrics-probe.mz.metrics.json' '<repo>/datasets/synthetic/recurrence/s0000065536_n000p000_seed1297748005.bin' '<work>/metrics-probe.mz'"",""'<repo>/target/release/mathzip' decompress --max-archive-bytes 17179869184 --max-output-bytes 8589934592 --max-segments 8388608 --no-sync --force '<work>/archive.mz' '<work>/restored.bin'""]","{""family"":""recurrence"",""noise_density"":0.0,""seed"":1297748005,""size_requested"":65536}"
mathzip-benchmark-results-v1,20260725T051723Z-a5f0fdfc,segmentation-ablation,synthetic_segmentation,datasets/synthetic/recurrence/s0000065536_n000p000_seed1297748005.bin,s0000065536_n000p000_seed1297748005.bin,CC0-1.0,python/mathzip_bench/synthetic.py and datasets/synthetic/manifest.json,datasets/synthetic/manifest.json,c7188cafa911c31e5d80193ab1dae1d468dfe9e6deafecb9be709a46aae23de1,true,8d5944aabf5526f28b79d4b3841ec21dbd86daac0caa96729fec8838039fdd69,7.125807747528513,65536,mathzip-fast-fixed-64kib,mathzip,fast,"Fixed segmentation, 64 KiB",1,ok,,3,3,162,404.5432098765432,0.997528076171875,99.7528076171875,0.019775390625,0.0,0.03726439000456594,0.00576663100218866,1.7586763124787494,11.364694563450747,0.036509000000002345,0.004686999999996999,3874816.0,true,true,a1198b0ad2fc03c39a881403cd32d8dc22a2f7e02699aa9fb5ff8f98fae97bf3,8d5944aabf5526f28b79d4b3841ec21dbd86daac0caa96729fec8838039fdd69,"[{""type"":""identity""}]",1,65536.0,65536.0,"{""recurrence"":1}","{""sparse"":1}",5,36,1,120,0.0,0.0,0.0,1,1,1,0.00361341,0.000455726,0.029184488,"[""'<repo>/target/release/mathzip' compress --mode fast --max-input-bytes 8589934592 --no-sync --force --segmentation fixed --segment-size 65536 '<repo>/datasets/synthetic/recurrence/s0000065536_n000p000_seed1297748005.bin' '<work>/archive.mz'"",""'<repo>/target/release/mathzip' compress --mode fast --max-input-bytes 8589934592 --no-sync --force --segmentation fixed --segment-size 65536 --metrics-output '<work>/metrics-probe.mz.metrics.json' '<repo>/datasets/synthetic/recurrence/s0000065536_n000p000_seed1297748005.bin' '<work>/metrics-probe.mz'"",""'<repo>/target/release/mathzip' decompress --max-archive-bytes 17179869184 --max-output-bytes 8589934592 --max-segments 8388608 --no-sync --force '<work>/archive.mz' '<work>/restored.bin'""]","{""family"":""recurrence"",""noise_density"":0.0,""seed"":1297748005,""size_requested"":65536}"
mathzip-benchmark-results-v1,20260725T051723Z-a5f0fdfc,segmentation-ablation,synthetic_segmentation,datasets/synthetic/recurrence/s0000065536_n000p000_seed1297748005.bin,s0000065536_n000p000_seed1297748005.bin,CC0-1.0,python/mathzip_bench/synthetic.py and datasets/synthetic/manifest.json,datasets/synthetic/manifest.json,c7188cafa911c31e5d80193ab1dae1d468dfe9e6deafecb9be709a46aae23de1,true,8d5944aabf5526f28b79d4b3841ec21dbd86daac0caa96729fec8838039fdd69,7.125807747528513,65536,mathzip-fast-fixed-256kib,mathzip,fast,"Fixed segmentation, 256 KiB",1,ok,,3,3,162,404.5432098765432,0.997528076171875,99.7528076171875,0.019775390625,0.0,0.03701012099918444,0.005063738004537299,1.7707588689440967,12.94221777297271,0.036286000000000485,0.0043730000000010705,3788800.0,true,true,a1198b0ad2fc03c39a881403cd32d8dc22a2f7e02699aa9fb5ff8f98fae97bf3,8d5944aabf5526f28b79d4b3841ec21dbd86daac0caa96729fec8838039fdd69,"[{""type"":""identity""}]",1,65536.0,65536.0,"{""recurrence"":1}","{""sparse"":1}",5,36,1,120,0.0,0.0,0.0,1,1,1,0.003575401,0.000457399,0.029120555,"[""'<repo>/target/release/mathzip' compress --mode fast --max-input-bytes 8589934592 --no-sync --force --segmentation fixed --segment-size 262144 '<repo>/datasets/synthetic/recurrence/s0000065536_n000p000_seed1297748005.bin' '<work>/archive.mz'"",""'<repo>/target/release/mathzip' compress --mode fast --max-input-bytes 8589934592 --no-sync --force --segmentation fixed --segment-size 262144 --metrics-output '<work>/metrics-probe.mz.metrics.json' '<repo>/datasets/synthetic/recurrence/s0000065536_n000p000_seed1297748005.bin' '<work>/metrics-probe.mz'"",""'<repo>/target/release/mathzip' decompress --max-archive-bytes 17179869184 --max-output-bytes 8589934592 --max-segments 8388608 --no-sync --force '<work>/archive.mz' '<work>/restored.bin'""]","{""family"":""recurrence"",""noise_density"":0.0,""seed"":1297748005,""size_requested"":65536}"
mathzip-benchmark-results-v1,20260725T051723Z-a5f0fdfc,segmentation-ablation,synthetic_segmentation,datasets/synthetic/recurrence/s0000065536_n000p000_seed1297748005.bin,s0000065536_n000p000_seed1297748005.bin,CC0-1.0,python/mathzip_bench/synthetic.py and datasets/synthetic/manifest.json,datasets/synthetic/manifest.json,c7188cafa911c31e5d80193ab1dae1d468dfe9e6deafecb9be709a46aae23de1,true,8d5944aabf5526f28b79d4b3841ec21dbd86daac0caa96729fec8838039fdd69,7.125807747528513,65536,mathzip-fast-change-point-4kib,mathzip,fast,"Change-point segmentation, 4 KiB anchor",1,ok,,3,3,162,404.5432098765432,0.997528076171875,99.7528076171875,0.019775390625,0.0,0.05195072200149298,0.004936741999699734,1.2615031605935447,13.27515191273639,0.05115199999999831,0.004326999999996417,3751936.0,true,true,a1198b0ad2fc03c39a881403cd32d8dc22a2f7e02699aa9fb5ff8f98fae97bf3,8d5944aabf5526f28b79d4b3841ec21dbd86daac0caa96729fec8838039fdd69,"[{""type"":""identity""}]",1,65536.0,65536.0,"{""recurrence"":1}","{""sparse"":1}",5,36,1,120,0.0,0.0,0.0,1,1,1,0.018656153,0.000463515,0.029407682,"[""'<repo>/target/release/mathzip' compress --mode fast --max-input-bytes 8589934592 --no-sync --force --segmentation change-point --segment-size 4096 '<repo>/datasets/synthetic/recurrence/s0000065536_n000p000_seed1297748005.bin' '<work>/archive.mz'"",""'<repo>/target/release/mathzip' compress --mode fast --max-input-bytes 8589934592 --no-sync --force --segmentation change-point --segment-size 4096 --metrics-output '<work>/metrics-probe.mz.metrics.json' '<repo>/datasets/synthetic/recurrence/s0000065536_n000p000_seed1297748005.bin' '<work>/metrics-probe.mz'"",""'<repo>/target/release/mathzip' decompress --max-archive-bytes 17179869184 --max-output-bytes 8589934592 --max-segments 8388608 --no-sync --force '<work>/archive.mz' '<work>/restored.bin'""]","{""family"":""recurrence"",""noise_density"":0.0,""seed"":1297748005,""size_requested"":65536}"
mathzip-benchmark-results-v1,20260725T051723Z-a5f0fdfc,segmentation-ablation,synthetic_segmentation,datasets/synthetic/recurrence/s0000065536_n000p000_seed1297748005.bin,s0000065536_n000p000_seed1297748005.bin,CC0-1.0,python/mathzip_bench/synthetic.py and datasets/synthetic/manifest.json,datasets/synthetic/manifest.json,c7188cafa911c31e5d80193ab1dae1d468dfe9e6deafecb9be709a46aae23de1,true,8d5944aabf5526f28b79d4b3841ec21dbd86daac0caa96729fec8838039fdd69,7.125807747528513,65536,mathzip-fast-adaptive-4kib,mathzip,fast,"Adaptive segmentation, 4 KiB anchor",1,ok,,3,3,456,143.71929824561403,0.9930419921875,99.30419921875,0.0556640625,0.0,0.10976615099934861,0.005251102993497625,0.5970510890956622,12.480425556526392,0.10903899999999922,0.004541000000003237,3649536.0,true,true,407e847eaa049434586b9cb79943e42c2b2181c688474ffd3f45e1c0a5a81a16,8d5944aabf5526f28b79d4b3841ec21dbd86daac0caa96729fec8838039fdd69,"[{""type"":""identity""}]",8,8192.0,8192.0,"{""recurrence"":8}","{""sparse"":8}",40,288,8,120,0.0,0.0,0.0,8,8,8,0.019234517,0.003449718,0.08276333,"[""'<repo>/target/release/mathzip' compress --mode fast --max-input-bytes 8589934592 --no-sync --force --segmentation adaptive --segment-size 4096 '<repo>/datasets/synthetic/recurrence/s0000065536_n000p000_seed1297748005.bin' '<work>/archive.mz'"",""'<repo>/target/release/mathzip' compress --mode fast --max-input-bytes 8589934592 --no-sync --force --segmentation adaptive --segment-size 4096 --metrics-output '<work>/metrics-probe.mz.metrics.json' '<repo>/datasets/synthetic/recurrence/s0000065536_n000p000_seed1297748005.bin' '<work>/metrics-probe.mz'"",""'<repo>/target/release/mathzip' decompress --max-archive-bytes 17179869184 --max-output-bytes 8589934592 --max-segments 8388608 --no-sync --force '<work>/archive.mz' '<work>/restored.bin'""]","{""family"":""recurrence"",""noise_density"":0.0,""seed"":1297748005,""size_requested"":65536}"
mathzip-benchmark-results-v1,20260725T051723Z-a5f0fdfc,segmentation-ablation,synthetic_segmentation,datasets/synthetic/recurrence/s0000065536_n000p000_seed1297748005.bin,s0000065536_n000p000_seed1297748005.bin,CC0-1.0,python/mathzip_bench/synthetic.py and datasets/synthetic/manifest.json,datasets/synthetic/manifest.json,c7188cafa911c31e5d80193ab1dae1d468dfe9e6deafecb9be709a46aae23de1,true,8d5944aabf5526f28b79d4b3841ec21dbd86daac0caa96729fec8838039fdd69,7.125807747528513,65536,zstd-fast,zstd,fast,,1,ok,,3,3,409,160.23471882640587,0.9937591552734375,99.37591552734375,0.0499267578125,0.0,0.006820834998507053,0.009284778003348038,9.608207794843967,7.058434781786715,0.004181999999996577,0.00384599999999935,360448.0,true,true,6db7ff8e6df4dd84d55f72d9dde9b3e6c3859ecdbdf4612e4e3744986a30c83c,8d5944aabf5526f28b79d4b3841ec21dbd86daac0caa96729fec8838039fdd69,,,,,,,,,,,,,,,,,,,,"[""'<external>/zstd' -q -d -c '<work>/archive.zst'"",""'<external>/zstd' -q -f -T1 -1 -c '<repo>/datasets/synthetic/recurrence/s0000065536_n000p000_seed1297748005.bin'""]","{""family"":""recurrence"",""noise_density"":0.0,""seed"":1297748005,""size_requested"":65536}"
mathzip-benchmark-results-v1,20260725T051723Z-a5f0fdfc,segmentation-ablation,canterbury_segmentation,datasets/data/canterbury/alice29.txt,alice29.txt,Upstream files retain their original terms; see dataset manifest,datasets/manifests/canterbury.json,datasets/data/canterbury/dataset.json,30daaac9157db37ceda0cc444f6c9c304e91cf17e0164d0a12bc354539937151,true,7467306ee0feed4971260f3c87421154a05be571d944e9cb021a5713700c38f0,4.567680212177265,152089,mathzip-fast-fixed-256b,mathzip,fast,"Fixed segmentation, 256 B",1,ok,,3,3,152245,0.9989753358074157,-0.0010257152062278507,-0.10257152062278507,8.008205721649823,0.10257152062278507,0.18194762599887326,0.007630103005794808,0.8358943908448788,19.93275842862062,0.18078200000000066,0.006593999999999767,4530176.0,true,true,ef73b80193521aca01bf144b267430f0940747cb6816791189374acf50aab283,7467306ee0feed4971260f3c87421154a05be571d944e9cb021a5713700c38f0,"[{""type"":""identity""}]",1,152089.0,152089.0,"{""raw"":1}","{""raw"":1}",0,36,152089,120,100.0,100.0,4.567680212177265,152089,0,0,0.016676256,0.045002682,0.117978463,"[""'<repo>/target/release/mathzip' compress --mode fast --max-input-bytes 8589934592 --no-sync --force --segmentation fixed --segment-size 256 '<repo>/datasets/data/canterbury/alice29.txt' '<work>/archive.mz'"",""'<repo>/target/release/mathzip' compress --mode fast --max-input-bytes 8589934592 --no-sync --force --segmentation fixed --segment-size 256 --metrics-output '<work>/metrics-probe.mz.metrics.json' '<repo>/datasets/data/canterbury/alice29.txt' '<work>/metrics-probe.mz'"",""'<repo>/target/release/mathzip' decompress --max-archive-bytes 17179869184 --max-output-bytes 8589934592 --max-segments 8388608 --no-sync --force '<work>/archive.mz' '<work>/restored.bin'""]",{}
mathzip-benchmark-results-v1,20260725T051723Z-a5f0fdfc,segmentation-ablation,canterbury_segmentation,datasets/data/canterbury/alice29.txt,alice29.txt,Upstream files retain their original terms; see dataset manifest,datasets/manifests/canterbury.json,datasets/data/canterbury/dataset.json,30daaac9157db37ceda0cc444f6c9c304e91cf17e0164d0a12bc354539937151,true,7467306ee0feed4971260f3c87421154a05be571d944e9cb021a5713700c38f0,4.567680212177265,152089,mathzip-fast-fixed-1kib,mathzip,fast,"Fixed segmentation, 1 KiB",1,ok,,3,3,138318,1.0995604332046445,0.0905456673395183,9.05456673395183,7.275634661283854,0.0,0.14302401700115297,0.00927321199560538,1.063380844622578,16.40089756085332,0.14212900000000062,0.008503999999998513,4489216.0,true,true,aa2d6eb44ce885f36f4b0f28a844076e6c4459d2b23584601f620a7fa07b0788,7467306ee0feed4971260f3c87421154a05be571d944e9cb021a5713700c38f0,"[{""type"":""xor""}]",149,1020.7315436241611,1024.0,"{""raw"":149}","{""bit_pack"":147,""zero_run"":2}",0,5364,132834,120,100.0,0.0,5.89343841565126,132834,0,0,0.013184646,0.012243926,0.114261242,"[""'<repo>/target/release/mathzip' compress --mode fast --max-input-bytes 8589934592 --no-sync --force --segmentation fixed --segment-size 1024 '<repo>/datasets/data/canterbury/alice29.txt' '<work>/archive.mz'"",""'<repo>/target/release/mathzip' compress --mode fast --max-input-bytes 8589934592 --no-sync --force --segmentation fixed --segment-size 1024 --metrics-output '<work>/metrics-probe.mz.metrics.json' '<repo>/datasets/data/canterbury/alice29.txt' '<work>/metrics-probe.mz'"",""'<repo>/target/release/mathzip' decompress --max-archive-bytes 17179869184 --max-output-bytes 8589934592 --max-segments 8388608 --no-sync --force '<work>/archive.mz' '<work>/restored.bin'""]",{}
mathzip-benchmark-results-v1,20260725T051723Z-a5f0fdfc,segmentation-ablation,canterbury_segmentation,datasets/data/canterbury/alice29.txt,alice29.txt,Upstream files retain their original terms; see dataset manifest,datasets/manifests/canterbury.json,datasets/data/canterbury/dataset.json,30daaac9157db37ceda0cc444f6c9c304e91cf17e0164d0a12bc354539937151,true,7467306ee0feed4971260f3c87421154a05be571d944e9cb021a5713700c38f0,4.567680212177265,152089,mathzip-fast-fixed-4kib,mathzip,fast,"Fixed segmentation, 4 KiB",1,ok,,3,3,134522,1.1305883052586194,0.11550473735773137,11.550473735773137,7.075962101138149,0.0,0.13027334499929566,0.009389740007463843,1.1674606190608086,16.197360084422513,0.1295470000000023,0.008520000000004302,4554752.0,true,true,ac8a3d1190d81d19a102ca25c823c61ca2f7b53ea1d46f91c0c0a1435337a1b6,7467306ee0feed4971260f3c87421154a05be571d944e9cb021a5713700c38f0,"[{""type"":""xor""}]",38,4002.342105263158,4096.0,"{""raw"":38}","{""bit_pack"":37,""zero_run"":1}",0,1368,133034,120,100.0,0.0,5.89343841565126,133034,0,0,0.011516542,0.003861431,0.110581987,"[""'<repo>/target/release/mathzip' compress --mode fast --max-input-bytes 8589934592 --no-sync --force --segmentation fixed --segment-size 4096 '<repo>/datasets/data/canterbury/alice29.txt' '<work>/archive.mz'"",""'<repo>/target/release/mathzip' compress --mode fast --max-input-bytes 8589934592 --no-sync --force --segmentation fixed --segment-size 4096 --metrics-output '<work>/metrics-probe.mz.metrics.json' '<repo>/datasets/data/canterbury/alice29.txt' '<work>/metrics-probe.mz'"",""'<repo>/target/release/mathzip' decompress --max-archive-bytes 17179869184 --max-output-bytes 8589934592 --max-segments 8388608 --no-sync --force '<work>/archive.mz' '<work>/restored.bin'""]",{}
mathzip-benchmark-results-v1,20260725T051723Z-a5f0fdfc,segmentation-ablation,canterbury_segmentation,datasets/data/canterbury/alice29.txt,alice29.txt,Upstream files retain their original terms; see dataset manifest,datasets/manifests/canterbury.json,datasets/data/canterbury/dataset.json,30daaac9157db37ceda0cc444f6c9c304e91cf17e0164d0a12bc354539937151,true,7467306ee0feed4971260f3c87421154a05be571d944e9cb021a5713700c38f0,4.567680212177265,152089,mathzip-fast-fixed-16kib,mathzip,fast,"Fixed segmentation, 16 KiB",1,ok,,3,3,133568,1.1386634523239099,0.12177738034966368,12.177738034966367,7.025780957202691,0.0,0.1268888960039476,0.009214477002387866,1.198599757659397,16.505440293636546,0.12554199999999938,0.008496000000000947,4435968.0,true,true,0f57531997d66a7dbd4b2ea6cfc45c569ae144d343f8a30e86cf3e05891f4375,7467306ee0feed4971260f3c87421154a05be571d944e9cb021a5713700c38f0,"[{""type"":""identity""}]",10,15208.9,16384.0,"{""raw"":10}","{""bit_pack"":10}",0,360,133088,120,100.0,0.0,4.567680212177265,133088,0,0,0.011253794,0.001685361,0.108780567,"[""'<repo>/target/release/mathzip' compress --mode fast --max-input-bytes 8589934592 --no-sync --force --segmentation fixed --segment-size 16384 '<repo>/datasets/data/canterbury/alice29.txt' '<work>/archive.mz'"",""'<repo>/target/release/mathzip' compress --mode fast --max-input-bytes 8589934592 --no-sync --force --segmentation fixed --segment-size 16384 --metrics-output '<work>/metrics-probe.mz.metrics.json' '<repo>/datasets/data/canterbury/alice29.txt' '<work>/metrics-probe.mz'"",""'<repo>/target/release/mathzip' decompress --max-archive-bytes 17179869184 --max-output-bytes 8589934592 --max-segments 8388608 --no-sync --force '<work>/archive.mz' '<work>/restored.bin'""]",{}
mathzip-benchmark-results-v1,20260725T051723Z-a5f0fdfc,segmentation-ablation,canterbury_segmentation,datasets/data/canterbury/alice29.txt,alice29.txt,Upstream files retain their original terms; see dataset manifest,datasets/manifests/canterbury.json,datasets/data/canterbury/dataset.json,30daaac9157db37ceda0cc444f6c9c304e91cf17e0164d0a12bc354539937151,true,7467306ee0feed4971260f3c87421154a05be571d944e9cb021a5713700c38f0,4.567680212177265,152089,mathzip-fast-fixed-64kib,mathzip,fast,"Fixed segmentation, 64 KiB",1,ok,,3,3,133309,1.1408757098170417,0.12348033059590113,12.348033059590113,7.012157355232791,0.0,0.12485460699826945,0.009482519002631307,1.2181288592907753,16.038881647144265,0.12396899999999889,0.00851600000000019,4227072.0,true,true,f169b01bb955ebfecf9f12a82c48365072d9f97ee66dac7887401f113bb4939d,7467306ee0feed4971260f3c87421154a05be571d944e9cb021a5713700c38f0,"[{""type"":""identity""}]",3,50696.333333333336,65536.0,"{""raw"":3}","{""bit_pack"":3}",0,108,133081,120,100.0,0.0,4.567680212177265,133081,0,0,0.010327668,0.001161869,0.107786149,"[""'<repo>/target/release/mathzip' compress --mode fast --max-input-bytes 8589934592 --no-sync --force --segmentation fixed --segment-size 65536 '<repo>/datasets/data/canterbury/alice29.txt' '<work>/archive.mz'"",""'<repo>/target/release/mathzip' compress --mode fast --max-input-bytes 8589934592 --no-sync --force --segmentation fixed --segment-size 65536 --metrics-output '<work>/metrics-probe.mz.metrics.json' '<repo>/datasets/data/canterbury/alice29.txt' '<work>/metrics-probe.mz'"",""'<repo>/target/release/mathzip' decompress --max-archive-bytes 17179869184 --max-output-bytes 8589934592 --max-segments 8388608 --no-sync --force '<work>/archive.mz' '<work>/restored.bin'""]",{}
mathzip-benchmark-results-v1,20260725T051723Z-a5f0fdfc,segmentation-ablation,canterbury_segmentation,datasets/data/canterbury/alice29.txt,alice29.txt,Upstream files retain their original terms; see dataset manifest,datasets/manifests/canterbury.json,datasets/data/canterbury/dataset.json,30daaac9157db37ceda0cc444f6c9c304e91cf17e0164d0a12bc354539937151,true,7467306ee0feed4971260f3c87421154a05be571d944e9cb021a5713700c38f0,4.567680212177265,152089,mathzip-fast-fixed-256kib,mathzip,fast,"Fixed segmentation, 256 KiB",1,ok,,3,3,133235,1.141509363155327,0.1239668878091118,12.39668878091118,7.008264897527106,0.0,0.12426888999470975,0.00964168099744711,1.2238702703989275,15.774116571609202,0.12332199999999816,0.008625999999999578,4427776.0,true,true,63ffdadf1c59e02ae1f01403aa0656e890894910f4c8546e76a65f636671c5e9,7467306ee0feed4971260f3c87421154a05be571d944e9cb021a5713700c38f0,"[{""type"":""identity""}]",1,152089.0,152089.0,"{""raw"":1}","{""bit_pack"":1}",0,36,133079,120,100.0,0.0,4.567680212177265,133079,0,0,0.010577864,0.000971753,0.107444547,"[""'<repo>/target/release/mathzip' compress --mode fast --max-input-bytes 8589934592 --no-sync --force --segmentation fixed --segment-size 262144 '<repo>/datasets/data/canterbury/alice29.txt' '<work>/archive.mz'"",""'<repo>/target/release/mathzip' compress --mode fast --max-input-bytes 8589934592 --no-sync --force --segmentation fixed --segment-size 262144 --metrics-output '<work>/metrics-probe.mz.metrics.json' '<repo>/datasets/data/canterbury/alice29.txt' '<work>/metrics-probe.mz'"",""'<repo>/target/release/mathzip' decompress --max-archive-bytes 17179869184 --max-output-bytes 8589934592 --max-segments 8388608 --no-sync --force '<work>/archive.mz' '<work>/restored.bin'""]",{}
mathzip-benchmark-results-v1,20260725T051723Z-a5f0fdfc,segmentation-ablation,canterbury_segmentation,datasets/data/canterbury/alice29.txt,alice29.txt,Upstream files retain their original terms; see dataset manifest,datasets/manifests/canterbury.json,datasets/data/canterbury/dataset.json,30daaac9157db37ceda0cc444f6c9c304e91cf17e0164d0a12bc354539937151,true,7467306ee0feed4971260f3c87421154a05be571d944e9cb021a5713700c38f0,4.567680212177265,152089,mathzip-fast-change-point-4kib,mathzip,fast,"Change-point segmentation, 4 KiB anchor",1,ok,,3,3,133028,1.1432856240791411,0.1253279329866065,12.53279329866065,6.997376536107148,0.0,0.24591938700177707,0.00949370900343638,0.6184506307300651,16.019977012666946,0.24203099999999722,0.00871299999999664,4427776.0,true,true,de158a1d4959e8e5817c0f88d2d17975e674c00f98c95ebe967b786884402091,7467306ee0feed4971260f3c87421154a05be571d944e9cb021a5713700c38f0,"[{""type"":""xor""}]",6,25348.166666666668,18700.5,"{""raw"":6}","{""bit_pack"":5,""zero_run"":1}",0,216,132692,120,100.0,0.0,5.89343841565126,132692,0,0,0.045388026,0.003146604,0.189707821,"[""'<repo>/target/release/mathzip' compress --mode fast --max-input-bytes 8589934592 --no-sync --force --segmentation change-point --segment-size 4096 '<repo>/datasets/data/canterbury/alice29.txt' '<work>/archive.mz'"",""'<repo>/target/release/mathzip' compress --mode fast --max-input-bytes 8589934592 --no-sync --force --segmentation change-point --segment-size 4096 --metrics-output '<work>/metrics-probe.mz.metrics.json' '<repo>/datasets/data/canterbury/alice29.txt' '<work>/metrics-probe.mz'"",""'<repo>/target/release/mathzip' decompress --max-archive-bytes 17179869184 --max-output-bytes 8589934592 --max-segments 8388608 --no-sync --force '<work>/archive.mz' '<work>/restored.bin'""]",{}
mathzip-benchmark-results-v1,20260725T051723Z-a5f0fdfc,segmentation-ablation,canterbury_segmentation,datasets/data/canterbury/alice29.txt,alice29.txt,Upstream files retain their original terms; see dataset manifest,datasets/manifests/canterbury.json,datasets/data/canterbury/dataset.json,30daaac9157db37ceda0cc444f6c9c304e91cf17e0164d0a12bc354539937151,true,7467306ee0feed4971260f3c87421154a05be571d944e9cb021a5713700c38f0,4.567680212177265,152089,mathzip-fast-adaptive-4kib,mathzip,fast,"Adaptive segmentation, 4 KiB anchor",1,ok,,3,3,133620,1.1382203262984583,0.12143547528092102,12.143547528092103,7.028516197752632,0.0,0.38766977400518954,0.009092314998270012,0.3923158579754636,16.727203141217373,0.3837440000000001,0.008329000000003361,4562944.0,true,true,ad61df058a4573a018e8ca4c7007523b6a2703ea4ad58bc750058bf93c18670d,7467306ee0feed4971260f3c87421154a05be571d944e9cb021a5713700c38f0,"[{""type"":""xor""}]",22,6913.136363636364,8192.0,"{""raw"":22}","{""bit_pack"":21,""zero_run"":1}",0,792,132708,120,100.0,0.0,5.89343841565126,132708,0,0,0.046109133,0.009286885,0.323706791,"[""'<repo>/target/release/mathzip' compress --mode fast --max-input-bytes 8589934592 --no-sync --force --segmentation adaptive --segment-size 4096 '<repo>/datasets/data/canterbury/alice29.txt' '<work>/archive.mz'"",""'<repo>/target/release/mathzip' compress --mode fast --max-input-bytes 8589934592 --no-sync --force --segmentation adaptive --segment-size 4096 --metrics-output '<work>/metrics-probe.mz.metrics.json' '<repo>/datasets/data/canterbury/alice29.txt' '<work>/metrics-probe.mz'"",""'<repo>/target/release/mathzip' decompress --max-archive-bytes 17179869184 --max-output-bytes 8589934592 --max-segments 8388608 --no-sync --force '<work>/archive.mz' '<work>/restored.bin'""]",{}
mathzip-benchmark-results-v1,20260725T051723Z-a5f0fdfc,segmentation-ablation,canterbury_segmentation,datasets/data/canterbury/alice29.txt,alice29.txt,Upstream files retain their original terms; see dataset manifest,datasets/manifests/canterbury.json,datasets/data/canterbury/dataset.json,30daaac9157db37ceda0cc444f6c9c304e91cf17e0164d0a12bc354539937151,true,7467306ee0feed4971260f3c87421154a05be571d944e9cb021a5713700c38f0,4.567680212177265,152089,zstd-fast,zstd,fast,,1,ok,,3,3,59661,2.5492197583010676,0.6077231094950983,60.77231094950983,3.1382151240392138,0.0,0.006765544007066637,0.00669121700047981,22.479936549247547,22.729646937036133,0.006229999999995073,0.004677000000008036,360448.0,true,true,9a9c91793d8a0141f0c601a569624a1b08bb0bf27310b823f20885b14f774cb5,7467306ee0feed4971260f3c87421154a05be571d944e9cb021a5713700c38f0,,,,,,,,,,,,,,,,,,,,"[""'<external>/zstd' -q -d -c '<work>/archive.zst'"",""'<external>/zstd' -q -f -T1 -1 -c '<repo>/datasets/data/canterbury/alice29.txt'""]",{}
mathzip-benchmark-results-v1,20260725T051723Z-a5f0fdfc,segmentation-ablation,canterbury_segmentation,datasets/data/canterbury/sum,sum,Upstream files retain their original terms; see dataset manifest,datasets/manifests/canterbury.json,datasets/data/canterbury/dataset.json,30daaac9157db37ceda0cc444f6c9c304e91cf17e0164d0a12bc354539937151,true,ee5733cd76ecc2f9d8ff156adc3c02a7a851051dcf43a2d56ff4ee4ff606bdb3,5.328990058101005,38240,mathzip-fast-fixed-256b,mathzip,fast,"Fixed segmentation, 256 B",1,ok,,3,3,34783,1.0993876318891413,0.09040271966527191,9.040271966527191,7.276778242677825,0.0,0.04358834899903741,0.005255931988358498,0.8772986561350256,7.275588817492081,0.042626000000005604,0.004543999999995663,3674112.0,true,true,33a134ca063562ff9100fe0ee3512181e09e7feec16cb98579939d69649aece5,ee5733cd76ecc2f9d8ff156adc3c02a7a851051dcf43a2d56ff4ee4ff606bdb3,"[{""type"":""identity""}]",150,254.93333333333334,256.0,"{""periodic"":38,""raw"":106,""recurrence"":6}","{""bit_pack"":57,""raw"":20,""sparse"":53,""zero_run"":20}",535,5400,28728,120,70.5439330543933,13.389121338912133,5.218075037368994,28728,44,16,0.003904897,0.011319698,0.024302551,"[""'<repo>/target/release/mathzip' compress --mode fast --max-input-bytes 8589934592 --no-sync --force --segmentation fixed --segment-size 256 '<repo>/datasets/data/canterbury/sum' '<work>/archive.mz'"",""'<repo>/target/release/mathzip' compress --mode fast --max-input-bytes 8589934592 --no-sync --force --segmentation fixed --segment-size 256 --metrics-output '<work>/metrics-probe.mz.metrics.json' '<repo>/datasets/data/canterbury/sum' '<work>/metrics-probe.mz'"",""'<repo>/target/release/mathzip' decompress --max-archive-bytes 17179869184 --max-output-bytes 8589934592 --max-segments 8388608 --no-sync --force '<work>/archive.mz' '<work>/restored.bin'""]",{}
mathzip-benchmark-results-v1,20260725T051723Z-a5f0fdfc,segmentation-ablation,canterbury_segmentation,datasets/data/canterbury/sum,sum,Upstream files retain their original terms; see dataset manifest,datasets/manifests/canterbury.json,datasets/data/canterbury/dataset.json,30daaac9157db37ceda0cc444f6c9c304e91cf17e0164d0a12bc354539937151,true,ee5733cd76ecc2f9d8ff156adc3c02a7a851051dcf43a2d56ff4ee4ff606bdb3,5.328990058101005,38240,mathzip-fast-fixed-1kib,mathzip,fast,"Fixed segmentation, 1 KiB",1,ok,,3,3,32237,1.1862145981325807,0.15698221757322173,15.698221757322173,6.744142259414226,0.0,0.03304308300721459,0.005016737006371841,1.1572770008068172,7.622484485718655,0.03232500000000016,0.004351999999997247,3698688.0,true,true,586632a44cf98113b3019f373103e92f1753b37516edf3432232bc230254dd09,ee5733cd76ecc2f9d8ff156adc3c02a7a851051dcf43a2d56ff4ee4ff606bdb3,"[{""type"":""identity""}]",38,1006.3157894736842,1024.0,"{""periodic"":2,""raw"":36}","{""bit_pack"":14,""raw"":6,""sparse"":11,""zero_run"":7}",26,1368,30723,120,94.64435146443515,16.06694560669456,5.301794766285278,30723,2,0,0.002994103,0.003100592,0.022669337,"[""'<repo>/target/release/mathzip' compress --mode fast --max-input-bytes 8589934592 --no-sync --force --segmentation fixed --segment-size 1024 '<repo>/datasets/data/canterbury/sum' '<work>/archive.mz'"",""'<repo>/target/release/mathzip' compress --mode fast --max-input-bytes 8589934592 --no-sync --force --segmentation fixed --segment-size 1024 --metrics-output '<work>/metrics-probe.mz.metrics.json' '<repo>/datasets/data/canterbury/sum' '<work>/metrics-probe.mz'"",""'<repo>/target/release/mathzip' decompress --max-archive-bytes 17179869184 --max-output-bytes 8589934592 --max-segments 8388608 --no-sync --force '<work>/archive.mz' '<work>/restored.bin'""]",{}
mathzip-benchmark-results-v1,20260725T051723Z-a5f0fdfc,segmentation-ablation,canterbury_segmentation,datasets/data/canterbury/sum,sum,Upstream files retain their original terms; see dataset manifest,datasets/manifests/canterbury.json,datasets/data/canterbury/dataset.json,30daaac9157db37ceda0cc444f6c9c304e91cf17e0164d0a12bc354539937151,true,ee5733cd76ecc2f9d8ff156adc3c02a7a851051dcf43a2d56ff4ee4ff606bdb3,5.328990058101005,38240,mathzip-fast-fixed-4kib,mathzip,fast,"Fixed segmentation, 4 KiB",1,ok,,3,3,32423,1.1794096783147765,0.15211820083682004,15.211820083682003,6.78305439330544,0.0,0.033055594001780264,0.0064233349985443056,1.1568389906392402,5.953293734277627,0.029612000000000194,0.004525999999998476,3624960.0,true,true,e117630723374b7d321151df5402ed2ce40676bcf940268d62609bd044dd47e1,ee5733cd76ecc2f9d8ff156adc3c02a7a851051dcf43a2d56ff4ee4ff606bdb3,"[{""type"":""identity""}]",10,3824.0,4096.0,"{""periodic"":1,""raw"":9}","{""bit_pack"":3,""raw"":1,""sparse"":1,""zero_run"":5}",13,360,31930,120,89.2887029288703,10.711297071129707,5.3707596824292265,31930,1,0,0.00264571,0.00101059,0.022455284,"[""'<repo>/target/release/mathzip' compress --mode fast --max-input-bytes 8589934592 --no-sync --force --segmentation fixed --segment-size 4096 '<repo>/datasets/data/canterbury/sum' '<work>/archive.mz'"",""'<repo>/target/release/mathzip' compress --mode fast --max-input-bytes 8589934592 --no-sync --force --segmentation fixed --segment-size 4096 --metrics-output '<work>/metrics-probe.mz.metrics.json' '<repo>/datasets/data/canterbury/sum' '<work>/metrics-probe.mz'"",""'<repo>/target/release/mathzip' decompress --max-archive-bytes 17179869184 --max-output-bytes 8589934592 --max-segments 8388608 --no-sync --force '<work>/archive.mz' '<work>/restored.bin'""]",{}
mathzip-benchmark-results-v1,20260725T051723Z-a5f0fdfc,segmentation-ablation,canterbury_segmentation,datasets/data/canterbury/sum,sum,Upstream files retain their original terms; see dataset manifest,datasets/manifests/canterbury.json,datasets/data/canterbury/dataset.json,30daaac9157db37ceda0cc444f6c9c304e91cf17e0164d0a12bc354539937151,true,ee5733cd76ecc2f9d8ff156adc3c02a7a851051dcf43a2d56ff4ee4ff606bdb3,5.328990058101005,38240,mathzip-fast-fixed-16kib,mathzip,fast,"Fixed segmentation, 16 KiB",1,ok,,3,3,34861,1.0969277989730644,0.08836297071129706,8.836297071129707,7.2930962343096235,0.0,0.026827207999303937,0.006334192003123462,1.4254185527242411,6.037076233423841,0.025766999999994766,0.0045379999999966,3674112.0,true,true,6e6f8e2c2d2ed26e6d182534dd1a6b026aac4a81a69536f16b47b96dff19d043,ee5733cd76ecc2f9d8ff156adc3c02a7a851051dcf43a2d56ff4ee4ff606bdb3,"[{""type"":""identity""}]",3,12746.666666666666,16384.0,"{""raw"":3}","{""zero_run"":3}",0,108,34633,120,100.0,0.0,5.328990058101005,34633,0,0,0.002614761,0.0004941,0.018979515,"[""'<repo>/target/release/mathzip' compress --mode fast --max-input-bytes 8589934592 --no-sync --force --segmentation fixed --segment-size 16384 '<repo>/datasets/data/canterbury/sum' '<work>/archive.mz'"",""'<repo>/target/release/mathzip' compress --mode fast --max-input-bytes 8589934592 --no-sync --force --segmentation fixed --segment-size 16384 --metrics-output '<work>/metrics-probe.mz.metrics.json' '<repo>/datasets/data/canterbury/sum' '<work>/metrics-probe.mz'"",""'<repo>/target/release/mathzip' decompress --max-archive-bytes 17179869184 --max-output-bytes 8589934592 --max-segments 8388608 --no-sync --force '<work>/archive.mz' '<work>/restored.bin'""]",{}
mathzip-benchmark-results-v1,20260725T051723Z-a5f0fdfc,segmentation-ablation,canterbury_segmentation,datasets/data/canterbury/sum,sum,Upstream files retain their original terms; see dataset manifest,datasets/manifests/canterbury.json,datasets/data/canterbury/dataset.json,30daaac9157db37ceda0cc444f6c9c304e91cf17e0164d0a12bc354539937151,true,ee5733cd76ecc2f9d8ff156adc3c02a7a851051dcf43a2d56ff4ee4ff606bdb3,5.328990058101005,38240,mathzip-fast-fixed-64kib,mathzip,fast,"Fixed segmentation, 64 KiB",1,ok,,3,3,34785,1.0993244214460256,0.09035041841004188,9.035041841004187,7.277196652719665,0.0,0.02736636600457132,0.0063102040003286675,1.3973356927847977,6.060025951301776,0.02663400000000138,0.004449999999998511,3706880.0,true,true,f829165fa6a7d6554cc1d6003fb1d419ee207d6738bde42b29ecaefbfbdce03a,ee5733cd76ecc2f9d8ff156adc3c02a7a851051dcf43a2d56ff4ee4ff606bdb3,"[{""type"":""identity""}]",1,38240.0,38240.0,"{""raw"":1}","{""zero_run"":1}",0,36,34629,120,100.0,0.0,5.328990058101005,34629,0,0,0.002430208,0.000344516,0.020066736,"[""'<repo>/target/release/mathzip' compress --mode fast --max-input-bytes 8589934592 --no-sync --force --segmentation fixed --segment-size 65536 '<repo>/datasets/data/canterbury/sum' '<work>/archive.mz'"",""'<repo>/target/release/mathzip' compress --mode fast --max-input-bytes 8589934592 --no-sync --force --segmentation fixed --segment-size 65536 --metrics-output '<work>/metrics-probe.mz.metrics.json' '<repo>/datasets/data/canterbury/sum' '<work>/metrics-probe.mz'"",""'<repo>/target/release/mathzip' decompress --max-archive-bytes 17179869184 --max-output-bytes 8589934592 --max-segments 8388608 --no-sync --force '<work>/archive.mz' '<work>/restored.bin'""]",{}
mathzip-benchmark-results-v1,20260725T051723Z-a5f0fdfc,segmentation-ablation,canterbury_segmentation,datasets/data/canterbury/sum,sum,Upstream files retain their original terms; see dataset manifest,datasets/manifests/canterbury.json,datasets/data/canterbury/dataset.json,30daaac9157db37ceda0cc444f6c9c304e91cf17e0164d0a12bc354539937151,true,ee5733cd76ecc2f9d8ff156adc3c02a7a851051dcf43a2d56ff4ee4ff606bdb3,5.328990058101005,38240,mathzip-fast-fixed-256kib,mathzip,fast,"Fixed segmentation, 256 KiB",1,ok,,3,3,34785,1.0993244214460256,0.09035041841004188,9.035041841004187,7.277196652719665,0.0,0.027264037998975255,0.00534068800334353,1.4025802047898148,7.160126181506935,0.02655299999999272,0.004359999999998365,3727360.0,true,true,f829165fa6a7d6554cc1d6003fb1d419ee207d6738bde42b29ecaefbfbdce03a,ee5733cd76ecc2f9d8ff156adc3c02a7a851051dcf43a2d56ff4ee4ff606bdb3,"[{""type"":""identity""}]",1,38240.0,38240.0,"{""raw"":1}","{""zero_run"":1}",0,36,34629,120,100.0,0.0,5.328990058101005,34629,0,0,0.00242419,0.000342941,0.020295262,"[""'<repo>/target/release/mathzip' compress --mode fast --max-input-bytes 8589934592 --no-sync --force --segmentation fixed --segment-size 262144 '<repo>/datasets/data/canterbury/sum' '<work>/archive.mz'"",""'<repo>/target/release/mathzip' compress --mode fast --max-input-bytes 8589934592 --no-sync --force --segmentation fixed --segment-size 262144 --metrics-output '<work>/metrics-probe.mz.metrics.json' '<repo>/datasets/data/canterbury/sum' '<work>/metrics-probe.mz'"",""'<repo>/target/release/mathzip' decompress --max-archive-bytes 17179869184 --max-output-bytes 8589934592 --max-segments 8388608 --no-sync --force '<work>/archive.mz' '<work>/restored.bin'""]",{}
mathzip-benchmark-results-v1,20260725T051723Z-a5f0fdfc,segmentation-ablation,canterbury_segmentation,datasets/data/canterbury/sum,sum,Upstream files retain their original terms; see dataset manifest,datasets/manifests/canterbury.json,datasets/data/canterbury/dataset.json,30daaac9157db37ceda0cc444f6c9c304e91cf17e0164d0a12bc354539937151,true,ee5733cd76ecc2f9d8ff156adc3c02a7a851051dcf43a2d56ff4ee4ff606bdb3,5.328990058101005,38240,mathzip-fast-change-point-4kib,mathzip,fast,"Change-point segmentation, 4 KiB anchor",1,ok,,3,3,31485,1.2145466094965858,0.17664748953974896,17.664748953974897,6.586820083682008,0.0,0.08437780098756775,0.005072672996902838,0.45319976999204203,7.538431912198509,0.083044000000001,0.004350000000009402,3751936.0,true,true,c659a2c9a2ab948b3a23d37697095899abb4540457c754f022bb9accb97f94a3,ee5733cd76ecc2f9d8ff156adc3c02a7a851051dcf43a2d56ff4ee4ff606bdb3,"[{""type"":""identity""}]",16,2390.0,2048.0,"{""periodic"":2,""raw"":14}","{""bit_pack"":3,""raw"":3,""sparse"":5,""zero_run"":5}",26,576,30763,120,89.2887029288703,16.06694560669456,5.30067498388146,30763,2,0,0.011582736,0.00439696,0.063039534,"[""'<repo>/target/release/mathzip' compress --mode fast --max-input-bytes 8589934592 --no-sync --force --segmentation change-point --segment-size 4096 '<repo>/datasets/data/canterbury/sum' '<work>/archive.mz'"",""'<repo>/target/release/mathzip' compress --mode fast --max-input-bytes 8589934592 --no-sync --force --segmentation change-point --segment-size 4096 --metrics-output '<work>/metrics-probe.mz.metrics.json' '<repo>/datasets/data/canterbury/sum' '<work>/metrics-probe.mz'"",""'<repo>/target/release/mathzip' decompress --max-archive-bytes 17179869184 --max-output-bytes 8589934592 --max-segments 8388608 --no-sync --force '<work>/archive.mz' '<work>/restored.bin'""]",{}
mathzip-benchmark-results-v1,20260725T051723Z-a5f0fdfc,segmentation-ablation,canterbury_segmentation,datasets/data/canterbury/sum,sum,Upstream files retain their original terms; see dataset manifest,datasets/manifests/canterbury.json,datasets/data/canterbury/dataset.json,30daaac9157db37ceda0cc444f6c9c304e91cf17e0164d0a12bc354539937151,true,ee5733cd76ecc2f9d8ff156adc3c02a7a851051dcf43a2d56ff4ee4ff606bdb3,5.328990058101005,38240,mathzip-fast-adaptive-4kib,mathzip,fast,"Adaptive segmentation, 4 KiB anchor",1,ok,,3,3,31375,1.2188047808764941,0.17952405857740583,17.952405857740583,6.563807531380753,0.0,0.08718614300596528,0.005216803998337127,0.43860180851656233,7.33015846717437,0.0849889999999931,0.004466000000000747,3739648.0,true,true,3f7149847acd5b8db3c8526a62aaa8074b4ff7be6961417286773dcc037abfc4,ee5733cd76ecc2f9d8ff156adc3c02a7a851051dcf43a2d56ff4ee4ff606bdb3,"[{""type"":""identity""}]",17,2249.4117647058824,2048.0,"{""periodic"":2,""raw"":15}","{""bit_pack"":4,""raw"":3,""sparse"":5,""zero_run"":5}",26,612,30617,120,89.2887029288703,16.06694560669456,5.30067498388146,30617,2,0,0.01178625,0.004930908,0.064721312,"[""'<repo>/target/release/mathzip' compress --mode fast --max-input-bytes 8589934592 --no-sync --force --segmentation adaptive --segment-size 4096 '<repo>/datasets/data/canterbury/sum' '<work>/archive.mz'"",""'<repo>/target/release/mathzip' compress --mode fast --max-input-bytes 8589934592 --no-sync --force --segmentation adaptive --segment-size 4096 --metrics-output '<work>/metrics-probe.mz.metrics.json' '<repo>/datasets/data/canterbury/sum' '<work>/metrics-probe.mz'"",""'<repo>/target/release/mathzip' decompress --max-archive-bytes 17179869184 --max-output-bytes 8589934592 --max-segments 8388608 --no-sync --force '<work>/archive.mz' '<work>/restored.bin'""]",{}
mathzip-benchmark-results-v1,20260725T051723Z-a5f0fdfc,segmentation-ablation,canterbury_segmentation,datasets/data/canterbury/sum,sum,Upstream files retain their original terms; see dataset manifest,datasets/manifests/canterbury.json,datasets/data/canterbury/dataset.json,30daaac9157db37ceda0cc444f6c9c304e91cf17e0164d0a12bc354539937151,true,ee5733cd76ecc2f9d8ff156adc3c02a7a851051dcf43a2d56ff4ee4ff606bdb3,5.328990058101005,38240,zstd-fast,zstd,fast,,1,ok,,3,3,13624,2.8068115091015855,0.6437238493723849,64.3723849372385,2.8502092050209207,0.0,0.004579893997288309,0.004244391995598562,8.349538225697225,9.009535415120684,0.004089999999997929,0.00376399999999677,344064.0,true,true,3c12fb98e01ac5f536b063734e16d0786edfe0c57f8f9a5490b3d7816e01b128,ee5733cd76ecc2f9d8ff156adc3c02a7a851051dcf43a2d56ff4ee4ff606bdb3,,,,,,,,,,,,,,,,,,,,"[""'<external>/zstd' -q -d -c '<work>/archive.zst'"",""'<external>/zstd' -q -f -T1 -1 -c '<repo>/datasets/data/canterbury/sum'""]",{}
