baseline_codec,baseline_config,mathsvg_profile,dataset,file,original_bytes,baseline_bytes,mathsvg_bytes,baseline_compression_ns,mathsvg_compression_ns,baseline_decompression_ns,mathsvg_decompression_ns,baseline_peak_rss,mathsvg_peak_rss,size_not_worse,compression_not_worse,decompression_not_worse,memory_not_worse,strict_metric_count,confidence_status,roundtrip_ok,native_mathsvg,schema_version,row_scope,experiment_id,machine_id,architecture,source_commit,dataset_manifest_sha256,randomization_seed,measurement_method,measurement_tool_sha256,split,dataset_id,input_sha256,threads,mathsvg_codec,mathsvg_codec_config,mathsvg_config_sha256,mathsvg_executable_sha256,mathsvg_status,baseline_config_sha256,baseline_executable_sha256,baseline_status,size_confidence_status,compression_confidence_status,decompression_confidence_status,memory_confidence_status,comparison_status,certificate_pass,failure_reason
gzip-6,gzip-6,balanced,development,__aggregate__,10180361,6380035,7257191,741294974.5,25264226867.5,264732582.5,2230141116.5,2084864,23977984,false,false,false,false,0,confirmed,true,true,1,corpus,development-pilot-v2-retry,local-x86-64,x86_64,36f84685dc00064dae9a239face7e8eff797ed28,b1d7dba75560d44d8e234e4205e09487f93678fb8688cac6a0905486c969c2ca,1297748005,gnu-time-v1-monotonic-wall,3b11dec50514a8473e9f6efa7a34d584d0657538c09988f61b72d38ad4991a10,development,__aggregate__,,1,mathsvg,balanced-ablation-no-coordinate-v1,fb91a9679f353dac71a4fd88cd05cce5491385745b3990bfa054c63ba3a8477f,81128211b782e3a4331d1c5fcd6db21eecf78dc823faab718e7ebe3f2ceeeee8,complete,bf920ab8461c6c60c8cc32db3d853f55655e60793cf7f64068847ad56c2b2e67,afea077ce127d4fa9ad410d3066ba2b54dea19c0b44f04adf56c72d5f7b7a9bb,complete,confirmed,confirmed,confirmed,confirmed,fail,false,size worse by 877156 (13.7485%); compression worse by 24522931893 (3308.12%); decompression worse by 1965408534 (742.413%); memory worse by 21893120 (1050.1%)
lz4,lz4,balanced,development,__aggregate__,10180361,8951634,7257191,163009602.5,25264226867.5,159279254,2230141116.5,9998336,23977984,true,false,false,false,1,confirmed,true,true,1,corpus,development-pilot-v2-retry,local-x86-64,x86_64,36f84685dc00064dae9a239face7e8eff797ed28,b1d7dba75560d44d8e234e4205e09487f93678fb8688cac6a0905486c969c2ca,1297748005,gnu-time-v1-monotonic-wall,3b11dec50514a8473e9f6efa7a34d584d0657538c09988f61b72d38ad4991a10,development,__aggregate__,,1,mathsvg,balanced-ablation-no-coordinate-v1,fb91a9679f353dac71a4fd88cd05cce5491385745b3990bfa054c63ba3a8477f,81128211b782e3a4331d1c5fcd6db21eecf78dc823faab718e7ebe3f2ceeeee8,complete,56c1b7390551d55bb056da7122b41ac3f7e4459570e4627ac278f7c91d669491,87c0d5d060fd36c685b98a38611b7bd6c4614d40b36d29be84edcd6c173f8160,complete,confirmed,confirmed,confirmed,confirmed,fail,false,compression worse by 25101217265 (15398.6%); decompression worse by 2070861862.5 (1300.15%); memory worse by 13979648 (139.82%)
raw,raw,balanced,development,__aggregate__,10180361,10180361,7257191,111296619.5,25264226867.5,110237181.5,2230141116.5,2105344,23977984,true,false,false,false,1,confirmed,true,true,1,corpus,development-pilot-v2-retry,local-x86-64,x86_64,36f84685dc00064dae9a239face7e8eff797ed28,b1d7dba75560d44d8e234e4205e09487f93678fb8688cac6a0905486c969c2ca,1297748005,gnu-time-v1-monotonic-wall,3b11dec50514a8473e9f6efa7a34d584d0657538c09988f61b72d38ad4991a10,development,__aggregate__,,1,mathsvg,balanced-ablation-no-coordinate-v1,fb91a9679f353dac71a4fd88cd05cce5491385745b3990bfa054c63ba3a8477f,81128211b782e3a4331d1c5fcd6db21eecf78dc823faab718e7ebe3f2ceeeee8,complete,deb7b660ce7575981cd7bc749fbec6d9d6b62e2c9a725ba1c8e9c79e304a087a,6187dab32cd7b6291d96c54425a22915a6eeb39add6d95ee9008e1dbba427131,complete,confirmed,confirmed,confirmed,confirmed,fail,false,compression worse by 25152930248 (22599.9%); decompression worse by 2119903935 (1923.04%); memory worse by 21872640 (1038.91%)
xz-9e,xz-9e,balanced,development,__aggregate__,10180361,4671724,7257191,9215523408,25264226867.5,643362761,2230141116.5,145993728,23977984,false,false,false,true,1,confirmed,true,true,1,corpus,development-pilot-v2-retry,local-x86-64,x86_64,36f84685dc00064dae9a239face7e8eff797ed28,b1d7dba75560d44d8e234e4205e09487f93678fb8688cac6a0905486c969c2ca,1297748005,gnu-time-v1-monotonic-wall,3b11dec50514a8473e9f6efa7a34d584d0657538c09988f61b72d38ad4991a10,development,__aggregate__,,1,mathsvg,balanced-ablation-no-coordinate-v1,fb91a9679f353dac71a4fd88cd05cce5491385745b3990bfa054c63ba3a8477f,81128211b782e3a4331d1c5fcd6db21eecf78dc823faab718e7ebe3f2ceeeee8,complete,1bd3a8a1a914bf55087f30b641adcacaac8d04f2cc5a9c21f3668bf2f6727da6,b5b163eb273291934556377ab883b4b2a5d4da50bd0dc0a91774ecc234ccd8d0,complete,confirmed,confirmed,confirmed,confirmed,fail,false,size worse by 2585467 (55.3429%); compression worse by 16048703459.5 (174.149%); decompression worse by 1586778355.5 (246.638%)
zstd-default,zstd-default,balanced,development,__aggregate__,10180361,6334828,7257191,351931077.5,25264226867.5,175077641,2230141116.5,19361792,23977984,false,false,false,false,0,confirmed,true,true,1,corpus,development-pilot-v2-retry,local-x86-64,x86_64,36f84685dc00064dae9a239face7e8eff797ed28,b1d7dba75560d44d8e234e4205e09487f93678fb8688cac6a0905486c969c2ca,1297748005,gnu-time-v1-monotonic-wall,3b11dec50514a8473e9f6efa7a34d584d0657538c09988f61b72d38ad4991a10,development,__aggregate__,,1,mathsvg,balanced-ablation-no-coordinate-v1,fb91a9679f353dac71a4fd88cd05cce5491385745b3990bfa054c63ba3a8477f,81128211b782e3a4331d1c5fcd6db21eecf78dc823faab718e7ebe3f2ceeeee8,complete,8afdee0e1fe04f0a9c92a00ebbd438b50004de9dcdf47ce697a89ac0bdae40a5,7c5468b370f7c47eda07281e3437fafc568f95d10420051e3aa522709f9342c5,complete,confirmed,confirmed,confirmed,confirmed,fail,false,size worse by 922363 (14.5602%); compression worse by 24912295790 (7078.74%); decompression worse by 2055063475.5 (1173.8%); memory worse by 4616192 (23.8418%)
gzip-6,gzip-6,balanced,development,__aggregate__,10180361,6380035,10056511,741294974.5,17349001423.5,264732582.5,631369081,2084864,22099968,false,false,false,false,0,confirmed,true,true,1,corpus,development-pilot-v2-retry,local-x86-64,x86_64,36f84685dc00064dae9a239face7e8eff797ed28,b1d7dba75560d44d8e234e4205e09487f93678fb8688cac6a0905486c969c2ca,1297748005,gnu-time-v1-monotonic-wall,3b11dec50514a8473e9f6efa7a34d584d0657538c09988f61b72d38ad4991a10,development,__aggregate__,,1,mathsvg,balanced-ablation-no-whole-block-entropy-v1,55f2cfb2e4425a7153decbe4e16c321721a5b66dc23940f14275abf99abeb42a,81128211b782e3a4331d1c5fcd6db21eecf78dc823faab718e7ebe3f2ceeeee8,complete,bf920ab8461c6c60c8cc32db3d853f55655e60793cf7f64068847ad56c2b2e67,afea077ce127d4fa9ad410d3066ba2b54dea19c0b44f04adf56c72d5f7b7a9bb,complete,confirmed,confirmed,confirmed,confirmed,fail,false,size worse by 3676476 (57.6247%); compression worse by 16607706449 (2240.36%); decompression worse by 366636498.5 (138.493%); memory worse by 20015104 (960.02%)
lz4,lz4,balanced,development,__aggregate__,10180361,8951634,10056511,163009602.5,17349001423.5,159279254,631369081,9998336,22099968,false,false,false,false,0,confirmed,true,true,1,corpus,development-pilot-v2-retry,local-x86-64,x86_64,36f84685dc00064dae9a239face7e8eff797ed28,b1d7dba75560d44d8e234e4205e09487f93678fb8688cac6a0905486c969c2ca,1297748005,gnu-time-v1-monotonic-wall,3b11dec50514a8473e9f6efa7a34d584d0657538c09988f61b72d38ad4991a10,development,__aggregate__,,1,mathsvg,balanced-ablation-no-whole-block-entropy-v1,55f2cfb2e4425a7153decbe4e16c321721a5b66dc23940f14275abf99abeb42a,81128211b782e3a4331d1c5fcd6db21eecf78dc823faab718e7ebe3f2ceeeee8,complete,56c1b7390551d55bb056da7122b41ac3f7e4459570e4627ac278f7c91d669491,87c0d5d060fd36c685b98a38611b7bd6c4614d40b36d29be84edcd6c173f8160,complete,confirmed,confirmed,confirmed,confirmed,fail,false,size worse by 1104877 (12.3427%); compression worse by 17185991821 (10542.9%); decompression worse by 472089827 (296.391%); memory worse by 12101632 (121.036%)
raw,raw,balanced,development,__aggregate__,10180361,10180361,10056511,111296619.5,17349001423.5,110237181.5,631369081,2105344,22099968,true,false,false,false,1,confirmed,true,true,1,corpus,development-pilot-v2-retry,local-x86-64,x86_64,36f84685dc00064dae9a239face7e8eff797ed28,b1d7dba75560d44d8e234e4205e09487f93678fb8688cac6a0905486c969c2ca,1297748005,gnu-time-v1-monotonic-wall,3b11dec50514a8473e9f6efa7a34d584d0657538c09988f61b72d38ad4991a10,development,__aggregate__,,1,mathsvg,balanced-ablation-no-whole-block-entropy-v1,55f2cfb2e4425a7153decbe4e16c321721a5b66dc23940f14275abf99abeb42a,81128211b782e3a4331d1c5fcd6db21eecf78dc823faab718e7ebe3f2ceeeee8,complete,deb7b660ce7575981cd7bc749fbec6d9d6b62e2c9a725ba1c8e9c79e304a087a,6187dab32cd7b6291d96c54425a22915a6eeb39add6d95ee9008e1dbba427131,complete,confirmed,confirmed,confirmed,confirmed,fail,false,compression worse by 17237704804 (15488.1%); decompression worse by 521131899.5 (472.737%); memory worse by 19994624 (949.708%)
xz-9e,xz-9e,balanced,development,__aggregate__,10180361,4671724,10056511,9215523408,17349001423.5,643362761,631369081,145993728,22099968,false,false,true,true,2,inconclusive,true,true,1,corpus,development-pilot-v2-retry,local-x86-64,x86_64,36f84685dc00064dae9a239face7e8eff797ed28,b1d7dba75560d44d8e234e4205e09487f93678fb8688cac6a0905486c969c2ca,1297748005,gnu-time-v1-monotonic-wall,3b11dec50514a8473e9f6efa7a34d584d0657538c09988f61b72d38ad4991a10,development,__aggregate__,,1,mathsvg,balanced-ablation-no-whole-block-entropy-v1,55f2cfb2e4425a7153decbe4e16c321721a5b66dc23940f14275abf99abeb42a,81128211b782e3a4331d1c5fcd6db21eecf78dc823faab718e7ebe3f2ceeeee8,complete,1bd3a8a1a914bf55087f30b641adcacaac8d04f2cc5a9c21f3668bf2f6727da6,b5b163eb273291934556377ab883b4b2a5d4da50bd0dc0a91774ecc234ccd8d0,complete,confirmed,confirmed,inconclusive,confirmed,inconclusive,false,size worse by 5384787 (115.263%); compression worse by 8133478015.5 (88.2584%); decompression confidence is inconclusive
zstd-default,zstd-default,balanced,development,__aggregate__,10180361,6334828,10056511,351931077.5,17349001423.5,175077641,631369081,19361792,22099968,false,false,false,false,0,confirmed,true,true,1,corpus,development-pilot-v2-retry,local-x86-64,x86_64,36f84685dc00064dae9a239face7e8eff797ed28,b1d7dba75560d44d8e234e4205e09487f93678fb8688cac6a0905486c969c2ca,1297748005,gnu-time-v1-monotonic-wall,3b11dec50514a8473e9f6efa7a34d584d0657538c09988f61b72d38ad4991a10,development,__aggregate__,,1,mathsvg,balanced-ablation-no-whole-block-entropy-v1,55f2cfb2e4425a7153decbe4e16c321721a5b66dc23940f14275abf99abeb42a,81128211b782e3a4331d1c5fcd6db21eecf78dc823faab718e7ebe3f2ceeeee8,complete,8afdee0e1fe04f0a9c92a00ebbd438b50004de9dcdf47ce697a89ac0bdae40a5,7c5468b370f7c47eda07281e3437fafc568f95d10420051e3aa522709f9342c5,complete,confirmed,confirmed,confirmed,confirmed,fail,false,size worse by 3721683 (58.7496%); compression worse by 16997070346 (4829.66%); decompression worse by 456291440 (260.622%); memory worse by 2738176 (14.1422%)
gzip-6,gzip-6,balanced,development,__aggregate__,10180361,6380035,7257460,741294974.5,22586044609,264732582.5,2245377949,2084864,21188608,false,false,false,false,0,confirmed,true,true,1,corpus,development-pilot-v2-retry,local-x86-64,x86_64,36f84685dc00064dae9a239face7e8eff797ed28,b1d7dba75560d44d8e234e4205e09487f93678fb8688cac6a0905486c969c2ca,1297748005,gnu-time-v1-monotonic-wall,3b11dec50514a8473e9f6efa7a34d584d0657538c09988f61b72d38ad4991a10,development,__aggregate__,,1,mathsvg,balanced-ablation-no-whole-block-functions-v1,710840e9131cf094172098c985e2b371da66d184263016d59a71a97c9294a733,81128211b782e3a4331d1c5fcd6db21eecf78dc823faab718e7ebe3f2ceeeee8,complete,bf920ab8461c6c60c8cc32db3d853f55655e60793cf7f64068847ad56c2b2e67,afea077ce127d4fa9ad410d3066ba2b54dea19c0b44f04adf56c72d5f7b7a9bb,complete,confirmed,confirmed,confirmed,confirmed,fail,false,size worse by 877425 (13.7527%); compression worse by 21844749634.5 (2946.84%); decompression worse by 1980645366.5 (748.168%); memory worse by 19103744 (916.306%)
lz4,lz4,balanced,development,__aggregate__,10180361,8951634,7257460,163009602.5,22586044609,159279254,2245377949,9998336,21188608,true,false,false,false,1,confirmed,true,true,1,corpus,development-pilot-v2-retry,local-x86-64,x86_64,36f84685dc00064dae9a239face7e8eff797ed28,b1d7dba75560d44d8e234e4205e09487f93678fb8688cac6a0905486c969c2ca,1297748005,gnu-time-v1-monotonic-wall,3b11dec50514a8473e9f6efa7a34d584d0657538c09988f61b72d38ad4991a10,development,__aggregate__,,1,mathsvg,balanced-ablation-no-whole-block-functions-v1,710840e9131cf094172098c985e2b371da66d184263016d59a71a97c9294a733,81128211b782e3a4331d1c5fcd6db21eecf78dc823faab718e7ebe3f2ceeeee8,complete,56c1b7390551d55bb056da7122b41ac3f7e4459570e4627ac278f7c91d669491,87c0d5d060fd36c685b98a38611b7bd6c4614d40b36d29be84edcd6c173f8160,complete,confirmed,confirmed,confirmed,confirmed,fail,false,compression worse by 22423035006.5 (13755.7%); decompression worse by 2086098695 (1309.71%); memory worse by 11190272 (111.921%)
raw,raw,balanced,development,__aggregate__,10180361,10180361,7257460,111296619.5,22586044609,110237181.5,2245377949,2105344,21188608,true,false,false,false,1,confirmed,true,true,1,corpus,development-pilot-v2-retry,local-x86-64,x86_64,36f84685dc00064dae9a239face7e8eff797ed28,b1d7dba75560d44d8e234e4205e09487f93678fb8688cac6a0905486c969c2ca,1297748005,gnu-time-v1-monotonic-wall,3b11dec50514a8473e9f6efa7a34d584d0657538c09988f61b72d38ad4991a10,development,__aggregate__,,1,mathsvg,balanced-ablation-no-whole-block-functions-v1,710840e9131cf094172098c985e2b371da66d184263016d59a71a97c9294a733,81128211b782e3a4331d1c5fcd6db21eecf78dc823faab718e7ebe3f2ceeeee8,complete,deb7b660ce7575981cd7bc749fbec6d9d6b62e2c9a725ba1c8e9c79e304a087a,6187dab32cd7b6291d96c54425a22915a6eeb39add6d95ee9008e1dbba427131,complete,confirmed,confirmed,confirmed,confirmed,fail,false,compression worse by 22474747989.5 (20193.6%); decompression worse by 2135140767.5 (1936.86%); memory worse by 19083264 (906.42%)
xz-9e,xz-9e,balanced,development,__aggregate__,10180361,4671724,7257460,9215523408,22586044609,643362761,2245377949,145993728,21188608,false,false,false,true,1,confirmed,true,true,1,corpus,development-pilot-v2-retry,local-x86-64,x86_64,36f84685dc00064dae9a239face7e8eff797ed28,b1d7dba75560d44d8e234e4205e09487f93678fb8688cac6a0905486c969c2ca,1297748005,gnu-time-v1-monotonic-wall,3b11dec50514a8473e9f6efa7a34d584d0657538c09988f61b72d38ad4991a10,development,__aggregate__,,1,mathsvg,balanced-ablation-no-whole-block-functions-v1,710840e9131cf094172098c985e2b371da66d184263016d59a71a97c9294a733,81128211b782e3a4331d1c5fcd6db21eecf78dc823faab718e7ebe3f2ceeeee8,complete,1bd3a8a1a914bf55087f30b641adcacaac8d04f2cc5a9c21f3668bf2f6727da6,b5b163eb273291934556377ab883b4b2a5d4da50bd0dc0a91774ecc234ccd8d0,complete,confirmed,confirmed,confirmed,confirmed,fail,false,size worse by 2585736 (55.3486%); compression worse by 13370521201 (145.087%); decompression worse by 1602015188 (249.007%)
zstd-default,zstd-default,balanced,development,__aggregate__,10180361,6334828,7257460,351931077.5,22586044609,175077641,2245377949,19361792,21188608,false,false,false,false,0,confirmed,true,true,1,corpus,development-pilot-v2-retry,local-x86-64,x86_64,36f84685dc00064dae9a239face7e8eff797ed28,b1d7dba75560d44d8e234e4205e09487f93678fb8688cac6a0905486c969c2ca,1297748005,gnu-time-v1-monotonic-wall,3b11dec50514a8473e9f6efa7a34d584d0657538c09988f61b72d38ad4991a10,development,__aggregate__,,1,mathsvg,balanced-ablation-no-whole-block-functions-v1,710840e9131cf094172098c985e2b371da66d184263016d59a71a97c9294a733,81128211b782e3a4331d1c5fcd6db21eecf78dc823faab718e7ebe3f2ceeeee8,complete,8afdee0e1fe04f0a9c92a00ebbd438b50004de9dcdf47ce697a89ac0bdae40a5,7c5468b370f7c47eda07281e3437fafc568f95d10420051e3aa522709f9342c5,complete,confirmed,confirmed,confirmed,confirmed,fail,false,size worse by 922632 (14.5644%); compression worse by 22234113531.5 (6317.75%); decompression worse by 2070300308 (1182.5%); memory worse by 1826816 (9.43516%)
gzip-6,gzip-6,balanced,development,__aggregate__,10180361,6380035,7257191,741294974.5,22641215069,264732582.5,2235459731,2084864,22534144,false,false,false,false,0,confirmed,true,true,1,corpus,development-pilot-v2-retry,local-x86-64,x86_64,36f84685dc00064dae9a239face7e8eff797ed28,b1d7dba75560d44d8e234e4205e09487f93678fb8688cac6a0905486c969c2ca,1297748005,gnu-time-v1-monotonic-wall,3b11dec50514a8473e9f6efa7a34d584d0657538c09988f61b72d38ad4991a10,development,__aggregate__,,1,mathsvg,balanced-v1,b8b432a44db4d5e59ca81df6eaa329ee2a47590fff0448de7f7401ea9595e925,81128211b782e3a4331d1c5fcd6db21eecf78dc823faab718e7ebe3f2ceeeee8,complete,bf920ab8461c6c60c8cc32db3d853f55655e60793cf7f64068847ad56c2b2e67,afea077ce127d4fa9ad410d3066ba2b54dea19c0b44f04adf56c72d5f7b7a9bb,complete,confirmed,confirmed,confirmed,confirmed,fail,false,size worse by 877156 (13.7485%); compression worse by 21899920094.5 (2954.28%); decompression worse by 1970727148.5 (744.422%); memory worse by 20449280 (980.845%)
lz4,lz4,balanced,development,__aggregate__,10180361,8951634,7257191,163009602.5,22641215069,159279254,2235459731,9998336,22534144,true,false,false,false,1,confirmed,true,true,1,corpus,development-pilot-v2-retry,local-x86-64,x86_64,36f84685dc00064dae9a239face7e8eff797ed28,b1d7dba75560d44d8e234e4205e09487f93678fb8688cac6a0905486c969c2ca,1297748005,gnu-time-v1-monotonic-wall,3b11dec50514a8473e9f6efa7a34d584d0657538c09988f61b72d38ad4991a10,development,__aggregate__,,1,mathsvg,balanced-v1,b8b432a44db4d5e59ca81df6eaa329ee2a47590fff0448de7f7401ea9595e925,81128211b782e3a4331d1c5fcd6db21eecf78dc823faab718e7ebe3f2ceeeee8,complete,56c1b7390551d55bb056da7122b41ac3f7e4459570e4627ac278f7c91d669491,87c0d5d060fd36c685b98a38611b7bd6c4614d40b36d29be84edcd6c173f8160,complete,confirmed,confirmed,confirmed,confirmed,fail,false,compression worse by 22478205466.5 (13789.5%); decompression worse by 2076180477 (1303.48%); memory worse by 12535808 (125.379%)
raw,raw,balanced,development,__aggregate__,10180361,10180361,7257191,111296619.5,22641215069,110237181.5,2235459731,2105344,22534144,true,false,false,false,1,confirmed,true,true,1,corpus,development-pilot-v2-retry,local-x86-64,x86_64,36f84685dc00064dae9a239face7e8eff797ed28,b1d7dba75560d44d8e234e4205e09487f93678fb8688cac6a0905486c969c2ca,1297748005,gnu-time-v1-monotonic-wall,3b11dec50514a8473e9f6efa7a34d584d0657538c09988f61b72d38ad4991a10,development,__aggregate__,,1,mathsvg,balanced-v1,b8b432a44db4d5e59ca81df6eaa329ee2a47590fff0448de7f7401ea9595e925,81128211b782e3a4331d1c5fcd6db21eecf78dc823faab718e7ebe3f2ceeeee8,complete,deb7b660ce7575981cd7bc749fbec6d9d6b62e2c9a725ba1c8e9c79e304a087a,6187dab32cd7b6291d96c54425a22915a6eeb39add6d95ee9008e1dbba427131,complete,confirmed,confirmed,confirmed,confirmed,fail,false,compression worse by 22529918449.5 (20243.1%); decompression worse by 2125222549.5 (1927.86%); memory worse by 20428800 (970.331%)
xz-9e,xz-9e,balanced,development,__aggregate__,10180361,4671724,7257191,9215523408,22641215069,643362761,2235459731,145993728,22534144,false,false,false,true,1,confirmed,true,true,1,corpus,development-pilot-v2-retry,local-x86-64,x86_64,36f84685dc00064dae9a239face7e8eff797ed28,b1d7dba75560d44d8e234e4205e09487f93678fb8688cac6a0905486c969c2ca,1297748005,gnu-time-v1-monotonic-wall,3b11dec50514a8473e9f6efa7a34d584d0657538c09988f61b72d38ad4991a10,development,__aggregate__,,1,mathsvg,balanced-v1,b8b432a44db4d5e59ca81df6eaa329ee2a47590fff0448de7f7401ea9595e925,81128211b782e3a4331d1c5fcd6db21eecf78dc823faab718e7ebe3f2ceeeee8,complete,1bd3a8a1a914bf55087f30b641adcacaac8d04f2cc5a9c21f3668bf2f6727da6,b5b163eb273291934556377ab883b4b2a5d4da50bd0dc0a91774ecc234ccd8d0,complete,confirmed,confirmed,confirmed,confirmed,fail,false,size worse by 2585467 (55.3429%); compression worse by 13425691661 (145.686%); decompression worse by 1592096970 (247.465%)
zstd-default,zstd-default,balanced,development,__aggregate__,10180361,6334828,7257191,351931077.5,22641215069,175077641,2235459731,19361792,22534144,false,false,false,false,0,confirmed,true,true,1,corpus,development-pilot-v2-retry,local-x86-64,x86_64,36f84685dc00064dae9a239face7e8eff797ed28,b1d7dba75560d44d8e234e4205e09487f93678fb8688cac6a0905486c969c2ca,1297748005,gnu-time-v1-monotonic-wall,3b11dec50514a8473e9f6efa7a34d584d0657538c09988f61b72d38ad4991a10,development,__aggregate__,,1,mathsvg,balanced-v1,b8b432a44db4d5e59ca81df6eaa329ee2a47590fff0448de7f7401ea9595e925,81128211b782e3a4331d1c5fcd6db21eecf78dc823faab718e7ebe3f2ceeeee8,complete,8afdee0e1fe04f0a9c92a00ebbd438b50004de9dcdf47ce697a89ac0bdae40a5,7c5468b370f7c47eda07281e3437fafc568f95d10420051e3aa522709f9342c5,complete,confirmed,confirmed,confirmed,confirmed,fail,false,size worse by 922363 (14.5602%); compression worse by 22289283991.5 (6333.42%); decompression worse by 2060382090 (1176.84%); memory worse by 3172352 (16.3846%)
gzip-6,gzip-6,fast,development,__aggregate__,10180361,6380035,7257191,741294974.5,15561921003,264732582.5,2256872916.5,2084864,21524480,false,false,false,false,0,confirmed,true,true,1,corpus,development-pilot-v2-retry,local-x86-64,x86_64,36f84685dc00064dae9a239face7e8eff797ed28,b1d7dba75560d44d8e234e4205e09487f93678fb8688cac6a0905486c969c2ca,1297748005,gnu-time-v1-monotonic-wall,3b11dec50514a8473e9f6efa7a34d584d0657538c09988f61b72d38ad4991a10,development,__aggregate__,,1,mathsvg,fast-ablation-no-coordinate-v1,d7ca26461dd4e013ff9ba35010b5f6f5433079b6b0745758edbcdcc2eebf07cb,81128211b782e3a4331d1c5fcd6db21eecf78dc823faab718e7ebe3f2ceeeee8,complete,bf920ab8461c6c60c8cc32db3d853f55655e60793cf7f64068847ad56c2b2e67,afea077ce127d4fa9ad410d3066ba2b54dea19c0b44f04adf56c72d5f7b7a9bb,complete,confirmed,confirmed,confirmed,confirmed,fail,false,size worse by 877156 (13.7485%); compression worse by 14820626028.5 (1999.29%); decompression worse by 1992140334 (752.51%); memory worse by 19439616 (932.417%)
lz4,lz4,fast,development,__aggregate__,10180361,8951634,7257191,163009602.5,15561921003,159279254,2256872916.5,9998336,21524480,true,false,false,false,1,confirmed,true,true,1,corpus,development-pilot-v2-retry,local-x86-64,x86_64,36f84685dc00064dae9a239face7e8eff797ed28,b1d7dba75560d44d8e234e4205e09487f93678fb8688cac6a0905486c969c2ca,1297748005,gnu-time-v1-monotonic-wall,3b11dec50514a8473e9f6efa7a34d584d0657538c09988f61b72d38ad4991a10,development,__aggregate__,,1,mathsvg,fast-ablation-no-coordinate-v1,d7ca26461dd4e013ff9ba35010b5f6f5433079b6b0745758edbcdcc2eebf07cb,81128211b782e3a4331d1c5fcd6db21eecf78dc823faab718e7ebe3f2ceeeee8,complete,56c1b7390551d55bb056da7122b41ac3f7e4459570e4627ac278f7c91d669491,87c0d5d060fd36c685b98a38611b7bd6c4614d40b36d29be84edcd6c173f8160,complete,confirmed,confirmed,confirmed,confirmed,fail,false,compression worse by 15398911400.5 (9446.63%); decompression worse by 2097593662.5 (1316.93%); memory worse by 11526144 (115.281%)
raw,raw,fast,development,__aggregate__,10180361,10180361,7257191,111296619.5,15561921003,110237181.5,2256872916.5,2105344,21524480,true,false,false,false,1,confirmed,true,true,1,corpus,development-pilot-v2-retry,local-x86-64,x86_64,36f84685dc00064dae9a239face7e8eff797ed28,b1d7dba75560d44d8e234e4205e09487f93678fb8688cac6a0905486c969c2ca,1297748005,gnu-time-v1-monotonic-wall,3b11dec50514a8473e9f6efa7a34d584d0657538c09988f61b72d38ad4991a10,development,__aggregate__,,1,mathsvg,fast-ablation-no-coordinate-v1,d7ca26461dd4e013ff9ba35010b5f6f5433079b6b0745758edbcdcc2eebf07cb,81128211b782e3a4331d1c5fcd6db21eecf78dc823faab718e7ebe3f2ceeeee8,complete,deb7b660ce7575981cd7bc749fbec6d9d6b62e2c9a725ba1c8e9c79e304a087a,6187dab32cd7b6291d96c54425a22915a6eeb39add6d95ee9008e1dbba427131,complete,confirmed,confirmed,confirmed,confirmed,fail,false,compression worse by 15450624383.5 (13882.4%); decompression worse by 2146635735 (1947.29%); memory worse by 19419136 (922.374%)
xz-9e,xz-9e,fast,development,__aggregate__,10180361,4671724,7257191,9215523408,15561921003,643362761,2256872916.5,145993728,21524480,false,false,false,true,1,confirmed,true,true,1,corpus,development-pilot-v2-retry,local-x86-64,x86_64,36f84685dc00064dae9a239face7e8eff797ed28,b1d7dba75560d44d8e234e4205e09487f93678fb8688cac6a0905486c969c2ca,1297748005,gnu-time-v1-monotonic-wall,3b11dec50514a8473e9f6efa7a34d584d0657538c09988f61b72d38ad4991a10,development,__aggregate__,,1,mathsvg,fast-ablation-no-coordinate-v1,d7ca26461dd4e013ff9ba35010b5f6f5433079b6b0745758edbcdcc2eebf07cb,81128211b782e3a4331d1c5fcd6db21eecf78dc823faab718e7ebe3f2ceeeee8,complete,1bd3a8a1a914bf55087f30b641adcacaac8d04f2cc5a9c21f3668bf2f6727da6,b5b163eb273291934556377ab883b4b2a5d4da50bd0dc0a91774ecc234ccd8d0,complete,confirmed,confirmed,confirmed,confirmed,fail,false,size worse by 2585467 (55.3429%); compression worse by 6346397595 (68.8664%); decompression worse by 1613510155.5 (250.793%)
zstd-default,zstd-default,fast,development,__aggregate__,10180361,6334828,7257191,351931077.5,15561921003,175077641,2256872916.5,19361792,21524480,false,false,false,false,0,confirmed,true,true,1,corpus,development-pilot-v2-retry,local-x86-64,x86_64,36f84685dc00064dae9a239face7e8eff797ed28,b1d7dba75560d44d8e234e4205e09487f93678fb8688cac6a0905486c969c2ca,1297748005,gnu-time-v1-monotonic-wall,3b11dec50514a8473e9f6efa7a34d584d0657538c09988f61b72d38ad4991a10,development,__aggregate__,,1,mathsvg,fast-ablation-no-coordinate-v1,d7ca26461dd4e013ff9ba35010b5f6f5433079b6b0745758edbcdcc2eebf07cb,81128211b782e3a4331d1c5fcd6db21eecf78dc823faab718e7ebe3f2ceeeee8,complete,8afdee0e1fe04f0a9c92a00ebbd438b50004de9dcdf47ce697a89ac0bdae40a5,7c5468b370f7c47eda07281e3437fafc568f95d10420051e3aa522709f9342c5,complete,confirmed,confirmed,confirmed,confirmed,fail,false,size worse by 922363 (14.5602%); compression worse by 15209989925.5 (4321.87%); decompression worse by 2081795275.5 (1189.07%); memory worse by 2162688 (11.1699%)
gzip-6,gzip-6,fast,development,__aggregate__,10180361,6380035,10056511,741294974.5,7613810827.5,264732582.5,630835359,2084864,23982080,false,false,false,false,0,confirmed,true,true,1,corpus,development-pilot-v2-retry,local-x86-64,x86_64,36f84685dc00064dae9a239face7e8eff797ed28,b1d7dba75560d44d8e234e4205e09487f93678fb8688cac6a0905486c969c2ca,1297748005,gnu-time-v1-monotonic-wall,3b11dec50514a8473e9f6efa7a34d584d0657538c09988f61b72d38ad4991a10,development,__aggregate__,,1,mathsvg,fast-ablation-no-whole-block-entropy-v1,036664ca0567442e358e36e2564fb5b50a5e75619d748ddd5a2fd387db06179b,81128211b782e3a4331d1c5fcd6db21eecf78dc823faab718e7ebe3f2ceeeee8,complete,bf920ab8461c6c60c8cc32db3d853f55655e60793cf7f64068847ad56c2b2e67,afea077ce127d4fa9ad410d3066ba2b54dea19c0b44f04adf56c72d5f7b7a9bb,complete,confirmed,confirmed,confirmed,confirmed,fail,false,size worse by 3676476 (57.6247%); compression worse by 6872515853 (927.096%); decompression worse by 366102776.5 (138.292%); memory worse by 21897216 (1050.29%)
lz4,lz4,fast,development,__aggregate__,10180361,8951634,10056511,163009602.5,7613810827.5,159279254,630835359,9998336,23982080,false,false,false,false,0,confirmed,true,true,1,corpus,development-pilot-v2-retry,local-x86-64,x86_64,36f84685dc00064dae9a239face7e8eff797ed28,b1d7dba75560d44d8e234e4205e09487f93678fb8688cac6a0905486c969c2ca,1297748005,gnu-time-v1-monotonic-wall,3b11dec50514a8473e9f6efa7a34d584d0657538c09988f61b72d38ad4991a10,development,__aggregate__,,1,mathsvg,fast-ablation-no-whole-block-entropy-v1,036664ca0567442e358e36e2564fb5b50a5e75619d748ddd5a2fd387db06179b,81128211b782e3a4331d1c5fcd6db21eecf78dc823faab718e7ebe3f2ceeeee8,complete,56c1b7390551d55bb056da7122b41ac3f7e4459570e4627ac278f7c91d669491,87c0d5d060fd36c685b98a38611b7bd6c4614d40b36d29be84edcd6c173f8160,complete,confirmed,confirmed,confirmed,confirmed,fail,false,size worse by 1104877 (12.3427%); compression worse by 7450801225 (4570.77%); decompression worse by 471556105 (296.056%); memory worse by 13983744 (139.861%)
raw,raw,fast,development,__aggregate__,10180361,10180361,10056511,111296619.5,7613810827.5,110237181.5,630835359,2105344,23982080,true,false,false,false,1,confirmed,true,true,1,corpus,development-pilot-v2-retry,local-x86-64,x86_64,36f84685dc00064dae9a239face7e8eff797ed28,b1d7dba75560d44d8e234e4205e09487f93678fb8688cac6a0905486c969c2ca,1297748005,gnu-time-v1-monotonic-wall,3b11dec50514a8473e9f6efa7a34d584d0657538c09988f61b72d38ad4991a10,development,__aggregate__,,1,mathsvg,fast-ablation-no-whole-block-entropy-v1,036664ca0567442e358e36e2564fb5b50a5e75619d748ddd5a2fd387db06179b,81128211b782e3a4331d1c5fcd6db21eecf78dc823faab718e7ebe3f2ceeeee8,complete,deb7b660ce7575981cd7bc749fbec6d9d6b62e2c9a725ba1c8e9c79e304a087a,6187dab32cd7b6291d96c54425a22915a6eeb39add6d95ee9008e1dbba427131,complete,confirmed,confirmed,confirmed,confirmed,fail,false,compression worse by 7502514208 (6741.01%); decompression worse by 520598177.5 (472.253%); memory worse by 21876736 (1039.11%)
xz-9e,xz-9e,fast,development,__aggregate__,10180361,4671724,10056511,9215523408,7613810827.5,643362761,630835359,145993728,23982080,false,true,true,true,3,inconclusive,true,true,1,corpus,development-pilot-v2-retry,local-x86-64,x86_64,36f84685dc00064dae9a239face7e8eff797ed28,b1d7dba75560d44d8e234e4205e09487f93678fb8688cac6a0905486c969c2ca,1297748005,gnu-time-v1-monotonic-wall,3b11dec50514a8473e9f6efa7a34d584d0657538c09988f61b72d38ad4991a10,development,__aggregate__,,1,mathsvg,fast-ablation-no-whole-block-entropy-v1,036664ca0567442e358e36e2564fb5b50a5e75619d748ddd5a2fd387db06179b,81128211b782e3a4331d1c5fcd6db21eecf78dc823faab718e7ebe3f2ceeeee8,complete,1bd3a8a1a914bf55087f30b641adcacaac8d04f2cc5a9c21f3668bf2f6727da6,b5b163eb273291934556377ab883b4b2a5d4da50bd0dc0a91774ecc234ccd8d0,complete,confirmed,confirmed,inconclusive,confirmed,inconclusive,false,size worse by 5384787 (115.263%); decompression confidence is inconclusive
zstd-default,zstd-default,fast,development,__aggregate__,10180361,6334828,10056511,351931077.5,7613810827.5,175077641,630835359,19361792,23982080,false,false,false,false,0,confirmed,true,true,1,corpus,development-pilot-v2-retry,local-x86-64,x86_64,36f84685dc00064dae9a239face7e8eff797ed28,b1d7dba75560d44d8e234e4205e09487f93678fb8688cac6a0905486c969c2ca,1297748005,gnu-time-v1-monotonic-wall,3b11dec50514a8473e9f6efa7a34d584d0657538c09988f61b72d38ad4991a10,development,__aggregate__,,1,mathsvg,fast-ablation-no-whole-block-entropy-v1,036664ca0567442e358e36e2564fb5b50a5e75619d748ddd5a2fd387db06179b,81128211b782e3a4331d1c5fcd6db21eecf78dc823faab718e7ebe3f2ceeeee8,complete,8afdee0e1fe04f0a9c92a00ebbd438b50004de9dcdf47ce697a89ac0bdae40a5,7c5468b370f7c47eda07281e3437fafc568f95d10420051e3aa522709f9342c5,complete,confirmed,confirmed,confirmed,confirmed,fail,false,size worse by 3721683 (58.7496%); compression worse by 7261879750 (2063.44%); decompression worse by 455757718 (260.317%); memory worse by 4620288 (23.8629%)
gzip-6,gzip-6,fast,development,__aggregate__,10180361,6380035,7257460,741294974.5,14947161795.5,264732582.5,2226581120.5,2084864,21825536,false,false,false,false,0,confirmed,true,true,1,corpus,development-pilot-v2-retry,local-x86-64,x86_64,36f84685dc00064dae9a239face7e8eff797ed28,b1d7dba75560d44d8e234e4205e09487f93678fb8688cac6a0905486c969c2ca,1297748005,gnu-time-v1-monotonic-wall,3b11dec50514a8473e9f6efa7a34d584d0657538c09988f61b72d38ad4991a10,development,__aggregate__,,1,mathsvg,fast-ablation-no-whole-block-functions-v1,132b5a7df0265df37685fc601c1e0b6bd4ece5c907efc1a75f3a698f2ec4cbe7,81128211b782e3a4331d1c5fcd6db21eecf78dc823faab718e7ebe3f2ceeeee8,complete,bf920ab8461c6c60c8cc32db3d853f55655e60793cf7f64068847ad56c2b2e67,afea077ce127d4fa9ad410d3066ba2b54dea19c0b44f04adf56c72d5f7b7a9bb,complete,confirmed,confirmed,confirmed,confirmed,fail,false,size worse by 877425 (13.7527%); compression worse by 14205866821 (1916.36%); decompression worse by 1961848538 (741.068%); memory worse by 19740672 (946.857%)
lz4,lz4,fast,development,__aggregate__,10180361,8951634,7257460,163009602.5,14947161795.5,159279254,2226581120.5,9998336,21825536,true,false,false,false,1,confirmed,true,true,1,corpus,development-pilot-v2-retry,local-x86-64,x86_64,36f84685dc00064dae9a239face7e8eff797ed28,b1d7dba75560d44d8e234e4205e09487f93678fb8688cac6a0905486c969c2ca,1297748005,gnu-time-v1-monotonic-wall,3b11dec50514a8473e9f6efa7a34d584d0657538c09988f61b72d38ad4991a10,development,__aggregate__,,1,mathsvg,fast-ablation-no-whole-block-functions-v1,132b5a7df0265df37685fc601c1e0b6bd4ece5c907efc1a75f3a698f2ec4cbe7,81128211b782e3a4331d1c5fcd6db21eecf78dc823faab718e7ebe3f2ceeeee8,complete,56c1b7390551d55bb056da7122b41ac3f7e4459570e4627ac278f7c91d669491,87c0d5d060fd36c685b98a38611b7bd6c4614d40b36d29be84edcd6c173f8160,complete,confirmed,confirmed,confirmed,confirmed,fail,false,compression worse by 14784152193 (9069.5%); decompression worse by 2067301866.5 (1297.91%); memory worse by 11827200 (118.292%)
raw,raw,fast,development,__aggregate__,10180361,10180361,7257460,111296619.5,14947161795.5,110237181.5,2226581120.5,2105344,21825536,true,false,false,false,1,confirmed,true,true,1,corpus,development-pilot-v2-retry,local-x86-64,x86_64,36f84685dc00064dae9a239face7e8eff797ed28,b1d7dba75560d44d8e234e4205e09487f93678fb8688cac6a0905486c969c2ca,1297748005,gnu-time-v1-monotonic-wall,3b11dec50514a8473e9f6efa7a34d584d0657538c09988f61b72d38ad4991a10,development,__aggregate__,,1,mathsvg,fast-ablation-no-whole-block-functions-v1,132b5a7df0265df37685fc601c1e0b6bd4ece5c907efc1a75f3a698f2ec4cbe7,81128211b782e3a4331d1c5fcd6db21eecf78dc823faab718e7ebe3f2ceeeee8,complete,deb7b660ce7575981cd7bc749fbec6d9d6b62e2c9a725ba1c8e9c79e304a087a,6187dab32cd7b6291d96c54425a22915a6eeb39add6d95ee9008e1dbba427131,complete,confirmed,confirmed,confirmed,confirmed,fail,false,compression worse by 14835865176 (13330%); decompression worse by 2116343939 (1919.81%); memory worse by 19720192 (936.673%)
xz-9e,xz-9e,fast,development,__aggregate__,10180361,4671724,7257460,9215523408,14947161795.5,643362761,2226581120.5,145993728,21825536,false,false,false,true,1,confirmed,true,true,1,corpus,development-pilot-v2-retry,local-x86-64,x86_64,36f84685dc00064dae9a239face7e8eff797ed28,b1d7dba75560d44d8e234e4205e09487f93678fb8688cac6a0905486c969c2ca,1297748005,gnu-time-v1-monotonic-wall,3b11dec50514a8473e9f6efa7a34d584d0657538c09988f61b72d38ad4991a10,development,__aggregate__,,1,mathsvg,fast-ablation-no-whole-block-functions-v1,132b5a7df0265df37685fc601c1e0b6bd4ece5c907efc1a75f3a698f2ec4cbe7,81128211b782e3a4331d1c5fcd6db21eecf78dc823faab718e7ebe3f2ceeeee8,complete,1bd3a8a1a914bf55087f30b641adcacaac8d04f2cc5a9c21f3668bf2f6727da6,b5b163eb273291934556377ab883b4b2a5d4da50bd0dc0a91774ecc234ccd8d0,complete,confirmed,confirmed,confirmed,confirmed,fail,false,size worse by 2585736 (55.3486%); compression worse by 5731638387.5 (62.1955%); decompression worse by 1583218359.5 (246.085%)
zstd-default,zstd-default,fast,development,__aggregate__,10180361,6334828,7257460,351931077.5,14947161795.5,175077641,2226581120.5,19361792,21825536,false,false,false,false,0,confirmed,true,true,1,corpus,development-pilot-v2-retry,local-x86-64,x86_64,36f84685dc00064dae9a239face7e8eff797ed28,b1d7dba75560d44d8e234e4205e09487f93678fb8688cac6a0905486c969c2ca,1297748005,gnu-time-v1-monotonic-wall,3b11dec50514a8473e9f6efa7a34d584d0657538c09988f61b72d38ad4991a10,development,__aggregate__,,1,mathsvg,fast-ablation-no-whole-block-functions-v1,132b5a7df0265df37685fc601c1e0b6bd4ece5c907efc1a75f3a698f2ec4cbe7,81128211b782e3a4331d1c5fcd6db21eecf78dc823faab718e7ebe3f2ceeeee8,complete,8afdee0e1fe04f0a9c92a00ebbd438b50004de9dcdf47ce697a89ac0bdae40a5,7c5468b370f7c47eda07281e3437fafc568f95d10420051e3aa522709f9342c5,complete,confirmed,confirmed,confirmed,confirmed,fail,false,size worse by 922632 (14.5644%); compression worse by 14595230718 (4147.18%); decompression worse by 2051503479.5 (1171.77%); memory worse by 2463744 (12.7248%)
gzip-6,gzip-6,fast,development,__aggregate__,10180361,6380035,7257191,741294974.5,14938594127.5,264732582.5,2254000939.5,2084864,22530048,false,false,false,false,0,confirmed,true,true,1,corpus,development-pilot-v2-retry,local-x86-64,x86_64,36f84685dc00064dae9a239face7e8eff797ed28,b1d7dba75560d44d8e234e4205e09487f93678fb8688cac6a0905486c969c2ca,1297748005,gnu-time-v1-monotonic-wall,3b11dec50514a8473e9f6efa7a34d584d0657538c09988f61b72d38ad4991a10,development,__aggregate__,,1,mathsvg,fast-v1,dbdf165176991179ee1260cc32982768b62a646f6143c7cf178d1c08ffab9184,81128211b782e3a4331d1c5fcd6db21eecf78dc823faab718e7ebe3f2ceeeee8,complete,bf920ab8461c6c60c8cc32db3d853f55655e60793cf7f64068847ad56c2b2e67,afea077ce127d4fa9ad410d3066ba2b54dea19c0b44f04adf56c72d5f7b7a9bb,complete,confirmed,confirmed,confirmed,confirmed,fail,false,size worse by 877156 (13.7485%); compression worse by 14197299153 (1915.2%); decompression worse by 1989268357 (751.426%); memory worse by 20445184 (980.648%)
lz4,lz4,fast,development,__aggregate__,10180361,8951634,7257191,163009602.5,14938594127.5,159279254,2254000939.5,9998336,22530048,true,false,false,false,1,confirmed,true,true,1,corpus,development-pilot-v2-retry,local-x86-64,x86_64,36f84685dc00064dae9a239face7e8eff797ed28,b1d7dba75560d44d8e234e4205e09487f93678fb8688cac6a0905486c969c2ca,1297748005,gnu-time-v1-monotonic-wall,3b11dec50514a8473e9f6efa7a34d584d0657538c09988f61b72d38ad4991a10,development,__aggregate__,,1,mathsvg,fast-v1,dbdf165176991179ee1260cc32982768b62a646f6143c7cf178d1c08ffab9184,81128211b782e3a4331d1c5fcd6db21eecf78dc823faab718e7ebe3f2ceeeee8,complete,56c1b7390551d55bb056da7122b41ac3f7e4459570e4627ac278f7c91d669491,87c0d5d060fd36c685b98a38611b7bd6c4614d40b36d29be84edcd6c173f8160,complete,confirmed,confirmed,confirmed,confirmed,fail,false,compression worse by 14775584525 (9064.24%); decompression worse by 2094721685.5 (1315.13%); memory worse by 12531712 (125.338%)
raw,raw,fast,development,__aggregate__,10180361,10180361,7257191,111296619.5,14938594127.5,110237181.5,2254000939.5,2105344,22530048,true,false,false,false,1,confirmed,true,true,1,corpus,development-pilot-v2-retry,local-x86-64,x86_64,36f84685dc00064dae9a239face7e8eff797ed28,b1d7dba75560d44d8e234e4205e09487f93678fb8688cac6a0905486c969c2ca,1297748005,gnu-time-v1-monotonic-wall,3b11dec50514a8473e9f6efa7a34d584d0657538c09988f61b72d38ad4991a10,development,__aggregate__,,1,mathsvg,fast-v1,dbdf165176991179ee1260cc32982768b62a646f6143c7cf178d1c08ffab9184,81128211b782e3a4331d1c5fcd6db21eecf78dc823faab718e7ebe3f2ceeeee8,complete,deb7b660ce7575981cd7bc749fbec6d9d6b62e2c9a725ba1c8e9c79e304a087a,6187dab32cd7b6291d96c54425a22915a6eeb39add6d95ee9008e1dbba427131,complete,confirmed,confirmed,confirmed,confirmed,fail,false,compression worse by 14827297508 (13322.3%); decompression worse by 2143763758 (1944.68%); memory worse by 20424704 (970.136%)
xz-9e,xz-9e,fast,development,__aggregate__,10180361,4671724,7257191,9215523408,14938594127.5,643362761,2254000939.5,145993728,22530048,false,false,false,true,1,confirmed,true,true,1,corpus,development-pilot-v2-retry,local-x86-64,x86_64,36f84685dc00064dae9a239face7e8eff797ed28,b1d7dba75560d44d8e234e4205e09487f93678fb8688cac6a0905486c969c2ca,1297748005,gnu-time-v1-monotonic-wall,3b11dec50514a8473e9f6efa7a34d584d0657538c09988f61b72d38ad4991a10,development,__aggregate__,,1,mathsvg,fast-v1,dbdf165176991179ee1260cc32982768b62a646f6143c7cf178d1c08ffab9184,81128211b782e3a4331d1c5fcd6db21eecf78dc823faab718e7ebe3f2ceeeee8,complete,1bd3a8a1a914bf55087f30b641adcacaac8d04f2cc5a9c21f3668bf2f6727da6,b5b163eb273291934556377ab883b4b2a5d4da50bd0dc0a91774ecc234ccd8d0,complete,confirmed,confirmed,confirmed,confirmed,fail,false,size worse by 2585467 (55.3429%); compression worse by 5723070719.5 (62.1025%); decompression worse by 1610638178.5 (250.347%)
zstd-default,zstd-default,fast,development,__aggregate__,10180361,6334828,7257191,351931077.5,14938594127.5,175077641,2254000939.5,19361792,22530048,false,false,false,false,0,confirmed,true,true,1,corpus,development-pilot-v2-retry,local-x86-64,x86_64,36f84685dc00064dae9a239face7e8eff797ed28,b1d7dba75560d44d8e234e4205e09487f93678fb8688cac6a0905486c969c2ca,1297748005,gnu-time-v1-monotonic-wall,3b11dec50514a8473e9f6efa7a34d584d0657538c09988f61b72d38ad4991a10,development,__aggregate__,,1,mathsvg,fast-v1,dbdf165176991179ee1260cc32982768b62a646f6143c7cf178d1c08ffab9184,81128211b782e3a4331d1c5fcd6db21eecf78dc823faab718e7ebe3f2ceeeee8,complete,8afdee0e1fe04f0a9c92a00ebbd438b50004de9dcdf47ce697a89ac0bdae40a5,7c5468b370f7c47eda07281e3437fafc568f95d10420051e3aa522709f9342c5,complete,confirmed,confirmed,confirmed,confirmed,fail,false,size worse by 922363 (14.5602%); compression worse by 14586663050 (4144.75%); decompression worse by 2078923298.5 (1187.43%); memory worse by 3168256 (16.3634%)
gzip-6,gzip-6,balanced,development,datasets/data/canterbury/alice29.txt,152089,54423,152577,33109718.5,1221946777.5,8997482.5,18272293.5,1822720,5916672,false,false,false,false,0,confirmed,true,true,1,file,development-pilot-v2-retry,local-x86-64,x86_64,36f84685dc00064dae9a239face7e8eff797ed28,b1d7dba75560d44d8e234e4205e09487f93678fb8688cac6a0905486c969c2ca,1297748005,gnu-time-v1-monotonic-wall,3b11dec50514a8473e9f6efa7a34d584d0657538c09988f61b72d38ad4991a10,development,dev-canterbury-alice29-txt,7467306ee0feed4971260f3c87421154a05be571d944e9cb021a5713700c38f0,1,mathsvg,balanced-ablation-no-whole-block-entropy-v1,55f2cfb2e4425a7153decbe4e16c321721a5b66dc23940f14275abf99abeb42a,81128211b782e3a4331d1c5fcd6db21eecf78dc823faab718e7ebe3f2ceeeee8,complete,bf920ab8461c6c60c8cc32db3d853f55655e60793cf7f64068847ad56c2b2e67,afea077ce127d4fa9ad410d3066ba2b54dea19c0b44f04adf56c72d5f7b7a9bb,complete,confirmed,confirmed,confirmed,confirmed,fail,false,size worse by 98154 (180.354%); compression worse by 1188837059 (3590.6%); decompression worse by 9274811 (103.082%); memory worse by 4093952 (224.607%)
lz4,lz4,balanced,development,datasets/data/canterbury/alice29.txt,152089,88718,152577,9042110.5,1221946777.5,8921450,18272293.5,1871872,5916672,false,false,false,false,0,confirmed,true,true,1,file,development-pilot-v2-retry,local-x86-64,x86_64,36f84685dc00064dae9a239face7e8eff797ed28,b1d7dba75560d44d8e234e4205e09487f93678fb8688cac6a0905486c969c2ca,1297748005,gnu-time-v1-monotonic-wall,3b11dec50514a8473e9f6efa7a34d584d0657538c09988f61b72d38ad4991a10,development,dev-canterbury-alice29-txt,7467306ee0feed4971260f3c87421154a05be571d944e9cb021a5713700c38f0,1,mathsvg,balanced-ablation-no-whole-block-entropy-v1,55f2cfb2e4425a7153decbe4e16c321721a5b66dc23940f14275abf99abeb42a,81128211b782e3a4331d1c5fcd6db21eecf78dc823faab718e7ebe3f2ceeeee8,complete,56c1b7390551d55bb056da7122b41ac3f7e4459570e4627ac278f7c91d669491,87c0d5d060fd36c685b98a38611b7bd6c4614d40b36d29be84edcd6c173f8160,complete,confirmed,confirmed,confirmed,confirmed,fail,false,size worse by 63859 (71.9798%); compression worse by 1212904667 (13414%); decompression worse by 9350843.5 (104.813%); memory worse by 4044800 (216.083%)
raw,raw,balanced,development,datasets/data/canterbury/alice29.txt,152089,152089,152577,9034439.5,1221946777.5,8863142,18272293.5,2078720,5916672,false,false,false,false,0,confirmed,true,true,1,file,development-pilot-v2-retry,local-x86-64,x86_64,36f84685dc00064dae9a239face7e8eff797ed28,b1d7dba75560d44d8e234e4205e09487f93678fb8688cac6a0905486c969c2ca,1297748005,gnu-time-v1-monotonic-wall,3b11dec50514a8473e9f6efa7a34d584d0657538c09988f61b72d38ad4991a10,development,dev-canterbury-alice29-txt,7467306ee0feed4971260f3c87421154a05be571d944e9cb021a5713700c38f0,1,mathsvg,balanced-ablation-no-whole-block-entropy-v1,55f2cfb2e4425a7153decbe4e16c321721a5b66dc23940f14275abf99abeb42a,81128211b782e3a4331d1c5fcd6db21eecf78dc823faab718e7ebe3f2ceeeee8,complete,deb7b660ce7575981cd7bc749fbec6d9d6b62e2c9a725ba1c8e9c79e304a087a,6187dab32cd7b6291d96c54425a22915a6eeb39add6d95ee9008e1dbba427131,complete,confirmed,confirmed,confirmed,confirmed,fail,false,size worse by 488 (0.320865%); compression worse by 1212912338 (13425.4%); decompression worse by 9409151.5 (106.16%); memory worse by 3837952 (184.631%)
xz-9e,xz-9e,balanced,development,datasets/data/canterbury/alice29.txt,152089,48528,152577,166040413,1221946777.5,16928521,18272293.5,30451712,5916672,false,false,false,true,1,confirmed,true,true,1,file,development-pilot-v2-retry,local-x86-64,x86_64,36f84685dc00064dae9a239face7e8eff797ed28,b1d7dba75560d44d8e234e4205e09487f93678fb8688cac6a0905486c969c2ca,1297748005,gnu-time-v1-monotonic-wall,3b11dec50514a8473e9f6efa7a34d584d0657538c09988f61b72d38ad4991a10,development,dev-canterbury-alice29-txt,7467306ee0feed4971260f3c87421154a05be571d944e9cb021a5713700c38f0,1,mathsvg,balanced-ablation-no-whole-block-entropy-v1,55f2cfb2e4425a7153decbe4e16c321721a5b66dc23940f14275abf99abeb42a,81128211b782e3a4331d1c5fcd6db21eecf78dc823faab718e7ebe3f2ceeeee8,complete,1bd3a8a1a914bf55087f30b641adcacaac8d04f2cc5a9c21f3668bf2f6727da6,b5b163eb273291934556377ab883b4b2a5d4da50bd0dc0a91774ecc234ccd8d0,complete,confirmed,confirmed,confirmed,confirmed,fail,false,size worse by 104049 (214.41%); compression worse by 1055906364.5 (635.933%); decompression worse by 1343772.5 (7.93792%)
zstd-default,zstd-default,balanced,development,datasets/data/canterbury/alice29.txt,152089,56999,152577,17083520.5,1221946777.5,10784895,18272293.5,3571712,5916672,false,false,false,false,0,confirmed,true,true,1,file,development-pilot-v2-retry,local-x86-64,x86_64,36f84685dc00064dae9a239face7e8eff797ed28,b1d7dba75560d44d8e234e4205e09487f93678fb8688cac6a0905486c969c2ca,1297748005,gnu-time-v1-monotonic-wall,3b11dec50514a8473e9f6efa7a34d584d0657538c09988f61b72d38ad4991a10,development,dev-canterbury-alice29-txt,7467306ee0feed4971260f3c87421154a05be571d944e9cb021a5713700c38f0,1,mathsvg,balanced-ablation-no-whole-block-entropy-v1,55f2cfb2e4425a7153decbe4e16c321721a5b66dc23940f14275abf99abeb42a,81128211b782e3a4331d1c5fcd6db21eecf78dc823faab718e7ebe3f2ceeeee8,complete,8afdee0e1fe04f0a9c92a00ebbd438b50004de9dcdf47ce697a89ac0bdae40a5,7c5468b370f7c47eda07281e3437fafc568f95d10420051e3aa522709f9342c5,complete,confirmed,confirmed,confirmed,confirmed,fail,false,size worse by 95578 (167.684%); compression worse by 1204863257 (7052.78%); decompression worse by 7487398.5 (69.4249%); memory worse by 2344960 (65.6537%)
gzip-6,gzip-6,fast,development,datasets/data/canterbury/alice29.txt,152089,54423,80481,33109718.5,769746842.5,8997482.5,65489170,1822720,5988352,false,false,false,false,0,confirmed,true,true,1,file,development-pilot-v2-retry,local-x86-64,x86_64,36f84685dc00064dae9a239face7e8eff797ed28,b1d7dba75560d44d8e234e4205e09487f93678fb8688cac6a0905486c969c2ca,1297748005,gnu-time-v1-monotonic-wall,3b11dec50514a8473e9f6efa7a34d584d0657538c09988f61b72d38ad4991a10,development,dev-canterbury-alice29-txt,7467306ee0feed4971260f3c87421154a05be571d944e9cb021a5713700c38f0,1,mathsvg,fast-ablation-no-coordinate-v1,d7ca26461dd4e013ff9ba35010b5f6f5433079b6b0745758edbcdcc2eebf07cb,81128211b782e3a4331d1c5fcd6db21eecf78dc823faab718e7ebe3f2ceeeee8,complete,bf920ab8461c6c60c8cc32db3d853f55655e60793cf7f64068847ad56c2b2e67,afea077ce127d4fa9ad410d3066ba2b54dea19c0b44f04adf56c72d5f7b7a9bb,complete,confirmed,confirmed,confirmed,confirmed,fail,false,size worse by 26058 (47.8805%); compression worse by 736637124 (2224.84%); decompression worse by 56491687.5 (627.861%); memory worse by 4165632 (228.539%)
lz4,lz4,fast,development,datasets/data/canterbury/alice29.txt,152089,88718,80481,9042110.5,769746842.5,8921450,65489170,1871872,5988352,true,false,false,false,1,confirmed,true,true,1,file,development-pilot-v2-retry,local-x86-64,x86_64,36f84685dc00064dae9a239face7e8eff797ed28,b1d7dba75560d44d8e234e4205e09487f93678fb8688cac6a0905486c969c2ca,1297748005,gnu-time-v1-monotonic-wall,3b11dec50514a8473e9f6efa7a34d584d0657538c09988f61b72d38ad4991a10,development,dev-canterbury-alice29-txt,7467306ee0feed4971260f3c87421154a05be571d944e9cb021a5713700c38f0,1,mathsvg,fast-ablation-no-coordinate-v1,d7ca26461dd4e013ff9ba35010b5f6f5433079b6b0745758edbcdcc2eebf07cb,81128211b782e3a4331d1c5fcd6db21eecf78dc823faab718e7ebe3f2ceeeee8,complete,56c1b7390551d55bb056da7122b41ac3f7e4459570e4627ac278f7c91d669491,87c0d5d060fd36c685b98a38611b7bd6c4614d40b36d29be84edcd6c173f8160,complete,confirmed,confirmed,confirmed,confirmed,fail,false,compression worse by 760704732 (8412.91%); decompression worse by 56567720 (634.064%); memory worse by 4116480 (219.912%)
raw,raw,fast,development,datasets/data/canterbury/alice29.txt,152089,152089,80481,9034439.5,769746842.5,8863142,65489170,2078720,5988352,true,false,false,false,1,confirmed,true,true,1,file,development-pilot-v2-retry,local-x86-64,x86_64,36f84685dc00064dae9a239face7e8eff797ed28,b1d7dba75560d44d8e234e4205e09487f93678fb8688cac6a0905486c969c2ca,1297748005,gnu-time-v1-monotonic-wall,3b11dec50514a8473e9f6efa7a34d584d0657538c09988f61b72d38ad4991a10,development,dev-canterbury-alice29-txt,7467306ee0feed4971260f3c87421154a05be571d944e9cb021a5713700c38f0,1,mathsvg,fast-ablation-no-coordinate-v1,d7ca26461dd4e013ff9ba35010b5f6f5433079b6b0745758edbcdcc2eebf07cb,81128211b782e3a4331d1c5fcd6db21eecf78dc823faab718e7ebe3f2ceeeee8,complete,deb7b660ce7575981cd7bc749fbec6d9d6b62e2c9a725ba1c8e9c79e304a087a,6187dab32cd7b6291d96c54425a22915a6eeb39add6d95ee9008e1dbba427131,complete,confirmed,confirmed,confirmed,confirmed,fail,false,compression worse by 760712403 (8420.14%); decompression worse by 56626028 (638.893%); memory worse by 3909632 (188.079%)
xz-9e,xz-9e,fast,development,datasets/data/canterbury/alice29.txt,152089,48528,80481,166040413,769746842.5,16928521,65489170,30451712,5988352,false,false,false,true,1,confirmed,true,true,1,file,development-pilot-v2-retry,local-x86-64,x86_64,36f84685dc00064dae9a239face7e8eff797ed28,b1d7dba75560d44d8e234e4205e09487f93678fb8688cac6a0905486c969c2ca,1297748005,gnu-time-v1-monotonic-wall,3b11dec50514a8473e9f6efa7a34d584d0657538c09988f61b72d38ad4991a10,development,dev-canterbury-alice29-txt,7467306ee0feed4971260f3c87421154a05be571d944e9cb021a5713700c38f0,1,mathsvg,fast-ablation-no-coordinate-v1,d7ca26461dd4e013ff9ba35010b5f6f5433079b6b0745758edbcdcc2eebf07cb,81128211b782e3a4331d1c5fcd6db21eecf78dc823faab718e7ebe3f2ceeeee8,complete,1bd3a8a1a914bf55087f30b641adcacaac8d04f2cc5a9c21f3668bf2f6727da6,b5b163eb273291934556377ab883b4b2a5d4da50bd0dc0a91774ecc234ccd8d0,complete,confirmed,confirmed,confirmed,confirmed,fail,false,size worse by 31953 (65.8445%); compression worse by 603706429.5 (363.59%); decompression worse by 48560649 (286.857%)
zstd-default,zstd-default,fast,development,datasets/data/canterbury/alice29.txt,152089,56999,80481,17083520.5,769746842.5,10784895,65489170,3571712,5988352,false,false,false,false,0,confirmed,true,true,1,file,development-pilot-v2-retry,local-x86-64,x86_64,36f84685dc00064dae9a239face7e8eff797ed28,b1d7dba75560d44d8e234e4205e09487f93678fb8688cac6a0905486c969c2ca,1297748005,gnu-time-v1-monotonic-wall,3b11dec50514a8473e9f6efa7a34d584d0657538c09988f61b72d38ad4991a10,development,dev-canterbury-alice29-txt,7467306ee0feed4971260f3c87421154a05be571d944e9cb021a5713700c38f0,1,mathsvg,fast-ablation-no-coordinate-v1,d7ca26461dd4e013ff9ba35010b5f6f5433079b6b0745758edbcdcc2eebf07cb,81128211b782e3a4331d1c5fcd6db21eecf78dc823faab718e7ebe3f2ceeeee8,complete,8afdee0e1fe04f0a9c92a00ebbd438b50004de9dcdf47ce697a89ac0bdae40a5,7c5468b370f7c47eda07281e3437fafc568f95d10420051e3aa522709f9342c5,complete,confirmed,confirmed,confirmed,confirmed,fail,false,size worse by 23482 (41.1972%); compression worse by 752663322 (4405.79%); decompression worse by 54704275 (507.23%); memory worse by 2416640 (67.6606%)
gzip-6,gzip-6,fast,development,datasets/data/canterbury/alice29.txt,152089,54423,152577,33109718.5,419275913.5,8997482.5,17142683.5,1822720,5939200,false,false,false,false,0,confirmed,true,true,1,file,development-pilot-v2-retry,local-x86-64,x86_64,36f84685dc00064dae9a239face7e8eff797ed28,b1d7dba75560d44d8e234e4205e09487f93678fb8688cac6a0905486c969c2ca,1297748005,gnu-time-v1-monotonic-wall,3b11dec50514a8473e9f6efa7a34d584d0657538c09988f61b72d38ad4991a10,development,dev-canterbury-alice29-txt,7467306ee0feed4971260f3c87421154a05be571d944e9cb021a5713700c38f0,1,mathsvg,fast-ablation-no-whole-block-entropy-v1,036664ca0567442e358e36e2564fb5b50a5e75619d748ddd5a2fd387db06179b,81128211b782e3a4331d1c5fcd6db21eecf78dc823faab718e7ebe3f2ceeeee8,complete,bf920ab8461c6c60c8cc32db3d853f55655e60793cf7f64068847ad56c2b2e67,afea077ce127d4fa9ad410d3066ba2b54dea19c0b44f04adf56c72d5f7b7a9bb,complete,confirmed,confirmed,confirmed,confirmed,fail,false,size worse by 98154 (180.354%); compression worse by 386166195 (1166.32%); decompression worse by 8145201 (90.5276%); memory worse by 4116480 (225.843%)
lz4,lz4,fast,development,datasets/data/canterbury/alice29.txt,152089,88718,152577,9042110.5,419275913.5,8921450,17142683.5,1871872,5939200,false,false,false,false,0,confirmed,true,true,1,file,development-pilot-v2-retry,local-x86-64,x86_64,36f84685dc00064dae9a239face7e8eff797ed28,b1d7dba75560d44d8e234e4205e09487f93678fb8688cac6a0905486c969c2ca,1297748005,gnu-time-v1-monotonic-wall,3b11dec50514a8473e9f6efa7a34d584d0657538c09988f61b72d38ad4991a10,development,dev-canterbury-alice29-txt,7467306ee0feed4971260f3c87421154a05be571d944e9cb021a5713700c38f0,1,mathsvg,fast-ablation-no-whole-block-entropy-v1,036664ca0567442e358e36e2564fb5b50a5e75619d748ddd5a2fd387db06179b,81128211b782e3a4331d1c5fcd6db21eecf78dc823faab718e7ebe3f2ceeeee8,complete,56c1b7390551d55bb056da7122b41ac3f7e4459570e4627ac278f7c91d669491,87c0d5d060fd36c685b98a38611b7bd6c4614d40b36d29be84edcd6c173f8160,complete,confirmed,confirmed,confirmed,confirmed,fail,false,size worse by 63859 (71.9798%); compression worse by 410233803 (4536.93%); decompression worse by 8221233.5 (92.1513%); memory worse by 4067328 (217.287%)
raw,raw,fast,development,datasets/data/canterbury/alice29.txt,152089,152089,152577,9034439.5,419275913.5,8863142,17142683.5,2078720,5939200,false,false,false,false,0,confirmed,true,true,1,file,development-pilot-v2-retry,local-x86-64,x86_64,36f84685dc00064dae9a239face7e8eff797ed28,b1d7dba75560d44d8e234e4205e09487f93678fb8688cac6a0905486c969c2ca,1297748005,gnu-time-v1-monotonic-wall,3b11dec50514a8473e9f6efa7a34d584d0657538c09988f61b72d38ad4991a10,development,dev-canterbury-alice29-txt,7467306ee0feed4971260f3c87421154a05be571d944e9cb021a5713700c38f0,1,mathsvg,fast-ablation-no-whole-block-entropy-v1,036664ca0567442e358e36e2564fb5b50a5e75619d748ddd5a2fd387db06179b,81128211b782e3a4331d1c5fcd6db21eecf78dc823faab718e7ebe3f2ceeeee8,complete,deb7b660ce7575981cd7bc749fbec6d9d6b62e2c9a725ba1c8e9c79e304a087a,6187dab32cd7b6291d96c54425a22915a6eeb39add6d95ee9008e1dbba427131,complete,confirmed,confirmed,confirmed,confirmed,fail,false,size worse by 488 (0.320865%); compression worse by 410241474 (4540.86%); decompression worse by 8279541.5 (93.4154%); memory worse by 3860480 (185.714%)
xz-9e,xz-9e,fast,development,datasets/data/canterbury/alice29.txt,152089,48528,152577,166040413,419275913.5,16928521,17142683.5,30451712,5939200,false,false,false,true,1,inconclusive,true,true,1,file,development-pilot-v2-retry,local-x86-64,x86_64,36f84685dc00064dae9a239face7e8eff797ed28,b1d7dba75560d44d8e234e4205e09487f93678fb8688cac6a0905486c969c2ca,1297748005,gnu-time-v1-monotonic-wall,3b11dec50514a8473e9f6efa7a34d584d0657538c09988f61b72d38ad4991a10,development,dev-canterbury-alice29-txt,7467306ee0feed4971260f3c87421154a05be571d944e9cb021a5713700c38f0,1,mathsvg,fast-ablation-no-whole-block-entropy-v1,036664ca0567442e358e36e2564fb5b50a5e75619d748ddd5a2fd387db06179b,81128211b782e3a4331d1c5fcd6db21eecf78dc823faab718e7ebe3f2ceeeee8,complete,1bd3a8a1a914bf55087f30b641adcacaac8d04f2cc5a9c21f3668bf2f6727da6,b5b163eb273291934556377ab883b4b2a5d4da50bd0dc0a91774ecc234ccd8d0,complete,confirmed,confirmed,inconclusive,confirmed,inconclusive,false,size worse by 104049 (214.41%); compression worse by 253235500.5 (152.514%); decompression confidence is inconclusive; decompression point estimate worse by 214162.5 (1.2651%)
zstd-default,zstd-default,fast,development,datasets/data/canterbury/alice29.txt,152089,56999,152577,17083520.5,419275913.5,10784895,17142683.5,3571712,5939200,false,false,false,false,0,confirmed,true,true,1,file,development-pilot-v2-retry,local-x86-64,x86_64,36f84685dc00064dae9a239face7e8eff797ed28,b1d7dba75560d44d8e234e4205e09487f93678fb8688cac6a0905486c969c2ca,1297748005,gnu-time-v1-monotonic-wall,3b11dec50514a8473e9f6efa7a34d584d0657538c09988f61b72d38ad4991a10,development,dev-canterbury-alice29-txt,7467306ee0feed4971260f3c87421154a05be571d944e9cb021a5713700c38f0,1,mathsvg,fast-ablation-no-whole-block-entropy-v1,036664ca0567442e358e36e2564fb5b50a5e75619d748ddd5a2fd387db06179b,81128211b782e3a4331d1c5fcd6db21eecf78dc823faab718e7ebe3f2ceeeee8,complete,8afdee0e1fe04f0a9c92a00ebbd438b50004de9dcdf47ce697a89ac0bdae40a5,7c5468b370f7c47eda07281e3437fafc568f95d10420051e3aa522709f9342c5,complete,confirmed,confirmed,confirmed,confirmed,fail,false,size worse by 95578 (167.684%); compression worse by 402192393 (2354.27%); decompression worse by 6357788.5 (58.9509%); memory worse by 2367488 (66.2844%)
gzip-6,gzip-6,fast,development,datasets/data/canterbury/alice29.txt,152089,54423,80481,33109718.5,518518750,8997482.5,65572289,1822720,5586944,false,false,false,false,0,confirmed,true,true,1,file,development-pilot-v2-retry,local-x86-64,x86_64,36f84685dc00064dae9a239face7e8eff797ed28,b1d7dba75560d44d8e234e4205e09487f93678fb8688cac6a0905486c969c2ca,1297748005,gnu-time-v1-monotonic-wall,3b11dec50514a8473e9f6efa7a34d584d0657538c09988f61b72d38ad4991a10,development,dev-canterbury-alice29-txt,7467306ee0feed4971260f3c87421154a05be571d944e9cb021a5713700c38f0,1,mathsvg,fast-ablation-no-whole-block-functions-v1,132b5a7df0265df37685fc601c1e0b6bd4ece5c907efc1a75f3a698f2ec4cbe7,81128211b782e3a4331d1c5fcd6db21eecf78dc823faab718e7ebe3f2ceeeee8,complete,bf920ab8461c6c60c8cc32db3d853f55655e60793cf7f64068847ad56c2b2e67,afea077ce127d4fa9ad410d3066ba2b54dea19c0b44f04adf56c72d5f7b7a9bb,complete,confirmed,confirmed,confirmed,confirmed,fail,false,size worse by 26058 (47.8805%); compression worse by 485409031.5 (1466.06%); decompression worse by 56574806.5 (628.785%); memory worse by 3764224 (206.517%)
lz4,lz4,fast,development,datasets/data/canterbury/alice29.txt,152089,88718,80481,9042110.5,518518750,8921450,65572289,1871872,5586944,true,false,false,false,1,confirmed,true,true,1,file,development-pilot-v2-retry,local-x86-64,x86_64,36f84685dc00064dae9a239face7e8eff797ed28,b1d7dba75560d44d8e234e4205e09487f93678fb8688cac6a0905486c969c2ca,1297748005,gnu-time-v1-monotonic-wall,3b11dec50514a8473e9f6efa7a34d584d0657538c09988f61b72d38ad4991a10,development,dev-canterbury-alice29-txt,7467306ee0feed4971260f3c87421154a05be571d944e9cb021a5713700c38f0,1,mathsvg,fast-ablation-no-whole-block-functions-v1,132b5a7df0265df37685fc601c1e0b6bd4ece5c907efc1a75f3a698f2ec4cbe7,81128211b782e3a4331d1c5fcd6db21eecf78dc823faab718e7ebe3f2ceeeee8,complete,56c1b7390551d55bb056da7122b41ac3f7e4459570e4627ac278f7c91d669491,87c0d5d060fd36c685b98a38611b7bd6c4614d40b36d29be84edcd6c173f8160,complete,confirmed,confirmed,confirmed,confirmed,fail,false,compression worse by 509476639.5 (5634.49%); decompression worse by 56650839 (634.996%); memory worse by 3715072 (198.468%)
raw,raw,fast,development,datasets/data/canterbury/alice29.txt,152089,152089,80481,9034439.5,518518750,8863142,65572289,2078720,5586944,true,false,false,false,1,confirmed,true,true,1,file,development-pilot-v2-retry,local-x86-64,x86_64,36f84685dc00064dae9a239face7e8eff797ed28,b1d7dba75560d44d8e234e4205e09487f93678fb8688cac6a0905486c969c2ca,1297748005,gnu-time-v1-monotonic-wall,3b11dec50514a8473e9f6efa7a34d584d0657538c09988f61b72d38ad4991a10,development,dev-canterbury-alice29-txt,7467306ee0feed4971260f3c87421154a05be571d944e9cb021a5713700c38f0,1,mathsvg,fast-ablation-no-whole-block-functions-v1,132b5a7df0265df37685fc601c1e0b6bd4ece5c907efc1a75f3a698f2ec4cbe7,81128211b782e3a4331d1c5fcd6db21eecf78dc823faab718e7ebe3f2ceeeee8,complete,deb7b660ce7575981cd7bc749fbec6d9d6b62e2c9a725ba1c8e9c79e304a087a,6187dab32cd7b6291d96c54425a22915a6eeb39add6d95ee9008e1dbba427131,complete,confirmed,confirmed,confirmed,confirmed,fail,false,compression worse by 509484310.5 (5639.36%); decompression worse by 56709147 (639.831%); memory worse by 3508224 (168.768%)
xz-9e,xz-9e,fast,development,datasets/data/canterbury/alice29.txt,152089,48528,80481,166040413,518518750,16928521,65572289,30451712,5586944,false,false,false,true,1,confirmed,true,true,1,file,development-pilot-v2-retry,local-x86-64,x86_64,36f84685dc00064dae9a239face7e8eff797ed28,b1d7dba75560d44d8e234e4205e09487f93678fb8688cac6a0905486c969c2ca,1297748005,gnu-time-v1-monotonic-wall,3b11dec50514a8473e9f6efa7a34d584d0657538c09988f61b72d38ad4991a10,development,dev-canterbury-alice29-txt,7467306ee0feed4971260f3c87421154a05be571d944e9cb021a5713700c38f0,1,mathsvg,fast-ablation-no-whole-block-functions-v1,132b5a7df0265df37685fc601c1e0b6bd4ece5c907efc1a75f3a698f2ec4cbe7,81128211b782e3a4331d1c5fcd6db21eecf78dc823faab718e7ebe3f2ceeeee8,complete,1bd3a8a1a914bf55087f30b641adcacaac8d04f2cc5a9c21f3668bf2f6727da6,b5b163eb273291934556377ab883b4b2a5d4da50bd0dc0a91774ecc234ccd8d0,complete,confirmed,confirmed,confirmed,confirmed,fail,false,size worse by 31953 (65.8445%); compression worse by 352478337 (212.285%); decompression worse by 48643768 (287.348%)
zstd-default,zstd-default,fast,development,datasets/data/canterbury/alice29.txt,152089,56999,80481,17083520.5,518518750,10784895,65572289,3571712,5586944,false,false,false,false,0,confirmed,true,true,1,file,development-pilot-v2-retry,local-x86-64,x86_64,36f84685dc00064dae9a239face7e8eff797ed28,b1d7dba75560d44d8e234e4205e09487f93678fb8688cac6a0905486c969c2ca,1297748005,gnu-time-v1-monotonic-wall,3b11dec50514a8473e9f6efa7a34d584d0657538c09988f61b72d38ad4991a10,development,dev-canterbury-alice29-txt,7467306ee0feed4971260f3c87421154a05be571d944e9cb021a5713700c38f0,1,mathsvg,fast-ablation-no-whole-block-functions-v1,132b5a7df0265df37685fc601c1e0b6bd4ece5c907efc1a75f3a698f2ec4cbe7,81128211b782e3a4331d1c5fcd6db21eecf78dc823faab718e7ebe3f2ceeeee8,complete,8afdee0e1fe04f0a9c92a00ebbd438b50004de9dcdf47ce697a89ac0bdae40a5,7c5468b370f7c47eda07281e3437fafc568f95d10420051e3aa522709f9342c5,complete,confirmed,confirmed,confirmed,confirmed,fail,false,size worse by 23482 (41.1972%); compression worse by 501435229.5 (2935.2%); decompression worse by 54787394 (508.001%); memory worse by 2015232 (56.422%)
gzip-6,gzip-6,balanced,development,datasets/data/canterbury/kennedy.xls,1029744,206767,261046,66150098,1522201773.5,17375924,166384700,1953792,17997824,false,false,false,false,0,confirmed,true,true,1,file,development-pilot-v2-retry,local-x86-64,x86_64,36f84685dc00064dae9a239face7e8eff797ed28,b1d7dba75560d44d8e234e4205e09487f93678fb8688cac6a0905486c969c2ca,1297748005,gnu-time-v1-monotonic-wall,3b11dec50514a8473e9f6efa7a34d584d0657538c09988f61b72d38ad4991a10,development,dev-canterbury-kennedy-xls,9af47239ca29dfe20e633f80bbbb9a4cc9783d0803d7b2b5626f42e4c3790420,1,mathsvg,balanced-ablation-no-coordinate-v1,fb91a9679f353dac71a4fd88cd05cce5491385745b3990bfa054c63ba3a8477f,81128211b782e3a4331d1c5fcd6db21eecf78dc823faab718e7ebe3f2ceeeee8,complete,bf920ab8461c6c60c8cc32db3d853f55655e60793cf7f64068847ad56c2b2e67,afea077ce127d4fa9ad410d3066ba2b54dea19c0b44f04adf56c72d5f7b7a9bb,complete,confirmed,confirmed,confirmed,confirmed,fail,false,size worse by 54279 (26.2513%); compression worse by 1456051675.5 (2201.13%); decompression worse by 149008776 (857.559%); memory worse by 16044032 (821.174%)
lz4,lz4,balanced,development,datasets/data/canterbury/kennedy.xls,1029744,374723,261046,17183338.5,1522201773.5,17005564,166384700,3041280,17997824,true,false,false,false,1,confirmed,true,true,1,file,development-pilot-v2-retry,local-x86-64,x86_64,36f84685dc00064dae9a239face7e8eff797ed28,b1d7dba75560d44d8e234e4205e09487f93678fb8688cac6a0905486c969c2ca,1297748005,gnu-time-v1-monotonic-wall,3b11dec50514a8473e9f6efa7a34d584d0657538c09988f61b72d38ad4991a10,development,dev-canterbury-kennedy-xls,9af47239ca29dfe20e633f80bbbb9a4cc9783d0803d7b2b5626f42e4c3790420,1,mathsvg,balanced-ablation-no-coordinate-v1,fb91a9679f353dac71a4fd88cd05cce5491385745b3990bfa054c63ba3a8477f,81128211b782e3a4331d1c5fcd6db21eecf78dc823faab718e7ebe3f2ceeeee8,complete,56c1b7390551d55bb056da7122b41ac3f7e4459570e4627ac278f7c91d669491,87c0d5d060fd36c685b98a38611b7bd6c4614d40b36d29be84edcd6c173f8160,complete,confirmed,confirmed,confirmed,confirmed,fail,false,compression worse by 1505018435 (8758.59%); decompression worse by 149379136 (878.413%); memory worse by 14956544 (491.785%)
raw,raw,balanced,development,datasets/data/canterbury/kennedy.xls,1029744,1029744,261046,9153913,1522201773.5,8971599.5,166384700,2088960,17997824,true,false,false,false,1,confirmed,true,true,1,file,development-pilot-v2-retry,local-x86-64,x86_64,36f84685dc00064dae9a239face7e8eff797ed28,b1d7dba75560d44d8e234e4205e09487f93678fb8688cac6a0905486c969c2ca,1297748005,gnu-time-v1-monotonic-wall,3b11dec50514a8473e9f6efa7a34d584d0657538c09988f61b72d38ad4991a10,development,dev-canterbury-kennedy-xls,9af47239ca29dfe20e633f80bbbb9a4cc9783d0803d7b2b5626f42e4c3790420,1,mathsvg,balanced-ablation-no-coordinate-v1,fb91a9679f353dac71a4fd88cd05cce5491385745b3990bfa054c63ba3a8477f,81128211b782e3a4331d1c5fcd6db21eecf78dc823faab718e7ebe3f2ceeeee8,complete,deb7b660ce7575981cd7bc749fbec6d9d6b62e2c9a725ba1c8e9c79e304a087a,6187dab32cd7b6291d96c54425a22915a6eeb39add6d95ee9008e1dbba427131,complete,confirmed,confirmed,confirmed,confirmed,fail,false,compression worse by 1513047860.5 (16529%); decompression worse by 157413100.5 (1754.57%); memory worse by 15908864 (761.569%)
xz-9e,xz-9e,balanced,development,datasets/data/canterbury/kennedy.xls,1029744,51868,261046,2003866416,1522201773.5,33336016,166384700,35299328,17997824,false,true,false,true,2,confirmed,true,true,1,file,development-pilot-v2-retry,local-x86-64,x86_64,36f84685dc00064dae9a239face7e8eff797ed28,b1d7dba75560d44d8e234e4205e09487f93678fb8688cac6a0905486c969c2ca,1297748005,gnu-time-v1-monotonic-wall,3b11dec50514a8473e9f6efa7a34d584d0657538c09988f61b72d38ad4991a10,development,dev-canterbury-kennedy-xls,9af47239ca29dfe20e633f80bbbb9a4cc9783d0803d7b2b5626f42e4c3790420,1,mathsvg,balanced-ablation-no-coordinate-v1,fb91a9679f353dac71a4fd88cd05cce5491385745b3990bfa054c63ba3a8477f,81128211b782e3a4331d1c5fcd6db21eecf78dc823faab718e7ebe3f2ceeeee8,complete,1bd3a8a1a914bf55087f30b641adcacaac8d04f2cc5a9c21f3668bf2f6727da6,b5b163eb273291934556377ab883b4b2a5d4da50bd0dc0a91774ecc234ccd8d0,complete,confirmed,confirmed,confirmed,confirmed,fail,false,size worse by 209178 (403.289%); decompression worse by 133048684 (399.114%)
zstd-default,zstd-default,balanced,development,datasets/data/canterbury/kennedy.xls,1029744,111746,261046,33212509.5,1522201773.5,17126725.5,166384700,5347328,17997824,false,false,false,false,0,confirmed,true,true,1,file,development-pilot-v2-retry,local-x86-64,x86_64,36f84685dc00064dae9a239face7e8eff797ed28,b1d7dba75560d44d8e234e4205e09487f93678fb8688cac6a0905486c969c2ca,1297748005,gnu-time-v1-monotonic-wall,3b11dec50514a8473e9f6efa7a34d584d0657538c09988f61b72d38ad4991a10,development,dev-canterbury-kennedy-xls,9af47239ca29dfe20e633f80bbbb9a4cc9783d0803d7b2b5626f42e4c3790420,1,mathsvg,balanced-ablation-no-coordinate-v1,fb91a9679f353dac71a4fd88cd05cce5491385745b3990bfa054c63ba3a8477f,81128211b782e3a4331d1c5fcd6db21eecf78dc823faab718e7ebe3f2ceeeee8,complete,8afdee0e1fe04f0a9c92a00ebbd438b50004de9dcdf47ce697a89ac0bdae40a5,7c5468b370f7c47eda07281e3437fafc568f95d10420051e3aa522709f9342c5,complete,confirmed,confirmed,confirmed,confirmed,fail,false,size worse by 149300 (133.607%); compression worse by 1488989264 (4483.22%); decompression worse by 149257974.5 (871.492%); memory worse by 12650496 (236.576%)
gzip-6,gzip-6,balanced,development,datasets/data/canterbury/kennedy.xls,1029744,206767,1030232,66150098,1486911504,17375924,65588952,1953792,19701760,false,false,false,false,0,confirmed,true,true,1,file,development-pilot-v2-retry,local-x86-64,x86_64,36f84685dc00064dae9a239face7e8eff797ed28,b1d7dba75560d44d8e234e4205e09487f93678fb8688cac6a0905486c969c2ca,1297748005,gnu-time-v1-monotonic-wall,3b11dec50514a8473e9f6efa7a34d584d0657538c09988f61b72d38ad4991a10,development,dev-canterbury-kennedy-xls,9af47239ca29dfe20e633f80bbbb9a4cc9783d0803d7b2b5626f42e4c3790420,1,mathsvg,balanced-ablation-no-whole-block-entropy-v1,55f2cfb2e4425a7153decbe4e16c321721a5b66dc23940f14275abf99abeb42a,81128211b782e3a4331d1c5fcd6db21eecf78dc823faab718e7ebe3f2ceeeee8,complete,bf920ab8461c6c60c8cc32db3d853f55655e60793cf7f64068847ad56c2b2e67,afea077ce127d4fa9ad410d3066ba2b54dea19c0b44f04adf56c72d5f7b7a9bb,complete,confirmed,confirmed,confirmed,confirmed,fail,false,size worse by 823465 (398.257%); compression worse by 1420761406 (2147.78%); decompression worse by 48213028 (277.47%); memory worse by 17747968 (908.386%)
lz4,lz4,balanced,development,datasets/data/canterbury/kennedy.xls,1029744,374723,1030232,17183338.5,1486911504,17005564,65588952,3041280,19701760,false,false,false,false,0,confirmed,true,true,1,file,development-pilot-v2-retry,local-x86-64,x86_64,36f84685dc00064dae9a239face7e8eff797ed28,b1d7dba75560d44d8e234e4205e09487f93678fb8688cac6a0905486c969c2ca,1297748005,gnu-time-v1-monotonic-wall,3b11dec50514a8473e9f6efa7a34d584d0657538c09988f61b72d38ad4991a10,development,dev-canterbury-kennedy-xls,9af47239ca29dfe20e633f80bbbb9a4cc9783d0803d7b2b5626f42e4c3790420,1,mathsvg,balanced-ablation-no-whole-block-entropy-v1,55f2cfb2e4425a7153decbe4e16c321721a5b66dc23940f14275abf99abeb42a,81128211b782e3a4331d1c5fcd6db21eecf78dc823faab718e7ebe3f2ceeeee8,complete,56c1b7390551d55bb056da7122b41ac3f7e4459570e4627ac278f7c91d669491,87c0d5d060fd36c685b98a38611b7bd6c4614d40b36d29be84edcd6c173f8160,complete,confirmed,confirmed,confirmed,confirmed,fail,false,size worse by 655509 (174.932%); compression worse by 1469728165.5 (8553.22%); decompression worse by 48583388 (285.691%); memory worse by 16660480 (547.811%)
raw,raw,balanced,development,datasets/data/canterbury/kennedy.xls,1029744,1029744,1030232,9153913,1486911504,8971599.5,65588952,2088960,19701760,false,false,false,false,0,confirmed,true,true,1,file,development-pilot-v2-retry,local-x86-64,x86_64,36f84685dc00064dae9a239face7e8eff797ed28,b1d7dba75560d44d8e234e4205e09487f93678fb8688cac6a0905486c969c2ca,1297748005,gnu-time-v1-monotonic-wall,3b11dec50514a8473e9f6efa7a34d584d0657538c09988f61b72d38ad4991a10,development,dev-canterbury-kennedy-xls,9af47239ca29dfe20e633f80bbbb9a4cc9783d0803d7b2b5626f42e4c3790420,1,mathsvg,balanced-ablation-no-whole-block-entropy-v1,55f2cfb2e4425a7153decbe4e16c321721a5b66dc23940f14275abf99abeb42a,81128211b782e3a4331d1c5fcd6db21eecf78dc823faab718e7ebe3f2ceeeee8,complete,deb7b660ce7575981cd7bc749fbec6d9d6b62e2c9a725ba1c8e9c79e304a087a,6187dab32cd7b6291d96c54425a22915a6eeb39add6d95ee9008e1dbba427131,complete,confirmed,confirmed,confirmed,confirmed,fail,false,size worse by 488 (0.0473904%); compression worse by 1477757591 (16143.5%); decompression worse by 56617352.5 (631.073%); memory worse by 17612800 (843.137%)
xz-9e,xz-9e,balanced,development,datasets/data/canterbury/kennedy.xls,1029744,51868,1030232,2003866416,1486911504,33336016,65588952,35299328,19701760,false,true,false,true,2,confirmed,true,true,1,file,development-pilot-v2-retry,local-x86-64,x86_64,36f84685dc00064dae9a239face7e8eff797ed28,b1d7dba75560d44d8e234e4205e09487f93678fb8688cac6a0905486c969c2ca,1297748005,gnu-time-v1-monotonic-wall,3b11dec50514a8473e9f6efa7a34d584d0657538c09988f61b72d38ad4991a10,development,dev-canterbury-kennedy-xls,9af47239ca29dfe20e633f80bbbb9a4cc9783d0803d7b2b5626f42e4c3790420,1,mathsvg,balanced-ablation-no-whole-block-entropy-v1,55f2cfb2e4425a7153decbe4e16c321721a5b66dc23940f14275abf99abeb42a,81128211b782e3a4331d1c5fcd6db21eecf78dc823faab718e7ebe3f2ceeeee8,complete,1bd3a8a1a914bf55087f30b641adcacaac8d04f2cc5a9c21f3668bf2f6727da6,b5b163eb273291934556377ab883b4b2a5d4da50bd0dc0a91774ecc234ccd8d0,complete,confirmed,confirmed,confirmed,confirmed,fail,false,size worse by 978364 (1886.26%); decompression worse by 32252936 (96.751%)
zstd-default,zstd-default,balanced,development,datasets/data/canterbury/kennedy.xls,1029744,111746,1030232,33212509.5,1486911504,17126725.5,65588952,5347328,19701760,false,false,false,false,0,confirmed,true,true,1,file,development-pilot-v2-retry,local-x86-64,x86_64,36f84685dc00064dae9a239face7e8eff797ed28,b1d7dba75560d44d8e234e4205e09487f93678fb8688cac6a0905486c969c2ca,1297748005,gnu-time-v1-monotonic-wall,3b11dec50514a8473e9f6efa7a34d584d0657538c09988f61b72d38ad4991a10,development,dev-canterbury-kennedy-xls,9af47239ca29dfe20e633f80bbbb9a4cc9783d0803d7b2b5626f42e4c3790420,1,mathsvg,balanced-ablation-no-whole-block-entropy-v1,55f2cfb2e4425a7153decbe4e16c321721a5b66dc23940f14275abf99abeb42a,81128211b782e3a4331d1c5fcd6db21eecf78dc823faab718e7ebe3f2ceeeee8,complete,8afdee0e1fe04f0a9c92a00ebbd438b50004de9dcdf47ce697a89ac0bdae40a5,7c5468b370f7c47eda07281e3437fafc568f95d10420051e3aa522709f9342c5,complete,confirmed,confirmed,confirmed,confirmed,fail,false,size worse by 918486 (821.941%); compression worse by 1453698994.5 (4376.96%); decompression worse by 48462226.5 (282.963%); memory worse by 14354432 (268.441%)
gzip-6,gzip-6,balanced,development,datasets/data/canterbury/kennedy.xls,1029744,206767,261046,66150098,1578502728,17375924,166351921.5,1953792,15591424,false,false,false,false,0,confirmed,true,true,1,file,development-pilot-v2-retry,local-x86-64,x86_64,36f84685dc00064dae9a239face7e8eff797ed28,b1d7dba75560d44d8e234e4205e09487f93678fb8688cac6a0905486c969c2ca,1297748005,gnu-time-v1-monotonic-wall,3b11dec50514a8473e9f6efa7a34d584d0657538c09988f61b72d38ad4991a10,development,dev-canterbury-kennedy-xls,9af47239ca29dfe20e633f80bbbb9a4cc9783d0803d7b2b5626f42e4c3790420,1,mathsvg,balanced-ablation-no-whole-block-functions-v1,710840e9131cf094172098c985e2b371da66d184263016d59a71a97c9294a733,81128211b782e3a4331d1c5fcd6db21eecf78dc823faab718e7ebe3f2ceeeee8,complete,bf920ab8461c6c60c8cc32db3d853f55655e60793cf7f64068847ad56c2b2e67,afea077ce127d4fa9ad410d3066ba2b54dea19c0b44f04adf56c72d5f7b7a9bb,complete,confirmed,confirmed,confirmed,confirmed,fail,false,size worse by 54279 (26.2513%); compression worse by 1512352630 (2286.24%); decompression worse by 148975997.5 (857.37%); memory worse by 13637632 (698.008%)
lz4,lz4,balanced,development,datasets/data/canterbury/kennedy.xls,1029744,374723,261046,17183338.5,1578502728,17005564,166351921.5,3041280,15591424,true,false,false,false,1,confirmed,true,true,1,file,development-pilot-v2-retry,local-x86-64,x86_64,36f84685dc00064dae9a239face7e8eff797ed28,b1d7dba75560d44d8e234e4205e09487f93678fb8688cac6a0905486c969c2ca,1297748005,gnu-time-v1-monotonic-wall,3b11dec50514a8473e9f6efa7a34d584d0657538c09988f61b72d38ad4991a10,development,dev-canterbury-kennedy-xls,9af47239ca29dfe20e633f80bbbb9a4cc9783d0803d7b2b5626f42e4c3790420,1,mathsvg,balanced-ablation-no-whole-block-functions-v1,710840e9131cf094172098c985e2b371da66d184263016d59a71a97c9294a733,81128211b782e3a4331d1c5fcd6db21eecf78dc823faab718e7ebe3f2ceeeee8,complete,56c1b7390551d55bb056da7122b41ac3f7e4459570e4627ac278f7c91d669491,87c0d5d060fd36c685b98a38611b7bd6c4614d40b36d29be84edcd6c173f8160,complete,confirmed,confirmed,confirmed,confirmed,fail,false,compression worse by 1561319389.5 (9086.24%); decompression worse by 149346357.5 (878.221%); memory worse by 12550144 (412.66%)
raw,raw,balanced,development,datasets/data/canterbury/kennedy.xls,1029744,1029744,261046,9153913,1578502728,8971599.5,166351921.5,2088960,15591424,true,false,false,false,1,confirmed,true,true,1,file,development-pilot-v2-retry,local-x86-64,x86_64,36f84685dc00064dae9a239face7e8eff797ed28,b1d7dba75560d44d8e234e4205e09487f93678fb8688cac6a0905486c969c2ca,1297748005,gnu-time-v1-monotonic-wall,3b11dec50514a8473e9f6efa7a34d584d0657538c09988f61b72d38ad4991a10,development,dev-canterbury-kennedy-xls,9af47239ca29dfe20e633f80bbbb9a4cc9783d0803d7b2b5626f42e4c3790420,1,mathsvg,balanced-ablation-no-whole-block-functions-v1,710840e9131cf094172098c985e2b371da66d184263016d59a71a97c9294a733,81128211b782e3a4331d1c5fcd6db21eecf78dc823faab718e7ebe3f2ceeeee8,complete,deb7b660ce7575981cd7bc749fbec6d9d6b62e2c9a725ba1c8e9c79e304a087a,6187dab32cd7b6291d96c54425a22915a6eeb39add6d95ee9008e1dbba427131,complete,confirmed,confirmed,confirmed,confirmed,fail,false,compression worse by 1569348815 (17144%); decompression worse by 157380322 (1754.21%); memory worse by 13502464 (646.373%)
xz-9e,xz-9e,balanced,development,datasets/data/canterbury/kennedy.xls,1029744,51868,261046,2003866416,1578502728,33336016,166351921.5,35299328,15591424,false,true,false,true,2,confirmed,true,true,1,file,development-pilot-v2-retry,local-x86-64,x86_64,36f84685dc00064dae9a239face7e8eff797ed28,b1d7dba75560d44d8e234e4205e09487f93678fb8688cac6a0905486c969c2ca,1297748005,gnu-time-v1-monotonic-wall,3b11dec50514a8473e9f6efa7a34d584d0657538c09988f61b72d38ad4991a10,development,dev-canterbury-kennedy-xls,9af47239ca29dfe20e633f80bbbb9a4cc9783d0803d7b2b5626f42e4c3790420,1,mathsvg,balanced-ablation-no-whole-block-functions-v1,710840e9131cf094172098c985e2b371da66d184263016d59a71a97c9294a733,81128211b782e3a4331d1c5fcd6db21eecf78dc823faab718e7ebe3f2ceeeee8,complete,1bd3a8a1a914bf55087f30b641adcacaac8d04f2cc5a9c21f3668bf2f6727da6,b5b163eb273291934556377ab883b4b2a5d4da50bd0dc0a91774ecc234ccd8d0,complete,confirmed,confirmed,confirmed,confirmed,fail,false,size worse by 209178 (403.289%); decompression worse by 133015905.5 (399.016%)
zstd-default,zstd-default,balanced,development,datasets/data/canterbury/kennedy.xls,1029744,111746,261046,33212509.5,1578502728,17126725.5,166351921.5,5347328,15591424,false,false,false,false,0,confirmed,true,true,1,file,development-pilot-v2-retry,local-x86-64,x86_64,36f84685dc00064dae9a239face7e8eff797ed28,b1d7dba75560d44d8e234e4205e09487f93678fb8688cac6a0905486c969c2ca,1297748005,gnu-time-v1-monotonic-wall,3b11dec50514a8473e9f6efa7a34d584d0657538c09988f61b72d38ad4991a10,development,dev-canterbury-kennedy-xls,9af47239ca29dfe20e633f80bbbb9a4cc9783d0803d7b2b5626f42e4c3790420,1,mathsvg,balanced-ablation-no-whole-block-functions-v1,710840e9131cf094172098c985e2b371da66d184263016d59a71a97c9294a733,81128211b782e3a4331d1c5fcd6db21eecf78dc823faab718e7ebe3f2ceeeee8,complete,8afdee0e1fe04f0a9c92a00ebbd438b50004de9dcdf47ce697a89ac0bdae40a5,7c5468b370f7c47eda07281e3437fafc568f95d10420051e3aa522709f9342c5,complete,confirmed,confirmed,confirmed,confirmed,fail,false,size worse by 149300 (133.607%); compression worse by 1545290218.5 (4652.74%); decompression worse by 149225196 (871.3%); memory worse by 10244096 (191.574%)
gzip-6,gzip-6,balanced,development,datasets/data/canterbury/kennedy.xls,1029744,206767,261046,66150098,1601607190.5,17375924,166280275,1953792,18061312,false,false,false,false,0,confirmed,true,true,1,file,development-pilot-v2-retry,local-x86-64,x86_64,36f84685dc00064dae9a239face7e8eff797ed28,b1d7dba75560d44d8e234e4205e09487f93678fb8688cac6a0905486c969c2ca,1297748005,gnu-time-v1-monotonic-wall,3b11dec50514a8473e9f6efa7a34d584d0657538c09988f61b72d38ad4991a10,development,dev-canterbury-kennedy-xls,9af47239ca29dfe20e633f80bbbb9a4cc9783d0803d7b2b5626f42e4c3790420,1,mathsvg,balanced-v1,b8b432a44db4d5e59ca81df6eaa329ee2a47590fff0448de7f7401ea9595e925,81128211b782e3a4331d1c5fcd6db21eecf78dc823faab718e7ebe3f2ceeeee8,complete,bf920ab8461c6c60c8cc32db3d853f55655e60793cf7f64068847ad56c2b2e67,afea077ce127d4fa9ad410d3066ba2b54dea19c0b44f04adf56c72d5f7b7a9bb,complete,confirmed,confirmed,confirmed,confirmed,fail,false,size worse by 54279 (26.2513%); compression worse by 1535457092.5 (2321.17%); decompression worse by 148904351 (856.958%); memory worse by 16107520 (824.423%)
lz4,lz4,balanced,development,datasets/data/canterbury/kennedy.xls,1029744,374723,261046,17183338.5,1601607190.5,17005564,166280275,3041280,18061312,true,false,false,false,1,confirmed,true,true,1,file,development-pilot-v2-retry,local-x86-64,x86_64,36f84685dc00064dae9a239face7e8eff797ed28,b1d7dba75560d44d8e234e4205e09487f93678fb8688cac6a0905486c969c2ca,1297748005,gnu-time-v1-monotonic-wall,3b11dec50514a8473e9f6efa7a34d584d0657538c09988f61b72d38ad4991a10,development,dev-canterbury-kennedy-xls,9af47239ca29dfe20e633f80bbbb9a4cc9783d0803d7b2b5626f42e4c3790420,1,mathsvg,balanced-v1,b8b432a44db4d5e59ca81df6eaa329ee2a47590fff0448de7f7401ea9595e925,81128211b782e3a4331d1c5fcd6db21eecf78dc823faab718e7ebe3f2ceeeee8,complete,56c1b7390551d55bb056da7122b41ac3f7e4459570e4627ac278f7c91d669491,87c0d5d060fd36c685b98a38611b7bd6c4614d40b36d29be84edcd6c173f8160,complete,confirmed,confirmed,confirmed,confirmed,fail,false,compression worse by 1584423852 (9220.7%); decompression worse by 149274711 (877.799%); memory worse by 15020032 (493.872%)
raw,raw,balanced,development,datasets/data/canterbury/kennedy.xls,1029744,1029744,261046,9153913,1601607190.5,8971599.5,166280275,2088960,18061312,true,false,false,false,1,confirmed,true,true,1,file,development-pilot-v2-retry,local-x86-64,x86_64,36f84685dc00064dae9a239face7e8eff797ed28,b1d7dba75560d44d8e234e4205e09487f93678fb8688cac6a0905486c969c2ca,1297748005,gnu-time-v1-monotonic-wall,3b11dec50514a8473e9f6efa7a34d584d0657538c09988f61b72d38ad4991a10,development,dev-canterbury-kennedy-xls,9af47239ca29dfe20e633f80bbbb9a4cc9783d0803d7b2b5626f42e4c3790420,1,mathsvg,balanced-v1,b8b432a44db4d5e59ca81df6eaa329ee2a47590fff0448de7f7401ea9595e925,81128211b782e3a4331d1c5fcd6db21eecf78dc823faab718e7ebe3f2ceeeee8,complete,deb7b660ce7575981cd7bc749fbec6d9d6b62e2c9a725ba1c8e9c79e304a087a,6187dab32cd7b6291d96c54425a22915a6eeb39add6d95ee9008e1dbba427131,complete,confirmed,confirmed,confirmed,confirmed,fail,false,compression worse by 1592453277.5 (17396.4%); decompression worse by 157308675.5 (1753.41%); memory worse by 15972352 (764.608%)
xz-9e,xz-9e,balanced,development,datasets/data/canterbury/kennedy.xls,1029744,51868,261046,2003866416,1601607190.5,33336016,166280275,35299328,18061312,false,true,false,true,2,confirmed,true,true,1,file,development-pilot-v2-retry,local-x86-64,x86_64,36f84685dc00064dae9a239face7e8eff797ed28,b1d7dba75560d44d8e234e4205e09487f93678fb8688cac6a0905486c969c2ca,1297748005,gnu-time-v1-monotonic-wall,3b11dec50514a8473e9f6efa7a34d584d0657538c09988f61b72d38ad4991a10,development,dev-canterbury-kennedy-xls,9af47239ca29dfe20e633f80bbbb9a4cc9783d0803d7b2b5626f42e4c3790420,1,mathsvg,balanced-v1,b8b432a44db4d5e59ca81df6eaa329ee2a47590fff0448de7f7401ea9595e925,81128211b782e3a4331d1c5fcd6db21eecf78dc823faab718e7ebe3f2ceeeee8,complete,1bd3a8a1a914bf55087f30b641adcacaac8d04f2cc5a9c21f3668bf2f6727da6,b5b163eb273291934556377ab883b4b2a5d4da50bd0dc0a91774ecc234ccd8d0,complete,confirmed,confirmed,confirmed,confirmed,fail,false,size worse by 209178 (403.289%); decompression worse by 132944259 (398.801%)
zstd-default,zstd-default,balanced,development,datasets/data/canterbury/kennedy.xls,1029744,111746,261046,33212509.5,1601607190.5,17126725.5,166280275,5347328,18061312,false,false,false,false,0,confirmed,true,true,1,file,development-pilot-v2-retry,local-x86-64,x86_64,36f84685dc00064dae9a239face7e8eff797ed28,b1d7dba75560d44d8e234e4205e09487f93678fb8688cac6a0905486c969c2ca,1297748005,gnu-time-v1-monotonic-wall,3b11dec50514a8473e9f6efa7a34d584d0657538c09988f61b72d38ad4991a10,development,dev-canterbury-kennedy-xls,9af47239ca29dfe20e633f80bbbb9a4cc9783d0803d7b2b5626f42e4c3790420,1,mathsvg,balanced-v1,b8b432a44db4d5e59ca81df6eaa329ee2a47590fff0448de7f7401ea9595e925,81128211b782e3a4331d1c5fcd6db21eecf78dc823faab718e7ebe3f2ceeeee8,complete,8afdee0e1fe04f0a9c92a00ebbd438b50004de9dcdf47ce697a89ac0bdae40a5,7c5468b370f7c47eda07281e3437fafc568f95d10420051e3aa522709f9342c5,complete,confirmed,confirmed,confirmed,confirmed,fail,false,size worse by 149300 (133.607%); compression worse by 1568394681 (4722.3%); decompression worse by 149153549.5 (870.882%); memory worse by 12713984 (237.763%)
gzip-6,gzip-6,fast,development,datasets/data/canterbury/kennedy.xls,1029744,206767,261046,66150098,921998074,17375924,166683007.5,1953792,18071552,false,false,false,false,0,confirmed,true,true,1,file,development-pilot-v2-retry,local-x86-64,x86_64,36f84685dc00064dae9a239face7e8eff797ed28,b1d7dba75560d44d8e234e4205e09487f93678fb8688cac6a0905486c969c2ca,1297748005,gnu-time-v1-monotonic-wall,3b11dec50514a8473e9f6efa7a34d584d0657538c09988f61b72d38ad4991a10,development,dev-canterbury-kennedy-xls,9af47239ca29dfe20e633f80bbbb9a4cc9783d0803d7b2b5626f42e4c3790420,1,mathsvg,fast-ablation-no-coordinate-v1,d7ca26461dd4e013ff9ba35010b5f6f5433079b6b0745758edbcdcc2eebf07cb,81128211b782e3a4331d1c5fcd6db21eecf78dc823faab718e7ebe3f2ceeeee8,complete,bf920ab8461c6c60c8cc32db3d853f55655e60793cf7f64068847ad56c2b2e67,afea077ce127d4fa9ad410d3066ba2b54dea19c0b44f04adf56c72d5f7b7a9bb,complete,confirmed,confirmed,confirmed,confirmed,fail,false,size worse by 54279 (26.2513%); compression worse by 855847976 (1293.8%); decompression worse by 149307083.5 (859.276%); memory worse by 16117760 (824.948%)
lz4,lz4,fast,development,datasets/data/canterbury/kennedy.xls,1029744,374723,261046,17183338.5,921998074,17005564,166683007.5,3041280,18071552,true,false,false,false,1,confirmed,true,true,1,file,development-pilot-v2-retry,local-x86-64,x86_64,36f84685dc00064dae9a239face7e8eff797ed28,b1d7dba75560d44d8e234e4205e09487f93678fb8688cac6a0905486c969c2ca,1297748005,gnu-time-v1-monotonic-wall,3b11dec50514a8473e9f6efa7a34d584d0657538c09988f61b72d38ad4991a10,development,dev-canterbury-kennedy-xls,9af47239ca29dfe20e633f80bbbb9a4cc9783d0803d7b2b5626f42e4c3790420,1,mathsvg,fast-ablation-no-coordinate-v1,d7ca26461dd4e013ff9ba35010b5f6f5433079b6b0745758edbcdcc2eebf07cb,81128211b782e3a4331d1c5fcd6db21eecf78dc823faab718e7ebe3f2ceeeee8,complete,56c1b7390551d55bb056da7122b41ac3f7e4459570e4627ac278f7c91d669491,87c0d5d060fd36c685b98a38611b7bd6c4614d40b36d29be84edcd6c173f8160,complete,confirmed,confirmed,confirmed,confirmed,fail,false,compression worse by 904814735.5 (5265.65%); decompression worse by 149677443.5 (880.167%); memory worse by 15030272 (494.209%)
raw,raw,fast,development,datasets/data/canterbury/kennedy.xls,1029744,1029744,261046,9153913,921998074,8971599.5,166683007.5,2088960,18071552,true,false,false,false,1,confirmed,true,true,1,file,development-pilot-v2-retry,local-x86-64,x86_64,36f84685dc00064dae9a239face7e8eff797ed28,b1d7dba75560d44d8e234e4205e09487f93678fb8688cac6a0905486c969c2ca,1297748005,gnu-time-v1-monotonic-wall,3b11dec50514a8473e9f6efa7a34d584d0657538c09988f61b72d38ad4991a10,development,dev-canterbury-kennedy-xls,9af47239ca29dfe20e633f80bbbb9a4cc9783d0803d7b2b5626f42e4c3790420,1,mathsvg,fast-ablation-no-coordinate-v1,d7ca26461dd4e013ff9ba35010b5f6f5433079b6b0745758edbcdcc2eebf07cb,81128211b782e3a4331d1c5fcd6db21eecf78dc823faab718e7ebe3f2ceeeee8,complete,deb7b660ce7575981cd7bc749fbec6d9d6b62e2c9a725ba1c8e9c79e304a087a,6187dab32cd7b6291d96c54425a22915a6eeb39add6d95ee9008e1dbba427131,complete,confirmed,confirmed,confirmed,confirmed,fail,false,compression worse by 912844161 (9972.17%); decompression worse by 157711408 (1757.9%); memory worse by 15982592 (765.098%)
xz-9e,xz-9e,fast,development,datasets/data/canterbury/kennedy.xls,1029744,51868,261046,2003866416,921998074,33336016,166683007.5,35299328,18071552,false,true,false,true,2,confirmed,true,true,1,file,development-pilot-v2-retry,local-x86-64,x86_64,36f84685dc00064dae9a239face7e8eff797ed28,b1d7dba75560d44d8e234e4205e09487f93678fb8688cac6a0905486c969c2ca,1297748005,gnu-time-v1-monotonic-wall,3b11dec50514a8473e9f6efa7a34d584d0657538c09988f61b72d38ad4991a10,development,dev-canterbury-kennedy-xls,9af47239ca29dfe20e633f80bbbb9a4cc9783d0803d7b2b5626f42e4c3790420,1,mathsvg,fast-ablation-no-coordinate-v1,d7ca26461dd4e013ff9ba35010b5f6f5433079b6b0745758edbcdcc2eebf07cb,81128211b782e3a4331d1c5fcd6db21eecf78dc823faab718e7ebe3f2ceeeee8,complete,1bd3a8a1a914bf55087f30b641adcacaac8d04f2cc5a9c21f3668bf2f6727da6,b5b163eb273291934556377ab883b4b2a5d4da50bd0dc0a91774ecc234ccd8d0,complete,confirmed,confirmed,confirmed,confirmed,fail,false,size worse by 209178 (403.289%); decompression worse by 133346991.5 (400.009%)
zstd-default,zstd-default,fast,development,datasets/data/canterbury/kennedy.xls,1029744,111746,261046,33212509.5,921998074,17126725.5,166683007.5,5347328,18071552,false,false,false,false,0,confirmed,true,true,1,file,development-pilot-v2-retry,local-x86-64,x86_64,36f84685dc00064dae9a239face7e8eff797ed28,b1d7dba75560d44d8e234e4205e09487f93678fb8688cac6a0905486c969c2ca,1297748005,gnu-time-v1-monotonic-wall,3b11dec50514a8473e9f6efa7a34d584d0657538c09988f61b72d38ad4991a10,development,dev-canterbury-kennedy-xls,9af47239ca29dfe20e633f80bbbb9a4cc9783d0803d7b2b5626f42e4c3790420,1,mathsvg,fast-ablation-no-coordinate-v1,d7ca26461dd4e013ff9ba35010b5f6f5433079b6b0745758edbcdcc2eebf07cb,81128211b782e3a4331d1c5fcd6db21eecf78dc823faab718e7ebe3f2ceeeee8,complete,8afdee0e1fe04f0a9c92a00ebbd438b50004de9dcdf47ce697a89ac0bdae40a5,7c5468b370f7c47eda07281e3437fafc568f95d10420051e3aa522709f9342c5,complete,confirmed,confirmed,confirmed,confirmed,fail,false,size worse by 149300 (133.607%); compression worse by 888785564.5 (2676.06%); decompression worse by 149556282 (873.233%); memory worse by 12724224 (237.955%)
gzip-6,gzip-6,fast,development,datasets/data/canterbury/kennedy.xls,1029744,206767,1030232,66150098,670283873,17375924,67919407.5,1953792,19709952,false,false,false,false,0,confirmed,true,true,1,file,development-pilot-v2-retry,local-x86-64,x86_64,36f84685dc00064dae9a239face7e8eff797ed28,b1d7dba75560d44d8e234e4205e09487f93678fb8688cac6a0905486c969c2ca,1297748005,gnu-time-v1-monotonic-wall,3b11dec50514a8473e9f6efa7a34d584d0657538c09988f61b72d38ad4991a10,development,dev-canterbury-kennedy-xls,9af47239ca29dfe20e633f80bbbb9a4cc9783d0803d7b2b5626f42e4c3790420,1,mathsvg,fast-ablation-no-whole-block-entropy-v1,036664ca0567442e358e36e2564fb5b50a5e75619d748ddd5a2fd387db06179b,81128211b782e3a4331d1c5fcd6db21eecf78dc823faab718e7ebe3f2ceeeee8,complete,bf920ab8461c6c60c8cc32db3d853f55655e60793cf7f64068847ad56c2b2e67,afea077ce127d4fa9ad410d3066ba2b54dea19c0b44f04adf56c72d5f7b7a9bb,complete,confirmed,confirmed,confirmed,confirmed,fail,false,size worse by 823465 (398.257%); compression worse by 604133775 (913.277%); decompression worse by 50543483.5 (290.882%); memory worse by 17756160 (908.805%)
lz4,lz4,fast,development,datasets/data/canterbury/kennedy.xls,1029744,374723,1030232,17183338.5,670283873,17005564,67919407.5,3041280,19709952,false,false,false,false,0,confirmed,true,true,1,file,development-pilot-v2-retry,local-x86-64,x86_64,36f84685dc00064dae9a239face7e8eff797ed28,b1d7dba75560d44d8e234e4205e09487f93678fb8688cac6a0905486c969c2ca,1297748005,gnu-time-v1-monotonic-wall,3b11dec50514a8473e9f6efa7a34d584d0657538c09988f61b72d38ad4991a10,development,dev-canterbury-kennedy-xls,9af47239ca29dfe20e633f80bbbb9a4cc9783d0803d7b2b5626f42e4c3790420,1,mathsvg,fast-ablation-no-whole-block-entropy-v1,036664ca0567442e358e36e2564fb5b50a5e75619d748ddd5a2fd387db06179b,81128211b782e3a4331d1c5fcd6db21eecf78dc823faab718e7ebe3f2ceeeee8,complete,56c1b7390551d55bb056da7122b41ac3f7e4459570e4627ac278f7c91d669491,87c0d5d060fd36c685b98a38611b7bd6c4614d40b36d29be84edcd6c173f8160,complete,confirmed,confirmed,confirmed,confirmed,fail,false,size worse by 655509 (174.932%); compression worse by 653100534.5 (3800.78%); decompression worse by 50913843.5 (299.395%); memory worse by 16668672 (548.081%)
raw,raw,fast,development,datasets/data/canterbury/kennedy.xls,1029744,1029744,1030232,9153913,670283873,8971599.5,67919407.5,2088960,19709952,false,false,false,false,0,confirmed,true,true,1,file,development-pilot-v2-retry,local-x86-64,x86_64,36f84685dc00064dae9a239face7e8eff797ed28,b1d7dba75560d44d8e234e4205e09487f93678fb8688cac6a0905486c969c2ca,1297748005,gnu-time-v1-monotonic-wall,3b11dec50514a8473e9f6efa7a34d584d0657538c09988f61b72d38ad4991a10,development,dev-canterbury-kennedy-xls,9af47239ca29dfe20e633f80bbbb9a4cc9783d0803d7b2b5626f42e4c3790420,1,mathsvg,fast-ablation-no-whole-block-entropy-v1,036664ca0567442e358e36e2564fb5b50a5e75619d748ddd5a2fd387db06179b,81128211b782e3a4331d1c5fcd6db21eecf78dc823faab718e7ebe3f2ceeeee8,complete,deb7b660ce7575981cd7bc749fbec6d9d6b62e2c9a725ba1c8e9c79e304a087a,6187dab32cd7b6291d96c54425a22915a6eeb39add6d95ee9008e1dbba427131,complete,confirmed,confirmed,confirmed,confirmed,fail,false,size worse by 488 (0.0473904%); compression worse by 661129960 (7222.38%); decompression worse by 58947808 (657.049%); memory worse by 17620992 (843.529%)
xz-9e,xz-9e,fast,development,datasets/data/canterbury/kennedy.xls,1029744,51868,1030232,2003866416,670283873,33336016,67919407.5,35299328,19709952,false,true,false,true,2,confirmed,true,true,1,file,development-pilot-v2-retry,local-x86-64,x86_64,36f84685dc00064dae9a239face7e8eff797ed28,b1d7dba75560d44d8e234e4205e09487f93678fb8688cac6a0905486c969c2ca,1297748005,gnu-time-v1-monotonic-wall,3b11dec50514a8473e9f6efa7a34d584d0657538c09988f61b72d38ad4991a10,development,dev-canterbury-kennedy-xls,9af47239ca29dfe20e633f80bbbb9a4cc9783d0803d7b2b5626f42e4c3790420,1,mathsvg,fast-ablation-no-whole-block-entropy-v1,036664ca0567442e358e36e2564fb5b50a5e75619d748ddd5a2fd387db06179b,81128211b782e3a4331d1c5fcd6db21eecf78dc823faab718e7ebe3f2ceeeee8,complete,1bd3a8a1a914bf55087f30b641adcacaac8d04f2cc5a9c21f3668bf2f6727da6,b5b163eb273291934556377ab883b4b2a5d4da50bd0dc0a91774ecc234ccd8d0,complete,confirmed,confirmed,confirmed,confirmed,fail,false,size worse by 978364 (1886.26%); decompression worse by 34583391.5 (103.742%)
zstd-default,zstd-default,fast,development,datasets/data/canterbury/kennedy.xls,1029744,111746,1030232,33212509.5,670283873,17126725.5,67919407.5,5347328,19709952,false,false,false,false,0,confirmed,true,true,1,file,development-pilot-v2-retry,local-x86-64,x86_64,36f84685dc00064dae9a239face7e8eff797ed28,b1d7dba75560d44d8e234e4205e09487f93678fb8688cac6a0905486c969c2ca,1297748005,gnu-time-v1-monotonic-wall,3b11dec50514a8473e9f6efa7a34d584d0657538c09988f61b72d38ad4991a10,development,dev-canterbury-kennedy-xls,9af47239ca29dfe20e633f80bbbb9a4cc9783d0803d7b2b5626f42e4c3790420,1,mathsvg,fast-ablation-no-whole-block-entropy-v1,036664ca0567442e358e36e2564fb5b50a5e75619d748ddd5a2fd387db06179b,81128211b782e3a4331d1c5fcd6db21eecf78dc823faab718e7ebe3f2ceeeee8,complete,8afdee0e1fe04f0a9c92a00ebbd438b50004de9dcdf47ce697a89ac0bdae40a5,7c5468b370f7c47eda07281e3437fafc568f95d10420051e3aa522709f9342c5,complete,confirmed,confirmed,confirmed,confirmed,fail,false,size worse by 918486 (821.941%); compression worse by 637071363.5 (1918.17%); decompression worse by 50792682 (296.57%); memory worse by 14362624 (268.594%)
gzip-6,gzip-6,fast,development,datasets/data/canterbury/kennedy.xls,1029744,206767,261046,66150098,969790959,17375924,166645729.5,1953792,15581184,false,false,false,false,0,confirmed,true,true,1,file,development-pilot-v2-retry,local-x86-64,x86_64,36f84685dc00064dae9a239face7e8eff797ed28,b1d7dba75560d44d8e234e4205e09487f93678fb8688cac6a0905486c969c2ca,1297748005,gnu-time-v1-monotonic-wall,3b11dec50514a8473e9f6efa7a34d584d0657538c09988f61b72d38ad4991a10,development,dev-canterbury-kennedy-xls,9af47239ca29dfe20e633f80bbbb9a4cc9783d0803d7b2b5626f42e4c3790420,1,mathsvg,fast-ablation-no-whole-block-functions-v1,132b5a7df0265df37685fc601c1e0b6bd4ece5c907efc1a75f3a698f2ec4cbe7,81128211b782e3a4331d1c5fcd6db21eecf78dc823faab718e7ebe3f2ceeeee8,complete,bf920ab8461c6c60c8cc32db3d853f55655e60793cf7f64068847ad56c2b2e67,afea077ce127d4fa9ad410d3066ba2b54dea19c0b44f04adf56c72d5f7b7a9bb,complete,confirmed,confirmed,confirmed,confirmed,fail,false,size worse by 54279 (26.2513%); compression worse by 903640861 (1366.05%); decompression worse by 149269805.5 (859.061%); memory worse by 13627392 (697.484%)
lz4,lz4,fast,development,datasets/data/canterbury/kennedy.xls,1029744,374723,261046,17183338.5,969790959,17005564,166645729.5,3041280,15581184,true,false,false,false,1,confirmed,true,true,1,file,development-pilot-v2-retry,local-x86-64,x86_64,36f84685dc00064dae9a239face7e8eff797ed28,b1d7dba75560d44d8e234e4205e09487f93678fb8688cac6a0905486c969c2ca,1297748005,gnu-time-v1-monotonic-wall,3b11dec50514a8473e9f6efa7a34d584d0657538c09988f61b72d38ad4991a10,development,dev-canterbury-kennedy-xls,9af47239ca29dfe20e633f80bbbb9a4cc9783d0803d7b2b5626f42e4c3790420,1,mathsvg,fast-ablation-no-whole-block-functions-v1,132b5a7df0265df37685fc601c1e0b6bd4ece5c907efc1a75f3a698f2ec4cbe7,81128211b782e3a4331d1c5fcd6db21eecf78dc823faab718e7ebe3f2ceeeee8,complete,56c1b7390551d55bb056da7122b41ac3f7e4459570e4627ac278f7c91d669491,87c0d5d060fd36c685b98a38611b7bd6c4614d40b36d29be84edcd6c173f8160,complete,confirmed,confirmed,confirmed,confirmed,fail,false,compression worse by 952607620.5 (5543.79%); decompression worse by 149640165.5 (879.948%); memory worse by 12539904 (412.323%)
raw,raw,fast,development,datasets/data/canterbury/kennedy.xls,1029744,1029744,261046,9153913,969790959,8971599.5,166645729.5,2088960,15581184,true,false,false,false,1,confirmed,true,true,1,file,development-pilot-v2-retry,local-x86-64,x86_64,36f84685dc00064dae9a239face7e8eff797ed28,b1d7dba75560d44d8e234e4205e09487f93678fb8688cac6a0905486c969c2ca,1297748005,gnu-time-v1-monotonic-wall,3b11dec50514a8473e9f6efa7a34d584d0657538c09988f61b72d38ad4991a10,development,dev-canterbury-kennedy-xls,9af47239ca29dfe20e633f80bbbb9a4cc9783d0803d7b2b5626f42e4c3790420,1,mathsvg,fast-ablation-no-whole-block-functions-v1,132b5a7df0265df37685fc601c1e0b6bd4ece5c907efc1a75f3a698f2ec4cbe7,81128211b782e3a4331d1c5fcd6db21eecf78dc823faab718e7ebe3f2ceeeee8,complete,deb7b660ce7575981cd7bc749fbec6d9d6b62e2c9a725ba1c8e9c79e304a087a,6187dab32cd7b6291d96c54425a22915a6eeb39add6d95ee9008e1dbba427131,complete,confirmed,confirmed,confirmed,confirmed,fail,false,compression worse by 960637046 (10494.3%); decompression worse by 157674130 (1757.48%); memory worse by 13492224 (645.882%)
xz-9e,xz-9e,fast,development,datasets/data/canterbury/kennedy.xls,1029744,51868,261046,2003866416,969790959,33336016,166645729.5,35299328,15581184,false,true,false,true,2,confirmed,true,true,1,file,development-pilot-v2-retry,local-x86-64,x86_64,36f84685dc00064dae9a239face7e8eff797ed28,b1d7dba75560d44d8e234e4205e09487f93678fb8688cac6a0905486c969c2ca,1297748005,gnu-time-v1-monotonic-wall,3b11dec50514a8473e9f6efa7a34d584d0657538c09988f61b72d38ad4991a10,development,dev-canterbury-kennedy-xls,9af47239ca29dfe20e633f80bbbb9a4cc9783d0803d7b2b5626f42e4c3790420,1,mathsvg,fast-ablation-no-whole-block-functions-v1,132b5a7df0265df37685fc601c1e0b6bd4ece5c907efc1a75f3a698f2ec4cbe7,81128211b782e3a4331d1c5fcd6db21eecf78dc823faab718e7ebe3f2ceeeee8,complete,1bd3a8a1a914bf55087f30b641adcacaac8d04f2cc5a9c21f3668bf2f6727da6,b5b163eb273291934556377ab883b4b2a5d4da50bd0dc0a91774ecc234ccd8d0,complete,confirmed,confirmed,confirmed,confirmed,fail,false,size worse by 209178 (403.289%); decompression worse by 133309713.5 (399.897%)
zstd-default,zstd-default,fast,development,datasets/data/canterbury/kennedy.xls,1029744,111746,261046,33212509.5,969790959,17126725.5,166645729.5,5347328,15581184,false,false,false,false,0,confirmed,true,true,1,file,development-pilot-v2-retry,local-x86-64,x86_64,36f84685dc00064dae9a239face7e8eff797ed28,b1d7dba75560d44d8e234e4205e09487f93678fb8688cac6a0905486c969c2ca,1297748005,gnu-time-v1-monotonic-wall,3b11dec50514a8473e9f6efa7a34d584d0657538c09988f61b72d38ad4991a10,development,dev-canterbury-kennedy-xls,9af47239ca29dfe20e633f80bbbb9a4cc9783d0803d7b2b5626f42e4c3790420,1,mathsvg,fast-ablation-no-whole-block-functions-v1,132b5a7df0265df37685fc601c1e0b6bd4ece5c907efc1a75f3a698f2ec4cbe7,81128211b782e3a4331d1c5fcd6db21eecf78dc823faab718e7ebe3f2ceeeee8,complete,8afdee0e1fe04f0a9c92a00ebbd438b50004de9dcdf47ce697a89ac0bdae40a5,7c5468b370f7c47eda07281e3437fafc568f95d10420051e3aa522709f9342c5,complete,confirmed,confirmed,confirmed,confirmed,fail,false,size worse by 149300 (133.607%); compression worse by 936578449.5 (2819.96%); decompression worse by 149519004 (873.016%); memory worse by 10233856 (191.383%)
gzip-6,gzip-6,balanced,development,datasets/data/silesia/x-ray,8474240,6037788,6832574,568626709,19292192163,166572210.5,1877456809,2084864,23977984,false,false,false,false,0,confirmed,true,true,1,file,development-pilot-v2-retry,local-x86-64,x86_64,36f84685dc00064dae9a239face7e8eff797ed28,b1d7dba75560d44d8e234e4205e09487f93678fb8688cac6a0905486c969c2ca,1297748005,gnu-time-v1-monotonic-wall,3b11dec50514a8473e9f6efa7a34d584d0657538c09988f61b72d38ad4991a10,development,dev-silesia-x-ray,7de9fce1405dc44ae5e6813ed21cd5751e761bd4265655a005d39b9685d1c9ad,1,mathsvg,balanced-ablation-no-coordinate-v1,fb91a9679f353dac71a4fd88cd05cce5491385745b3990bfa054c63ba3a8477f,81128211b782e3a4331d1c5fcd6db21eecf78dc823faab718e7ebe3f2ceeeee8,complete,bf920ab8461c6c60c8cc32db3d853f55655e60793cf7f64068847ad56c2b2e67,afea077ce127d4fa9ad410d3066ba2b54dea19c0b44f04adf56c72d5f7b7a9bb,complete,confirmed,confirmed,confirmed,confirmed,fail,false,size worse by 794786 (13.1635%); compression worse by 18723565454 (3292.77%); decompression worse by 1710884598.5 (1027.11%); memory worse by 21893120 (1050.1%)
lz4,lz4,balanced,development,datasets/data/silesia/x-ray,8474240,8406634,6832574,65980578.5,19292192163,67334401,1877456809,9998336,23977984,true,false,false,false,1,confirmed,true,true,1,file,development-pilot-v2-retry,local-x86-64,x86_64,36f84685dc00064dae9a239face7e8eff797ed28,b1d7dba75560d44d8e234e4205e09487f93678fb8688cac6a0905486c969c2ca,1297748005,gnu-time-v1-monotonic-wall,3b11dec50514a8473e9f6efa7a34d584d0657538c09988f61b72d38ad4991a10,development,dev-silesia-x-ray,7de9fce1405dc44ae5e6813ed21cd5751e761bd4265655a005d39b9685d1c9ad,1,mathsvg,balanced-ablation-no-coordinate-v1,fb91a9679f353dac71a4fd88cd05cce5491385745b3990bfa054c63ba3a8477f,81128211b782e3a4331d1c5fcd6db21eecf78dc823faab718e7ebe3f2ceeeee8,complete,56c1b7390551d55bb056da7122b41ac3f7e4459570e4627ac278f7c91d669491,87c0d5d060fd36c685b98a38611b7bd6c4614d40b36d29be84edcd6c173f8160,complete,confirmed,confirmed,confirmed,confirmed,fail,false,compression worse by 19226211584.5 (29139.2%); decompression worse by 1810122408 (2688.26%); memory worse by 13979648 (139.82%)
raw,raw,balanced,development,datasets/data/silesia/x-ray,8474240,8474240,6832574,17119819,19292192163,18185605.5,1877456809,2080768,23977984,true,false,false,false,1,confirmed,true,true,1,file,development-pilot-v2-retry,local-x86-64,x86_64,36f84685dc00064dae9a239face7e8eff797ed28,b1d7dba75560d44d8e234e4205e09487f93678fb8688cac6a0905486c969c2ca,1297748005,gnu-time-v1-monotonic-wall,3b11dec50514a8473e9f6efa7a34d584d0657538c09988f61b72d38ad4991a10,development,dev-silesia-x-ray,7de9fce1405dc44ae5e6813ed21cd5751e761bd4265655a005d39b9685d1c9ad,1,mathsvg,balanced-ablation-no-coordinate-v1,fb91a9679f353dac71a4fd88cd05cce5491385745b3990bfa054c63ba3a8477f,81128211b782e3a4331d1c5fcd6db21eecf78dc823faab718e7ebe3f2ceeeee8,complete,deb7b660ce7575981cd7bc749fbec6d9d6b62e2c9a725ba1c8e9c79e304a087a,6187dab32cd7b6291d96c54425a22915a6eeb39add6d95ee9008e1dbba427131,complete,confirmed,confirmed,confirmed,confirmed,fail,false,compression worse by 19275072344 (112589%); decompression worse by 1859271203.5 (10223.9%); memory worse by 21897216 (1052.36%)
xz-9e,xz-9e,balanced,development,datasets/data/silesia/x-ray,8474240,4491264,6832574,6581260753.5,19292192163,519131182.5,1877456809,145993728,23977984,false,false,false,true,1,confirmed,true,true,1,file,development-pilot-v2-retry,local-x86-64,x86_64,36f84685dc00064dae9a239face7e8eff797ed28,b1d7dba75560d44d8e234e4205e09487f93678fb8688cac6a0905486c969c2ca,1297748005,gnu-time-v1-monotonic-wall,3b11dec50514a8473e9f6efa7a34d584d0657538c09988f61b72d38ad4991a10,development,dev-silesia-x-ray,7de9fce1405dc44ae5e6813ed21cd5751e761bd4265655a005d39b9685d1c9ad,1,mathsvg,balanced-ablation-no-coordinate-v1,fb91a9679f353dac71a4fd88cd05cce5491385745b3990bfa054c63ba3a8477f,81128211b782e3a4331d1c5fcd6db21eecf78dc823faab718e7ebe3f2ceeeee8,complete,1bd3a8a1a914bf55087f30b641adcacaac8d04f2cc5a9c21f3668bf2f6727da6,b5b163eb273291934556377ab883b4b2a5d4da50bd0dc0a91774ecc234ccd8d0,complete,confirmed,confirmed,confirmed,confirmed,fail,false,size worse by 2341310 (52.1303%); compression worse by 12710931409.5 (193.138%); decompression worse by 1358325626.5 (261.654%)
zstd-default,zstd-default,balanced,development,datasets/data/silesia/x-ray,8474240,6086279,6832574,217634568,19292192163,65804226,1877456809,19361792,23977984,false,false,false,false,0,confirmed,true,true,1,file,development-pilot-v2-retry,local-x86-64,x86_64,36f84685dc00064dae9a239face7e8eff797ed28,b1d7dba75560d44d8e234e4205e09487f93678fb8688cac6a0905486c969c2ca,1297748005,gnu-time-v1-monotonic-wall,3b11dec50514a8473e9f6efa7a34d584d0657538c09988f61b72d38ad4991a10,development,dev-silesia-x-ray,7de9fce1405dc44ae5e6813ed21cd5751e761bd4265655a005d39b9685d1c9ad,1,mathsvg,balanced-ablation-no-coordinate-v1,fb91a9679f353dac71a4fd88cd05cce5491385745b3990bfa054c63ba3a8477f,81128211b782e3a4331d1c5fcd6db21eecf78dc823faab718e7ebe3f2ceeeee8,complete,8afdee0e1fe04f0a9c92a00ebbd438b50004de9dcdf47ce697a89ac0bdae40a5,7c5468b370f7c47eda07281e3437fafc568f95d10420051e3aa522709f9342c5,complete,confirmed,confirmed,confirmed,confirmed,fail,false,size worse by 746295 (12.2619%); compression worse by 19074557595 (8764.49%); decompression worse by 1811652583 (2753.09%); memory worse by 4616192 (23.8418%)
gzip-6,gzip-6,balanced,development,datasets/data/silesia/x-ray,8474240,6037788,8476584,568626709,12512441756,166572210.5,418770582.5,2084864,22099968,false,false,false,false,0,confirmed,true,true,1,file,development-pilot-v2-retry,local-x86-64,x86_64,36f84685dc00064dae9a239face7e8eff797ed28,b1d7dba75560d44d8e234e4205e09487f93678fb8688cac6a0905486c969c2ca,1297748005,gnu-time-v1-monotonic-wall,3b11dec50514a8473e9f6efa7a34d584d0657538c09988f61b72d38ad4991a10,development,dev-silesia-x-ray,7de9fce1405dc44ae5e6813ed21cd5751e761bd4265655a005d39b9685d1c9ad,1,mathsvg,balanced-ablation-no-whole-block-entropy-v1,55f2cfb2e4425a7153decbe4e16c321721a5b66dc23940f14275abf99abeb42a,81128211b782e3a4331d1c5fcd6db21eecf78dc823faab718e7ebe3f2ceeeee8,complete,bf920ab8461c6c60c8cc32db3d853f55655e60793cf7f64068847ad56c2b2e67,afea077ce127d4fa9ad410d3066ba2b54dea19c0b44f04adf56c72d5f7b7a9bb,complete,confirmed,confirmed,confirmed,confirmed,fail,false,size worse by 2438796 (40.3922%); compression worse by 11943815047 (2100.47%); decompression worse by 252198372 (151.405%); memory worse by 20015104 (960.02%)
lz4,lz4,balanced,development,datasets/data/silesia/x-ray,8474240,8406634,8476584,65980578.5,12512441756,67334401,418770582.5,9998336,22099968,false,false,false,false,0,confirmed,true,true,1,file,development-pilot-v2-retry,local-x86-64,x86_64,36f84685dc00064dae9a239face7e8eff797ed28,b1d7dba75560d44d8e234e4205e09487f93678fb8688cac6a0905486c969c2ca,1297748005,gnu-time-v1-monotonic-wall,3b11dec50514a8473e9f6efa7a34d584d0657538c09988f61b72d38ad4991a10,development,dev-silesia-x-ray,7de9fce1405dc44ae5e6813ed21cd5751e761bd4265655a005d39b9685d1c9ad,1,mathsvg,balanced-ablation-no-whole-block-entropy-v1,55f2cfb2e4425a7153decbe4e16c321721a5b66dc23940f14275abf99abeb42a,81128211b782e3a4331d1c5fcd6db21eecf78dc823faab718e7ebe3f2ceeeee8,complete,56c1b7390551d55bb056da7122b41ac3f7e4459570e4627ac278f7c91d669491,87c0d5d060fd36c685b98a38611b7bd6c4614d40b36d29be84edcd6c173f8160,complete,confirmed,confirmed,confirmed,confirmed,fail,false,size worse by 69950 (0.832081%); compression worse by 12446461177.5 (18863.8%); decompression worse by 351436181.5 (521.927%); memory worse by 12101632 (121.036%)
raw,raw,balanced,development,datasets/data/silesia/x-ray,8474240,8474240,8476584,17119819,12512441756,18185605.5,418770582.5,2080768,22099968,false,false,false,false,0,confirmed,true,true,1,file,development-pilot-v2-retry,local-x86-64,x86_64,36f84685dc00064dae9a239face7e8eff797ed28,b1d7dba75560d44d8e234e4205e09487f93678fb8688cac6a0905486c969c2ca,1297748005,gnu-time-v1-monotonic-wall,3b11dec50514a8473e9f6efa7a34d584d0657538c09988f61b72d38ad4991a10,development,dev-silesia-x-ray,7de9fce1405dc44ae5e6813ed21cd5751e761bd4265655a005d39b9685d1c9ad,1,mathsvg,balanced-ablation-no-whole-block-entropy-v1,55f2cfb2e4425a7153decbe4e16c321721a5b66dc23940f14275abf99abeb42a,81128211b782e3a4331d1c5fcd6db21eecf78dc823faab718e7ebe3f2ceeeee8,complete,deb7b660ce7575981cd7bc749fbec6d9d6b62e2c9a725ba1c8e9c79e304a087a,6187dab32cd7b6291d96c54425a22915a6eeb39add6d95ee9008e1dbba427131,complete,confirmed,confirmed,confirmed,confirmed,fail,false,size worse by 2344 (0.0276603%); compression worse by 12495321937 (72987.5%); decompression worse by 400584977 (2202.76%); memory worse by 20019200 (962.106%)
xz-9e,xz-9e,balanced,development,datasets/data/silesia/x-ray,8474240,4491264,8476584,6581260753.5,12512441756,519131182.5,418770582.5,145993728,22099968,false,false,true,true,2,confirmed,true,true,1,file,development-pilot-v2-retry,local-x86-64,x86_64,36f84685dc00064dae9a239face7e8eff797ed28,b1d7dba75560d44d8e234e4205e09487f93678fb8688cac6a0905486c969c2ca,1297748005,gnu-time-v1-monotonic-wall,3b11dec50514a8473e9f6efa7a34d584d0657538c09988f61b72d38ad4991a10,development,dev-silesia-x-ray,7de9fce1405dc44ae5e6813ed21cd5751e761bd4265655a005d39b9685d1c9ad,1,mathsvg,balanced-ablation-no-whole-block-entropy-v1,55f2cfb2e4425a7153decbe4e16c321721a5b66dc23940f14275abf99abeb42a,81128211b782e3a4331d1c5fcd6db21eecf78dc823faab718e7ebe3f2ceeeee8,complete,1bd3a8a1a914bf55087f30b641adcacaac8d04f2cc5a9c21f3668bf2f6727da6,b5b163eb273291934556377ab883b4b2a5d4da50bd0dc0a91774ecc234ccd8d0,complete,confirmed,confirmed,confirmed,confirmed,fail,false,size worse by 3985320 (88.7349%); compression worse by 5931181002.5 (90.1223%)
zstd-default,zstd-default,balanced,development,datasets/data/silesia/x-ray,8474240,6086279,8476584,217634568,12512441756,65804226,418770582.5,19361792,22099968,false,false,false,false,0,confirmed,true,true,1,file,development-pilot-v2-retry,local-x86-64,x86_64,36f84685dc00064dae9a239face7e8eff797ed28,b1d7dba75560d44d8e234e4205e09487f93678fb8688cac6a0905486c969c2ca,1297748005,gnu-time-v1-monotonic-wall,3b11dec50514a8473e9f6efa7a34d584d0657538c09988f61b72d38ad4991a10,development,dev-silesia-x-ray,7de9fce1405dc44ae5e6813ed21cd5751e761bd4265655a005d39b9685d1c9ad,1,mathsvg,balanced-ablation-no-whole-block-entropy-v1,55f2cfb2e4425a7153decbe4e16c321721a5b66dc23940f14275abf99abeb42a,81128211b782e3a4331d1c5fcd6db21eecf78dc823faab718e7ebe3f2ceeeee8,complete,8afdee0e1fe04f0a9c92a00ebbd438b50004de9dcdf47ce697a89ac0bdae40a5,7c5468b370f7c47eda07281e3437fafc568f95d10420051e3aa522709f9342c5,complete,confirmed,confirmed,confirmed,confirmed,fail,false,size worse by 2390305 (39.2737%); compression worse by 12294807188 (5649.29%); decompression worse by 352966356.5 (536.389%); memory worse by 2738176 (14.1422%)
gzip-6,gzip-6,balanced,development,datasets/data/silesia/x-ray,8474240,6037788,6832574,568626709,17593047381.5,166572210.5,1924516785.5,2084864,21188608,false,false,false,false,0,confirmed,true,true,1,file,development-pilot-v2-retry,local-x86-64,x86_64,36f84685dc00064dae9a239face7e8eff797ed28,b1d7dba75560d44d8e234e4205e09487f93678fb8688cac6a0905486c969c2ca,1297748005,gnu-time-v1-monotonic-wall,3b11dec50514a8473e9f6efa7a34d584d0657538c09988f61b72d38ad4991a10,development,dev-silesia-x-ray,7de9fce1405dc44ae5e6813ed21cd5751e761bd4265655a005d39b9685d1c9ad,1,mathsvg,balanced-ablation-no-whole-block-functions-v1,710840e9131cf094172098c985e2b371da66d184263016d59a71a97c9294a733,81128211b782e3a4331d1c5fcd6db21eecf78dc823faab718e7ebe3f2ceeeee8,complete,bf920ab8461c6c60c8cc32db3d853f55655e60793cf7f64068847ad56c2b2e67,afea077ce127d4fa9ad410d3066ba2b54dea19c0b44f04adf56c72d5f7b7a9bb,complete,confirmed,confirmed,confirmed,confirmed,fail,false,size worse by 794786 (13.1635%); compression worse by 17024420672.5 (2993.95%); decompression worse by 1757944575 (1055.36%); memory worse by 19103744 (916.306%)
lz4,lz4,balanced,development,datasets/data/silesia/x-ray,8474240,8406634,6832574,65980578.5,17593047381.5,67334401,1924516785.5,9998336,21188608,true,false,false,false,1,confirmed,true,true,1,file,development-pilot-v2-retry,local-x86-64,x86_64,36f84685dc00064dae9a239face7e8eff797ed28,b1d7dba75560d44d8e234e4205e09487f93678fb8688cac6a0905486c969c2ca,1297748005,gnu-time-v1-monotonic-wall,3b11dec50514a8473e9f6efa7a34d584d0657538c09988f61b72d38ad4991a10,development,dev-silesia-x-ray,7de9fce1405dc44ae5e6813ed21cd5751e761bd4265655a005d39b9685d1c9ad,1,mathsvg,balanced-ablation-no-whole-block-functions-v1,710840e9131cf094172098c985e2b371da66d184263016d59a71a97c9294a733,81128211b782e3a4331d1c5fcd6db21eecf78dc823faab718e7ebe3f2ceeeee8,complete,56c1b7390551d55bb056da7122b41ac3f7e4459570e4627ac278f7c91d669491,87c0d5d060fd36c685b98a38611b7bd6c4614d40b36d29be84edcd6c173f8160,complete,confirmed,confirmed,confirmed,confirmed,fail,false,compression worse by 17527066803 (26564%); decompression worse by 1857182384.5 (2758.15%); memory worse by 11190272 (111.921%)
raw,raw,balanced,development,datasets/data/silesia/x-ray,8474240,8474240,6832574,17119819,17593047381.5,18185605.5,1924516785.5,2080768,21188608,true,false,false,false,1,confirmed,true,true,1,file,development-pilot-v2-retry,local-x86-64,x86_64,36f84685dc00064dae9a239face7e8eff797ed28,b1d7dba75560d44d8e234e4205e09487f93678fb8688cac6a0905486c969c2ca,1297748005,gnu-time-v1-monotonic-wall,3b11dec50514a8473e9f6efa7a34d584d0657538c09988f61b72d38ad4991a10,development,dev-silesia-x-ray,7de9fce1405dc44ae5e6813ed21cd5751e761bd4265655a005d39b9685d1c9ad,1,mathsvg,balanced-ablation-no-whole-block-functions-v1,710840e9131cf094172098c985e2b371da66d184263016d59a71a97c9294a733,81128211b782e3a4331d1c5fcd6db21eecf78dc823faab718e7ebe3f2ceeeee8,complete,deb7b660ce7575981cd7bc749fbec6d9d6b62e2c9a725ba1c8e9c79e304a087a,6187dab32cd7b6291d96c54425a22915a6eeb39add6d95ee9008e1dbba427131,complete,confirmed,confirmed,confirmed,confirmed,fail,false,compression worse by 17575927562.5 (102664%); decompression worse by 1906331180 (10482.6%); memory worse by 19107840 (918.307%)
xz-9e,xz-9e,balanced,development,datasets/data/silesia/x-ray,8474240,4491264,6832574,6581260753.5,17593047381.5,519131182.5,1924516785.5,145993728,21188608,false,false,false,true,1,confirmed,true,true,1,file,development-pilot-v2-retry,local-x86-64,x86_64,36f84685dc00064dae9a239face7e8eff797ed28,b1d7dba75560d44d8e234e4205e09487f93678fb8688cac6a0905486c969c2ca,1297748005,gnu-time-v1-monotonic-wall,3b11dec50514a8473e9f6efa7a34d584d0657538c09988f61b72d38ad4991a10,development,dev-silesia-x-ray,7de9fce1405dc44ae5e6813ed21cd5751e761bd4265655a005d39b9685d1c9ad,1,mathsvg,balanced-ablation-no-whole-block-functions-v1,710840e9131cf094172098c985e2b371da66d184263016d59a71a97c9294a733,81128211b782e3a4331d1c5fcd6db21eecf78dc823faab718e7ebe3f2ceeeee8,complete,1bd3a8a1a914bf55087f30b641adcacaac8d04f2cc5a9c21f3668bf2f6727da6,b5b163eb273291934556377ab883b4b2a5d4da50bd0dc0a91774ecc234ccd8d0,complete,confirmed,confirmed,confirmed,confirmed,fail,false,size worse by 2341310 (52.1303%); compression worse by 11011786628 (167.32%); decompression worse by 1405385603 (270.719%)
zstd-default,zstd-default,balanced,development,datasets/data/silesia/x-ray,8474240,6086279,6832574,217634568,17593047381.5,65804226,1924516785.5,19361792,21188608,false,false,false,false,0,confirmed,true,true,1,file,development-pilot-v2-retry,local-x86-64,x86_64,36f84685dc00064dae9a239face7e8eff797ed28,b1d7dba75560d44d8e234e4205e09487f93678fb8688cac6a0905486c969c2ca,1297748005,gnu-time-v1-monotonic-wall,3b11dec50514a8473e9f6efa7a34d584d0657538c09988f61b72d38ad4991a10,development,dev-silesia-x-ray,7de9fce1405dc44ae5e6813ed21cd5751e761bd4265655a005d39b9685d1c9ad,1,mathsvg,balanced-ablation-no-whole-block-functions-v1,710840e9131cf094172098c985e2b371da66d184263016d59a71a97c9294a733,81128211b782e3a4331d1c5fcd6db21eecf78dc823faab718e7ebe3f2ceeeee8,complete,8afdee0e1fe04f0a9c92a00ebbd438b50004de9dcdf47ce697a89ac0bdae40a5,7c5468b370f7c47eda07281e3437fafc568f95d10420051e3aa522709f9342c5,complete,confirmed,confirmed,confirmed,confirmed,fail,false,size worse by 746295 (12.2619%); compression worse by 17375412813.5 (7983.76%); decompression worse by 1858712559.5 (2824.61%); memory worse by 1826816 (9.43516%)
gzip-6,gzip-6,balanced,development,datasets/data/silesia/x-ray,8474240,6037788,6832574,568626709,17628043274,166572210.5,1903882167,2084864,22534144,false,false,false,false,0,confirmed,true,true,1,file,development-pilot-v2-retry,local-x86-64,x86_64,36f84685dc00064dae9a239face7e8eff797ed28,b1d7dba75560d44d8e234e4205e09487f93678fb8688cac6a0905486c969c2ca,1297748005,gnu-time-v1-monotonic-wall,3b11dec50514a8473e9f6efa7a34d584d0657538c09988f61b72d38ad4991a10,development,dev-silesia-x-ray,7de9fce1405dc44ae5e6813ed21cd5751e761bd4265655a005d39b9685d1c9ad,1,mathsvg,balanced-v1,b8b432a44db4d5e59ca81df6eaa329ee2a47590fff0448de7f7401ea9595e925,81128211b782e3a4331d1c5fcd6db21eecf78dc823faab718e7ebe3f2ceeeee8,complete,bf920ab8461c6c60c8cc32db3d853f55655e60793cf7f64068847ad56c2b2e67,afea077ce127d4fa9ad410d3066ba2b54dea19c0b44f04adf56c72d5f7b7a9bb,complete,confirmed,confirmed,confirmed,confirmed,fail,false,size worse by 794786 (13.1635%); compression worse by 17059416565 (3000.11%); decompression worse by 1737309956.5 (1042.98%); memory worse by 20449280 (980.845%)
lz4,lz4,balanced,development,datasets/data/silesia/x-ray,8474240,8406634,6832574,65980578.5,17628043274,67334401,1903882167,9998336,22534144,true,false,false,false,1,confirmed,true,true,1,file,development-pilot-v2-retry,local-x86-64,x86_64,36f84685dc00064dae9a239face7e8eff797ed28,b1d7dba75560d44d8e234e4205e09487f93678fb8688cac6a0905486c969c2ca,1297748005,gnu-time-v1-monotonic-wall,3b11dec50514a8473e9f6efa7a34d584d0657538c09988f61b72d38ad4991a10,development,dev-silesia-x-ray,7de9fce1405dc44ae5e6813ed21cd5751e761bd4265655a005d39b9685d1c9ad,1,mathsvg,balanced-v1,b8b432a44db4d5e59ca81df6eaa329ee2a47590fff0448de7f7401ea9595e925,81128211b782e3a4331d1c5fcd6db21eecf78dc823faab718e7ebe3f2ceeeee8,complete,56c1b7390551d55bb056da7122b41ac3f7e4459570e4627ac278f7c91d669491,87c0d5d060fd36c685b98a38611b7bd6c4614d40b36d29be84edcd6c173f8160,complete,confirmed,confirmed,confirmed,confirmed,fail,false,compression worse by 17562062695.5 (26617%); decompression worse by 1836547766 (2727.5%); memory worse by 12535808 (125.379%)
raw,raw,balanced,development,datasets/data/silesia/x-ray,8474240,8474240,6832574,17119819,17628043274,18185605.5,1903882167,2080768,22534144,true,false,false,false,1,confirmed,true,true,1,file,development-pilot-v2-retry,local-x86-64,x86_64,36f84685dc00064dae9a239face7e8eff797ed28,b1d7dba75560d44d8e234e4205e09487f93678fb8688cac6a0905486c969c2ca,1297748005,gnu-time-v1-monotonic-wall,3b11dec50514a8473e9f6efa7a34d584d0657538c09988f61b72d38ad4991a10,development,dev-silesia-x-ray,7de9fce1405dc44ae5e6813ed21cd5751e761bd4265655a005d39b9685d1c9ad,1,mathsvg,balanced-v1,b8b432a44db4d5e59ca81df6eaa329ee2a47590fff0448de7f7401ea9595e925,81128211b782e3a4331d1c5fcd6db21eecf78dc823faab718e7ebe3f2ceeeee8,complete,deb7b660ce7575981cd7bc749fbec6d9d6b62e2c9a725ba1c8e9c79e304a087a,6187dab32cd7b6291d96c54425a22915a6eeb39add6d95ee9008e1dbba427131,complete,confirmed,confirmed,confirmed,confirmed,fail,false,compression worse by 17610923455 (102869%); decompression worse by 1885696561.5 (10369.2%); memory worse by 20453376 (982.972%)
xz-9e,xz-9e,balanced,development,datasets/data/silesia/x-ray,8474240,4491264,6832574,6581260753.5,17628043274,519131182.5,1903882167,145993728,22534144,false,false,false,true,1,confirmed,true,true,1,file,development-pilot-v2-retry,local-x86-64,x86_64,36f84685dc00064dae9a239face7e8eff797ed28,b1d7dba75560d44d8e234e4205e09487f93678fb8688cac6a0905486c969c2ca,1297748005,gnu-time-v1-monotonic-wall,3b11dec50514a8473e9f6efa7a34d584d0657538c09988f61b72d38ad4991a10,development,dev-silesia-x-ray,7de9fce1405dc44ae5e6813ed21cd5751e761bd4265655a005d39b9685d1c9ad,1,mathsvg,balanced-v1,b8b432a44db4d5e59ca81df6eaa329ee2a47590fff0448de7f7401ea9595e925,81128211b782e3a4331d1c5fcd6db21eecf78dc823faab718e7ebe3f2ceeeee8,complete,1bd3a8a1a914bf55087f30b641adcacaac8d04f2cc5a9c21f3668bf2f6727da6,b5b163eb273291934556377ab883b4b2a5d4da50bd0dc0a91774ecc234ccd8d0,complete,confirmed,confirmed,confirmed,confirmed,fail,false,size worse by 2341310 (52.1303%); compression worse by 11046782520.5 (167.852%); decompression worse by 1384750984.5 (266.744%)
zstd-default,zstd-default,balanced,development,datasets/data/silesia/x-ray,8474240,6086279,6832574,217634568,17628043274,65804226,1903882167,19361792,22534144,false,false,false,false,0,confirmed,true,true,1,file,development-pilot-v2-retry,local-x86-64,x86_64,36f84685dc00064dae9a239face7e8eff797ed28,b1d7dba75560d44d8e234e4205e09487f93678fb8688cac6a0905486c969c2ca,1297748005,gnu-time-v1-monotonic-wall,3b11dec50514a8473e9f6efa7a34d584d0657538c09988f61b72d38ad4991a10,development,dev-silesia-x-ray,7de9fce1405dc44ae5e6813ed21cd5751e761bd4265655a005d39b9685d1c9ad,1,mathsvg,balanced-v1,b8b432a44db4d5e59ca81df6eaa329ee2a47590fff0448de7f7401ea9595e925,81128211b782e3a4331d1c5fcd6db21eecf78dc823faab718e7ebe3f2ceeeee8,complete,8afdee0e1fe04f0a9c92a00ebbd438b50004de9dcdf47ce697a89ac0bdae40a5,7c5468b370f7c47eda07281e3437fafc568f95d10420051e3aa522709f9342c5,complete,confirmed,confirmed,confirmed,confirmed,fail,false,size worse by 746295 (12.2619%); compression worse by 17410408706 (7999.84%); decompression worse by 1838077941 (2793.25%); memory worse by 3172352 (16.3846%)
gzip-6,gzip-6,fast,development,datasets/data/silesia/x-ray,8474240,6037788,6832574,568626709,12470650652.5,166572210.5,1928509025.5,2084864,21524480,false,false,false,false,0,confirmed,true,true,1,file,development-pilot-v2-retry,local-x86-64,x86_64,36f84685dc00064dae9a239face7e8eff797ed28,b1d7dba75560d44d8e234e4205e09487f93678fb8688cac6a0905486c969c2ca,1297748005,gnu-time-v1-monotonic-wall,3b11dec50514a8473e9f6efa7a34d584d0657538c09988f61b72d38ad4991a10,development,dev-silesia-x-ray,7de9fce1405dc44ae5e6813ed21cd5751e761bd4265655a005d39b9685d1c9ad,1,mathsvg,fast-ablation-no-coordinate-v1,d7ca26461dd4e013ff9ba35010b5f6f5433079b6b0745758edbcdcc2eebf07cb,81128211b782e3a4331d1c5fcd6db21eecf78dc823faab718e7ebe3f2ceeeee8,complete,bf920ab8461c6c60c8cc32db3d853f55655e60793cf7f64068847ad56c2b2e67,afea077ce127d4fa9ad410d3066ba2b54dea19c0b44f04adf56c72d5f7b7a9bb,complete,confirmed,confirmed,confirmed,confirmed,fail,false,size worse by 794786 (13.1635%); compression worse by 11902023943.5 (2093.12%); decompression worse by 1761936815 (1057.76%); memory worse by 19439616 (932.417%)
lz4,lz4,fast,development,datasets/data/silesia/x-ray,8474240,8406634,6832574,65980578.5,12470650652.5,67334401,1928509025.5,9998336,21524480,true,false,false,false,1,confirmed,true,true,1,file,development-pilot-v2-retry,local-x86-64,x86_64,36f84685dc00064dae9a239face7e8eff797ed28,b1d7dba75560d44d8e234e4205e09487f93678fb8688cac6a0905486c969c2ca,1297748005,gnu-time-v1-monotonic-wall,3b11dec50514a8473e9f6efa7a34d584d0657538c09988f61b72d38ad4991a10,development,dev-silesia-x-ray,7de9fce1405dc44ae5e6813ed21cd5751e761bd4265655a005d39b9685d1c9ad,1,mathsvg,fast-ablation-no-coordinate-v1,d7ca26461dd4e013ff9ba35010b5f6f5433079b6b0745758edbcdcc2eebf07cb,81128211b782e3a4331d1c5fcd6db21eecf78dc823faab718e7ebe3f2ceeeee8,complete,56c1b7390551d55bb056da7122b41ac3f7e4459570e4627ac278f7c91d669491,87c0d5d060fd36c685b98a38611b7bd6c4614d40b36d29be84edcd6c173f8160,complete,confirmed,confirmed,confirmed,confirmed,fail,false,compression worse by 12404670074 (18800.5%); decompression worse by 1861174624.5 (2764.08%); memory worse by 11526144 (115.281%)
raw,raw,fast,development,datasets/data/silesia/x-ray,8474240,8474240,6832574,17119819,12470650652.5,18185605.5,1928509025.5,2080768,21524480,true,false,false,false,1,confirmed,true,true,1,file,development-pilot-v2-retry,local-x86-64,x86_64,36f84685dc00064dae9a239face7e8eff797ed28,b1d7dba75560d44d8e234e4205e09487f93678fb8688cac6a0905486c969c2ca,1297748005,gnu-time-v1-monotonic-wall,3b11dec50514a8473e9f6efa7a34d584d0657538c09988f61b72d38ad4991a10,development,dev-silesia-x-ray,7de9fce1405dc44ae5e6813ed21cd5751e761bd4265655a005d39b9685d1c9ad,1,mathsvg,fast-ablation-no-coordinate-v1,d7ca26461dd4e013ff9ba35010b5f6f5433079b6b0745758edbcdcc2eebf07cb,81128211b782e3a4331d1c5fcd6db21eecf78dc823faab718e7ebe3f2ceeeee8,complete,deb7b660ce7575981cd7bc749fbec6d9d6b62e2c9a725ba1c8e9c79e304a087a,6187dab32cd7b6291d96c54425a22915a6eeb39add6d95ee9008e1dbba427131,complete,confirmed,confirmed,confirmed,confirmed,fail,false,compression worse by 12453530833.5 (72743.4%); decompression worse by 1910323420 (10504.6%); memory worse by 19443712 (934.449%)
xz-9e,xz-9e,fast,development,datasets/data/silesia/x-ray,8474240,4491264,6832574,6581260753.5,12470650652.5,519131182.5,1928509025.5,145993728,21524480,false,false,false,true,1,confirmed,true,true,1,file,development-pilot-v2-retry,local-x86-64,x86_64,36f84685dc00064dae9a239face7e8eff797ed28,b1d7dba75560d44d8e234e4205e09487f93678fb8688cac6a0905486c969c2ca,1297748005,gnu-time-v1-monotonic-wall,3b11dec50514a8473e9f6efa7a34d584d0657538c09988f61b72d38ad4991a10,development,dev-silesia-x-ray,7de9fce1405dc44ae5e6813ed21cd5751e761bd4265655a005d39b9685d1c9ad,1,mathsvg,fast-ablation-no-coordinate-v1,d7ca26461dd4e013ff9ba35010b5f6f5433079b6b0745758edbcdcc2eebf07cb,81128211b782e3a4331d1c5fcd6db21eecf78dc823faab718e7ebe3f2ceeeee8,complete,1bd3a8a1a914bf55087f30b641adcacaac8d04f2cc5a9c21f3668bf2f6727da6,b5b163eb273291934556377ab883b4b2a5d4da50bd0dc0a91774ecc234ccd8d0,complete,confirmed,confirmed,confirmed,confirmed,fail,false,size worse by 2341310 (52.1303%); compression worse by 5889389899 (89.4873%); decompression worse by 1409377843 (271.488%)
zstd-default,zstd-default,fast,development,datasets/data/silesia/x-ray,8474240,6086279,6832574,217634568,12470650652.5,65804226,1928509025.5,19361792,21524480,false,false,false,false,0,confirmed,true,true,1,file,development-pilot-v2-retry,local-x86-64,x86_64,36f84685dc00064dae9a239face7e8eff797ed28,b1d7dba75560d44d8e234e4205e09487f93678fb8688cac6a0905486c969c2ca,1297748005,gnu-time-v1-monotonic-wall,3b11dec50514a8473e9f6efa7a34d584d0657538c09988f61b72d38ad4991a10,development,dev-silesia-x-ray,7de9fce1405dc44ae5e6813ed21cd5751e761bd4265655a005d39b9685d1c9ad,1,mathsvg,fast-ablation-no-coordinate-v1,d7ca26461dd4e013ff9ba35010b5f6f5433079b6b0745758edbcdcc2eebf07cb,81128211b782e3a4331d1c5fcd6db21eecf78dc823faab718e7ebe3f2ceeeee8,complete,8afdee0e1fe04f0a9c92a00ebbd438b50004de9dcdf47ce697a89ac0bdae40a5,7c5468b370f7c47eda07281e3437fafc568f95d10420051e3aa522709f9342c5,complete,confirmed,confirmed,confirmed,confirmed,fail,false,size worse by 746295 (12.2619%); compression worse by 12253016084.5 (5630.09%); decompression worse by 1862704799.5 (2830.68%); memory worse by 2162688 (11.1699%)
gzip-6,gzip-6,fast,development,datasets/data/silesia/x-ray,8474240,6037788,8476584,568626709,5244017753.5,166572210.5,417883895.5,2084864,23982080,false,false,false,false,0,confirmed,true,true,1,file,development-pilot-v2-retry,local-x86-64,x86_64,36f84685dc00064dae9a239face7e8eff797ed28,b1d7dba75560d44d8e234e4205e09487f93678fb8688cac6a0905486c969c2ca,1297748005,gnu-time-v1-monotonic-wall,3b11dec50514a8473e9f6efa7a34d584d0657538c09988f61b72d38ad4991a10,development,dev-silesia-x-ray,7de9fce1405dc44ae5e6813ed21cd5751e761bd4265655a005d39b9685d1c9ad,1,mathsvg,fast-ablation-no-whole-block-entropy-v1,036664ca0567442e358e36e2564fb5b50a5e75619d748ddd5a2fd387db06179b,81128211b782e3a4331d1c5fcd6db21eecf78dc823faab718e7ebe3f2ceeeee8,complete,bf920ab8461c6c60c8cc32db3d853f55655e60793cf7f64068847ad56c2b2e67,afea077ce127d4fa9ad410d3066ba2b54dea19c0b44f04adf56c72d5f7b7a9bb,complete,confirmed,confirmed,confirmed,confirmed,fail,false,size worse by 2438796 (40.3922%); compression worse by 4675391044.5 (822.225%); decompression worse by 251311685 (150.873%); memory worse by 21897216 (1050.29%)
lz4,lz4,fast,development,datasets/data/silesia/x-ray,8474240,8406634,8476584,65980578.5,5244017753.5,67334401,417883895.5,9998336,23982080,false,false,false,false,0,confirmed,true,true,1,file,development-pilot-v2-retry,local-x86-64,x86_64,36f84685dc00064dae9a239face7e8eff797ed28,b1d7dba75560d44d8e234e4205e09487f93678fb8688cac6a0905486c969c2ca,1297748005,gnu-time-v1-monotonic-wall,3b11dec50514a8473e9f6efa7a34d584d0657538c09988f61b72d38ad4991a10,development,dev-silesia-x-ray,7de9fce1405dc44ae5e6813ed21cd5751e761bd4265655a005d39b9685d1c9ad,1,mathsvg,fast-ablation-no-whole-block-entropy-v1,036664ca0567442e358e36e2564fb5b50a5e75619d748ddd5a2fd387db06179b,81128211b782e3a4331d1c5fcd6db21eecf78dc823faab718e7ebe3f2ceeeee8,complete,56c1b7390551d55bb056da7122b41ac3f7e4459570e4627ac278f7c91d669491,87c0d5d060fd36c685b98a38611b7bd6c4614d40b36d29be84edcd6c173f8160,complete,confirmed,confirmed,confirmed,confirmed,fail,false,size worse by 69950 (0.832081%); compression worse by 5178037175 (7847.82%); decompression worse by 350549494.5 (520.61%); memory worse by 13983744 (139.861%)
raw,raw,fast,development,datasets/data/silesia/x-ray,8474240,8474240,8476584,17119819,5244017753.5,18185605.5,417883895.5,2080768,23982080,false,false,false,false,0,confirmed,true,true,1,file,development-pilot-v2-retry,local-x86-64,x86_64,36f84685dc00064dae9a239face7e8eff797ed28,b1d7dba75560d44d8e234e4205e09487f93678fb8688cac6a0905486c969c2ca,1297748005,gnu-time-v1-monotonic-wall,3b11dec50514a8473e9f6efa7a34d584d0657538c09988f61b72d38ad4991a10,development,dev-silesia-x-ray,7de9fce1405dc44ae5e6813ed21cd5751e761bd4265655a005d39b9685d1c9ad,1,mathsvg,fast-ablation-no-whole-block-entropy-v1,036664ca0567442e358e36e2564fb5b50a5e75619d748ddd5a2fd387db06179b,81128211b782e3a4331d1c5fcd6db21eecf78dc823faab718e7ebe3f2ceeeee8,complete,deb7b660ce7575981cd7bc749fbec6d9d6b62e2c9a725ba1c8e9c79e304a087a,6187dab32cd7b6291d96c54425a22915a6eeb39add6d95ee9008e1dbba427131,complete,confirmed,confirmed,confirmed,confirmed,fail,false,size worse by 2344 (0.0276603%); compression worse by 5226897934.5 (30531.3%); decompression worse by 399698290 (2197.88%); memory worse by 21901312 (1052.56%)
xz-9e,xz-9e,fast,development,datasets/data/silesia/x-ray,8474240,4491264,8476584,6581260753.5,5244017753.5,519131182.5,417883895.5,145993728,23982080,false,true,true,true,3,confirmed,true,true,1,file,development-pilot-v2-retry,local-x86-64,x86_64,36f84685dc00064dae9a239face7e8eff797ed28,b1d7dba75560d44d8e234e4205e09487f93678fb8688cac6a0905486c969c2ca,1297748005,gnu-time-v1-monotonic-wall,3b11dec50514a8473e9f6efa7a34d584d0657538c09988f61b72d38ad4991a10,development,dev-silesia-x-ray,7de9fce1405dc44ae5e6813ed21cd5751e761bd4265655a005d39b9685d1c9ad,1,mathsvg,fast-ablation-no-whole-block-entropy-v1,036664ca0567442e358e36e2564fb5b50a5e75619d748ddd5a2fd387db06179b,81128211b782e3a4331d1c5fcd6db21eecf78dc823faab718e7ebe3f2ceeeee8,complete,1bd3a8a1a914bf55087f30b641adcacaac8d04f2cc5a9c21f3668bf2f6727da6,b5b163eb273291934556377ab883b4b2a5d4da50bd0dc0a91774ecc234ccd8d0,complete,confirmed,confirmed,confirmed,confirmed,fail,false,size worse by 3985320 (88.7349%)
zstd-default,zstd-default,fast,development,datasets/data/silesia/x-ray,8474240,6086279,8476584,217634568,5244017753.5,65804226,417883895.5,19361792,23982080,false,false,false,false,0,confirmed,true,true,1,file,development-pilot-v2-retry,local-x86-64,x86_64,36f84685dc00064dae9a239face7e8eff797ed28,b1d7dba75560d44d8e234e4205e09487f93678fb8688cac6a0905486c969c2ca,1297748005,gnu-time-v1-monotonic-wall,3b11dec50514a8473e9f6efa7a34d584d0657538c09988f61b72d38ad4991a10,development,dev-silesia-x-ray,7de9fce1405dc44ae5e6813ed21cd5751e761bd4265655a005d39b9685d1c9ad,1,mathsvg,fast-ablation-no-whole-block-entropy-v1,036664ca0567442e358e36e2564fb5b50a5e75619d748ddd5a2fd387db06179b,81128211b782e3a4331d1c5fcd6db21eecf78dc823faab718e7ebe3f2ceeeee8,complete,8afdee0e1fe04f0a9c92a00ebbd438b50004de9dcdf47ce697a89ac0bdae40a5,7c5468b370f7c47eda07281e3437fafc568f95d10420051e3aa522709f9342c5,complete,confirmed,confirmed,confirmed,confirmed,fail,false,size worse by 2390305 (39.2737%); compression worse by 5026383185.5 (2309.55%); decompression worse by 352079669.5 (535.041%); memory worse by 4620288 (23.8629%)
gzip-6,gzip-6,fast,development,datasets/data/silesia/x-ray,8474240,6037788,6832574,568626709,12171379199,166572210.5,1904025325,2084864,21825536,false,false,false,false,0,confirmed,true,true,1,file,development-pilot-v2-retry,local-x86-64,x86_64,36f84685dc00064dae9a239face7e8eff797ed28,b1d7dba75560d44d8e234e4205e09487f93678fb8688cac6a0905486c969c2ca,1297748005,gnu-time-v1-monotonic-wall,3b11dec50514a8473e9f6efa7a34d584d0657538c09988f61b72d38ad4991a10,development,dev-silesia-x-ray,7de9fce1405dc44ae5e6813ed21cd5751e761bd4265655a005d39b9685d1c9ad,1,mathsvg,fast-ablation-no-whole-block-functions-v1,132b5a7df0265df37685fc601c1e0b6bd4ece5c907efc1a75f3a698f2ec4cbe7,81128211b782e3a4331d1c5fcd6db21eecf78dc823faab718e7ebe3f2ceeeee8,complete,bf920ab8461c6c60c8cc32db3d853f55655e60793cf7f64068847ad56c2b2e67,afea077ce127d4fa9ad410d3066ba2b54dea19c0b44f04adf56c72d5f7b7a9bb,complete,confirmed,confirmed,confirmed,confirmed,fail,false,size worse by 794786 (13.1635%); compression worse by 11602752490 (2040.49%); decompression worse by 1737453114.5 (1043.06%); memory worse by 19740672 (946.857%)
lz4,lz4,fast,development,datasets/data/silesia/x-ray,8474240,8406634,6832574,65980578.5,12171379199,67334401,1904025325,9998336,21825536,true,false,false,false,1,confirmed,true,true,1,file,development-pilot-v2-retry,local-x86-64,x86_64,36f84685dc00064dae9a239face7e8eff797ed28,b1d7dba75560d44d8e234e4205e09487f93678fb8688cac6a0905486c969c2ca,1297748005,gnu-time-v1-monotonic-wall,3b11dec50514a8473e9f6efa7a34d584d0657538c09988f61b72d38ad4991a10,development,dev-silesia-x-ray,7de9fce1405dc44ae5e6813ed21cd5751e761bd4265655a005d39b9685d1c9ad,1,mathsvg,fast-ablation-no-whole-block-functions-v1,132b5a7df0265df37685fc601c1e0b6bd4ece5c907efc1a75f3a698f2ec4cbe7,81128211b782e3a4331d1c5fcd6db21eecf78dc823faab718e7ebe3f2ceeeee8,complete,56c1b7390551d55bb056da7122b41ac3f7e4459570e4627ac278f7c91d669491,87c0d5d060fd36c685b98a38611b7bd6c4614d40b36d29be84edcd6c173f8160,complete,confirmed,confirmed,confirmed,confirmed,fail,false,compression worse by 12105398620.5 (18346.9%); decompression worse by 1836690924 (2727.72%); memory worse by 11827200 (118.292%)
raw,raw,fast,development,datasets/data/silesia/x-ray,8474240,8474240,6832574,17119819,12171379199,18185605.5,1904025325,2080768,21825536,true,false,false,false,1,confirmed,true,true,1,file,development-pilot-v2-retry,local-x86-64,x86_64,36f84685dc00064dae9a239face7e8eff797ed28,b1d7dba75560d44d8e234e4205e09487f93678fb8688cac6a0905486c969c2ca,1297748005,gnu-time-v1-monotonic-wall,3b11dec50514a8473e9f6efa7a34d584d0657538c09988f61b72d38ad4991a10,development,dev-silesia-x-ray,7de9fce1405dc44ae5e6813ed21cd5751e761bd4265655a005d39b9685d1c9ad,1,mathsvg,fast-ablation-no-whole-block-functions-v1,132b5a7df0265df37685fc601c1e0b6bd4ece5c907efc1a75f3a698f2ec4cbe7,81128211b782e3a4331d1c5fcd6db21eecf78dc823faab718e7ebe3f2ceeeee8,complete,deb7b660ce7575981cd7bc749fbec6d9d6b62e2c9a725ba1c8e9c79e304a087a,6187dab32cd7b6291d96c54425a22915a6eeb39add6d95ee9008e1dbba427131,complete,confirmed,confirmed,confirmed,confirmed,fail,false,compression worse by 12154259380 (70995.3%); decompression worse by 1885839719.5 (10370%); memory worse by 19744768 (948.917%)
xz-9e,xz-9e,fast,development,datasets/data/silesia/x-ray,8474240,4491264,6832574,6581260753.5,12171379199,519131182.5,1904025325,145993728,21825536,false,false,false,true,1,confirmed,true,true,1,file,development-pilot-v2-retry,local-x86-64,x86_64,36f84685dc00064dae9a239face7e8eff797ed28,b1d7dba75560d44d8e234e4205e09487f93678fb8688cac6a0905486c969c2ca,1297748005,gnu-time-v1-monotonic-wall,3b11dec50514a8473e9f6efa7a34d584d0657538c09988f61b72d38ad4991a10,development,dev-silesia-x-ray,7de9fce1405dc44ae5e6813ed21cd5751e761bd4265655a005d39b9685d1c9ad,1,mathsvg,fast-ablation-no-whole-block-functions-v1,132b5a7df0265df37685fc601c1e0b6bd4ece5c907efc1a75f3a698f2ec4cbe7,81128211b782e3a4331d1c5fcd6db21eecf78dc823faab718e7ebe3f2ceeeee8,complete,1bd3a8a1a914bf55087f30b641adcacaac8d04f2cc5a9c21f3668bf2f6727da6,b5b163eb273291934556377ab883b4b2a5d4da50bd0dc0a91774ecc234ccd8d0,complete,confirmed,confirmed,confirmed,confirmed,fail,false,size worse by 2341310 (52.1303%); compression worse by 5590118445.5 (84.9399%); decompression worse by 1384894142.5 (266.772%)
zstd-default,zstd-default,fast,development,datasets/data/silesia/x-ray,8474240,6086279,6832574,217634568,12171379199,65804226,1904025325,19361792,21825536,false,false,false,false,0,confirmed,true,true,1,file,development-pilot-v2-retry,local-x86-64,x86_64,36f84685dc00064dae9a239face7e8eff797ed28,b1d7dba75560d44d8e234e4205e09487f93678fb8688cac6a0905486c969c2ca,1297748005,gnu-time-v1-monotonic-wall,3b11dec50514a8473e9f6efa7a34d584d0657538c09988f61b72d38ad4991a10,development,dev-silesia-x-ray,7de9fce1405dc44ae5e6813ed21cd5751e761bd4265655a005d39b9685d1c9ad,1,mathsvg,fast-ablation-no-whole-block-functions-v1,132b5a7df0265df37685fc601c1e0b6bd4ece5c907efc1a75f3a698f2ec4cbe7,81128211b782e3a4331d1c5fcd6db21eecf78dc823faab718e7ebe3f2ceeeee8,complete,8afdee0e1fe04f0a9c92a00ebbd438b50004de9dcdf47ce697a89ac0bdae40a5,7c5468b370f7c47eda07281e3437fafc568f95d10420051e3aa522709f9342c5,complete,confirmed,confirmed,confirmed,confirmed,fail,false,size worse by 746295 (12.2619%); compression worse by 11953744631 (5492.58%); decompression worse by 1838221099 (2793.47%); memory worse by 2463744 (12.7248%)
gzip-6,gzip-6,balanced,development,datasets/synthetic/constant_00/s0000065536_n000p000_seed1297748005.bin,65536,96,485,8881718,266716230,8785810,9637605.5,1691648,4442112,false,false,false,false,0,inconclusive,true,true,1,file,development-pilot-v2-retry,local-x86-64,x86_64,36f84685dc00064dae9a239face7e8eff797ed28,b1d7dba75560d44d8e234e4205e09487f93678fb8688cac6a0905486c969c2ca,1297748005,gnu-time-v1-monotonic-wall,3b11dec50514a8473e9f6efa7a34d584d0657538c09988f61b72d38ad4991a10,development,dev-synthetic-constant-00,de2f256064a0af797747c2b97505dc0b9f3df0de4f489eac731c23ae9ca9cc31,1,mathsvg,balanced-ablation-no-whole-block-entropy-v1,55f2cfb2e4425a7153decbe4e16c321721a5b66dc23940f14275abf99abeb42a,81128211b782e3a4331d1c5fcd6db21eecf78dc823faab718e7ebe3f2ceeeee8,complete,bf920ab8461c6c60c8cc32db3d853f55655e60793cf7f64068847ad56c2b2e67,afea077ce127d4fa9ad410d3066ba2b54dea19c0b44f04adf56c72d5f7b7a9bb,complete,confirmed,confirmed,inconclusive,confirmed,inconclusive,false,size worse by 389 (405.208%); compression worse by 257834512 (2902.98%); decompression confidence is inconclusive; decompression point estimate worse by 851795.5 (9.69513%); memory worse by 2750464 (162.591%)
lz4,lz4,balanced,development,datasets/synthetic/constant_00/s0000065536_n000p000_seed1297748005.bin,65536,286,485,8912711.5,266716230,8714546.5,9637605.5,1740800,4442112,false,false,false,false,0,confirmed,true,true,1,file,development-pilot-v2-retry,local-x86-64,x86_64,36f84685dc00064dae9a239face7e8eff797ed28,b1d7dba75560d44d8e234e4205e09487f93678fb8688cac6a0905486c969c2ca,1297748005,gnu-time-v1-monotonic-wall,3b11dec50514a8473e9f6efa7a34d584d0657538c09988f61b72d38ad4991a10,development,dev-synthetic-constant-00,de2f256064a0af797747c2b97505dc0b9f3df0de4f489eac731c23ae9ca9cc31,1,mathsvg,balanced-ablation-no-whole-block-entropy-v1,55f2cfb2e4425a7153decbe4e16c321721a5b66dc23940f14275abf99abeb42a,81128211b782e3a4331d1c5fcd6db21eecf78dc823faab718e7ebe3f2ceeeee8,complete,56c1b7390551d55bb056da7122b41ac3f7e4459570e4627ac278f7c91d669491,87c0d5d060fd36c685b98a38611b7bd6c4614d40b36d29be84edcd6c173f8160,complete,confirmed,confirmed,confirmed,confirmed,fail,false,size worse by 199 (69.5804%); compression worse by 257803518.5 (2892.54%); decompression worse by 923059 (10.5922%); memory worse by 2701312 (155.176%)
raw,raw,balanced,development,datasets/synthetic/constant_00/s0000065536_n000p000_seed1297748005.bin,65536,65536,485,8998826.5,266716230,8804672.5,9637605.5,2080768,4442112,true,false,false,false,1,inconclusive,true,true,1,file,development-pilot-v2-retry,local-x86-64,x86_64,36f84685dc00064dae9a239face7e8eff797ed28,b1d7dba75560d44d8e234e4205e09487f93678fb8688cac6a0905486c969c2ca,1297748005,gnu-time-v1-monotonic-wall,3b11dec50514a8473e9f6efa7a34d584d0657538c09988f61b72d38ad4991a10,development,dev-synthetic-constant-00,de2f256064a0af797747c2b97505dc0b9f3df0de4f489eac731c23ae9ca9cc31,1,mathsvg,balanced-ablation-no-whole-block-entropy-v1,55f2cfb2e4425a7153decbe4e16c321721a5b66dc23940f14275abf99abeb42a,81128211b782e3a4331d1c5fcd6db21eecf78dc823faab718e7ebe3f2ceeeee8,complete,deb7b660ce7575981cd7bc749fbec6d9d6b62e2c9a725ba1c8e9c79e304a087a,6187dab32cd7b6291d96c54425a22915a6eeb39add6d95ee9008e1dbba427131,complete,confirmed,confirmed,inconclusive,confirmed,inconclusive,false,compression worse by 257717403.5 (2863.9%); decompression confidence is inconclusive; decompression point estimate worse by 832933 (9.46012%); memory worse by 2361344 (113.484%)
xz-9e,xz-9e,balanced,development,datasets/synthetic/constant_00/s0000065536_n000p000_seed1297748005.bin,65536,140,485,17275983.5,266716230,9240411,9637605.5,2801664,4442112,false,false,false,false,0,inconclusive,true,true,1,file,development-pilot-v2-retry,local-x86-64,x86_64,36f84685dc00064dae9a239face7e8eff797ed28,b1d7dba75560d44d8e234e4205e09487f93678fb8688cac6a0905486c969c2ca,1297748005,gnu-time-v1-monotonic-wall,3b11dec50514a8473e9f6efa7a34d584d0657538c09988f61b72d38ad4991a10,development,dev-synthetic-constant-00,de2f256064a0af797747c2b97505dc0b9f3df0de4f489eac731c23ae9ca9cc31,1,mathsvg,balanced-ablation-no-whole-block-entropy-v1,55f2cfb2e4425a7153decbe4e16c321721a5b66dc23940f14275abf99abeb42a,81128211b782e3a4331d1c5fcd6db21eecf78dc823faab718e7ebe3f2ceeeee8,complete,1bd3a8a1a914bf55087f30b641adcacaac8d04f2cc5a9c21f3668bf2f6727da6,b5b163eb273291934556377ab883b4b2a5d4da50bd0dc0a91774ecc234ccd8d0,complete,confirmed,confirmed,inconclusive,confirmed,inconclusive,false,size worse by 345 (246.429%); compression worse by 249440246.5 (1443.86%); decompression confidence is inconclusive; decompression point estimate worse by 397194.5 (4.29845%); memory worse by 1640448 (58.5526%)
zstd-default,zstd-default,balanced,development,datasets/synthetic/constant_00/s0000065536_n000p000_seed1297748005.bin,65536,24,485,10678208,266716230,9003930.5,9637605.5,2926592,4442112,false,false,false,false,0,inconclusive,true,true,1,file,development-pilot-v2-retry,local-x86-64,x86_64,36f84685dc00064dae9a239face7e8eff797ed28,b1d7dba75560d44d8e234e4205e09487f93678fb8688cac6a0905486c969c2ca,1297748005,gnu-time-v1-monotonic-wall,3b11dec50514a8473e9f6efa7a34d584d0657538c09988f61b72d38ad4991a10,development,dev-synthetic-constant-00,de2f256064a0af797747c2b97505dc0b9f3df0de4f489eac731c23ae9ca9cc31,1,mathsvg,balanced-ablation-no-whole-block-entropy-v1,55f2cfb2e4425a7153decbe4e16c321721a5b66dc23940f14275abf99abeb42a,81128211b782e3a4331d1c5fcd6db21eecf78dc823faab718e7ebe3f2ceeeee8,complete,8afdee0e1fe04f0a9c92a00ebbd438b50004de9dcdf47ce697a89ac0bdae40a5,7c5468b370f7c47eda07281e3437fafc568f95d10420051e3aa522709f9342c5,complete,confirmed,confirmed,inconclusive,confirmed,inconclusive,false,size worse by 461 (1920.83%); compression worse by 256038022 (2397.76%); decompression confidence is inconclusive; decompression point estimate worse by 633675 (7.03776%); memory worse by 1515520 (51.7845%)
gzip-6,gzip-6,balanced,development,datasets/synthetic/constant_00/s0000065536_n000p000_seed1297748005.bin,65536,96,489,8881718,266474188,8785810,9052277.5,1691648,4487168,false,false,false,false,0,inconclusive,true,true,1,file,development-pilot-v2-retry,local-x86-64,x86_64,36f84685dc00064dae9a239face7e8eff797ed28,b1d7dba75560d44d8e234e4205e09487f93678fb8688cac6a0905486c969c2ca,1297748005,gnu-time-v1-monotonic-wall,3b11dec50514a8473e9f6efa7a34d584d0657538c09988f61b72d38ad4991a10,development,dev-synthetic-constant-00,de2f256064a0af797747c2b97505dc0b9f3df0de4f489eac731c23ae9ca9cc31,1,mathsvg,balanced-ablation-no-whole-block-functions-v1,710840e9131cf094172098c985e2b371da66d184263016d59a71a97c9294a733,81128211b782e3a4331d1c5fcd6db21eecf78dc823faab718e7ebe3f2ceeeee8,complete,bf920ab8461c6c60c8cc32db3d853f55655e60793cf7f64068847ad56c2b2e67,afea077ce127d4fa9ad410d3066ba2b54dea19c0b44f04adf56c72d5f7b7a9bb,complete,confirmed,confirmed,inconclusive,confirmed,inconclusive,false,size worse by 393 (409.375%); compression worse by 257592470 (2900.25%); decompression confidence is inconclusive; decompression point estimate worse by 266467.5 (3.03293%); memory worse by 2795520 (165.254%)
lz4,lz4,balanced,development,datasets/synthetic/constant_00/s0000065536_n000p000_seed1297748005.bin,65536,286,489,8912711.5,266474188,8714546.5,9052277.5,1740800,4487168,false,false,false,false,0,inconclusive,true,true,1,file,development-pilot-v2-retry,local-x86-64,x86_64,36f84685dc00064dae9a239face7e8eff797ed28,b1d7dba75560d44d8e234e4205e09487f93678fb8688cac6a0905486c969c2ca,1297748005,gnu-time-v1-monotonic-wall,3b11dec50514a8473e9f6efa7a34d584d0657538c09988f61b72d38ad4991a10,development,dev-synthetic-constant-00,de2f256064a0af797747c2b97505dc0b9f3df0de4f489eac731c23ae9ca9cc31,1,mathsvg,balanced-ablation-no-whole-block-functions-v1,710840e9131cf094172098c985e2b371da66d184263016d59a71a97c9294a733,81128211b782e3a4331d1c5fcd6db21eecf78dc823faab718e7ebe3f2ceeeee8,complete,56c1b7390551d55bb056da7122b41ac3f7e4459570e4627ac278f7c91d669491,87c0d5d060fd36c685b98a38611b7bd6c4614d40b36d29be84edcd6c173f8160,complete,confirmed,confirmed,inconclusive,confirmed,inconclusive,false,size worse by 203 (70.979%); compression worse by 257561476.5 (2889.82%); decompression confidence is inconclusive; decompression point estimate worse by 337731 (3.87549%); memory worse by 2746368 (157.765%)
raw,raw,balanced,development,datasets/synthetic/constant_00/s0000065536_n000p000_seed1297748005.bin,65536,65536,489,8998826.5,266474188,8804672.5,9052277.5,2080768,4487168,true,false,false,false,1,inconclusive,true,true,1,file,development-pilot-v2-retry,local-x86-64,x86_64,36f84685dc00064dae9a239face7e8eff797ed28,b1d7dba75560d44d8e234e4205e09487f93678fb8688cac6a0905486c969c2ca,1297748005,gnu-time-v1-monotonic-wall,3b11dec50514a8473e9f6efa7a34d584d0657538c09988f61b72d38ad4991a10,development,dev-synthetic-constant-00,de2f256064a0af797747c2b97505dc0b9f3df0de4f489eac731c23ae9ca9cc31,1,mathsvg,balanced-ablation-no-whole-block-functions-v1,710840e9131cf094172098c985e2b371da66d184263016d59a71a97c9294a733,81128211b782e3a4331d1c5fcd6db21eecf78dc823faab718e7ebe3f2ceeeee8,complete,deb7b660ce7575981cd7bc749fbec6d9d6b62e2c9a725ba1c8e9c79e304a087a,6187dab32cd7b6291d96c54425a22915a6eeb39add6d95ee9008e1dbba427131,complete,confirmed,confirmed,inconclusive,confirmed,inconclusive,false,compression worse by 257475361.5 (2861.21%); decompression confidence is inconclusive; decompression point estimate worse by 247605 (2.8122%); memory worse by 2406400 (115.65%)
xz-9e,xz-9e,balanced,development,datasets/synthetic/constant_00/s0000065536_n000p000_seed1297748005.bin,65536,140,489,17275983.5,266474188,9240411,9052277.5,2801664,4487168,false,false,true,false,1,inconclusive,true,true,1,file,development-pilot-v2-retry,local-x86-64,x86_64,36f84685dc00064dae9a239face7e8eff797ed28,b1d7dba75560d44d8e234e4205e09487f93678fb8688cac6a0905486c969c2ca,1297748005,gnu-time-v1-monotonic-wall,3b11dec50514a8473e9f6efa7a34d584d0657538c09988f61b72d38ad4991a10,development,dev-synthetic-constant-00,de2f256064a0af797747c2b97505dc0b9f3df0de4f489eac731c23ae9ca9cc31,1,mathsvg,balanced-ablation-no-whole-block-functions-v1,710840e9131cf094172098c985e2b371da66d184263016d59a71a97c9294a733,81128211b782e3a4331d1c5fcd6db21eecf78dc823faab718e7ebe3f2ceeeee8,complete,1bd3a8a1a914bf55087f30b641adcacaac8d04f2cc5a9c21f3668bf2f6727da6,b5b163eb273291934556377ab883b4b2a5d4da50bd0dc0a91774ecc234ccd8d0,complete,confirmed,confirmed,inconclusive,confirmed,inconclusive,false,size worse by 349 (249.286%); compression worse by 249198204.5 (1442.45%); decompression confidence is inconclusive; memory worse by 1685504 (60.1608%)
zstd-default,zstd-default,balanced,development,datasets/synthetic/constant_00/s0000065536_n000p000_seed1297748005.bin,65536,24,489,10678208,266474188,9003930.5,9052277.5,2926592,4487168,false,false,false,false,0,inconclusive,true,true,1,file,development-pilot-v2-retry,local-x86-64,x86_64,36f84685dc00064dae9a239face7e8eff797ed28,b1d7dba75560d44d8e234e4205e09487f93678fb8688cac6a0905486c969c2ca,1297748005,gnu-time-v1-monotonic-wall,3b11dec50514a8473e9f6efa7a34d584d0657538c09988f61b72d38ad4991a10,development,dev-synthetic-constant-00,de2f256064a0af797747c2b97505dc0b9f3df0de4f489eac731c23ae9ca9cc31,1,mathsvg,balanced-ablation-no-whole-block-functions-v1,710840e9131cf094172098c985e2b371da66d184263016d59a71a97c9294a733,81128211b782e3a4331d1c5fcd6db21eecf78dc823faab718e7ebe3f2ceeeee8,complete,8afdee0e1fe04f0a9c92a00ebbd438b50004de9dcdf47ce697a89ac0bdae40a5,7c5468b370f7c47eda07281e3437fafc568f95d10420051e3aa522709f9342c5,complete,confirmed,confirmed,inconclusive,confirmed,inconclusive,false,size worse by 465 (1937.5%); compression worse by 255795980 (2395.5%); decompression confidence is inconclusive; decompression point estimate worse by 48347 (0.536954%); memory worse by 1560576 (53.324%)
gzip-6,gzip-6,balanced,development,datasets/synthetic/constant_00/s0000065536_n000p000_seed1297748005.bin,65536,96,485,8881718,266991829.5,8785810,9361575,1691648,4470784,false,false,false,false,0,inconclusive,true,true,1,file,development-pilot-v2-retry,local-x86-64,x86_64,36f84685dc00064dae9a239face7e8eff797ed28,b1d7dba75560d44d8e234e4205e09487f93678fb8688cac6a0905486c969c2ca,1297748005,gnu-time-v1-monotonic-wall,3b11dec50514a8473e9f6efa7a34d584d0657538c09988f61b72d38ad4991a10,development,dev-synthetic-constant-00,de2f256064a0af797747c2b97505dc0b9f3df0de4f489eac731c23ae9ca9cc31,1,mathsvg,balanced-v1,b8b432a44db4d5e59ca81df6eaa329ee2a47590fff0448de7f7401ea9595e925,81128211b782e3a4331d1c5fcd6db21eecf78dc823faab718e7ebe3f2ceeeee8,complete,bf920ab8461c6c60c8cc32db3d853f55655e60793cf7f64068847ad56c2b2e67,afea077ce127d4fa9ad410d3066ba2b54dea19c0b44f04adf56c72d5f7b7a9bb,complete,confirmed,confirmed,inconclusive,confirmed,inconclusive,false,size worse by 389 (405.208%); compression worse by 258110111.5 (2906.08%); decompression confidence is inconclusive; decompression point estimate worse by 575765 (6.55335%); memory worse by 2779136 (164.286%)
lz4,lz4,balanced,development,datasets/synthetic/constant_00/s0000065536_n000p000_seed1297748005.bin,65536,286,485,8912711.5,266991829.5,8714546.5,9361575,1740800,4470784,false,false,false,false,0,inconclusive,true,true,1,file,development-pilot-v2-retry,local-x86-64,x86_64,36f84685dc00064dae9a239face7e8eff797ed28,b1d7dba75560d44d8e234e4205e09487f93678fb8688cac6a0905486c969c2ca,1297748005,gnu-time-v1-monotonic-wall,3b11dec50514a8473e9f6efa7a34d584d0657538c09988f61b72d38ad4991a10,development,dev-synthetic-constant-00,de2f256064a0af797747c2b97505dc0b9f3df0de4f489eac731c23ae9ca9cc31,1,mathsvg,balanced-v1,b8b432a44db4d5e59ca81df6eaa329ee2a47590fff0448de7f7401ea9595e925,81128211b782e3a4331d1c5fcd6db21eecf78dc823faab718e7ebe3f2ceeeee8,complete,56c1b7390551d55bb056da7122b41ac3f7e4459570e4627ac278f7c91d669491,87c0d5d060fd36c685b98a38611b7bd6c4614d40b36d29be84edcd6c173f8160,complete,confirmed,confirmed,inconclusive,confirmed,inconclusive,false,size worse by 199 (69.5804%); compression worse by 258079118 (2895.63%); decompression confidence is inconclusive; decompression point estimate worse by 647028.5 (7.4247%); memory worse by 2729984 (156.824%)
raw,raw,balanced,development,datasets/synthetic/constant_00/s0000065536_n000p000_seed1297748005.bin,65536,65536,485,8998826.5,266991829.5,8804672.5,9361575,2080768,4470784,true,false,false,false,1,inconclusive,true,true,1,file,development-pilot-v2-retry,local-x86-64,x86_64,36f84685dc00064dae9a239face7e8eff797ed28,b1d7dba75560d44d8e234e4205e09487f93678fb8688cac6a0905486c969c2ca,1297748005,gnu-time-v1-monotonic-wall,3b11dec50514a8473e9f6efa7a34d584d0657538c09988f61b72d38ad4991a10,development,dev-synthetic-constant-00,de2f256064a0af797747c2b97505dc0b9f3df0de4f489eac731c23ae9ca9cc31,1,mathsvg,balanced-v1,b8b432a44db4d5e59ca81df6eaa329ee2a47590fff0448de7f7401ea9595e925,81128211b782e3a4331d1c5fcd6db21eecf78dc823faab718e7ebe3f2ceeeee8,complete,deb7b660ce7575981cd7bc749fbec6d9d6b62e2c9a725ba1c8e9c79e304a087a,6187dab32cd7b6291d96c54425a22915a6eeb39add6d95ee9008e1dbba427131,complete,confirmed,confirmed,inconclusive,confirmed,inconclusive,false,compression worse by 257993003 (2866.96%); decompression confidence is inconclusive; decompression point estimate worse by 556902.5 (6.32508%); memory worse by 2390016 (114.862%)
xz-9e,xz-9e,balanced,development,datasets/synthetic/constant_00/s0000065536_n000p000_seed1297748005.bin,65536,140,485,17275983.5,266991829.5,9240411,9361575,2801664,4470784,false,false,false,false,0,inconclusive,true,true,1,file,development-pilot-v2-retry,local-x86-64,x86_64,36f84685dc00064dae9a239face7e8eff797ed28,b1d7dba75560d44d8e234e4205e09487f93678fb8688cac6a0905486c969c2ca,1297748005,gnu-time-v1-monotonic-wall,3b11dec50514a8473e9f6efa7a34d584d0657538c09988f61b72d38ad4991a10,development,dev-synthetic-constant-00,de2f256064a0af797747c2b97505dc0b9f3df0de4f489eac731c23ae9ca9cc31,1,mathsvg,balanced-v1,b8b432a44db4d5e59ca81df6eaa329ee2a47590fff0448de7f7401ea9595e925,81128211b782e3a4331d1c5fcd6db21eecf78dc823faab718e7ebe3f2ceeeee8,complete,1bd3a8a1a914bf55087f30b641adcacaac8d04f2cc5a9c21f3668bf2f6727da6,b5b163eb273291934556377ab883b4b2a5d4da50bd0dc0a91774ecc234ccd8d0,complete,confirmed,confirmed,inconclusive,confirmed,inconclusive,false,size worse by 345 (246.429%); compression worse by 249715846 (1445.45%); decompression confidence is inconclusive; decompression point estimate worse by 121164 (1.31124%); memory worse by 1669120 (59.576%)
zstd-default,zstd-default,balanced,development,datasets/synthetic/constant_00/s0000065536_n000p000_seed1297748005.bin,65536,24,485,10678208,266991829.5,9003930.5,9361575,2926592,4470784,false,false,false,false,0,inconclusive,true,true,1,file,development-pilot-v2-retry,local-x86-64,x86_64,36f84685dc00064dae9a239face7e8eff797ed28,b1d7dba75560d44d8e234e4205e09487f93678fb8688cac6a0905486c969c2ca,1297748005,gnu-time-v1-monotonic-wall,3b11dec50514a8473e9f6efa7a34d584d0657538c09988f61b72d38ad4991a10,development,dev-synthetic-constant-00,de2f256064a0af797747c2b97505dc0b9f3df0de4f489eac731c23ae9ca9cc31,1,mathsvg,balanced-v1,b8b432a44db4d5e59ca81df6eaa329ee2a47590fff0448de7f7401ea9595e925,81128211b782e3a4331d1c5fcd6db21eecf78dc823faab718e7ebe3f2ceeeee8,complete,8afdee0e1fe04f0a9c92a00ebbd438b50004de9dcdf47ce697a89ac0bdae40a5,7c5468b370f7c47eda07281e3437fafc568f95d10420051e3aa522709f9342c5,complete,confirmed,confirmed,inconclusive,confirmed,inconclusive,false,size worse by 461 (1920.83%); compression worse by 256313621.5 (2400.34%); decompression confidence is inconclusive; decompression point estimate worse by 357644.5 (3.97209%); memory worse by 1544192 (52.7642%)
gzip-6,gzip-6,fast,development,datasets/synthetic/constant_00/s0000065536_n000p000_seed1297748005.bin,65536,96,485,8881718,215738447.5,8785810,9098796,1691648,5197824,false,false,false,false,0,inconclusive,true,true,1,file,development-pilot-v2-retry,local-x86-64,x86_64,36f84685dc00064dae9a239face7e8eff797ed28,b1d7dba75560d44d8e234e4205e09487f93678fb8688cac6a0905486c969c2ca,1297748005,gnu-time-v1-monotonic-wall,3b11dec50514a8473e9f6efa7a34d584d0657538c09988f61b72d38ad4991a10,development,dev-synthetic-constant-00,de2f256064a0af797747c2b97505dc0b9f3df0de4f489eac731c23ae9ca9cc31,1,mathsvg,fast-ablation-no-coordinate-v1,d7ca26461dd4e013ff9ba35010b5f6f5433079b6b0745758edbcdcc2eebf07cb,81128211b782e3a4331d1c5fcd6db21eecf78dc823faab718e7ebe3f2ceeeee8,complete,bf920ab8461c6c60c8cc32db3d853f55655e60793cf7f64068847ad56c2b2e67,afea077ce127d4fa9ad410d3066ba2b54dea19c0b44f04adf56c72d5f7b7a9bb,complete,confirmed,confirmed,inconclusive,confirmed,inconclusive,false,size worse by 389 (405.208%); compression worse by 206856729.5 (2329.02%); decompression confidence is inconclusive; decompression point estimate worse by 312986 (3.5624%); memory worse by 3506176 (207.264%)
lz4,lz4,fast,development,datasets/synthetic/constant_00/s0000065536_n000p000_seed1297748005.bin,65536,286,485,8912711.5,215738447.5,8714546.5,9098796,1740800,5197824,false,false,false,false,0,inconclusive,true,true,1,file,development-pilot-v2-retry,local-x86-64,x86_64,36f84685dc00064dae9a239face7e8eff797ed28,b1d7dba75560d44d8e234e4205e09487f93678fb8688cac6a0905486c969c2ca,1297748005,gnu-time-v1-monotonic-wall,3b11dec50514a8473e9f6efa7a34d584d0657538c09988f61b72d38ad4991a10,development,dev-synthetic-constant-00,de2f256064a0af797747c2b97505dc0b9f3df0de4f489eac731c23ae9ca9cc31,1,mathsvg,fast-ablation-no-coordinate-v1,d7ca26461dd4e013ff9ba35010b5f6f5433079b6b0745758edbcdcc2eebf07cb,81128211b782e3a4331d1c5fcd6db21eecf78dc823faab718e7ebe3f2ceeeee8,complete,56c1b7390551d55bb056da7122b41ac3f7e4459570e4627ac278f7c91d669491,87c0d5d060fd36c685b98a38611b7bd6c4614d40b36d29be84edcd6c173f8160,complete,confirmed,confirmed,inconclusive,confirmed,inconclusive,false,size worse by 199 (69.5804%); compression worse by 206825736 (2320.57%); decompression confidence is inconclusive; decompression point estimate worse by 384249.5 (4.40929%); memory worse by 3457024 (198.588%)
raw,raw,fast,development,datasets/synthetic/constant_00/s0000065536_n000p000_seed1297748005.bin,65536,65536,485,8998826.5,215738447.5,8804672.5,9098796,2080768,5197824,true,false,false,false,1,inconclusive,true,true,1,file,development-pilot-v2-retry,local-x86-64,x86_64,36f84685dc00064dae9a239face7e8eff797ed28,b1d7dba75560d44d8e234e4205e09487f93678fb8688cac6a0905486c969c2ca,1297748005,gnu-time-v1-monotonic-wall,3b11dec50514a8473e9f6efa7a34d584d0657538c09988f61b72d38ad4991a10,development,dev-synthetic-constant-00,de2f256064a0af797747c2b97505dc0b9f3df0de4f489eac731c23ae9ca9cc31,1,mathsvg,fast-ablation-no-coordinate-v1,d7ca26461dd4e013ff9ba35010b5f6f5433079b6b0745758edbcdcc2eebf07cb,81128211b782e3a4331d1c5fcd6db21eecf78dc823faab718e7ebe3f2ceeeee8,complete,deb7b660ce7575981cd7bc749fbec6d9d6b62e2c9a725ba1c8e9c79e304a087a,6187dab32cd7b6291d96c54425a22915a6eeb39add6d95ee9008e1dbba427131,complete,confirmed,confirmed,inconclusive,confirmed,inconclusive,false,compression worse by 206739621 (2297.41%); decompression confidence is inconclusive; decompression point estimate worse by 294123.5 (3.34054%); memory worse by 3117056 (149.803%)
xz-9e,xz-9e,fast,development,datasets/synthetic/constant_00/s0000065536_n000p000_seed1297748005.bin,65536,140,485,17275983.5,215738447.5,9240411,9098796,2801664,5197824,false,false,true,false,1,inconclusive,true,true,1,file,development-pilot-v2-retry,local-x86-64,x86_64,36f84685dc00064dae9a239face7e8eff797ed28,b1d7dba75560d44d8e234e4205e09487f93678fb8688cac6a0905486c969c2ca,1297748005,gnu-time-v1-monotonic-wall,3b11dec50514a8473e9f6efa7a34d584d0657538c09988f61b72d38ad4991a10,development,dev-synthetic-constant-00,de2f256064a0af797747c2b97505dc0b9f3df0de4f489eac731c23ae9ca9cc31,1,mathsvg,fast-ablation-no-coordinate-v1,d7ca26461dd4e013ff9ba35010b5f6f5433079b6b0745758edbcdcc2eebf07cb,81128211b782e3a4331d1c5fcd6db21eecf78dc823faab718e7ebe3f2ceeeee8,complete,1bd3a8a1a914bf55087f30b641adcacaac8d04f2cc5a9c21f3668bf2f6727da6,b5b163eb273291934556377ab883b4b2a5d4da50bd0dc0a91774ecc234ccd8d0,complete,confirmed,confirmed,inconclusive,confirmed,inconclusive,false,size worse by 345 (246.429%); compression worse by 198462464 (1148.78%); decompression confidence is inconclusive; memory worse by 2396160 (85.5263%)
zstd-default,zstd-default,fast,development,datasets/synthetic/constant_00/s0000065536_n000p000_seed1297748005.bin,65536,24,485,10678208,215738447.5,9003930.5,9098796,2926592,5197824,false,false,false,false,0,inconclusive,true,true,1,file,development-pilot-v2-retry,local-x86-64,x86_64,36f84685dc00064dae9a239face7e8eff797ed28,b1d7dba75560d44d8e234e4205e09487f93678fb8688cac6a0905486c969c2ca,1297748005,gnu-time-v1-monotonic-wall,3b11dec50514a8473e9f6efa7a34d584d0657538c09988f61b72d38ad4991a10,development,dev-synthetic-constant-00,de2f256064a0af797747c2b97505dc0b9f3df0de4f489eac731c23ae9ca9cc31,1,mathsvg,fast-ablation-no-coordinate-v1,d7ca26461dd4e013ff9ba35010b5f6f5433079b6b0745758edbcdcc2eebf07cb,81128211b782e3a4331d1c5fcd6db21eecf78dc823faab718e7ebe3f2ceeeee8,complete,8afdee0e1fe04f0a9c92a00ebbd438b50004de9dcdf47ce697a89ac0bdae40a5,7c5468b370f7c47eda07281e3437fafc568f95d10420051e3aa522709f9342c5,complete,confirmed,confirmed,inconclusive,confirmed,inconclusive,false,size worse by 461 (1920.83%); compression worse by 205060239.5 (1920.36%); decompression confidence is inconclusive; decompression point estimate worse by 94865.5 (1.0536%); memory worse by 2271232 (77.6067%)
gzip-6,gzip-6,fast,development,datasets/synthetic/constant_00/s0000065536_n000p000_seed1297748005.bin,65536,96,485,8881718,166842048,8785810,9561188,1691648,4708352,false,false,false,false,0,inconclusive,true,true,1,file,development-pilot-v2-retry,local-x86-64,x86_64,36f84685dc00064dae9a239face7e8eff797ed28,b1d7dba75560d44d8e234e4205e09487f93678fb8688cac6a0905486c969c2ca,1297748005,gnu-time-v1-monotonic-wall,3b11dec50514a8473e9f6efa7a34d584d0657538c09988f61b72d38ad4991a10,development,dev-synthetic-constant-00,de2f256064a0af797747c2b97505dc0b9f3df0de4f489eac731c23ae9ca9cc31,1,mathsvg,fast-ablation-no-whole-block-entropy-v1,036664ca0567442e358e36e2564fb5b50a5e75619d748ddd5a2fd387db06179b,81128211b782e3a4331d1c5fcd6db21eecf78dc823faab718e7ebe3f2ceeeee8,complete,bf920ab8461c6c60c8cc32db3d853f55655e60793cf7f64068847ad56c2b2e67,afea077ce127d4fa9ad410d3066ba2b54dea19c0b44f04adf56c72d5f7b7a9bb,complete,confirmed,confirmed,inconclusive,confirmed,inconclusive,false,size worse by 389 (405.208%); compression worse by 157960330 (1778.49%); decompression confidence is inconclusive; decompression point estimate worse by 775378 (8.82534%); memory worse by 3016704 (178.329%)
lz4,lz4,fast,development,datasets/synthetic/constant_00/s0000065536_n000p000_seed1297748005.bin,65536,286,485,8912711.5,166842048,8714546.5,9561188,1740800,4708352,false,false,false,false,0,inconclusive,true,true,1,file,development-pilot-v2-retry,local-x86-64,x86_64,36f84685dc00064dae9a239face7e8eff797ed28,b1d7dba75560d44d8e234e4205e09487f93678fb8688cac6a0905486c969c2ca,1297748005,gnu-time-v1-monotonic-wall,3b11dec50514a8473e9f6efa7a34d584d0657538c09988f61b72d38ad4991a10,development,dev-synthetic-constant-00,de2f256064a0af797747c2b97505dc0b9f3df0de4f489eac731c23ae9ca9cc31,1,mathsvg,fast-ablation-no-whole-block-entropy-v1,036664ca0567442e358e36e2564fb5b50a5e75619d748ddd5a2fd387db06179b,81128211b782e3a4331d1c5fcd6db21eecf78dc823faab718e7ebe3f2ceeeee8,complete,56c1b7390551d55bb056da7122b41ac3f7e4459570e4627ac278f7c91d669491,87c0d5d060fd36c685b98a38611b7bd6c4614d40b36d29be84edcd6c173f8160,complete,confirmed,confirmed,inconclusive,confirmed,inconclusive,false,size worse by 199 (69.5804%); compression worse by 157929336.5 (1771.96%); decompression confidence is inconclusive; decompression point estimate worse by 846641.5 (9.71527%); memory worse by 2967552 (170.471%)
raw,raw,fast,development,datasets/synthetic/constant_00/s0000065536_n000p000_seed1297748005.bin,65536,65536,485,8998826.5,166842048,8804672.5,9561188,2080768,4708352,true,false,false,false,1,inconclusive,true,true,1,file,development-pilot-v2-retry,local-x86-64,x86_64,36f84685dc00064dae9a239face7e8eff797ed28,b1d7dba75560d44d8e234e4205e09487f93678fb8688cac6a0905486c969c2ca,1297748005,gnu-time-v1-monotonic-wall,3b11dec50514a8473e9f6efa7a34d584d0657538c09988f61b72d38ad4991a10,development,dev-synthetic-constant-00,de2f256064a0af797747c2b97505dc0b9f3df0de4f489eac731c23ae9ca9cc31,1,mathsvg,fast-ablation-no-whole-block-entropy-v1,036664ca0567442e358e36e2564fb5b50a5e75619d748ddd5a2fd387db06179b,81128211b782e3a4331d1c5fcd6db21eecf78dc823faab718e7ebe3f2ceeeee8,complete,deb7b660ce7575981cd7bc749fbec6d9d6b62e2c9a725ba1c8e9c79e304a087a,6187dab32cd7b6291d96c54425a22915a6eeb39add6d95ee9008e1dbba427131,complete,confirmed,confirmed,inconclusive,confirmed,inconclusive,false,compression worse by 157843221.5 (1754.04%); decompression confidence is inconclusive; decompression point estimate worse by 756515.5 (8.5922%); memory worse by 2627584 (126.28%)
xz-9e,xz-9e,fast,development,datasets/synthetic/constant_00/s0000065536_n000p000_seed1297748005.bin,65536,140,485,17275983.5,166842048,9240411,9561188,2801664,4708352,false,false,false,false,0,inconclusive,true,true,1,file,development-pilot-v2-retry,local-x86-64,x86_64,36f84685dc00064dae9a239face7e8eff797ed28,b1d7dba75560d44d8e234e4205e09487f93678fb8688cac6a0905486c969c2ca,1297748005,gnu-time-v1-monotonic-wall,3b11dec50514a8473e9f6efa7a34d584d0657538c09988f61b72d38ad4991a10,development,dev-synthetic-constant-00,de2f256064a0af797747c2b97505dc0b9f3df0de4f489eac731c23ae9ca9cc31,1,mathsvg,fast-ablation-no-whole-block-entropy-v1,036664ca0567442e358e36e2564fb5b50a5e75619d748ddd5a2fd387db06179b,81128211b782e3a4331d1c5fcd6db21eecf78dc823faab718e7ebe3f2ceeeee8,complete,1bd3a8a1a914bf55087f30b641adcacaac8d04f2cc5a9c21f3668bf2f6727da6,b5b163eb273291934556377ab883b4b2a5d4da50bd0dc0a91774ecc234ccd8d0,complete,confirmed,confirmed,inconclusive,confirmed,inconclusive,false,size worse by 345 (246.429%); compression worse by 149566064.5 (865.746%); decompression confidence is inconclusive; decompression point estimate worse by 320777 (3.47146%); memory worse by 1906688 (68.0556%)
zstd-default,zstd-default,fast,development,datasets/synthetic/constant_00/s0000065536_n000p000_seed1297748005.bin,65536,24,485,10678208,166842048,9003930.5,9561188,2926592,4708352,false,false,false,false,0,inconclusive,true,true,1,file,development-pilot-v2-retry,local-x86-64,x86_64,36f84685dc00064dae9a239face7e8eff797ed28,b1d7dba75560d44d8e234e4205e09487f93678fb8688cac6a0905486c969c2ca,1297748005,gnu-time-v1-monotonic-wall,3b11dec50514a8473e9f6efa7a34d584d0657538c09988f61b72d38ad4991a10,development,dev-synthetic-constant-00,de2f256064a0af797747c2b97505dc0b9f3df0de4f489eac731c23ae9ca9cc31,1,mathsvg,fast-ablation-no-whole-block-entropy-v1,036664ca0567442e358e36e2564fb5b50a5e75619d748ddd5a2fd387db06179b,81128211b782e3a4331d1c5fcd6db21eecf78dc823faab718e7ebe3f2ceeeee8,complete,8afdee0e1fe04f0a9c92a00ebbd438b50004de9dcdf47ce697a89ac0bdae40a5,7c5468b370f7c47eda07281e3437fafc568f95d10420051e3aa522709f9342c5,complete,confirmed,confirmed,inconclusive,confirmed,inconclusive,false,size worse by 461 (1920.83%); compression worse by 156163840 (1462.45%); decompression confidence is inconclusive; decompression point estimate worse by 557257.5 (6.18905%); memory worse by 1781760 (60.8817%)
gzip-6,gzip-6,fast,development,datasets/synthetic/constant_00/s0000065536_n000p000_seed1297748005.bin,65536,96,485,8881718,169394382,8785810,9056323,1691648,5300224,false,false,false,false,0,inconclusive,true,true,1,file,development-pilot-v2-retry,local-x86-64,x86_64,36f84685dc00064dae9a239face7e8eff797ed28,b1d7dba75560d44d8e234e4205e09487f93678fb8688cac6a0905486c969c2ca,1297748005,gnu-time-v1-monotonic-wall,3b11dec50514a8473e9f6efa7a34d584d0657538c09988f61b72d38ad4991a10,development,dev-synthetic-constant-00,de2f256064a0af797747c2b97505dc0b9f3df0de4f489eac731c23ae9ca9cc31,1,mathsvg,fast-v1,dbdf165176991179ee1260cc32982768b62a646f6143c7cf178d1c08ffab9184,81128211b782e3a4331d1c5fcd6db21eecf78dc823faab718e7ebe3f2ceeeee8,complete,bf920ab8461c6c60c8cc32db3d853f55655e60793cf7f64068847ad56c2b2e67,afea077ce127d4fa9ad410d3066ba2b54dea19c0b44f04adf56c72d5f7b7a9bb,complete,confirmed,confirmed,inconclusive,confirmed,inconclusive,false,size worse by 389 (405.208%); compression worse by 160512664 (1807.23%); decompression confidence is inconclusive; decompression point estimate worse by 270513 (3.07898%); memory worse by 3608576 (213.317%)
lz4,lz4,fast,development,datasets/synthetic/constant_00/s0000065536_n000p000_seed1297748005.bin,65536,286,485,8912711.5,169394382,8714546.5,9056323,1740800,5300224,false,false,false,false,0,inconclusive,true,true,1,file,development-pilot-v2-retry,local-x86-64,x86_64,36f84685dc00064dae9a239face7e8eff797ed28,b1d7dba75560d44d8e234e4205e09487f93678fb8688cac6a0905486c969c2ca,1297748005,gnu-time-v1-monotonic-wall,3b11dec50514a8473e9f6efa7a34d584d0657538c09988f61b72d38ad4991a10,development,dev-synthetic-constant-00,de2f256064a0af797747c2b97505dc0b9f3df0de4f489eac731c23ae9ca9cc31,1,mathsvg,fast-v1,dbdf165176991179ee1260cc32982768b62a646f6143c7cf178d1c08ffab9184,81128211b782e3a4331d1c5fcd6db21eecf78dc823faab718e7ebe3f2ceeeee8,complete,56c1b7390551d55bb056da7122b41ac3f7e4459570e4627ac278f7c91d669491,87c0d5d060fd36c685b98a38611b7bd6c4614d40b36d29be84edcd6c173f8160,complete,confirmed,confirmed,inconclusive,confirmed,inconclusive,false,size worse by 199 (69.5804%); compression worse by 160481670.5 (1800.59%); decompression confidence is inconclusive; decompression point estimate worse by 341776.5 (3.92191%); memory worse by 3559424 (204.471%)
raw,raw,fast,development,datasets/synthetic/constant_00/s0000065536_n000p000_seed1297748005.bin,65536,65536,485,8998826.5,169394382,8804672.5,9056323,2080768,5300224,true,false,false,false,1,inconclusive,true,true,1,file,development-pilot-v2-retry,local-x86-64,x86_64,36f84685dc00064dae9a239face7e8eff797ed28,b1d7dba75560d44d8e234e4205e09487f93678fb8688cac6a0905486c969c2ca,1297748005,gnu-time-v1-monotonic-wall,3b11dec50514a8473e9f6efa7a34d584d0657538c09988f61b72d38ad4991a10,development,dev-synthetic-constant-00,de2f256064a0af797747c2b97505dc0b9f3df0de4f489eac731c23ae9ca9cc31,1,mathsvg,fast-v1,dbdf165176991179ee1260cc32982768b62a646f6143c7cf178d1c08ffab9184,81128211b782e3a4331d1c5fcd6db21eecf78dc823faab718e7ebe3f2ceeeee8,complete,deb7b660ce7575981cd7bc749fbec6d9d6b62e2c9a725ba1c8e9c79e304a087a,6187dab32cd7b6291d96c54425a22915a6eeb39add6d95ee9008e1dbba427131,complete,confirmed,confirmed,inconclusive,confirmed,inconclusive,false,compression worse by 160395555.5 (1782.41%); decompression confidence is inconclusive; decompression point estimate worse by 251650.5 (2.85815%); memory worse by 3219456 (154.724%)
xz-9e,xz-9e,fast,development,datasets/synthetic/constant_00/s0000065536_n000p000_seed1297748005.bin,65536,140,485,17275983.5,169394382,9240411,9056323,2801664,5300224,false,false,true,false,1,inconclusive,true,true,1,file,development-pilot-v2-retry,local-x86-64,x86_64,36f84685dc00064dae9a239face7e8eff797ed28,b1d7dba75560d44d8e234e4205e09487f93678fb8688cac6a0905486c969c2ca,1297748005,gnu-time-v1-monotonic-wall,3b11dec50514a8473e9f6efa7a34d584d0657538c09988f61b72d38ad4991a10,development,dev-synthetic-constant-00,de2f256064a0af797747c2b97505dc0b9f3df0de4f489eac731c23ae9ca9cc31,1,mathsvg,fast-v1,dbdf165176991179ee1260cc32982768b62a646f6143c7cf178d1c08ffab9184,81128211b782e3a4331d1c5fcd6db21eecf78dc823faab718e7ebe3f2ceeeee8,complete,1bd3a8a1a914bf55087f30b641adcacaac8d04f2cc5a9c21f3668bf2f6727da6,b5b163eb273291934556377ab883b4b2a5d4da50bd0dc0a91774ecc234ccd8d0,complete,confirmed,confirmed,inconclusive,confirmed,inconclusive,false,size worse by 345 (246.429%); compression worse by 152118398.5 (880.519%); decompression confidence is inconclusive; memory worse by 2498560 (89.1813%)
zstd-default,zstd-default,fast,development,datasets/synthetic/constant_00/s0000065536_n000p000_seed1297748005.bin,65536,24,485,10678208,169394382,9003930.5,9056323,2926592,5300224,false,false,false,false,0,inconclusive,true,true,1,file,development-pilot-v2-retry,local-x86-64,x86_64,36f84685dc00064dae9a239face7e8eff797ed28,b1d7dba75560d44d8e234e4205e09487f93678fb8688cac6a0905486c969c2ca,1297748005,gnu-time-v1-monotonic-wall,3b11dec50514a8473e9f6efa7a34d584d0657538c09988f61b72d38ad4991a10,development,dev-synthetic-constant-00,de2f256064a0af797747c2b97505dc0b9f3df0de4f489eac731c23ae9ca9cc31,1,mathsvg,fast-v1,dbdf165176991179ee1260cc32982768b62a646f6143c7cf178d1c08ffab9184,81128211b782e3a4331d1c5fcd6db21eecf78dc823faab718e7ebe3f2ceeeee8,complete,8afdee0e1fe04f0a9c92a00ebbd438b50004de9dcdf47ce697a89ac0bdae40a5,7c5468b370f7c47eda07281e3437fafc568f95d10420051e3aa522709f9342c5,complete,confirmed,confirmed,inconclusive,confirmed,inconclusive,false,size worse by 461 (1920.83%); compression worse by 158716174 (1486.36%); decompression confidence is inconclusive; decompression point estimate worse by 52392.5 (0.581885%); memory worse by 2373632 (81.1057%)
gzip-6,gzip-6,balanced,development,datasets/synthetic/lfsr8/s0000065536_n000p000_seed1297748005.bin,65536,598,753,8897521.5,316008437,8715674.5,10235197,1691648,4603904,false,false,false,false,0,confirmed,true,true,1,file,development-pilot-v2-retry,local-x86-64,x86_64,36f84685dc00064dae9a239face7e8eff797ed28,b1d7dba75560d44d8e234e4205e09487f93678fb8688cac6a0905486c969c2ca,1297748005,gnu-time-v1-monotonic-wall,3b11dec50514a8473e9f6efa7a34d584d0657538c09988f61b72d38ad4991a10,development,dev-synthetic-lfsr8,c22f599374ecb687cb2737130592553d274b26414a1c37bb1d36a02a3e7cdb64,1,mathsvg,balanced-ablation-no-whole-block-functions-v1,710840e9131cf094172098c985e2b371da66d184263016d59a71a97c9294a733,81128211b782e3a4331d1c5fcd6db21eecf78dc823faab718e7ebe3f2ceeeee8,complete,bf920ab8461c6c60c8cc32db3d853f55655e60793cf7f64068847ad56c2b2e67,afea077ce127d4fa9ad410d3066ba2b54dea19c0b44f04adf56c72d5f7b7a9bb,complete,confirmed,confirmed,confirmed,confirmed,fail,false,size worse by 155 (25.9197%); compression worse by 307110915.5 (3451.65%); decompression worse by 1519522.5 (17.4344%); memory worse by 2912256 (172.155%)
lz4,lz4,balanced,development,datasets/synthetic/lfsr8/s0000065536_n000p000_seed1297748005.bin,65536,540,753,8814436,316008437,8894873.5,10235197,1740800,4603904,false,false,false,false,0,inconclusive,true,true,1,file,development-pilot-v2-retry,local-x86-64,x86_64,36f84685dc00064dae9a239face7e8eff797ed28,b1d7dba75560d44d8e234e4205e09487f93678fb8688cac6a0905486c969c2ca,1297748005,gnu-time-v1-monotonic-wall,3b11dec50514a8473e9f6efa7a34d584d0657538c09988f61b72d38ad4991a10,development,dev-synthetic-lfsr8,c22f599374ecb687cb2737130592553d274b26414a1c37bb1d36a02a3e7cdb64,1,mathsvg,balanced-ablation-no-whole-block-functions-v1,710840e9131cf094172098c985e2b371da66d184263016d59a71a97c9294a733,81128211b782e3a4331d1c5fcd6db21eecf78dc823faab718e7ebe3f2ceeeee8,complete,56c1b7390551d55bb056da7122b41ac3f7e4459570e4627ac278f7c91d669491,87c0d5d060fd36c685b98a38611b7bd6c4614d40b36d29be84edcd6c173f8160,complete,confirmed,confirmed,inconclusive,confirmed,inconclusive,false,size worse by 213 (39.4444%); compression worse by 307194001 (3485.12%); decompression confidence is inconclusive; decompression point estimate worse by 1340323.5 (15.0685%); memory worse by 2863104 (164.471%)
raw,raw,balanced,development,datasets/synthetic/lfsr8/s0000065536_n000p000_seed1297748005.bin,65536,65536,753,8839001.5,316008437,9041963,10235197,2093056,4603904,true,false,false,false,1,inconclusive,true,true,1,file,development-pilot-v2-retry,local-x86-64,x86_64,36f84685dc00064dae9a239face7e8eff797ed28,b1d7dba75560d44d8e234e4205e09487f93678fb8688cac6a0905486c969c2ca,1297748005,gnu-time-v1-monotonic-wall,3b11dec50514a8473e9f6efa7a34d584d0657538c09988f61b72d38ad4991a10,development,dev-synthetic-lfsr8,c22f599374ecb687cb2737130592553d274b26414a1c37bb1d36a02a3e7cdb64,1,mathsvg,balanced-ablation-no-whole-block-functions-v1,710840e9131cf094172098c985e2b371da66d184263016d59a71a97c9294a733,81128211b782e3a4331d1c5fcd6db21eecf78dc823faab718e7ebe3f2ceeeee8,complete,deb7b660ce7575981cd7bc749fbec6d9d6b62e2c9a725ba1c8e9c79e304a087a,6187dab32cd7b6291d96c54425a22915a6eeb39add6d95ee9008e1dbba427131,complete,confirmed,confirmed,inconclusive,confirmed,inconclusive,false,compression worse by 307169435.5 (3475.16%); decompression confidence is inconclusive; decompression point estimate worse by 1193234 (13.1966%); memory worse by 2510848 (119.961%)
xz-9e,xz-9e,balanced,development,datasets/synthetic/lfsr8/s0000065536_n000p000_seed1297748005.bin,65536,412,753,17273622,316008437,9013931.5,10235197,3979264,4603904,false,false,false,false,0,inconclusive,true,true,1,file,development-pilot-v2-retry,local-x86-64,x86_64,36f84685dc00064dae9a239face7e8eff797ed28,b1d7dba75560d44d8e234e4205e09487f93678fb8688cac6a0905486c969c2ca,1297748005,gnu-time-v1-monotonic-wall,3b11dec50514a8473e9f6efa7a34d584d0657538c09988f61b72d38ad4991a10,development,dev-synthetic-lfsr8,c22f599374ecb687cb2737130592553d274b26414a1c37bb1d36a02a3e7cdb64,1,mathsvg,balanced-ablation-no-whole-block-functions-v1,710840e9131cf094172098c985e2b371da66d184263016d59a71a97c9294a733,81128211b782e3a4331d1c5fcd6db21eecf78dc823faab718e7ebe3f2ceeeee8,complete,1bd3a8a1a914bf55087f30b641adcacaac8d04f2cc5a9c21f3668bf2f6727da6,b5b163eb273291934556377ab883b4b2a5d4da50bd0dc0a91774ecc234ccd8d0,complete,confirmed,confirmed,inconclusive,confirmed,inconclusive,false,size worse by 341 (82.767%); compression worse by 298734815 (1729.43%); decompression confidence is inconclusive; decompression point estimate worse by 1221265.5 (13.5486%); memory worse by 624640 (15.6974%)
zstd-default,zstd-default,balanced,development,datasets/synthetic/lfsr8/s0000065536_n000p000_seed1297748005.bin,65536,279,753,8938527.5,316008437,9230274,10235197,2949120,4603904,false,false,false,false,0,inconclusive,true,true,1,file,development-pilot-v2-retry,local-x86-64,x86_64,36f84685dc00064dae9a239face7e8eff797ed28,b1d7dba75560d44d8e234e4205e09487f93678fb8688cac6a0905486c969c2ca,1297748005,gnu-time-v1-monotonic-wall,3b11dec50514a8473e9f6efa7a34d584d0657538c09988f61b72d38ad4991a10,development,dev-synthetic-lfsr8,c22f599374ecb687cb2737130592553d274b26414a1c37bb1d36a02a3e7cdb64,1,mathsvg,balanced-ablation-no-whole-block-functions-v1,710840e9131cf094172098c985e2b371da66d184263016d59a71a97c9294a733,81128211b782e3a4331d1c5fcd6db21eecf78dc823faab718e7ebe3f2ceeeee8,complete,8afdee0e1fe04f0a9c92a00ebbd438b50004de9dcdf47ce697a89ac0bdae40a5,7c5468b370f7c47eda07281e3437fafc568f95d10420051e3aa522709f9342c5,complete,confirmed,confirmed,inconclusive,confirmed,inconclusive,false,size worse by 474 (169.892%); compression worse by 307069909.5 (3435.35%); decompression confidence is inconclusive; decompression point estimate worse by 1004923 (10.8872%); memory worse by 1654784 (56.1111%)
gzip-6,gzip-6,balanced,development,datasets/synthetic/lfsr8/s0000065536_n000p000_seed1297748005.bin,65536,598,753,8897521.5,268182213.5,8715674.5,9043913,1691648,4620288,false,false,false,false,0,inconclusive,true,true,1,file,development-pilot-v2-retry,local-x86-64,x86_64,36f84685dc00064dae9a239face7e8eff797ed28,b1d7dba75560d44d8e234e4205e09487f93678fb8688cac6a0905486c969c2ca,1297748005,gnu-time-v1-monotonic-wall,3b11dec50514a8473e9f6efa7a34d584d0657538c09988f61b72d38ad4991a10,development,dev-synthetic-lfsr8,c22f599374ecb687cb2737130592553d274b26414a1c37bb1d36a02a3e7cdb64,1,mathsvg,balanced-v1,b8b432a44db4d5e59ca81df6eaa329ee2a47590fff0448de7f7401ea9595e925,81128211b782e3a4331d1c5fcd6db21eecf78dc823faab718e7ebe3f2ceeeee8,complete,bf920ab8461c6c60c8cc32db3d853f55655e60793cf7f64068847ad56c2b2e67,afea077ce127d4fa9ad410d3066ba2b54dea19c0b44f04adf56c72d5f7b7a9bb,complete,confirmed,confirmed,inconclusive,confirmed,inconclusive,false,size worse by 155 (25.9197%); compression worse by 259284692 (2914.12%); decompression confidence is inconclusive; decompression point estimate worse by 328238.5 (3.76607%); memory worse by 2928640 (173.123%)
lz4,lz4,balanced,development,datasets/synthetic/lfsr8/s0000065536_n000p000_seed1297748005.bin,65536,540,753,8814436,268182213.5,8894873.5,9043913,1740800,4620288,false,false,false,false,0,inconclusive,true,true,1,file,development-pilot-v2-retry,local-x86-64,x86_64,36f84685dc00064dae9a239face7e8eff797ed28,b1d7dba75560d44d8e234e4205e09487f93678fb8688cac6a0905486c969c2ca,1297748005,gnu-time-v1-monotonic-wall,3b11dec50514a8473e9f6efa7a34d584d0657538c09988f61b72d38ad4991a10,development,dev-synthetic-lfsr8,c22f599374ecb687cb2737130592553d274b26414a1c37bb1d36a02a3e7cdb64,1,mathsvg,balanced-v1,b8b432a44db4d5e59ca81df6eaa329ee2a47590fff0448de7f7401ea9595e925,81128211b782e3a4331d1c5fcd6db21eecf78dc823faab718e7ebe3f2ceeeee8,complete,56c1b7390551d55bb056da7122b41ac3f7e4459570e4627ac278f7c91d669491,87c0d5d060fd36c685b98a38611b7bd6c4614d40b36d29be84edcd6c173f8160,complete,confirmed,confirmed,inconclusive,confirmed,inconclusive,false,size worse by 213 (39.4444%); compression worse by 259367777.5 (2942.53%); decompression confidence is inconclusive; decompression point estimate worse by 149039.5 (1.67557%); memory worse by 2879488 (165.412%)
raw,raw,balanced,development,datasets/synthetic/lfsr8/s0000065536_n000p000_seed1297748005.bin,65536,65536,753,8839001.5,268182213.5,9041963,9043913,2093056,4620288,true,false,false,false,1,inconclusive,true,true,1,file,development-pilot-v2-retry,local-x86-64,x86_64,36f84685dc00064dae9a239face7e8eff797ed28,b1d7dba75560d44d8e234e4205e09487f93678fb8688cac6a0905486c969c2ca,1297748005,gnu-time-v1-monotonic-wall,3b11dec50514a8473e9f6efa7a34d584d0657538c09988f61b72d38ad4991a10,development,dev-synthetic-lfsr8,c22f599374ecb687cb2737130592553d274b26414a1c37bb1d36a02a3e7cdb64,1,mathsvg,balanced-v1,b8b432a44db4d5e59ca81df6eaa329ee2a47590fff0448de7f7401ea9595e925,81128211b782e3a4331d1c5fcd6db21eecf78dc823faab718e7ebe3f2ceeeee8,complete,deb7b660ce7575981cd7bc749fbec6d9d6b62e2c9a725ba1c8e9c79e304a087a,6187dab32cd7b6291d96c54425a22915a6eeb39add6d95ee9008e1dbba427131,complete,confirmed,confirmed,inconclusive,confirmed,inconclusive,false,compression worse by 259343212 (2934.08%); decompression confidence is inconclusive; decompression point estimate worse by 1950 (0.0215661%); memory worse by 2527232 (120.744%)
xz-9e,xz-9e,balanced,development,datasets/synthetic/lfsr8/s0000065536_n000p000_seed1297748005.bin,65536,412,753,17273622,268182213.5,9013931.5,9043913,3979264,4620288,false,false,false,false,0,inconclusive,true,true,1,file,development-pilot-v2-retry,local-x86-64,x86_64,36f84685dc00064dae9a239face7e8eff797ed28,b1d7dba75560d44d8e234e4205e09487f93678fb8688cac6a0905486c969c2ca,1297748005,gnu-time-v1-monotonic-wall,3b11dec50514a8473e9f6efa7a34d584d0657538c09988f61b72d38ad4991a10,development,dev-synthetic-lfsr8,c22f599374ecb687cb2737130592553d274b26414a1c37bb1d36a02a3e7cdb64,1,mathsvg,balanced-v1,b8b432a44db4d5e59ca81df6eaa329ee2a47590fff0448de7f7401ea9595e925,81128211b782e3a4331d1c5fcd6db21eecf78dc823faab718e7ebe3f2ceeeee8,complete,1bd3a8a1a914bf55087f30b641adcacaac8d04f2cc5a9c21f3668bf2f6727da6,b5b163eb273291934556377ab883b4b2a5d4da50bd0dc0a91774ecc234ccd8d0,complete,confirmed,confirmed,inconclusive,confirmed,inconclusive,false,size worse by 341 (82.767%); compression worse by 250908591.5 (1452.55%); decompression confidence is inconclusive; decompression point estimate worse by 29981.5 (0.332613%); memory worse by 641024 (16.1091%)
zstd-default,zstd-default,balanced,development,datasets/synthetic/lfsr8/s0000065536_n000p000_seed1297748005.bin,65536,279,753,8938527.5,268182213.5,9230274,9043913,2949120,4620288,false,false,true,false,1,inconclusive,true,true,1,file,development-pilot-v2-retry,local-x86-64,x86_64,36f84685dc00064dae9a239face7e8eff797ed28,b1d7dba75560d44d8e234e4205e09487f93678fb8688cac6a0905486c969c2ca,1297748005,gnu-time-v1-monotonic-wall,3b11dec50514a8473e9f6efa7a34d584d0657538c09988f61b72d38ad4991a10,development,dev-synthetic-lfsr8,c22f599374ecb687cb2737130592553d274b26414a1c37bb1d36a02a3e7cdb64,1,mathsvg,balanced-v1,b8b432a44db4d5e59ca81df6eaa329ee2a47590fff0448de7f7401ea9595e925,81128211b782e3a4331d1c5fcd6db21eecf78dc823faab718e7ebe3f2ceeeee8,complete,8afdee0e1fe04f0a9c92a00ebbd438b50004de9dcdf47ce697a89ac0bdae40a5,7c5468b370f7c47eda07281e3437fafc568f95d10420051e3aa522709f9342c5,complete,confirmed,confirmed,inconclusive,confirmed,inconclusive,false,size worse by 474 (169.892%); compression worse by 259243686 (2900.3%); decompression confidence is inconclusive; memory worse by 1671168 (56.6667%)
gzip-6,gzip-6,fast,development,datasets/synthetic/lfsr8/s0000065536_n000p000_seed1297748005.bin,65536,598,753,8897521.5,117037322,8715674.5,8955180,1691648,4716544,false,false,false,false,0,inconclusive,true,true,1,file,development-pilot-v2-retry,local-x86-64,x86_64,36f84685dc00064dae9a239face7e8eff797ed28,b1d7dba75560d44d8e234e4205e09487f93678fb8688cac6a0905486c969c2ca,1297748005,gnu-time-v1-monotonic-wall,3b11dec50514a8473e9f6efa7a34d584d0657538c09988f61b72d38ad4991a10,development,dev-synthetic-lfsr8,c22f599374ecb687cb2737130592553d274b26414a1c37bb1d36a02a3e7cdb64,1,mathsvg,fast-v1,dbdf165176991179ee1260cc32982768b62a646f6143c7cf178d1c08ffab9184,81128211b782e3a4331d1c5fcd6db21eecf78dc823faab718e7ebe3f2ceeeee8,complete,bf920ab8461c6c60c8cc32db3d853f55655e60793cf7f64068847ad56c2b2e67,afea077ce127d4fa9ad410d3066ba2b54dea19c0b44f04adf56c72d5f7b7a9bb,complete,confirmed,confirmed,inconclusive,confirmed,inconclusive,false,size worse by 155 (25.9197%); compression worse by 108139800.5 (1215.39%); decompression confidence is inconclusive; decompression point estimate worse by 239505.5 (2.74799%); memory worse by 3024896 (178.814%)
lz4,lz4,fast,development,datasets/synthetic/lfsr8/s0000065536_n000p000_seed1297748005.bin,65536,540,753,8814436,117037322,8894873.5,8955180,1740800,4716544,false,false,false,false,0,inconclusive,true,true,1,file,development-pilot-v2-retry,local-x86-64,x86_64,36f84685dc00064dae9a239face7e8eff797ed28,b1d7dba75560d44d8e234e4205e09487f93678fb8688cac6a0905486c969c2ca,1297748005,gnu-time-v1-monotonic-wall,3b11dec50514a8473e9f6efa7a34d584d0657538c09988f61b72d38ad4991a10,development,dev-synthetic-lfsr8,c22f599374ecb687cb2737130592553d274b26414a1c37bb1d36a02a3e7cdb64,1,mathsvg,fast-v1,dbdf165176991179ee1260cc32982768b62a646f6143c7cf178d1c08ffab9184,81128211b782e3a4331d1c5fcd6db21eecf78dc823faab718e7ebe3f2ceeeee8,complete,56c1b7390551d55bb056da7122b41ac3f7e4459570e4627ac278f7c91d669491,87c0d5d060fd36c685b98a38611b7bd6c4614d40b36d29be84edcd6c173f8160,complete,confirmed,confirmed,inconclusive,confirmed,inconclusive,false,size worse by 213 (39.4444%); compression worse by 108222886 (1227.79%); decompression confidence is inconclusive; decompression point estimate worse by 60306.5 (0.677992%); memory worse by 2975744 (170.941%)
raw,raw,fast,development,datasets/synthetic/lfsr8/s0000065536_n000p000_seed1297748005.bin,65536,65536,753,8839001.5,117037322,9041963,8955180,2093056,4716544,true,false,true,false,2,inconclusive,true,true,1,file,development-pilot-v2-retry,local-x86-64,x86_64,36f84685dc00064dae9a239face7e8eff797ed28,b1d7dba75560d44d8e234e4205e09487f93678fb8688cac6a0905486c969c2ca,1297748005,gnu-time-v1-monotonic-wall,3b11dec50514a8473e9f6efa7a34d584d0657538c09988f61b72d38ad4991a10,development,dev-synthetic-lfsr8,c22f599374ecb687cb2737130592553d274b26414a1c37bb1d36a02a3e7cdb64,1,mathsvg,fast-v1,dbdf165176991179ee1260cc32982768b62a646f6143c7cf178d1c08ffab9184,81128211b782e3a4331d1c5fcd6db21eecf78dc823faab718e7ebe3f2ceeeee8,complete,deb7b660ce7575981cd7bc749fbec6d9d6b62e2c9a725ba1c8e9c79e304a087a,6187dab32cd7b6291d96c54425a22915a6eeb39add6d95ee9008e1dbba427131,complete,confirmed,confirmed,inconclusive,confirmed,inconclusive,false,compression worse by 108198320.5 (1224.1%); decompression confidence is inconclusive; memory worse by 2623488 (125.342%)
xz-9e,xz-9e,fast,development,datasets/synthetic/lfsr8/s0000065536_n000p000_seed1297748005.bin,65536,412,753,17273622,117037322,9013931.5,8955180,3979264,4716544,false,false,true,false,1,inconclusive,true,true,1,file,development-pilot-v2-retry,local-x86-64,x86_64,36f84685dc00064dae9a239face7e8eff797ed28,b1d7dba75560d44d8e234e4205e09487f93678fb8688cac6a0905486c969c2ca,1297748005,gnu-time-v1-monotonic-wall,3b11dec50514a8473e9f6efa7a34d584d0657538c09988f61b72d38ad4991a10,development,dev-synthetic-lfsr8,c22f599374ecb687cb2737130592553d274b26414a1c37bb1d36a02a3e7cdb64,1,mathsvg,fast-v1,dbdf165176991179ee1260cc32982768b62a646f6143c7cf178d1c08ffab9184,81128211b782e3a4331d1c5fcd6db21eecf78dc823faab718e7ebe3f2ceeeee8,complete,1bd3a8a1a914bf55087f30b641adcacaac8d04f2cc5a9c21f3668bf2f6727da6,b5b163eb273291934556377ab883b4b2a5d4da50bd0dc0a91774ecc234ccd8d0,complete,confirmed,confirmed,inconclusive,confirmed,inconclusive,false,size worse by 341 (82.767%); compression worse by 99763700 (577.549%); decompression confidence is inconclusive; memory worse by 737280 (18.528%)
zstd-default,zstd-default,fast,development,datasets/synthetic/lfsr8/s0000065536_n000p000_seed1297748005.bin,65536,279,753,8938527.5,117037322,9230274,8955180,2949120,4716544,false,false,true,false,1,inconclusive,true,true,1,file,development-pilot-v2-retry,local-x86-64,x86_64,36f84685dc00064dae9a239face7e8eff797ed28,b1d7dba75560d44d8e234e4205e09487f93678fb8688cac6a0905486c969c2ca,1297748005,gnu-time-v1-monotonic-wall,3b11dec50514a8473e9f6efa7a34d584d0657538c09988f61b72d38ad4991a10,development,dev-synthetic-lfsr8,c22f599374ecb687cb2737130592553d274b26414a1c37bb1d36a02a3e7cdb64,1,mathsvg,fast-v1,dbdf165176991179ee1260cc32982768b62a646f6143c7cf178d1c08ffab9184,81128211b782e3a4331d1c5fcd6db21eecf78dc823faab718e7ebe3f2ceeeee8,complete,8afdee0e1fe04f0a9c92a00ebbd438b50004de9dcdf47ce697a89ac0bdae40a5,7c5468b370f7c47eda07281e3437fafc568f95d10420051e3aa522709f9342c5,complete,confirmed,confirmed,inconclusive,confirmed,inconclusive,false,size worse by 474 (169.892%); compression worse by 108098794.5 (1209.36%); decompression confidence is inconclusive; memory worse by 1767424 (59.9306%)
gzip-6,gzip-6,balanced,development,datasets/synthetic/linear/s0000065536_n000p000_seed1297748005.bin,65536,597,489,8855250.5,267076573.5,8908608,16989104,1691648,4534272,true,false,false,false,1,confirmed,true,true,1,file,development-pilot-v2-retry,local-x86-64,x86_64,36f84685dc00064dae9a239face7e8eff797ed28,b1d7dba75560d44d8e234e4205e09487f93678fb8688cac6a0905486c969c2ca,1297748005,gnu-time-v1-monotonic-wall,3b11dec50514a8473e9f6efa7a34d584d0657538c09988f61b72d38ad4991a10,development,dev-synthetic-linear,35171a3b38d84c658143e78203683076d07beca32140221055c899b2dcf1cbc5,1,mathsvg,balanced-ablation-no-whole-block-entropy-v1,55f2cfb2e4425a7153decbe4e16c321721a5b66dc23940f14275abf99abeb42a,81128211b782e3a4331d1c5fcd6db21eecf78dc823faab718e7ebe3f2ceeeee8,complete,bf920ab8461c6c60c8cc32db3d853f55655e60793cf7f64068847ad56c2b2e67,afea077ce127d4fa9ad410d3066ba2b54dea19c0b44f04adf56c72d5f7b7a9bb,complete,confirmed,confirmed,confirmed,confirmed,fail,false,compression worse by 258221323 (2916.03%); decompression worse by 8080496 (90.7044%); memory worse by 2842624 (168.039%)
lz4,lz4,balanced,development,datasets/synthetic/linear/s0000065536_n000p000_seed1297748005.bin,65536,541,489,9067248,267076573.5,8924339,16989104,1740800,4534272,true,false,false,false,1,confirmed,true,true,1,file,development-pilot-v2-retry,local-x86-64,x86_64,36f84685dc00064dae9a239face7e8eff797ed28,b1d7dba75560d44d8e234e4205e09487f93678fb8688cac6a0905486c969c2ca,1297748005,gnu-time-v1-monotonic-wall,3b11dec50514a8473e9f6efa7a34d584d0657538c09988f61b72d38ad4991a10,development,dev-synthetic-linear,35171a3b38d84c658143e78203683076d07beca32140221055c899b2dcf1cbc5,1,mathsvg,balanced-ablation-no-whole-block-entropy-v1,55f2cfb2e4425a7153decbe4e16c321721a5b66dc23940f14275abf99abeb42a,81128211b782e3a4331d1c5fcd6db21eecf78dc823faab718e7ebe3f2ceeeee8,complete,56c1b7390551d55bb056da7122b41ac3f7e4459570e4627ac278f7c91d669491,87c0d5d060fd36c685b98a38611b7bd6c4614d40b36d29be84edcd6c173f8160,complete,confirmed,confirmed,confirmed,confirmed,fail,false,compression worse by 258009325.5 (2845.51%); decompression worse by 8064765 (90.3682%); memory worse by 2793472 (160.471%)
raw,raw,balanced,development,datasets/synthetic/linear/s0000065536_n000p000_seed1297748005.bin,65536,65536,489,8875653,267076573.5,8883603.5,16989104,2078720,4534272,true,false,false,false,1,confirmed,true,true,1,file,development-pilot-v2-retry,local-x86-64,x86_64,36f84685dc00064dae9a239face7e8eff797ed28,b1d7dba75560d44d8e234e4205e09487f93678fb8688cac6a0905486c969c2ca,1297748005,gnu-time-v1-monotonic-wall,3b11dec50514a8473e9f6efa7a34d584d0657538c09988f61b72d38ad4991a10,development,dev-synthetic-linear,35171a3b38d84c658143e78203683076d07beca32140221055c899b2dcf1cbc5,1,mathsvg,balanced-ablation-no-whole-block-entropy-v1,55f2cfb2e4425a7153decbe4e16c321721a5b66dc23940f14275abf99abeb42a,81128211b782e3a4331d1c5fcd6db21eecf78dc823faab718e7ebe3f2ceeeee8,complete,deb7b660ce7575981cd7bc749fbec6d9d6b62e2c9a725ba1c8e9c79e304a087a,6187dab32cd7b6291d96c54425a22915a6eeb39add6d95ee9008e1dbba427131,complete,confirmed,confirmed,confirmed,confirmed,fail,false,compression worse by 258200920.5 (2909.09%); decompression worse by 8105500.5 (91.2411%); memory worse by 2455552 (118.128%)
xz-9e,xz-9e,balanced,development,datasets/synthetic/linear/s0000065536_n000p000_seed1297748005.bin,65536,384,489,17009119.5,267076573.5,8990469,16989104,3850240,4534272,false,false,false,false,0,confirmed,true,true,1,file,development-pilot-v2-retry,local-x86-64,x86_64,36f84685dc00064dae9a239face7e8eff797ed28,b1d7dba75560d44d8e234e4205e09487f93678fb8688cac6a0905486c969c2ca,1297748005,gnu-time-v1-monotonic-wall,3b11dec50514a8473e9f6efa7a34d584d0657538c09988f61b72d38ad4991a10,development,dev-synthetic-linear,35171a3b38d84c658143e78203683076d07beca32140221055c899b2dcf1cbc5,1,mathsvg,balanced-ablation-no-whole-block-entropy-v1,55f2cfb2e4425a7153decbe4e16c321721a5b66dc23940f14275abf99abeb42a,81128211b782e3a4331d1c5fcd6db21eecf78dc823faab718e7ebe3f2ceeeee8,complete,1bd3a8a1a914bf55087f30b641adcacaac8d04f2cc5a9c21f3668bf2f6727da6,b5b163eb273291934556377ab883b4b2a5d4da50bd0dc0a91774ecc234ccd8d0,complete,confirmed,confirmed,confirmed,confirmed,fail,false,size worse by 105 (27.3438%); compression worse by 250067454 (1470.2%); decompression worse by 7998635 (88.9679%); memory worse by 684032 (17.766%)
zstd-default,zstd-default,balanced,development,datasets/synthetic/linear/s0000065536_n000p000_seed1297748005.bin,65536,281,489,9060725.5,267076573.5,8989598.5,16989104,2971648,4534272,false,false,false,false,0,confirmed,true,true,1,file,development-pilot-v2-retry,local-x86-64,x86_64,36f84685dc00064dae9a239face7e8eff797ed28,b1d7dba75560d44d8e234e4205e09487f93678fb8688cac6a0905486c969c2ca,1297748005,gnu-time-v1-monotonic-wall,3b11dec50514a8473e9f6efa7a34d584d0657538c09988f61b72d38ad4991a10,development,dev-synthetic-linear,35171a3b38d84c658143e78203683076d07beca32140221055c899b2dcf1cbc5,1,mathsvg,balanced-ablation-no-whole-block-entropy-v1,55f2cfb2e4425a7153decbe4e16c321721a5b66dc23940f14275abf99abeb42a,81128211b782e3a4331d1c5fcd6db21eecf78dc823faab718e7ebe3f2ceeeee8,complete,8afdee0e1fe04f0a9c92a00ebbd438b50004de9dcdf47ce697a89ac0bdae40a5,7c5468b370f7c47eda07281e3437fafc568f95d10420051e3aa522709f9342c5,complete,confirmed,confirmed,confirmed,confirmed,fail,false,size worse by 208 (74.0214%); compression worse by 258015848 (2847.63%); decompression worse by 7999505.5 (88.9862%); memory worse by 1562624 (52.5844%)
gzip-6,gzip-6,balanced,development,datasets/synthetic/linear/s0000065536_n000p000_seed1297748005.bin,65536,597,754,8855250.5,266804748.5,8908608,9743673.5,1691648,4542464,false,false,false,false,0,inconclusive,true,true,1,file,development-pilot-v2-retry,local-x86-64,x86_64,36f84685dc00064dae9a239face7e8eff797ed28,b1d7dba75560d44d8e234e4205e09487f93678fb8688cac6a0905486c969c2ca,1297748005,gnu-time-v1-monotonic-wall,3b11dec50514a8473e9f6efa7a34d584d0657538c09988f61b72d38ad4991a10,development,dev-synthetic-linear,35171a3b38d84c658143e78203683076d07beca32140221055c899b2dcf1cbc5,1,mathsvg,balanced-ablation-no-whole-block-functions-v1,710840e9131cf094172098c985e2b371da66d184263016d59a71a97c9294a733,81128211b782e3a4331d1c5fcd6db21eecf78dc823faab718e7ebe3f2ceeeee8,complete,bf920ab8461c6c60c8cc32db3d853f55655e60793cf7f64068847ad56c2b2e67,afea077ce127d4fa9ad410d3066ba2b54dea19c0b44f04adf56c72d5f7b7a9bb,complete,confirmed,confirmed,inconclusive,confirmed,inconclusive,false,size worse by 157 (26.2982%); compression worse by 257949498 (2912.96%); decompression confidence is inconclusive; decompression point estimate worse by 835065.5 (9.37369%); memory worse by 2850816 (168.523%)
lz4,lz4,balanced,development,datasets/synthetic/linear/s0000065536_n000p000_seed1297748005.bin,65536,541,754,9067248,266804748.5,8924339,9743673.5,1740800,4542464,false,false,false,false,0,inconclusive,true,true,1,file,development-pilot-v2-retry,local-x86-64,x86_64,36f84685dc00064dae9a239face7e8eff797ed28,b1d7dba75560d44d8e234e4205e09487f93678fb8688cac6a0905486c969c2ca,1297748005,gnu-time-v1-monotonic-wall,3b11dec50514a8473e9f6efa7a34d584d0657538c09988f61b72d38ad4991a10,development,dev-synthetic-linear,35171a3b38d84c658143e78203683076d07beca32140221055c899b2dcf1cbc5,1,mathsvg,balanced-ablation-no-whole-block-functions-v1,710840e9131cf094172098c985e2b371da66d184263016d59a71a97c9294a733,81128211b782e3a4331d1c5fcd6db21eecf78dc823faab718e7ebe3f2ceeeee8,complete,56c1b7390551d55bb056da7122b41ac3f7e4459570e4627ac278f7c91d669491,87c0d5d060fd36c685b98a38611b7bd6c4614d40b36d29be84edcd6c173f8160,complete,confirmed,confirmed,inconclusive,confirmed,inconclusive,false,size worse by 213 (39.3715%); compression worse by 257737500.5 (2842.51%); decompression confidence is inconclusive; decompression point estimate worse by 819334.5 (9.1809%); memory worse by 2801664 (160.941%)
raw,raw,balanced,development,datasets/synthetic/linear/s0000065536_n000p000_seed1297748005.bin,65536,65536,754,8875653,266804748.5,8883603.5,9743673.5,2078720,4542464,true,false,false,false,1,inconclusive,true,true,1,file,development-pilot-v2-retry,local-x86-64,x86_64,36f84685dc00064dae9a239face7e8eff797ed28,b1d7dba75560d44d8e234e4205e09487f93678fb8688cac6a0905486c969c2ca,1297748005,gnu-time-v1-monotonic-wall,3b11dec50514a8473e9f6efa7a34d584d0657538c09988f61b72d38ad4991a10,development,dev-synthetic-linear,35171a3b38d84c658143e78203683076d07beca32140221055c899b2dcf1cbc5,1,mathsvg,balanced-ablation-no-whole-block-functions-v1,710840e9131cf094172098c985e2b371da66d184263016d59a71a97c9294a733,81128211b782e3a4331d1c5fcd6db21eecf78dc823faab718e7ebe3f2ceeeee8,complete,deb7b660ce7575981cd7bc749fbec6d9d6b62e2c9a725ba1c8e9c79e304a087a,6187dab32cd7b6291d96c54425a22915a6eeb39add6d95ee9008e1dbba427131,complete,confirmed,confirmed,inconclusive,confirmed,inconclusive,false,compression worse by 257929095.5 (2906.03%); decompression confidence is inconclusive; decompression point estimate worse by 860070 (9.68154%); memory worse by 2463744 (118.522%)
xz-9e,xz-9e,balanced,development,datasets/synthetic/linear/s0000065536_n000p000_seed1297748005.bin,65536,384,754,17009119.5,266804748.5,8990469,9743673.5,3850240,4542464,false,false,false,false,0,inconclusive,true,true,1,file,development-pilot-v2-retry,local-x86-64,x86_64,36f84685dc00064dae9a239face7e8eff797ed28,b1d7dba75560d44d8e234e4205e09487f93678fb8688cac6a0905486c969c2ca,1297748005,gnu-time-v1-monotonic-wall,3b11dec50514a8473e9f6efa7a34d584d0657538c09988f61b72d38ad4991a10,development,dev-synthetic-linear,35171a3b38d84c658143e78203683076d07beca32140221055c899b2dcf1cbc5,1,mathsvg,balanced-ablation-no-whole-block-functions-v1,710840e9131cf094172098c985e2b371da66d184263016d59a71a97c9294a733,81128211b782e3a4331d1c5fcd6db21eecf78dc823faab718e7ebe3f2ceeeee8,complete,1bd3a8a1a914bf55087f30b641adcacaac8d04f2cc5a9c21f3668bf2f6727da6,b5b163eb273291934556377ab883b4b2a5d4da50bd0dc0a91774ecc234ccd8d0,complete,confirmed,confirmed,inconclusive,confirmed,inconclusive,false,size worse by 370 (96.3542%); compression worse by 249795629 (1468.6%); decompression confidence is inconclusive; decompression point estimate worse by 753204.5 (8.37781%); memory worse by 692224 (17.9787%)
zstd-default,zstd-default,balanced,development,datasets/synthetic/linear/s0000065536_n000p000_seed1297748005.bin,65536,281,754,9060725.5,266804748.5,8989598.5,9743673.5,2971648,4542464,false,false,false,false,0,inconclusive,true,true,1,file,development-pilot-v2-retry,local-x86-64,x86_64,36f84685dc00064dae9a239face7e8eff797ed28,b1d7dba75560d44d8e234e4205e09487f93678fb8688cac6a0905486c969c2ca,1297748005,gnu-time-v1-monotonic-wall,3b11dec50514a8473e9f6efa7a34d584d0657538c09988f61b72d38ad4991a10,development,dev-synthetic-linear,35171a3b38d84c658143e78203683076d07beca32140221055c899b2dcf1cbc5,1,mathsvg,balanced-ablation-no-whole-block-functions-v1,710840e9131cf094172098c985e2b371da66d184263016d59a71a97c9294a733,81128211b782e3a4331d1c5fcd6db21eecf78dc823faab718e7ebe3f2ceeeee8,complete,8afdee0e1fe04f0a9c92a00ebbd438b50004de9dcdf47ce697a89ac0bdae40a5,7c5468b370f7c47eda07281e3437fafc568f95d10420051e3aa522709f9342c5,complete,confirmed,confirmed,inconclusive,confirmed,inconclusive,false,size worse by 473 (168.327%); compression worse by 257744023 (2844.63%); decompression confidence is inconclusive; decompression point estimate worse by 754075 (8.38831%); memory worse by 1570816 (52.8601%)
gzip-6,gzip-6,balanced,development,datasets/synthetic/linear/s0000065536_n000p000_seed1297748005.bin,65536,597,489,8855250.5,268000066.5,8908608,17129231,1691648,4487168,true,false,false,false,1,confirmed,true,true,1,file,development-pilot-v2-retry,local-x86-64,x86_64,36f84685dc00064dae9a239face7e8eff797ed28,b1d7dba75560d44d8e234e4205e09487f93678fb8688cac6a0905486c969c2ca,1297748005,gnu-time-v1-monotonic-wall,3b11dec50514a8473e9f6efa7a34d584d0657538c09988f61b72d38ad4991a10,development,dev-synthetic-linear,35171a3b38d84c658143e78203683076d07beca32140221055c899b2dcf1cbc5,1,mathsvg,balanced-v1,b8b432a44db4d5e59ca81df6eaa329ee2a47590fff0448de7f7401ea9595e925,81128211b782e3a4331d1c5fcd6db21eecf78dc823faab718e7ebe3f2ceeeee8,complete,bf920ab8461c6c60c8cc32db3d853f55655e60793cf7f64068847ad56c2b2e67,afea077ce127d4fa9ad410d3066ba2b54dea19c0b44f04adf56c72d5f7b7a9bb,complete,confirmed,confirmed,confirmed,confirmed,fail,false,compression worse by 259144816 (2926.45%); decompression worse by 8220623 (92.2773%); memory worse by 2795520 (165.254%)
lz4,lz4,balanced,development,datasets/synthetic/linear/s0000065536_n000p000_seed1297748005.bin,65536,541,489,9067248,268000066.5,8924339,17129231,1740800,4487168,true,false,false,false,1,confirmed,true,true,1,file,development-pilot-v2-retry,local-x86-64,x86_64,36f84685dc00064dae9a239face7e8eff797ed28,b1d7dba75560d44d8e234e4205e09487f93678fb8688cac6a0905486c969c2ca,1297748005,gnu-time-v1-monotonic-wall,3b11dec50514a8473e9f6efa7a34d584d0657538c09988f61b72d38ad4991a10,development,dev-synthetic-linear,35171a3b38d84c658143e78203683076d07beca32140221055c899b2dcf1cbc5,1,mathsvg,balanced-v1,b8b432a44db4d5e59ca81df6eaa329ee2a47590fff0448de7f7401ea9595e925,81128211b782e3a4331d1c5fcd6db21eecf78dc823faab718e7ebe3f2ceeeee8,complete,56c1b7390551d55bb056da7122b41ac3f7e4459570e4627ac278f7c91d669491,87c0d5d060fd36c685b98a38611b7bd6c4614d40b36d29be84edcd6c173f8160,complete,confirmed,confirmed,confirmed,confirmed,fail,false,compression worse by 258932818.5 (2855.69%); decompression worse by 8204892 (91.9384%); memory worse by 2746368 (157.765%)
raw,raw,balanced,development,datasets/synthetic/linear/s0000065536_n000p000_seed1297748005.bin,65536,65536,489,8875653,268000066.5,8883603.5,17129231,2078720,4487168,true,false,false,false,1,confirmed,true,true,1,file,development-pilot-v2-retry,local-x86-64,x86_64,36f84685dc00064dae9a239face7e8eff797ed28,b1d7dba75560d44d8e234e4205e09487f93678fb8688cac6a0905486c969c2ca,1297748005,gnu-time-v1-monotonic-wall,3b11dec50514a8473e9f6efa7a34d584d0657538c09988f61b72d38ad4991a10,development,dev-synthetic-linear,35171a3b38d84c658143e78203683076d07beca32140221055c899b2dcf1cbc5,1,mathsvg,balanced-v1,b8b432a44db4d5e59ca81df6eaa329ee2a47590fff0448de7f7401ea9595e925,81128211b782e3a4331d1c5fcd6db21eecf78dc823faab718e7ebe3f2ceeeee8,complete,deb7b660ce7575981cd7bc749fbec6d9d6b62e2c9a725ba1c8e9c79e304a087a,6187dab32cd7b6291d96c54425a22915a6eeb39add6d95ee9008e1dbba427131,complete,confirmed,confirmed,confirmed,confirmed,fail,false,compression worse by 259124413.5 (2919.5%); decompression worse by 8245627.5 (92.8185%); memory worse by 2408448 (115.862%)
xz-9e,xz-9e,balanced,development,datasets/synthetic/linear/s0000065536_n000p000_seed1297748005.bin,65536,384,489,17009119.5,268000066.5,8990469,17129231,3850240,4487168,false,false,false,false,0,confirmed,true,true,1,file,development-pilot-v2-retry,local-x86-64,x86_64,36f84685dc00064dae9a239face7e8eff797ed28,b1d7dba75560d44d8e234e4205e09487f93678fb8688cac6a0905486c969c2ca,1297748005,gnu-time-v1-monotonic-wall,3b11dec50514a8473e9f6efa7a34d584d0657538c09988f61b72d38ad4991a10,development,dev-synthetic-linear,35171a3b38d84c658143e78203683076d07beca32140221055c899b2dcf1cbc5,1,mathsvg,balanced-v1,b8b432a44db4d5e59ca81df6eaa329ee2a47590fff0448de7f7401ea9595e925,81128211b782e3a4331d1c5fcd6db21eecf78dc823faab718e7ebe3f2ceeeee8,complete,1bd3a8a1a914bf55087f30b641adcacaac8d04f2cc5a9c21f3668bf2f6727da6,b5b163eb273291934556377ab883b4b2a5d4da50bd0dc0a91774ecc234ccd8d0,complete,confirmed,confirmed,confirmed,confirmed,fail,false,size worse by 105 (27.3438%); compression worse by 250990947 (1475.63%); decompression worse by 8138762 (90.5266%); memory worse by 636928 (16.5426%)
zstd-default,zstd-default,balanced,development,datasets/synthetic/linear/s0000065536_n000p000_seed1297748005.bin,65536,281,489,9060725.5,268000066.5,8989598.5,17129231,2971648,4487168,false,false,false,false,0,confirmed,true,true,1,file,development-pilot-v2-retry,local-x86-64,x86_64,36f84685dc00064dae9a239face7e8eff797ed28,b1d7dba75560d44d8e234e4205e09487f93678fb8688cac6a0905486c969c2ca,1297748005,gnu-time-v1-monotonic-wall,3b11dec50514a8473e9f6efa7a34d584d0657538c09988f61b72d38ad4991a10,development,dev-synthetic-linear,35171a3b38d84c658143e78203683076d07beca32140221055c899b2dcf1cbc5,1,mathsvg,balanced-v1,b8b432a44db4d5e59ca81df6eaa329ee2a47590fff0448de7f7401ea9595e925,81128211b782e3a4331d1c5fcd6db21eecf78dc823faab718e7ebe3f2ceeeee8,complete,8afdee0e1fe04f0a9c92a00ebbd438b50004de9dcdf47ce697a89ac0bdae40a5,7c5468b370f7c47eda07281e3437fafc568f95d10420051e3aa522709f9342c5,complete,confirmed,confirmed,confirmed,confirmed,fail,false,size worse by 208 (74.0214%); compression worse by 258939341 (2857.82%); decompression worse by 8139632.5 (90.545%); memory worse by 1515520 (50.9993%)
gzip-6,gzip-6,fast,development,datasets/synthetic/linear/s0000065536_n000p000_seed1297748005.bin,65536,597,489,8855250.5,166671636.5,8908608,17060525,1691648,5197824,true,false,false,false,1,confirmed,true,true,1,file,development-pilot-v2-retry,local-x86-64,x86_64,36f84685dc00064dae9a239face7e8eff797ed28,b1d7dba75560d44d8e234e4205e09487f93678fb8688cac6a0905486c969c2ca,1297748005,gnu-time-v1-monotonic-wall,3b11dec50514a8473e9f6efa7a34d584d0657538c09988f61b72d38ad4991a10,development,dev-synthetic-linear,35171a3b38d84c658143e78203683076d07beca32140221055c899b2dcf1cbc5,1,mathsvg,fast-ablation-no-coordinate-v1,d7ca26461dd4e013ff9ba35010b5f6f5433079b6b0745758edbcdcc2eebf07cb,81128211b782e3a4331d1c5fcd6db21eecf78dc823faab718e7ebe3f2ceeeee8,complete,bf920ab8461c6c60c8cc32db3d853f55655e60793cf7f64068847ad56c2b2e67,afea077ce127d4fa9ad410d3066ba2b54dea19c0b44f04adf56c72d5f7b7a9bb,complete,confirmed,confirmed,confirmed,confirmed,fail,false,compression worse by 157816386 (1782.18%); decompression worse by 8151917 (91.5061%); memory worse by 3506176 (207.264%)
lz4,lz4,fast,development,datasets/synthetic/linear/s0000065536_n000p000_seed1297748005.bin,65536,541,489,9067248,166671636.5,8924339,17060525,1740800,5197824,true,false,false,false,1,confirmed,true,true,1,file,development-pilot-v2-retry,local-x86-64,x86_64,36f84685dc00064dae9a239face7e8eff797ed28,b1d7dba75560d44d8e234e4205e09487f93678fb8688cac6a0905486c969c2ca,1297748005,gnu-time-v1-monotonic-wall,3b11dec50514a8473e9f6efa7a34d584d0657538c09988f61b72d38ad4991a10,development,dev-synthetic-linear,35171a3b38d84c658143e78203683076d07beca32140221055c899b2dcf1cbc5,1,mathsvg,fast-ablation-no-coordinate-v1,d7ca26461dd4e013ff9ba35010b5f6f5433079b6b0745758edbcdcc2eebf07cb,81128211b782e3a4331d1c5fcd6db21eecf78dc823faab718e7ebe3f2ceeeee8,complete,56c1b7390551d55bb056da7122b41ac3f7e4459570e4627ac278f7c91d669491,87c0d5d060fd36c685b98a38611b7bd6c4614d40b36d29be84edcd6c173f8160,complete,confirmed,confirmed,confirmed,confirmed,fail,false,compression worse by 157604388.5 (1738.17%); decompression worse by 8136186 (91.1685%); memory worse by 3457024 (198.588%)
raw,raw,fast,development,datasets/synthetic/linear/s0000065536_n000p000_seed1297748005.bin,65536,65536,489,8875653,166671636.5,8883603.5,17060525,2078720,5197824,true,false,false,false,1,confirmed,true,true,1,file,development-pilot-v2-retry,local-x86-64,x86_64,36f84685dc00064dae9a239face7e8eff797ed28,b1d7dba75560d44d8e234e4205e09487f93678fb8688cac6a0905486c969c2ca,1297748005,gnu-time-v1-monotonic-wall,3b11dec50514a8473e9f6efa7a34d584d0657538c09988f61b72d38ad4991a10,development,dev-synthetic-linear,35171a3b38d84c658143e78203683076d07beca32140221055c899b2dcf1cbc5,1,mathsvg,fast-ablation-no-coordinate-v1,d7ca26461dd4e013ff9ba35010b5f6f5433079b6b0745758edbcdcc2eebf07cb,81128211b782e3a4331d1c5fcd6db21eecf78dc823faab718e7ebe3f2ceeeee8,complete,deb7b660ce7575981cd7bc749fbec6d9d6b62e2c9a725ba1c8e9c79e304a087a,6187dab32cd7b6291d96c54425a22915a6eeb39add6d95ee9008e1dbba427131,complete,confirmed,confirmed,confirmed,confirmed,fail,false,compression worse by 157795983.5 (1777.85%); decompression worse by 8176921.5 (92.0451%); memory worse by 3119104 (150.049%)
xz-9e,xz-9e,fast,development,datasets/synthetic/linear/s0000065536_n000p000_seed1297748005.bin,65536,384,489,17009119.5,166671636.5,8990469,17060525,3850240,5197824,false,false,false,false,0,confirmed,true,true,1,file,development-pilot-v2-retry,local-x86-64,x86_64,36f84685dc00064dae9a239face7e8eff797ed28,b1d7dba75560d44d8e234e4205e09487f93678fb8688cac6a0905486c969c2ca,1297748005,gnu-time-v1-monotonic-wall,3b11dec50514a8473e9f6efa7a34d584d0657538c09988f61b72d38ad4991a10,development,dev-synthetic-linear,35171a3b38d84c658143e78203683076d07beca32140221055c899b2dcf1cbc5,1,mathsvg,fast-ablation-no-coordinate-v1,d7ca26461dd4e013ff9ba35010b5f6f5433079b6b0745758edbcdcc2eebf07cb,81128211b782e3a4331d1c5fcd6db21eecf78dc823faab718e7ebe3f2ceeeee8,complete,1bd3a8a1a914bf55087f30b641adcacaac8d04f2cc5a9c21f3668bf2f6727da6,b5b163eb273291934556377ab883b4b2a5d4da50bd0dc0a91774ecc234ccd8d0,complete,confirmed,confirmed,confirmed,confirmed,fail,false,size worse by 105 (27.3438%); compression worse by 149662517 (879.896%); decompression worse by 8070056 (89.7623%); memory worse by 1347584 (35%)
zstd-default,zstd-default,fast,development,datasets/synthetic/linear/s0000065536_n000p000_seed1297748005.bin,65536,281,489,9060725.5,166671636.5,8989598.5,17060525,2971648,5197824,false,false,false,false,0,confirmed,true,true,1,file,development-pilot-v2-retry,local-x86-64,x86_64,36f84685dc00064dae9a239face7e8eff797ed28,b1d7dba75560d44d8e234e4205e09487f93678fb8688cac6a0905486c969c2ca,1297748005,gnu-time-v1-monotonic-wall,3b11dec50514a8473e9f6efa7a34d584d0657538c09988f61b72d38ad4991a10,development,dev-synthetic-linear,35171a3b38d84c658143e78203683076d07beca32140221055c899b2dcf1cbc5,1,mathsvg,fast-ablation-no-coordinate-v1,d7ca26461dd4e013ff9ba35010b5f6f5433079b6b0745758edbcdcc2eebf07cb,81128211b782e3a4331d1c5fcd6db21eecf78dc823faab718e7ebe3f2ceeeee8,complete,8afdee0e1fe04f0a9c92a00ebbd438b50004de9dcdf47ce697a89ac0bdae40a5,7c5468b370f7c47eda07281e3437fafc568f95d10420051e3aa522709f9342c5,complete,confirmed,confirmed,confirmed,confirmed,fail,false,size worse by 208 (74.0214%); compression worse by 157610911 (1739.5%); decompression worse by 8070926.5 (89.7807%); memory worse by 2226176 (74.9139%)
gzip-6,gzip-6,fast,development,datasets/synthetic/linear/s0000065536_n000p000_seed1297748005.bin,65536,597,489,8855250.5,165902136,8908608,17043044,1691648,5273600,true,false,false,false,1,confirmed,true,true,1,file,development-pilot-v2-retry,local-x86-64,x86_64,36f84685dc00064dae9a239face7e8eff797ed28,b1d7dba75560d44d8e234e4205e09487f93678fb8688cac6a0905486c969c2ca,1297748005,gnu-time-v1-monotonic-wall,3b11dec50514a8473e9f6efa7a34d584d0657538c09988f61b72d38ad4991a10,development,dev-synthetic-linear,35171a3b38d84c658143e78203683076d07beca32140221055c899b2dcf1cbc5,1,mathsvg,fast-ablation-no-whole-block-entropy-v1,036664ca0567442e358e36e2564fb5b50a5e75619d748ddd5a2fd387db06179b,81128211b782e3a4331d1c5fcd6db21eecf78dc823faab718e7ebe3f2ceeeee8,complete,bf920ab8461c6c60c8cc32db3d853f55655e60793cf7f64068847ad56c2b2e67,afea077ce127d4fa9ad410d3066ba2b54dea19c0b44f04adf56c72d5f7b7a9bb,complete,confirmed,confirmed,confirmed,confirmed,fail,false,compression worse by 157046885.5 (1773.49%); decompression worse by 8134436 (91.3098%); memory worse by 3581952 (211.743%)
lz4,lz4,fast,development,datasets/synthetic/linear/s0000065536_n000p000_seed1297748005.bin,65536,541,489,9067248,165902136,8924339,17043044,1740800,5273600,true,false,false,false,1,confirmed,true,true,1,file,development-pilot-v2-retry,local-x86-64,x86_64,36f84685dc00064dae9a239face7e8eff797ed28,b1d7dba75560d44d8e234e4205e09487f93678fb8688cac6a0905486c969c2ca,1297748005,gnu-time-v1-monotonic-wall,3b11dec50514a8473e9f6efa7a34d584d0657538c09988f61b72d38ad4991a10,development,dev-synthetic-linear,35171a3b38d84c658143e78203683076d07beca32140221055c899b2dcf1cbc5,1,mathsvg,fast-ablation-no-whole-block-entropy-v1,036664ca0567442e358e36e2564fb5b50a5e75619d748ddd5a2fd387db06179b,81128211b782e3a4331d1c5fcd6db21eecf78dc823faab718e7ebe3f2ceeeee8,complete,56c1b7390551d55bb056da7122b41ac3f7e4459570e4627ac278f7c91d669491,87c0d5d060fd36c685b98a38611b7bd6c4614d40b36d29be84edcd6c173f8160,complete,confirmed,confirmed,confirmed,confirmed,fail,false,compression worse by 156834888 (1729.69%); decompression worse by 8118705 (90.9726%); memory worse by 3532800 (202.941%)
raw,raw,fast,development,datasets/synthetic/linear/s0000065536_n000p000_seed1297748005.bin,65536,65536,489,8875653,165902136,8883603.5,17043044,2078720,5273600,true,false,false,false,1,confirmed,true,true,1,file,development-pilot-v2-retry,local-x86-64,x86_64,36f84685dc00064dae9a239face7e8eff797ed28,b1d7dba75560d44d8e234e4205e09487f93678fb8688cac6a0905486c969c2ca,1297748005,gnu-time-v1-monotonic-wall,3b11dec50514a8473e9f6efa7a34d584d0657538c09988f61b72d38ad4991a10,development,dev-synthetic-linear,35171a3b38d84c658143e78203683076d07beca32140221055c899b2dcf1cbc5,1,mathsvg,fast-ablation-no-whole-block-entropy-v1,036664ca0567442e358e36e2564fb5b50a5e75619d748ddd5a2fd387db06179b,81128211b782e3a4331d1c5fcd6db21eecf78dc823faab718e7ebe3f2ceeeee8,complete,deb7b660ce7575981cd7bc749fbec6d9d6b62e2c9a725ba1c8e9c79e304a087a,6187dab32cd7b6291d96c54425a22915a6eeb39add6d95ee9008e1dbba427131,complete,confirmed,confirmed,confirmed,confirmed,fail,false,compression worse by 157026483 (1769.18%); decompression worse by 8159440.5 (91.8483%); memory worse by 3194880 (153.695%)
xz-9e,xz-9e,fast,development,datasets/synthetic/linear/s0000065536_n000p000_seed1297748005.bin,65536,384,489,17009119.5,165902136,8990469,17043044,3850240,5273600,false,false,false,false,0,confirmed,true,true,1,file,development-pilot-v2-retry,local-x86-64,x86_64,36f84685dc00064dae9a239face7e8eff797ed28,b1d7dba75560d44d8e234e4205e09487f93678fb8688cac6a0905486c969c2ca,1297748005,gnu-time-v1-monotonic-wall,3b11dec50514a8473e9f6efa7a34d584d0657538c09988f61b72d38ad4991a10,development,dev-synthetic-linear,35171a3b38d84c658143e78203683076d07beca32140221055c899b2dcf1cbc5,1,mathsvg,fast-ablation-no-whole-block-entropy-v1,036664ca0567442e358e36e2564fb5b50a5e75619d748ddd5a2fd387db06179b,81128211b782e3a4331d1c5fcd6db21eecf78dc823faab718e7ebe3f2ceeeee8,complete,1bd3a8a1a914bf55087f30b641adcacaac8d04f2cc5a9c21f3668bf2f6727da6,b5b163eb273291934556377ab883b4b2a5d4da50bd0dc0a91774ecc234ccd8d0,complete,confirmed,confirmed,confirmed,confirmed,fail,false,size worse by 105 (27.3438%); compression worse by 148893016.5 (875.372%); decompression worse by 8052575 (89.5679%); memory worse by 1423360 (36.9681%)
zstd-default,zstd-default,fast,development,datasets/synthetic/linear/s0000065536_n000p000_seed1297748005.bin,65536,281,489,9060725.5,165902136,8989598.5,17043044,2971648,5273600,false,false,false,false,0,confirmed,true,true,1,file,development-pilot-v2-retry,local-x86-64,x86_64,36f84685dc00064dae9a239face7e8eff797ed28,b1d7dba75560d44d8e234e4205e09487f93678fb8688cac6a0905486c969c2ca,1297748005,gnu-time-v1-monotonic-wall,3b11dec50514a8473e9f6efa7a34d584d0657538c09988f61b72d38ad4991a10,development,dev-synthetic-linear,35171a3b38d84c658143e78203683076d07beca32140221055c899b2dcf1cbc5,1,mathsvg,fast-ablation-no-whole-block-entropy-v1,036664ca0567442e358e36e2564fb5b50a5e75619d748ddd5a2fd387db06179b,81128211b782e3a4331d1c5fcd6db21eecf78dc823faab718e7ebe3f2ceeeee8,complete,8afdee0e1fe04f0a9c92a00ebbd438b50004de9dcdf47ce697a89ac0bdae40a5,7c5468b370f7c47eda07281e3437fafc568f95d10420051e3aa522709f9342c5,complete,confirmed,confirmed,confirmed,confirmed,fail,false,size worse by 208 (74.0214%); compression worse by 156841410.5 (1731%); decompression worse by 8053445.5 (89.5863%); memory worse by 2301952 (77.4638%)
gzip-6,gzip-6,fast,development,datasets/synthetic/linear/s0000065536_n000p000_seed1297748005.bin,65536,597,754,8855250.5,165669616,8908608,10268587.5,1691648,4661248,false,false,false,false,0,inconclusive,true,true,1,file,development-pilot-v2-retry,local-x86-64,x86_64,36f84685dc00064dae9a239face7e8eff797ed28,b1d7dba75560d44d8e234e4205e09487f93678fb8688cac6a0905486c969c2ca,1297748005,gnu-time-v1-monotonic-wall,3b11dec50514a8473e9f6efa7a34d584d0657538c09988f61b72d38ad4991a10,development,dev-synthetic-linear,35171a3b38d84c658143e78203683076d07beca32140221055c899b2dcf1cbc5,1,mathsvg,fast-ablation-no-whole-block-functions-v1,132b5a7df0265df37685fc601c1e0b6bd4ece5c907efc1a75f3a698f2ec4cbe7,81128211b782e3a4331d1c5fcd6db21eecf78dc823faab718e7ebe3f2ceeeee8,complete,bf920ab8461c6c60c8cc32db3d853f55655e60793cf7f64068847ad56c2b2e67,afea077ce127d4fa9ad410d3066ba2b54dea19c0b44f04adf56c72d5f7b7a9bb,complete,confirmed,confirmed,inconclusive,confirmed,inconclusive,false,size worse by 157 (26.2982%); compression worse by 156814365.5 (1770.86%); decompression confidence is inconclusive; decompression point estimate worse by 1359979.5 (15.2659%); memory worse by 2969600 (175.545%)
lz4,lz4,fast,development,datasets/synthetic/linear/s0000065536_n000p000_seed1297748005.bin,65536,541,754,9067248,165669616,8924339,10268587.5,1740800,4661248,false,false,false,false,0,inconclusive,true,true,1,file,development-pilot-v2-retry,local-x86-64,x86_64,36f84685dc00064dae9a239face7e8eff797ed28,b1d7dba75560d44d8e234e4205e09487f93678fb8688cac6a0905486c969c2ca,1297748005,gnu-time-v1-monotonic-wall,3b11dec50514a8473e9f6efa7a34d584d0657538c09988f61b72d38ad4991a10,development,dev-synthetic-linear,35171a3b38d84c658143e78203683076d07beca32140221055c899b2dcf1cbc5,1,mathsvg,fast-ablation-no-whole-block-functions-v1,132b5a7df0265df37685fc601c1e0b6bd4ece5c907efc1a75f3a698f2ec4cbe7,81128211b782e3a4331d1c5fcd6db21eecf78dc823faab718e7ebe3f2ceeeee8,complete,56c1b7390551d55bb056da7122b41ac3f7e4459570e4627ac278f7c91d669491,87c0d5d060fd36c685b98a38611b7bd6c4614d40b36d29be84edcd6c173f8160,complete,confirmed,confirmed,inconclusive,confirmed,inconclusive,false,size worse by 213 (39.3715%); compression worse by 156602368 (1727.12%); decompression confidence is inconclusive; decompression point estimate worse by 1344248.5 (15.0627%); memory worse by 2920448 (167.765%)
raw,raw,fast,development,datasets/synthetic/linear/s0000065536_n000p000_seed1297748005.bin,65536,65536,754,8875653,165669616,8883603.5,10268587.5,2078720,4661248,true,false,false,false,1,inconclusive,true,true,1,file,development-pilot-v2-retry,local-x86-64,x86_64,36f84685dc00064dae9a239face7e8eff797ed28,b1d7dba75560d44d8e234e4205e09487f93678fb8688cac6a0905486c969c2ca,1297748005,gnu-time-v1-monotonic-wall,3b11dec50514a8473e9f6efa7a34d584d0657538c09988f61b72d38ad4991a10,development,dev-synthetic-linear,35171a3b38d84c658143e78203683076d07beca32140221055c899b2dcf1cbc5,1,mathsvg,fast-ablation-no-whole-block-functions-v1,132b5a7df0265df37685fc601c1e0b6bd4ece5c907efc1a75f3a698f2ec4cbe7,81128211b782e3a4331d1c5fcd6db21eecf78dc823faab718e7ebe3f2ceeeee8,complete,deb7b660ce7575981cd7bc749fbec6d9d6b62e2c9a725ba1c8e9c79e304a087a,6187dab32cd7b6291d96c54425a22915a6eeb39add6d95ee9008e1dbba427131,complete,confirmed,confirmed,inconclusive,confirmed,inconclusive,false,compression worse by 156793963 (1766.56%); decompression confidence is inconclusive; decompression point estimate worse by 1384984 (15.5903%); memory worse by 2582528 (124.236%)
xz-9e,xz-9e,fast,development,datasets/synthetic/linear/s0000065536_n000p000_seed1297748005.bin,65536,384,754,17009119.5,165669616,8990469,10268587.5,3850240,4661248,false,false,false,false,0,inconclusive,true,true,1,file,development-pilot-v2-retry,local-x86-64,x86_64,36f84685dc00064dae9a239face7e8eff797ed28,b1d7dba75560d44d8e234e4205e09487f93678fb8688cac6a0905486c969c2ca,1297748005,gnu-time-v1-monotonic-wall,3b11dec50514a8473e9f6efa7a34d584d0657538c09988f61b72d38ad4991a10,development,dev-synthetic-linear,35171a3b38d84c658143e78203683076d07beca32140221055c899b2dcf1cbc5,1,mathsvg,fast-ablation-no-whole-block-functions-v1,132b5a7df0265df37685fc601c1e0b6bd4ece5c907efc1a75f3a698f2ec4cbe7,81128211b782e3a4331d1c5fcd6db21eecf78dc823faab718e7ebe3f2ceeeee8,complete,1bd3a8a1a914bf55087f30b641adcacaac8d04f2cc5a9c21f3668bf2f6727da6,b5b163eb273291934556377ab883b4b2a5d4da50bd0dc0a91774ecc234ccd8d0,complete,confirmed,confirmed,inconclusive,confirmed,inconclusive,false,size worse by 370 (96.3542%); compression worse by 148660496.5 (874.005%); decompression confidence is inconclusive; decompression point estimate worse by 1278118.5 (14.2164%); memory worse by 811008 (21.0638%)
zstd-default,zstd-default,fast,development,datasets/synthetic/linear/s0000065536_n000p000_seed1297748005.bin,65536,281,754,9060725.5,165669616,8989598.5,10268587.5,2971648,4661248,false,false,false,false,0,inconclusive,true,true,1,file,development-pilot-v2-retry,local-x86-64,x86_64,36f84685dc00064dae9a239face7e8eff797ed28,b1d7dba75560d44d8e234e4205e09487f93678fb8688cac6a0905486c969c2ca,1297748005,gnu-time-v1-monotonic-wall,3b11dec50514a8473e9f6efa7a34d584d0657538c09988f61b72d38ad4991a10,development,dev-synthetic-linear,35171a3b38d84c658143e78203683076d07beca32140221055c899b2dcf1cbc5,1,mathsvg,fast-ablation-no-whole-block-functions-v1,132b5a7df0265df37685fc601c1e0b6bd4ece5c907efc1a75f3a698f2ec4cbe7,81128211b782e3a4331d1c5fcd6db21eecf78dc823faab718e7ebe3f2ceeeee8,complete,8afdee0e1fe04f0a9c92a00ebbd438b50004de9dcdf47ce697a89ac0bdae40a5,7c5468b370f7c47eda07281e3437fafc568f95d10420051e3aa522709f9342c5,complete,confirmed,confirmed,inconclusive,confirmed,inconclusive,false,size worse by 473 (168.327%); compression worse by 156608890.5 (1728.44%); decompression confidence is inconclusive; decompression point estimate worse by 1278989 (14.2274%); memory worse by 1689600 (56.8573%)
gzip-6,gzip-6,fast,development,datasets/synthetic/linear/s0000065536_n000p000_seed1297748005.bin,65536,597,489,8855250.5,166096537.5,8908608,17688865,1691648,4737024,true,false,false,false,1,confirmed,true,true,1,file,development-pilot-v2-retry,local-x86-64,x86_64,36f84685dc00064dae9a239face7e8eff797ed28,b1d7dba75560d44d8e234e4205e09487f93678fb8688cac6a0905486c969c2ca,1297748005,gnu-time-v1-monotonic-wall,3b11dec50514a8473e9f6efa7a34d584d0657538c09988f61b72d38ad4991a10,development,dev-synthetic-linear,35171a3b38d84c658143e78203683076d07beca32140221055c899b2dcf1cbc5,1,mathsvg,fast-v1,dbdf165176991179ee1260cc32982768b62a646f6143c7cf178d1c08ffab9184,81128211b782e3a4331d1c5fcd6db21eecf78dc823faab718e7ebe3f2ceeeee8,complete,bf920ab8461c6c60c8cc32db3d853f55655e60793cf7f64068847ad56c2b2e67,afea077ce127d4fa9ad410d3066ba2b54dea19c0b44f04adf56c72d5f7b7a9bb,complete,confirmed,confirmed,confirmed,confirmed,fail,false,compression worse by 157241287 (1775.68%); decompression worse by 8780257 (98.5592%); memory worse by 3045376 (180.024%)
lz4,lz4,fast,development,datasets/synthetic/linear/s0000065536_n000p000_seed1297748005.bin,65536,541,489,9067248,166096537.5,8924339,17688865,1740800,4737024,true,false,false,false,1,confirmed,true,true,1,file,development-pilot-v2-retry,local-x86-64,x86_64,36f84685dc00064dae9a239face7e8eff797ed28,b1d7dba75560d44d8e234e4205e09487f93678fb8688cac6a0905486c969c2ca,1297748005,gnu-time-v1-monotonic-wall,3b11dec50514a8473e9f6efa7a34d584d0657538c09988f61b72d38ad4991a10,development,dev-synthetic-linear,35171a3b38d84c658143e78203683076d07beca32140221055c899b2dcf1cbc5,1,mathsvg,fast-v1,dbdf165176991179ee1260cc32982768b62a646f6143c7cf178d1c08ffab9184,81128211b782e3a4331d1c5fcd6db21eecf78dc823faab718e7ebe3f2ceeeee8,complete,56c1b7390551d55bb056da7122b41ac3f7e4459570e4627ac278f7c91d669491,87c0d5d060fd36c685b98a38611b7bd6c4614d40b36d29be84edcd6c173f8160,complete,confirmed,confirmed,confirmed,confirmed,fail,false,compression worse by 157029289.5 (1731.83%); decompression worse by 8764526 (98.2092%); memory worse by 2996224 (172.118%)
raw,raw,fast,development,datasets/synthetic/linear/s0000065536_n000p000_seed1297748005.bin,65536,65536,489,8875653,166096537.5,8883603.5,17688865,2078720,4737024,true,false,false,false,1,confirmed,true,true,1,file,development-pilot-v2-retry,local-x86-64,x86_64,36f84685dc00064dae9a239face7e8eff797ed28,b1d7dba75560d44d8e234e4205e09487f93678fb8688cac6a0905486c969c2ca,1297748005,gnu-time-v1-monotonic-wall,3b11dec50514a8473e9f6efa7a34d584d0657538c09988f61b72d38ad4991a10,development,dev-synthetic-linear,35171a3b38d84c658143e78203683076d07beca32140221055c899b2dcf1cbc5,1,mathsvg,fast-v1,dbdf165176991179ee1260cc32982768b62a646f6143c7cf178d1c08ffab9184,81128211b782e3a4331d1c5fcd6db21eecf78dc823faab718e7ebe3f2ceeeee8,complete,deb7b660ce7575981cd7bc749fbec6d9d6b62e2c9a725ba1c8e9c79e304a087a,6187dab32cd7b6291d96c54425a22915a6eeb39add6d95ee9008e1dbba427131,complete,confirmed,confirmed,confirmed,confirmed,fail,false,compression worse by 157220884.5 (1771.37%); decompression worse by 8805261.5 (99.1181%); memory worse by 2658304 (127.882%)
xz-9e,xz-9e,fast,development,datasets/synthetic/linear/s0000065536_n000p000_seed1297748005.bin,65536,384,489,17009119.5,166096537.5,8990469,17688865,3850240,4737024,false,false,false,false,0,confirmed,true,true,1,file,development-pilot-v2-retry,local-x86-64,x86_64,36f84685dc00064dae9a239face7e8eff797ed28,b1d7dba75560d44d8e234e4205e09487f93678fb8688cac6a0905486c969c2ca,1297748005,gnu-time-v1-monotonic-wall,3b11dec50514a8473e9f6efa7a34d584d0657538c09988f61b72d38ad4991a10,development,dev-synthetic-linear,35171a3b38d84c658143e78203683076d07beca32140221055c899b2dcf1cbc5,1,mathsvg,fast-v1,dbdf165176991179ee1260cc32982768b62a646f6143c7cf178d1c08ffab9184,81128211b782e3a4331d1c5fcd6db21eecf78dc823faab718e7ebe3f2ceeeee8,complete,1bd3a8a1a914bf55087f30b641adcacaac8d04f2cc5a9c21f3668bf2f6727da6,b5b163eb273291934556377ab883b4b2a5d4da50bd0dc0a91774ecc234ccd8d0,complete,confirmed,confirmed,confirmed,confirmed,fail,false,size worse by 105 (27.3438%); compression worse by 149087418 (876.515%); decompression worse by 8698396 (96.7513%); memory worse by 886784 (23.0319%)
zstd-default,zstd-default,fast,development,datasets/synthetic/linear/s0000065536_n000p000_seed1297748005.bin,65536,281,489,9060725.5,166096537.5,8989598.5,17688865,2971648,4737024,false,false,false,false,0,confirmed,true,true,1,file,development-pilot-v2-retry,local-x86-64,x86_64,36f84685dc00064dae9a239face7e8eff797ed28,b1d7dba75560d44d8e234e4205e09487f93678fb8688cac6a0905486c969c2ca,1297748005,gnu-time-v1-monotonic-wall,3b11dec50514a8473e9f6efa7a34d584d0657538c09988f61b72d38ad4991a10,development,dev-synthetic-linear,35171a3b38d84c658143e78203683076d07beca32140221055c899b2dcf1cbc5,1,mathsvg,fast-v1,dbdf165176991179ee1260cc32982768b62a646f6143c7cf178d1c08ffab9184,81128211b782e3a4331d1c5fcd6db21eecf78dc823faab718e7ebe3f2ceeeee8,complete,8afdee0e1fe04f0a9c92a00ebbd438b50004de9dcdf47ce697a89ac0bdae40a5,7c5468b370f7c47eda07281e3437fafc568f95d10420051e3aa522709f9342c5,complete,confirmed,confirmed,confirmed,confirmed,fail,false,size worse by 208 (74.0214%); compression worse by 157035812 (1733.15%); decompression worse by 8699266.5 (96.7704%); memory worse by 1765376 (59.4073%)
gzip-6,gzip-6,balanced,development,datasets/synthetic/periodic/s0000065536_n000p000_seed1297748005.bin,65536,139,66024,8800296,266423095.5,8671953,17076011,1691648,4700160,false,false,false,false,0,confirmed,true,true,1,file,development-pilot-v2-retry,local-x86-64,x86_64,36f84685dc00064dae9a239face7e8eff797ed28,b1d7dba75560d44d8e234e4205e09487f93678fb8688cac6a0905486c969c2ca,1297748005,gnu-time-v1-monotonic-wall,3b11dec50514a8473e9f6efa7a34d584d0657538c09988f61b72d38ad4991a10,development,dev-synthetic-periodic,742efc49d53b0f51b7a9cdc8afdf6fb69b22e359571f016274fae0b527f1d1c8,1,mathsvg,balanced-ablation-no-whole-block-entropy-v1,55f2cfb2e4425a7153decbe4e16c321721a5b66dc23940f14275abf99abeb42a,81128211b782e3a4331d1c5fcd6db21eecf78dc823faab718e7ebe3f2ceeeee8,complete,bf920ab8461c6c60c8cc32db3d853f55655e60793cf7f64068847ad56c2b2e67,afea077ce127d4fa9ad410d3066ba2b54dea19c0b44f04adf56c72d5f7b7a9bb,complete,confirmed,confirmed,confirmed,confirmed,fail,false,size worse by 65885 (47399.3%); compression worse by 257622799.5 (2927.43%); decompression worse by 8404058 (96.9108%); memory worse by 3008512 (177.845%)
lz4,lz4,balanced,development,datasets/synthetic/periodic/s0000065536_n000p000_seed1297748005.bin,65536,292,66024,9693866,266423095.5,8912050,17076011,1740800,4700160,false,false,false,false,0,confirmed,true,true,1,file,development-pilot-v2-retry,local-x86-64,x86_64,36f84685dc00064dae9a239face7e8eff797ed28,b1d7dba75560d44d8e234e4205e09487f93678fb8688cac6a0905486c969c2ca,1297748005,gnu-time-v1-monotonic-wall,3b11dec50514a8473e9f6efa7a34d584d0657538c09988f61b72d38ad4991a10,development,dev-synthetic-periodic,742efc49d53b0f51b7a9cdc8afdf6fb69b22e359571f016274fae0b527f1d1c8,1,mathsvg,balanced-ablation-no-whole-block-entropy-v1,55f2cfb2e4425a7153decbe4e16c321721a5b66dc23940f14275abf99abeb42a,81128211b782e3a4331d1c5fcd6db21eecf78dc823faab718e7ebe3f2ceeeee8,complete,56c1b7390551d55bb056da7122b41ac3f7e4459570e4627ac278f7c91d669491,87c0d5d060fd36c685b98a38611b7bd6c4614d40b36d29be84edcd6c173f8160,complete,confirmed,confirmed,confirmed,confirmed,fail,false,size worse by 65732 (22511%); compression worse by 256729229.5 (2648.37%); decompression worse by 8163961 (91.6059%); memory worse by 2959360 (170%)
raw,raw,balanced,development,datasets/synthetic/periodic/s0000065536_n000p000_seed1297748005.bin,65536,65536,66024,9074178,266423095.5,8909379,17076011,2099200,4700160,false,false,false,false,0,confirmed,true,true,1,file,development-pilot-v2-retry,local-x86-64,x86_64,36f84685dc00064dae9a239face7e8eff797ed28,b1d7dba75560d44d8e234e4205e09487f93678fb8688cac6a0905486c969c2ca,1297748005,gnu-time-v1-monotonic-wall,3b11dec50514a8473e9f6efa7a34d584d0657538c09988f61b72d38ad4991a10,development,dev-synthetic-periodic,742efc49d53b0f51b7a9cdc8afdf6fb69b22e359571f016274fae0b527f1d1c8,1,mathsvg,balanced-ablation-no-whole-block-entropy-v1,55f2cfb2e4425a7153decbe4e16c321721a5b66dc23940f14275abf99abeb42a,81128211b782e3a4331d1c5fcd6db21eecf78dc823faab718e7ebe3f2ceeeee8,complete,deb7b660ce7575981cd7bc749fbec6d9d6b62e2c9a725ba1c8e9c79e304a087a,6187dab32cd7b6291d96c54425a22915a6eeb39add6d95ee9008e1dbba427131,complete,confirmed,confirmed,confirmed,confirmed,fail,false,size worse by 488 (0.744629%); compression worse by 257348917.5 (2836.06%); decompression worse by 8166632 (91.6633%); memory worse by 2600960 (123.902%)
xz-9e,xz-9e,balanced,development,datasets/synthetic/periodic/s0000065536_n000p000_seed1297748005.bin,65536,148,66024,17011819.5,266423095.5,9017882,17076011,2795520,4700160,false,false,false,false,0,confirmed,true,true,1,file,development-pilot-v2-retry,local-x86-64,x86_64,36f84685dc00064dae9a239face7e8eff797ed28,b1d7dba75560d44d8e234e4205e09487f93678fb8688cac6a0905486c969c2ca,1297748005,gnu-time-v1-monotonic-wall,3b11dec50514a8473e9f6efa7a34d584d0657538c09988f61b72d38ad4991a10,development,dev-synthetic-periodic,742efc49d53b0f51b7a9cdc8afdf6fb69b22e359571f016274fae0b527f1d1c8,1,mathsvg,balanced-ablation-no-whole-block-entropy-v1,55f2cfb2e4425a7153decbe4e16c321721a5b66dc23940f14275abf99abeb42a,81128211b782e3a4331d1c5fcd6db21eecf78dc823faab718e7ebe3f2ceeeee8,complete,1bd3a8a1a914bf55087f30b641adcacaac8d04f2cc5a9c21f3668bf2f6727da6,b5b163eb273291934556377ab883b4b2a5d4da50bd0dc0a91774ecc234ccd8d0,complete,confirmed,confirmed,confirmed,confirmed,fail,false,size worse by 65876 (44510.8%); compression worse by 249411276 (1466.11%); decompression worse by 8058129 (89.3572%); memory worse by 1904640 (68.1319%)
zstd-default,zstd-default,balanced,development,datasets/synthetic/periodic/s0000065536_n000p000_seed1297748005.bin,65536,29,66024,9838793,266423095.5,9257922,17076011,2949120,4700160,false,false,false,false,0,confirmed,true,true,1,file,development-pilot-v2-retry,local-x86-64,x86_64,36f84685dc00064dae9a239face7e8eff797ed28,b1d7dba75560d44d8e234e4205e09487f93678fb8688cac6a0905486c969c2ca,1297748005,gnu-time-v1-monotonic-wall,3b11dec50514a8473e9f6efa7a34d584d0657538c09988f61b72d38ad4991a10,development,dev-synthetic-periodic,742efc49d53b0f51b7a9cdc8afdf6fb69b22e359571f016274fae0b527f1d1c8,1,mathsvg,balanced-ablation-no-whole-block-entropy-v1,55f2cfb2e4425a7153decbe4e16c321721a5b66dc23940f14275abf99abeb42a,81128211b782e3a4331d1c5fcd6db21eecf78dc823faab718e7ebe3f2ceeeee8,complete,8afdee0e1fe04f0a9c92a00ebbd438b50004de9dcdf47ce697a89ac0bdae40a5,7c5468b370f7c47eda07281e3437fafc568f95d10420051e3aa522709f9342c5,complete,confirmed,confirmed,confirmed,confirmed,fail,false,size worse by 65995 (227569%); compression worse by 256584302.5 (2607.88%); decompression worse by 7818089 (84.4476%); memory worse by 1751040 (59.375%)
gzip-6,gzip-6,balanced,development,datasets/synthetic/periodic/s0000065536_n000p000_seed1297748005.bin,65536,139,500,8800296,267205670.5,8671953,10902582,1691648,4405248,false,false,false,false,0,confirmed,true,true,1,file,development-pilot-v2-retry,local-x86-64,x86_64,36f84685dc00064dae9a239face7e8eff797ed28,b1d7dba75560d44d8e234e4205e09487f93678fb8688cac6a0905486c969c2ca,1297748005,gnu-time-v1-monotonic-wall,3b11dec50514a8473e9f6efa7a34d584d0657538c09988f61b72d38ad4991a10,development,dev-synthetic-periodic,742efc49d53b0f51b7a9cdc8afdf6fb69b22e359571f016274fae0b527f1d1c8,1,mathsvg,balanced-ablation-no-whole-block-functions-v1,710840e9131cf094172098c985e2b371da66d184263016d59a71a97c9294a733,81128211b782e3a4331d1c5fcd6db21eecf78dc823faab718e7ebe3f2ceeeee8,complete,bf920ab8461c6c60c8cc32db3d853f55655e60793cf7f64068847ad56c2b2e67,afea077ce127d4fa9ad410d3066ba2b54dea19c0b44f04adf56c72d5f7b7a9bb,complete,confirmed,confirmed,confirmed,confirmed,fail,false,size worse by 361 (259.712%); compression worse by 258405374.5 (2936.33%); decompression worse by 2230629 (25.7223%); memory worse by 2713600 (160.412%)
lz4,lz4,balanced,development,datasets/synthetic/periodic/s0000065536_n000p000_seed1297748005.bin,65536,292,500,9693866,267205670.5,8912050,10902582,1740800,4405248,false,false,false,false,0,confirmed,true,true,1,file,development-pilot-v2-retry,local-x86-64,x86_64,36f84685dc00064dae9a239face7e8eff797ed28,b1d7dba75560d44d8e234e4205e09487f93678fb8688cac6a0905486c969c2ca,1297748005,gnu-time-v1-monotonic-wall,3b11dec50514a8473e9f6efa7a34d584d0657538c09988f61b72d38ad4991a10,development,dev-synthetic-periodic,742efc49d53b0f51b7a9cdc8afdf6fb69b22e359571f016274fae0b527f1d1c8,1,mathsvg,balanced-ablation-no-whole-block-functions-v1,710840e9131cf094172098c985e2b371da66d184263016d59a71a97c9294a733,81128211b782e3a4331d1c5fcd6db21eecf78dc823faab718e7ebe3f2ceeeee8,complete,56c1b7390551d55bb056da7122b41ac3f7e4459570e4627ac278f7c91d669491,87c0d5d060fd36c685b98a38611b7bd6c4614d40b36d29be84edcd6c173f8160,complete,confirmed,confirmed,confirmed,confirmed,fail,false,size worse by 208 (71.2329%); compression worse by 257511804.5 (2656.44%); decompression worse by 1990532 (22.3353%); memory worse by 2664448 (153.059%)
raw,raw,balanced,development,datasets/synthetic/periodic/s0000065536_n000p000_seed1297748005.bin,65536,65536,500,9074178,267205670.5,8909379,10902582,2099200,4405248,true,false,false,false,1,inconclusive,true,true,1,file,development-pilot-v2-retry,local-x86-64,x86_64,36f84685dc00064dae9a239face7e8eff797ed28,b1d7dba75560d44d8e234e4205e09487f93678fb8688cac6a0905486c969c2ca,1297748005,gnu-time-v1-monotonic-wall,3b11dec50514a8473e9f6efa7a34d584d0657538c09988f61b72d38ad4991a10,development,dev-synthetic-periodic,742efc49d53b0f51b7a9cdc8afdf6fb69b22e359571f016274fae0b527f1d1c8,1,mathsvg,balanced-ablation-no-whole-block-functions-v1,710840e9131cf094172098c985e2b371da66d184263016d59a71a97c9294a733,81128211b782e3a4331d1c5fcd6db21eecf78dc823faab718e7ebe3f2ceeeee8,complete,deb7b660ce7575981cd7bc749fbec6d9d6b62e2c9a725ba1c8e9c79e304a087a,6187dab32cd7b6291d96c54425a22915a6eeb39add6d95ee9008e1dbba427131,complete,confirmed,confirmed,inconclusive,confirmed,inconclusive,false,compression worse by 258131492.5 (2844.68%); decompression confidence is inconclusive; decompression point estimate worse by 1993203 (22.372%); memory worse by 2306048 (109.854%)
xz-9e,xz-9e,balanced,development,datasets/synthetic/periodic/s0000065536_n000p000_seed1297748005.bin,65536,148,500,17011819.5,267205670.5,9017882,10902582,2795520,4405248,false,false,false,false,0,inconclusive,true,true,1,file,development-pilot-v2-retry,local-x86-64,x86_64,36f84685dc00064dae9a239face7e8eff797ed28,b1d7dba75560d44d8e234e4205e09487f93678fb8688cac6a0905486c969c2ca,1297748005,gnu-time-v1-monotonic-wall,3b11dec50514a8473e9f6efa7a34d584d0657538c09988f61b72d38ad4991a10,development,dev-synthetic-periodic,742efc49d53b0f51b7a9cdc8afdf6fb69b22e359571f016274fae0b527f1d1c8,1,mathsvg,balanced-ablation-no-whole-block-functions-v1,710840e9131cf094172098c985e2b371da66d184263016d59a71a97c9294a733,81128211b782e3a4331d1c5fcd6db21eecf78dc823faab718e7ebe3f2ceeeee8,complete,1bd3a8a1a914bf55087f30b641adcacaac8d04f2cc5a9c21f3668bf2f6727da6,b5b163eb273291934556377ab883b4b2a5d4da50bd0dc0a91774ecc234ccd8d0,complete,confirmed,confirmed,inconclusive,confirmed,inconclusive,false,size worse by 352 (237.838%); compression worse by 250193851 (1470.71%); decompression confidence is inconclusive; decompression point estimate worse by 1884700 (20.8996%); memory worse by 1609728 (57.5824%)
zstd-default,zstd-default,balanced,development,datasets/synthetic/periodic/s0000065536_n000p000_seed1297748005.bin,65536,29,500,9838793,267205670.5,9257922,10902582,2949120,4405248,false,false,false,false,0,inconclusive,true,true,1,file,development-pilot-v2-retry,local-x86-64,x86_64,36f84685dc00064dae9a239face7e8eff797ed28,b1d7dba75560d44d8e234e4205e09487f93678fb8688cac6a0905486c969c2ca,1297748005,gnu-time-v1-monotonic-wall,3b11dec50514a8473e9f6efa7a34d584d0657538c09988f61b72d38ad4991a10,development,dev-synthetic-periodic,742efc49d53b0f51b7a9cdc8afdf6fb69b22e359571f016274fae0b527f1d1c8,1,mathsvg,balanced-ablation-no-whole-block-functions-v1,710840e9131cf094172098c985e2b371da66d184263016d59a71a97c9294a733,81128211b782e3a4331d1c5fcd6db21eecf78dc823faab718e7ebe3f2ceeeee8,complete,8afdee0e1fe04f0a9c92a00ebbd438b50004de9dcdf47ce697a89ac0bdae40a5,7c5468b370f7c47eda07281e3437fafc568f95d10420051e3aa522709f9342c5,complete,confirmed,confirmed,inconclusive,confirmed,inconclusive,false,size worse by 471 (1624.14%); compression worse by 257366877.5 (2615.84%); decompression confidence is inconclusive; decompression point estimate worse by 1644660 (17.7649%); memory worse by 1456128 (49.375%)
gzip-6,gzip-6,balanced,development,datasets/synthetic/periodic/s0000065536_n000p000_seed1297748005.bin,65536,139,500,8800296,266674175.5,8671953,10577975,1691648,4534272,false,false,false,false,0,inconclusive,true,true,1,file,development-pilot-v2-retry,local-x86-64,x86_64,36f84685dc00064dae9a239face7e8eff797ed28,b1d7dba75560d44d8e234e4205e09487f93678fb8688cac6a0905486c969c2ca,1297748005,gnu-time-v1-monotonic-wall,3b11dec50514a8473e9f6efa7a34d584d0657538c09988f61b72d38ad4991a10,development,dev-synthetic-periodic,742efc49d53b0f51b7a9cdc8afdf6fb69b22e359571f016274fae0b527f1d1c8,1,mathsvg,balanced-v1,b8b432a44db4d5e59ca81df6eaa329ee2a47590fff0448de7f7401ea9595e925,81128211b782e3a4331d1c5fcd6db21eecf78dc823faab718e7ebe3f2ceeeee8,complete,bf920ab8461c6c60c8cc32db3d853f55655e60793cf7f64068847ad56c2b2e67,afea077ce127d4fa9ad410d3066ba2b54dea19c0b44f04adf56c72d5f7b7a9bb,complete,confirmed,confirmed,inconclusive,confirmed,inconclusive,false,size worse by 361 (259.712%); compression worse by 257873879.5 (2930.29%); decompression confidence is inconclusive; decompression point estimate worse by 1906022 (21.9792%); memory worse by 2842624 (168.039%)
lz4,lz4,balanced,development,datasets/synthetic/periodic/s0000065536_n000p000_seed1297748005.bin,65536,292,500,9693866,266674175.5,8912050,10577975,1740800,4534272,false,false,false,false,0,confirmed,true,true,1,file,development-pilot-v2-retry,local-x86-64,x86_64,36f84685dc00064dae9a239face7e8eff797ed28,b1d7dba75560d44d8e234e4205e09487f93678fb8688cac6a0905486c969c2ca,1297748005,gnu-time-v1-monotonic-wall,3b11dec50514a8473e9f6efa7a34d584d0657538c09988f61b72d38ad4991a10,development,dev-synthetic-periodic,742efc49d53b0f51b7a9cdc8afdf6fb69b22e359571f016274fae0b527f1d1c8,1,mathsvg,balanced-v1,b8b432a44db4d5e59ca81df6eaa329ee2a47590fff0448de7f7401ea9595e925,81128211b782e3a4331d1c5fcd6db21eecf78dc823faab718e7ebe3f2ceeeee8,complete,56c1b7390551d55bb056da7122b41ac3f7e4459570e4627ac278f7c91d669491,87c0d5d060fd36c685b98a38611b7bd6c4614d40b36d29be84edcd6c173f8160,complete,confirmed,confirmed,confirmed,confirmed,fail,false,size worse by 208 (71.2329%); compression worse by 256980309.5 (2650.96%); decompression worse by 1665925 (18.6929%); memory worse by 2793472 (160.471%)
raw,raw,balanced,development,datasets/synthetic/periodic/s0000065536_n000p000_seed1297748005.bin,65536,65536,500,9074178,266674175.5,8909379,10577975,2099200,4534272,true,false,false,false,1,inconclusive,true,true,1,file,development-pilot-v2-retry,local-x86-64,x86_64,36f84685dc00064dae9a239face7e8eff797ed28,b1d7dba75560d44d8e234e4205e09487f93678fb8688cac6a0905486c969c2ca,1297748005,gnu-time-v1-monotonic-wall,3b11dec50514a8473e9f6efa7a34d584d0657538c09988f61b72d38ad4991a10,development,dev-synthetic-periodic,742efc49d53b0f51b7a9cdc8afdf6fb69b22e359571f016274fae0b527f1d1c8,1,mathsvg,balanced-v1,b8b432a44db4d5e59ca81df6eaa329ee2a47590fff0448de7f7401ea9595e925,81128211b782e3a4331d1c5fcd6db21eecf78dc823faab718e7ebe3f2ceeeee8,complete,deb7b660ce7575981cd7bc749fbec6d9d6b62e2c9a725ba1c8e9c79e304a087a,6187dab32cd7b6291d96c54425a22915a6eeb39add6d95ee9008e1dbba427131,complete,confirmed,confirmed,inconclusive,confirmed,inconclusive,false,compression worse by 257599997.5 (2838.82%); decompression confidence is inconclusive; decompression point estimate worse by 1668596 (18.7285%); memory worse by 2435072 (116%)
xz-9e,xz-9e,balanced,development,datasets/synthetic/periodic/s0000065536_n000p000_seed1297748005.bin,65536,148,500,17011819.5,266674175.5,9017882,10577975,2795520,4534272,false,false,false,false,0,inconclusive,true,true,1,file,development-pilot-v2-retry,local-x86-64,x86_64,36f84685dc00064dae9a239face7e8eff797ed28,b1d7dba75560d44d8e234e4205e09487f93678fb8688cac6a0905486c969c2ca,1297748005,gnu-time-v1-monotonic-wall,3b11dec50514a8473e9f6efa7a34d584d0657538c09988f61b72d38ad4991a10,development,dev-synthetic-periodic,742efc49d53b0f51b7a9cdc8afdf6fb69b22e359571f016274fae0b527f1d1c8,1,mathsvg,balanced-v1,b8b432a44db4d5e59ca81df6eaa329ee2a47590fff0448de7f7401ea9595e925,81128211b782e3a4331d1c5fcd6db21eecf78dc823faab718e7ebe3f2ceeeee8,complete,1bd3a8a1a914bf55087f30b641adcacaac8d04f2cc5a9c21f3668bf2f6727da6,b5b163eb273291934556377ab883b4b2a5d4da50bd0dc0a91774ecc234ccd8d0,complete,confirmed,confirmed,inconclusive,confirmed,inconclusive,false,size worse by 352 (237.838%); compression worse by 249662356 (1467.58%); decompression confidence is inconclusive; decompression point estimate worse by 1560093 (17.3%); memory worse by 1738752 (62.1978%)
zstd-default,zstd-default,balanced,development,datasets/synthetic/periodic/s0000065536_n000p000_seed1297748005.bin,65536,29,500,9838793,266674175.5,9257922,10577975,2949120,4534272,false,false,false,false,0,inconclusive,true,true,1,file,development-pilot-v2-retry,local-x86-64,x86_64,36f84685dc00064dae9a239face7e8eff797ed28,b1d7dba75560d44d8e234e4205e09487f93678fb8688cac6a0905486c969c2ca,1297748005,gnu-time-v1-monotonic-wall,3b11dec50514a8473e9f6efa7a34d584d0657538c09988f61b72d38ad4991a10,development,dev-synthetic-periodic,742efc49d53b0f51b7a9cdc8afdf6fb69b22e359571f016274fae0b527f1d1c8,1,mathsvg,balanced-v1,b8b432a44db4d5e59ca81df6eaa329ee2a47590fff0448de7f7401ea9595e925,81128211b782e3a4331d1c5fcd6db21eecf78dc823faab718e7ebe3f2ceeeee8,complete,8afdee0e1fe04f0a9c92a00ebbd438b50004de9dcdf47ce697a89ac0bdae40a5,7c5468b370f7c47eda07281e3437fafc568f95d10420051e3aa522709f9342c5,complete,confirmed,confirmed,inconclusive,confirmed,inconclusive,false,size worse by 471 (1624.14%); compression worse by 256835382.5 (2610.44%); decompression confidence is inconclusive; decompression point estimate worse by 1320053 (14.2586%); memory worse by 1585152 (53.75%)
gzip-6,gzip-6,fast,development,datasets/synthetic/periodic/s0000065536_n000p000_seed1297748005.bin,65536,139,500,8800296,115852873,8671953,9026034.5,1691648,4741120,false,false,false,false,0,inconclusive,true,true,1,file,development-pilot-v2-retry,local-x86-64,x86_64,36f84685dc00064dae9a239face7e8eff797ed28,b1d7dba75560d44d8e234e4205e09487f93678fb8688cac6a0905486c969c2ca,1297748005,gnu-time-v1-monotonic-wall,3b11dec50514a8473e9f6efa7a34d584d0657538c09988f61b72d38ad4991a10,development,dev-synthetic-periodic,742efc49d53b0f51b7a9cdc8afdf6fb69b22e359571f016274fae0b527f1d1c8,1,mathsvg,fast-v1,dbdf165176991179ee1260cc32982768b62a646f6143c7cf178d1c08ffab9184,81128211b782e3a4331d1c5fcd6db21eecf78dc823faab718e7ebe3f2ceeeee8,complete,bf920ab8461c6c60c8cc32db3d853f55655e60793cf7f64068847ad56c2b2e67,afea077ce127d4fa9ad410d3066ba2b54dea19c0b44f04adf56c72d5f7b7a9bb,complete,confirmed,confirmed,inconclusive,confirmed,inconclusive,false,size worse by 361 (259.712%); compression worse by 107052577 (1216.47%); decompression confidence is inconclusive; decompression point estimate worse by 354081.5 (4.08307%); memory worse by 3049472 (180.266%)
lz4,lz4,fast,development,datasets/synthetic/periodic/s0000065536_n000p000_seed1297748005.bin,65536,292,500,9693866,115852873,8912050,9026034.5,1740800,4741120,false,false,false,false,0,inconclusive,true,true,1,file,development-pilot-v2-retry,local-x86-64,x86_64,36f84685dc00064dae9a239face7e8eff797ed28,b1d7dba75560d44d8e234e4205e09487f93678fb8688cac6a0905486c969c2ca,1297748005,gnu-time-v1-monotonic-wall,3b11dec50514a8473e9f6efa7a34d584d0657538c09988f61b72d38ad4991a10,development,dev-synthetic-periodic,742efc49d53b0f51b7a9cdc8afdf6fb69b22e359571f016274fae0b527f1d1c8,1,mathsvg,fast-v1,dbdf165176991179ee1260cc32982768b62a646f6143c7cf178d1c08ffab9184,81128211b782e3a4331d1c5fcd6db21eecf78dc823faab718e7ebe3f2ceeeee8,complete,56c1b7390551d55bb056da7122b41ac3f7e4459570e4627ac278f7c91d669491,87c0d5d060fd36c685b98a38611b7bd6c4614d40b36d29be84edcd6c173f8160,complete,confirmed,confirmed,inconclusive,confirmed,inconclusive,false,size worse by 208 (71.2329%); compression worse by 106159007 (1095.12%); decompression confidence is inconclusive; decompression point estimate worse by 113984.5 (1.27899%); memory worse by 3000320 (172.353%)
raw,raw,fast,development,datasets/synthetic/periodic/s0000065536_n000p000_seed1297748005.bin,65536,65536,500,9074178,115852873,8909379,9026034.5,2099200,4741120,true,false,false,false,1,inconclusive,true,true,1,file,development-pilot-v2-retry,local-x86-64,x86_64,36f84685dc00064dae9a239face7e8eff797ed28,b1d7dba75560d44d8e234e4205e09487f93678fb8688cac6a0905486c969c2ca,1297748005,gnu-time-v1-monotonic-wall,3b11dec50514a8473e9f6efa7a34d584d0657538c09988f61b72d38ad4991a10,development,dev-synthetic-periodic,742efc49d53b0f51b7a9cdc8afdf6fb69b22e359571f016274fae0b527f1d1c8,1,mathsvg,fast-v1,dbdf165176991179ee1260cc32982768b62a646f6143c7cf178d1c08ffab9184,81128211b782e3a4331d1c5fcd6db21eecf78dc823faab718e7ebe3f2ceeeee8,complete,deb7b660ce7575981cd7bc749fbec6d9d6b62e2c9a725ba1c8e9c79e304a087a,6187dab32cd7b6291d96c54425a22915a6eeb39add6d95ee9008e1dbba427131,complete,confirmed,confirmed,inconclusive,confirmed,inconclusive,false,compression worse by 106778695 (1176.73%); decompression confidence is inconclusive; decompression point estimate worse by 116655.5 (1.30936%); memory worse by 2641920 (125.854%)
xz-9e,xz-9e,fast,development,datasets/synthetic/periodic/s0000065536_n000p000_seed1297748005.bin,65536,148,500,17011819.5,115852873,9017882,9026034.5,2795520,4741120,false,false,false,false,0,inconclusive,true,true,1,file,development-pilot-v2-retry,local-x86-64,x86_64,36f84685dc00064dae9a239face7e8eff797ed28,b1d7dba75560d44d8e234e4205e09487f93678fb8688cac6a0905486c969c2ca,1297748005,gnu-time-v1-monotonic-wall,3b11dec50514a8473e9f6efa7a34d584d0657538c09988f61b72d38ad4991a10,development,dev-synthetic-periodic,742efc49d53b0f51b7a9cdc8afdf6fb69b22e359571f016274fae0b527f1d1c8,1,mathsvg,fast-v1,dbdf165176991179ee1260cc32982768b62a646f6143c7cf178d1c08ffab9184,81128211b782e3a4331d1c5fcd6db21eecf78dc823faab718e7ebe3f2ceeeee8,complete,1bd3a8a1a914bf55087f30b641adcacaac8d04f2cc5a9c21f3668bf2f6727da6,b5b163eb273291934556377ab883b4b2a5d4da50bd0dc0a91774ecc234ccd8d0,complete,confirmed,confirmed,inconclusive,confirmed,inconclusive,false,size worse by 352 (237.838%); compression worse by 98841053.5 (581.014%); decompression confidence is inconclusive; decompression point estimate worse by 8152.5 (0.0904037%); memory worse by 1945600 (69.5971%)
zstd-default,zstd-default,fast,development,datasets/synthetic/periodic/s0000065536_n000p000_seed1297748005.bin,65536,29,500,9838793,115852873,9257922,9026034.5,2949120,4741120,false,false,true,false,1,inconclusive,true,true,1,file,development-pilot-v2-retry,local-x86-64,x86_64,36f84685dc00064dae9a239face7e8eff797ed28,b1d7dba75560d44d8e234e4205e09487f93678fb8688cac6a0905486c969c2ca,1297748005,gnu-time-v1-monotonic-wall,3b11dec50514a8473e9f6efa7a34d584d0657538c09988f61b72d38ad4991a10,development,dev-synthetic-periodic,742efc49d53b0f51b7a9cdc8afdf6fb69b22e359571f016274fae0b527f1d1c8,1,mathsvg,fast-v1,dbdf165176991179ee1260cc32982768b62a646f6143c7cf178d1c08ffab9184,81128211b782e3a4331d1c5fcd6db21eecf78dc823faab718e7ebe3f2ceeeee8,complete,8afdee0e1fe04f0a9c92a00ebbd438b50004de9dcdf47ce697a89ac0bdae40a5,7c5468b370f7c47eda07281e3437fafc568f95d10420051e3aa522709f9342c5,complete,confirmed,confirmed,inconclusive,confirmed,inconclusive,false,size worse by 471 (1624.14%); compression worse by 106014080 (1077.51%); decompression confidence is inconclusive; memory worse by 1792000 (60.7639%)
gzip-6,gzip-6,balanced,development,datasets/synthetic/piecewise_mixed/s0000065536_n000p000_seed1297748005.bin,65536,12684,13203,9107417.5,317036962,8940739.5,9143347.5,1691648,4677632,false,false,false,false,0,inconclusive,true,true,1,file,development-pilot-v2-retry,local-x86-64,x86_64,36f84685dc00064dae9a239face7e8eff797ed28,b1d7dba75560d44d8e234e4205e09487f93678fb8688cac6a0905486c969c2ca,1297748005,gnu-time-v1-monotonic-wall,3b11dec50514a8473e9f6efa7a34d584d0657538c09988f61b72d38ad4991a10,development,dev-synthetic-piecewise-mixed,38b3dc136b580000e98f02e075e2afc2aaa55e824df172b419522b9d70abe9ea,1,mathsvg,balanced-ablation-no-whole-block-functions-v1,710840e9131cf094172098c985e2b371da66d184263016d59a71a97c9294a733,81128211b782e3a4331d1c5fcd6db21eecf78dc823faab718e7ebe3f2ceeeee8,complete,bf920ab8461c6c60c8cc32db3d853f55655e60793cf7f64068847ad56c2b2e67,afea077ce127d4fa9ad410d3066ba2b54dea19c0b44f04adf56c72d5f7b7a9bb,complete,confirmed,confirmed,inconclusive,confirmed,inconclusive,false,size worse by 519 (4.09177%); compression worse by 307929544.5 (3381.09%); decompression confidence is inconclusive; decompression point estimate worse by 202608 (2.26612%); memory worse by 2985984 (176.513%)
lz4,lz4,balanced,development,datasets/synthetic/piecewise_mixed/s0000065536_n000p000_seed1297748005.bin,65536,13134,13203,8941155.5,317036962,8849658,9143347.5,1740800,4677632,false,false,false,false,0,inconclusive,true,true,1,file,development-pilot-v2-retry,local-x86-64,x86_64,36f84685dc00064dae9a239face7e8eff797ed28,b1d7dba75560d44d8e234e4205e09487f93678fb8688cac6a0905486c969c2ca,1297748005,gnu-time-v1-monotonic-wall,3b11dec50514a8473e9f6efa7a34d584d0657538c09988f61b72d38ad4991a10,development,dev-synthetic-piecewise-mixed,38b3dc136b580000e98f02e075e2afc2aaa55e824df172b419522b9d70abe9ea,1,mathsvg,balanced-ablation-no-whole-block-functions-v1,710840e9131cf094172098c985e2b371da66d184263016d59a71a97c9294a733,81128211b782e3a4331d1c5fcd6db21eecf78dc823faab718e7ebe3f2ceeeee8,complete,56c1b7390551d55bb056da7122b41ac3f7e4459570e4627ac278f7c91d669491,87c0d5d060fd36c685b98a38611b7bd6c4614d40b36d29be84edcd6c173f8160,complete,confirmed,confirmed,inconclusive,confirmed,inconclusive,false,size worse by 69 (0.525354%); compression worse by 308095806.5 (3445.82%); decompression confidence is inconclusive; decompression point estimate worse by 293689.5 (3.31865%); memory worse by 2936832 (168.706%)
raw,raw,balanced,development,datasets/synthetic/piecewise_mixed/s0000065536_n000p000_seed1297748005.bin,65536,65536,13203,8914662.5,317036962,8885075.5,9143347.5,2078720,4677632,true,false,false,false,1,inconclusive,true,true,1,file,development-pilot-v2-retry,local-x86-64,x86_64,36f84685dc00064dae9a239face7e8eff797ed28,b1d7dba75560d44d8e234e4205e09487f93678fb8688cac6a0905486c969c2ca,1297748005,gnu-time-v1-monotonic-wall,3b11dec50514a8473e9f6efa7a34d584d0657538c09988f61b72d38ad4991a10,development,dev-synthetic-piecewise-mixed,38b3dc136b580000e98f02e075e2afc2aaa55e824df172b419522b9d70abe9ea,1,mathsvg,balanced-ablation-no-whole-block-functions-v1,710840e9131cf094172098c985e2b371da66d184263016d59a71a97c9294a733,81128211b782e3a4331d1c5fcd6db21eecf78dc823faab718e7ebe3f2ceeeee8,complete,deb7b660ce7575981cd7bc749fbec6d9d6b62e2c9a725ba1c8e9c79e304a087a,6187dab32cd7b6291d96c54425a22915a6eeb39add6d95ee9008e1dbba427131,complete,confirmed,confirmed,inconclusive,confirmed,inconclusive,false,compression worse by 308122299.5 (3456.35%); decompression confidence is inconclusive; decompression point estimate worse by 258272 (2.90681%); memory worse by 2598912 (125.025%)
xz-9e,xz-9e,balanced,development,datasets/synthetic/piecewise_mixed/s0000065536_n000p000_seed1297748005.bin,65536,12424,13203,116917195.5,317036962,9052735,9143347.5,38453248,4677632,false,false,false,true,1,inconclusive,true,true,1,file,development-pilot-v2-retry,local-x86-64,x86_64,36f84685dc00064dae9a239face7e8eff797ed28,b1d7dba75560d44d8e234e4205e09487f93678fb8688cac6a0905486c969c2ca,1297748005,gnu-time-v1-monotonic-wall,3b11dec50514a8473e9f6efa7a34d584d0657538c09988f61b72d38ad4991a10,development,dev-synthetic-piecewise-mixed,38b3dc136b580000e98f02e075e2afc2aaa55e824df172b419522b9d70abe9ea,1,mathsvg,balanced-ablation-no-whole-block-functions-v1,710840e9131cf094172098c985e2b371da66d184263016d59a71a97c9294a733,81128211b782e3a4331d1c5fcd6db21eecf78dc823faab718e7ebe3f2ceeeee8,complete,1bd3a8a1a914bf55087f30b641adcacaac8d04f2cc5a9c21f3668bf2f6727da6,b5b163eb273291934556377ab883b4b2a5d4da50bd0dc0a91774ecc234ccd8d0,complete,confirmed,confirmed,inconclusive,confirmed,inconclusive,false,size worse by 779 (6.27012%); compression worse by 200119766.5 (171.164%); decompression confidence is inconclusive; decompression point estimate worse by 90612.5 (1.00094%)
zstd-default,zstd-default,balanced,development,datasets/synthetic/piecewise_mixed/s0000065536_n000p000_seed1297748005.bin,65536,12951,13203,8821027.5,317036962,8872362.5,9143347.5,2975744,4677632,false,false,false,false,0,inconclusive,true,true,1,file,development-pilot-v2-retry,local-x86-64,x86_64,36f84685dc00064dae9a239face7e8eff797ed28,b1d7dba75560d44d8e234e4205e09487f93678fb8688cac6a0905486c969c2ca,1297748005,gnu-time-v1-monotonic-wall,3b11dec50514a8473e9f6efa7a34d584d0657538c09988f61b72d38ad4991a10,development,dev-synthetic-piecewise-mixed,38b3dc136b580000e98f02e075e2afc2aaa55e824df172b419522b9d70abe9ea,1,mathsvg,balanced-ablation-no-whole-block-functions-v1,710840e9131cf094172098c985e2b371da66d184263016d59a71a97c9294a733,81128211b782e3a4331d1c5fcd6db21eecf78dc823faab718e7ebe3f2ceeeee8,complete,8afdee0e1fe04f0a9c92a00ebbd438b50004de9dcdf47ce697a89ac0bdae40a5,7c5468b370f7c47eda07281e3437fafc568f95d10420051e3aa522709f9342c5,complete,confirmed,confirmed,inconclusive,confirmed,inconclusive,false,size worse by 252 (1.9458%); compression worse by 308215934.5 (3494.1%); decompression confidence is inconclusive; decompression point estimate worse by 270985 (3.05426%); memory worse by 1701888 (57.192%)
gzip-6,gzip-6,balanced,development,datasets/synthetic/piecewise_mixed/s0000065536_n000p000_seed1297748005.bin,65536,12684,13203,9107417.5,316845838,8940739.5,9468387,1691648,4610048,false,false,false,false,0,inconclusive,true,true,1,file,development-pilot-v2-retry,local-x86-64,x86_64,36f84685dc00064dae9a239face7e8eff797ed28,b1d7dba75560d44d8e234e4205e09487f93678fb8688cac6a0905486c969c2ca,1297748005,gnu-time-v1-monotonic-wall,3b11dec50514a8473e9f6efa7a34d584d0657538c09988f61b72d38ad4991a10,development,dev-synthetic-piecewise-mixed,38b3dc136b580000e98f02e075e2afc2aaa55e824df172b419522b9d70abe9ea,1,mathsvg,balanced-v1,b8b432a44db4d5e59ca81df6eaa329ee2a47590fff0448de7f7401ea9595e925,81128211b782e3a4331d1c5fcd6db21eecf78dc823faab718e7ebe3f2ceeeee8,complete,bf920ab8461c6c60c8cc32db3d853f55655e60793cf7f64068847ad56c2b2e67,afea077ce127d4fa9ad410d3066ba2b54dea19c0b44f04adf56c72d5f7b7a9bb,complete,confirmed,confirmed,inconclusive,confirmed,inconclusive,false,size worse by 519 (4.09177%); compression worse by 307738420.5 (3378.99%); decompression confidence is inconclusive; decompression point estimate worse by 527647.5 (5.90161%); memory worse by 2918400 (172.518%)
lz4,lz4,balanced,development,datasets/synthetic/piecewise_mixed/s0000065536_n000p000_seed1297748005.bin,65536,13134,13203,8941155.5,316845838,8849658,9468387,1740800,4610048,false,false,false,false,0,inconclusive,true,true,1,file,development-pilot-v2-retry,local-x86-64,x86_64,36f84685dc00064dae9a239face7e8eff797ed28,b1d7dba75560d44d8e234e4205e09487f93678fb8688cac6a0905486c969c2ca,1297748005,gnu-time-v1-monotonic-wall,3b11dec50514a8473e9f6efa7a34d584d0657538c09988f61b72d38ad4991a10,development,dev-synthetic-piecewise-mixed,38b3dc136b580000e98f02e075e2afc2aaa55e824df172b419522b9d70abe9ea,1,mathsvg,balanced-v1,b8b432a44db4d5e59ca81df6eaa329ee2a47590fff0448de7f7401ea9595e925,81128211b782e3a4331d1c5fcd6db21eecf78dc823faab718e7ebe3f2ceeeee8,complete,56c1b7390551d55bb056da7122b41ac3f7e4459570e4627ac278f7c91d669491,87c0d5d060fd36c685b98a38611b7bd6c4614d40b36d29be84edcd6c173f8160,complete,confirmed,confirmed,inconclusive,confirmed,inconclusive,false,size worse by 69 (0.525354%); compression worse by 307904682.5 (3443.68%); decompression confidence is inconclusive; decompression point estimate worse by 618729 (6.99156%); memory worse by 2869248 (164.824%)
raw,raw,balanced,development,datasets/synthetic/piecewise_mixed/s0000065536_n000p000_seed1297748005.bin,65536,65536,13203,8914662.5,316845838,8885075.5,9468387,2078720,4610048,true,false,false,false,1,inconclusive,true,true,1,file,development-pilot-v2-retry,local-x86-64,x86_64,36f84685dc00064dae9a239face7e8eff797ed28,b1d7dba75560d44d8e234e4205e09487f93678fb8688cac6a0905486c969c2ca,1297748005,gnu-time-v1-monotonic-wall,3b11dec50514a8473e9f6efa7a34d584d0657538c09988f61b72d38ad4991a10,development,dev-synthetic-piecewise-mixed,38b3dc136b580000e98f02e075e2afc2aaa55e824df172b419522b9d70abe9ea,1,mathsvg,balanced-v1,b8b432a44db4d5e59ca81df6eaa329ee2a47590fff0448de7f7401ea9595e925,81128211b782e3a4331d1c5fcd6db21eecf78dc823faab718e7ebe3f2ceeeee8,complete,deb7b660ce7575981cd7bc749fbec6d9d6b62e2c9a725ba1c8e9c79e304a087a,6187dab32cd7b6291d96c54425a22915a6eeb39add6d95ee9008e1dbba427131,complete,confirmed,confirmed,inconclusive,confirmed,inconclusive,false,compression worse by 307931175.5 (3454.21%); decompression confidence is inconclusive; decompression point estimate worse by 583311.5 (6.56507%); memory worse by 2531328 (121.773%)
xz-9e,xz-9e,balanced,development,datasets/synthetic/piecewise_mixed/s0000065536_n000p000_seed1297748005.bin,65536,12424,13203,116917195.5,316845838,9052735,9468387,38453248,4610048,false,false,false,true,1,inconclusive,true,true,1,file,development-pilot-v2-retry,local-x86-64,x86_64,36f84685dc00064dae9a239face7e8eff797ed28,b1d7dba75560d44d8e234e4205e09487f93678fb8688cac6a0905486c969c2ca,1297748005,gnu-time-v1-monotonic-wall,3b11dec50514a8473e9f6efa7a34d584d0657538c09988f61b72d38ad4991a10,development,dev-synthetic-piecewise-mixed,38b3dc136b580000e98f02e075e2afc2aaa55e824df172b419522b9d70abe9ea,1,mathsvg,balanced-v1,b8b432a44db4d5e59ca81df6eaa329ee2a47590fff0448de7f7401ea9595e925,81128211b782e3a4331d1c5fcd6db21eecf78dc823faab718e7ebe3f2ceeeee8,complete,1bd3a8a1a914bf55087f30b641adcacaac8d04f2cc5a9c21f3668bf2f6727da6,b5b163eb273291934556377ab883b4b2a5d4da50bd0dc0a91774ecc234ccd8d0,complete,confirmed,confirmed,inconclusive,confirmed,inconclusive,false,size worse by 779 (6.27012%); compression worse by 199928642.5 (171%); decompression confidence is inconclusive; decompression point estimate worse by 415652 (4.59145%)
zstd-default,zstd-default,balanced,development,datasets/synthetic/piecewise_mixed/s0000065536_n000p000_seed1297748005.bin,65536,12951,13203,8821027.5,316845838,8872362.5,9468387,2975744,4610048,false,false,false,false,0,inconclusive,true,true,1,file,development-pilot-v2-retry,local-x86-64,x86_64,36f84685dc00064dae9a239face7e8eff797ed28,b1d7dba75560d44d8e234e4205e09487f93678fb8688cac6a0905486c969c2ca,1297748005,gnu-time-v1-monotonic-wall,3b11dec50514a8473e9f6efa7a34d584d0657538c09988f61b72d38ad4991a10,development,dev-synthetic-piecewise-mixed,38b3dc136b580000e98f02e075e2afc2aaa55e824df172b419522b9d70abe9ea,1,mathsvg,balanced-v1,b8b432a44db4d5e59ca81df6eaa329ee2a47590fff0448de7f7401ea9595e925,81128211b782e3a4331d1c5fcd6db21eecf78dc823faab718e7ebe3f2ceeeee8,complete,8afdee0e1fe04f0a9c92a00ebbd438b50004de9dcdf47ce697a89ac0bdae40a5,7c5468b370f7c47eda07281e3437fafc568f95d10420051e3aa522709f9342c5,complete,confirmed,confirmed,inconclusive,confirmed,inconclusive,false,size worse by 252 (1.9458%); compression worse by 308024810.5 (3491.94%); decompression confidence is inconclusive; decompression point estimate worse by 596024.5 (6.71777%); memory worse by 1634304 (54.9209%)
gzip-6,gzip-6,fast,development,datasets/synthetic/piecewise_mixed/s0000065536_n000p000_seed1297748005.bin,65536,12684,13203,9107417.5,166345205,8940739.5,8991033.5,1691648,5283840,false,false,false,false,0,inconclusive,true,true,1,file,development-pilot-v2-retry,local-x86-64,x86_64,36f84685dc00064dae9a239face7e8eff797ed28,b1d7dba75560d44d8e234e4205e09487f93678fb8688cac6a0905486c969c2ca,1297748005,gnu-time-v1-monotonic-wall,3b11dec50514a8473e9f6efa7a34d584d0657538c09988f61b72d38ad4991a10,development,dev-synthetic-piecewise-mixed,38b3dc136b580000e98f02e075e2afc2aaa55e824df172b419522b9d70abe9ea,1,mathsvg,fast-ablation-no-coordinate-v1,d7ca26461dd4e013ff9ba35010b5f6f5433079b6b0745758edbcdcc2eebf07cb,81128211b782e3a4331d1c5fcd6db21eecf78dc823faab718e7ebe3f2ceeeee8,complete,bf920ab8461c6c60c8cc32db3d853f55655e60793cf7f64068847ad56c2b2e67,afea077ce127d4fa9ad410d3066ba2b54dea19c0b44f04adf56c72d5f7b7a9bb,complete,confirmed,confirmed,inconclusive,confirmed,inconclusive,false,size worse by 519 (4.09177%); compression worse by 157237787.5 (1726.48%); decompression confidence is inconclusive; decompression point estimate worse by 50294 (0.562526%); memory worse by 3592192 (212.349%)
lz4,lz4,fast,development,datasets/synthetic/piecewise_mixed/s0000065536_n000p000_seed1297748005.bin,65536,13134,13203,8941155.5,166345205,8849658,8991033.5,1740800,5283840,false,false,false,false,0,inconclusive,true,true,1,file,development-pilot-v2-retry,local-x86-64,x86_64,36f84685dc00064dae9a239face7e8eff797ed28,b1d7dba75560d44d8e234e4205e09487f93678fb8688cac6a0905486c969c2ca,1297748005,gnu-time-v1-monotonic-wall,3b11dec50514a8473e9f6efa7a34d584d0657538c09988f61b72d38ad4991a10,development,dev-synthetic-piecewise-mixed,38b3dc136b580000e98f02e075e2afc2aaa55e824df172b419522b9d70abe9ea,1,mathsvg,fast-ablation-no-coordinate-v1,d7ca26461dd4e013ff9ba35010b5f6f5433079b6b0745758edbcdcc2eebf07cb,81128211b782e3a4331d1c5fcd6db21eecf78dc823faab718e7ebe3f2ceeeee8,complete,56c1b7390551d55bb056da7122b41ac3f7e4459570e4627ac278f7c91d669491,87c0d5d060fd36c685b98a38611b7bd6c4614d40b36d29be84edcd6c173f8160,complete,confirmed,confirmed,inconclusive,confirmed,inconclusive,false,size worse by 69 (0.525354%); compression worse by 157404049.5 (1760.44%); decompression confidence is inconclusive; decompression point estimate worse by 141375.5 (1.59753%); memory worse by 3543040 (203.529%)
raw,raw,fast,development,datasets/synthetic/piecewise_mixed/s0000065536_n000p000_seed1297748005.bin,65536,65536,13203,8914662.5,166345205,8885075.5,8991033.5,2078720,5283840,true,false,false,false,1,inconclusive,true,true,1,file,development-pilot-v2-retry,local-x86-64,x86_64,36f84685dc00064dae9a239face7e8eff797ed28,b1d7dba75560d44d8e234e4205e09487f93678fb8688cac6a0905486c969c2ca,1297748005,gnu-time-v1-monotonic-wall,3b11dec50514a8473e9f6efa7a34d584d0657538c09988f61b72d38ad4991a10,development,dev-synthetic-piecewise-mixed,38b3dc136b580000e98f02e075e2afc2aaa55e824df172b419522b9d70abe9ea,1,mathsvg,fast-ablation-no-coordinate-v1,d7ca26461dd4e013ff9ba35010b5f6f5433079b6b0745758edbcdcc2eebf07cb,81128211b782e3a4331d1c5fcd6db21eecf78dc823faab718e7ebe3f2ceeeee8,complete,deb7b660ce7575981cd7bc749fbec6d9d6b62e2c9a725ba1c8e9c79e304a087a,6187dab32cd7b6291d96c54425a22915a6eeb39add6d95ee9008e1dbba427131,complete,confirmed,confirmed,inconclusive,confirmed,inconclusive,false,compression worse by 157430542.5 (1765.97%); decompression confidence is inconclusive; decompression point estimate worse by 105958 (1.19254%); memory worse by 3205120 (154.187%)
xz-9e,xz-9e,fast,development,datasets/synthetic/piecewise_mixed/s0000065536_n000p000_seed1297748005.bin,65536,12424,13203,116917195.5,166345205,9052735,8991033.5,38453248,5283840,false,false,true,true,2,inconclusive,true,true,1,file,development-pilot-v2-retry,local-x86-64,x86_64,36f84685dc00064dae9a239face7e8eff797ed28,b1d7dba75560d44d8e234e4205e09487f93678fb8688cac6a0905486c969c2ca,1297748005,gnu-time-v1-monotonic-wall,3b11dec50514a8473e9f6efa7a34d584d0657538c09988f61b72d38ad4991a10,development,dev-synthetic-piecewise-mixed,38b3dc136b580000e98f02e075e2afc2aaa55e824df172b419522b9d70abe9ea,1,mathsvg,fast-ablation-no-coordinate-v1,d7ca26461dd4e013ff9ba35010b5f6f5433079b6b0745758edbcdcc2eebf07cb,81128211b782e3a4331d1c5fcd6db21eecf78dc823faab718e7ebe3f2ceeeee8,complete,1bd3a8a1a914bf55087f30b641adcacaac8d04f2cc5a9c21f3668bf2f6727da6,b5b163eb273291934556377ab883b4b2a5d4da50bd0dc0a91774ecc234ccd8d0,complete,confirmed,confirmed,inconclusive,confirmed,inconclusive,false,size worse by 779 (6.27012%); compression worse by 49428009.5 (42.2761%); decompression confidence is inconclusive
zstd-default,zstd-default,fast,development,datasets/synthetic/piecewise_mixed/s0000065536_n000p000_seed1297748005.bin,65536,12951,13203,8821027.5,166345205,8872362.5,8991033.5,2975744,5283840,false,false,false,false,0,inconclusive,true,true,1,file,development-pilot-v2-retry,local-x86-64,x86_64,36f84685dc00064dae9a239face7e8eff797ed28,b1d7dba75560d44d8e234e4205e09487f93678fb8688cac6a0905486c969c2ca,1297748005,gnu-time-v1-monotonic-wall,3b11dec50514a8473e9f6efa7a34d584d0657538c09988f61b72d38ad4991a10,development,dev-synthetic-piecewise-mixed,38b3dc136b580000e98f02e075e2afc2aaa55e824df172b419522b9d70abe9ea,1,mathsvg,fast-ablation-no-coordinate-v1,d7ca26461dd4e013ff9ba35010b5f6f5433079b6b0745758edbcdcc2eebf07cb,81128211b782e3a4331d1c5fcd6db21eecf78dc823faab718e7ebe3f2ceeeee8,complete,8afdee0e1fe04f0a9c92a00ebbd438b50004de9dcdf47ce697a89ac0bdae40a5,7c5468b370f7c47eda07281e3437fafc568f95d10420051e3aa522709f9342c5,complete,confirmed,confirmed,inconclusive,confirmed,inconclusive,false,size worse by 252 (1.9458%); compression worse by 157524177.5 (1785.78%); decompression confidence is inconclusive; decompression point estimate worse by 118671 (1.33754%); memory worse by 2308096 (77.5637%)
gzip-6,gzip-6,fast,development,datasets/synthetic/piecewise_mixed/s0000065536_n000p000_seed1297748005.bin,65536,12684,13203,9107417.5,167041079,8940739.5,9128991,1691648,4761600,false,false,false,false,0,inconclusive,true,true,1,file,development-pilot-v2-retry,local-x86-64,x86_64,36f84685dc00064dae9a239face7e8eff797ed28,b1d7dba75560d44d8e234e4205e09487f93678fb8688cac6a0905486c969c2ca,1297748005,gnu-time-v1-monotonic-wall,3b11dec50514a8473e9f6efa7a34d584d0657538c09988f61b72d38ad4991a10,development,dev-synthetic-piecewise-mixed,38b3dc136b580000e98f02e075e2afc2aaa55e824df172b419522b9d70abe9ea,1,mathsvg,fast-ablation-no-whole-block-functions-v1,132b5a7df0265df37685fc601c1e0b6bd4ece5c907efc1a75f3a698f2ec4cbe7,81128211b782e3a4331d1c5fcd6db21eecf78dc823faab718e7ebe3f2ceeeee8,complete,bf920ab8461c6c60c8cc32db3d853f55655e60793cf7f64068847ad56c2b2e67,afea077ce127d4fa9ad410d3066ba2b54dea19c0b44f04adf56c72d5f7b7a9bb,complete,confirmed,confirmed,inconclusive,confirmed,inconclusive,false,size worse by 519 (4.09177%); compression worse by 157933661.5 (1734.12%); decompression confidence is inconclusive; decompression point estimate worse by 188251.5 (2.10555%); memory worse by 3069952 (181.477%)
lz4,lz4,fast,development,datasets/synthetic/piecewise_mixed/s0000065536_n000p000_seed1297748005.bin,65536,13134,13203,8941155.5,167041079,8849658,9128991,1740800,4761600,false,false,false,false,0,inconclusive,true,true,1,file,development-pilot-v2-retry,local-x86-64,x86_64,36f84685dc00064dae9a239face7e8eff797ed28,b1d7dba75560d44d8e234e4205e09487f93678fb8688cac6a0905486c969c2ca,1297748005,gnu-time-v1-monotonic-wall,3b11dec50514a8473e9f6efa7a34d584d0657538c09988f61b72d38ad4991a10,development,dev-synthetic-piecewise-mixed,38b3dc136b580000e98f02e075e2afc2aaa55e824df172b419522b9d70abe9ea,1,mathsvg,fast-ablation-no-whole-block-functions-v1,132b5a7df0265df37685fc601c1e0b6bd4ece5c907efc1a75f3a698f2ec4cbe7,81128211b782e3a4331d1c5fcd6db21eecf78dc823faab718e7ebe3f2ceeeee8,complete,56c1b7390551d55bb056da7122b41ac3f7e4459570e4627ac278f7c91d669491,87c0d5d060fd36c685b98a38611b7bd6c4614d40b36d29be84edcd6c173f8160,complete,confirmed,confirmed,inconclusive,confirmed,inconclusive,false,size worse by 69 (0.525354%); compression worse by 158099923.5 (1768.23%); decompression confidence is inconclusive; decompression point estimate worse by 279333 (3.15643%); memory worse by 3020800 (173.529%)
raw,raw,fast,development,datasets/synthetic/piecewise_mixed/s0000065536_n000p000_seed1297748005.bin,65536,65536,13203,8914662.5,167041079,8885075.5,9128991,2078720,4761600,true,false,false,false,1,inconclusive,true,true,1,file,development-pilot-v2-retry,local-x86-64,x86_64,36f84685dc00064dae9a239face7e8eff797ed28,b1d7dba75560d44d8e234e4205e09487f93678fb8688cac6a0905486c969c2ca,1297748005,gnu-time-v1-monotonic-wall,3b11dec50514a8473e9f6efa7a34d584d0657538c09988f61b72d38ad4991a10,development,dev-synthetic-piecewise-mixed,38b3dc136b580000e98f02e075e2afc2aaa55e824df172b419522b9d70abe9ea,1,mathsvg,fast-ablation-no-whole-block-functions-v1,132b5a7df0265df37685fc601c1e0b6bd4ece5c907efc1a75f3a698f2ec4cbe7,81128211b782e3a4331d1c5fcd6db21eecf78dc823faab718e7ebe3f2ceeeee8,complete,deb7b660ce7575981cd7bc749fbec6d9d6b62e2c9a725ba1c8e9c79e304a087a,6187dab32cd7b6291d96c54425a22915a6eeb39add6d95ee9008e1dbba427131,complete,confirmed,confirmed,inconclusive,confirmed,inconclusive,false,compression worse by 158126416.5 (1773.78%); decompression confidence is inconclusive; decompression point estimate worse by 243915.5 (2.74523%); memory worse by 2682880 (129.064%)
xz-9e,xz-9e,fast,development,datasets/synthetic/piecewise_mixed/s0000065536_n000p000_seed1297748005.bin,65536,12424,13203,116917195.5,167041079,9052735,9128991,38453248,4761600,false,false,false,true,1,inconclusive,true,true,1,file,development-pilot-v2-retry,local-x86-64,x86_64,36f84685dc00064dae9a239face7e8eff797ed28,b1d7dba75560d44d8e234e4205e09487f93678fb8688cac6a0905486c969c2ca,1297748005,gnu-time-v1-monotonic-wall,3b11dec50514a8473e9f6efa7a34d584d0657538c09988f61b72d38ad4991a10,development,dev-synthetic-piecewise-mixed,38b3dc136b580000e98f02e075e2afc2aaa55e824df172b419522b9d70abe9ea,1,mathsvg,fast-ablation-no-whole-block-functions-v1,132b5a7df0265df37685fc601c1e0b6bd4ece5c907efc1a75f3a698f2ec4cbe7,81128211b782e3a4331d1c5fcd6db21eecf78dc823faab718e7ebe3f2ceeeee8,complete,1bd3a8a1a914bf55087f30b641adcacaac8d04f2cc5a9c21f3668bf2f6727da6,b5b163eb273291934556377ab883b4b2a5d4da50bd0dc0a91774ecc234ccd8d0,complete,confirmed,confirmed,inconclusive,confirmed,inconclusive,false,size worse by 779 (6.27012%); compression worse by 50123883.5 (42.8713%); decompression confidence is inconclusive; decompression point estimate worse by 76256 (0.842353%)
zstd-default,zstd-default,fast,development,datasets/synthetic/piecewise_mixed/s0000065536_n000p000_seed1297748005.bin,65536,12951,13203,8821027.5,167041079,8872362.5,9128991,2975744,4761600,false,false,false,false,0,inconclusive,true,true,1,file,development-pilot-v2-retry,local-x86-64,x86_64,36f84685dc00064dae9a239face7e8eff797ed28,b1d7dba75560d44d8e234e4205e09487f93678fb8688cac6a0905486c969c2ca,1297748005,gnu-time-v1-monotonic-wall,3b11dec50514a8473e9f6efa7a34d584d0657538c09988f61b72d38ad4991a10,development,dev-synthetic-piecewise-mixed,38b3dc136b580000e98f02e075e2afc2aaa55e824df172b419522b9d70abe9ea,1,mathsvg,fast-ablation-no-whole-block-functions-v1,132b5a7df0265df37685fc601c1e0b6bd4ece5c907efc1a75f3a698f2ec4cbe7,81128211b782e3a4331d1c5fcd6db21eecf78dc823faab718e7ebe3f2ceeeee8,complete,8afdee0e1fe04f0a9c92a00ebbd438b50004de9dcdf47ce697a89ac0bdae40a5,7c5468b370f7c47eda07281e3437fafc568f95d10420051e3aa522709f9342c5,complete,confirmed,confirmed,inconclusive,confirmed,inconclusive,false,size worse by 252 (1.9458%); compression worse by 158220051.5 (1793.67%); decompression confidence is inconclusive; decompression point estimate worse by 256628.5 (2.89245%); memory worse by 1785856 (60.0138%)
gzip-6,gzip-6,fast,development,datasets/synthetic/piecewise_mixed/s0000065536_n000p000_seed1297748005.bin,65536,12684,13203,9107417.5,165764987,8940739.5,10387259.5,1691648,4620288,false,false,false,false,0,inconclusive,true,true,1,file,development-pilot-v2-retry,local-x86-64,x86_64,36f84685dc00064dae9a239face7e8eff797ed28,b1d7dba75560d44d8e234e4205e09487f93678fb8688cac6a0905486c969c2ca,1297748005,gnu-time-v1-monotonic-wall,3b11dec50514a8473e9f6efa7a34d584d0657538c09988f61b72d38ad4991a10,development,dev-synthetic-piecewise-mixed,38b3dc136b580000e98f02e075e2afc2aaa55e824df172b419522b9d70abe9ea,1,mathsvg,fast-v1,dbdf165176991179ee1260cc32982768b62a646f6143c7cf178d1c08ffab9184,81128211b782e3a4331d1c5fcd6db21eecf78dc823faab718e7ebe3f2ceeeee8,complete,bf920ab8461c6c60c8cc32db3d853f55655e60793cf7f64068847ad56c2b2e67,afea077ce127d4fa9ad410d3066ba2b54dea19c0b44f04adf56c72d5f7b7a9bb,complete,confirmed,confirmed,inconclusive,confirmed,inconclusive,false,size worse by 519 (4.09177%); compression worse by 156657569.5 (1720.11%); decompression confidence is inconclusive; decompression point estimate worse by 1446520 (16.179%); memory worse by 2928640 (173.123%)
lz4,lz4,fast,development,datasets/synthetic/piecewise_mixed/s0000065536_n000p000_seed1297748005.bin,65536,13134,13203,8941155.5,165764987,8849658,10387259.5,1740800,4620288,false,false,false,false,0,inconclusive,true,true,1,file,development-pilot-v2-retry,local-x86-64,x86_64,36f84685dc00064dae9a239face7e8eff797ed28,b1d7dba75560d44d8e234e4205e09487f93678fb8688cac6a0905486c969c2ca,1297748005,gnu-time-v1-monotonic-wall,3b11dec50514a8473e9f6efa7a34d584d0657538c09988f61b72d38ad4991a10,development,dev-synthetic-piecewise-mixed,38b3dc136b580000e98f02e075e2afc2aaa55e824df172b419522b9d70abe9ea,1,mathsvg,fast-v1,dbdf165176991179ee1260cc32982768b62a646f6143c7cf178d1c08ffab9184,81128211b782e3a4331d1c5fcd6db21eecf78dc823faab718e7ebe3f2ceeeee8,complete,56c1b7390551d55bb056da7122b41ac3f7e4459570e4627ac278f7c91d669491,87c0d5d060fd36c685b98a38611b7bd6c4614d40b36d29be84edcd6c173f8160,complete,confirmed,confirmed,inconclusive,confirmed,inconclusive,false,size worse by 69 (0.525354%); compression worse by 156823831.5 (1753.95%); decompression confidence is inconclusive; decompression point estimate worse by 1537601.5 (17.3747%); memory worse by 2879488 (165.412%)
raw,raw,fast,development,datasets/synthetic/piecewise_mixed/s0000065536_n000p000_seed1297748005.bin,65536,65536,13203,8914662.5,165764987,8885075.5,10387259.5,2078720,4620288,true,false,false,false,1,inconclusive,true,true,1,file,development-pilot-v2-retry,local-x86-64,x86_64,36f84685dc00064dae9a239face7e8eff797ed28,b1d7dba75560d44d8e234e4205e09487f93678fb8688cac6a0905486c969c2ca,1297748005,gnu-time-v1-monotonic-wall,3b11dec50514a8473e9f6efa7a34d584d0657538c09988f61b72d38ad4991a10,development,dev-synthetic-piecewise-mixed,38b3dc136b580000e98f02e075e2afc2aaa55e824df172b419522b9d70abe9ea,1,mathsvg,fast-v1,dbdf165176991179ee1260cc32982768b62a646f6143c7cf178d1c08ffab9184,81128211b782e3a4331d1c5fcd6db21eecf78dc823faab718e7ebe3f2ceeeee8,complete,deb7b660ce7575981cd7bc749fbec6d9d6b62e2c9a725ba1c8e9c79e304a087a,6187dab32cd7b6291d96c54425a22915a6eeb39add6d95ee9008e1dbba427131,complete,confirmed,confirmed,inconclusive,confirmed,inconclusive,false,compression worse by 156850324.5 (1759.46%); decompression confidence is inconclusive; decompression point estimate worse by 1502184 (16.9068%); memory worse by 2541568 (122.266%)
xz-9e,xz-9e,fast,development,datasets/synthetic/piecewise_mixed/s0000065536_n000p000_seed1297748005.bin,65536,12424,13203,116917195.5,165764987,9052735,10387259.5,38453248,4620288,false,false,false,true,1,inconclusive,true,true,1,file,development-pilot-v2-retry,local-x86-64,x86_64,36f84685dc00064dae9a239face7e8eff797ed28,b1d7dba75560d44d8e234e4205e09487f93678fb8688cac6a0905486c969c2ca,1297748005,gnu-time-v1-monotonic-wall,3b11dec50514a8473e9f6efa7a34d584d0657538c09988f61b72d38ad4991a10,development,dev-synthetic-piecewise-mixed,38b3dc136b580000e98f02e075e2afc2aaa55e824df172b419522b9d70abe9ea,1,mathsvg,fast-v1,dbdf165176991179ee1260cc32982768b62a646f6143c7cf178d1c08ffab9184,81128211b782e3a4331d1c5fcd6db21eecf78dc823faab718e7ebe3f2ceeeee8,complete,1bd3a8a1a914bf55087f30b641adcacaac8d04f2cc5a9c21f3668bf2f6727da6,b5b163eb273291934556377ab883b4b2a5d4da50bd0dc0a91774ecc234ccd8d0,complete,confirmed,inconclusive,inconclusive,confirmed,inconclusive,false,size worse by 779 (6.27012%); compression confidence is inconclusive; compression point estimate worse by 48847791.5 (41.7798%); decompression confidence is inconclusive; decompression point estimate worse by 1334524.5 (14.7417%)
zstd-default,zstd-default,fast,development,datasets/synthetic/piecewise_mixed/s0000065536_n000p000_seed1297748005.bin,65536,12951,13203,8821027.5,165764987,8872362.5,10387259.5,2975744,4620288,false,false,false,false,0,inconclusive,true,true,1,file,development-pilot-v2-retry,local-x86-64,x86_64,36f84685dc00064dae9a239face7e8eff797ed28,b1d7dba75560d44d8e234e4205e09487f93678fb8688cac6a0905486c969c2ca,1297748005,gnu-time-v1-monotonic-wall,3b11dec50514a8473e9f6efa7a34d584d0657538c09988f61b72d38ad4991a10,development,dev-synthetic-piecewise-mixed,38b3dc136b580000e98f02e075e2afc2aaa55e824df172b419522b9d70abe9ea,1,mathsvg,fast-v1,dbdf165176991179ee1260cc32982768b62a646f6143c7cf178d1c08ffab9184,81128211b782e3a4331d1c5fcd6db21eecf78dc823faab718e7ebe3f2ceeeee8,complete,8afdee0e1fe04f0a9c92a00ebbd438b50004de9dcdf47ce697a89ac0bdae40a5,7c5468b370f7c47eda07281e3437fafc568f95d10420051e3aa522709f9342c5,complete,confirmed,confirmed,inconclusive,confirmed,inconclusive,false,size worse by 252 (1.9458%); compression worse by 156943959.5 (1779.2%); decompression confidence is inconclusive; decompression point estimate worse by 1514897 (17.0743%); memory worse by 1644544 (55.265%)
gzip-6,gzip-6,balanced,development,datasets/synthetic/polynomial_d2/s0000065536_n000p000_seed1297748005.bin,65536,594,754,8929618,267603674.5,8994255,9055251,1691648,8349696,false,false,false,false,0,inconclusive,true,true,1,file,development-pilot-v2-retry,local-x86-64,x86_64,36f84685dc00064dae9a239face7e8eff797ed28,b1d7dba75560d44d8e234e4205e09487f93678fb8688cac6a0905486c969c2ca,1297748005,gnu-time-v1-monotonic-wall,3b11dec50514a8473e9f6efa7a34d584d0657538c09988f61b72d38ad4991a10,development,dev-synthetic-polynomial-d2,84d3c13eee3f79467573fc92d68af063eeeb786852df80299fe4c5e51659f4e3,1,mathsvg,balanced-ablation-no-coordinate-v1,fb91a9679f353dac71a4fd88cd05cce5491385745b3990bfa054c63ba3a8477f,81128211b782e3a4331d1c5fcd6db21eecf78dc823faab718e7ebe3f2ceeeee8,complete,bf920ab8461c6c60c8cc32db3d853f55655e60793cf7f64068847ad56c2b2e67,afea077ce127d4fa9ad410d3066ba2b54dea19c0b44f04adf56c72d5f7b7a9bb,complete,confirmed,confirmed,inconclusive,confirmed,inconclusive,false,size worse by 160 (26.936%); compression worse by 258674056.5 (2896.81%); decompression confidence is inconclusive; decompression point estimate worse by 60996 (0.678166%); memory worse by 6658048 (393.584%)
lz4,lz4,balanced,development,datasets/synthetic/polynomial_d2/s0000065536_n000p000_seed1297748005.bin,65536,541,754,8945499.5,267603674.5,8805003.5,9055251,1740800,8349696,false,false,false,false,0,inconclusive,true,true,1,file,development-pilot-v2-retry,local-x86-64,x86_64,36f84685dc00064dae9a239face7e8eff797ed28,b1d7dba75560d44d8e234e4205e09487f93678fb8688cac6a0905486c969c2ca,1297748005,gnu-time-v1-monotonic-wall,3b11dec50514a8473e9f6efa7a34d584d0657538c09988f61b72d38ad4991a10,development,dev-synthetic-polynomial-d2,84d3c13eee3f79467573fc92d68af063eeeb786852df80299fe4c5e51659f4e3,1,mathsvg,balanced-ablation-no-coordinate-v1,fb91a9679f353dac71a4fd88cd05cce5491385745b3990bfa054c63ba3a8477f,81128211b782e3a4331d1c5fcd6db21eecf78dc823faab718e7ebe3f2ceeeee8,complete,56c1b7390551d55bb056da7122b41ac3f7e4459570e4627ac278f7c91d669491,87c0d5d060fd36c685b98a38611b7bd6c4614d40b36d29be84edcd6c173f8160,complete,confirmed,confirmed,inconclusive,confirmed,inconclusive,false,size worse by 213 (39.3715%); compression worse by 258658175 (2891.49%); decompression confidence is inconclusive; decompression point estimate worse by 250247.5 (2.84211%); memory worse by 6608896 (379.647%)
raw,raw,balanced,development,datasets/synthetic/polynomial_d2/s0000065536_n000p000_seed1297748005.bin,65536,65536,754,9110815.5,267603674.5,8940169.5,9055251,2088960,8349696,true,false,false,false,1,inconclusive,true,true,1,file,development-pilot-v2-retry,local-x86-64,x86_64,36f84685dc00064dae9a239face7e8eff797ed28,b1d7dba75560d44d8e234e4205e09487f93678fb8688cac6a0905486c969c2ca,1297748005,gnu-time-v1-monotonic-wall,3b11dec50514a8473e9f6efa7a34d584d0657538c09988f61b72d38ad4991a10,development,dev-synthetic-polynomial-d2,84d3c13eee3f79467573fc92d68af063eeeb786852df80299fe4c5e51659f4e3,1,mathsvg,balanced-ablation-no-coordinate-v1,fb91a9679f353dac71a4fd88cd05cce5491385745b3990bfa054c63ba3a8477f,81128211b782e3a4331d1c5fcd6db21eecf78dc823faab718e7ebe3f2ceeeee8,complete,deb7b660ce7575981cd7bc749fbec6d9d6b62e2c9a725ba1c8e9c79e304a087a,6187dab32cd7b6291d96c54425a22915a6eeb39add6d95ee9008e1dbba427131,complete,confirmed,confirmed,inconclusive,confirmed,inconclusive,false,compression worse by 258492859 (2837.21%); decompression confidence is inconclusive; decompression point estimate worse by 115081.5 (1.28724%); memory worse by 6260736 (299.706%)
xz-9e,xz-9e,balanced,development,datasets/synthetic/polynomial_d2/s0000065536_n000p000_seed1297748005.bin,65536,412,754,17132445.5,267603674.5,8981886.5,9055251,3981312,8349696,false,false,false,false,0,inconclusive,true,true,1,file,development-pilot-v2-retry,local-x86-64,x86_64,36f84685dc00064dae9a239face7e8eff797ed28,b1d7dba75560d44d8e234e4205e09487f93678fb8688cac6a0905486c969c2ca,1297748005,gnu-time-v1-monotonic-wall,3b11dec50514a8473e9f6efa7a34d584d0657538c09988f61b72d38ad4991a10,development,dev-synthetic-polynomial-d2,84d3c13eee3f79467573fc92d68af063eeeb786852df80299fe4c5e51659f4e3,1,mathsvg,balanced-ablation-no-coordinate-v1,fb91a9679f353dac71a4fd88cd05cce5491385745b3990bfa054c63ba3a8477f,81128211b782e3a4331d1c5fcd6db21eecf78dc823faab718e7ebe3f2ceeeee8,complete,1bd3a8a1a914bf55087f30b641adcacaac8d04f2cc5a9c21f3668bf2f6727da6,b5b163eb273291934556377ab883b4b2a5d4da50bd0dc0a91774ecc234ccd8d0,complete,confirmed,confirmed,inconclusive,confirmed,inconclusive,false,size worse by 342 (83.0097%); compression worse by 250471229 (1461.97%); decompression confidence is inconclusive; decompression point estimate worse by 73364.5 (0.816805%); memory worse by 4368384 (109.722%)
zstd-default,zstd-default,balanced,development,datasets/synthetic/polynomial_d2/s0000065536_n000p000_seed1297748005.bin,65536,281,754,8848684.5,267603674.5,8889833.5,9055251,2928640,8349696,false,false,false,false,0,inconclusive,true,true,1,file,development-pilot-v2-retry,local-x86-64,x86_64,36f84685dc00064dae9a239face7e8eff797ed28,b1d7dba75560d44d8e234e4205e09487f93678fb8688cac6a0905486c969c2ca,1297748005,gnu-time-v1-monotonic-wall,3b11dec50514a8473e9f6efa7a34d584d0657538c09988f61b72d38ad4991a10,development,dev-synthetic-polynomial-d2,84d3c13eee3f79467573fc92d68af063eeeb786852df80299fe4c5e51659f4e3,1,mathsvg,balanced-ablation-no-coordinate-v1,fb91a9679f353dac71a4fd88cd05cce5491385745b3990bfa054c63ba3a8477f,81128211b782e3a4331d1c5fcd6db21eecf78dc823faab718e7ebe3f2ceeeee8,complete,8afdee0e1fe04f0a9c92a00ebbd438b50004de9dcdf47ce697a89ac0bdae40a5,7c5468b370f7c47eda07281e3437fafc568f95d10420051e3aa522709f9342c5,complete,confirmed,confirmed,inconclusive,confirmed,inconclusive,false,size worse by 473 (168.327%); compression worse by 258754990 (2924.22%); decompression confidence is inconclusive; decompression point estimate worse by 165417.5 (1.86075%); memory worse by 5421056 (185.105%)
gzip-6,gzip-6,balanced,development,datasets/synthetic/polynomial_d2/s0000065536_n000p000_seed1297748005.bin,65536,594,754,8929618,216230331.5,8994255,11563434.5,1691648,4397056,false,false,false,false,0,confirmed,true,true,1,file,development-pilot-v2-retry,local-x86-64,x86_64,36f84685dc00064dae9a239face7e8eff797ed28,b1d7dba75560d44d8e234e4205e09487f93678fb8688cac6a0905486c969c2ca,1297748005,gnu-time-v1-monotonic-wall,3b11dec50514a8473e9f6efa7a34d584d0657538c09988f61b72d38ad4991a10,development,dev-synthetic-polynomial-d2,84d3c13eee3f79467573fc92d68af063eeeb786852df80299fe4c5e51659f4e3,1,mathsvg,balanced-ablation-no-whole-block-functions-v1,710840e9131cf094172098c985e2b371da66d184263016d59a71a97c9294a733,81128211b782e3a4331d1c5fcd6db21eecf78dc823faab718e7ebe3f2ceeeee8,complete,bf920ab8461c6c60c8cc32db3d853f55655e60793cf7f64068847ad56c2b2e67,afea077ce127d4fa9ad410d3066ba2b54dea19c0b44f04adf56c72d5f7b7a9bb,complete,confirmed,confirmed,confirmed,confirmed,fail,false,size worse by 160 (26.936%); compression worse by 207300713.5 (2321.5%); decompression worse by 2569179.5 (28.5647%); memory worse by 2705408 (159.927%)
lz4,lz4,balanced,development,datasets/synthetic/polynomial_d2/s0000065536_n000p000_seed1297748005.bin,65536,541,754,8945499.5,216230331.5,8805003.5,11563434.5,1740800,4397056,false,false,false,false,0,confirmed,true,true,1,file,development-pilot-v2-retry,local-x86-64,x86_64,36f84685dc00064dae9a239face7e8eff797ed28,b1d7dba75560d44d8e234e4205e09487f93678fb8688cac6a0905486c969c2ca,1297748005,gnu-time-v1-monotonic-wall,3b11dec50514a8473e9f6efa7a34d584d0657538c09988f61b72d38ad4991a10,development,dev-synthetic-polynomial-d2,84d3c13eee3f79467573fc92d68af063eeeb786852df80299fe4c5e51659f4e3,1,mathsvg,balanced-ablation-no-whole-block-functions-v1,710840e9131cf094172098c985e2b371da66d184263016d59a71a97c9294a733,81128211b782e3a4331d1c5fcd6db21eecf78dc823faab718e7ebe3f2ceeeee8,complete,56c1b7390551d55bb056da7122b41ac3f7e4459570e4627ac278f7c91d669491,87c0d5d060fd36c685b98a38611b7bd6c4614d40b36d29be84edcd6c173f8160,complete,confirmed,confirmed,confirmed,confirmed,fail,false,size worse by 213 (39.3715%); compression worse by 207284832 (2317.2%); decompression worse by 2758431 (31.328%); memory worse by 2656256 (152.588%)
raw,raw,balanced,development,datasets/synthetic/polynomial_d2/s0000065536_n000p000_seed1297748005.bin,65536,65536,754,9110815.5,216230331.5,8940169.5,11563434.5,2088960,4397056,true,false,false,false,1,confirmed,true,true,1,file,development-pilot-v2-retry,local-x86-64,x86_64,36f84685dc00064dae9a239face7e8eff797ed28,b1d7dba75560d44d8e234e4205e09487f93678fb8688cac6a0905486c969c2ca,1297748005,gnu-time-v1-monotonic-wall,3b11dec50514a8473e9f6efa7a34d584d0657538c09988f61b72d38ad4991a10,development,dev-synthetic-polynomial-d2,84d3c13eee3f79467573fc92d68af063eeeb786852df80299fe4c5e51659f4e3,1,mathsvg,balanced-ablation-no-whole-block-functions-v1,710840e9131cf094172098c985e2b371da66d184263016d59a71a97c9294a733,81128211b782e3a4331d1c5fcd6db21eecf78dc823faab718e7ebe3f2ceeeee8,complete,deb7b660ce7575981cd7bc749fbec6d9d6b62e2c9a725ba1c8e9c79e304a087a,6187dab32cd7b6291d96c54425a22915a6eeb39add6d95ee9008e1dbba427131,complete,confirmed,confirmed,confirmed,confirmed,fail,false,compression worse by 207119516 (2273.34%); decompression worse by 2623265 (29.3425%); memory worse by 2308096 (110.49%)
xz-9e,xz-9e,balanced,development,datasets/synthetic/polynomial_d2/s0000065536_n000p000_seed1297748005.bin,65536,412,754,17132445.5,216230331.5,8981886.5,11563434.5,3981312,4397056,false,false,false,false,0,inconclusive,true,true,1,file,development-pilot-v2-retry,local-x86-64,x86_64,36f84685dc00064dae9a239face7e8eff797ed28,b1d7dba75560d44d8e234e4205e09487f93678fb8688cac6a0905486c969c2ca,1297748005,gnu-time-v1-monotonic-wall,3b11dec50514a8473e9f6efa7a34d584d0657538c09988f61b72d38ad4991a10,development,dev-synthetic-polynomial-d2,84d3c13eee3f79467573fc92d68af063eeeb786852df80299fe4c5e51659f4e3,1,mathsvg,balanced-ablation-no-whole-block-functions-v1,710840e9131cf094172098c985e2b371da66d184263016d59a71a97c9294a733,81128211b782e3a4331d1c5fcd6db21eecf78dc823faab718e7ebe3f2ceeeee8,complete,1bd3a8a1a914bf55087f30b641adcacaac8d04f2cc5a9c21f3668bf2f6727da6,b5b163eb273291934556377ab883b4b2a5d4da50bd0dc0a91774ecc234ccd8d0,complete,confirmed,confirmed,inconclusive,confirmed,inconclusive,false,size worse by 342 (83.0097%); compression worse by 199097886 (1162.11%); decompression confidence is inconclusive; decompression point estimate worse by 2581548 (28.7417%); memory worse by 415744 (10.4424%)
zstd-default,zstd-default,balanced,development,datasets/synthetic/polynomial_d2/s0000065536_n000p000_seed1297748005.bin,65536,281,754,8848684.5,216230331.5,8889833.5,11563434.5,2928640,4397056,false,false,false,false,0,inconclusive,true,true,1,file,development-pilot-v2-retry,local-x86-64,x86_64,36f84685dc00064dae9a239face7e8eff797ed28,b1d7dba75560d44d8e234e4205e09487f93678fb8688cac6a0905486c969c2ca,1297748005,gnu-time-v1-monotonic-wall,3b11dec50514a8473e9f6efa7a34d584d0657538c09988f61b72d38ad4991a10,development,dev-synthetic-polynomial-d2,84d3c13eee3f79467573fc92d68af063eeeb786852df80299fe4c5e51659f4e3,1,mathsvg,balanced-ablation-no-whole-block-functions-v1,710840e9131cf094172098c985e2b371da66d184263016d59a71a97c9294a733,81128211b782e3a4331d1c5fcd6db21eecf78dc823faab718e7ebe3f2ceeeee8,complete,8afdee0e1fe04f0a9c92a00ebbd438b50004de9dcdf47ce697a89ac0bdae40a5,7c5468b370f7c47eda07281e3437fafc568f95d10420051e3aa522709f9342c5,complete,confirmed,confirmed,inconclusive,confirmed,inconclusive,false,size worse by 473 (168.327%); compression worse by 207381647 (2343.64%); decompression confidence is inconclusive; decompression point estimate worse by 2673601 (30.0748%); memory worse by 1468416 (50.1399%)
gzip-6,gzip-6,balanced,development,datasets/synthetic/polynomial_d2/s0000065536_n000p000_seed1297748005.bin,65536,594,754,8929618,216728931.5,8994255,9547195,1691648,4585472,false,false,false,false,0,inconclusive,true,true,1,file,development-pilot-v2-retry,local-x86-64,x86_64,36f84685dc00064dae9a239face7e8eff797ed28,b1d7dba75560d44d8e234e4205e09487f93678fb8688cac6a0905486c969c2ca,1297748005,gnu-time-v1-monotonic-wall,3b11dec50514a8473e9f6efa7a34d584d0657538c09988f61b72d38ad4991a10,development,dev-synthetic-polynomial-d2,84d3c13eee3f79467573fc92d68af063eeeb786852df80299fe4c5e51659f4e3,1,mathsvg,balanced-v1,b8b432a44db4d5e59ca81df6eaa329ee2a47590fff0448de7f7401ea9595e925,81128211b782e3a4331d1c5fcd6db21eecf78dc823faab718e7ebe3f2ceeeee8,complete,bf920ab8461c6c60c8cc32db3d853f55655e60793cf7f64068847ad56c2b2e67,afea077ce127d4fa9ad410d3066ba2b54dea19c0b44f04adf56c72d5f7b7a9bb,complete,confirmed,confirmed,inconclusive,confirmed,inconclusive,false,size worse by 160 (26.936%); compression worse by 207799313.5 (2327.08%); decompression confidence is inconclusive; decompression point estimate worse by 552940 (6.1477%); memory worse by 2893824 (171.065%)
lz4,lz4,balanced,development,datasets/synthetic/polynomial_d2/s0000065536_n000p000_seed1297748005.bin,65536,541,754,8945499.5,216728931.5,8805003.5,9547195,1740800,4585472,false,false,false,false,0,inconclusive,true,true,1,file,development-pilot-v2-retry,local-x86-64,x86_64,36f84685dc00064dae9a239face7e8eff797ed28,b1d7dba75560d44d8e234e4205e09487f93678fb8688cac6a0905486c969c2ca,1297748005,gnu-time-v1-monotonic-wall,3b11dec50514a8473e9f6efa7a34d584d0657538c09988f61b72d38ad4991a10,development,dev-synthetic-polynomial-d2,84d3c13eee3f79467573fc92d68af063eeeb786852df80299fe4c5e51659f4e3,1,mathsvg,balanced-v1,b8b432a44db4d5e59ca81df6eaa329ee2a47590fff0448de7f7401ea9595e925,81128211b782e3a4331d1c5fcd6db21eecf78dc823faab718e7ebe3f2ceeeee8,complete,56c1b7390551d55bb056da7122b41ac3f7e4459570e4627ac278f7c91d669491,87c0d5d060fd36c685b98a38611b7bd6c4614d40b36d29be84edcd6c173f8160,complete,confirmed,confirmed,inconclusive,confirmed,inconclusive,false,size worse by 213 (39.3715%); compression worse by 207783432 (2322.77%); decompression confidence is inconclusive; decompression point estimate worse by 742191.5 (8.4292%); memory worse by 2844672 (163.412%)
raw,raw,balanced,development,datasets/synthetic/polynomial_d2/s0000065536_n000p000_seed1297748005.bin,65536,65536,754,9110815.5,216728931.5,8940169.5,9547195,2088960,4585472,true,false,false,false,1,inconclusive,true,true,1,file,development-pilot-v2-retry,local-x86-64,x86_64,36f84685dc00064dae9a239face7e8eff797ed28,b1d7dba75560d44d8e234e4205e09487f93678fb8688cac6a0905486c969c2ca,1297748005,gnu-time-v1-monotonic-wall,3b11dec50514a8473e9f6efa7a34d584d0657538c09988f61b72d38ad4991a10,development,dev-synthetic-polynomial-d2,84d3c13eee3f79467573fc92d68af063eeeb786852df80299fe4c5e51659f4e3,1,mathsvg,balanced-v1,b8b432a44db4d5e59ca81df6eaa329ee2a47590fff0448de7f7401ea9595e925,81128211b782e3a4331d1c5fcd6db21eecf78dc823faab718e7ebe3f2ceeeee8,complete,deb7b660ce7575981cd7bc749fbec6d9d6b62e2c9a725ba1c8e9c79e304a087a,6187dab32cd7b6291d96c54425a22915a6eeb39add6d95ee9008e1dbba427131,complete,confirmed,confirmed,inconclusive,confirmed,inconclusive,false,compression worse by 207618116 (2278.81%); decompression confidence is inconclusive; decompression point estimate worse by 607025.5 (6.78987%); memory worse by 2496512 (119.51%)
xz-9e,xz-9e,balanced,development,datasets/synthetic/polynomial_d2/s0000065536_n000p000_seed1297748005.bin,65536,412,754,17132445.5,216728931.5,8981886.5,9547195,3981312,4585472,false,false,false,false,0,inconclusive,true,true,1,file,development-pilot-v2-retry,local-x86-64,x86_64,36f84685dc00064dae9a239face7e8eff797ed28,b1d7dba75560d44d8e234e4205e09487f93678fb8688cac6a0905486c969c2ca,1297748005,gnu-time-v1-monotonic-wall,3b11dec50514a8473e9f6efa7a34d584d0657538c09988f61b72d38ad4991a10,development,dev-synthetic-polynomial-d2,84d3c13eee3f79467573fc92d68af063eeeb786852df80299fe4c5e51659f4e3,1,mathsvg,balanced-v1,b8b432a44db4d5e59ca81df6eaa329ee2a47590fff0448de7f7401ea9595e925,81128211b782e3a4331d1c5fcd6db21eecf78dc823faab718e7ebe3f2ceeeee8,complete,1bd3a8a1a914bf55087f30b641adcacaac8d04f2cc5a9c21f3668bf2f6727da6,b5b163eb273291934556377ab883b4b2a5d4da50bd0dc0a91774ecc234ccd8d0,complete,confirmed,confirmed,inconclusive,confirmed,inconclusive,false,size worse by 342 (83.0097%); compression worse by 199596486 (1165.02%); decompression confidence is inconclusive; decompression point estimate worse by 565308.5 (6.29387%); memory worse by 604160 (15.1749%)
zstd-default,zstd-default,balanced,development,datasets/synthetic/polynomial_d2/s0000065536_n000p000_seed1297748005.bin,65536,281,754,8848684.5,216728931.5,8889833.5,9547195,2928640,4585472,false,false,false,false,0,inconclusive,true,true,1,file,development-pilot-v2-retry,local-x86-64,x86_64,36f84685dc00064dae9a239face7e8eff797ed28,b1d7dba75560d44d8e234e4205e09487f93678fb8688cac6a0905486c969c2ca,1297748005,gnu-time-v1-monotonic-wall,3b11dec50514a8473e9f6efa7a34d584d0657538c09988f61b72d38ad4991a10,development,dev-synthetic-polynomial-d2,84d3c13eee3f79467573fc92d68af063eeeb786852df80299fe4c5e51659f4e3,1,mathsvg,balanced-v1,b8b432a44db4d5e59ca81df6eaa329ee2a47590fff0448de7f7401ea9595e925,81128211b782e3a4331d1c5fcd6db21eecf78dc823faab718e7ebe3f2ceeeee8,complete,8afdee0e1fe04f0a9c92a00ebbd438b50004de9dcdf47ce697a89ac0bdae40a5,7c5468b370f7c47eda07281e3437fafc568f95d10420051e3aa522709f9342c5,complete,confirmed,confirmed,inconclusive,confirmed,inconclusive,false,size worse by 473 (168.327%); compression worse by 207880247 (2349.28%); decompression confidence is inconclusive; decompression point estimate worse by 657361.5 (7.39453%); memory worse by 1656832 (56.5734%)
gzip-6,gzip-6,fast,development,datasets/synthetic/polynomial_d2/s0000065536_n000p000_seed1297748005.bin,65536,594,754,8929618,117603447,8994255,9181962.5,1691648,4743168,false,false,false,false,0,inconclusive,true,true,1,file,development-pilot-v2-retry,local-x86-64,x86_64,36f84685dc00064dae9a239face7e8eff797ed28,b1d7dba75560d44d8e234e4205e09487f93678fb8688cac6a0905486c969c2ca,1297748005,gnu-time-v1-monotonic-wall,3b11dec50514a8473e9f6efa7a34d584d0657538c09988f61b72d38ad4991a10,development,dev-synthetic-polynomial-d2,84d3c13eee3f79467573fc92d68af063eeeb786852df80299fe4c5e51659f4e3,1,mathsvg,fast-v1,dbdf165176991179ee1260cc32982768b62a646f6143c7cf178d1c08ffab9184,81128211b782e3a4331d1c5fcd6db21eecf78dc823faab718e7ebe3f2ceeeee8,complete,bf920ab8461c6c60c8cc32db3d853f55655e60793cf7f64068847ad56c2b2e67,afea077ce127d4fa9ad410d3066ba2b54dea19c0b44f04adf56c72d5f7b7a9bb,complete,confirmed,confirmed,inconclusive,confirmed,inconclusive,false,size worse by 160 (26.936%); compression worse by 108673829 (1217%); decompression confidence is inconclusive; decompression point estimate worse by 187707.5 (2.08697%); memory worse by 3051520 (180.387%)
lz4,lz4,fast,development,datasets/synthetic/polynomial_d2/s0000065536_n000p000_seed1297748005.bin,65536,541,754,8945499.5,117603447,8805003.5,9181962.5,1740800,4743168,false,false,false,false,0,inconclusive,true,true,1,file,development-pilot-v2-retry,local-x86-64,x86_64,36f84685dc00064dae9a239face7e8eff797ed28,b1d7dba75560d44d8e234e4205e09487f93678fb8688cac6a0905486c969c2ca,1297748005,gnu-time-v1-monotonic-wall,3b11dec50514a8473e9f6efa7a34d584d0657538c09988f61b72d38ad4991a10,development,dev-synthetic-polynomial-d2,84d3c13eee3f79467573fc92d68af063eeeb786852df80299fe4c5e51659f4e3,1,mathsvg,fast-v1,dbdf165176991179ee1260cc32982768b62a646f6143c7cf178d1c08ffab9184,81128211b782e3a4331d1c5fcd6db21eecf78dc823faab718e7ebe3f2ceeeee8,complete,56c1b7390551d55bb056da7122b41ac3f7e4459570e4627ac278f7c91d669491,87c0d5d060fd36c685b98a38611b7bd6c4614d40b36d29be84edcd6c173f8160,complete,confirmed,confirmed,inconclusive,confirmed,inconclusive,false,size worse by 213 (39.3715%); compression worse by 108657947.5 (1214.67%); decompression confidence is inconclusive; decompression point estimate worse by 376959 (4.28119%); memory worse by 3002368 (172.471%)
raw,raw,fast,development,datasets/synthetic/polynomial_d2/s0000065536_n000p000_seed1297748005.bin,65536,65536,754,9110815.5,117603447,8940169.5,9181962.5,2088960,4743168,true,false,false,false,1,inconclusive,true,true,1,file,development-pilot-v2-retry,local-x86-64,x86_64,36f84685dc00064dae9a239face7e8eff797ed28,b1d7dba75560d44d8e234e4205e09487f93678fb8688cac6a0905486c969c2ca,1297748005,gnu-time-v1-monotonic-wall,3b11dec50514a8473e9f6efa7a34d584d0657538c09988f61b72d38ad4991a10,development,dev-synthetic-polynomial-d2,84d3c13eee3f79467573fc92d68af063eeeb786852df80299fe4c5e51659f4e3,1,mathsvg,fast-v1,dbdf165176991179ee1260cc32982768b62a646f6143c7cf178d1c08ffab9184,81128211b782e3a4331d1c5fcd6db21eecf78dc823faab718e7ebe3f2ceeeee8,complete,deb7b660ce7575981cd7bc749fbec6d9d6b62e2c9a725ba1c8e9c79e304a087a,6187dab32cd7b6291d96c54425a22915a6eeb39add6d95ee9008e1dbba427131,complete,confirmed,confirmed,inconclusive,confirmed,inconclusive,false,compression worse by 108492631.5 (1190.81%); decompression confidence is inconclusive; decompression point estimate worse by 241793 (2.70457%); memory worse by 2654208 (127.059%)
xz-9e,xz-9e,fast,development,datasets/synthetic/polynomial_d2/s0000065536_n000p000_seed1297748005.bin,65536,412,754,17132445.5,117603447,8981886.5,9181962.5,3981312,4743168,false,false,false,false,0,inconclusive,true,true,1,file,development-pilot-v2-retry,local-x86-64,x86_64,36f84685dc00064dae9a239face7e8eff797ed28,b1d7dba75560d44d8e234e4205e09487f93678fb8688cac6a0905486c969c2ca,1297748005,gnu-time-v1-monotonic-wall,3b11dec50514a8473e9f6efa7a34d584d0657538c09988f61b72d38ad4991a10,development,dev-synthetic-polynomial-d2,84d3c13eee3f79467573fc92d68af063eeeb786852df80299fe4c5e51659f4e3,1,mathsvg,fast-v1,dbdf165176991179ee1260cc32982768b62a646f6143c7cf178d1c08ffab9184,81128211b782e3a4331d1c5fcd6db21eecf78dc823faab718e7ebe3f2ceeeee8,complete,1bd3a8a1a914bf55087f30b641adcacaac8d04f2cc5a9c21f3668bf2f6727da6,b5b163eb273291934556377ab883b4b2a5d4da50bd0dc0a91774ecc234ccd8d0,complete,confirmed,confirmed,inconclusive,confirmed,inconclusive,false,size worse by 342 (83.0097%); compression worse by 100471001.5 (586.437%); decompression confidence is inconclusive; decompression point estimate worse by 200076 (2.22755%); memory worse by 761856 (19.1358%)
zstd-default,zstd-default,fast,development,datasets/synthetic/polynomial_d2/s0000065536_n000p000_seed1297748005.bin,65536,281,754,8848684.5,117603447,8889833.5,9181962.5,2928640,4743168,false,false,false,false,0,inconclusive,true,true,1,file,development-pilot-v2-retry,local-x86-64,x86_64,36f84685dc00064dae9a239face7e8eff797ed28,b1d7dba75560d44d8e234e4205e09487f93678fb8688cac6a0905486c969c2ca,1297748005,gnu-time-v1-monotonic-wall,3b11dec50514a8473e9f6efa7a34d584d0657538c09988f61b72d38ad4991a10,development,dev-synthetic-polynomial-d2,84d3c13eee3f79467573fc92d68af063eeeb786852df80299fe4c5e51659f4e3,1,mathsvg,fast-v1,dbdf165176991179ee1260cc32982768b62a646f6143c7cf178d1c08ffab9184,81128211b782e3a4331d1c5fcd6db21eecf78dc823faab718e7ebe3f2ceeeee8,complete,8afdee0e1fe04f0a9c92a00ebbd438b50004de9dcdf47ce697a89ac0bdae40a5,7c5468b370f7c47eda07281e3437fafc568f95d10420051e3aa522709f9342c5,complete,confirmed,confirmed,inconclusive,confirmed,inconclusive,false,size worse by 473 (168.327%); compression worse by 108754762.5 (1229.05%); decompression confidence is inconclusive; decompression point estimate worse by 292129 (3.2861%); memory worse by 1814528 (61.958%)
gzip-6,gzip-6,balanced,development,datasets/synthetic/random/s0000065536_n000p000_seed1297748005.bin,65536,65564,66024,8995587,268550397.5,8752235,17149734,1822720,4438016,false,false,false,false,0,confirmed,true,true,1,file,development-pilot-v2-retry,local-x86-64,x86_64,36f84685dc00064dae9a239face7e8eff797ed28,b1d7dba75560d44d8e234e4205e09487f93678fb8688cac6a0905486c969c2ca,1297748005,gnu-time-v1-monotonic-wall,3b11dec50514a8473e9f6efa7a34d584d0657538c09988f61b72d38ad4991a10,development,dev-synthetic-random,9e4d8d3305ce218314fdc3746942be9b9f0df4e3f1673227fcd510319189dbdc,1,mathsvg,balanced-ablation-no-whole-block-entropy-v1,55f2cfb2e4425a7153decbe4e16c321721a5b66dc23940f14275abf99abeb42a,81128211b782e3a4331d1c5fcd6db21eecf78dc823faab718e7ebe3f2ceeeee8,complete,bf920ab8461c6c60c8cc32db3d853f55655e60793cf7f64068847ad56c2b2e67,afea077ce127d4fa9ad410d3066ba2b54dea19c0b44f04adf56c72d5f7b7a9bb,complete,confirmed,confirmed,confirmed,confirmed,fail,false,size worse by 460 (0.701605%); compression worse by 259554810.5 (2885.36%); decompression worse by 8397499 (95.9469%); memory worse by 2615296 (143.483%)
lz4,lz4,balanced,development,datasets/synthetic/random/s0000065536_n000p000_seed1297748005.bin,65536,65555,66024,8862983.5,268550397.5,8929111,17149734,1740800,4438016,false,false,false,false,0,confirmed,true,true,1,file,development-pilot-v2-retry,local-x86-64,x86_64,36f84685dc00064dae9a239face7e8eff797ed28,b1d7dba75560d44d8e234e4205e09487f93678fb8688cac6a0905486c969c2ca,1297748005,gnu-time-v1-monotonic-wall,3b11dec50514a8473e9f6efa7a34d584d0657538c09988f61b72d38ad4991a10,development,dev-synthetic-random,9e4d8d3305ce218314fdc3746942be9b9f0df4e3f1673227fcd510319189dbdc,1,mathsvg,balanced-ablation-no-whole-block-entropy-v1,55f2cfb2e4425a7153decbe4e16c321721a5b66dc23940f14275abf99abeb42a,81128211b782e3a4331d1c5fcd6db21eecf78dc823faab718e7ebe3f2ceeeee8,complete,56c1b7390551d55bb056da7122b41ac3f7e4459570e4627ac278f7c91d669491,87c0d5d060fd36c685b98a38611b7bd6c4614d40b36d29be84edcd6c173f8160,complete,confirmed,confirmed,confirmed,confirmed,fail,false,size worse by 469 (0.71543%); compression worse by 259687414 (2930.02%); decompression worse by 8220623 (92.0654%); memory worse by 2697216 (154.941%)
raw,raw,balanced,development,datasets/synthetic/random/s0000065536_n000p000_seed1297748005.bin,65536,65536,66024,8981545,268550397.5,8910284,17149734,2070528,4438016,false,false,false,false,0,confirmed,true,true,1,file,development-pilot-v2-retry,local-x86-64,x86_64,36f84685dc00064dae9a239face7e8eff797ed28,b1d7dba75560d44d8e234e4205e09487f93678fb8688cac6a0905486c969c2ca,1297748005,gnu-time-v1-monotonic-wall,3b11dec50514a8473e9f6efa7a34d584d0657538c09988f61b72d38ad4991a10,development,dev-synthetic-random,9e4d8d3305ce218314fdc3746942be9b9f0df4e3f1673227fcd510319189dbdc,1,mathsvg,balanced-ablation-no-whole-block-entropy-v1,55f2cfb2e4425a7153decbe4e16c321721a5b66dc23940f14275abf99abeb42a,81128211b782e3a4331d1c5fcd6db21eecf78dc823faab718e7ebe3f2ceeeee8,complete,deb7b660ce7575981cd7bc749fbec6d9d6b62e2c9a725ba1c8e9c79e304a087a,6187dab32cd7b6291d96c54425a22915a6eeb39add6d95ee9008e1dbba427131,complete,confirmed,confirmed,confirmed,confirmed,fail,false,size worse by 488 (0.744629%); compression worse by 259568852.5 (2890.02%); decompression worse by 8239450 (92.4712%); memory worse by 2367488 (114.342%)
xz-9e,xz-9e,balanced,development,datasets/synthetic/random/s0000065536_n000p000_seed1297748005.bin,65536,65600,66024,215927407,268550397.5,8971676.5,17149734,68857856,4438016,false,false,false,true,1,confirmed,true,true,1,file,development-pilot-v2-retry,local-x86-64,x86_64,36f84685dc00064dae9a239face7e8eff797ed28,b1d7dba75560d44d8e234e4205e09487f93678fb8688cac6a0905486c969c2ca,1297748005,gnu-time-v1-monotonic-wall,3b11dec50514a8473e9f6efa7a34d584d0657538c09988f61b72d38ad4991a10,development,dev-synthetic-random,9e4d8d3305ce218314fdc3746942be9b9f0df4e3f1673227fcd510319189dbdc,1,mathsvg,balanced-ablation-no-whole-block-entropy-v1,55f2cfb2e4425a7153decbe4e16c321721a5b66dc23940f14275abf99abeb42a,81128211b782e3a4331d1c5fcd6db21eecf78dc823faab718e7ebe3f2ceeeee8,complete,1bd3a8a1a914bf55087f30b641adcacaac8d04f2cc5a9c21f3668bf2f6727da6,b5b163eb273291934556377ab883b4b2a5d4da50bd0dc0a91774ecc234ccd8d0,complete,confirmed,confirmed,confirmed,confirmed,fail,false,size worse by 424 (0.646341%); compression worse by 52622990.5 (24.3707%); decompression worse by 8178057.5 (91.1542%)
zstd-default,zstd-default,balanced,development,datasets/synthetic/random/s0000065536_n000p000_seed1297748005.bin,65536,65550,66024,9090490,268550397.5,9461990,17149734,3106816,4438016,false,false,false,false,0,confirmed,true,true,1,file,development-pilot-v2-retry,local-x86-64,x86_64,36f84685dc00064dae9a239face7e8eff797ed28,b1d7dba75560d44d8e234e4205e09487f93678fb8688cac6a0905486c969c2ca,1297748005,gnu-time-v1-monotonic-wall,3b11dec50514a8473e9f6efa7a34d584d0657538c09988f61b72d38ad4991a10,development,dev-synthetic-random,9e4d8d3305ce218314fdc3746942be9b9f0df4e3f1673227fcd510319189dbdc,1,mathsvg,balanced-ablation-no-whole-block-entropy-v1,55f2cfb2e4425a7153decbe4e16c321721a5b66dc23940f14275abf99abeb42a,81128211b782e3a4331d1c5fcd6db21eecf78dc823faab718e7ebe3f2ceeeee8,complete,8afdee0e1fe04f0a9c92a00ebbd438b50004de9dcdf47ce697a89ac0bdae40a5,7c5468b370f7c47eda07281e3437fafc568f95d10420051e3aa522709f9342c5,complete,confirmed,confirmed,confirmed,confirmed,fail,false,size worse by 474 (0.723112%); compression worse by 259459907.5 (2854.19%); decompression worse by 7687744 (81.2487%); memory worse by 1331200 (42.8477%)
gzip-6,gzip-6,balanced,development,datasets/synthetic/random/s0000065536_n000p000_seed1297748005.bin,65536,65564,66024,8995587,267542830.5,8752235,17030903.5,1822720,4446208,false,false,false,false,0,confirmed,true,true,1,file,development-pilot-v2-retry,local-x86-64,x86_64,36f84685dc00064dae9a239face7e8eff797ed28,b1d7dba75560d44d8e234e4205e09487f93678fb8688cac6a0905486c969c2ca,1297748005,gnu-time-v1-monotonic-wall,3b11dec50514a8473e9f6efa7a34d584d0657538c09988f61b72d38ad4991a10,development,dev-synthetic-random,9e4d8d3305ce218314fdc3746942be9b9f0df4e3f1673227fcd510319189dbdc,1,mathsvg,balanced-ablation-no-whole-block-functions-v1,710840e9131cf094172098c985e2b371da66d184263016d59a71a97c9294a733,81128211b782e3a4331d1c5fcd6db21eecf78dc823faab718e7ebe3f2ceeeee8,complete,bf920ab8461c6c60c8cc32db3d853f55655e60793cf7f64068847ad56c2b2e67,afea077ce127d4fa9ad410d3066ba2b54dea19c0b44f04adf56c72d5f7b7a9bb,complete,confirmed,confirmed,confirmed,confirmed,fail,false,size worse by 460 (0.701605%); compression worse by 258547243.5 (2874.16%); decompression worse by 8278668.5 (94.5892%); memory worse by 2623488 (143.933%)
lz4,lz4,balanced,development,datasets/synthetic/random/s0000065536_n000p000_seed1297748005.bin,65536,65555,66024,8862983.5,267542830.5,8929111,17030903.5,1740800,4446208,false,false,false,false,0,confirmed,true,true,1,file,development-pilot-v2-retry,local-x86-64,x86_64,36f84685dc00064dae9a239face7e8eff797ed28,b1d7dba75560d44d8e234e4205e09487f93678fb8688cac6a0905486c969c2ca,1297748005,gnu-time-v1-monotonic-wall,3b11dec50514a8473e9f6efa7a34d584d0657538c09988f61b72d38ad4991a10,development,dev-synthetic-random,9e4d8d3305ce218314fdc3746942be9b9f0df4e3f1673227fcd510319189dbdc,1,mathsvg,balanced-ablation-no-whole-block-functions-v1,710840e9131cf094172098c985e2b371da66d184263016d59a71a97c9294a733,81128211b782e3a4331d1c5fcd6db21eecf78dc823faab718e7ebe3f2ceeeee8,complete,56c1b7390551d55bb056da7122b41ac3f7e4459570e4627ac278f7c91d669491,87c0d5d060fd36c685b98a38611b7bd6c4614d40b36d29be84edcd6c173f8160,complete,confirmed,confirmed,confirmed,confirmed,fail,false,size worse by 469 (0.71543%); compression worse by 258679847 (2918.65%); decompression worse by 8101792.5 (90.7346%); memory worse by 2705408 (155.412%)
raw,raw,balanced,development,datasets/synthetic/random/s0000065536_n000p000_seed1297748005.bin,65536,65536,66024,8981545,267542830.5,8910284,17030903.5,2070528,4446208,false,false,false,false,0,confirmed,true,true,1,file,development-pilot-v2-retry,local-x86-64,x86_64,36f84685dc00064dae9a239face7e8eff797ed28,b1d7dba75560d44d8e234e4205e09487f93678fb8688cac6a0905486c969c2ca,1297748005,gnu-time-v1-monotonic-wall,3b11dec50514a8473e9f6efa7a34d584d0657538c09988f61b72d38ad4991a10,development,dev-synthetic-random,9e4d8d3305ce218314fdc3746942be9b9f0df4e3f1673227fcd510319189dbdc,1,mathsvg,balanced-ablation-no-whole-block-functions-v1,710840e9131cf094172098c985e2b371da66d184263016d59a71a97c9294a733,81128211b782e3a4331d1c5fcd6db21eecf78dc823faab718e7ebe3f2ceeeee8,complete,deb7b660ce7575981cd7bc749fbec6d9d6b62e2c9a725ba1c8e9c79e304a087a,6187dab32cd7b6291d96c54425a22915a6eeb39add6d95ee9008e1dbba427131,complete,confirmed,confirmed,confirmed,confirmed,fail,false,size worse by 488 (0.744629%); compression worse by 258561285.5 (2878.81%); decompression worse by 8120619.5 (91.1376%); memory worse by 2375680 (114.738%)
xz-9e,xz-9e,balanced,development,datasets/synthetic/random/s0000065536_n000p000_seed1297748005.bin,65536,65600,66024,215927407,267542830.5,8971676.5,17030903.5,68857856,4446208,false,false,false,true,1,confirmed,true,true,1,file,development-pilot-v2-retry,local-x86-64,x86_64,36f84685dc00064dae9a239face7e8eff797ed28,b1d7dba75560d44d8e234e4205e09487f93678fb8688cac6a0905486c969c2ca,1297748005,gnu-time-v1-monotonic-wall,3b11dec50514a8473e9f6efa7a34d584d0657538c09988f61b72d38ad4991a10,development,dev-synthetic-random,9e4d8d3305ce218314fdc3746942be9b9f0df4e3f1673227fcd510319189dbdc,1,mathsvg,balanced-ablation-no-whole-block-functions-v1,710840e9131cf094172098c985e2b371da66d184263016d59a71a97c9294a733,81128211b782e3a4331d1c5fcd6db21eecf78dc823faab718e7ebe3f2ceeeee8,complete,1bd3a8a1a914bf55087f30b641adcacaac8d04f2cc5a9c21f3668bf2f6727da6,b5b163eb273291934556377ab883b4b2a5d4da50bd0dc0a91774ecc234ccd8d0,complete,confirmed,confirmed,confirmed,confirmed,fail,false,size worse by 424 (0.646341%); compression worse by 51615423.5 (23.9041%); decompression worse by 8059227 (89.8297%)
zstd-default,zstd-default,balanced,development,datasets/synthetic/random/s0000065536_n000p000_seed1297748005.bin,65536,65550,66024,9090490,267542830.5,9461990,17030903.5,3106816,4446208,false,false,false,false,0,confirmed,true,true,1,file,development-pilot-v2-retry,local-x86-64,x86_64,36f84685dc00064dae9a239face7e8eff797ed28,b1d7dba75560d44d8e234e4205e09487f93678fb8688cac6a0905486c969c2ca,1297748005,gnu-time-v1-monotonic-wall,3b11dec50514a8473e9f6efa7a34d584d0657538c09988f61b72d38ad4991a10,development,dev-synthetic-random,9e4d8d3305ce218314fdc3746942be9b9f0df4e3f1673227fcd510319189dbdc,1,mathsvg,balanced-ablation-no-whole-block-functions-v1,710840e9131cf094172098c985e2b371da66d184263016d59a71a97c9294a733,81128211b782e3a4331d1c5fcd6db21eecf78dc823faab718e7ebe3f2ceeeee8,complete,8afdee0e1fe04f0a9c92a00ebbd438b50004de9dcdf47ce697a89ac0bdae40a5,7c5468b370f7c47eda07281e3437fafc568f95d10420051e3aa522709f9342c5,complete,confirmed,confirmed,confirmed,confirmed,fail,false,size worse by 474 (0.723112%); compression worse by 258452340.5 (2843.11%); decompression worse by 7568913.5 (79.9928%); memory worse by 1339392 (43.1114%)
gzip-6,gzip-6,balanced,development,datasets/synthetic/random/s0000065536_n000p000_seed1297748005.bin,65536,65564,66024,8995587,267290775.5,8752235,17082892,1822720,4599808,false,false,false,false,0,confirmed,true,true,1,file,development-pilot-v2-retry,local-x86-64,x86_64,36f84685dc00064dae9a239face7e8eff797ed28,b1d7dba75560d44d8e234e4205e09487f93678fb8688cac6a0905486c969c2ca,1297748005,gnu-time-v1-monotonic-wall,3b11dec50514a8473e9f6efa7a34d584d0657538c09988f61b72d38ad4991a10,development,dev-synthetic-random,9e4d8d3305ce218314fdc3746942be9b9f0df4e3f1673227fcd510319189dbdc,1,mathsvg,balanced-v1,b8b432a44db4d5e59ca81df6eaa329ee2a47590fff0448de7f7401ea9595e925,81128211b782e3a4331d1c5fcd6db21eecf78dc823faab718e7ebe3f2ceeeee8,complete,bf920ab8461c6c60c8cc32db3d853f55655e60793cf7f64068847ad56c2b2e67,afea077ce127d4fa9ad410d3066ba2b54dea19c0b44f04adf56c72d5f7b7a9bb,complete,confirmed,confirmed,confirmed,confirmed,fail,false,size worse by 460 (0.701605%); compression worse by 258295188.5 (2871.35%); decompression worse by 8330657 (95.1832%); memory worse by 2777088 (152.36%)
lz4,lz4,balanced,development,datasets/synthetic/random/s0000065536_n000p000_seed1297748005.bin,65536,65555,66024,8862983.5,267290775.5,8929111,17082892,1740800,4599808,false,false,false,false,0,confirmed,true,true,1,file,development-pilot-v2-retry,local-x86-64,x86_64,36f84685dc00064dae9a239face7e8eff797ed28,b1d7dba75560d44d8e234e4205e09487f93678fb8688cac6a0905486c969c2ca,1297748005,gnu-time-v1-monotonic-wall,3b11dec50514a8473e9f6efa7a34d584d0657538c09988f61b72d38ad4991a10,development,dev-synthetic-random,9e4d8d3305ce218314fdc3746942be9b9f0df4e3f1673227fcd510319189dbdc,1,mathsvg,balanced-v1,b8b432a44db4d5e59ca81df6eaa329ee2a47590fff0448de7f7401ea9595e925,81128211b782e3a4331d1c5fcd6db21eecf78dc823faab718e7ebe3f2ceeeee8,complete,56c1b7390551d55bb056da7122b41ac3f7e4459570e4627ac278f7c91d669491,87c0d5d060fd36c685b98a38611b7bd6c4614d40b36d29be84edcd6c173f8160,complete,confirmed,confirmed,confirmed,confirmed,fail,false,size worse by 469 (0.71543%); compression worse by 258427792 (2915.81%); decompression worse by 8153781 (91.3168%); memory worse by 2859008 (164.235%)
raw,raw,balanced,development,datasets/synthetic/random/s0000065536_n000p000_seed1297748005.bin,65536,65536,66024,8981545,267290775.5,8910284,17082892,2070528,4599808,false,false,false,false,0,confirmed,true,true,1,file,development-pilot-v2-retry,local-x86-64,x86_64,36f84685dc00064dae9a239face7e8eff797ed28,b1d7dba75560d44d8e234e4205e09487f93678fb8688cac6a0905486c969c2ca,1297748005,gnu-time-v1-monotonic-wall,3b11dec50514a8473e9f6efa7a34d584d0657538c09988f61b72d38ad4991a10,development,dev-synthetic-random,9e4d8d3305ce218314fdc3746942be9b9f0df4e3f1673227fcd510319189dbdc,1,mathsvg,balanced-v1,b8b432a44db4d5e59ca81df6eaa329ee2a47590fff0448de7f7401ea9595e925,81128211b782e3a4331d1c5fcd6db21eecf78dc823faab718e7ebe3f2ceeeee8,complete,deb7b660ce7575981cd7bc749fbec6d9d6b62e2c9a725ba1c8e9c79e304a087a,6187dab32cd7b6291d96c54425a22915a6eeb39add6d95ee9008e1dbba427131,complete,confirmed,confirmed,confirmed,confirmed,fail,false,size worse by 488 (0.744629%); compression worse by 258309230.5 (2876%); decompression worse by 8172608 (91.7211%); memory worse by 2529280 (122.156%)
xz-9e,xz-9e,balanced,development,datasets/synthetic/random/s0000065536_n000p000_seed1297748005.bin,65536,65600,66024,215927407,267290775.5,8971676.5,17082892,68857856,4599808,false,false,false,true,1,confirmed,true,true,1,file,development-pilot-v2-retry,local-x86-64,x86_64,36f84685dc00064dae9a239face7e8eff797ed28,b1d7dba75560d44d8e234e4205e09487f93678fb8688cac6a0905486c969c2ca,1297748005,gnu-time-v1-monotonic-wall,3b11dec50514a8473e9f6efa7a34d584d0657538c09988f61b72d38ad4991a10,development,dev-synthetic-random,9e4d8d3305ce218314fdc3746942be9b9f0df4e3f1673227fcd510319189dbdc,1,mathsvg,balanced-v1,b8b432a44db4d5e59ca81df6eaa329ee2a47590fff0448de7f7401ea9595e925,81128211b782e3a4331d1c5fcd6db21eecf78dc823faab718e7ebe3f2ceeeee8,complete,1bd3a8a1a914bf55087f30b641adcacaac8d04f2cc5a9c21f3668bf2f6727da6,b5b163eb273291934556377ab883b4b2a5d4da50bd0dc0a91774ecc234ccd8d0,complete,confirmed,confirmed,confirmed,confirmed,fail,false,size worse by 424 (0.646341%); compression worse by 51363368.5 (23.7873%); decompression worse by 8111215.5 (90.4091%)
zstd-default,zstd-default,balanced,development,datasets/synthetic/random/s0000065536_n000p000_seed1297748005.bin,65536,65550,66024,9090490,267290775.5,9461990,17082892,3106816,4599808,false,false,false,false,0,confirmed,true,true,1,file,development-pilot-v2-retry,local-x86-64,x86_64,36f84685dc00064dae9a239face7e8eff797ed28,b1d7dba75560d44d8e234e4205e09487f93678fb8688cac6a0905486c969c2ca,1297748005,gnu-time-v1-monotonic-wall,3b11dec50514a8473e9f6efa7a34d584d0657538c09988f61b72d38ad4991a10,development,dev-synthetic-random,9e4d8d3305ce218314fdc3746942be9b9f0df4e3f1673227fcd510319189dbdc,1,mathsvg,balanced-v1,b8b432a44db4d5e59ca81df6eaa329ee2a47590fff0448de7f7401ea9595e925,81128211b782e3a4331d1c5fcd6db21eecf78dc823faab718e7ebe3f2ceeeee8,complete,8afdee0e1fe04f0a9c92a00ebbd438b50004de9dcdf47ce697a89ac0bdae40a5,7c5468b370f7c47eda07281e3437fafc568f95d10420051e3aa522709f9342c5,complete,confirmed,confirmed,confirmed,confirmed,fail,false,size worse by 474 (0.723112%); compression worse by 258200285.5 (2840.33%); decompression worse by 7620902 (80.5423%); memory worse by 1492992 (48.0554%)
gzip-6,gzip-6,fast,development,datasets/synthetic/random/s0000065536_n000p000_seed1297748005.bin,65536,65564,66024,8995587,167531912,8752235,17037428.5,1822720,5480448,false,false,false,false,0,confirmed,true,true,1,file,development-pilot-v2-retry,local-x86-64,x86_64,36f84685dc00064dae9a239face7e8eff797ed28,b1d7dba75560d44d8e234e4205e09487f93678fb8688cac6a0905486c969c2ca,1297748005,gnu-time-v1-monotonic-wall,3b11dec50514a8473e9f6efa7a34d584d0657538c09988f61b72d38ad4991a10,development,dev-synthetic-random,9e4d8d3305ce218314fdc3746942be9b9f0df4e3f1673227fcd510319189dbdc,1,mathsvg,fast-ablation-no-coordinate-v1,d7ca26461dd4e013ff9ba35010b5f6f5433079b6b0745758edbcdcc2eebf07cb,81128211b782e3a4331d1c5fcd6db21eecf78dc823faab718e7ebe3f2ceeeee8,complete,bf920ab8461c6c60c8cc32db3d853f55655e60793cf7f64068847ad56c2b2e67,afea077ce127d4fa9ad410d3066ba2b54dea19c0b44f04adf56c72d5f7b7a9bb,complete,confirmed,confirmed,confirmed,confirmed,fail,false,size worse by 460 (0.701605%); compression worse by 158536325 (1762.38%); decompression worse by 8285193.5 (94.6637%); memory worse by 3657728 (200.674%)
lz4,lz4,fast,development,datasets/synthetic/random/s0000065536_n000p000_seed1297748005.bin,65536,65555,66024,8862983.5,167531912,8929111,17037428.5,1740800,5480448,false,false,false,false,0,confirmed,true,true,1,file,development-pilot-v2-retry,local-x86-64,x86_64,36f84685dc00064dae9a239face7e8eff797ed28,b1d7dba75560d44d8e234e4205e09487f93678fb8688cac6a0905486c969c2ca,1297748005,gnu-time-v1-monotonic-wall,3b11dec50514a8473e9f6efa7a34d584d0657538c09988f61b72d38ad4991a10,development,dev-synthetic-random,9e4d8d3305ce218314fdc3746942be9b9f0df4e3f1673227fcd510319189dbdc,1,mathsvg,fast-ablation-no-coordinate-v1,d7ca26461dd4e013ff9ba35010b5f6f5433079b6b0745758edbcdcc2eebf07cb,81128211b782e3a4331d1c5fcd6db21eecf78dc823faab718e7ebe3f2ceeeee8,complete,56c1b7390551d55bb056da7122b41ac3f7e4459570e4627ac278f7c91d669491,87c0d5d060fd36c685b98a38611b7bd6c4614d40b36d29be84edcd6c173f8160,complete,confirmed,confirmed,confirmed,confirmed,fail,false,size worse by 469 (0.71543%); compression worse by 158668928.5 (1790.24%); decompression worse by 8108317.5 (90.8077%); memory worse by 3739648 (214.824%)
raw,raw,fast,development,datasets/synthetic/random/s0000065536_n000p000_seed1297748005.bin,65536,65536,66024,8981545,167531912,8910284,17037428.5,2070528,5480448,false,false,false,false,0,confirmed,true,true,1,file,development-pilot-v2-retry,local-x86-64,x86_64,36f84685dc00064dae9a239face7e8eff797ed28,b1d7dba75560d44d8e234e4205e09487f93678fb8688cac6a0905486c969c2ca,1297748005,gnu-time-v1-monotonic-wall,3b11dec50514a8473e9f6efa7a34d584d0657538c09988f61b72d38ad4991a10,development,dev-synthetic-random,9e4d8d3305ce218314fdc3746942be9b9f0df4e3f1673227fcd510319189dbdc,1,mathsvg,fast-ablation-no-coordinate-v1,d7ca26461dd4e013ff9ba35010b5f6f5433079b6b0745758edbcdcc2eebf07cb,81128211b782e3a4331d1c5fcd6db21eecf78dc823faab718e7ebe3f2ceeeee8,complete,deb7b660ce7575981cd7bc749fbec6d9d6b62e2c9a725ba1c8e9c79e304a087a,6187dab32cd7b6291d96c54425a22915a6eeb39add6d95ee9008e1dbba427131,complete,confirmed,confirmed,confirmed,confirmed,fail,false,size worse by 488 (0.744629%); compression worse by 158550367 (1765.29%); decompression worse by 8127144.5 (91.2108%); memory worse by 3409920 (164.688%)
xz-9e,xz-9e,fast,development,datasets/synthetic/random/s0000065536_n000p000_seed1297748005.bin,65536,65600,66024,215927407,167531912,8971676.5,17037428.5,68857856,5480448,false,true,false,true,2,confirmed,true,true,1,file,development-pilot-v2-retry,local-x86-64,x86_64,36f84685dc00064dae9a239face7e8eff797ed28,b1d7dba75560d44d8e234e4205e09487f93678fb8688cac6a0905486c969c2ca,1297748005,gnu-time-v1-monotonic-wall,3b11dec50514a8473e9f6efa7a34d584d0657538c09988f61b72d38ad4991a10,development,dev-synthetic-random,9e4d8d3305ce218314fdc3746942be9b9f0df4e3f1673227fcd510319189dbdc,1,mathsvg,fast-ablation-no-coordinate-v1,d7ca26461dd4e013ff9ba35010b5f6f5433079b6b0745758edbcdcc2eebf07cb,81128211b782e3a4331d1c5fcd6db21eecf78dc823faab718e7ebe3f2ceeeee8,complete,1bd3a8a1a914bf55087f30b641adcacaac8d04f2cc5a9c21f3668bf2f6727da6,b5b163eb273291934556377ab883b4b2a5d4da50bd0dc0a91774ecc234ccd8d0,complete,confirmed,confirmed,confirmed,confirmed,fail,false,size worse by 424 (0.646341%); decompression worse by 8065752 (89.9024%)
zstd-default,zstd-default,fast,development,datasets/synthetic/random/s0000065536_n000p000_seed1297748005.bin,65536,65550,66024,9090490,167531912,9461990,17037428.5,3106816,5480448,false,false,false,false,0,confirmed,true,true,1,file,development-pilot-v2-retry,local-x86-64,x86_64,36f84685dc00064dae9a239face7e8eff797ed28,b1d7dba75560d44d8e234e4205e09487f93678fb8688cac6a0905486c969c2ca,1297748005,gnu-time-v1-monotonic-wall,3b11dec50514a8473e9f6efa7a34d584d0657538c09988f61b72d38ad4991a10,development,dev-synthetic-random,9e4d8d3305ce218314fdc3746942be9b9f0df4e3f1673227fcd510319189dbdc,1,mathsvg,fast-ablation-no-coordinate-v1,d7ca26461dd4e013ff9ba35010b5f6f5433079b6b0745758edbcdcc2eebf07cb,81128211b782e3a4331d1c5fcd6db21eecf78dc823faab718e7ebe3f2ceeeee8,complete,8afdee0e1fe04f0a9c92a00ebbd438b50004de9dcdf47ce697a89ac0bdae40a5,7c5468b370f7c47eda07281e3437fafc568f95d10420051e3aa522709f9342c5,complete,confirmed,confirmed,confirmed,confirmed,fail,false,size worse by 474 (0.723112%); compression worse by 158441422 (1742.94%); decompression worse by 7575438.5 (80.0618%); memory worse by 2373632 (76.4008%)
gzip-6,gzip-6,fast,development,datasets/synthetic/random/s0000065536_n000p000_seed1297748005.bin,65536,65564,66024,8995587,167204913,8752235,17139915,1822720,5345280,false,false,false,false,0,confirmed,true,true,1,file,development-pilot-v2-retry,local-x86-64,x86_64,36f84685dc00064dae9a239face7e8eff797ed28,b1d7dba75560d44d8e234e4205e09487f93678fb8688cac6a0905486c969c2ca,1297748005,gnu-time-v1-monotonic-wall,3b11dec50514a8473e9f6efa7a34d584d0657538c09988f61b72d38ad4991a10,development,dev-synthetic-random,9e4d8d3305ce218314fdc3746942be9b9f0df4e3f1673227fcd510319189dbdc,1,mathsvg,fast-ablation-no-whole-block-entropy-v1,036664ca0567442e358e36e2564fb5b50a5e75619d748ddd5a2fd387db06179b,81128211b782e3a4331d1c5fcd6db21eecf78dc823faab718e7ebe3f2ceeeee8,complete,bf920ab8461c6c60c8cc32db3d853f55655e60793cf7f64068847ad56c2b2e67,afea077ce127d4fa9ad410d3066ba2b54dea19c0b44f04adf56c72d5f7b7a9bb,complete,confirmed,confirmed,confirmed,confirmed,fail,false,size worse by 460 (0.701605%); compression worse by 158209326 (1758.74%); decompression worse by 8387680 (95.8347%); memory worse by 3522560 (193.258%)
lz4,lz4,fast,development,datasets/synthetic/random/s0000065536_n000p000_seed1297748005.bin,65536,65555,66024,8862983.5,167204913,8929111,17139915,1740800,5345280,false,false,false,false,0,confirmed,true,true,1,file,development-pilot-v2-retry,local-x86-64,x86_64,36f84685dc00064dae9a239face7e8eff797ed28,b1d7dba75560d44d8e234e4205e09487f93678fb8688cac6a0905486c969c2ca,1297748005,gnu-time-v1-monotonic-wall,3b11dec50514a8473e9f6efa7a34d584d0657538c09988f61b72d38ad4991a10,development,dev-synthetic-random,9e4d8d3305ce218314fdc3746942be9b9f0df4e3f1673227fcd510319189dbdc,1,mathsvg,fast-ablation-no-whole-block-entropy-v1,036664ca0567442e358e36e2564fb5b50a5e75619d748ddd5a2fd387db06179b,81128211b782e3a4331d1c5fcd6db21eecf78dc823faab718e7ebe3f2ceeeee8,complete,56c1b7390551d55bb056da7122b41ac3f7e4459570e4627ac278f7c91d669491,87c0d5d060fd36c685b98a38611b7bd6c4614d40b36d29be84edcd6c173f8160,complete,confirmed,confirmed,confirmed,confirmed,fail,false,size worse by 469 (0.71543%); compression worse by 158341929.5 (1786.55%); decompression worse by 8210804 (91.9554%); memory worse by 3604480 (207.059%)
raw,raw,fast,development,datasets/synthetic/random/s0000065536_n000p000_seed1297748005.bin,65536,65536,66024,8981545,167204913,8910284,17139915,2070528,5345280,false,false,false,false,0,confirmed,true,true,1,file,development-pilot-v2-retry,local-x86-64,x86_64,36f84685dc00064dae9a239face7e8eff797ed28,b1d7dba75560d44d8e234e4205e09487f93678fb8688cac6a0905486c969c2ca,1297748005,gnu-time-v1-monotonic-wall,3b11dec50514a8473e9f6efa7a34d584d0657538c09988f61b72d38ad4991a10,development,dev-synthetic-random,9e4d8d3305ce218314fdc3746942be9b9f0df4e3f1673227fcd510319189dbdc,1,mathsvg,fast-ablation-no-whole-block-entropy-v1,036664ca0567442e358e36e2564fb5b50a5e75619d748ddd5a2fd387db06179b,81128211b782e3a4331d1c5fcd6db21eecf78dc823faab718e7ebe3f2ceeeee8,complete,deb7b660ce7575981cd7bc749fbec6d9d6b62e2c9a725ba1c8e9c79e304a087a,6187dab32cd7b6291d96c54425a22915a6eeb39add6d95ee9008e1dbba427131,complete,confirmed,confirmed,confirmed,confirmed,fail,false,size worse by 488 (0.744629%); compression worse by 158223368 (1761.65%); decompression worse by 8229631 (92.361%); memory worse by 3274752 (158.16%)
xz-9e,xz-9e,fast,development,datasets/synthetic/random/s0000065536_n000p000_seed1297748005.bin,65536,65600,66024,215927407,167204913,8971676.5,17139915,68857856,5345280,false,true,false,true,2,confirmed,true,true,1,file,development-pilot-v2-retry,local-x86-64,x86_64,36f84685dc00064dae9a239face7e8eff797ed28,b1d7dba75560d44d8e234e4205e09487f93678fb8688cac6a0905486c969c2ca,1297748005,gnu-time-v1-monotonic-wall,3b11dec50514a8473e9f6efa7a34d584d0657538c09988f61b72d38ad4991a10,development,dev-synthetic-random,9e4d8d3305ce218314fdc3746942be9b9f0df4e3f1673227fcd510319189dbdc,1,mathsvg,fast-ablation-no-whole-block-entropy-v1,036664ca0567442e358e36e2564fb5b50a5e75619d748ddd5a2fd387db06179b,81128211b782e3a4331d1c5fcd6db21eecf78dc823faab718e7ebe3f2ceeeee8,complete,1bd3a8a1a914bf55087f30b641adcacaac8d04f2cc5a9c21f3668bf2f6727da6,b5b163eb273291934556377ab883b4b2a5d4da50bd0dc0a91774ecc234ccd8d0,complete,confirmed,confirmed,confirmed,confirmed,fail,false,size worse by 424 (0.646341%); decompression worse by 8168238.5 (91.0447%)
zstd-default,zstd-default,fast,development,datasets/synthetic/random/s0000065536_n000p000_seed1297748005.bin,65536,65550,66024,9090490,167204913,9461990,17139915,3106816,5345280,false,false,false,false,0,confirmed,true,true,1,file,development-pilot-v2-retry,local-x86-64,x86_64,36f84685dc00064dae9a239face7e8eff797ed28,b1d7dba75560d44d8e234e4205e09487f93678fb8688cac6a0905486c969c2ca,1297748005,gnu-time-v1-monotonic-wall,3b11dec50514a8473e9f6efa7a34d584d0657538c09988f61b72d38ad4991a10,development,dev-synthetic-random,9e4d8d3305ce218314fdc3746942be9b9f0df4e3f1673227fcd510319189dbdc,1,mathsvg,fast-ablation-no-whole-block-entropy-v1,036664ca0567442e358e36e2564fb5b50a5e75619d748ddd5a2fd387db06179b,81128211b782e3a4331d1c5fcd6db21eecf78dc823faab718e7ebe3f2ceeeee8,complete,8afdee0e1fe04f0a9c92a00ebbd438b50004de9dcdf47ce697a89ac0bdae40a5,7c5468b370f7c47eda07281e3437fafc568f95d10420051e3aa522709f9342c5,complete,confirmed,confirmed,confirmed,confirmed,fail,false,size worse by 474 (0.723112%); compression worse by 158114423 (1739.34%); decompression worse by 7677925 (81.1449%); memory worse by 2238464 (72.0501%)
gzip-6,gzip-6,fast,development,datasets/synthetic/random/s0000065536_n000p000_seed1297748005.bin,65536,65564,66024,8995587,166195010.5,8752235,17240946.5,1822720,4861952,false,false,false,false,0,confirmed,true,true,1,file,development-pilot-v2-retry,local-x86-64,x86_64,36f84685dc00064dae9a239face7e8eff797ed28,b1d7dba75560d44d8e234e4205e09487f93678fb8688cac6a0905486c969c2ca,1297748005,gnu-time-v1-monotonic-wall,3b11dec50514a8473e9f6efa7a34d584d0657538c09988f61b72d38ad4991a10,development,dev-synthetic-random,9e4d8d3305ce218314fdc3746942be9b9f0df4e3f1673227fcd510319189dbdc,1,mathsvg,fast-ablation-no-whole-block-functions-v1,132b5a7df0265df37685fc601c1e0b6bd4ece5c907efc1a75f3a698f2ec4cbe7,81128211b782e3a4331d1c5fcd6db21eecf78dc823faab718e7ebe3f2ceeeee8,complete,bf920ab8461c6c60c8cc32db3d853f55655e60793cf7f64068847ad56c2b2e67,afea077ce127d4fa9ad410d3066ba2b54dea19c0b44f04adf56c72d5f7b7a9bb,complete,confirmed,confirmed,confirmed,confirmed,fail,false,size worse by 460 (0.701605%); compression worse by 157199423.5 (1747.52%); decompression worse by 8488711.5 (96.9891%); memory worse by 3039232 (166.742%)
lz4,lz4,fast,development,datasets/synthetic/random/s0000065536_n000p000_seed1297748005.bin,65536,65555,66024,8862983.5,166195010.5,8929111,17240946.5,1740800,4861952,false,false,false,false,0,confirmed,true,true,1,file,development-pilot-v2-retry,local-x86-64,x86_64,36f84685dc00064dae9a239face7e8eff797ed28,b1d7dba75560d44d8e234e4205e09487f93678fb8688cac6a0905486c969c2ca,1297748005,gnu-time-v1-monotonic-wall,3b11dec50514a8473e9f6efa7a34d584d0657538c09988f61b72d38ad4991a10,development,dev-synthetic-random,9e4d8d3305ce218314fdc3746942be9b9f0df4e3f1673227fcd510319189dbdc,1,mathsvg,fast-ablation-no-whole-block-functions-v1,132b5a7df0265df37685fc601c1e0b6bd4ece5c907efc1a75f3a698f2ec4cbe7,81128211b782e3a4331d1c5fcd6db21eecf78dc823faab718e7ebe3f2ceeeee8,complete,56c1b7390551d55bb056da7122b41ac3f7e4459570e4627ac278f7c91d669491,87c0d5d060fd36c685b98a38611b7bd6c4614d40b36d29be84edcd6c173f8160,complete,confirmed,confirmed,confirmed,confirmed,fail,false,size worse by 469 (0.71543%); compression worse by 157332027 (1775.16%); decompression worse by 8311835.5 (93.0869%); memory worse by 3121152 (179.294%)
raw,raw,fast,development,datasets/synthetic/random/s0000065536_n000p000_seed1297748005.bin,65536,65536,66024,8981545,166195010.5,8910284,17240946.5,2070528,4861952,false,false,false,false,0,confirmed,true,true,1,file,development-pilot-v2-retry,local-x86-64,x86_64,36f84685dc00064dae9a239face7e8eff797ed28,b1d7dba75560d44d8e234e4205e09487f93678fb8688cac6a0905486c969c2ca,1297748005,gnu-time-v1-monotonic-wall,3b11dec50514a8473e9f6efa7a34d584d0657538c09988f61b72d38ad4991a10,development,dev-synthetic-random,9e4d8d3305ce218314fdc3746942be9b9f0df4e3f1673227fcd510319189dbdc,1,mathsvg,fast-ablation-no-whole-block-functions-v1,132b5a7df0265df37685fc601c1e0b6bd4ece5c907efc1a75f3a698f2ec4cbe7,81128211b782e3a4331d1c5fcd6db21eecf78dc823faab718e7ebe3f2ceeeee8,complete,deb7b660ce7575981cd7bc749fbec6d9d6b62e2c9a725ba1c8e9c79e304a087a,6187dab32cd7b6291d96c54425a22915a6eeb39add6d95ee9008e1dbba427131,complete,confirmed,confirmed,confirmed,confirmed,fail,false,size worse by 488 (0.744629%); compression worse by 157213465.5 (1750.41%); decompression worse by 8330662.5 (93.4949%); memory worse by 2791424 (134.817%)
xz-9e,xz-9e,fast,development,datasets/synthetic/random/s0000065536_n000p000_seed1297748005.bin,65536,65600,66024,215927407,166195010.5,8971676.5,17240946.5,68857856,4861952,false,true,false,true,2,confirmed,true,true,1,file,development-pilot-v2-retry,local-x86-64,x86_64,36f84685dc00064dae9a239face7e8eff797ed28,b1d7dba75560d44d8e234e4205e09487f93678fb8688cac6a0905486c969c2ca,1297748005,gnu-time-v1-monotonic-wall,3b11dec50514a8473e9f6efa7a34d584d0657538c09988f61b72d38ad4991a10,development,dev-synthetic-random,9e4d8d3305ce218314fdc3746942be9b9f0df4e3f1673227fcd510319189dbdc,1,mathsvg,fast-ablation-no-whole-block-functions-v1,132b5a7df0265df37685fc601c1e0b6bd4ece5c907efc1a75f3a698f2ec4cbe7,81128211b782e3a4331d1c5fcd6db21eecf78dc823faab718e7ebe3f2ceeeee8,complete,1bd3a8a1a914bf55087f30b641adcacaac8d04f2cc5a9c21f3668bf2f6727da6,b5b163eb273291934556377ab883b4b2a5d4da50bd0dc0a91774ecc234ccd8d0,complete,confirmed,confirmed,confirmed,confirmed,fail,false,size worse by 424 (0.646341%); decompression worse by 8269270 (92.1708%)
zstd-default,zstd-default,fast,development,datasets/synthetic/random/s0000065536_n000p000_seed1297748005.bin,65536,65550,66024,9090490,166195010.5,9461990,17240946.5,3106816,4861952,false,false,false,false,0,confirmed,true,true,1,file,development-pilot-v2-retry,local-x86-64,x86_64,36f84685dc00064dae9a239face7e8eff797ed28,b1d7dba75560d44d8e234e4205e09487f93678fb8688cac6a0905486c969c2ca,1297748005,gnu-time-v1-monotonic-wall,3b11dec50514a8473e9f6efa7a34d584d0657538c09988f61b72d38ad4991a10,development,dev-synthetic-random,9e4d8d3305ce218314fdc3746942be9b9f0df4e3f1673227fcd510319189dbdc,1,mathsvg,fast-ablation-no-whole-block-functions-v1,132b5a7df0265df37685fc601c1e0b6bd4ece5c907efc1a75f3a698f2ec4cbe7,81128211b782e3a4331d1c5fcd6db21eecf78dc823faab718e7ebe3f2ceeeee8,complete,8afdee0e1fe04f0a9c92a00ebbd438b50004de9dcdf47ce697a89ac0bdae40a5,7c5468b370f7c47eda07281e3437fafc568f95d10420051e3aa522709f9342c5,complete,confirmed,confirmed,confirmed,confirmed,fail,false,size worse by 474 (0.723112%); compression worse by 157104520.5 (1728.23%); decompression worse by 7778956.5 (82.2127%); memory worse by 1755136 (56.4931%)
gzip-6,gzip-6,fast,development,datasets/synthetic/random/s0000065536_n000p000_seed1297748005.bin,65536,65564,66024,8995587,166957745.5,8752235,17201290.5,1822720,4923392,false,false,false,false,0,confirmed,true,true,1,file,development-pilot-v2-retry,local-x86-64,x86_64,36f84685dc00064dae9a239face7e8eff797ed28,b1d7dba75560d44d8e234e4205e09487f93678fb8688cac6a0905486c969c2ca,1297748005,gnu-time-v1-monotonic-wall,3b11dec50514a8473e9f6efa7a34d584d0657538c09988f61b72d38ad4991a10,development,dev-synthetic-random,9e4d8d3305ce218314fdc3746942be9b9f0df4e3f1673227fcd510319189dbdc,1,mathsvg,fast-v1,dbdf165176991179ee1260cc32982768b62a646f6143c7cf178d1c08ffab9184,81128211b782e3a4331d1c5fcd6db21eecf78dc823faab718e7ebe3f2ceeeee8,complete,bf920ab8461c6c60c8cc32db3d853f55655e60793cf7f64068847ad56c2b2e67,afea077ce127d4fa9ad410d3066ba2b54dea19c0b44f04adf56c72d5f7b7a9bb,complete,confirmed,confirmed,confirmed,confirmed,fail,false,size worse by 460 (0.701605%); compression worse by 157962158.5 (1756%); decompression worse by 8449055.5 (96.536%); memory worse by 3100672 (170.112%)
lz4,lz4,fast,development,datasets/synthetic/random/s0000065536_n000p000_seed1297748005.bin,65536,65555,66024,8862983.5,166957745.5,8929111,17201290.5,1740800,4923392,false,false,false,false,0,confirmed,true,true,1,file,development-pilot-v2-retry,local-x86-64,x86_64,36f84685dc00064dae9a239face7e8eff797ed28,b1d7dba75560d44d8e234e4205e09487f93678fb8688cac6a0905486c969c2ca,1297748005,gnu-time-v1-monotonic-wall,3b11dec50514a8473e9f6efa7a34d584d0657538c09988f61b72d38ad4991a10,development,dev-synthetic-random,9e4d8d3305ce218314fdc3746942be9b9f0df4e3f1673227fcd510319189dbdc,1,mathsvg,fast-v1,dbdf165176991179ee1260cc32982768b62a646f6143c7cf178d1c08ffab9184,81128211b782e3a4331d1c5fcd6db21eecf78dc823faab718e7ebe3f2ceeeee8,complete,56c1b7390551d55bb056da7122b41ac3f7e4459570e4627ac278f7c91d669491,87c0d5d060fd36c685b98a38611b7bd6c4614d40b36d29be84edcd6c173f8160,complete,confirmed,confirmed,confirmed,confirmed,fail,false,size worse by 469 (0.71543%); compression worse by 158094762 (1783.76%); decompression worse by 8272179.5 (92.6428%); memory worse by 3182592 (182.824%)
raw,raw,fast,development,datasets/synthetic/random/s0000065536_n000p000_seed1297748005.bin,65536,65536,66024,8981545,166957745.5,8910284,17201290.5,2070528,4923392,false,false,false,false,0,confirmed,true,true,1,file,development-pilot-v2-retry,local-x86-64,x86_64,36f84685dc00064dae9a239face7e8eff797ed28,b1d7dba75560d44d8e234e4205e09487f93678fb8688cac6a0905486c969c2ca,1297748005,gnu-time-v1-monotonic-wall,3b11dec50514a8473e9f6efa7a34d584d0657538c09988f61b72d38ad4991a10,development,dev-synthetic-random,9e4d8d3305ce218314fdc3746942be9b9f0df4e3f1673227fcd510319189dbdc,1,mathsvg,fast-v1,dbdf165176991179ee1260cc32982768b62a646f6143c7cf178d1c08ffab9184,81128211b782e3a4331d1c5fcd6db21eecf78dc823faab718e7ebe3f2ceeeee8,complete,deb7b660ce7575981cd7bc749fbec6d9d6b62e2c9a725ba1c8e9c79e304a087a,6187dab32cd7b6291d96c54425a22915a6eeb39add6d95ee9008e1dbba427131,complete,confirmed,confirmed,confirmed,confirmed,fail,false,size worse by 488 (0.744629%); compression worse by 157976200.5 (1758.9%); decompression worse by 8291006.5 (93.0499%); memory worse by 2852864 (137.784%)
xz-9e,xz-9e,fast,development,datasets/synthetic/random/s0000065536_n000p000_seed1297748005.bin,65536,65600,66024,215927407,166957745.5,8971676.5,17201290.5,68857856,4923392,false,true,false,true,2,confirmed,true,true,1,file,development-pilot-v2-retry,local-x86-64,x86_64,36f84685dc00064dae9a239face7e8eff797ed28,b1d7dba75560d44d8e234e4205e09487f93678fb8688cac6a0905486c969c2ca,1297748005,gnu-time-v1-monotonic-wall,3b11dec50514a8473e9f6efa7a34d584d0657538c09988f61b72d38ad4991a10,development,dev-synthetic-random,9e4d8d3305ce218314fdc3746942be9b9f0df4e3f1673227fcd510319189dbdc,1,mathsvg,fast-v1,dbdf165176991179ee1260cc32982768b62a646f6143c7cf178d1c08ffab9184,81128211b782e3a4331d1c5fcd6db21eecf78dc823faab718e7ebe3f2ceeeee8,complete,1bd3a8a1a914bf55087f30b641adcacaac8d04f2cc5a9c21f3668bf2f6727da6,b5b163eb273291934556377ab883b4b2a5d4da50bd0dc0a91774ecc234ccd8d0,complete,confirmed,confirmed,confirmed,confirmed,fail,false,size worse by 424 (0.646341%); decompression worse by 8229614 (91.7288%)
zstd-default,zstd-default,fast,development,datasets/synthetic/random/s0000065536_n000p000_seed1297748005.bin,65536,65550,66024,9090490,166957745.5,9461990,17201290.5,3106816,4923392,false,false,false,false,0,confirmed,true,true,1,file,development-pilot-v2-retry,local-x86-64,x86_64,36f84685dc00064dae9a239face7e8eff797ed28,b1d7dba75560d44d8e234e4205e09487f93678fb8688cac6a0905486c969c2ca,1297748005,gnu-time-v1-monotonic-wall,3b11dec50514a8473e9f6efa7a34d584d0657538c09988f61b72d38ad4991a10,development,dev-synthetic-random,9e4d8d3305ce218314fdc3746942be9b9f0df4e3f1673227fcd510319189dbdc,1,mathsvg,fast-v1,dbdf165176991179ee1260cc32982768b62a646f6143c7cf178d1c08ffab9184,81128211b782e3a4331d1c5fcd6db21eecf78dc823faab718e7ebe3f2ceeeee8,complete,8afdee0e1fe04f0a9c92a00ebbd438b50004de9dcdf47ce697a89ac0bdae40a5,7c5468b370f7c47eda07281e3437fafc568f95d10420051e3aa522709f9342c5,complete,confirmed,confirmed,confirmed,confirmed,fail,false,size worse by 474 (0.723112%); compression worse by 157867255.5 (1736.62%); decompression worse by 7739300.5 (81.7936%); memory worse by 1816576 (58.4707%)
gzip-6,gzip-6,balanced,development,datasets/synthetic/recurrence/s0000065536_n000p000_seed1297748005.bin,65536,785,882,9312410.5,216105264.5,8919297,10174313,1691648,4431872,false,false,false,false,0,inconclusive,true,true,1,file,development-pilot-v2-retry,local-x86-64,x86_64,36f84685dc00064dae9a239face7e8eff797ed28,b1d7dba75560d44d8e234e4205e09487f93678fb8688cac6a0905486c969c2ca,1297748005,gnu-time-v1-monotonic-wall,3b11dec50514a8473e9f6efa7a34d584d0657538c09988f61b72d38ad4991a10,development,dev-synthetic-recurrence,8d5944aabf5526f28b79d4b3841ec21dbd86daac0caa96729fec8838039fdd69,1,mathsvg,balanced-ablation-no-whole-block-functions-v1,710840e9131cf094172098c985e2b371da66d184263016d59a71a97c9294a733,81128211b782e3a4331d1c5fcd6db21eecf78dc823faab718e7ebe3f2ceeeee8,complete,bf920ab8461c6c60c8cc32db3d853f55655e60793cf7f64068847ad56c2b2e67,afea077ce127d4fa9ad410d3066ba2b54dea19c0b44f04adf56c72d5f7b7a9bb,complete,confirmed,confirmed,inconclusive,confirmed,inconclusive,false,size worse by 97 (12.3567%); compression worse by 206792854 (2220.62%); decompression confidence is inconclusive; decompression point estimate worse by 1255016 (14.0708%); memory worse by 2740224 (161.985%)
lz4,lz4,balanced,development,datasets/synthetic/recurrence/s0000065536_n000p000_seed1297748005.bin,65536,670,882,8857262,216105264.5,8912396.5,10174313,1740800,4431872,false,false,false,false,0,inconclusive,true,true,1,file,development-pilot-v2-retry,local-x86-64,x86_64,36f84685dc00064dae9a239face7e8eff797ed28,b1d7dba75560d44d8e234e4205e09487f93678fb8688cac6a0905486c969c2ca,1297748005,gnu-time-v1-monotonic-wall,3b11dec50514a8473e9f6efa7a34d584d0657538c09988f61b72d38ad4991a10,development,dev-synthetic-recurrence,8d5944aabf5526f28b79d4b3841ec21dbd86daac0caa96729fec8838039fdd69,1,mathsvg,balanced-ablation-no-whole-block-functions-v1,710840e9131cf094172098c985e2b371da66d184263016d59a71a97c9294a733,81128211b782e3a4331d1c5fcd6db21eecf78dc823faab718e7ebe3f2ceeeee8,complete,56c1b7390551d55bb056da7122b41ac3f7e4459570e4627ac278f7c91d669491,87c0d5d060fd36c685b98a38611b7bd6c4614d40b36d29be84edcd6c173f8160,complete,confirmed,confirmed,inconclusive,confirmed,inconclusive,false,size worse by 212 (31.6418%); compression worse by 207248002.5 (2339.87%); decompression confidence is inconclusive; decompression point estimate worse by 1261916.5 (14.1591%); memory worse by 2691072 (154.588%)
raw,raw,balanced,development,datasets/synthetic/recurrence/s0000065536_n000p000_seed1297748005.bin,65536,65536,882,8867465,216105264.5,8914807.5,10174313,2086912,4431872,true,false,false,false,1,inconclusive,true,true,1,file,development-pilot-v2-retry,local-x86-64,x86_64,36f84685dc00064dae9a239face7e8eff797ed28,b1d7dba75560d44d8e234e4205e09487f93678fb8688cac6a0905486c969c2ca,1297748005,gnu-time-v1-monotonic-wall,3b11dec50514a8473e9f6efa7a34d584d0657538c09988f61b72d38ad4991a10,development,dev-synthetic-recurrence,8d5944aabf5526f28b79d4b3841ec21dbd86daac0caa96729fec8838039fdd69,1,mathsvg,balanced-ablation-no-whole-block-functions-v1,710840e9131cf094172098c985e2b371da66d184263016d59a71a97c9294a733,81128211b782e3a4331d1c5fcd6db21eecf78dc823faab718e7ebe3f2ceeeee8,complete,deb7b660ce7575981cd7bc749fbec6d9d6b62e2c9a725ba1c8e9c79e304a087a,6187dab32cd7b6291d96c54425a22915a6eeb39add6d95ee9008e1dbba427131,complete,confirmed,confirmed,inconclusive,confirmed,inconclusive,false,compression worse by 207237799.5 (2337.06%); decompression confidence is inconclusive; decompression point estimate worse by 1259505.5 (14.1282%); memory worse by 2344960 (112.365%)
xz-9e,xz-9e,balanced,development,datasets/synthetic/recurrence/s0000065536_n000p000_seed1297748005.bin,65536,544,882,17087613,216105264.5,8880020.5,10174313,4503552,4431872,false,false,false,true,1,inconclusive,true,true,1,file,development-pilot-v2-retry,local-x86-64,x86_64,36f84685dc00064dae9a239face7e8eff797ed28,b1d7dba75560d44d8e234e4205e09487f93678fb8688cac6a0905486c969c2ca,1297748005,gnu-time-v1-monotonic-wall,3b11dec50514a8473e9f6efa7a34d584d0657538c09988f61b72d38ad4991a10,development,dev-synthetic-recurrence,8d5944aabf5526f28b79d4b3841ec21dbd86daac0caa96729fec8838039fdd69,1,mathsvg,balanced-ablation-no-whole-block-functions-v1,710840e9131cf094172098c985e2b371da66d184263016d59a71a97c9294a733,81128211b782e3a4331d1c5fcd6db21eecf78dc823faab718e7ebe3f2ceeeee8,complete,1bd3a8a1a914bf55087f30b641adcacaac8d04f2cc5a9c21f3668bf2f6727da6,b5b163eb273291934556377ab883b4b2a5d4da50bd0dc0a91774ecc234ccd8d0,complete,confirmed,confirmed,inconclusive,confirmed,inconclusive,false,size worse by 338 (62.1324%); compression worse by 199017651.5 (1164.69%); decompression confidence is inconclusive; decompression point estimate worse by 1294292.5 (14.5753%)
zstd-default,zstd-default,balanced,development,datasets/synthetic/recurrence/s0000065536_n000p000_seed1297748005.bin,65536,409,882,8916208,216105264.5,8851851.5,10174313,2951168,4431872,false,false,false,false,0,inconclusive,true,true,1,file,development-pilot-v2-retry,local-x86-64,x86_64,36f84685dc00064dae9a239face7e8eff797ed28,b1d7dba75560d44d8e234e4205e09487f93678fb8688cac6a0905486c969c2ca,1297748005,gnu-time-v1-monotonic-wall,3b11dec50514a8473e9f6efa7a34d584d0657538c09988f61b72d38ad4991a10,development,dev-synthetic-recurrence,8d5944aabf5526f28b79d4b3841ec21dbd86daac0caa96729fec8838039fdd69,1,mathsvg,balanced-ablation-no-whole-block-functions-v1,710840e9131cf094172098c985e2b371da66d184263016d59a71a97c9294a733,81128211b782e3a4331d1c5fcd6db21eecf78dc823faab718e7ebe3f2ceeeee8,complete,8afdee0e1fe04f0a9c92a00ebbd438b50004de9dcdf47ce697a89ac0bdae40a5,7c5468b370f7c47eda07281e3437fafc568f95d10420051e3aa522709f9342c5,complete,confirmed,confirmed,inconclusive,confirmed,inconclusive,false,size worse by 473 (115.648%); compression worse by 207189056.5 (2323.74%); decompression confidence is inconclusive; decompression point estimate worse by 1322461.5 (14.9399%); memory worse by 1480704 (50.1735%)
gzip-6,gzip-6,balanced,development,datasets/synthetic/recurrence/s0000065536_n000p000_seed1297748005.bin,65536,785,882,9312410.5,216704290.5,8919297,9653599,1691648,4472832,false,false,false,false,0,inconclusive,true,true,1,file,development-pilot-v2-retry,local-x86-64,x86_64,36f84685dc00064dae9a239face7e8eff797ed28,b1d7dba75560d44d8e234e4205e09487f93678fb8688cac6a0905486c969c2ca,1297748005,gnu-time-v1-monotonic-wall,3b11dec50514a8473e9f6efa7a34d584d0657538c09988f61b72d38ad4991a10,development,dev-synthetic-recurrence,8d5944aabf5526f28b79d4b3841ec21dbd86daac0caa96729fec8838039fdd69,1,mathsvg,balanced-v1,b8b432a44db4d5e59ca81df6eaa329ee2a47590fff0448de7f7401ea9595e925,81128211b782e3a4331d1c5fcd6db21eecf78dc823faab718e7ebe3f2ceeeee8,complete,bf920ab8461c6c60c8cc32db3d853f55655e60793cf7f64068847ad56c2b2e67,afea077ce127d4fa9ad410d3066ba2b54dea19c0b44f04adf56c72d5f7b7a9bb,complete,confirmed,confirmed,inconclusive,confirmed,inconclusive,false,size worse by 97 (12.3567%); compression worse by 207391880 (2227.05%); decompression confidence is inconclusive; decompression point estimate worse by 734302 (8.23273%); memory worse by 2781184 (164.407%)
lz4,lz4,balanced,development,datasets/synthetic/recurrence/s0000065536_n000p000_seed1297748005.bin,65536,670,882,8857262,216704290.5,8912396.5,9653599,1740800,4472832,false,false,false,false,0,inconclusive,true,true,1,file,development-pilot-v2-retry,local-x86-64,x86_64,36f84685dc00064dae9a239face7e8eff797ed28,b1d7dba75560d44d8e234e4205e09487f93678fb8688cac6a0905486c969c2ca,1297748005,gnu-time-v1-monotonic-wall,3b11dec50514a8473e9f6efa7a34d584d0657538c09988f61b72d38ad4991a10,development,dev-synthetic-recurrence,8d5944aabf5526f28b79d4b3841ec21dbd86daac0caa96729fec8838039fdd69,1,mathsvg,balanced-v1,b8b432a44db4d5e59ca81df6eaa329ee2a47590fff0448de7f7401ea9595e925,81128211b782e3a4331d1c5fcd6db21eecf78dc823faab718e7ebe3f2ceeeee8,complete,56c1b7390551d55bb056da7122b41ac3f7e4459570e4627ac278f7c91d669491,87c0d5d060fd36c685b98a38611b7bd6c4614d40b36d29be84edcd6c173f8160,complete,confirmed,confirmed,inconclusive,confirmed,inconclusive,false,size worse by 212 (31.6418%); compression worse by 207847028.5 (2346.63%); decompression confidence is inconclusive; decompression point estimate worse by 741202.5 (8.31653%); memory worse by 2732032 (156.941%)
raw,raw,balanced,development,datasets/synthetic/recurrence/s0000065536_n000p000_seed1297748005.bin,65536,65536,882,8867465,216704290.5,8914807.5,9653599,2086912,4472832,true,false,false,false,1,inconclusive,true,true,1,file,development-pilot-v2-retry,local-x86-64,x86_64,36f84685dc00064dae9a239face7e8eff797ed28,b1d7dba75560d44d8e234e4205e09487f93678fb8688cac6a0905486c969c2ca,1297748005,gnu-time-v1-monotonic-wall,3b11dec50514a8473e9f6efa7a34d584d0657538c09988f61b72d38ad4991a10,development,dev-synthetic-recurrence,8d5944aabf5526f28b79d4b3841ec21dbd86daac0caa96729fec8838039fdd69,1,mathsvg,balanced-v1,b8b432a44db4d5e59ca81df6eaa329ee2a47590fff0448de7f7401ea9595e925,81128211b782e3a4331d1c5fcd6db21eecf78dc823faab718e7ebe3f2ceeeee8,complete,deb7b660ce7575981cd7bc749fbec6d9d6b62e2c9a725ba1c8e9c79e304a087a,6187dab32cd7b6291d96c54425a22915a6eeb39add6d95ee9008e1dbba427131,complete,confirmed,confirmed,inconclusive,confirmed,inconclusive,false,compression worse by 207836825.5 (2343.81%); decompression confidence is inconclusive; decompression point estimate worse by 738791.5 (8.28724%); memory worse by 2385920 (114.328%)
xz-9e,xz-9e,balanced,development,datasets/synthetic/recurrence/s0000065536_n000p000_seed1297748005.bin,65536,544,882,17087613,216704290.5,8880020.5,9653599,4503552,4472832,false,false,false,true,1,inconclusive,true,true,1,file,development-pilot-v2-retry,local-x86-64,x86_64,36f84685dc00064dae9a239face7e8eff797ed28,b1d7dba75560d44d8e234e4205e09487f93678fb8688cac6a0905486c969c2ca,1297748005,gnu-time-v1-monotonic-wall,3b11dec50514a8473e9f6efa7a34d584d0657538c09988f61b72d38ad4991a10,development,dev-synthetic-recurrence,8d5944aabf5526f28b79d4b3841ec21dbd86daac0caa96729fec8838039fdd69,1,mathsvg,balanced-v1,b8b432a44db4d5e59ca81df6eaa329ee2a47590fff0448de7f7401ea9595e925,81128211b782e3a4331d1c5fcd6db21eecf78dc823faab718e7ebe3f2ceeeee8,complete,1bd3a8a1a914bf55087f30b641adcacaac8d04f2cc5a9c21f3668bf2f6727da6,b5b163eb273291934556377ab883b4b2a5d4da50bd0dc0a91774ecc234ccd8d0,complete,confirmed,confirmed,inconclusive,inconclusive,inconclusive,false,size worse by 338 (62.1324%); compression worse by 199616677.5 (1168.2%); decompression confidence is inconclusive; decompression point estimate worse by 773578.5 (8.71145%); memory confidence is inconclusive
zstd-default,zstd-default,balanced,development,datasets/synthetic/recurrence/s0000065536_n000p000_seed1297748005.bin,65536,409,882,8916208,216704290.5,8851851.5,9653599,2951168,4472832,false,false,false,false,0,inconclusive,true,true,1,file,development-pilot-v2-retry,local-x86-64,x86_64,36f84685dc00064dae9a239face7e8eff797ed28,b1d7dba75560d44d8e234e4205e09487f93678fb8688cac6a0905486c969c2ca,1297748005,gnu-time-v1-monotonic-wall,3b11dec50514a8473e9f6efa7a34d584d0657538c09988f61b72d38ad4991a10,development,dev-synthetic-recurrence,8d5944aabf5526f28b79d4b3841ec21dbd86daac0caa96729fec8838039fdd69,1,mathsvg,balanced-v1,b8b432a44db4d5e59ca81df6eaa329ee2a47590fff0448de7f7401ea9595e925,81128211b782e3a4331d1c5fcd6db21eecf78dc823faab718e7ebe3f2ceeeee8,complete,8afdee0e1fe04f0a9c92a00ebbd438b50004de9dcdf47ce697a89ac0bdae40a5,7c5468b370f7c47eda07281e3437fafc568f95d10420051e3aa522709f9342c5,complete,confirmed,confirmed,inconclusive,confirmed,inconclusive,false,size worse by 473 (115.648%); compression worse by 207788082.5 (2330.45%); decompression confidence is inconclusive; decompression point estimate worse by 801747.5 (9.0574%); memory worse by 1521664 (51.5614%)
gzip-6,gzip-6,fast,development,datasets/synthetic/recurrence/s0000065536_n000p000_seed1297748005.bin,65536,785,882,9312410.5,167017362.5,8919297,9024266,1691648,5187584,false,false,false,false,0,inconclusive,true,true,1,file,development-pilot-v2-retry,local-x86-64,x86_64,36f84685dc00064dae9a239face7e8eff797ed28,b1d7dba75560d44d8e234e4205e09487f93678fb8688cac6a0905486c969c2ca,1297748005,gnu-time-v1-monotonic-wall,3b11dec50514a8473e9f6efa7a34d584d0657538c09988f61b72d38ad4991a10,development,dev-synthetic-recurrence,8d5944aabf5526f28b79d4b3841ec21dbd86daac0caa96729fec8838039fdd69,1,mathsvg,fast-ablation-no-coordinate-v1,d7ca26461dd4e013ff9ba35010b5f6f5433079b6b0745758edbcdcc2eebf07cb,81128211b782e3a4331d1c5fcd6db21eecf78dc823faab718e7ebe3f2ceeeee8,complete,bf920ab8461c6c60c8cc32db3d853f55655e60793cf7f64068847ad56c2b2e67,afea077ce127d4fa9ad410d3066ba2b54dea19c0b44f04adf56c72d5f7b7a9bb,complete,confirmed,confirmed,inconclusive,confirmed,inconclusive,false,size worse by 97 (12.3567%); compression worse by 157704952 (1693.49%); decompression confidence is inconclusive; decompression point estimate worse by 104969 (1.17688%); memory worse by 3495936 (206.659%)
lz4,lz4,fast,development,datasets/synthetic/recurrence/s0000065536_n000p000_seed1297748005.bin,65536,670,882,8857262,167017362.5,8912396.5,9024266,1740800,5187584,false,false,false,false,0,inconclusive,true,true,1,file,development-pilot-v2-retry,local-x86-64,x86_64,36f84685dc00064dae9a239face7e8eff797ed28,b1d7dba75560d44d8e234e4205e09487f93678fb8688cac6a0905486c969c2ca,1297748005,gnu-time-v1-monotonic-wall,3b11dec50514a8473e9f6efa7a34d584d0657538c09988f61b72d38ad4991a10,development,dev-synthetic-recurrence,8d5944aabf5526f28b79d4b3841ec21dbd86daac0caa96729fec8838039fdd69,1,mathsvg,fast-ablation-no-coordinate-v1,d7ca26461dd4e013ff9ba35010b5f6f5433079b6b0745758edbcdcc2eebf07cb,81128211b782e3a4331d1c5fcd6db21eecf78dc823faab718e7ebe3f2ceeeee8,complete,56c1b7390551d55bb056da7122b41ac3f7e4459570e4627ac278f7c91d669491,87c0d5d060fd36c685b98a38611b7bd6c4614d40b36d29be84edcd6c173f8160,complete,confirmed,confirmed,inconclusive,confirmed,inconclusive,false,size worse by 212 (31.6418%); compression worse by 158160100.5 (1785.65%); decompression confidence is inconclusive; decompression point estimate worse by 111869.5 (1.25521%); memory worse by 3446784 (198%)
raw,raw,fast,development,datasets/synthetic/recurrence/s0000065536_n000p000_seed1297748005.bin,65536,65536,882,8867465,167017362.5,8914807.5,9024266,2086912,5187584,true,false,false,false,1,inconclusive,true,true,1,file,development-pilot-v2-retry,local-x86-64,x86_64,36f84685dc00064dae9a239face7e8eff797ed28,b1d7dba75560d44d8e234e4205e09487f93678fb8688cac6a0905486c969c2ca,1297748005,gnu-time-v1-monotonic-wall,3b11dec50514a8473e9f6efa7a34d584d0657538c09988f61b72d38ad4991a10,development,dev-synthetic-recurrence,8d5944aabf5526f28b79d4b3841ec21dbd86daac0caa96729fec8838039fdd69,1,mathsvg,fast-ablation-no-coordinate-v1,d7ca26461dd4e013ff9ba35010b5f6f5433079b6b0745758edbcdcc2eebf07cb,81128211b782e3a4331d1c5fcd6db21eecf78dc823faab718e7ebe3f2ceeeee8,complete,deb7b660ce7575981cd7bc749fbec6d9d6b62e2c9a725ba1c8e9c79e304a087a,6187dab32cd7b6291d96c54425a22915a6eeb39add6d95ee9008e1dbba427131,complete,confirmed,confirmed,inconclusive,confirmed,inconclusive,false,compression worse by 158149897.5 (1783.48%); decompression confidence is inconclusive; decompression point estimate worse by 109458.5 (1.22783%); memory worse by 3100672 (148.577%)
xz-9e,xz-9e,fast,development,datasets/synthetic/recurrence/s0000065536_n000p000_seed1297748005.bin,65536,544,882,17087613,167017362.5,8880020.5,9024266,4503552,5187584,false,false,false,false,0,inconclusive,true,true,1,file,development-pilot-v2-retry,local-x86-64,x86_64,36f84685dc00064dae9a239face7e8eff797ed28,b1d7dba75560d44d8e234e4205e09487f93678fb8688cac6a0905486c969c2ca,1297748005,gnu-time-v1-monotonic-wall,3b11dec50514a8473e9f6efa7a34d584d0657538c09988f61b72d38ad4991a10,development,dev-synthetic-recurrence,8d5944aabf5526f28b79d4b3841ec21dbd86daac0caa96729fec8838039fdd69,1,mathsvg,fast-ablation-no-coordinate-v1,d7ca26461dd4e013ff9ba35010b5f6f5433079b6b0745758edbcdcc2eebf07cb,81128211b782e3a4331d1c5fcd6db21eecf78dc823faab718e7ebe3f2ceeeee8,complete,1bd3a8a1a914bf55087f30b641adcacaac8d04f2cc5a9c21f3668bf2f6727da6,b5b163eb273291934556377ab883b4b2a5d4da50bd0dc0a91774ecc234ccd8d0,complete,confirmed,confirmed,inconclusive,confirmed,inconclusive,false,size worse by 338 (62.1324%); compression worse by 149929749.5 (877.418%); decompression confidence is inconclusive; decompression point estimate worse by 144245.5 (1.62438%); memory worse by 684032 (15.1887%)
zstd-default,zstd-default,fast,development,datasets/synthetic/recurrence/s0000065536_n000p000_seed1297748005.bin,65536,409,882,8916208,167017362.5,8851851.5,9024266,2951168,5187584,false,false,false,false,0,inconclusive,true,true,1,file,development-pilot-v2-retry,local-x86-64,x86_64,36f84685dc00064dae9a239face7e8eff797ed28,b1d7dba75560d44d8e234e4205e09487f93678fb8688cac6a0905486c969c2ca,1297748005,gnu-time-v1-monotonic-wall,3b11dec50514a8473e9f6efa7a34d584d0657538c09988f61b72d38ad4991a10,development,dev-synthetic-recurrence,8d5944aabf5526f28b79d4b3841ec21dbd86daac0caa96729fec8838039fdd69,1,mathsvg,fast-ablation-no-coordinate-v1,d7ca26461dd4e013ff9ba35010b5f6f5433079b6b0745758edbcdcc2eebf07cb,81128211b782e3a4331d1c5fcd6db21eecf78dc823faab718e7ebe3f2ceeeee8,complete,8afdee0e1fe04f0a9c92a00ebbd438b50004de9dcdf47ce697a89ac0bdae40a5,7c5468b370f7c47eda07281e3437fafc568f95d10420051e3aa522709f9342c5,complete,confirmed,confirmed,inconclusive,confirmed,inconclusive,false,size worse by 473 (115.648%); compression worse by 158101154.5 (1773.19%); decompression confidence is inconclusive; decompression point estimate worse by 172414.5 (1.94778%); memory worse by 2236416 (75.7807%)
gzip-6,gzip-6,fast,development,datasets/synthetic/recurrence/s0000065536_n000p000_seed1297748005.bin,65536,785,882,9312410.5,116930302.5,8919297,10440480,1691648,4726784,false,false,false,false,0,inconclusive,true,true,1,file,development-pilot-v2-retry,local-x86-64,x86_64,36f84685dc00064dae9a239face7e8eff797ed28,b1d7dba75560d44d8e234e4205e09487f93678fb8688cac6a0905486c969c2ca,1297748005,gnu-time-v1-monotonic-wall,3b11dec50514a8473e9f6efa7a34d584d0657538c09988f61b72d38ad4991a10,development,dev-synthetic-recurrence,8d5944aabf5526f28b79d4b3841ec21dbd86daac0caa96729fec8838039fdd69,1,mathsvg,fast-v1,dbdf165176991179ee1260cc32982768b62a646f6143c7cf178d1c08ffab9184,81128211b782e3a4331d1c5fcd6db21eecf78dc823faab718e7ebe3f2ceeeee8,complete,bf920ab8461c6c60c8cc32db3d853f55655e60793cf7f64068847ad56c2b2e67,afea077ce127d4fa9ad410d3066ba2b54dea19c0b44f04adf56c72d5f7b7a9bb,complete,confirmed,confirmed,inconclusive,confirmed,inconclusive,false,size worse by 97 (12.3567%); compression worse by 107617892 (1155.64%); decompression confidence is inconclusive; decompression point estimate worse by 1521183 (17.055%); memory worse by 3035136 (179.419%)
lz4,lz4,fast,development,datasets/synthetic/recurrence/s0000065536_n000p000_seed1297748005.bin,65536,670,882,8857262,116930302.5,8912396.5,10440480,1740800,4726784,false,false,false,false,0,inconclusive,true,true,1,file,development-pilot-v2-retry,local-x86-64,x86_64,36f84685dc00064dae9a239face7e8eff797ed28,b1d7dba75560d44d8e234e4205e09487f93678fb8688cac6a0905486c969c2ca,1297748005,gnu-time-v1-monotonic-wall,3b11dec50514a8473e9f6efa7a34d584d0657538c09988f61b72d38ad4991a10,development,dev-synthetic-recurrence,8d5944aabf5526f28b79d4b3841ec21dbd86daac0caa96729fec8838039fdd69,1,mathsvg,fast-v1,dbdf165176991179ee1260cc32982768b62a646f6143c7cf178d1c08ffab9184,81128211b782e3a4331d1c5fcd6db21eecf78dc823faab718e7ebe3f2ceeeee8,complete,56c1b7390551d55bb056da7122b41ac3f7e4459570e4627ac278f7c91d669491,87c0d5d060fd36c685b98a38611b7bd6c4614d40b36d29be84edcd6c173f8160,complete,confirmed,confirmed,inconclusive,confirmed,inconclusive,false,size worse by 212 (31.6418%); compression worse by 108073040.5 (1220.16%); decompression confidence is inconclusive; decompression point estimate worse by 1528083.5 (17.1456%); memory worse by 2985984 (171.529%)
raw,raw,fast,development,datasets/synthetic/recurrence/s0000065536_n000p000_seed1297748005.bin,65536,65536,882,8867465,116930302.5,8914807.5,10440480,2086912,4726784,true,false,false,false,1,inconclusive,true,true,1,file,development-pilot-v2-retry,local-x86-64,x86_64,36f84685dc00064dae9a239face7e8eff797ed28,b1d7dba75560d44d8e234e4205e09487f93678fb8688cac6a0905486c969c2ca,1297748005,gnu-time-v1-monotonic-wall,3b11dec50514a8473e9f6efa7a34d584d0657538c09988f61b72d38ad4991a10,development,dev-synthetic-recurrence,8d5944aabf5526f28b79d4b3841ec21dbd86daac0caa96729fec8838039fdd69,1,mathsvg,fast-v1,dbdf165176991179ee1260cc32982768b62a646f6143c7cf178d1c08ffab9184,81128211b782e3a4331d1c5fcd6db21eecf78dc823faab718e7ebe3f2ceeeee8,complete,deb7b660ce7575981cd7bc749fbec6d9d6b62e2c9a725ba1c8e9c79e304a087a,6187dab32cd7b6291d96c54425a22915a6eeb39add6d95ee9008e1dbba427131,complete,confirmed,confirmed,inconclusive,confirmed,inconclusive,false,compression worse by 108062837.5 (1218.64%); decompression confidence is inconclusive; decompression point estimate worse by 1525672.5 (17.1139%); memory worse by 2639872 (126.497%)
xz-9e,xz-9e,fast,development,datasets/synthetic/recurrence/s0000065536_n000p000_seed1297748005.bin,65536,544,882,17087613,116930302.5,8880020.5,10440480,4503552,4726784,false,false,false,false,0,confirmed,true,true,1,file,development-pilot-v2-retry,local-x86-64,x86_64,36f84685dc00064dae9a239face7e8eff797ed28,b1d7dba75560d44d8e234e4205e09487f93678fb8688cac6a0905486c969c2ca,1297748005,gnu-time-v1-monotonic-wall,3b11dec50514a8473e9f6efa7a34d584d0657538c09988f61b72d38ad4991a10,development,dev-synthetic-recurrence,8d5944aabf5526f28b79d4b3841ec21dbd86daac0caa96729fec8838039fdd69,1,mathsvg,fast-v1,dbdf165176991179ee1260cc32982768b62a646f6143c7cf178d1c08ffab9184,81128211b782e3a4331d1c5fcd6db21eecf78dc823faab718e7ebe3f2ceeeee8,complete,1bd3a8a1a914bf55087f30b641adcacaac8d04f2cc5a9c21f3668bf2f6727da6,b5b163eb273291934556377ab883b4b2a5d4da50bd0dc0a91774ecc234ccd8d0,complete,confirmed,confirmed,confirmed,confirmed,fail,false,size worse by 338 (62.1324%); compression worse by 99842689.5 (584.299%); decompression worse by 1560459.5 (17.5727%); memory worse by 223232 (4.9568%)
zstd-default,zstd-default,fast,development,datasets/synthetic/recurrence/s0000065536_n000p000_seed1297748005.bin,65536,409,882,8916208,116930302.5,8851851.5,10440480,2951168,4726784,false,false,false,false,0,inconclusive,true,true,1,file,development-pilot-v2-retry,local-x86-64,x86_64,36f84685dc00064dae9a239face7e8eff797ed28,b1d7dba75560d44d8e234e4205e09487f93678fb8688cac6a0905486c969c2ca,1297748005,gnu-time-v1-monotonic-wall,3b11dec50514a8473e9f6efa7a34d584d0657538c09988f61b72d38ad4991a10,development,dev-synthetic-recurrence,8d5944aabf5526f28b79d4b3841ec21dbd86daac0caa96729fec8838039fdd69,1,mathsvg,fast-v1,dbdf165176991179ee1260cc32982768b62a646f6143c7cf178d1c08ffab9184,81128211b782e3a4331d1c5fcd6db21eecf78dc823faab718e7ebe3f2ceeeee8,complete,8afdee0e1fe04f0a9c92a00ebbd438b50004de9dcdf47ce697a89ac0bdae40a5,7c5468b370f7c47eda07281e3437fafc568f95d10420051e3aa522709f9342c5,complete,confirmed,confirmed,inconclusive,confirmed,inconclusive,false,size worse by 473 (115.648%); compression worse by 108014094.5 (1211.44%); decompression confidence is inconclusive; decompression point estimate worse by 1588628.5 (17.9468%); memory worse by 1775616 (60.1666%)
